R,G,B,R_out,G_out,B_out
0.0,0.0,0.0,0.0,0.0,0.0
0.0,0.0,0.0625,-0.009653437499999999,0.004354562499999999,0.064352
0.0,0.0,0.125,-0.019306874999999998,0.008709124999999998,0.128704
0.0,0.0,0.1875,-0.028960312499999995,0.013063687499999997,0.193056
0.0,0.0,0.25,-0.038613749999999995,0.017418249999999996,0.257408
0.0,0.0,0.3125,-0.048267187499999996,0.021772812499999995,0.32176000000000005
0.0,0.0,0.375,-0.05792062499999999,0.026127374999999994,0.386112
0.0,0.0,0.4375,-0.06757406249999999,0.030481937499999993,0.45046400000000003
0.0,0.0,0.5,-0.07722749999999999,0.03483649999999999,0.514816
0.0,0.0,0.5625,-0.08688093749999999,0.03919106249999999,0.579168
0.0,0.0,0.625,-0.09653437499999999,0.04354562499999999,0.6435200000000001
0.0,0.0,0.6875,-0.10618781249999999,0.04790018749999999,0.7078720000000001
0.0,0.0,0.75,-0.11584124999999998,0.05225474999999999,0.772224
0.0,0.0,0.8125,-0.12549468749999998,0.05660931249999999,0.8365760000000001
0.0,0.0,0.875,-0.13514812499999998,0.06096387499999999,0.9009280000000001
0.0,0.0,0.9375,-0.14480156249999998,0.06531843749999999,0.9652800000000001
0.0,0.0,1.0,-0.15445499999999998,0.06967299999999998,1.029632
0.0,0.0625,0.0,0.048062812499999996,0.051862625,-0.0013868749999999997
0.0,0.0625,0.0625,0.038409374999999996,0.0562171875,0.06296512500000001
0.0,0.0625,0.125,0.0287559375,0.06057175,0.127317125
0.0,0.0625,0.1875,0.0191025,0.0649263125,0.191669125
0.0,0.0625,0.25,0.0094490625,0.06928087499999999,0.256021125
0.0,0.0625,0.3125,-0.0002043749999999997,0.0736354375,0.32037312500000004
0.0,0.0625,0.375,-0.009857812499999993,0.07799,0.384725125
0.0,0.0625,0.4375,-0.019511249999999994,0.0823445625,0.449077125
0.0,0.0625,0.5,-0.029164687499999994,0.08669912499999999,0.513429125
0.0,0.0625,0.5625,-0.038818124999999995,0.0910536875,0.577781125
0.0,0.0625,0.625,-0.048471562499999996,0.09540825,0.6421331250000001
0.0,0.0625,0.6875,-0.058124999999999996,0.09976281249999999,0.706485125
0.0,0.0625,0.75,-0.06777843749999998,0.10411737499999998,0.770837125
0.0,0.0625,0.8125,-0.07743187499999998,0.10847193749999999,0.8351891250000001
0.0,0.0625,0.875,-0.08708531249999998,0.1128265,0.899541125
0.0,0.0625,0.9375,-0.09673874999999998,0.11718106249999999,0.9638931250000001
0.0,0.0625,1.0,-0.10639218749999999,0.12153562499999998,1.0282451250000002
0.0,0.125,0.0,0.09612562499999999,0.10372525,-0.0027737499999999993
0.0,0.125,0.0625,0.08647218749999999,0.10807981250000001,0.06157825000000001
0.0,0.125,0.125,0.07681874999999999,0.112434375,0.12593025000000002
0.0,0.125,0.1875,0.06716531249999999,0.1167889375,0.19028225000000001
0.0,0.125,0.25,0.057511875,0.1211435,0.25463425
0.0,0.125,0.3125,0.047858437499999996,0.1254980625,0.31898625
0.0,0.125,0.375,0.038205,0.129852625,0.38333825
0.0,0.125,0.4375,0.028551562500000002,0.1342071875,0.44769025
0.0,0.125,0.5,0.018898125,0.13856174999999998,0.51204225
0.0,0.125,0.5625,0.009244687500000001,0.1429163125,0.57639425
0.0,0.125,0.625,-0.0004087499999999994,0.147270875,0.6407462500000001
0.0,0.125,0.6875,-0.0100621875,0.1516254375,0.70509825
0.0,0.125,0.75,-0.019715624999999987,0.15598,0.76945025
0.0,0.125,0.8125,-0.029369062499999987,0.1603345625,0.8338022500000001
0.0,0.125,0.875,-0.03902249999999999,0.164689125,0.89815425
0.0,0.125,0.9375,-0.04867593749999999,0.16904368749999998,0.9625062500000001
0.0,0.125,1.0,-0.05832937499999999,0.17339824999999998,1.02685825
0.0,0.1875,0.0,0.1441884375,0.15558787500000001,-0.004160624999999999
0.0,0.1875,0.0625,0.134535,0.1599424375,0.060191375000000005
0.0,0.1875,0.125,0.12488156249999999,0.16429700000000003,0.12454337500000001
0.0,0.1875,0.1875,0.11522812499999999,0.16865156250000002,0.188895375
0.0,0.1875,0.25,0.10557468749999999,0.173006125,0.25324737500000005
0.0,0.1875,0.3125,0.09592124999999999,0.1773606875,0.3175993750000001
0.0,0.1875,0.375,0.0862678125,0.18171525,0.38195137500000004
0.0,0.1875,0.4375,0.076614375,0.18606981250000001,0.44630337500000006
0.0,0.1875,0.5,0.0669609375,0.190424375,0.510655375
0.0,0.1875,0.5625,0.0573075,0.1947789375,0.575007375
0.0,0.1875,0.625,0.0476540625,0.19913350000000002,0.6393593750000001
0.0,0.1875,0.6875,0.038000624999999996,0.2034880625,0.703711375
0.0,0.1875,0.75,0.02834718750000001,0.207842625,0.768063375
0.0,0.1875,0.8125,0.01869375000000001,0.2121971875,0.8324153750000001
0.0,0.1875,0.875,0.009040312500000008,0.21655175,0.896767375
0.0,0.1875,0.9375,-0.0006131249999999921,0.2209063125,0.9611193750000001
0.0,0.1875,1.0,-0.010266562499999993,0.225260875,1.0254713750000002
0.0,0.25,0.0,0.19225124999999998,0.2074505,-0.005547499999999999
0.0,0.25,0.0625,0.18259781249999998,0.2118050625,0.05880450000000001
0.0,0.25,0.125,0.17294437499999998,0.21615962500000002,0.12315650000000002
0.0,0.25,0.1875,0.16329093749999998,0.22051418750000001,0.1875085
0.0,0.25,0.25,0.15363749999999998,0.22486875,0.25186050000000004
0.0,0.25,0.3125,0.14398406249999998,0.2292233125,0.31621250000000006
0.0,0.25,0.375,0.13433062499999998,0.233577875,0.38056450000000003
0.0,0.25,0.4375,0.1246771875,0.2379324375,0.44491650000000005
0.0,0.25,0.5,0.11502375,0.242287,0.5092685
0.0,0.25,0.5625,0.1053703125,0.2466415625,0.5736205
0.0,0.25,0.625,0.09571687499999999,0.250996125,0.6379725
0.0,0.25,0.6875,0.08606343749999999,0.2553506875,0.7023245
0.0,0.25,0.75,0.07641,0.25970525,0.7666765
0.0,0.25,0.8125,0.0667565625,0.2640598125,0.8310285000000001
0.0,0.25,0.875,0.057103125000000005,0.268414375,0.8953805
0.0,0.25,0.9375,0.047449687500000004,0.2727689375,0.9597325000000001
0.0,0.25,1.0,0.03779625,0.27712349999999997,1.0240845
0.0,0.3125,0.0,0.24031406249999998,0.25931312500000003,-0.006934374999999998
0.0,0.3125,0.0625,0.23066062499999998,0.2636676875,0.05741762500000001
0.0,0.3125,0.125,0.22100718749999998,0.26802225,0.12176962500000002
0.0,0.3125,0.1875,0.21135374999999998,0.2723768125,0.186121625
0.0,0.3125,0.25,0.20170031249999998,0.276731375,0.25047362500000003
0.0,0.3125,0.3125,0.19204687499999998,0.28108593750000005,0.31482562500000005
0.0,0.3125,0.375,0.18239343749999998,0.28544050000000004,0.379177625
0.0,0.3125,0.4375,0.17274,0.28979506250000003,0.44352962500000004
0.0,0.3125,0.5,0.16308656249999998,0.294149625,0.507881625
0.0,0.3125,0.5625,0.153433125,0.2985041875,0.572233625
0.0,0.3125,0.625,0.14377968749999998,0.30285875,0.636585625
0.0,0.3125,0.6875,0.13412625,0.3072133125,0.700937625
0.0,0.3125,0.75,0.1244728125,0.31156787500000005,0.765289625
0.0,0.3125,0.8125,0.114819375,0.31592243750000004,0.829641625
0.0,0.3125,0.875,0.1051659375,0.32027700000000003,0.893993625
0.0,0.3125,0.9375,0.0955125,0.3246315625,0.9583456250000001
0.0,0.3125,1.0,0.0858590625,0.328986125,1.0226976250000002
0.0,0.375,0.0,0.288376875,0.31117575000000003,-0.008321249999999999
0.0,0.375,0.0625,0.2787234375,0.3155303125,0.056030750000000004
0.0,0.375,0.125,0.26907,0.319884875,0.12038275000000001
0.0,0.375,0.1875,0.2594165625,0.3242394375,0.18473475
0.0,0.375,0.25,0.24976312499999997,0.32859400000000005,0.24908675000000002
0.0,0.375,0.3125,0.24010968749999997,0.33294856250000004,0.31343875000000004
0.0,0.375,0.375,0.23045624999999997,0.33730312500000004,0.37779075
0.0,0.375,0.4375,0.2208028125,0.34165768750000003,0.44214275000000003
0.0,0.375,0.5,0.21114937499999997,0.34601225,0.5064947500000001
0.0,0.375,0.5625,0.2014959375,0.3503668125,0.5708467500000001
0.0,0.375,0.625,0.19184249999999997,0.354721375,0.6351987500000001
0.0,0.375,0.6875,0.1821890625,0.3590759375,0.6995507500000001
0.0,0.375,0.75,0.172535625,0.3634305,0.7639027500000001
0.0,0.375,0.8125,0.1628821875,0.36778506250000004,0.8282547500000002
0.0,0.375,0.875,0.15322875,0.37213962500000003,0.8926067500000001
0.0,0.375,0.9375,0.1435753125,0.3764941875,0.9569587500000002
0.0,0.375,1.0,0.133921875,0.38084875,1.02131075
0.0,0.4375,0.0,0.3364396875,0.363038375,-0.009708124999999998
0.0,0.4375,0.0625,0.32678625,0.3673929375,0.05464387500000001
0.0,0.4375,0.125,0.31713281249999997,0.3717475,0.11899587500000001
0.0,0.4375,0.1875,0.307479375,0.3761020625,0.183347875
0.0,0.4375,0.25,0.29782593749999997,0.380456625,0.247699875
0.0,0.4375,0.3125,0.2881725,0.38481118750000004,0.31205187500000003
0.0,0.4375,0.375,0.27851906249999997,0.38916575000000003,0.376403875
0.0,0.4375,0.4375,0.268865625,0.3935203125,0.440755875
0.0,0.4375,0.5,0.25921218749999997,0.397874875,0.5051078750000001
0.0,0.4375,0.5625,0.24955875,0.4022294375,0.5694598750000001
0.0,0.4375,0.625,0.23990531249999997,0.406584,0.6338118750000001
0.0,0.4375,0.6875,0.230251875,0.4109385625,0.6981638750000001
0.0,0.4375,0.75,0.2205984375,0.41529312500000004,0.7625158750000001
0.0,0.4375,0.8125,0.210945,0.41964768750000003,0.8268678750000001
0.0,0.4375,0.875,0.2012915625,0.42400225,0.8912198750000001
0.0,0.4375,0.9375,0.191638125,0.4283568125,0.9555718750000002
0.0,0.4375,1.0,0.1819846875,0.432711375,1.0199238750000001
0.0,0.5,0.0,0.38450249999999997,0.414901,-0.011094999999999997
0.0,0.5,0.0625,0.3748490625,0.4192555625,0.05325700000000001
0.0,0.5,0.125,0.36519562499999997,0.423610125,0.11760900000000002
0.0,0.5,0.1875,0.3555421875,0.4279646875,0.181961
0.0,0.5,0.25,0.34588874999999997,0.43231925000000004,0.24631300000000003
0.0,0.5,0.3125,0.3362353125,0.43667381250000004,0.310665
0.0,0.5,0.375,0.32658187499999997,0.44102837500000003,0.375017
0.0,0.5,0.4375,0.3169284375,0.4453829375,0.439369
0.0,0.5,0.5,0.30727499999999996,0.4497375,0.5037210000000001
0.0,0.5,0.5625,0.2976215625,0.4540920625,0.568073
0.0,0.5,0.625,0.28796812499999996,0.458446625,0.6324250000000001
0.0,0.5,0.6875,0.2783146875,0.4628011875,0.6967770000000001
0.0,0.5,0.75,0.26866124999999996,0.46715575,0.7611290000000001
0.0,0.5,0.8125,0.2590078125,0.47151031250000003,0.8254810000000001
0.0,0.5,0.875,0.249354375,0.475864875,0.8898330000000001
0.0,0.5,0.9375,0.2397009375,0.4802194375,0.9541850000000002
0.0,0.5,1.0,0.2300475,0.484574,1.018537
0.0,0.5625,0.0,0.43256531249999997,0.466763625,-0.012481874999999996
0.0,0.5625,0.0625,0.422911875,0.4711181875,0.05187012500000001
0.0,0.5625,0.125,0.41325843749999996,0.47547275,0.11622212500000001
0.0,0.5625,0.1875,0.403605,0.4798273125,0.180574125
0.0,0.5625,0.25,0.39395156249999996,0.484181875,0.24492612500000002
0.0,0.5625,0.3125,0.384298125,0.48853643750000003,0.30927812500000007
0.0,0.5625,0.375,0.37464468749999996,0.492891,0.37363012500000004
0.0,0.5625,0.4375,0.36499125,0.4972455625,0.43798212500000006
0.0,0.5625,0.5,0.35533781249999996,0.501600125,0.5023341250000001
0.0,0.5625,0.5625,0.345684375,0.5059546875,0.566686125
0.0,0.5625,0.625,0.33603093749999996,0.51030925,0.6310381250000001
0.0,0.5625,0.6875,0.3263775,0.5146638125,0.6953901250000001
0.0,0.5625,0.75,0.31672406249999996,0.519018375,0.759742125
0.0,0.5625,0.8125,0.307070625,0.5233729375,0.8240941250000001
0.0,0.5625,0.875,0.2974171875,0.5277275,0.8884461250000001
0.0,0.5625,0.9375,0.28776375,0.5320820625,0.9527981250000002
0.0,0.5625,1.0,0.27811031249999996,0.536436625,1.0171501250000001
0.0,0.625,0.0,0.48062812499999996,0.5186262500000001,-0.013868749999999996
0.0,0.625,0.0625,0.4709746875,0.5229808125000001,0.05048325000000001
0.0,0.625,0.125,0.46132124999999996,0.527335375,0.11483525000000001
0.0,0.625,0.1875,0.4516678125,0.5316899375,0.17918725000000002
0.0,0.625,0.25,0.44201437499999996,0.5360445,0.24353925000000004
0.0,0.625,0.3125,0.4323609375,0.5403990625,0.30789125000000006
0.0,0.625,0.375,0.42270749999999996,0.544753625,0.37224325
0.0,0.625,0.4375,0.4130540625,0.5491081875,0.43659525000000005
0.0,0.625,0.5,0.40340062499999996,0.55346275,0.5009472500000001
0.0,0.625,0.5625,0.3937471875,0.5578173125000001,0.56529925
0.0,0.625,0.625,0.38409374999999996,0.5621718750000001,0.6296512500000001
0.0,0.625,0.6875,0.3744403125,0.5665264375000001,0.6940032500000001
0.0,0.625,0.75,0.36478687499999995,0.5708810000000001,0.75835525
0.0,0.625,0.8125,0.3551334375,0.5752355625000001,0.8227072500000001
0.0,0.625,0.875,0.34548,0.5795901250000001,0.8870592500000001
0.0,0.625,0.9375,0.3358265625,0.5839446875000001,0.9514112500000002
0.0,0.625,1.0,0.32617312499999995,0.58829925,1.01576325
0.0,0.6875,0.0,0.5286909375,0.570488875,-0.015255624999999997
0.0,0.6875,0.0625,0.5190374999999999,0.5748434375,0.04909637500000001
0.0,0.6875,0.125,0.5093840625,0.579198,0.11344837500000002
0.0,0.6875,0.1875,0.499730625,0.5835525625,0.177800375
0.0,0.6875,0.25,0.49007718749999996,0.587907125,0.24215237500000003
0.0,0.6875,0.3125,0.48042375,0.5922616875,0.30650437500000005
0.0,0.6875,0.375,0.47077031249999995,0.59661625,0.370856375
0.0,0.6875,0.4375,0.461116875,0.6009708125,0.43520837500000004
0.0,0.6875,0.5,0.45146343749999995,0.605325375,0.49956037500000006
0.0,0.6875,0.5625,0.44181,0.6096799375,0.563912375
0.0,0.6875,0.625,0.43215656249999995,0.6140345,0.6282643750000001
0.0,0.6875,0.6875,0.422503125,0.6183890625,0.6926163750000001
0.0,0.6875,0.75,0.41284968749999995,0.622743625,0.756968375
0.0,0.6875,0.8125,0.40319625,0.6270981875,0.8213203750000001
0.0,0.6875,0.875,0.3935428125,0.63145275,0.8856723750000001
0.0,0.6875,0.9375,0.383889375,0.6358073125,0.9500243750000001
0.0,0.6875,1.0,0.37423593749999995,0.640161875,1.014376375
0.0,0.75,0.0,0.57675375,0.6223515000000001,-0.016642499999999998
0.0,0.75,0.0625,0.5671003124999999,0.6267060625,0.04770950000000001
0.0,0.75,0.125,0.557446875,0.631060625,0.11206150000000001
0.0,0.75,0.1875,0.5477934375,0.6354151875,0.1764135
0.0,0.75,0.25,0.53814,0.63976975,0.24076550000000002
0.0,0.75,0.3125,0.5284865624999999,0.6441243125,0.30511750000000004
0.0,0.75,0.375,0.518833125,0.648478875,0.3694695
0.0,0.75,0.4375,0.5091796875,0.6528334375,0.4338215
0.0,0.75,0.5,0.49952624999999995,0.6571880000000001,0.49817350000000005
0.0,0.75,0.5625,0.4898728125,0.6615425625000001,0.5625255
0.0,0.75,0.625,0.48021937499999995,0.6658971250000001,0.6268775000000001
0.0,0.75,0.6875,0.4705659375,0.6702516875000001,0.6912295
0.0,0.75,0.75,0.46091249999999995,0.6746062500000001,0.7555815
0.0,0.75,0.8125,0.4512590625,0.6789608125000001,0.8199335000000001
0.0,0.75,0.875,0.441605625,0.6833153750000001,0.8842855000000001
0.0,0.75,0.9375,0.4319521875,0.6876699375,0.9486375000000001
0.0,0.75,1.0,0.42229874999999995,0.6920245,1.0129895000000002
0.0,0.8125,0.0,0.6248165625,0.674214125,-0.018029374999999997
0.0,0.8125,0.0625,0.6151631249999999,0.6785686875,0.046322625000000006
0.0,0.8125,0.125,0.6055096875,0.68292325,0.11067462500000001
0.0,0.8125,0.1875,0.59585625,0.6872778125,0.17502662500000002
0.0,0.8125,0.25,0.5862028125,0.691632375,0.23937862500000004
0.0,0.8125,0.3125,0.5765493749999999,0.6959869375,0.30373062500000003
0.0,0.8125,0.375,0.5668959375,0.7003415,0.368082625
0.0,0.8125,0.4375,0.5572425,0.7046960624999999,0.432434625
0.0,0.8125,0.5,0.5475890625,0.7090506249999999,0.49678662500000004
0.0,0.8125,0.5625,0.5379356249999999,0.7134051875,0.561138625
0.0,0.8125,0.625,0.5282821875,0.71775975,0.6254906250000001
0.0,0.8125,0.6875,0.51862875,0.7221143125,0.689842625
0.0,0.8125,0.75,0.5089753124999999,0.726468875,0.754194625
0.0,0.8125,0.8125,0.49932187499999997,0.7308234375,0.8185466250000001
0.0,0.8125,0.875,0.4896684375,0.735178,0.882898625
0.0,0.8125,0.9375,0.48001499999999997,0.7395325625,0.9472506250000001
0.0,0.8125,1.0,0.47036156249999994,0.743887125,1.011602625
0.0,0.875,0.0,0.672879375,0.72607675,-0.019416249999999996
0.0,0.875,0.0625,0.6632259374999999,0.7304313125,0.04493575000000001
0.0,0.875,0.125,0.6535725,0.734785875,0.10928775000000002
0.0,0.875,0.1875,0.6439190625,0.7391404375,0.17363975
0.0,0.875,0.25,0.6342656249999999,0.743495,0.23799175000000003
0.0,0.875,0.3125,0.6246121874999999,0.7478495625,0.30234375
0.0,0.875,0.375,0.61495875,0.752204125,0.36669575
0.0,0.875,0.4375,0.6053053125,0.7565586875,0.43104775000000006
0.0,0.875,0.5,0.5956518749999999,0.76091325,0.49539975
0.0,0.875,0.5625,0.5859984374999999,0.7652678125000001,0.55975175
0.0,0.875,0.625,0.576345,0.7696223750000001,0.6241037500000001
0.0,0.875,0.6875,0.5666915625,0.7739769375000001,0.68845575
0.0,0.875,0.75,0.5570381249999999,0.7783315000000001,0.75280775
0.0,0.875,0.8125,0.5473846874999999,0.7826860625000001,0.8171597500000001
0.0,0.875,0.875,0.53773125,0.787040625,0.88151175
0.0,0.875,0.9375,0.5280778125,0.7913951875,0.9458637500000001
0.0,0.875,1.0,0.5184243749999999,0.79574975,1.0102157500000002
0.0,0.9375,0.0,0.7209421874999999,0.777939375,-0.020803124999999995
0.0,0.9375,0.0625,0.7112887499999999,0.7822939375,0.043548875000000015
0.0,0.9375,0.125,0.7016353125,0.7866485,0.10790087500000002
0.0,0.9375,0.1875,0.691981875,0.7910030625,0.172252875
0.0,0.9375,0.25,0.6823284374999999,0.795357625,0.23660487500000002
0.0,0.9375,0.3125,0.6726749999999999,0.7997121875,0.30095687500000007
0.0,0.9375,0.375,0.6630215625,0.8040667499999999,0.36530887500000003
0.0,0.9375,0.4375,0.653368125,0.8084213124999999,0.42966087500000005
0.0,0.9375,0.5,0.6437146874999999,0.812775875,0.4940128750000001
0.0,0.9375,0.5625,0.6340612499999999,0.8171304375,0.558364875
0.0,0.9375,0.625,0.6244078125,0.821485,0.6227168750000001
0.0,0.9375,0.6875,0.614754375,0.8258395625,0.687068875
0.0,0.9375,0.75,0.6051009374999999,0.830194125,0.751420875
0.0,0.9375,0.8125,0.5954474999999999,0.8345486875,0.8157728750000001
0.0,0.9375,0.875,0.5857940625,0.83890325,0.880124875
0.0,0.9375,0.9375,0.576140625,0.8432578125,0.9444768750000001
0.0,0.9375,1.0,0.5664871874999999,0.847612375,1.008828875
0.0,1.0,0.0,0.7690049999999999,0.829802,-0.022189999999999994
0.0,1.0,0.0625,0.7593515624999999,0.8341565625,0.04216200000000001
0.0,1.0,0.125,0.749698125,0.838511125,0.10651400000000003
0.0,1.0,0.1875,0.7400446875,0.8428656875,0.17086600000000002
0.0,1.0,0.25,0.7303912499999999,0.84722025,0.23521800000000004
0.0,1.0,0.3125,0.7207378124999999,0.8515748125,0.29957000000000006
0.0,1.0,0.375,0.711084375,0.855929375,0.363922
0.0,1.0,0.4375,0.7014309375,0.8602839375,0.42827400000000004
0.0,1.0,0.5,0.6917774999999999,0.8646385000000001,0.49262600000000006
0.0,1.0,0.5625,0.6821240624999999,0.8689930625000001,0.556978
0.0,1.0,0.625,0.672470625,0.8733476250000001,0.62133
0.0,1.0,0.6875,0.6628171875,0.8777021875000001,0.685682
0.0,1.0,0.75,0.6531637499999999,0.8820567500000001,0.750034
0.0,1.0,0.8125,0.6435103124999999,0.8864113125,0.814386
0.0,1.0,0.875,0.633856875,0.890765875,0.878738
0.0,1.0,0.9375,0.6242034375,0.8951204375,0.9430900000000001
0.0,1.0,1.0,0.6145499999999999,0.899475,1.0074420000000002
0.0625,0.0,0.0,0.024090625000000004,0.006282874999999999,-0.000465125
0.0625,0.0,0.0625,0.014437187500000006,0.0106374375,0.06388687500000001
0.0625,0.0,0.125,0.004783750000000007,0.014991999999999998,0.128238875
0.0625,0.0,0.1875,-0.00486968749999999,0.019346562499999997,0.192590875
0.0625,0.0,0.25,-0.014523124999999991,0.023701124999999997,0.256942875
0.0625,0.0,0.3125,-0.02417656249999999,0.028055687499999996,0.32129487500000004
0.0625,0.0,0.375,-0.033829999999999985,0.032410249999999995,0.385646875
0.0625,0.0,0.4375,-0.043483437499999986,0.036764812499999994,0.449998875
0.0625,0.0,0.5,-0.053136874999999986,0.04111937499999999,0.5143508750000001
0.0625,0.0,0.5625,-0.06279031249999999,0.04547393749999999,0.5787028750000001
0.0625,0.0,0.625,-0.07244374999999999,0.04982849999999999,0.6430548750000001
0.0625,0.0,0.6875,-0.08209718749999999,0.05418306249999999,0.7074068750000001
0.0625,0.0,0.75,-0.09175062499999997,0.05853762499999999,0.7717588750000001
0.0625,0.0,0.8125,-0.10140406249999998,0.06289218749999999,0.8361108750000001
0.0625,0.0,0.875,-0.11105749999999998,0.06724674999999998,0.9004628750000001
0.0625,0.0,0.9375,-0.12071093749999998,0.07160131249999999,0.9648148750000002
0.0625,0.0,1.0,-0.13036437499999998,0.07595587499999998,1.029166875
0.0625,0.0625,0.0,0.0721534375,0.0581455,-0.0018519999999999997
0.0625,0.0625,0.0625,0.0625,0.06250006250000001,0.0625
0.0625,0.0625,0.125,0.0528465625,0.066854625,0.12685200000000002
0.0625,0.0625,0.1875,0.043193125000000006,0.07120918749999999,0.191204
0.0625,0.0625,0.25,0.033539687500000005,0.07556375,0.255556
0.0625,0.0625,0.3125,0.023886250000000005,0.0799183125,0.319908
0.0625,0.0625,0.375,0.014232812500000011,0.084272875,0.38426
0.0625,0.0625,0.4375,0.0045793750000000105,0.08862743749999999,0.448612
0.0625,0.0625,0.5,-0.00507406249999999,0.092982,0.5129640000000001
0.0625,0.0625,0.5625,-0.01472749999999999,0.0973365625,0.577316
0.0625,0.0625,0.625,-0.02438093749999999,0.101691125,0.6416680000000001
0.0625,0.0625,0.6875,-0.03403437499999999,0.10604568749999999,0.7060200000000001
0.0625,0.0625,0.75,-0.04368781249999998,0.11040024999999999,0.7703720000000001
0.0625,0.0625,0.8125,-0.05334124999999998,0.1147548125,0.8347240000000001
0.0625,0.0625,0.875,-0.06299468749999998,0.11910937499999999,0.8990760000000001
0.0625,0.0625,0.9375,-0.07264812499999998,0.1234639375,0.9634280000000002
0.0625,0.0625,1.0,-0.08230156249999998,0.1278185,1.0277800000000001
0.0625,0.125,0.0,0.12021625,0.110008125,-0.003238874999999999
0.0625,0.125,0.0625,0.1105628125,0.1143626875,0.061113125000000004
0.0625,0.125,0.125,0.100909375,0.11871725,0.125465125
0.0625,0.125,0.1875,0.0912559375,0.12307181249999999,0.189817125
0.0625,0.125,0.25,0.0816025,0.12742637499999998,0.25416912500000005
0.0625,0.125,0.3125,0.0719490625,0.1317809375,0.31852112500000007
0.0625,0.125,0.375,0.06229562500000001,0.1361355,0.38287312500000004
0.0625,0.125,0.4375,0.05264218750000001,0.14049006249999998,0.44722512500000006
0.0625,0.125,0.5,0.042988750000000006,0.144844625,0.5115771250000001
0.0625,0.125,0.5625,0.033335312500000006,0.1491991875,0.575929125
0.0625,0.125,0.625,0.023681875000000005,0.15355375,0.6402811250000001
0.0625,0.125,0.6875,0.014028437500000004,0.15790831249999998,0.7046331250000001
0.0625,0.125,0.75,0.004375000000000018,0.16226287499999997,0.768985125
0.0625,0.125,0.8125,-0.005278437499999983,0.1666174375,0.8333371250000001
0.0625,0.125,0.875,-0.014931874999999983,0.17097199999999999,0.8976891250000001
0.0625,0.125,0.9375,-0.024585312499999984,0.1753265625,0.9620411250000002
0.0625,0.125,1.0,-0.034238749999999984,0.179681125,1.026393125
0.0625,0.1875,0.0,0.1682790625,0.16187075,-0.00462575
0.0625,0.1875,0.0625,0.158625625,0.1662253125,0.05972625000000001
0.0625,0.1875,0.125,0.1489721875,0.170579875,0.12407825000000001
0.0625,0.1875,0.1875,0.13931875,0.1749344375,0.18843025
0.0625,0.1875,0.25,0.1296653125,0.179289,0.25278225000000004
0.0625,0.1875,0.3125,0.12001187499999999,0.1836435625,0.31713425000000006
0.0625,0.1875,0.375,0.1103584375,0.18799812500000002,0.38148625
0.0625,0.1875,0.4375,0.100705,0.1923526875,0.44583825000000005
0.0625,0.1875,0.5,0.0910515625,0.19670725,0.5101902500000001
0.0625,0.1875,0.5625,0.081398125,0.2010618125,0.57454225
0.0625,0.1875,0.625,0.0717446875,0.20541637499999998,0.6388942500000001
0.0625,0.1875,0.6875,0.06209125,0.2097709375,0.7032462500000001
0.0625,0.1875,0.75,0.052437812500000014,0.2141255,0.76759825
0.0625,0.1875,0.8125,0.04278437500000001,0.2184800625,0.8319502500000001
0.0625,0.1875,0.875,0.03313093750000001,0.222834625,0.8963022500000001
0.0625,0.1875,0.9375,0.023477500000000012,0.2271891875,0.9606542500000002
0.0625,0.1875,1.0,0.013824062500000012,0.23154375,1.0250062500000001
0.0625,0.25,0.0,0.216341875,0.213733375,-0.006012624999999999
0.0625,0.25,0.0625,0.2066884375,0.2180879375,0.058339375000000006
0.0625,0.25,0.125,0.197035,0.2224425,0.12269137500000002
0.0625,0.25,0.1875,0.1873815625,0.2267970625,0.187043375
0.0625,0.25,0.25,0.177728125,0.231151625,0.25139537500000003
0.0625,0.25,0.3125,0.1680746875,0.2355061875,0.31574737500000005
0.0625,0.25,0.375,0.15842125,0.23986075,0.380099375
0.0625,0.25,0.4375,0.14876781249999999,0.2442153125,0.44445137500000004
0.0625,0.25,0.5,0.139114375,0.248569875,0.5088033750000001
0.0625,0.25,0.5625,0.12946093749999998,0.2529244375,0.573155375
0.0625,0.25,0.625,0.1198075,0.257279,0.6375073750000001
0.0625,0.25,0.6875,0.1101540625,0.26163356249999997,0.7018593750000001
0.0625,0.25,0.75,0.10050062500000001,0.265988125,0.766211375
0.0625,0.25,0.8125,0.09084718750000001,0.2703426875,0.8305633750000001
0.0625,0.25,0.875,0.08119375000000001,0.27469725,0.8949153750000001
0.0625,0.25,0.9375,0.07154031250000001,0.2790518125,0.9592673750000001
0.0625,0.25,1.0,0.06188687500000001,0.283406375,1.023619375
0.0625,0.3125,0.0,0.2644046875,0.26559600000000005,-0.007399499999999998
0.0625,0.3125,0.0625,0.25475125000000004,0.26995056250000005,0.05695250000000001
0.0625,0.3125,0.125,0.2450978125,0.27430512500000004,0.12130450000000001
0.0625,0.3125,0.1875,0.235444375,0.27865968750000003,0.1856565
0.0625,0.3125,0.25,0.2257909375,0.28301425,0.2500085
0.0625,0.3125,0.3125,0.2161375,0.28736881250000007,0.31436050000000004
0.0625,0.3125,0.375,0.2064840625,0.29172337500000006,0.3787125
0.0625,0.3125,0.4375,0.19683062500000004,0.29607793750000005,0.44306450000000003
0.0625,0.3125,0.5,0.1871771875,0.30043250000000005,0.5074165
0.0625,0.3125,0.5625,0.17752375000000004,0.30478706250000004,0.5717685
0.0625,0.3125,0.625,0.1678703125,0.30914162500000003,0.6361205000000001
0.0625,0.3125,0.6875,0.15821687500000003,0.3134961875,0.7004725
0.0625,0.3125,0.75,0.14856343750000003,0.31785075000000007,0.7648245
0.0625,0.3125,0.8125,0.13891000000000003,0.32220531250000006,0.8291765000000001
0.0625,0.3125,0.875,0.12925656250000003,0.32655987500000005,0.8935285000000001
0.0625,0.3125,0.9375,0.11960312500000003,0.33091443750000005,0.9578805000000001
0.0625,0.3125,1.0,0.10994968750000003,0.33526900000000004,1.0222325
0.0625,0.375,0.0,0.3124675,0.31745862500000005,-0.008786374999999999
0.0625,0.375,0.0625,0.30281406250000004,0.32181318750000004,0.05556562500000001
0.0625,0.375,0.125,0.293160625,0.32616775000000003,0.11991762500000001
0.0625,0.375,0.1875,0.28350718750000004,0.3305223125,0.184269625
0.0625,0.375,0.25,0.27385375,0.3348768750000001,0.248621625
0.0625,0.375,0.3125,0.26420031250000003,0.33923143750000007,0.31297362500000003
0.0625,0.375,0.375,0.254546875,0.34358600000000006,0.377325625
0.0625,0.375,0.4375,0.24489343750000003,0.34794056250000005,0.441677625
0.0625,0.375,0.5,0.23524,0.35229512500000004,0.506029625
0.0625,0.375,0.5625,0.22558656250000003,0.35664968750000003,0.570381625
0.0625,0.375,0.625,0.215933125,0.36100425,0.6347336250000001
0.0625,0.375,0.6875,0.20627968750000003,0.3653588125,0.699085625
0.0625,0.375,0.75,0.19662625000000003,0.369713375,0.763437625
0.0625,0.375,0.8125,0.18697281250000003,0.37406793750000006,0.8277896250000001
0.0625,0.375,0.875,0.17731937500000003,0.37842250000000005,0.892141625
0.0625,0.375,0.9375,0.16766593750000003,0.38277706250000004,0.9564936250000001
0.0625,0.375,1.0,0.15801250000000003,0.38713162500000003,1.0208456250000002
0.0625,0.4375,0.0,0.3605303125,0.36932125000000005,-0.010173249999999998
0.0625,0.4375,0.0625,0.35087687500000003,0.37367581250000004,0.05417875000000001
0.0625,0.4375,0.125,0.3412234375,0.37803037500000003,0.11853075000000002
0.0625,0.4375,0.1875,0.33157000000000003,0.3823849375,0.18288275
0.0625,0.4375,0.25,0.3219165625,0.3867395,0.24723475000000003
0.0625,0.4375,0.3125,0.31226312500000003,0.39109406250000006,0.31158675
0.0625,0.4375,0.375,0.3026096875,0.39544862500000005,0.37593875
0.0625,0.4375,0.4375,0.29295625000000003,0.39980318750000005,0.44029075
0.0625,0.4375,0.5,0.2833028125,0.40415775000000004,0.50464275
0.0625,0.4375,0.5625,0.27364937500000003,0.40851231250000003,0.56899475
0.0625,0.4375,0.625,0.2639959375,0.412866875,0.6333467500000001
0.0625,0.4375,0.6875,0.2543425,0.4172214375,0.69769875
0.0625,0.4375,0.75,0.24468906250000003,0.42157600000000006,0.76205075
0.0625,0.4375,0.8125,0.23503562500000003,0.42593056250000005,0.8264027500000001
0.0625,0.4375,0.875,0.22538218750000003,0.43028512500000005,0.89075475
0.0625,0.4375,0.9375,0.21572875000000002,0.43463968750000004,0.9551067500000001
0.0625,0.4375,1.0,0.20607531250000002,0.43899425000000003,1.01945875
0.0625,0.5,0.0,0.408593125,0.42118387500000004,-0.011560124999999997
0.0625,0.5,0.0625,0.39893968750000003,0.42553843750000003,0.05279187500000001
0.0625,0.5,0.125,0.38928625,0.429893,0.11714387500000001
0.0625,0.5,0.1875,0.3796328125,0.4342475625,0.181495875
0.0625,0.5,0.25,0.369979375,0.43860212500000006,0.24584787500000002
0.0625,0.5,0.3125,0.3603259375,0.44295668750000006,0.31019987500000007
0.0625,0.5,0.375,0.3506725,0.44731125000000005,0.37455187500000003
0.0625,0.5,0.4375,0.3410190625,0.45166581250000004,0.43890387500000005
0.0625,0.5,0.5,0.331365625,0.45602037500000003,0.503255875
0.0625,0.5,0.5625,0.3217121875,0.4603749375,0.567607875
0.0625,0.5,0.625,0.31205875,0.4647295,0.6319598750000001
0.0625,0.5,0.6875,0.3024053125,0.4690840625,0.696311875
0.0625,0.5,0.75,0.292751875,0.473438625,0.760663875
0.0625,0.5,0.8125,0.2830984375,0.47779318750000005,0.8250158750000001
0.0625,0.5,0.875,0.27344500000000005,0.48214775000000004,0.889367875
0.0625,0.5,0.9375,0.2637915625,0.48650231250000003,0.9537198750000001
0.0625,0.5,1.0,0.254138125,0.490856875,1.0180718750000002
0.0625,0.5625,0.0,0.4566559375,0.47304650000000004,-0.012946999999999997
0.0625,0.5625,0.0625,0.4470025,0.47740106250000003,0.051405000000000006
0.0625,0.5625,0.125,0.4373490625,0.481755625,0.11575700000000001
0.0625,0.5625,0.1875,0.427695625,0.4861101875,0.18010900000000002
0.0625,0.5625,0.25,0.4180421875,0.49046475,0.24446100000000004
0.0625,0.5625,0.3125,0.40838875,0.49481931250000005,0.30881300000000006
0.0625,0.5625,0.375,0.3987353125,0.49917387500000004,0.373165
0.0625,0.5625,0.4375,0.389081875,0.5035284375,0.43751700000000004
0.0625,0.5625,0.5,0.3794284375,0.5078830000000001,0.501869
0.0625,0.5625,0.5625,0.369775,0.5122375625000001,0.566221
0.0625,0.5625,0.625,0.3601215625,0.5165921250000001,0.630573
0.0625,0.5625,0.6875,0.350468125,0.5209466875000001,0.694925
0.0625,0.5625,0.75,0.3408146875,0.52530125,0.759277
0.0625,0.5625,0.8125,0.33116125,0.5296558125,0.8236290000000001
0.0625,0.5625,0.875,0.32150781250000005,0.534010375,0.887981
0.0625,0.5625,0.9375,0.311854375,0.5383649375,0.9523330000000001
0.0625,0.5625,1.0,0.3022009375,0.5427195,1.016685
0.0625,0.625,0.0,0.50471875,0.5249091250000001,-0.014333874999999996
0.0625,0.625,0.0625,0.4950653125,0.5292636875000001,0.05001812500000001
0.0625,0.625,0.125,0.485411875,0.5336182500000001,0.11437012500000002
0.0625,0.625,0.1875,0.4757584375,0.5379728125000001,0.178722125
0.0625,0.625,0.25,0.466105,0.5423273750000001,0.24307412500000003
0.0625,0.625,0.3125,0.4564515625,0.5466819375,0.30742612500000005
0.0625,0.625,0.375,0.446798125,0.5510365,0.371778125
0.0625,0.625,0.4375,0.4371446875,0.5553910625,0.43613012500000004
0.0625,0.625,0.5,0.42749125,0.5597456250000001,0.500482125
0.0625,0.625,0.5625,0.4178378125,0.5641001875000001,0.564834125
0.0625,0.625,0.625,0.408184375,0.5684547500000001,0.6291861250000002
0.0625,0.625,0.6875,0.3985309375,0.5728093125000001,0.6935381250000001
0.0625,0.625,0.75,0.3888775,0.5771638750000001,0.7578901250000001
0.0625,0.625,0.8125,0.3792240625,0.5815184375000001,0.822242125
0.0625,0.625,0.875,0.36957062500000004,0.5858730000000001,0.886594125
0.0625,0.625,0.9375,0.3599171875,0.5902275625000001,0.9509461250000002
0.0625,0.625,1.0,0.35026375,0.5945821250000001,1.0152981250000002
0.0625,0.6875,0.0,0.5527815625,0.57677175,-0.015720749999999995
0.0625,0.6875,0.0625,0.543128125,0.5811263125,0.048631250000000015
0.0625,0.6875,0.125,0.5334746875,0.585480875,0.11298325000000002
0.0625,0.6875,0.1875,0.52382125,0.5898354375,0.17733525
0.0625,0.6875,0.25,0.5141678125,0.59419,0.24168725000000002
0.0625,0.6875,0.3125,0.504514375,0.5985445625,0.30603925000000004
0.0625,0.6875,0.375,0.4948609375,0.602899125,0.37039125
0.0625,0.6875,0.4375,0.4852075,0.6072536875,0.43474325
0.0625,0.6875,0.5,0.4755540625,0.61160825,0.49909525000000005
0.0625,0.6875,0.5625,0.465900625,0.6159628125000001,0.5634472500000001
0.0625,0.6875,0.625,0.4562471875,0.6203173750000001,0.6277992500000001
0.0625,0.6875,0.6875,0.44659375,0.6246719375,0.6921512500000001
0.0625,0.6875,0.75,0.4369403125,0.6290265,0.7565032500000001
0.0625,0.6875,0.8125,0.427286875,0.6333810625,0.8208552500000001
0.0625,0.6875,0.875,0.41763343750000004,0.637735625,0.8852072500000001
0.0625,0.6875,0.9375,0.40798,0.6420901875,0.9495592500000002
0.0625,0.6875,1.0,0.3983265625,0.64644475,1.01391125
0.0625,0.75,0.0,0.600844375,0.6286343750000001,-0.017107624999999998
0.0625,0.75,0.0625,0.5911909375,0.6329889375000001,0.047244375000000005
0.0625,0.75,0.125,0.5815375,0.6373435000000001,0.11159637500000001
0.0625,0.75,0.1875,0.5718840625,0.6416980625,0.17594837500000002
0.0625,0.75,0.25,0.562230625,0.646052625,0.24030037500000004
0.0625,0.75,0.3125,0.5525771875,0.6504071875,0.30465237500000003
0.0625,0.75,0.375,0.54292375,0.65476175,0.369004375
0.0625,0.75,0.4375,0.5332703125,0.6591163125,0.433356375
0.0625,0.75,0.5,0.523616875,0.663470875,0.49770837500000004
0.0625,0.75,0.5625,0.5139634375,0.6678254375000001,0.5620603750000001
0.0625,0.75,0.625,0.50431,0.6721800000000001,0.6264123750000001
0.0625,0.75,0.6875,0.4946565625,0.6765345625000001,0.6907643750000001
0.0625,0.75,0.75,0.485003125,0.6808891250000001,0.7551163750000001
0.0625,0.75,0.8125,0.4753496875,0.6852436875000001,0.8194683750000001
0.0625,0.75,0.875,0.46569625000000003,0.6895982500000001,0.8838203750000001
0.0625,0.75,0.9375,0.4560428125,0.6939528125000001,0.9481723750000002
0.0625,0.75,1.0,0.446389375,0.6983073750000001,1.0125243750000001
0.0625,0.8125,0.0,0.6489071875,0.680497,-0.018494499999999997
0.0625,0.8125,0.0625,0.63925375,0.6848515625,0.04585750000000001
0.0625,0.8125,0.125,0.6296003125,0.689206125,0.11020950000000002
0.0625,0.8125,0.1875,0.619946875,0.6935606875,0.1745615
0.0625,0.8125,0.25,0.6102934375,0.69791525,0.23891350000000003
0.0625,0.8125,0.3125,0.60064,0.7022698125,0.3032655000000001
0.0625,0.8125,0.375,0.5909865625,0.706624375,0.36761750000000004
0.0625,0.8125,0.4375,0.581333125,0.7109789375,0.4319695
0.0625,0.8125,0.5,0.5716796875,0.7153335000000001,0.4963215000000001
0.0625,0.8125,0.5625,0.56202625,0.7196880625000001,0.5606735
0.0625,0.8125,0.625,0.5523728125,0.724042625,0.6250255000000001
0.0625,0.8125,0.6875,0.542719375,0.7283971875,0.6893775000000001
0.0625,0.8125,0.75,0.5330659375,0.73275175,0.7537295
0.0625,0.8125,0.8125,0.5234125000000001,0.7371063125,0.8180815000000001
0.0625,0.8125,0.875,0.5137590625,0.741460875,0.8824335000000001
0.0625,0.8125,0.9375,0.504105625,0.7458154375,0.9467855000000002
0.0625,0.8125,1.0,0.4944521875,0.75017,1.0111375
0.0625,0.875,0.0,0.69697,0.7323596250000001,-0.019881374999999996
0.0625,0.875,0.0625,0.6873165625,0.7367141875000001,0.044470625000000014
0.0625,0.875,0.125,0.677663125,0.74106875,0.10882262500000002
0.0625,0.875,0.1875,0.6680096875,0.7454233125,0.173174625
0.0625,0.875,0.25,0.65835625,0.749777875,0.23752662500000002
0.0625,0.875,0.3125,0.6487028125,0.7541324375,0.30187862500000007
0.0625,0.875,0.375,0.639049375,0.758487,0.36623062500000003
0.0625,0.875,0.4375,0.6293959375,0.7628415625,0.43058262500000005
0.0625,0.875,0.5,0.6197425,0.7671961250000001,0.4949346250000001
0.0625,0.875,0.5625,0.6100890625,0.7715506875000001,0.559286625
0.0625,0.875,0.625,0.600435625,0.7759052500000001,0.6236386250000001
0.0625,0.875,0.6875,0.5907821875,0.7802598125000001,0.6879906250000001
0.0625,0.875,0.75,0.58112875,0.7846143750000001,0.752342625
0.0625,0.875,0.8125,0.5714753125,0.7889689375000001,0.8166946250000001
0.0625,0.875,0.875,0.561821875,0.7933235000000001,0.8810466250000001
0.0625,0.875,0.9375,0.5521684375,0.7976780625000001,0.9453986250000002
0.0625,0.875,1.0,0.542515,0.802032625,1.0097506250000001
0.0625,0.9375,0.0,0.7450328125,0.78422225,-0.021268249999999995
0.0625,0.9375,0.0625,0.735379375,0.7885768125,0.04308375000000001
0.0625,0.9375,0.125,0.7257259375,0.792931375,0.10743575000000002
0.0625,0.9375,0.1875,0.7160725,0.7972859375,0.17178775000000002
0.0625,0.9375,0.25,0.7064190625,0.8016405,0.23613975000000004
0.0625,0.9375,0.3125,0.6967656249999999,0.8059950625,0.30049175000000006
0.0625,0.9375,0.375,0.6871121875,0.810349625,0.36484375
0.0625,0.9375,0.4375,0.67745875,0.8147041875,0.42919575000000004
0.0625,0.9375,0.5,0.6678053125,0.81905875,0.49354775000000006
0.0625,0.9375,0.5625,0.6581518749999999,0.8234133125,0.55789975
0.0625,0.9375,0.625,0.6484984375,0.827767875,0.6222517500000001
0.0625,0.9375,0.6875,0.638845,0.8321224375,0.6866037500000001
0.0625,0.9375,0.75,0.6291915625,0.836477,0.75095575
0.0625,0.9375,0.8125,0.619538125,0.8408315625,0.8153077500000001
0.0625,0.9375,0.875,0.6098846875,0.845186125,0.8796597500000001
0.0625,0.9375,0.9375,0.60023125,0.8495406875,0.9440117500000001
0.0625,0.9375,1.0,0.5905778125,0.85389525,1.00836375
0.0625,1.0,0.0,0.793095625,0.8360848750000001,-0.022655124999999995
0.0625,1.0,0.0625,0.7834421874999999,0.8404394375,0.04169687500000001
0.0625,1.0,0.125,0.77378875,0.844794,0.10604887500000001
0.0625,1.0,0.1875,0.7641353125,0.8491485625,0.170400875
0.0625,1.0,0.25,0.754481875,0.853503125,0.23475287500000003
0.0625,1.0,0.3125,0.7448284374999999,0.8578576875,0.29910487500000005
0.0625,1.0,0.375,0.735175,0.86221225,0.363456875
0.0625,1.0,0.4375,0.7255215625,0.8665668125,0.42780887500000003
0.0625,1.0,0.5,0.715868125,0.870921375,0.49216087500000005
0.0625,1.0,0.5625,0.7062146874999999,0.8752759375000001,0.556512875
0.0625,1.0,0.625,0.69656125,0.8796305000000001,0.6208648750000001
0.0625,1.0,0.6875,0.6869078125,0.8839850625000001,0.6852168750000001
0.0625,1.0,0.75,0.677254375,0.8883396250000001,0.749568875
0.0625,1.0,0.8125,0.6676009375,0.8926941875000001,0.8139208750000001
0.0625,1.0,0.875,0.6579475,0.8970487500000001,0.8782728750000001
0.0625,1.0,0.9375,0.6482940625,0.9014033125,0.9426248750000001
0.0625,1.0,1.0,0.638640625,0.905757875,1.006976875
0.125,0.0,0.0,0.04818125000000001,0.012565749999999999,-0.00093025
0.125,0.0,0.0625,0.03852781250000001,0.0169203125,0.06342175000000001
0.125,0.0,0.125,0.02887437500000001,0.021274875,0.12777375000000002
0.125,0.0,0.1875,0.019220937500000014,0.025629437499999998,0.19212575
0.125,0.0,0.25,0.009567500000000013,0.029983999999999997,0.25647775
0.125,0.0,0.3125,-8.593749999998707e-05,0.034338562499999996,0.32082975
0.125,0.0,0.375,-0.00973937499999998,0.038693124999999995,0.38518175
0.125,0.0,0.4375,-0.01939281249999998,0.043047687499999994,0.44953375
0.125,0.0,0.5,-0.029046249999999982,0.04740224999999999,0.51388575
0.125,0.0,0.5625,-0.03869968749999998,0.05175681249999999,0.57823775
0.125,0.0,0.625,-0.04835312499999998,0.05611137499999999,0.6425897500000001
0.125,0.0,0.6875,-0.058006562499999983,0.06046593749999999,0.70694175
0.125,0.0,0.75,-0.06765999999999997,0.06482049999999999,0.77129375
0.125,0.0,0.8125,-0.07731343749999997,0.06917506249999998,0.8356457500000001
0.125,0.0,0.875,-0.08696687499999997,0.07352962499999999,0.89999775
0.125,0.0,0.9375,-0.09662031249999997,0.0778841875,0.9643497500000001
0.125,0.0,1.0,-0.10627374999999997,0.08223874999999999,1.0287017500000002
0.125,0.0625,0.0,0.0962440625,0.064428375,-0.0023171249999999997
0.125,0.0625,0.0625,0.086590625,0.0687829375,0.062034875
0.125,0.0625,0.125,0.0769371875,0.0731375,0.126386875
0.125,0.0625,0.1875,0.06728375,0.07749206249999999,0.190738875
0.125,0.0625,0.25,0.05763031250000001,0.08184662499999999,0.25509087500000005
0.125,0.0625,0.3125,0.04797687500000001,0.0862011875,0.31944287500000007
0.125,0.0625,0.375,0.038323437500000015,0.09055574999999999,0.38379487500000004
0.125,0.0625,0.4375,0.028670000000000015,0.09491031249999998,0.44814687500000006
0.125,0.0625,0.5,0.019016562500000014,0.09926487499999999,0.512498875
0.125,0.0625,0.5625,0.009363125000000014,0.1036194375,0.576850875
0.125,0.0625,0.625,-0.00029031249999998676,0.10797399999999999,0.6412028750000001
0.125,0.0625,0.6875,-0.009943749999999987,0.11232856249999998,0.705554875
0.125,0.0625,0.75,-0.019597187499999974,0.11668312499999998,0.769906875
0.125,0.0625,0.8125,-0.029250624999999975,0.12103768749999999,0.8342588750000001
0.125,0.0625,0.875,-0.038904062499999975,0.12539224999999998,0.898610875
0.125,0.0625,0.9375,-0.048557499999999976,0.12974681249999998,0.9629628750000001
0.125,0.0625,1.0,-0.058210937499999976,0.13410137499999997,1.027314875
0.125,0.125,0.0,0.144306875,0.116291,-0.0037039999999999994
0.125,0.125,0.0625,0.1346534375,0.1206455625,0.06064800000000001
0.125,0.125,0.125,0.125,0.12500012500000002,0.125
0.125,0.125,0.1875,0.1153465625,0.1293546875,0.189352
0.125,0.125,0.25,0.105693125,0.13370925,0.25370400000000004
0.125,0.125,0.3125,0.0960396875,0.1380638125,0.31805600000000006
0.125,0.125,0.375,0.08638625000000001,0.14241837499999999,0.382408
0.125,0.125,0.4375,0.07673281250000001,0.1467729375,0.44676000000000005
0.125,0.125,0.5,0.06707937500000001,0.1511275,0.511112
0.125,0.125,0.5625,0.05742593750000001,0.1554820625,0.575464
0.125,0.125,0.625,0.04777250000000001,0.159836625,0.639816
0.125,0.125,0.6875,0.03811906250000001,0.1641911875,0.704168
0.125,0.125,0.75,0.028465625000000022,0.16854575,0.76852
0.125,0.125,0.8125,0.01881218750000002,0.1729003125,0.8328720000000001
0.125,0.125,0.875,0.009158750000000021,0.17725487499999998,0.897224
0.125,0.125,0.9375,-0.0004946874999999795,0.1816094375,0.9615760000000001
0.125,0.125,1.0,-0.01014812499999998,0.185964,1.0259280000000002
0.125,0.1875,0.0,0.1923696875,0.168153625,-0.005090874999999999
0.125,0.1875,0.0625,0.18271625,0.1725081875,0.059261125000000005
0.125,0.1875,0.125,0.1730628125,0.17686275,0.12361312500000002
0.125,0.1875,0.1875,0.163409375,0.1812173125,0.187965125
0.125,0.1875,0.25,0.1537559375,0.185571875,0.25231712500000003
0.125,0.1875,0.3125,0.1441025,0.1899264375,0.31666912500000005
0.125,0.1875,0.375,0.1344490625,0.19428099999999998,0.381021125
0.125,0.1875,0.4375,0.12479562500000001,0.1986355625,0.44537312500000004
0.125,0.1875,0.5,0.1151421875,0.202990125,0.509725125
0.125,0.1875,0.5625,0.10548875,0.20734468749999999,0.574077125
0.125,0.1875,0.625,0.0958353125,0.21169925,0.638429125
0.125,0.1875,0.6875,0.086181875,0.2160538125,0.702781125
0.125,0.1875,0.75,0.07652843750000002,0.220408375,0.767133125
0.125,0.1875,0.8125,0.06687500000000002,0.22476293749999998,0.831485125
0.125,0.1875,0.875,0.05722156250000002,0.22911749999999997,0.895837125
0.125,0.1875,0.9375,0.04756812500000002,0.2334720625,0.9601891250000001
0.125,0.1875,1.0,0.037914687500000016,0.23782662499999999,1.024541125
0.125,0.25,0.0,0.2404325,0.22001625,-0.006477749999999998
0.125,0.25,0.0625,0.2307790625,0.2243708125,0.05787425000000001
0.125,0.25,0.125,0.221125625,0.228725375,0.12222625000000001
0.125,0.25,0.1875,0.2114721875,0.2330799375,0.18657825
0.125,0.25,0.25,0.20181875,0.2374345,0.25093025
0.125,0.25,0.3125,0.1921653125,0.24178906249999998,0.31528225000000004
0.125,0.25,0.375,0.182511875,0.24614362499999998,0.37963425
0.125,0.25,0.4375,0.17285843750000002,0.25049818749999997,0.44398625
0.125,0.25,0.5,0.163205,0.25485274999999996,0.5083382500000001
0.125,0.25,0.5625,0.15355156250000002,0.2592073125,0.5726902500000001
0.125,0.25,0.625,0.143898125,0.263561875,0.6370422500000001
0.125,0.25,0.6875,0.13424468750000002,0.2679164375,0.7013942500000001
0.125,0.25,0.75,0.12459125000000001,0.272271,0.7657462500000001
0.125,0.25,0.8125,0.11493781250000001,0.2766255625,0.8300982500000001
0.125,0.25,0.875,0.10528437500000001,0.28098012499999997,0.8944502500000001
0.125,0.25,0.9375,0.09563093750000001,0.2853346875,0.9588022500000002
0.125,0.25,1.0,0.08597750000000001,0.28968925,1.0231542500000002
0.125,0.3125,0.0,0.2884953125,0.271878875,-0.007864624999999998
0.125,0.3125,0.0625,0.278841875,0.2762334375,0.056487375000000006
0.125,0.3125,0.125,0.2691884375,0.280588,0.12083937500000001
0.125,0.3125,0.1875,0.259535,0.2849425625,0.18519137500000002
0.125,0.3125,0.25,0.2498815625,0.28929712500000004,0.24954337500000004
0.125,0.3125,0.3125,0.240228125,0.29365168750000004,0.31389537500000003
0.125,0.3125,0.375,0.2305746875,0.29800625000000003,0.378247375
0.125,0.3125,0.4375,0.22092125,0.3023608125,0.442599375
0.125,0.3125,0.5,0.21126781249999999,0.306715375,0.5069513750000001
0.125,0.3125,0.5625,0.201614375,0.3110699375,0.5713033750000001
0.125,0.3125,0.625,0.19196093749999998,0.3154245,0.6356553750000001
0.125,0.3125,0.6875,0.1823075,0.3197790625,0.7000073750000001
0.125,0.3125,0.75,0.1726540625,0.324133625,0.7643593750000001
0.125,0.3125,0.8125,0.163000625,0.32848818750000003,0.8287113750000001
0.125,0.3125,0.875,0.1533471875,0.33284275,0.8930633750000001
0.125,0.3125,0.9375,0.14369375,0.3371973125,0.9574153750000002
0.125,0.3125,1.0,0.1340403125,0.341551875,1.021767375
0.125,0.375,0.0,0.336558125,0.3237415,-0.0092515
0.125,0.375,0.0625,0.3269046875,0.3280960625,0.05510050000000001
0.125,0.375,0.125,0.31725125,0.332450625,0.11945250000000002
0.125,0.375,0.1875,0.3075978125,0.3368051875,0.1838045
0.125,0.375,0.25,0.297944375,0.34115975,0.24815650000000003
0.125,0.375,0.3125,0.2882909375,0.34551431250000003,0.3125085
0.125,0.375,0.375,0.2786375,0.349868875,0.3768605
0.125,0.375,0.4375,0.2689840625,0.3542234375,0.4412125
0.125,0.375,0.5,0.259330625,0.358578,0.5055645000000001
0.125,0.375,0.5625,0.2496771875,0.3629325625,0.5699165
0.125,0.375,0.625,0.24002374999999998,0.367287125,0.6342685000000001
0.125,0.375,0.6875,0.2303703125,0.3716416875,0.6986205000000001
0.125,0.375,0.75,0.220716875,0.37599625000000003,0.7629725
0.125,0.375,0.8125,0.2110634375,0.3803508125,0.8273245000000001
0.125,0.375,0.875,0.20141,0.384705375,0.8916765000000001
0.125,0.375,0.9375,0.1917565625,0.3890599375,0.9560285000000002
0.125,0.375,1.0,0.182103125,0.3934145,1.0203805000000001
0.125,0.4375,0.0,0.3846209375,0.375604125,-0.010638374999999999
0.125,0.4375,0.0625,0.3749675,0.3799586875,0.05371362500000001
0.125,0.4375,0.125,0.3653140625,0.38431325,0.11806562500000001
0.125,0.4375,0.1875,0.355660625,0.3886678125,0.182417625
0.125,0.4375,0.25,0.3460071875,0.39302237500000003,0.24676962500000002
0.125,0.4375,0.3125,0.33635375,0.3973769375,0.31112162500000007
0.125,0.4375,0.375,0.3267003125,0.4017315,0.37547362500000003
0.125,0.4375,0.4375,0.317046875,0.4060860625,0.43982562500000005
0.125,0.4375,0.5,0.3073934375,0.410440625,0.5041776250000001
0.125,0.4375,0.5625,0.29774,0.4147951875,0.568529625
0.125,0.4375,0.625,0.2880865625,0.41914975,0.6328816250000001
0.125,0.4375,0.6875,0.278433125,0.4235043125,0.6972336250000001
0.125,0.4375,0.75,0.26877968750000003,0.42785887499999997,0.761585625
0.125,0.4375,0.8125,0.25912625,0.4322134375,0.8259376250000001
0.125,0.4375,0.875,0.2494728125,0.436568,0.8902896250000001
0.125,0.4375,0.9375,0.239819375,0.4409225625,0.9546416250000002
0.125,0.4375,1.0,0.2301659375,0.445277125,1.018993625
0.125,0.5,0.0,0.43268375,0.42746675,-0.012025249999999998
0.125,0.5,0.0625,0.4230303125,0.4318213125,0.052326750000000005
0.125,0.5,0.125,0.413376875,0.436175875,0.11667875000000001
0.125,0.5,0.1875,0.4037234375,0.4405304375,0.18103075000000002
0.125,0.5,0.25,0.39407,0.444885,0.24538275000000004
0.125,0.5,0.3125,0.3844165625,0.4492395625,0.30973475000000006
0.125,0.5,0.375,0.374763125,0.453594125,0.37408675
0.125,0.5,0.4375,0.3651096875,0.4579486875,0.43843875000000004
0.125,0.5,0.5,0.35545625,0.46230325,0.5027907500000001
0.125,0.5,0.5625,0.3458028125,0.4666578125,0.56714275
0.125,0.5,0.625,0.336149375,0.471012375,0.6314947500000001
0.125,0.5,0.6875,0.3264959375,0.4753669375,0.6958467500000001
0.125,0.5,0.75,0.3168425,0.4797215,0.76019875
0.125,0.5,0.8125,0.3071890625,0.4840760625,0.8245507500000001
0.125,0.5,0.875,0.29753562499999997,0.488430625,0.8889027500000001
0.125,0.5,0.9375,0.2878821875,0.4927851875,0.9532547500000002
0.125,0.5,1.0,0.27822875,0.49713975,1.0176067500000001
0.125,0.5625,0.0,0.4807465625,0.479329375,-0.013412124999999997
0.125,0.5625,0.0625,0.471093125,0.4836839375,0.05093987500000001
0.125,0.5625,0.125,0.4614396875,0.4880385,0.11529187500000002
0.125,0.5625,0.1875,0.45178625,0.4923930625,0.179643875
0.125,0.5625,0.25,0.44213281249999997,0.496747625,0.24399587500000003
0.125,0.5625,0.3125,0.432479375,0.5011021875,0.30834787500000005
0.125,0.5625,0.375,0.42282593749999997,0.50545675,0.372699875
0.125,0.5625,0.4375,0.4131725,0.5098113125,0.43705187500000003
0.125,0.5625,0.5,0.40351906249999997,0.514165875,0.501403875
0.125,0.5625,0.5625,0.393865625,0.5185204375,0.565755875
0.125,0.5625,0.625,0.38421218749999997,0.522875,0.6301078750000001
0.125,0.5625,0.6875,0.37455875,0.5272295625,0.6944598750000001
0.125,0.5625,0.75,0.3649053125,0.531584125,0.758811875
0.125,0.5625,0.8125,0.355251875,0.5359386875,0.8231638750000001
0.125,0.5625,0.875,0.34559843749999997,0.54029325,0.8875158750000001
0.125,0.5625,0.9375,0.335945,0.5446478125,0.9518678750000001
0.125,0.5625,1.0,0.3262915625,0.5490023749999999,1.016219875
0.125,0.625,0.0,0.528809375,0.5311920000000001,-0.014798999999999996
0.125,0.625,0.0625,0.5191559375,0.5355465625000001,0.049553000000000014
0.125,0.625,0.125,0.5095025000000001,0.5399011250000001,0.11390500000000002
0.125,0.625,0.1875,0.49984906250000005,0.5442556875000001,0.178257
0.125,0.625,0.25,0.490195625,0.5486102500000001,0.24260900000000002
0.125,0.625,0.3125,0.48054218750000005,0.5529648125000001,0.30696100000000004
0.125,0.625,0.375,0.47088875,0.5573193750000001,0.371313
0.125,0.625,0.4375,0.46123531250000005,0.5616739375,0.435665
0.125,0.625,0.5,0.451581875,0.5660285,0.500017
0.125,0.625,0.5625,0.44192843750000005,0.5703830625000001,0.564369
0.125,0.625,0.625,0.432275,0.5747376250000001,0.6287210000000001
0.125,0.625,0.6875,0.42262156250000005,0.5790921875000001,0.693073
0.125,0.625,0.75,0.412968125,0.5834467500000001,0.757425
0.125,0.625,0.8125,0.40331468750000005,0.5878013125000001,0.8217770000000001
0.125,0.625,0.875,0.3936612500000001,0.5921558750000001,0.8861290000000001
0.125,0.625,0.9375,0.38400781250000005,0.5965104375000001,0.9504810000000001
0.125,0.625,1.0,0.374354375,0.6008650000000001,1.014833
0.125,0.6875,0.0,0.5768721875,0.583054625,-0.016185874999999995
0.125,0.6875,0.0625,0.56721875,0.5874091875,0.04816612500000001
0.125,0.6875,0.125,0.5575653125000001,0.59176375,0.11251812500000002
0.125,0.6875,0.1875,0.547911875,0.5961183125,0.17687012500000002
0.125,0.6875,0.25,0.5382584375,0.600472875,0.24122212500000004
0.125,0.6875,0.3125,0.528605,0.6048274375,0.30557412500000003
0.125,0.6875,0.375,0.5189515625000001,0.609182,0.369926125
0.125,0.6875,0.4375,0.509298125,0.6135365625,0.434278125
0.125,0.6875,0.5,0.4996446875,0.6178911250000001,0.49863012500000004
0.125,0.6875,0.5625,0.48999125000000004,0.6222456875000001,0.562982125
0.125,0.6875,0.625,0.4803378125,0.6266002500000001,0.6273341250000001
0.125,0.6875,0.6875,0.47068437500000004,0.6309548125000001,0.691686125
0.125,0.6875,0.75,0.4610309375,0.6353093750000001,0.756038125
0.125,0.6875,0.8125,0.45137750000000004,0.6396639375000001,0.8203901250000001
0.125,0.6875,0.875,0.44172406250000007,0.6440185,0.884742125
0.125,0.6875,0.9375,0.43207062500000004,0.6483730625,0.9490941250000001
0.125,0.6875,1.0,0.4224171875,0.652727625,1.0134461250000002
0.125,0.75,0.0,0.624935,0.6349172500000001,-0.017572749999999998
0.125,0.75,0.0625,0.6152815625,0.6392718125000001,0.04677925000000001
0.125,0.75,0.125,0.6056281250000001,0.6436263750000001,0.11113125000000001
0.125,0.75,0.1875,0.5959746875,0.6479809375000001,0.17548325
0.125,0.75,0.25,0.58632125,0.6523355000000001,0.23983525000000003
0.125,0.75,0.3125,0.5766678125,0.6566900625000001,0.30418725
0.125,0.75,0.375,0.5670143750000001,0.661044625,0.36853925
0.125,0.75,0.4375,0.5573609375,0.6653991875,0.43289125000000006
0.125,0.75,0.5,0.5477075,0.6697537500000001,0.49724325
0.125,0.75,0.5625,0.5380540625,0.6741083125000001,0.56159525
0.125,0.75,0.625,0.5284006250000001,0.6784628750000001,0.6259472500000001
0.125,0.75,0.6875,0.5187471875,0.6828174375000001,0.69029925
0.125,0.75,0.75,0.50909375,0.6871720000000001,0.75465125
0.125,0.75,0.8125,0.49944031250000004,0.6915265625000001,0.8190032500000001
0.125,0.75,0.875,0.48978687500000007,0.6958811250000001,0.88335525
0.125,0.75,0.9375,0.48013343750000004,0.7002356875000001,0.9477072500000001
0.125,0.75,1.0,0.47048,0.7045902500000001,1.01205925
0.125,0.8125,0.0,0.6729978125,0.686779875,-0.018959624999999997
0.125,0.8125,0.0625,0.663344375,0.6911344375,0.04539237500000001
0.125,0.8125,0.125,0.6536909375000001,0.695489,0.10974437500000002
0.125,0.8125,0.1875,0.6440375,0.6998435625,0.174096375
0.125,0.8125,0.25,0.6343840625,0.704198125,0.23844837500000002
0.125,0.8125,0.3125,0.624730625,0.7085526875,0.30280037500000007
0.125,0.8125,0.375,0.6150771875000001,0.71290725,0.36715237500000003
0.125,0.8125,0.4375,0.60542375,0.7172618125,0.43150437500000005
0.125,0.8125,0.5,0.5957703125,0.721616375,0.49585637500000007
0.125,0.8125,0.5625,0.586116875,0.7259709375000001,0.560208375
0.125,0.8125,0.625,0.5764634375000001,0.7303255000000001,0.6245603750000001
0.125,0.8125,0.6875,0.56681,0.7346800625000001,0.688912375
0.125,0.8125,0.75,0.5571565625,0.7390346250000001,0.753264375
0.125,0.8125,0.8125,0.547503125,0.7433891875,0.8176163750000001
0.125,0.8125,0.875,0.5378496875000001,0.74774375,0.881968375
0.125,0.8125,0.9375,0.52819625,0.7520983125,0.9463203750000001
0.125,0.8125,1.0,0.5185428125,0.756452875,1.0106723750000002
0.125,0.875,0.0,0.721060625,0.7386425000000001,-0.020346499999999997
0.125,0.875,0.0625,0.7114071875,0.7429970625000001,0.04400550000000001
0.125,0.875,0.125,0.7017537500000001,0.7473516250000001,0.10835750000000002
0.125,0.875,0.1875,0.6921003125,0.7517061875000001,0.17270950000000002
0.125,0.875,0.25,0.682446875,0.7560607500000001,0.23706150000000004
0.125,0.875,0.3125,0.6727934375,0.7604153125,0.30141350000000006
0.125,0.875,0.375,0.6631400000000001,0.764769875,0.3657655
0.125,0.875,0.4375,0.6534865625,0.7691244375,0.43011750000000004
0.125,0.875,0.5,0.643833125,0.773479,0.49446950000000006
0.125,0.875,0.5625,0.6341796875,0.7778335625000001,0.5588215
0.125,0.875,0.625,0.6245262500000001,0.7821881250000001,0.6231735
0.125,0.875,0.6875,0.6148728125,0.7865426875000001,0.6875255
0.125,0.875,0.75,0.605219375,0.7908972500000001,0.7518775
0.125,0.875,0.8125,0.5955659375,0.7952518125000001,0.8162295
0.125,0.875,0.875,0.5859125000000001,0.7996063750000001,0.8805815
0.125,0.875,0.9375,0.5762590625,0.8039609375000001,0.9449335000000001
0.125,0.875,1.0,0.566605625,0.8083155000000001,1.0092855
0.125,0.9375,0.0,0.7691234375,0.790505125,-0.021733374999999996
0.125,0.9375,0.0625,0.75947,0.7948596875,0.04261862500000001
0.125,0.9375,0.125,0.7498165625000001,0.79921425,0.10697062500000001
0.125,0.9375,0.1875,0.740163125,0.8035688125,0.171322625
0.125,0.9375,0.25,0.7305096875,0.807923375,0.23567462500000003
0.125,0.9375,0.3125,0.72085625,0.8122779375,0.30002662500000005
0.125,0.9375,0.375,0.7112028125000001,0.8166325,0.364378625
0.125,0.9375,0.4375,0.701549375,0.8209870625,0.42873062500000003
0.125,0.9375,0.5,0.6918959375,0.8253416250000001,0.49308262500000005
0.125,0.9375,0.5625,0.6822425,0.8296961875000001,0.5574346250000001
0.125,0.9375,0.625,0.6725890625000001,0.8340507500000001,0.6217866250000001
0.125,0.9375,0.6875,0.662935625,0.8384053125,0.6861386250000001
0.125,0.9375,0.75,0.6532821875,0.842759875,0.7504906250000001
0.125,0.9375,0.8125,0.64362875,0.8471144375,0.8148426250000002
0.125,0.9375,0.875,0.6339753125,0.851469,0.8791946250000001
0.125,0.9375,0.9375,0.624321875,0.8558235625,0.9435466250000002
0.125,0.9375,1.0,0.6146684375,0.860178125,1.0078986250000002
0.125,1.0,0.0,0.81718625,0.8423677500000001,-0.023120249999999995
0.125,1.0,0.0625,0.8075328125,0.8467223125000001,0.04123175000000001
0.125,1.0,0.125,0.7978793750000001,0.8510768750000001,0.10558375000000002
0.125,1.0,0.1875,0.7882259375,0.8554314375000001,0.16993575
0.125,1.0,0.25,0.7785725,0.859786,0.23428775000000002
0.125,1.0,0.3125,0.7689190625,0.8641405625,0.29863975000000004
0.125,1.0,0.375,0.759265625,0.868495125,0.36299175
0.125,1.0,0.4375,0.7496121875,0.8728496875,0.42734375
0.125,1.0,0.5,0.73995875,0.8772042500000001,0.49169575000000004
0.125,1.0,0.5625,0.7303053125,0.8815588125000001,0.5560477500000001
0.125,1.0,0.625,0.720651875,0.8859133750000001,0.6203997500000001
0.125,1.0,0.6875,0.7109984375,0.8902679375000001,0.6847517500000001
0.125,1.0,0.75,0.701345,0.8946225000000001,0.7491037500000001
0.125,1.0,0.8125,0.6916915625,0.8989770625000001,0.8134557500000001
0.125,1.0,0.875,0.682038125,0.9033316250000001,0.8778077500000001
0.125,1.0,0.9375,0.6723846875,0.9076861875000001,0.9421597500000002
0.125,1.0,1.0,0.66273125,0.9120407500000001,1.00651175
0.1875,0.0,0.0,0.07227187500000001,0.018848624999999997,-0.001395375
0.1875,0.0,0.0625,0.06261843750000001,0.023203187499999996,0.062956625
0.1875,0.0,0.125,0.05296500000000001,0.027557749999999995,0.127308625
0.1875,0.0,0.1875,0.04331156250000002,0.0319123125,0.191660625
0.1875,0.0,0.25,0.03365812500000002,0.03626687499999999,0.25601262500000005
0.1875,0.0,0.3125,0.024004687500000017,0.040621437499999996,0.32036462500000007
0.1875,0.0,0.375,0.014351250000000024,0.04497599999999999,0.38471662500000003
0.1875,0.0,0.4375,0.004697812500000023,0.049330562499999994,0.44906862500000005
0.1875,0.0,0.5,-0.004955624999999977,0.053685124999999986,0.5134206250000001
0.1875,0.0,0.5625,-0.014609062499999978,0.05803968749999999,0.577772625
0.1875,0.0,0.625,-0.02426249999999998,0.062394249999999984,0.6421246250000001
0.1875,0.0,0.6875,-0.03391593749999998,0.06674881249999999,0.7064766250000001
0.1875,0.0,0.75,-0.043569374999999966,0.07110337499999998,0.770828625
0.1875,0.0,0.8125,-0.053222812499999966,0.07545793749999999,0.8351806250000001
0.1875,0.0,0.875,-0.06287624999999997,0.07981249999999998,0.8995326250000001
0.1875,0.0,0.9375,-0.07252968749999997,0.08416706249999999,0.9638846250000002
0.1875,0.0,1.0,-0.08218312499999997,0.08852162499999998,1.0282366250000001
0.1875,0.0625,0.0,0.12033468750000001,0.07071125,-0.0027822499999999996
0.1875,0.0625,0.0625,0.11068125000000001,0.0750658125,0.061569750000000006
0.1875,0.0625,0.125,0.10102781250000001,0.079420375,0.12592175000000003
0.1875,0.0625,0.1875,0.09137437500000001,0.08377493750000001,0.19027375000000002
0.1875,0.0625,0.25,0.08172093750000001,0.0881295,0.25462575000000004
0.1875,0.0625,0.3125,0.0720675,0.09248406249999999,0.31897775000000006
0.1875,0.0625,0.375,0.06241406250000002,0.096838625,0.38332975
0.1875,0.0625,0.4375,0.05276062500000002,0.1011931875,0.44768175000000004
0.1875,0.0625,0.5,0.04310718750000002,0.10554775,0.5120337500000001
0.1875,0.0625,0.5625,0.03345375000000002,0.10990231249999999,0.57638575
0.1875,0.0625,0.625,0.023800312500000018,0.114256875,0.6407377500000001
0.1875,0.0625,0.6875,0.014146875000000017,0.1186114375,0.7050897500000001
0.1875,0.0625,0.75,0.00449343750000003,0.12296599999999999,0.76944175
0.1875,0.0625,0.8125,-0.00515999999999997,0.12732056249999998,0.8337937500000001
0.1875,0.0625,0.875,-0.01481343749999997,0.131675125,0.8981457500000001
0.1875,0.0625,0.9375,-0.02446687499999997,0.1360296875,0.9624977500000002
0.1875,0.0625,1.0,-0.03412031249999997,0.14038425,1.02684975
0.1875,0.125,0.0,0.1683975,0.122573875,-0.004169124999999999
0.1875,0.125,0.0625,0.1587440625,0.1269284375,0.06018287500000001
0.1875,0.125,0.125,0.149090625,0.13128299999999998,0.12453487500000002
0.1875,0.125,0.1875,0.1394371875,0.1356375625,0.188886875
0.1875,0.125,0.25,0.12978375,0.139992125,0.25323887500000003
0.1875,0.125,0.3125,0.1201303125,0.1443466875,0.31759087500000005
0.1875,0.125,0.375,0.11047687500000002,0.14870125,0.381942875
0.1875,0.125,0.4375,0.10082343750000002,0.1530558125,0.44629487500000004
0.1875,0.125,0.5,0.09117000000000001,0.157410375,0.5106468750000001
0.1875,0.125,0.5625,0.08151656250000001,0.16176493749999998,0.574998875
0.1875,0.125,0.625,0.07186312500000001,0.16611949999999998,0.6393508750000001
0.1875,0.125,0.6875,0.06220968750000001,0.1704740625,0.7037028750000001
0.1875,0.125,0.75,0.05255625000000003,0.174828625,0.768054875
0.1875,0.125,0.8125,0.042902812500000026,0.17918318749999998,0.8324068750000001
0.1875,0.125,0.875,0.033249375000000025,0.18353775,0.8967588750000001
0.1875,0.125,0.9375,0.023595937500000025,0.1878923125,0.9611108750000001
0.1875,0.125,1.0,0.013942500000000024,0.19224687499999998,1.025462875
0.1875,0.1875,0.0,0.2164603125,0.17443650000000002,-0.005555999999999999
0.1875,0.1875,0.0625,0.206806875,0.17879106250000001,0.05879600000000001
0.1875,0.1875,0.125,0.1971534375,0.18314562500000003,0.12314800000000001
0.1875,0.1875,0.1875,0.1875,0.18750018750000003,0.1875
0.1875,0.1875,0.25,0.1778465625,0.19185475000000002,0.251852
0.1875,0.1875,0.3125,0.168193125,0.1962093125,0.31620400000000004
0.1875,0.1875,0.375,0.15853968750000003,0.200563875,0.380556
0.1875,0.1875,0.4375,0.14888625,0.20491843750000002,0.444908
0.1875,0.1875,0.5,0.13923281250000002,0.20927300000000001,0.50926
0.1875,0.1875,0.5625,0.129579375,0.2136275625,0.573612
0.1875,0.1875,0.625,0.11992593750000001,0.21798212500000003,0.6379640000000001
0.1875,0.1875,0.6875,0.11027250000000001,0.22233668750000002,0.702316
0.1875,0.1875,0.75,0.10061906250000002,0.22669125,0.766668
0.1875,0.1875,0.8125,0.09096562500000002,0.2310458125,0.8310200000000001
0.1875,0.1875,0.875,0.08131218750000002,0.235400375,0.8953720000000001
0.1875,0.1875,0.9375,0.07165875000000002,0.23975493750000001,0.9597240000000001
0.1875,0.1875,1.0,0.06200531250000002,0.2441095,1.0240760000000002
0.1875,0.25,0.0,0.26452312499999997,0.22629912500000002,-0.0069428749999999985
0.1875,0.25,0.0625,0.2548696875,0.2306536875,0.057409125000000005
0.1875,0.25,0.125,0.24521624999999997,0.23500825000000003,0.12176112500000001
0.1875,0.25,0.1875,0.23556281249999997,0.23936281250000002,0.18611312500000002
0.1875,0.25,0.25,0.22590937499999997,0.243717375,0.250465125
0.1875,0.25,0.3125,0.21625593749999997,0.2480719375,0.31481712500000003
0.1875,0.25,0.375,0.20660249999999997,0.2524265,0.379169125
0.1875,0.25,0.4375,0.1969490625,0.2567810625,0.443521125
0.1875,0.25,0.5,0.18729562499999997,0.261135625,0.507873125
0.1875,0.25,0.5625,0.1776421875,0.26549018750000003,0.572225125
0.1875,0.25,0.625,0.16798874999999996,0.26984475,0.6365771250000001
0.1875,0.25,0.6875,0.1583353125,0.2741993125,0.700929125
0.1875,0.25,0.75,0.148681875,0.278553875,0.765281125
0.1875,0.25,0.8125,0.1390284375,0.2829084375,0.8296331250000001
0.1875,0.25,0.875,0.129375,0.287263,0.893985125
0.1875,0.25,0.9375,0.11972156249999999,0.29161756250000004,0.9583371250000001
0.1875,0.25,1.0,0.11006812499999999,0.29597212500000003,1.022689125
0.1875,0.3125,0.0,0.31258593749999997,0.27816175000000004,-0.008329749999999997
0.1875,0.3125,0.0625,0.3029325,0.28251631250000003,0.05602225000000001
0.1875,0.3125,0.125,0.29327906249999997,0.286870875,0.12037425000000002
0.1875,0.3125,0.1875,0.283625625,0.2912254375,0.18472625
0.1875,0.3125,0.25,0.27397218749999996,0.29558000000000006,0.24907825000000003
0.1875,0.3125,0.3125,0.26431875,0.29993456250000006,0.31343025
0.1875,0.3125,0.375,0.25466531249999996,0.30428912500000005,0.37778225
0.1875,0.3125,0.4375,0.245011875,0.30864368750000004,0.44213425000000006
0.1875,0.3125,0.5,0.23535843749999996,0.31299825000000003,0.50648625
0.1875,0.3125,0.5625,0.225705,0.3173528125,0.57083825
0.1875,0.3125,0.625,0.21605156249999996,0.321707375,0.6351902500000001
0.1875,0.3125,0.6875,0.206398125,0.3260619375,0.69954225
0.1875,0.3125,0.75,0.1967446875,0.3304165,0.76389425
0.1875,0.3125,0.8125,0.18709125,0.33477106250000005,0.8282462500000001
0.1875,0.3125,0.875,0.1774378125,0.33912562500000004,0.89259825
0.1875,0.3125,0.9375,0.16778437499999999,0.34348018750000003,0.9569502500000001
0.1875,0.3125,1.0,0.15813093749999999,0.34783475,1.0213022500000002
0.1875,0.375,0.0,0.36064874999999996,0.33002437500000004,-0.009716625
0.1875,0.375,0.0625,0.3509953125,0.33437893750000003,0.05463537500000001
0.1875,0.375,0.125,0.34134187499999996,0.3387335,0.118987375
0.1875,0.375,0.1875,0.3316884375,0.3430880625,0.183339375
0.1875,0.375,0.25,0.32203499999999996,0.347442625,0.24769137500000002
0.1875,0.375,0.3125,0.3123815625,0.35179718750000005,0.31204337500000007
0.1875,0.375,0.375,0.30272812499999996,0.35615175000000004,0.37639537500000003
0.1875,0.375,0.4375,0.2930746875,0.36050631250000004,0.44074737500000005
0.1875,0.375,0.5,0.28342124999999996,0.36486087500000003,0.505099375
0.1875,0.375,0.5625,0.2737678125,0.3692154375,0.569451375
0.1875,0.375,0.625,0.26411437499999996,0.37357,0.6338033750000001
0.1875,0.375,0.6875,0.2544609375,0.3779245625,0.698155375
0.1875,0.375,0.75,0.24480749999999998,0.38227912500000005,0.762507375
0.1875,0.375,0.8125,0.23515406249999998,0.38663368750000005,0.8268593750000001
0.1875,0.375,0.875,0.22550062499999998,0.39098825000000004,0.891211375
0.1875,0.375,0.9375,0.21584718749999998,0.39534281250000003,0.9555633750000001
0.1875,0.375,1.0,0.20619374999999998,0.399697375,1.019915375
0.1875,0.4375,0.0,0.40871156249999996,0.38188700000000003,-0.011103499999999999
0.1875,0.4375,0.0625,0.399058125,0.3862415625,0.053248500000000004
0.1875,0.4375,0.125,0.38940468749999996,0.390596125,0.11760050000000001
0.1875,0.4375,0.1875,0.37975125,0.3949506875,0.18195250000000002
0.1875,0.4375,0.25,0.37009781249999996,0.39930525000000006,0.24630450000000004
0.1875,0.4375,0.3125,0.360444375,0.40365981250000005,0.31065650000000006
0.1875,0.4375,0.375,0.35079093749999996,0.40801437500000004,0.3750085
0.1875,0.4375,0.4375,0.3411375,0.41236893750000003,0.43936050000000004
0.1875,0.4375,0.5,0.33148406249999995,0.4167235,0.5037125
0.1875,0.4375,0.5625,0.321830625,0.4210780625,0.5680645
0.1875,0.4375,0.625,0.31217718749999995,0.425432625,0.6324165
0.1875,0.4375,0.6875,0.30252375,0.4297871875,0.6967685
0.1875,0.4375,0.75,0.29287031249999995,0.43414175,0.7611205
0.1875,0.4375,0.8125,0.283216875,0.43849631250000004,0.8254725
0.1875,0.4375,0.875,0.2735634375,0.44285087500000003,0.8898245
0.1875,0.4375,0.9375,0.26391,0.4472054375,0.9541765000000001
0.1875,0.4375,1.0,0.25425656249999995,0.45156,1.0185285000000002
0.1875,0.5,0.0,0.45677437499999995,0.433749625,-0.012490374999999998
0.1875,0.5,0.0625,0.4471209375,0.4381041875,0.05186162500000001
0.1875,0.5,0.125,0.43746749999999995,0.44245875,0.11621362500000001
0.1875,0.5,0.1875,0.4278140625,0.4468133125,0.180565625
0.1875,0.5,0.25,0.41816062499999995,0.451167875,0.24491762500000003
0.1875,0.5,0.3125,0.4085071875,0.45552243750000004,0.30926962500000005
0.1875,0.5,0.375,0.39885374999999995,0.45987700000000004,0.373621625
0.1875,0.5,0.4375,0.3892003125,0.46423156250000003,0.43797362500000003
0.1875,0.5,0.5,0.37954687499999995,0.468586125,0.5023256250000001
0.1875,0.5,0.5625,0.3698934375,0.4729406875,0.5666776250000001
0.1875,0.5,0.625,0.36023999999999995,0.47729525,0.631029625
0.1875,0.5,0.6875,0.3505865625,0.4816498125,0.695381625
0.1875,0.5,0.75,0.34093312499999995,0.48600437500000004,0.759733625
0.1875,0.5,0.8125,0.3312796875,0.49035893750000004,0.8240856250000002
0.1875,0.5,0.875,0.32162625,0.49471350000000003,0.8884376250000001
0.1875,0.5,0.9375,0.3119728125,0.4990680625,0.9527896250000001
0.1875,0.5,1.0,0.30231937499999995,0.503422625,1.017141625
0.1875,0.5625,0.0,0.5048371875,0.48561225,-0.013877249999999997
0.1875,0.5625,0.0625,0.49518375,0.4899668125,0.05047475000000001
0.1875,0.5625,0.125,0.48553031249999995,0.494321375,0.11482675000000002
0.1875,0.5625,0.1875,0.475876875,0.4986759375,0.17917875
0.1875,0.5625,0.25,0.46622343749999995,0.5030305,0.24353075000000002
0.1875,0.5625,0.3125,0.45657,0.5073850625,0.30788275000000004
0.1875,0.5625,0.375,0.44691656249999995,0.511739625,0.37223475
0.1875,0.5625,0.4375,0.437263125,0.5160941875,0.43658675
0.1875,0.5625,0.5,0.42760968749999995,0.52044875,0.5009387500000001
0.1875,0.5625,0.5625,0.41795625,0.5248033125,0.5652907500000001
0.1875,0.5625,0.625,0.40830281249999995,0.529157875,0.6296427500000001
0.1875,0.5625,0.6875,0.398649375,0.5335124375,0.6939947500000001
0.1875,0.5625,0.75,0.38899593749999994,0.537867,0.7583467500000001
0.1875,0.5625,0.8125,0.37934249999999997,0.5422215625,0.8226987500000001
0.1875,0.5625,0.875,0.3696890625,0.546576125,0.8870507500000001
0.1875,0.5625,0.9375,0.36003562499999997,0.5509306875,0.9514027500000002
0.1875,0.5625,1.0,0.35038218749999994,0.5552852500000001,1.0157547500000002
0.1875,0.625,0.0,0.5529,0.537474875,-0.015264124999999996
0.1875,0.625,0.0625,0.5432465624999999,0.5418294375,0.04908787500000001
0.1875,0.625,0.125,0.533593125,0.546184,0.11343987500000002
0.1875,0.625,0.1875,0.5239396875,0.5505385625,0.17779187500000002
0.1875,0.625,0.25,0.51428625,0.554893125,0.24214387500000004
0.1875,0.625,0.3125,0.5046328124999999,0.5592476875,0.30649587500000003
0.1875,0.625,0.375,0.49497937499999994,0.56360225,0.370847875
0.1875,0.625,0.4375,0.48532593749999997,0.5679568125,0.435199875
0.1875,0.625,0.5,0.47567249999999994,0.572311375,0.49955187500000003
0.1875,0.625,0.5625,0.46601906249999997,0.5766659375000001,0.563903875
0.1875,0.625,0.625,0.45636562499999994,0.5810205,0.6282558750000001
0.1875,0.625,0.6875,0.44671218749999997,0.5853750625,0.6926078750000001
0.1875,0.625,0.75,0.43705874999999994,0.589729625,0.7569598750000001
0.1875,0.625,0.8125,0.42740531249999997,0.5940841875,0.8213118750000001
0.1875,0.625,0.875,0.417751875,0.59843875,0.8856638750000001
0.1875,0.625,0.9375,0.40809843749999997,0.6027933125,0.9500158750000002
0.1875,0.625,1.0,0.39844499999999994,0.607147875,1.014367875
0.1875,0.6875,0.0,0.6009628124999999,0.5893375,-0.016650999999999996
0.1875,0.6875,0.0625,0.5913093749999999,0.5936920625,0.04770100000000001
0.1875,0.6875,0.125,0.5816559375,0.5980466249999999,0.11205300000000001
0.1875,0.6875,0.1875,0.5720025,0.6024011874999999,0.176405
0.1875,0.6875,0.25,0.5623490624999999,0.6067557499999999,0.24075700000000003
0.1875,0.6875,0.3125,0.5526956249999999,0.6111103124999999,0.3051090000000001
0.1875,0.6875,0.375,0.5430421875,0.6154648749999999,0.36946100000000004
0.1875,0.6875,0.4375,0.53338875,0.6198194374999999,0.43381300000000006
0.1875,0.6875,0.5,0.5237353124999999,0.624174,0.4981650000000001
0.1875,0.6875,0.5625,0.5140818749999999,0.6285285625,0.562517
0.1875,0.6875,0.625,0.5044284375,0.632883125,0.6268690000000001
0.1875,0.6875,0.6875,0.49477499999999996,0.6372376875,0.6912210000000001
0.1875,0.6875,0.75,0.48512156249999994,0.64159225,0.755573
0.1875,0.6875,0.8125,0.47546812499999996,0.6459468125,0.8199250000000001
0.1875,0.6875,0.875,0.4658146875,0.650301375,0.8842770000000001
0.1875,0.6875,0.9375,0.45616124999999996,0.6546559375,0.9486290000000002
0.1875,0.6875,1.0,0.44650781249999993,0.6590104999999999,1.0129810000000001
0.1875,0.75,0.0,0.6490256249999999,0.641200125,-0.018037875
0.1875,0.75,0.0625,0.6393721874999999,0.6455546875,0.04631412500000001
0.1875,0.75,0.125,0.62971875,0.64990925,0.11066612500000002
0.1875,0.75,0.1875,0.6200653125,0.6542638125,0.175018125
0.1875,0.75,0.25,0.6104118749999999,0.658618375,0.23937012500000002
0.1875,0.75,0.3125,0.6007584374999999,0.6629729375,0.30372212500000006
0.1875,0.75,0.375,0.591105,0.6673275,0.36807412500000003
0.1875,0.75,0.4375,0.5814515625,0.6716820625,0.43242612500000005
0.1875,0.75,0.5,0.5717981249999999,0.6760366250000001,0.49677812500000007
0.1875,0.75,0.5625,0.5621446874999999,0.6803911875,0.561130125
0.1875,0.75,0.625,0.55249125,0.68474575,0.6254821250000001
0.1875,0.75,0.6875,0.5428378125,0.6891003125,0.6898341250000001
0.1875,0.75,0.75,0.5331843749999999,0.693454875,0.754186125
0.1875,0.75,0.8125,0.5235309374999999,0.6978094375,0.8185381250000001
0.1875,0.75,0.875,0.5138775,0.702164,0.8828901250000001
0.1875,0.75,0.9375,0.5042240625,0.7065185625,0.9472421250000002
0.1875,0.75,1.0,0.49457062499999993,0.710873125,1.011594125
0.1875,0.8125,0.0,0.6970884374999999,0.69306275,-0.019424749999999998
0.1875,0.8125,0.0625,0.6874349999999999,0.6974173124999999,0.04492725000000001
0.1875,0.8125,0.125,0.6777815625,0.7017718749999999,0.10927925000000002
0.1875,0.8125,0.1875,0.668128125,0.7061264374999999,0.17363125000000001
0.1875,0.8125,0.25,0.6584746874999999,0.7104809999999999,0.23798325000000004
0.1875,0.8125,0.3125,0.6488212499999999,0.7148355624999999,0.30233525000000006
0.1875,0.8125,0.375,0.6391678125,0.7191901249999999,0.36668725
0.1875,0.8125,0.4375,0.629514375,0.7235446874999999,0.43103925000000004
0.1875,0.8125,0.5,0.6198609374999999,0.7278992499999999,0.49539125000000006
0.1875,0.8125,0.5625,0.6102074999999999,0.7322538125,0.55974325
0.1875,0.8125,0.625,0.6005540625,0.736608375,0.6240952500000001
0.1875,0.8125,0.6875,0.590900625,0.7409629375,0.6884472500000001
0.1875,0.8125,0.75,0.5812471874999999,0.7453175,0.75279925
0.1875,0.8125,0.8125,0.5715937499999999,0.7496720625,0.8171512500000001
0.1875,0.8125,0.875,0.5619403125,0.754026625,0.8815032500000001
0.1875,0.8125,0.9375,0.552286875,0.7583811874999999,0.9458552500000001
0.1875,0.8125,1.0,0.5426334374999999,0.7627357499999999,1.0102072500000001
0.1875,0.875,0.0,0.7451512499999999,0.744925375,-0.020811624999999997
0.1875,0.875,0.0625,0.7354978124999999,0.7492799375,0.043540375000000006
0.1875,0.875,0.125,0.725844375,0.7536345,0.10789237500000001
0.1875,0.875,0.1875,0.7161909375,0.7579890625,0.172244375
0.1875,0.875,0.25,0.7065374999999999,0.762343625,0.23659637500000003
0.1875,0.875,0.3125,0.6968840624999999,0.7666981875,0.30094837500000005
0.1875,0.875,0.375,0.687230625,0.77105275,0.365300375
0.1875,0.875,0.4375,0.6775771875,0.7754073125,0.42965237500000003
0.1875,0.875,0.5,0.6679237499999999,0.7797618749999999,0.49400437500000005
0.1875,0.875,0.5625,0.6582703124999999,0.7841164375,0.558356375
0.1875,0.875,0.625,0.648616875,0.788471,0.6227083750000001
0.1875,0.875,0.6875,0.6389634375,0.7928255625,0.6870603750000001
0.1875,0.875,0.75,0.6293099999999999,0.797180125,0.751412375
0.1875,0.875,0.8125,0.6196565624999999,0.8015346875,0.8157643750000001
0.1875,0.875,0.875,0.610003125,0.80588925,0.8801163750000001
0.1875,0.875,0.9375,0.6003496875,0.8102438125,0.9444683750000001
0.1875,0.875,1.0,0.5906962499999999,0.814598375,1.0088203750000002
0.1875,0.9375,0.0,0.7932140624999999,0.7967879999999999,-0.022198499999999996
0.1875,0.9375,0.0625,0.7835606249999999,0.8011425624999999,0.04215350000000001
0.1875,0.9375,0.125,0.7739071875,0.8054971249999999,0.10650550000000002
0.1875,0.9375,0.1875,0.76425375,0.8098516874999999,0.1708575
0.1875,0.9375,0.25,0.7546003124999999,0.8142062499999999,0.23520950000000002
0.1875,0.9375,0.3125,0.7449468749999999,0.8185608124999999,0.29956150000000004
0.1875,0.9375,0.375,0.7352934375,0.8229153749999999,0.3639135
0.1875,0.9375,0.4375,0.72564,0.8272699374999999,0.4282655
0.1875,0.9375,0.5,0.7159865624999999,0.8316245,0.49261750000000004
0.1875,0.9375,0.5625,0.7063331249999999,0.8359790625,0.5569695
0.1875,0.9375,0.625,0.6966796875,0.840333625,0.6213215000000001
0.1875,0.9375,0.6875,0.68702625,0.8446881875,0.6856735
0.1875,0.9375,0.75,0.6773728124999999,0.84904275,0.7500255
0.1875,0.9375,0.8125,0.6677193749999999,0.8533973125,0.8143775000000001
0.1875,0.9375,0.875,0.6580659375,0.8577518749999999,0.8787295
0.1875,0.9375,0.9375,0.6484125,0.8621064374999999,0.9430815000000001
0.1875,0.9375,1.0,0.6387590624999999,0.8664609999999999,1.0074335
0.1875,1.0,0.0,0.8412768749999999,0.848650625,-0.023585374999999995
0.1875,1.0,0.0625,0.8316234374999999,0.8530051875,0.040766625000000015
0.1875,1.0,0.125,0.82197,0.85735975,0.10511862500000002
0.1875,1.0,0.1875,0.8123165625,0.8617143125,0.169470625
0.1875,1.0,0.25,0.8026631249999999,0.866068875,0.23382262500000003
0.1875,1.0,0.3125,0.7930096874999999,0.8704234375,0.298174625
0.1875,1.0,0.375,0.78335625,0.874778,0.362526625
0.1875,1.0,0.4375,0.7737028125,0.8791325624999999,0.426878625
0.1875,1.0,0.5,0.7640493749999999,0.883487125,0.49123062500000003
0.1875,1.0,0.5625,0.7543959374999999,0.8878416875,0.555582625
0.1875,1.0,0.625,0.7447425,0.89219625,0.6199346250000001
0.1875,1.0,0.6875,0.7350890625,0.8965508125,0.684286625
0.1875,1.0,0.75,0.7254356249999999,0.900905375,0.748638625
0.1875,1.0,0.8125,0.7157821874999999,0.9052599375,0.8129906250000001
0.1875,1.0,0.875,0.70612875,0.9096145,0.877342625
0.1875,1.0,0.9375,0.6964753124999999,0.9139690625,0.9416946250000001
0.1875,1.0,1.0,0.6868218749999999,0.918323625,1.0060466250000002
0.25,0.0,0.0,0.09636250000000002,0.025131499999999998,-0.0018605
0.25,0.0,0.0625,0.08670906250000002,0.029486062499999997,0.062491500000000005
0.25,0.0,0.125,0.07705562500000002,0.033840625,0.12684350000000003
0.25,0.0,0.1875,0.06740218750000002,0.03819518749999999,0.19119550000000002
0.25,0.0,0.25,0.05774875000000002,0.04254975,0.25554750000000004
0.25,0.0,0.3125,0.04809531250000002,0.04690431249999999,0.31989950000000006
0.25,0.0,0.375,0.03844187500000003,0.051258874999999995,0.3842515
0.25,0.0,0.4375,0.028788437500000028,0.05561343749999999,0.44860350000000004
0.25,0.0,0.5,0.019135000000000027,0.059967999999999994,0.5129555
0.25,0.0,0.5625,0.009481562500000026,0.06432256249999999,0.5773075
0.25,0.0,0.625,-0.00017187499999997413,0.06867712499999999,0.6416595
0.25,0.0,0.6875,-0.009825312499999975,0.07303168749999998,0.7060115
0.25,0.0,0.75,-0.01947874999999996,0.07738624999999999,0.7703635
0.25,0.0,0.8125,-0.029132187499999962,0.08174081249999998,0.8347155
0.25,0.0,0.875,-0.03878562499999996,0.08609537499999999,0.8990675
0.25,0.0,0.9375,-0.04843906249999996,0.0904499375,0.9634195000000001
0.25,0.0,1.0,-0.058092499999999964,0.09480449999999999,1.0277715
0.25,0.0625,0.0,0.1444253125,0.076994125,-0.0032473749999999994
0.25,0.0625,0.0625,0.134771875,0.08134868749999999,0.06110462500000001
0.25,0.0625,0.125,0.1251184375,0.08570325,0.12545662500000002
0.25,0.0625,0.1875,0.11546500000000001,0.0900578125,0.189808625
0.25,0.0625,0.25,0.10581156250000001,0.09441237499999999,0.25416062500000003
0.25,0.0625,0.3125,0.09615812500000001,0.09876693749999998,0.31851262500000005
0.25,0.0625,0.375,0.08650468750000002,0.10312149999999999,0.382864625
0.25,0.0625,0.4375,0.07685125000000002,0.1074760625,0.44721662500000003
0.25,0.0625,0.5,0.06719781250000002,0.11183062499999999,0.511568625
0.25,0.0625,0.5625,0.05754437500000002,0.11618518749999998,0.575920625
0.25,0.0625,0.625,0.04789093750000002,0.12053974999999999,0.640272625
0.25,0.0625,0.6875,0.03823750000000002,0.1248943125,0.704624625
0.25,0.0625,0.75,0.028584062500000035,0.12924887499999999,0.768976625
0.25,0.0625,0.8125,0.018930625000000034,0.13360343749999998,0.833328625
0.25,0.0625,0.875,0.009277187500000034,0.13795799999999997,0.897680625
0.25,0.0625,0.9375,-0.0003762499999999669,0.1423125625,0.9620326250000001
0.25,0.0625,1.0,-0.010029687499999967,0.14666712499999998,1.0263846250000002
0.25,0.125,0.0,0.192488125,0.12885675,-0.0046342499999999995
0.25,0.125,0.0625,0.1828346875,0.13321131249999998,0.05971775000000001
0.25,0.125,0.125,0.17318125,0.137565875,0.12406975
0.25,0.125,0.1875,0.1635278125,0.1419204375,0.18842175
0.25,0.125,0.25,0.153874375,0.146275,0.25277375
0.25,0.125,0.3125,0.1442209375,0.15062956249999998,0.31712575000000004
0.25,0.125,0.375,0.1345675,0.15498412499999997,0.38147775
0.25,0.125,0.4375,0.12491406250000002,0.1593386875,0.44582975
0.25,0.125,0.5,0.11526062500000002,0.16369324999999998,0.5101817500000001
0.25,0.125,0.5625,0.10560718750000002,0.16804781249999998,0.5745337500000001
0.25,0.125,0.625,0.09595375000000002,0.172402375,0.6388857500000001
0.25,0.125,0.6875,0.08630031250000002,0.1767569375,0.7032377500000001
0.25,0.125,0.75,0.07664687500000003,0.18111149999999998,0.7675897500000001
0.25,0.125,0.8125,0.06699343750000003,0.18546606249999997,0.8319417500000001
0.25,0.125,0.875,0.05734000000000003,0.18982062499999997,0.8962937500000001
0.25,0.125,0.9375,0.04768656250000003,0.19417518749999998,0.9606457500000002
0.25,0.125,1.0,0.03803312500000003,0.19852974999999998,1.02499775
0.25,0.1875,0.0,0.2405509375,0.18071937500000002,-0.006021125
0.25,0.1875,0.0625,0.2308975,0.1850739375,0.058330875000000004
0.25,0.1875,0.125,0.2212440625,0.1894285,0.12268287500000001
0.25,0.1875,0.1875,0.211590625,0.19378306250000002,0.18703487500000002
0.25,0.1875,0.25,0.2019371875,0.198137625,0.251386875
0.25,0.1875,0.3125,0.19228375,0.2024921875,0.31573887500000003
0.25,0.1875,0.375,0.1826303125,0.20684675000000002,0.380090875
0.25,0.1875,0.4375,0.17297687500000003,0.21120131250000002,0.444442875
0.25,0.1875,0.5,0.1633234375,0.215555875,0.5087948750000001
0.25,0.1875,0.5625,0.15367000000000003,0.2199104375,0.5731468750000001
0.25,0.1875,0.625,0.1440165625,0.224265,0.6374988750000001
0.25,0.1875,0.6875,0.13436312500000003,0.2286195625,0.7018508750000001
0.25,0.1875,0.75,0.12470968750000003,0.232974125,0.7662028750000001
0.25,0.1875,0.8125,0.11505625000000003,0.2373286875,0.8305548750000001
0.25,0.1875,0.875,0.10540281250000003,0.24168325000000002,0.8949068750000001
0.25,0.1875,0.9375,0.09574937500000003,0.2460378125,0.9592588750000002
0.25,0.1875,1.0,0.08609593750000002,0.250392375,1.0236108750000001
0.25,0.25,0.0,0.28861375,0.232582,-0.007407999999999999
0.25,0.25,0.0625,0.27896031250000003,0.2369365625,0.05694400000000001
0.25,0.25,0.125,0.269306875,0.241291125,0.12129600000000001
0.25,0.25,0.1875,0.25965343750000003,0.24564568750000002,0.185648
0.25,0.25,0.25,0.25,0.25000025000000003,0.25
0.25,0.25,0.3125,0.2403465625,0.2543548125,0.314352
0.25,0.25,0.375,0.230693125,0.258709375,0.378704
0.25,0.25,0.4375,0.22103968750000003,0.2630639375,0.443056
0.25,0.25,0.5,0.21138625,0.2674185,0.5074080000000001
0.25,0.25,0.5625,0.20173281250000002,0.2717730625,0.57176
0.25,0.25,0.625,0.192079375,0.276127625,0.6361120000000001
0.25,0.25,0.6875,0.18242593750000002,0.2804821875,0.7004640000000001
0.25,0.25,0.75,0.17277250000000002,0.28483674999999997,0.764816
0.25,0.25,0.8125,0.16311906250000002,0.2891913125,0.8291680000000001
0.25,0.25,0.875,0.15346562500000002,0.293545875,0.8935200000000001
0.25,0.25,0.9375,0.14381218750000002,0.2979004375,0.9578720000000002
0.25,0.25,1.0,0.13415875000000002,0.302255,1.022224
0.25,0.3125,0.0,0.3366765625,0.284444625,-0.008794874999999997
0.25,0.3125,0.0625,0.327023125,0.2887991875,0.05555712500000001
0.25,0.3125,0.125,0.3173696875,0.29315375,0.11990912500000002
0.25,0.3125,0.1875,0.30771625,0.2975083125,0.184261125
0.25,0.3125,0.25,0.2980628125,0.301862875,0.24861312500000002
0.25,0.3125,0.3125,0.288409375,0.3062174375,0.31296512500000007
0.25,0.3125,0.375,0.2787559375,0.310572,0.37731712500000003
0.25,0.3125,0.4375,0.2691025,0.3149265625,0.44166912500000005
0.25,0.3125,0.5,0.2594490625,0.319281125,0.5060211250000001
0.25,0.3125,0.5625,0.24979562500000002,0.3236356875,0.570373125
0.25,0.3125,0.625,0.2401421875,0.32799025,0.6347251250000001
0.25,0.3125,0.6875,0.23048875000000002,0.3323448125,0.6990771250000001
0.25,0.3125,0.75,0.22083531250000002,0.336699375,0.763429125
0.25,0.3125,0.8125,0.21118187500000002,0.3410539375,0.8277811250000001
0.25,0.3125,0.875,0.20152843750000002,0.3454085,0.8921331250000001
0.25,0.3125,0.9375,0.19187500000000002,0.3497630625,0.9564851250000002
0.25,0.3125,1.0,0.18222156250000002,0.354117625,1.0208371250000001
0.25,0.375,0.0,0.384739375,0.33630725,-0.010181749999999998
0.25,0.375,0.0625,0.3750859375,0.3406618125,0.05417025000000001
0.25,0.375,0.125,0.3654325,0.345016375,0.11852225000000001
0.25,0.375,0.1875,0.3557790625,0.3493709375,0.18287425000000002
0.25,0.375,0.25,0.346125625,0.3537255,0.24722625000000004
0.25,0.375,0.3125,0.3364721875,0.3580800625,0.31157825000000006
0.25,0.375,0.375,0.32681875,0.362434625,0.37593025
0.25,0.375,0.4375,0.3171653125,0.3667891875,0.44028225000000004
0.25,0.375,0.5,0.307511875,0.37114375,0.5046342500000001
0.25,0.375,0.5625,0.2978584375,0.3754983125,0.56898625
0.25,0.375,0.625,0.288205,0.379852875,0.6333382500000001
0.25,0.375,0.6875,0.2785515625,0.38420743749999997,0.6976902500000001
0.25,0.375,0.75,0.268898125,0.38856199999999996,0.76204225
0.25,0.375,0.8125,0.2592446875,0.3929165625,0.8263942500000001
0.25,0.375,0.875,0.24959125000000001,0.397271125,0.8907462500000001
0.25,0.375,0.9375,0.23993781250000001,0.4016256875,0.9550982500000001
0.25,0.375,1.0,0.230284375,0.40598025,1.01945025
0.25,0.4375,0.0,0.4328021875,0.388169875,-0.011568624999999997
0.25,0.4375,0.0625,0.42314875,0.3925244375,0.05278337500000001
0.25,0.4375,0.125,0.4134953125,0.396879,0.11713537500000001
0.25,0.4375,0.1875,0.403841875,0.4012335625,0.181487375
0.25,0.4375,0.25,0.3941884375,0.40558812499999997,0.24583937500000003
0.25,0.4375,0.3125,0.384535,0.4099426875,0.31019137500000005
0.25,0.4375,0.375,0.3748815625,0.41429725,0.374543375
0.25,0.4375,0.4375,0.365228125,0.4186518125,0.43889537500000003
0.25,0.4375,0.5,0.3555746875,0.423006375,0.503247375
0.25,0.4375,0.5625,0.34592125,0.4273609375,0.567599375
0.25,0.4375,0.625,0.3362678125,0.4317155,0.6319513750000001
0.25,0.4375,0.6875,0.326614375,0.43607006249999997,0.6963033750000001
0.25,0.4375,0.75,0.3169609375,0.440424625,0.760655375
0.25,0.4375,0.8125,0.3073075,0.4447791875,0.8250073750000001
0.25,0.4375,0.875,0.29765406250000004,0.44913375,0.8893593750000001
0.25,0.4375,0.9375,0.288000625,0.4534883125,0.9537113750000001
0.25,0.4375,1.0,0.2783471875,0.457842875,1.018063375
0.25,0.5,0.0,0.480865,0.4400325,-0.012955499999999997
0.25,0.5,0.0625,0.4712115625,0.4443870625,0.05139650000000001
0.25,0.5,0.125,0.461558125,0.448741625,0.11574850000000002
0.25,0.5,0.1875,0.4519046875,0.45309618749999997,0.1801005
0.25,0.5,0.25,0.44225125,0.45745075,0.24445250000000002
0.25,0.5,0.3125,0.4325978125,0.4618053125,0.30880450000000004
0.25,0.5,0.375,0.422944375,0.466159875,0.3731565
0.25,0.5,0.4375,0.4132909375,0.4705144375,0.4375085
0.25,0.5,0.5,0.4036375,0.474869,0.5018605
0.25,0.5,0.5625,0.3939840625,0.4792235625,0.5662125
0.25,0.5,0.625,0.384330625,0.48357812499999997,0.6305645000000001
0.25,0.5,0.6875,0.3746771875,0.48793268749999996,0.6949165
0.25,0.5,0.75,0.36502375,0.49228724999999995,0.7592685
0.25,0.5,0.8125,0.3553703125,0.4966418125,0.8236205000000001
0.25,0.5,0.875,0.34571687500000003,0.5009963749999999,0.8879725
0.25,0.5,0.9375,0.3360634375,0.5053509375,0.9523245000000001
0.25,0.5,1.0,0.32641,0.5097054999999999,1.0166765000000002
0.25,0.5625,0.0,0.5289278125,0.491895125,-0.014342374999999996
0.25,0.5625,0.0625,0.519274375,0.4962496875,0.05000962500000001
0.25,0.5625,0.125,0.5096209375,0.50060425,0.11436162500000002
0.25,0.5625,0.1875,0.4999675,0.5049588125,0.17871362500000001
0.25,0.5625,0.25,0.4903140625,0.509313375,0.24306562500000004
0.25,0.5625,0.3125,0.480660625,0.5136679375,0.307417625
0.25,0.5625,0.375,0.4710071875,0.5180224999999999,0.371769625
0.25,0.5625,0.4375,0.46135375,0.5223770624999999,0.436121625
0.25,0.5625,0.5,0.4517003125,0.526731625,0.500473625
0.25,0.5625,0.5625,0.442046875,0.5310861875,0.564825625
0.25,0.5625,0.625,0.4323934375,0.53544075,0.6291776250000001
0.25,0.5625,0.6875,0.42274,0.5397953125,0.693529625
0.25,0.5625,0.75,0.4130865625,0.544149875,0.757881625
0.25,0.5625,0.8125,0.403433125,0.5485044375,0.8222336250000001
0.25,0.5625,0.875,0.39377968750000003,0.552859,0.886585625
0.25,0.5625,0.9375,0.38412625,0.5572135625,0.9509376250000001
0.25,0.5625,1.0,0.3744728125,0.561568125,1.015289625
0.25,0.625,0.0,0.576990625,0.54375775,-0.015729249999999997
0.25,0.625,0.0625,0.5673371875,0.5481123125,0.048622750000000006
0.25,0.625,0.125,0.55768375,0.552466875,0.11297475000000001
0.25,0.625,0.1875,0.5480303125,0.5568214375,0.17732675
0.25,0.625,0.25,0.538376875,0.561176,0.24167875000000003
0.25,0.625,0.3125,0.5287234375,0.5655305625,0.3060307500000001
0.25,0.625,0.375,0.51907,0.569885125,0.37038275000000004
0.25,0.625,0.4375,0.5094165625,0.5742396875,0.43473475000000006
0.25,0.625,0.5,0.499763125,0.5785942500000001,0.4990867500000001
0.25,0.625,0.5625,0.4901096875,0.5829488125000001,0.56343875
0.25,0.625,0.625,0.48045625,0.5873033750000001,0.6277907500000001
0.25,0.625,0.6875,0.4708028125,0.5916579375000001,0.69214275
0.25,0.625,0.75,0.461149375,0.5960125000000001,0.75649475
0.25,0.625,0.8125,0.4514959375,0.6003670625,0.8208467500000001
0.25,0.625,0.875,0.4418425,0.604721625,0.88519875
0.25,0.625,0.9375,0.4321890625,0.6090761875,0.9495507500000001
0.25,0.625,1.0,0.42253562499999997,0.61343075,1.0139027500000002
0.25,0.6875,0.0,0.6250534375,0.595620375,-0.017116124999999996
0.25,0.6875,0.0625,0.6154,0.5999749375,0.04723587500000001
0.25,0.6875,0.125,0.6057465625,0.6043295,0.11158787500000002
0.25,0.6875,0.1875,0.596093125,0.6086840625,0.17593987500000002
0.25,0.6875,0.25,0.5864396875,0.613038625,0.24029187500000004
0.25,0.6875,0.3125,0.57678625,0.6173931874999999,0.30464387500000006
0.25,0.6875,0.375,0.5671328125,0.6217477499999999,0.36899587500000003
0.25,0.6875,0.4375,0.557479375,0.6261023124999999,0.43334787500000005
0.25,0.6875,0.5,0.5478259375,0.6304568749999999,0.49769987500000007
0.25,0.6875,0.5625,0.5381724999999999,0.6348114375,0.562051875
0.25,0.6875,0.625,0.5285190625,0.639166,0.626403875
0.25,0.6875,0.6875,0.518865625,0.6435205625,0.690755875
0.25,0.6875,0.75,0.5092121875,0.647875125,0.755107875
0.25,0.6875,0.8125,0.49955875,0.6522296875,0.8194598750000001
0.25,0.6875,0.875,0.4899053125,0.65658425,0.883811875
0.25,0.6875,0.9375,0.480251875,0.6609388125,0.9481638750000001
0.25,0.6875,1.0,0.47059843749999997,0.665293375,1.012515875
0.25,0.75,0.0,0.67311625,0.647483,-0.018503
0.25,0.75,0.0625,0.6634628124999999,0.6518375625,0.04584900000000001
0.25,0.75,0.125,0.653809375,0.656192125,0.11020100000000002
0.25,0.75,0.1875,0.6441559375,0.6605466875,0.174553
0.25,0.75,0.25,0.6345025,0.66490125,0.23890500000000003
0.25,0.75,0.3125,0.6248490624999999,0.6692558125,0.30325700000000005
0.25,0.75,0.375,0.615195625,0.673610375,0.367609
0.25,0.75,0.4375,0.6055421875,0.6779649375,0.43196100000000004
0.25,0.75,0.5,0.59588875,0.6823195,0.49631300000000006
0.25,0.75,0.5625,0.5862353124999999,0.6866740625000001,0.560665
0.25,0.75,0.625,0.576581875,0.6910286250000001,0.625017
0.25,0.75,0.6875,0.5669284375,0.6953831875,0.689369
0.25,0.75,0.75,0.557275,0.69973775,0.753721
0.25,0.75,0.8125,0.5476215625,0.7040923125,0.818073
0.25,0.75,0.875,0.537968125,0.708446875,0.882425
0.25,0.75,0.9375,0.5283146875,0.7128014375,0.9467770000000001
0.25,0.75,1.0,0.51866125,0.717156,1.0111290000000002
0.25,0.8125,0.0,0.7211790625,0.699345625,-0.019889874999999998
0.25,0.8125,0.0625,0.7115256249999999,0.7037001875,0.044462125000000005
0.25,0.8125,0.125,0.7018721875,0.70805475,0.10881412500000001
0.25,0.8125,0.1875,0.69221875,0.7124093125,0.173166125
0.25,0.8125,0.25,0.6825653125,0.7167638749999999,0.23751812500000002
0.25,0.8125,0.3125,0.6729118749999999,0.7211184374999999,0.30187012500000004
0.25,0.8125,0.375,0.6632584375,0.7254729999999999,0.366222125
0.25,0.8125,0.4375,0.653605,0.7298275624999999,0.43057412500000003
0.25,0.8125,0.5,0.6439515625,0.734182125,0.49492612500000005
0.25,0.8125,0.5625,0.6342981249999999,0.7385366875,0.5592781250000001
0.25,0.8125,0.625,0.6246446875,0.74289125,0.6236301250000001
0.25,0.8125,0.6875,0.61499125,0.7472458125,0.6879821250000001
0.25,0.8125,0.75,0.6053378125,0.751600375,0.7523341250000001
0.25,0.8125,0.8125,0.595684375,0.7559549375,0.8166861250000002
0.25,0.8125,0.875,0.5860309375,0.7603095,0.8810381250000001
0.25,0.8125,0.9375,0.5763775,0.7646640625,0.9453901250000002
0.25,0.8125,1.0,0.5667240625,0.769018625,1.009742125
0.25,0.875,0.0,0.769241875,0.75120825,-0.021276749999999997
0.25,0.875,0.0625,0.7595884374999999,0.7555628125,0.04307525000000001
0.25,0.875,0.125,0.749935,0.759917375,0.10742725000000002
0.25,0.875,0.1875,0.7402815625,0.7642719375,0.17177925
0.25,0.875,0.25,0.730628125,0.7686265,0.23613125000000001
0.25,0.875,0.3125,0.7209746874999999,0.7729810625,0.30048325000000004
0.25,0.875,0.375,0.71132125,0.777335625,0.36483525
0.25,0.875,0.4375,0.7016678125,0.7816901875,0.42918725
0.25,0.875,0.5,0.692014375,0.7860447500000001,0.49353925000000004
0.25,0.875,0.5625,0.6823609374999999,0.7903993125000001,0.5578912500000001
0.25,0.875,0.625,0.6727075,0.794753875,0.6222432500000001
0.25,0.875,0.6875,0.6630540625,0.7991084375,0.6865952500000001
0.25,0.875,0.75,0.653400625,0.803463,0.7509472500000001
0.25,0.875,0.8125,0.6437471875,0.8078175625,0.8152992500000001
0.25,0.875,0.875,0.63409375,0.812172125,0.8796512500000001
0.25,0.875,0.9375,0.6244403125,0.8165266875,0.9440032500000002
0.25,0.875,1.0,0.614786875,0.82088125,1.0083552500000001
0.25,0.9375,0.0,0.8173046875,0.803070875,-0.022663624999999996
0.25,0.9375,0.0625,0.8076512499999999,0.8074254375,0.041688375000000014
0.25,0.9375,0.125,0.7979978125,0.81178,0.10604037500000002
0.25,0.9375,0.1875,0.788344375,0.8161345624999999,0.170392375
0.25,0.9375,0.25,0.7786909375,0.8204891249999999,0.23474437500000003
0.25,0.9375,0.3125,0.7690374999999999,0.8248436874999999,0.299096375
0.25,0.9375,0.375,0.7593840625,0.8291982499999999,0.363448375
0.25,0.9375,0.4375,0.749730625,0.8335528124999999,0.427800375
0.25,0.9375,0.5,0.7400771875,0.8379073749999999,0.49215237500000003
0.25,0.9375,0.5625,0.7304237499999999,0.8422619375,0.556504375
0.25,0.9375,0.625,0.7207703125,0.8466165,0.6208563750000001
0.25,0.9375,0.6875,0.711116875,0.8509710625,0.6852083750000001
0.25,0.9375,0.75,0.7014634375,0.855325625,0.7495603750000001
0.25,0.9375,0.8125,0.69181,0.8596801875,0.8139123750000001
0.25,0.9375,0.875,0.6821565625,0.86403475,0.8782643750000001
0.25,0.9375,0.9375,0.672503125,0.8683893125,0.9426163750000002
0.25,0.9375,1.0,0.6628496875,0.872743875,1.006968375
0.25,1.0,0.0,0.8653675,0.8549335,-0.024050499999999995
0.25,1.0,0.0625,0.8557140624999999,0.8592880625,0.04030150000000001
0.25,1.0,0.125,0.846060625,0.863642625,0.10465350000000001
0.25,1.0,0.1875,0.8364071875,0.8679971875,0.1690055
0.25,1.0,0.25,0.82675375,0.87235175,0.23335750000000002
0.25,1.0,0.3125,0.8171003124999999,0.8767063125,0.29770950000000007
0.25,1.0,0.375,0.807446875,0.881060875,0.36206150000000004
0.25,1.0,0.4375,0.7977934375,0.8854154375,0.42641350000000006
0.25,1.0,0.5,0.78814,0.88977,0.4907655000000001
0.25,1.0,0.5625,0.7784865624999999,0.8941245625,0.5551175
0.25,1.0,0.625,0.768833125,0.898479125,0.6194695000000001
0.25,1.0,0.6875,0.7591796875,0.9028336875,0.6838215000000001
0.25,1.0,0.75,0.74952625,0.90718825,0.7481735
0.25,1.0,0.8125,0.7398728125,0.9115428125,0.8125255000000001
0.25,1.0,0.875,0.730219375,0.915897375,0.8768775000000001
0.25,1.0,0.9375,0.7205659375,0.9202519375,0.9412295000000002
0.25,1.0,1.0,0.7109125,0.9246065,1.0055815000000001
0.3125,0.0,0.0,0.12045312500000002,0.031414374999999994,-0.002325625
0.3125,0.0,0.0625,0.11079968750000002,0.03576893749999999,0.06202637500000001
0.3125,0.0,0.125,0.10114625000000002,0.04012349999999999,0.12637837500000002
0.3125,0.0,0.1875,0.09149281250000002,0.04447806249999999,0.190730375
0.3125,0.0,0.25,0.08183937500000002,0.04883262499999999,0.25508237500000003
0.3125,0.0,0.3125,0.07218593750000002,0.05318718749999999,0.31943437500000005
0.3125,0.0,0.375,0.06253250000000003,0.05754174999999999,0.383786375
0.3125,0.0,0.4375,0.05287906250000003,0.06189631249999999,0.44813837500000003
0.3125,0.0,0.5,0.04322562500000003,0.06625087499999999,0.512490375
0.3125,0.0,0.5625,0.03357218750000003,0.07060543749999998,0.576842375
0.3125,0.0,0.625,0.02391875000000003,0.07495999999999998,0.6411943750000001
0.3125,0.0,0.6875,0.01426531250000003,0.07931456249999999,0.7055463750000001
0.3125,0.0,0.75,0.004611875000000043,0.08366912499999998,0.769898375
0.3125,0.0,0.8125,-0.0050415624999999575,0.08802368749999998,0.8342503750000001
0.3125,0.0,0.875,-0.014694999999999958,0.09237824999999998,0.8986023750000001
0.3125,0.0,0.9375,-0.02434843749999996,0.09673281249999999,0.9629543750000001
0.3125,0.0,1.0,-0.03400187499999996,0.10108737499999998,1.027306375
0.3125,0.0625,0.0,0.16851593750000002,0.08327699999999999,-0.0037124999999999997
0.3125,0.0625,0.0625,0.15886250000000002,0.08763156249999998,0.060639500000000006
0.3125,0.0625,0.125,0.14920906250000002,0.09198612499999999,0.12499150000000002
0.3125,0.0625,0.1875,0.13955562500000002,0.0963406875,0.1893435
0.3125,0.0625,0.25,0.12990218750000002,0.10069524999999999,0.2536955
0.3125,0.0625,0.3125,0.12024875000000002,0.10504981249999998,0.31804750000000004
0.3125,0.0625,0.375,0.11059531250000003,0.10940437499999998,0.3823995
0.3125,0.0625,0.4375,0.10094187500000003,0.11375893749999999,0.4467515
0.3125,0.0625,0.5,0.09128843750000003,0.11811349999999998,0.5111035
0.3125,0.0625,0.5625,0.08163500000000003,0.12246806249999997,0.5754555
0.3125,0.0625,0.625,0.07198156250000003,0.12682262499999997,0.6398075000000001
0.3125,0.0625,0.6875,0.062328125000000026,0.1311771875,0.7041595
0.3125,0.0625,0.75,0.05267468750000004,0.13553174999999998,0.7685115
0.3125,0.0625,0.8125,0.04302125000000004,0.13988631249999997,0.8328635000000001
0.3125,0.0625,0.875,0.03336781250000004,0.144240875,0.8972155
0.3125,0.0625,0.9375,0.023714375000000038,0.14859543749999998,0.9615675000000001
0.3125,0.0625,1.0,0.014060937500000037,0.15294999999999997,1.0259195
0.3125,0.125,0.0,0.21657875000000001,0.13513962499999999,-0.005099375
0.3125,0.125,0.0625,0.2069253125,0.13949418749999998,0.059252625
0.3125,0.125,0.125,0.197271875,0.14384874999999997,0.12360462500000001
0.3125,0.125,0.1875,0.1876184375,0.1482033125,0.18795662500000002
0.3125,0.125,0.25,0.177965,0.15255787499999998,0.252308625
0.3125,0.125,0.3125,0.1683115625,0.15691243749999997,0.31666062500000003
0.3125,0.125,0.375,0.15865812500000004,0.161267,0.381012625
0.3125,0.125,0.4375,0.1490046875,0.16562156249999999,0.445364625
0.3125,0.125,0.5,0.13935125000000004,0.16997612499999998,0.509716625
0.3125,0.125,0.5625,0.1296978125,0.17433068749999997,0.574068625
0.3125,0.125,0.625,0.12004437500000002,0.17868524999999996,0.6384206250000001
0.3125,0.125,0.6875,0.11039093750000002,0.18303981249999998,0.702772625
0.3125,0.125,0.75,0.10073750000000004,0.18739437499999997,0.767124625
0.3125,0.125,0.8125,0.09108406250000003,0.19174893749999997,0.8314766250000001
0.3125,0.125,0.875,0.08143062500000003,0.1961035,0.895828625
0.3125,0.125,0.9375,0.07177718750000003,0.20045806249999998,0.9601806250000001
0.3125,0.125,1.0,0.06212375000000003,0.20481262499999997,1.0245326250000002
0.3125,0.1875,0.0,0.26464156250000004,0.18700225,-0.006486249999999999
0.3125,0.1875,0.0625,0.25498812500000007,0.1913568125,0.05786575000000001
0.3125,0.1875,0.125,0.24533468750000004,0.19571137500000002,0.12221775000000001
0.3125,0.1875,0.1875,0.23568125000000004,0.2000659375,0.18656975
0.3125,0.1875,0.25,0.22602781250000004,0.2044205,0.25092175000000005
0.3125,0.1875,0.3125,0.21637437500000004,0.2087750625,0.31527375
0.3125,0.1875,0.375,0.20672093750000003,0.213129625,0.37962575
0.3125,0.1875,0.4375,0.19706750000000006,0.2174841875,0.44397775000000006
0.3125,0.1875,0.5,0.18741406250000003,0.22183875,0.50832975
0.3125,0.1875,0.5625,0.17776062500000006,0.2261933125,0.57268175
0.3125,0.1875,0.625,0.16810718750000003,0.230547875,0.6370337500000001
0.3125,0.1875,0.6875,0.15845375000000006,0.2349024375,0.70138575
0.3125,0.1875,0.75,0.14880031250000006,0.239257,0.76573775
0.3125,0.1875,0.8125,0.13914687500000006,0.2436115625,0.8300897500000001
0.3125,0.1875,0.875,0.12949343750000006,0.24796612499999998,0.89444175
0.3125,0.1875,0.9375,0.11984000000000006,0.25232068750000003,0.9587937500000001
0.3125,0.1875,1.0,0.11018656250000006,0.25667525,1.02314575
0.3125,0.25,0.0,0.31270437500000003,0.238864875,-0.007873124999999998
0.3125,0.25,0.0625,0.30305093750000006,0.2432194375,0.05647887500000001
0.3125,0.25,0.125,0.29339750000000003,0.24757400000000002,0.12083087500000002
0.3125,0.25,0.1875,0.28374406250000006,0.2519285625,0.185182875
0.3125,0.25,0.25,0.27409062500000003,0.256283125,0.24953487500000002
0.3125,0.25,0.3125,0.26443718750000006,0.2606376875,0.31388687500000007
0.3125,0.25,0.375,0.25478375000000003,0.26499225,0.37823887500000003
0.3125,0.25,0.4375,0.24513031250000006,0.2693468125,0.44259087500000005
0.3125,0.25,0.5,0.23547687500000003,0.273701375,0.506942875
0.3125,0.25,0.5625,0.22582343750000006,0.2780559375,0.571294875
0.3125,0.25,0.625,0.21617000000000003,0.2824105,0.6356468750000001
0.3125,0.25,0.6875,0.20651656250000006,0.2867650625,0.699998875
0.3125,0.25,0.75,0.19686312500000006,0.291119625,0.764350875
0.3125,0.25,0.8125,0.18720968750000005,0.2954741875,0.8287028750000001
0.3125,0.25,0.875,0.17755625000000005,0.29982875,0.893054875
0.3125,0.25,0.9375,0.16790281250000005,0.30418331249999997,0.9574068750000001
0.3125,0.25,1.0,0.15824937500000005,0.30853787499999996,1.0217588750000002
0.3125,0.3125,0.0,0.36076718750000003,0.2907275,-0.009259999999999997
0.3125,0.3125,0.0625,0.35111375000000006,0.2950820625,0.05509200000000001
0.3125,0.3125,0.125,0.34146031250000003,0.299436625,0.11944400000000002
0.3125,0.3125,0.1875,0.33180687500000006,0.3037911875,0.18379600000000001
0.3125,0.3125,0.25,0.32215343750000003,0.30814575,0.24814800000000004
0.3125,0.3125,0.3125,0.31250000000000006,0.31250031250000004,0.31250000000000006
0.3125,0.3125,0.375,0.3028465625,0.31685487500000004,0.376852
0.3125,0.3125,0.4375,0.29319312500000005,0.32120943750000003,0.44120400000000004
0.3125,0.3125,0.5,0.2835396875,0.325564,0.505556
0.3125,0.3125,0.5625,0.27388625000000005,0.3299185625,0.569908
0.3125,0.3125,0.625,0.2642328125,0.334273125,0.63426
0.3125,0.3125,0.6875,0.25457937500000005,0.3386276875,0.698612
0.3125,0.3125,0.75,0.24492593750000005,0.34298225000000004,0.762964
0.3125,0.3125,0.8125,0.23527250000000005,0.34733681250000004,0.827316
0.3125,0.3125,0.875,0.22561906250000005,0.35169137500000003,0.891668
0.3125,0.3125,0.9375,0.21596562500000005,0.3560459375,0.9560200000000001
0.3125,0.3125,1.0,0.20631218750000005,0.3604005,1.020372
0.3125,0.375,0.0,0.40883,0.342590125,-0.010646874999999998
0.3125,0.375,0.0625,0.39917656250000005,0.3469446875,0.053705125000000006
0.3125,0.375,0.125,0.389523125,0.35129925,0.11805712500000001
0.3125,0.375,0.1875,0.37986968750000005,0.3556538125,0.182409125
0.3125,0.375,0.25,0.37021625,0.36000837500000005,0.24676112500000003
0.3125,0.375,0.3125,0.36056281250000005,0.36436293750000004,0.31111312500000005
0.3125,0.375,0.375,0.350909375,0.36871750000000003,0.375465125
0.3125,0.375,0.4375,0.34125593750000005,0.3730720625,0.43981712500000003
0.3125,0.375,0.5,0.3316025,0.377426625,0.5041691250000001
0.3125,0.375,0.5625,0.32194906250000005,0.3817811875,0.5685211250000001
0.3125,0.375,0.625,0.312295625,0.38613575,0.6328731250000001
0.3125,0.375,0.6875,0.30264218750000005,0.3904903125,0.6972251250000001
0.3125,0.375,0.75,0.29298875,0.394844875,0.7615771250000001
0.3125,0.375,0.8125,0.28333531250000005,0.39919943750000003,0.8259291250000002
0.3125,0.375,0.875,0.2736818750000001,0.403554,0.8902811250000001
0.3125,0.375,0.9375,0.26402843750000005,0.4079085625,0.9546331250000002
0.3125,0.375,1.0,0.254375,0.412263125,1.0189851250000002
0.3125,0.4375,0.0,0.4568928125,0.39445275,-0.012033749999999998
0.3125,0.4375,0.0625,0.44723937500000005,0.3988073125,0.05231825000000001
0.3125,0.4375,0.125,0.4375859375,0.403161875,0.11667025000000002
0.3125,0.4375,0.1875,0.42793250000000005,0.4075164375,0.18102225
0.3125,0.4375,0.25,0.4182790625,0.411871,0.24537425000000002
0.3125,0.4375,0.3125,0.40862562500000005,0.41622556250000003,0.30972625000000004
0.3125,0.4375,0.375,0.3989721875,0.420580125,0.37407825
0.3125,0.4375,0.4375,0.38931875000000005,0.4249346875,0.43843025
0.3125,0.4375,0.5,0.3796653125,0.42928925,0.5027822500000001
0.3125,0.4375,0.5625,0.37001187500000005,0.4336438125,0.5671342500000001
0.3125,0.4375,0.625,0.3603584375,0.437998375,0.6314862500000001
0.3125,0.4375,0.6875,0.35070500000000004,0.4423529375,0.6958382500000001
0.3125,0.4375,0.75,0.3410515625,0.44670750000000004,0.7601902500000001
0.3125,0.4375,0.8125,0.33139812500000004,0.4510620625,0.8245422500000001
0.3125,0.4375,0.875,0.32174468750000007,0.455416625,0.8888942500000001
0.3125,0.4375,0.9375,0.31209125000000004,0.4597711875,0.9532462500000002
0.3125,0.4375,1.0,0.3024378125,0.46412575,1.01759825
0.3125,0.5,0.0,0.504955625,0.446315375,-0.013420624999999997
0.3125,0.5,0.0625,0.49530218750000005,0.4506699375,0.05093137500000001
0.3125,0.5,0.125,0.48564875,0.4550245,0.11528337500000002
0.3125,0.5,0.1875,0.47599531250000005,0.4593790625,0.179635375
0.3125,0.5,0.25,0.466341875,0.46373362500000004,0.24398737500000003
0.3125,0.5,0.3125,0.45668843750000004,0.46808818750000003,0.308339375
0.3125,0.5,0.375,0.447035,0.47244275,0.372691375
0.3125,0.5,0.4375,0.43738156250000004,0.4767973125,0.437043375
0.3125,0.5,0.5,0.427728125,0.481151875,0.5013953750000001
0.3125,0.5,0.5625,0.41807468750000004,0.4855064375,0.565747375
0.3125,0.5,0.625,0.40842125,0.489861,0.6300993750000001
0.3125,0.5,0.6875,0.39876781250000004,0.4942155625,0.6944513750000001
0.3125,0.5,0.75,0.389114375,0.498570125,0.7588033750000001
0.3125,0.5,0.8125,0.37946093750000004,0.5029246875,0.8231553750000001
0.3125,0.5,0.875,0.36980750000000007,0.50727925,0.8875073750000001
0.3125,0.5,0.9375,0.36015406250000004,0.5116338125,0.9518593750000002
0.3125,0.5,1.0,0.350500625,0.515988375,1.0162113750000001
0.3125,0.5625,0.0,0.5530184375,0.498178,-0.014807499999999996
0.3125,0.5625,0.0625,0.543365,0.5025325625,0.04954450000000001
0.3125,0.5625,0.125,0.5337115625000001,0.506887125,0.11389650000000001
0.3125,0.5625,0.1875,0.524058125,0.5112416875,0.1782485
0.3125,0.5625,0.25,0.5144046875,0.51559625,0.24260050000000002
0.3125,0.5625,0.3125,0.50475125,0.5199508125,0.3069525000000001
0.3125,0.5625,0.375,0.4950978125,0.524305375,0.37130450000000004
0.3125,0.5625,0.4375,0.48544437500000004,0.5286599375,0.43565650000000006
0.3125,0.5625,0.5,0.4757909375,0.5330145,0.5000085000000001
0.3125,0.5625,0.5625,0.46613750000000004,0.5373690625,0.5643605
0.3125,0.5625,0.625,0.4564840625,0.541723625,0.6287125000000001
0.3125,0.5625,0.6875,0.44683062500000004,0.5460781875,0.6930645000000001
0.3125,0.5625,0.75,0.4371771875,0.55043275,0.7574165
0.3125,0.5625,0.8125,0.42752375000000004,0.5547873125,0.8217685000000001
0.3125,0.5625,0.875,0.41787031250000006,0.559141875,0.8861205000000001
0.3125,0.5625,0.9375,0.40821687500000003,0.5634964375,0.9504725000000002
0.3125,0.5625,1.0,0.3985634375,0.567851,1.0148245
0.3125,0.625,0.0,0.60108125,0.5500406250000001,-0.016194374999999997
0.3125,0.625,0.0625,0.5914278125,0.5543951875,0.04815762500000001
0.3125,0.625,0.125,0.5817743750000001,0.55874975,0.11250962500000002
0.3125,0.625,0.1875,0.5721209375,0.5631043125,0.17686162500000002
0.3125,0.625,0.25,0.5624675,0.567458875,0.24121362500000004
0.3125,0.625,0.3125,0.5528140625,0.5718134375,0.30556562500000006
0.3125,0.625,0.375,0.5431606250000001,0.576168,0.369917625
0.3125,0.625,0.4375,0.5335071875,0.5805225625,0.43426962500000005
0.3125,0.625,0.5,0.52385375,0.584877125,0.49862162500000007
0.3125,0.625,0.5625,0.5142003125,0.5892316875000001,0.562973625
0.3125,0.625,0.625,0.5045468750000001,0.5935862500000001,0.6273256250000001
0.3125,0.625,0.6875,0.49489343750000003,0.5979408125000001,0.6916776250000001
0.3125,0.625,0.75,0.48524,0.6022953750000001,0.756029625
0.3125,0.625,0.8125,0.47558656250000003,0.6066499375000001,0.8203816250000001
0.3125,0.625,0.875,0.46593312500000006,0.6110045000000001,0.8847336250000001
0.3125,0.625,0.9375,0.45627968750000003,0.6153590625,0.9490856250000002
0.3125,0.625,1.0,0.44662625,0.619713625,1.0134376250000001
0.3125,0.6875,0.0,0.6491440625,0.60190325,-0.017581249999999996
0.3125,0.6875,0.0625,0.639490625,0.6062578125,0.046770750000000014
0.3125,0.6875,0.125,0.6298371875000001,0.610612375,0.11112275000000002
0.3125,0.6875,0.1875,0.62018375,0.6149669375,0.17547475
0.3125,0.6875,0.25,0.6105303125,0.6193215,0.23982675000000003
0.3125,0.6875,0.3125,0.600876875,0.6236760625,0.30417875000000005
0.3125,0.6875,0.375,0.5912234375000001,0.628030625,0.36853075
0.3125,0.6875,0.4375,0.58157,0.6323851875,0.43288275000000004
0.3125,0.6875,0.5,0.5719165625,0.63673975,0.49723475000000006
0.3125,0.6875,0.5625,0.562263125,0.6410943125,0.56158675
0.3125,0.6875,0.625,0.5526096875000001,0.645448875,0.6259387500000001
0.3125,0.6875,0.6875,0.54295625,0.6498034375,0.6902907500000001
0.3125,0.6875,0.75,0.5333028125,0.654158,0.75464275
0.3125,0.6875,0.8125,0.523649375,0.6585125625,0.8189947500000001
0.3125,0.6875,0.875,0.5139959375,0.662867125,0.8833467500000001
0.3125,0.6875,0.9375,0.5043425,0.6672216875,0.9476987500000001
0.3125,0.6875,1.0,0.4946890625,0.67157625,1.01205075
0.3125,0.75,0.0,0.697206875,0.653765875,-0.018968125
0.3125,0.75,0.0625,0.6875534375,0.6581204375,0.045383875000000004
0.3125,0.75,0.125,0.6779000000000001,0.662475,0.10973587500000001
0.3125,0.75,0.1875,0.6682465625,0.6668295625,0.174087875
0.3125,0.75,0.25,0.658593125,0.671184125,0.23843987500000002
0.3125,0.75,0.3125,0.6489396875,0.6755386875,0.30279187500000004
0.3125,0.75,0.375,0.6392862500000001,0.67989325,0.367143875
0.3125,0.75,0.4375,0.6296328125,0.6842478125,0.43149587500000003
0.3125,0.75,0.5,0.619979375,0.6886023750000001,0.49584787500000005
0.3125,0.75,0.5625,0.6103259375,0.6929569375000001,0.560199875
0.3125,0.75,0.625,0.6006725,0.6973115000000001,0.6245518750000001
0.3125,0.75,0.6875,0.5910190625,0.7016660625000001,0.688903875
0.3125,0.75,0.75,0.581365625,0.7060206250000001,0.753255875
0.3125,0.75,0.8125,0.5717121875,0.7103751875000001,0.8176078750000001
0.3125,0.75,0.875,0.56205875,0.71472975,0.8819598750000001
0.3125,0.75,0.9375,0.5524053125,0.7190843125,0.9463118750000001
0.3125,0.75,1.0,0.542751875,0.723438875,1.010663875
0.3125,0.8125,0.0,0.7452696875,0.7056285,-0.020354999999999998
0.3125,0.8125,0.0625,0.73561625,0.7099830625,0.04399700000000001
0.3125,0.8125,0.125,0.7259628125,0.714337625,0.10834900000000001
0.3125,0.8125,0.1875,0.716309375,0.7186921875,0.172701
0.3125,0.8125,0.25,0.7066559375,0.72304675,0.237053
0.3125,0.8125,0.3125,0.6970025,0.7274013125,0.30140500000000003
0.3125,0.8125,0.375,0.6873490625,0.731755875,0.365757
0.3125,0.8125,0.4375,0.677695625,0.7361104374999999,0.430109
0.3125,0.8125,0.5,0.6680421875,0.7404649999999999,0.49446100000000004
0.3125,0.8125,0.5625,0.65838875,0.7448195625,0.558813
0.3125,0.8125,0.625,0.6487353125,0.749174125,0.6231650000000001
0.3125,0.8125,0.6875,0.639081875,0.7535286875,0.687517
0.3125,0.8125,0.75,0.6294284375,0.75788325,0.751869
0.3125,0.8125,0.8125,0.619775,0.7622378125,0.8162210000000001
0.3125,0.8125,0.875,0.6101215625,0.766592375,0.880573
0.3125,0.8125,0.9375,0.600468125,0.7709469375,0.9449250000000001
0.3125,0.8125,1.0,0.5908146875,0.7753015,1.0092770000000002
0.3125,0.875,0.0,0.7933325,0.757491125,-0.021741874999999997
0.3125,0.875,0.0625,0.7836790625,0.7618456875,0.04261012500000001
0.3125,0.875,0.125,0.774025625,0.76620025,0.10696212500000002
0.3125,0.875,0.1875,0.7643721875,0.7705548125,0.171314125
0.3125,0.875,0.25,0.75471875,0.774909375,0.23566612500000003
0.3125,0.875,0.3125,0.7450653125,0.7792639375,0.300018125
0.3125,0.875,0.375,0.735411875,0.7836185,0.364370125
0.3125,0.875,0.4375,0.7257584375,0.7879730625,0.428722125
0.3125,0.875,0.5,0.716105,0.792327625,0.49307412500000003
0.3125,0.875,0.5625,0.7064515625,0.7966821875000001,0.557426125
0.3125,0.875,0.625,0.696798125,0.8010367500000001,0.6217781250000001
0.3125,0.875,0.6875,0.6871446875,0.8053913125000001,0.686130125
0.3125,0.875,0.75,0.67749125,0.8097458750000001,0.750482125
0.3125,0.875,0.8125,0.6678378125,0.8141004375,0.8148341250000001
0.3125,0.875,0.875,0.658184375,0.818455,0.879186125
0.3125,0.875,0.9375,0.6485309375,0.8228095625,0.9435381250000001
0.3125,0.875,1.0,0.6388775,0.827164125,1.007890125
0.3125,0.9375,0.0,0.8413953125,0.80935375,-0.023128749999999997
0.3125,0.9375,0.0625,0.831741875,0.8137083125,0.04122325000000001
0.3125,0.9375,0.125,0.8220884375,0.818062875,0.10557525000000001
0.3125,0.9375,0.1875,0.812435,0.8224174375,0.16992725
0.3125,0.9375,0.25,0.8027815625,0.826772,0.23427925000000002
0.3125,0.9375,0.3125,0.793128125,0.8311265624999999,0.29863125000000007
0.3125,0.9375,0.375,0.7834746875,0.8354811249999999,0.36298325000000004
0.3125,0.9375,0.4375,0.77382125,0.8398356874999999,0.42733525000000006
0.3125,0.9375,0.5,0.7641678125,0.84419025,0.4916872500000001
0.3125,0.9375,0.5625,0.754514375,0.8485448125,0.55603925
0.3125,0.9375,0.625,0.7448609375,0.852899375,0.6203912500000001
0.3125,0.9375,0.6875,0.7352075,0.8572539375,0.68474325
0.3125,0.9375,0.75,0.7255540625,0.8616085,0.74909525
0.3125,0.9375,0.8125,0.715900625,0.8659630625,0.8134472500000001
0.3125,0.9375,0.875,0.7062471875,0.870317625,0.87779925
0.3125,0.9375,0.9375,0.69659375,0.8746721875,0.9421512500000001
0.3125,0.9375,1.0,0.6869403125,0.87902675,1.0065032500000002
0.3125,1.0,0.0,0.889458125,0.861216375,-0.024515624999999996
0.3125,1.0,0.0625,0.8798046875,0.8655709375,0.03983637500000001
0.3125,1.0,0.125,0.87015125,0.8699255,0.10418837500000001
0.3125,1.0,0.1875,0.8604978125,0.8742800625,0.16854037500000002
0.3125,1.0,0.25,0.850844375,0.878634625,0.23289237500000004
0.3125,1.0,0.3125,0.8411909375,0.8829891875,0.29724437500000006
0.3125,1.0,0.375,0.8315375,0.88734375,0.361596375
0.3125,1.0,0.4375,0.8218840625,0.8916983125,0.42594837500000005
0.3125,1.0,0.5,0.812230625,0.8960528750000001,0.49030037500000007
0.3125,1.0,0.5625,0.8025771875,0.9004074375000001,0.554652375
0.3125,1.0,0.625,0.79292375,0.9047620000000001,0.619004375
0.3125,1.0,0.6875,0.7832703125,0.9091165625000001,0.683356375
0.3125,1.0,0.75,0.773616875,0.913471125,0.747708375
0.3125,1.0,0.8125,0.7639634375,0.9178256875,0.8120603750000001
0.3125,1.0,0.875,0.75431,0.92218025,0.876412375
0.3125,1.0,0.9375,0.7446565625,0.9265348125,0.9407643750000001
0.3125,1.0,1.0,0.735003125,0.930889375,1.005116375
0.375,0.0,0.0,0.14454375000000003,0.037697249999999995,-0.00279075
0.375,0.0,0.0625,0.13489031250000003,0.042051812499999994,0.061561250000000005
0.375,0.0,0.125,0.12523687500000003,0.04640637499999999,0.12591325
0.375,0.0,0.1875,0.11558343750000002,0.05076093749999999,0.19026525
0.375,0.0,0.25,0.10593000000000002,0.05511549999999999,0.25461725
0.375,0.0,0.3125,0.09627656250000002,0.05947006249999999,0.31896925000000004
0.375,0.0,0.375,0.08662312500000004,0.063824625,0.38332125
0.375,0.0,0.4375,0.07696968750000004,0.06817918749999999,0.44767325
0.375,0.0,0.5,0.06731625000000004,0.07253374999999998,0.5120252500000001
0.375,0.0,0.5625,0.057662812500000035,0.07688831249999999,0.5763772500000001
0.375,0.0,0.625,0.048009375000000035,0.08124287499999999,0.6407292500000001
0.375,0.0,0.6875,0.038355937500000034,0.08559743749999998,0.7050812500000001
0.375,0.0,0.75,0.028702500000000047,0.08995199999999998,0.7694332500000001
0.375,0.0,0.8125,0.019049062500000047,0.09430656249999998,0.8337852500000001
0.375,0.0,0.875,0.009395625000000046,0.09866112499999999,0.8981372500000001
0.375,0.0,0.9375,-0.00025781249999995426,0.10301568749999998,0.9624892500000002
0.375,0.0,1.0,-0.009911249999999955,0.10737024999999997,1.0268412500000001
0.375,0.0625,0.0,0.19260656250000002,0.089559875,-0.004177624999999999
0.375,0.0625,0.0625,0.18295312500000002,0.0939144375,0.06017437500000001
0.375,0.0625,0.125,0.17329968750000002,0.098269,0.12452637500000001
0.375,0.0625,0.1875,0.16364625000000002,0.10262356249999999,0.18887837500000002
0.375,0.0625,0.25,0.15399281250000002,0.106978125,0.253230375
0.375,0.0625,0.3125,0.14433937500000002,0.1113326875,0.31758237500000003
0.375,0.0625,0.375,0.13468593750000002,0.11568724999999999,0.381934375
0.375,0.0625,0.4375,0.12503250000000005,0.12004181249999998,0.446286375
0.375,0.0625,0.5,0.11537906250000003,0.12439637499999999,0.5106383750000001
0.375,0.0625,0.5625,0.10572562500000003,0.1287509375,0.574990375
0.375,0.0625,0.625,0.09607218750000003,0.1331055,0.6393423750000001
0.375,0.0625,0.6875,0.08641875000000003,0.13746006249999998,0.7036943750000001
0.375,0.0625,0.75,0.07676531250000004,0.14181462499999997,0.7680463750000001
0.375,0.0625,0.8125,0.06711187500000004,0.1461691875,0.8323983750000001
0.375,0.0625,0.875,0.05745843750000004,0.15052374999999998,0.8967503750000001
0.375,0.0625,0.9375,0.04780500000000004,0.1548783125,0.9611023750000002
0.375,0.0625,1.0,0.03815156250000004,0.159232875,1.025454375
0.375,0.125,0.0,0.24066937500000002,0.1414225,-0.005564499999999999
0.375,0.125,0.0625,0.23101593750000002,0.1457770625,0.058787500000000006
0.375,0.125,0.125,0.22136250000000002,0.150131625,0.12313950000000001
0.375,0.125,0.1875,0.21170906250000002,0.1544861875,0.1874915
0.375,0.125,0.25,0.20205562500000002,0.15884075,0.25184350000000005
0.375,0.125,0.3125,0.19240218750000002,0.1631953125,0.3161955000000001
0.375,0.125,0.375,0.18274875000000002,0.16754987500000001,0.38054750000000004
0.375,0.125,0.4375,0.17309531250000004,0.1719044375,0.44489950000000006
0.375,0.125,0.5,0.16344187500000001,0.176259,0.5092515000000001
0.375,0.125,0.5625,0.15378843750000004,0.1806135625,0.5736035
0.375,0.125,0.625,0.144135,0.18496812499999998,0.6379555000000001
0.375,0.125,0.6875,0.13448156250000004,0.1893226875,0.7023075000000001
0.375,0.125,0.75,0.12482812500000004,0.19367725,0.7666595
0.375,0.125,0.8125,0.11517468750000004,0.1980318125,0.8310115000000001
0.375,0.125,0.875,0.10552125000000004,0.202386375,0.8953635000000001
0.375,0.125,0.9375,0.09586781250000004,0.2067409375,0.9597155000000002
0.375,0.125,1.0,0.08621437500000004,0.2110955,1.0240675000000001
0.375,0.1875,0.0,0.2887321875,0.193285125,-0.006951374999999999
0.375,0.1875,0.0625,0.27907875000000004,0.1976396875,0.05740062500000001
0.375,0.1875,0.125,0.2694253125,0.20199425,0.12175262500000002
0.375,0.1875,0.1875,0.25977187500000004,0.2063488125,0.186104625
0.375,0.1875,0.25,0.2501184375,0.210703375,0.25045662500000004
0.375,0.1875,0.3125,0.240465,0.2150579375,0.31480862500000006
0.375,0.1875,0.375,0.2308115625,0.2194125,0.37916062500000003
0.375,0.1875,0.4375,0.22115812500000004,0.2237670625,0.44351262500000005
0.375,0.1875,0.5,0.2115046875,0.228121625,0.5078646250000001
0.375,0.1875,0.5625,0.20185125000000004,0.2324761875,0.572216625
0.375,0.1875,0.625,0.1921978125,0.23683074999999998,0.6365686250000001
0.375,0.1875,0.6875,0.18254437500000004,0.2411853125,0.7009206250000001
0.375,0.1875,0.75,0.17289093750000004,0.245539875,0.765272625
0.375,0.1875,0.8125,0.16323750000000004,0.24989443749999998,0.8296246250000001
0.375,0.1875,0.875,0.15358406250000003,0.254249,0.8939766250000001
0.375,0.1875,0.9375,0.14393062500000003,0.2586035625,0.9583286250000002
0.375,0.1875,1.0,0.13427718750000003,0.262958125,1.022680625
0.375,0.25,0.0,0.336795,0.24514775,-0.008338249999999998
0.375,0.25,0.0625,0.32714156250000004,0.2495023125,0.05601375000000001
0.375,0.25,0.125,0.317488125,0.253856875,0.12036575000000002
0.375,0.25,0.1875,0.30783468750000004,0.2582114375,0.18471775
0.375,0.25,0.25,0.29818125,0.26256599999999997,0.24906975000000003
0.375,0.25,0.3125,0.28852781250000004,0.2669205625,0.31342175000000005
0.375,0.25,0.375,0.278874375,0.271275125,0.37777375
0.375,0.25,0.4375,0.26922093750000003,0.2756296875,0.44212575000000004
0.375,0.25,0.5,0.2595675,0.27998425,0.5064777500000001
0.375,0.25,0.5625,0.24991406250000003,0.2843388125,0.57082975
0.375,0.25,0.625,0.240260625,0.288693375,0.6351817500000001
0.375,0.25,0.6875,0.23060718750000003,0.29304793749999997,0.6995337500000001
0.375,0.25,0.75,0.22095375000000003,0.2974025,0.76388575
0.375,0.25,0.8125,0.21130031250000003,0.3017570625,0.8282377500000001
0.375,0.25,0.875,0.20164687500000003,0.306111625,0.8925897500000001
0.375,0.25,0.9375,0.19199343750000003,0.3104661875,0.9569417500000001
0.375,0.25,1.0,0.18234000000000003,0.31482075,1.0212937500000001
0.375,0.3125,0.0,0.3848578125,0.29701037500000005,-0.009725124999999998
0.375,0.3125,0.0625,0.37520437500000003,0.30136493750000004,0.054626875000000005
0.375,0.3125,0.125,0.3655509375,0.30571950000000003,0.11897887500000001
0.375,0.3125,0.1875,0.35589750000000003,0.3100740625,0.183330875
0.375,0.3125,0.25,0.3462440625,0.314428625,0.24768287500000002
0.375,0.3125,0.3125,0.33659062500000003,0.31878318750000006,0.31203487500000004
0.375,0.3125,0.375,0.3269371875,0.32313775000000006,0.376386875
0.375,0.3125,0.4375,0.31728375000000003,0.32749231250000005,0.44073887500000003
0.375,0.3125,0.5,0.3076303125,0.33184687500000004,0.505090875
0.375,0.3125,0.5625,0.29797687500000003,0.33620143750000003,0.569442875
0.375,0.3125,0.625,0.2883234375,0.340556,0.6337948750000001
0.375,0.3125,0.6875,0.27867000000000003,0.3449105625,0.6981468750000001
0.375,0.3125,0.75,0.26901656250000006,0.34926512500000007,0.762498875
0.375,0.3125,0.8125,0.259363125,0.35361968750000006,0.8268508750000001
0.375,0.3125,0.875,0.24970968750000003,0.35797425000000005,0.8912028750000001
0.375,0.3125,0.9375,0.24005625000000003,0.36232881250000004,0.9555548750000001
0.375,0.3125,1.0,0.23040281250000003,0.36668337500000003,1.0199068750000002
0.375,0.375,0.0,0.432920625,0.34887300000000004,-0.011111999999999999
0.375,0.375,0.0625,0.42326718750000003,0.35322756250000004,0.05324000000000001
0.375,0.375,0.125,0.41361375,0.35758212500000003,0.11759200000000002
0.375,0.375,0.1875,0.40396031250000003,0.3619366875,0.181944
0.375,0.375,0.25,0.394306875,0.36629125000000007,0.24629600000000001
0.375,0.375,0.3125,0.38465343750000003,0.37064581250000006,0.31064800000000004
0.375,0.375,0.375,0.375,0.37500037500000005,0.375
0.375,0.375,0.4375,0.3653465625,0.37935493750000004,0.439352
0.375,0.375,0.5,0.355693125,0.38370950000000004,0.503704
0.375,0.375,0.5625,0.3460396875,0.38806406250000003,0.568056
0.375,0.375,0.625,0.33638625,0.392418625,0.6324080000000001
0.375,0.375,0.6875,0.3267328125,0.3967731875,0.69676
0.375,0.375,0.75,0.31707937500000005,0.40112775,0.761112
0.375,0.375,0.8125,0.3074259375,0.40548231250000005,0.8254640000000001
0.375,0.375,0.875,0.2977725,0.40983687500000004,0.889816
0.375,0.375,0.9375,0.2881190625,0.41419143750000004,0.9541680000000001
0.375,0.375,1.0,0.27846562500000005,0.41854600000000003,1.01852
0.375,0.4375,0.0,0.4809834375,0.40073562500000004,-0.012498874999999998
0.375,0.4375,0.0625,0.47133,0.40509018750000003,0.05185312500000001
0.375,0.4375,0.125,0.4616765625,0.40944475,0.11620512500000002
0.375,0.4375,0.1875,0.452023125,0.4137993125,0.180557125
0.375,0.4375,0.25,0.4423696875,0.418153875,0.24490912500000003
0.375,0.4375,0.3125,0.43271625,0.42250843750000006,0.309261125
0.375,0.4375,0.375,0.4230628125,0.42686300000000005,0.373613125
0.375,0.4375,0.4375,0.413409375,0.43121756250000004,0.437965125
0.375,0.4375,0.5,0.4037559375,0.43557212500000003,0.502317125
0.375,0.4375,0.5625,0.3941025,0.4399266875,0.566669125
0.375,0.4375,0.625,0.3844490625,0.44428125,0.6310211250000001
0.375,0.4375,0.6875,0.374795625,0.4486358125,0.695373125
0.375,0.4375,0.75,0.36514218750000005,0.45299037500000006,0.759725125
0.375,0.4375,0.8125,0.35548875,0.45734493750000005,0.8240771250000001
0.375,0.4375,0.875,0.3458353125,0.46169950000000004,0.888429125
0.375,0.4375,0.9375,0.336181875,0.46605406250000003,0.9527811250000001
0.375,0.4375,1.0,0.32652843750000005,0.470408625,1.0171331250000002
0.375,0.5,0.0,0.5290462499999999,0.45259825000000004,-0.013885749999999997
0.375,0.5,0.0625,0.5193928124999999,0.4569528125,0.05046625000000001
0.375,0.5,0.125,0.509739375,0.461307375,0.11481825000000001
0.375,0.5,0.1875,0.5000859375,0.4656619375,0.17917025
0.375,0.5,0.25,0.49043249999999994,0.47001650000000006,0.24352225000000002
0.375,0.5,0.3125,0.48077906249999997,0.47437106250000005,0.30787425000000007
0.375,0.5,0.375,0.47112562499999994,0.47872562500000004,0.37222625000000004
0.375,0.5,0.4375,0.46147218749999996,0.48308018750000004,0.43657825000000006
0.375,0.5,0.5,0.45181874999999994,0.48743475,0.50093025
0.375,0.5,0.5625,0.44216531249999996,0.4917893125,0.56528225
0.375,0.5,0.625,0.43251187499999993,0.496143875,0.6296342500000001
0.375,0.5,0.6875,0.42285843749999996,0.5004984375,0.69398625
0.375,0.5,0.75,0.41320499999999993,0.504853,0.75833825
0.375,0.5,0.8125,0.40355156249999996,0.5092075625,0.8226902500000001
0.375,0.5,0.875,0.393898125,0.513562125,0.88704225
0.375,0.5,0.9375,0.38424468749999996,0.5179166875000001,0.9513942500000001
0.375,0.5,1.0,0.37459124999999993,0.52227125,1.01574625
0.375,0.5625,0.0,0.5771090624999999,0.504460875,-0.015272624999999996
0.375,0.5625,0.0625,0.5674556249999999,0.5088154375,0.04907937500000001
0.375,0.5625,0.125,0.5578021875,0.51317,0.11343137500000001
0.375,0.5625,0.1875,0.54814875,0.5175245625,0.17778337500000002
0.375,0.5625,0.25,0.5384953124999999,0.521879125,0.24213537500000004
0.375,0.5625,0.3125,0.5288418749999999,0.5262336875,0.30648737500000006
0.375,0.5625,0.375,0.5191884375,0.53058825,0.370839375
0.375,0.5625,0.4375,0.509535,0.5349428125,0.43519137500000005
0.375,0.5625,0.5,0.49988156249999993,0.5392973750000001,0.49954337500000007
0.375,0.5625,0.5625,0.49022812499999996,0.5436519375000001,0.563895375
0.375,0.5625,0.625,0.48057468749999993,0.5480065000000001,0.628247375
0.375,0.5625,0.6875,0.47092124999999996,0.5523610625,0.692599375
0.375,0.5625,0.75,0.46126781249999993,0.556715625,0.756951375
0.375,0.5625,0.8125,0.45161437499999996,0.5610701875,0.8213033750000001
0.375,0.5625,0.875,0.4419609375,0.56542475,0.885655375
0.375,0.5625,0.9375,0.43230749999999996,0.5697793125,0.9500073750000001
0.375,0.5625,1.0,0.4226540624999999,0.574133875,1.0143593750000002
0.375,0.625,0.0,0.6251718749999999,0.5563235000000001,-0.016659499999999994
0.375,0.625,0.0625,0.6155184374999999,0.5606780625000001,0.04769250000000001
0.375,0.625,0.125,0.605865,0.5650326250000001,0.11204450000000002
0.375,0.625,0.1875,0.5962115625,0.5693871875000001,0.1763965
0.375,0.625,0.25,0.5865581249999999,0.57374175,0.24074850000000003
0.375,0.625,0.3125,0.5769046874999999,0.5780963125,0.30510050000000005
0.375,0.625,0.375,0.56725125,0.582450875,0.3694525
0.375,0.625,0.4375,0.5575978125,0.5868054375,0.43380450000000004
0.375,0.625,0.5,0.5479443749999999,0.5911600000000001,0.49815650000000006
0.375,0.625,0.5625,0.5382909374999999,0.5955145625000001,0.5625085000000001
0.375,0.625,0.625,0.5286375,0.5998691250000001,0.6268605
0.375,0.625,0.6875,0.5189840625,0.6042236875000001,0.6912125
0.375,0.625,0.75,0.5093306249999999,0.6085782500000001,0.7555645
0.375,0.625,0.8125,0.49967718749999995,0.6129328125000001,0.8199165000000002
0.375,0.625,0.875,0.49002375,0.6172873750000001,0.8842685000000001
0.375,0.625,0.9375,0.48037031249999995,0.6216419375000001,0.9486205000000001
0.375,0.625,1.0,0.4707168749999999,0.6259965000000001,1.0129725
0.375,0.6875,0.0,0.6732346874999999,0.608186125,-0.018046374999999996
0.375,0.6875,0.0625,0.6635812499999999,0.6125406875,0.04630562500000001
0.375,0.6875,0.125,0.6539278125,0.61689525,0.11065762500000001
0.375,0.6875,0.1875,0.644274375,0.6212498125,0.175009625
0.375,0.6875,0.25,0.6346209374999999,0.625604375,0.23936162500000002
0.375,0.6875,0.3125,0.6249674999999999,0.6299589375,0.30371362500000004
0.375,0.6875,0.375,0.6153140625,0.6343135,0.368065625
0.375,0.6875,0.4375,0.605660625,0.6386680625,0.432417625
0.375,0.6875,0.5,0.5960071874999999,0.643022625,0.49676962500000005
0.375,0.6875,0.5625,0.5863537499999999,0.6473771875000001,0.5611216250000001
0.375,0.6875,0.625,0.5767003125,0.65173175,0.6254736250000001
0.375,0.6875,0.6875,0.567046875,0.6560863125,0.6898256250000001
0.375,0.6875,0.75,0.5573934374999999,0.660440875,0.7541776250000001
0.375,0.6875,0.8125,0.5477399999999999,0.6647954375,0.8185296250000001
0.375,0.6875,0.875,0.5380865625,0.66915,0.8828816250000001
0.375,0.6875,0.9375,0.528433125,0.6735045625,0.9472336250000002
0.375,0.6875,1.0,0.5187796874999999,0.677859125,1.0115856250000002
0.375,0.75,0.0,0.7212974999999999,0.6600487500000001,-0.01943325
0.375,0.75,0.0625,0.7116440624999999,0.6644033125000001,0.04491875000000001
0.375,0.75,0.125,0.701990625,0.6687578750000001,0.10927075000000001
0.375,0.75,0.1875,0.6923371875,0.6731124375,0.17362275
0.375,0.75,0.25,0.6826837499999999,0.677467,0.23797475
0.375,0.75,0.3125,0.6730303124999999,0.6818215625,0.30232675000000003
0.375,0.75,0.375,0.663376875,0.686176125,0.36667875
0.375,0.75,0.4375,0.6537234375,0.6905306875,0.43103075
0.375,0.75,0.5,0.6440699999999999,0.69488525,0.49538275000000004
0.375,0.75,0.5625,0.6344165624999999,0.6992398125000001,0.5597347500000001
0.375,0.75,0.625,0.624763125,0.7035943750000001,0.6240867500000001
0.375,0.75,0.6875,0.6151096875,0.7079489375000001,0.6884387500000001
0.375,0.75,0.75,0.6054562499999999,0.7123035000000001,0.7527907500000001
0.375,0.75,0.8125,0.5958028124999999,0.7166580625000001,0.8171427500000001
0.375,0.75,0.875,0.586149375,0.7210126250000001,0.8814947500000001
0.375,0.75,0.9375,0.5764959374999999,0.7253671875000001,0.9458467500000002
0.375,0.75,1.0,0.5668424999999999,0.7297217500000001,1.01019875
0.375,0.8125,0.0,0.7693603124999999,0.711911375,-0.020820124999999995
0.375,0.8125,0.0625,0.7597068749999999,0.7162659375,0.04353187500000001
0.375,0.8125,0.125,0.7500534375,0.7206205,0.10788387500000002
0.375,0.8125,0.1875,0.7404,0.7249750625,0.172235875
0.375,0.8125,0.25,0.7307465624999999,0.729329625,0.23658787500000003
0.375,0.8125,0.3125,0.7210931249999999,0.7336841875,0.3009398750000001
0.375,0.8125,0.375,0.7114396875,0.73803875,0.36529187500000004
0.375,0.8125,0.4375,0.70178625,0.7423933125,0.429643875
0.375,0.8125,0.5,0.6921328124999999,0.7467478750000001,0.4939958750000001
0.375,0.8125,0.5625,0.6824793749999999,0.7511024375,0.558347875
0.375,0.8125,0.625,0.6728259375,0.755457,0.6226998750000001
0.375,0.8125,0.6875,0.6631724999999999,0.7598115625,0.6870518750000001
0.375,0.8125,0.75,0.6535190624999999,0.764166125,0.751403875
0.375,0.8125,0.8125,0.6438656249999999,0.7685206875,0.8157558750000001
0.375,0.8125,0.875,0.6342121875,0.77287525,0.8801078750000001
0.375,0.8125,0.9375,0.6245587499999999,0.7772298125,0.9444598750000002
0.375,0.8125,1.0,0.6149053124999999,0.781584375,1.0088118750000001
0.375,0.875,0.0,0.8174231249999999,0.7637740000000001,-0.022206999999999998
0.375,0.875,0.0625,0.8077696874999999,0.7681285625000001,0.04214500000000001
0.375,0.875,0.125,0.79811625,0.772483125,0.10649700000000001
0.375,0.875,0.1875,0.7884628124999999,0.7768376875,0.170849
0.375,0.875,0.25,0.7788093749999999,0.78119225,0.23520100000000002
0.375,0.875,0.3125,0.7691559374999999,0.7855468125,0.29955300000000007
0.375,0.875,0.375,0.7595025,0.789901375,0.36390500000000003
0.375,0.875,0.4375,0.7498490624999999,0.7942559375,0.42825700000000005
0.375,0.875,0.5,0.7401956249999999,0.7986105000000001,0.4926090000000001
0.375,0.875,0.5625,0.7305421874999999,0.8029650625000001,0.556961
0.375,0.875,0.625,0.72088875,0.8073196250000001,0.6213130000000001
0.375,0.875,0.6875,0.7112353124999999,0.8116741875000001,0.6856650000000001
0.375,0.875,0.75,0.7015818749999999,0.8160287500000001,0.750017
0.375,0.875,0.8125,0.6919284374999999,0.8203833125000001,0.8143690000000001
0.375,0.875,0.875,0.682275,0.8247378750000001,0.8787210000000001
0.375,0.875,0.9375,0.6726215624999999,0.8290924375000001,0.9430730000000002
0.375,0.875,1.0,0.6629681249999999,0.833447,1.007425
0.375,0.9375,0.0,0.8654859374999999,0.815636625,-0.023593874999999993
0.375,0.9375,0.0625,0.8558324999999999,0.8199911875,0.04075812500000001
0.375,0.9375,0.125,0.8461790625,0.82434575,0.10511012500000003
0.375,0.9375,0.1875,0.8365256249999999,0.8287003125,0.16946212500000002
0.375,0.9375,0.25,0.8268721874999999,0.833054875,0.23381412500000004
0.375,0.9375,0.3125,0.8172187499999999,0.8374094375,0.29816612500000006
0.375,0.9375,0.375,0.8075653125,0.841764,0.362518125
0.375,0.9375,0.4375,0.7979118749999999,0.8461185625,0.42687012500000004
0.375,0.9375,0.5,0.7882584374999999,0.8504731249999999,0.49122212500000006
0.375,0.9375,0.5625,0.7786049999999999,0.8548276875,0.555574125
0.375,0.9375,0.625,0.7689515625,0.85918225,0.6199261250000001
0.375,0.9375,0.6875,0.7592981249999999,0.8635368125,0.6842781250000001
0.375,0.9375,0.75,0.7496446874999999,0.867891375,0.748630125
0.375,0.9375,0.8125,0.7399912499999999,0.8722459375,0.8129821250000001
0.375,0.9375,0.875,0.7303378125,0.8766005,0.8773341250000001
0.375,0.9375,0.9375,0.7206843749999999,0.8809550625,0.9416861250000002
0.375,0.9375,1.0,0.7110309374999999,0.885309625,1.0060381250000001
0.375,1.0,0.0,0.9135487499999999,0.86749925,-0.024980749999999996
0.375,1.0,0.0625,0.9038953124999999,0.8718538125,0.03937125000000001
0.375,1.0,0.125,0.894241875,0.876208375,0.10372325000000002
0.375,1.0,0.1875,0.8845884374999999,0.8805629375,0.16807525
0.375,1.0,0.25,0.8749349999999999,0.8849175,0.23242725000000003
0.375,1.0,0.3125,0.8652815624999999,0.8892720625,0.29677925000000005
0.375,1.0,0.375,0.855628125,0.893626625,0.36113125
0.375,1.0,0.4375,0.8459746874999999,0.8979811875,0.42548325000000004
0.375,1.0,0.5,0.8363212499999999,0.90233575,0.48983525000000006
0.375,1.0,0.5625,0.8266678124999999,0.9066903125000001,0.55418725
0.375,1.0,0.625,0.817014375,0.9110448750000001,0.6185392500000001
0.375,1.0,0.6875,0.8073609374999999,0.9153994375000001,0.6828912500000001
0.375,1.0,0.75,0.7977074999999999,0.9197540000000001,0.74724325
0.375,1.0,0.8125,0.7880540624999999,0.9241085625000001,0.8115952500000001
0.375,1.0,0.875,0.778400625,0.9284631250000001,0.8759472500000001
0.375,1.0,0.9375,0.7687471874999999,0.9328176875,0.9402992500000001
0.375,1.0,1.0,0.7590937499999999,0.93717225,1.0046512500000002
0.4375,0.0,0.0,0.16863437500000003,0.043980124999999995,-0.003255875
0.4375,0.0,0.0625,0.15898093750000003,0.048334687499999994,0.06109612500000001
0.4375,0.0,0.125,0.14932750000000003,0.05268924999999999,0.12544812500000002
0.4375,0.0,0.1875,0.13967406250000003,0.05704381249999999,0.18980012500000001
0.4375,0.0,0.25,0.13002062500000003,0.06139837499999999,0.254152125
0.4375,0.0,0.3125,0.12036718750000003,0.0657529375,0.318504125
0.4375,0.0,0.375,0.11071375000000004,0.07010749999999999,0.382856125
0.4375,0.0,0.4375,0.10106031250000004,0.07446206249999998,0.447208125
0.4375,0.0,0.5,0.09140687500000004,0.07881662499999999,0.511560125
0.4375,0.0,0.5625,0.08175343750000004,0.0831711875,0.575912125
0.4375,0.0,0.625,0.07210000000000004,0.08752574999999999,0.6402641250000001
0.4375,0.0,0.6875,0.06244656250000004,0.09188031249999998,0.704616125
0.4375,0.0,0.75,0.05279312500000005,0.09623487499999998,0.768968125
0.4375,0.0,0.8125,0.04313968750000005,0.10058943749999999,0.8333201250000001
0.4375,0.0,0.875,0.03348625000000005,0.10494399999999998,0.897672125
0.4375,0.0,0.9375,0.02383281250000005,0.10929856249999999,0.9620241250000001
0.4375,0.0,1.0,0.01417937500000005,0.11365312499999998,1.026376125
0.4375,0.0625,0.0,0.21669718750000003,0.09584275,-0.004642749999999999
0.4375,0.0625,0.0625,0.20704375000000003,0.1001973125,0.059709250000000005
0.4375,0.0625,0.125,0.19739031250000003,0.104551875,0.12406125000000001
0.4375,0.0625,0.1875,0.18773687500000003,0.10890643750000001,0.18841325
0.4375,0.0625,0.25,0.17808343750000002,0.113261,0.25276525000000005
0.4375,0.0625,0.3125,0.16843000000000002,0.11761556249999999,0.3171172500000001
0.4375,0.0625,0.375,0.15877656250000005,0.121970125,0.38146925000000004
0.4375,0.0625,0.4375,0.14912312500000002,0.1263246875,0.44582125000000006
0.4375,0.0625,0.5,0.13946968750000005,0.13067925,0.51017325
0.4375,0.0625,0.5625,0.12981625000000002,0.1350338125,0.57452525
0.4375,0.0625,0.625,0.12016281250000004,0.139388375,0.6388772500000001
0.4375,0.0625,0.6875,0.11050937500000003,0.1437429375,0.70322925
0.4375,0.0625,0.75,0.10085593750000005,0.1480975,0.76758125
0.4375,0.0625,0.8125,0.09120250000000005,0.15245206249999999,0.8319332500000001
0.4375,0.0625,0.875,0.08154906250000005,0.15680662499999998,0.89628525
0.4375,0.0625,0.9375,0.07189562500000005,0.1611611875,0.9606372500000001
0.4375,0.0625,1.0,0.062242187500000046,0.16551575,1.0249892500000002
0.4375,0.125,0.0,0.26476,0.147705375,-0.006029624999999999
0.4375,0.125,0.0625,0.2551065625,0.1520599375,0.05832237500000001
0.4375,0.125,0.125,0.245453125,0.1564145,0.12267437500000002
0.4375,0.125,0.1875,0.2357996875,0.1607690625,0.187026375
0.4375,0.125,0.25,0.22614625,0.165123625,0.25137837500000004
0.4375,0.125,0.3125,0.2164928125,0.1694781875,0.31573037500000006
0.4375,0.125,0.375,0.206839375,0.17383274999999998,0.38008237500000003
0.4375,0.125,0.4375,0.19718593750000002,0.1781873125,0.44443437500000005
0.4375,0.125,0.5,0.1875325,0.182541875,0.508786375
0.4375,0.125,0.5625,0.17787906250000002,0.18689643749999998,0.573138375
0.4375,0.125,0.625,0.168225625,0.191251,0.637490375
0.4375,0.125,0.6875,0.15857218750000002,0.1956055625,0.701842375
0.4375,0.125,0.75,0.14891875000000002,0.199960125,0.766194375
0.4375,0.125,0.8125,0.13926531250000002,0.20431468749999998,0.8305463750000001
0.4375,0.125,0.875,0.12961187500000002,0.20866924999999997,0.894898375
0.4375,0.125,0.9375,0.11995843750000001,0.2130238125,0.9592503750000001
0.4375,0.125,1.0,0.11030500000000001,0.21737837499999998,1.023602375
0.4375,0.1875,0.0,0.3128228125,0.19956800000000002,-0.0074164999999999995
0.4375,0.1875,0.0625,0.303169375,0.20392256250000002,0.05693550000000001
0.4375,0.1875,0.125,0.2935159375,0.208277125,0.12128750000000002
0.4375,0.1875,0.1875,0.2838625,0.21263168750000003,0.1856395
0.4375,0.1875,0.25,0.2742090625,0.21698625000000002,0.24999150000000003
0.4375,0.1875,0.3125,0.264555625,0.2213408125,0.31434350000000005
0.4375,0.1875,0.375,0.2549021875,0.22569537500000003,0.3786955
0.4375,0.1875,0.4375,0.24524875000000002,0.23004993750000002,0.44304750000000004
0.4375,0.1875,0.5,0.2355953125,0.23440450000000002,0.5073995
0.4375,0.1875,0.5625,0.22594187500000001,0.2387590625,0.5717515
0.4375,0.1875,0.625,0.21628843749999999,0.243113625,0.6361035
0.4375,0.1875,0.6875,0.206635,0.24746818750000002,0.7004555
0.4375,0.1875,0.75,0.1969815625,0.25182275,0.7648075
0.4375,0.1875,0.8125,0.187328125,0.25617731250000003,0.8291595
0.4375,0.1875,0.875,0.1776746875,0.260531875,0.8935115
0.4375,0.1875,0.9375,0.16802125,0.2648864375,0.9578635000000001
0.4375,0.1875,1.0,0.1583678125,0.269241,1.0222155000000002
0.4375,0.25,0.0,0.360885625,0.251430625,-0.008803374999999999
0.4375,0.25,0.0625,0.3512321875,0.2557851875,0.055548625000000004
0.4375,0.25,0.125,0.34157875,0.26013975,0.11990062500000001
0.4375,0.25,0.1875,0.3319253125,0.2644943125,0.184252625
0.4375,0.25,0.25,0.322271875,0.268848875,0.24860462500000002
0.4375,0.25,0.3125,0.3126184375,0.27320343750000003,0.31295662500000004
0.4375,0.25,0.375,0.302965,0.277558,0.377308625
0.4375,0.25,0.4375,0.2933115625,0.2819125625,0.44166062500000003
0.4375,0.25,0.5,0.283658125,0.286267125,0.5060126250000001
0.4375,0.25,0.5625,0.2740046875,0.2906216875,0.5703646250000001
0.4375,0.25,0.625,0.26435125,0.29497625,0.6347166250000001
0.4375,0.25,0.6875,0.2546978125,0.2993308125,0.6990686250000001
0.4375,0.25,0.75,0.245044375,0.30368537500000004,0.7634206250000001
0.4375,0.25,0.8125,0.2353909375,0.3080399375,0.8277726250000002
0.4375,0.25,0.875,0.2257375,0.3123945,0.8921246250000001
0.4375,0.25,0.9375,0.2160840625,0.3167490625,0.9564766250000002
0.4375,0.25,1.0,0.206430625,0.321103625,1.020828625
0.4375,0.3125,0.0,0.4089484375,0.30329325,-0.010190249999999998
0.4375,0.3125,0.0625,0.399295,0.3076478125,0.05416175000000001
0.4375,0.3125,0.125,0.3896415625,0.312002375,0.11851375000000001
0.4375,0.3125,0.1875,0.379988125,0.3163569375,0.18286575
0.4375,0.3125,0.25,0.3703346875,0.32071150000000004,0.24721775
0.4375,0.3125,0.3125,0.36068125,0.32506606250000003,0.31156975000000003
0.4375,0.3125,0.375,0.3510278125,0.329420625,0.37592175
0.4375,0.3125,0.4375,0.341374375,0.3337751875,0.44027375
0.4375,0.3125,0.5,0.3317209375,0.33812975,0.5046257500000001
0.4375,0.3125,0.5625,0.3220675,0.3424843125,0.5689777500000001
0.4375,0.3125,0.625,0.3124140625,0.346838875,0.6333297500000001
0.4375,0.3125,0.6875,0.302760625,0.3511934375,0.6976817500000001
0.4375,0.3125,0.75,0.2931071875,0.355548,0.7620337500000001
0.4375,0.3125,0.8125,0.28345375,0.3599025625,0.8263857500000001
0.4375,0.3125,0.875,0.27380031250000003,0.364257125,0.8907377500000001
0.4375,0.3125,0.9375,0.264146875,0.3686116875,0.9550897500000002
0.4375,0.3125,1.0,0.2544934375,0.37296625,1.0194417500000001
0.4375,0.375,0.0,0.45701125,0.355155875,-0.011577124999999999
0.4375,0.375,0.0625,0.4473578125,0.3595104375,0.052774875000000006
0.4375,0.375,0.125,0.437704375,0.363865,0.11712687500000002
0.4375,0.375,0.1875,0.4280509375,0.3682195625,0.181478875
0.4375,0.375,0.25,0.4183975,0.372574125,0.24583087500000003
0.4375,0.375,0.3125,0.4087440625,0.3769286875,0.310182875
0.4375,0.375,0.375,0.399090625,0.38128325,0.374534875
0.4375,0.375,0.4375,0.3894371875,0.3856378125,0.438886875
0.4375,0.375,0.5,0.37978375,0.389992375,0.5032388750000001
0.4375,0.375,0.5625,0.3701303125,0.3943469375,0.567590875
0.4375,0.375,0.625,0.360476875,0.3987015,0.6319428750000001
0.4375,0.375,0.6875,0.3508234375,0.4030560625,0.6962948750000001
0.4375,0.375,0.75,0.34117,0.407410625,0.7606468750000001
0.4375,0.375,0.8125,0.3315165625,0.4117651875,0.8249988750000001
0.4375,0.375,0.875,0.321863125,0.41611975,0.8893508750000001
0.4375,0.375,0.9375,0.3122096875,0.4204743125,0.9537028750000002
0.4375,0.375,1.0,0.30255624999999997,0.424828875,1.018054875
0.4375,0.4375,0.0,0.5050740625,0.4070185,-0.012963999999999998
0.4375,0.4375,0.0625,0.495420625,0.4113730625,0.05138800000000001
0.4375,0.4375,0.125,0.4857671875,0.415727625,0.11574000000000001
0.4375,0.4375,0.1875,0.47611375,0.4200821875,0.180092
0.4375,0.4375,0.25,0.4664603125,0.42443675000000003,0.24444400000000002
0.4375,0.4375,0.3125,0.456806875,0.4287913125,0.30879600000000007
0.4375,0.4375,0.375,0.4471534375,0.433145875,0.37314800000000004
0.4375,0.4375,0.4375,0.4375,0.4375004375,0.43750000000000006
0.4375,0.4375,0.5,0.42784656249999997,0.441855,0.5018520000000001
0.4375,0.4375,0.5625,0.418193125,0.4462095625,0.566204
0.4375,0.4375,0.625,0.40853968749999997,0.450564125,0.6305560000000001
0.4375,0.4375,0.6875,0.39888625,0.4549186875,0.6949080000000001
0.4375,0.4375,0.75,0.38923281249999997,0.45927324999999997,0.75926
0.4375,0.4375,0.8125,0.379579375,0.4636278125,0.8236120000000001
0.4375,0.4375,0.875,0.3699259375,0.467982375,0.8879640000000001
0.4375,0.4375,0.9375,0.3602725,0.4723369375,0.9523160000000002
0.4375,0.4375,1.0,0.35061906249999997,0.4766915,1.0166680000000001
0.4375,0.5,0.0,0.553136875,0.458881125,-0.014350874999999997
0.4375,0.5,0.0625,0.5434834374999999,0.4632356875,0.05000112500000001
0.4375,0.5,0.125,0.53383,0.46759025,0.11435312500000001
0.4375,0.5,0.1875,0.5241765625,0.4719448125,0.17870512500000002
0.4375,0.5,0.25,0.514523125,0.47629937499999997,0.24305712500000004
0.4375,0.5,0.3125,0.5048696874999999,0.4806539375,0.30740912500000006
0.4375,0.5,0.375,0.49521624999999997,0.4850085,0.371761125
0.4375,0.5,0.4375,0.4855628125,0.4893630625,0.43611312500000005
0.4375,0.5,0.5,0.47590937499999997,0.493717625,0.5004651250000001
0.4375,0.5,0.5625,0.4662559375,0.4980721875,0.564817125
0.4375,0.5,0.625,0.45660249999999997,0.50242675,0.6291691250000001
0.4375,0.5,0.6875,0.4469490625,0.5067813125,0.6935211250000001
0.4375,0.5,0.75,0.43729562499999997,0.511135875,0.757873125
0.4375,0.5,0.8125,0.4276421875,0.5154904375,0.8222251250000001
0.4375,0.5,0.875,0.41798875,0.519845,0.8865771250000001
0.4375,0.5,0.9375,0.4083353125,0.5241995625,0.9509291250000002
0.4375,0.5,1.0,0.39868187499999996,0.528554125,1.015281125
0.4375,0.5625,0.0,0.6011996875,0.51074375,-0.015737749999999995
0.4375,0.5625,0.0625,0.5915462499999999,0.5150983125,0.04861425000000001
0.4375,0.5625,0.125,0.5818928125,0.519452875,0.11296625000000002
0.4375,0.5625,0.1875,0.572239375,0.5238074375,0.17731825
0.4375,0.5625,0.25,0.5625859375,0.528162,0.24167025000000003
0.4375,0.5625,0.3125,0.5529324999999999,0.5325165625,0.30602225000000005
0.4375,0.5625,0.375,0.5432790625,0.536871125,0.37037425
0.4375,0.5625,0.4375,0.533625625,0.5412256875,0.43472625000000004
0.4375,0.5625,0.5,0.5239721875,0.54558025,0.49907825000000006
0.4375,0.5625,0.5625,0.5143187499999999,0.5499348125000001,0.56343025
0.4375,0.5625,0.625,0.5046653125,0.5542893750000001,0.6277822500000001
0.4375,0.5625,0.6875,0.495011875,0.5586439375000001,0.6921342500000001
0.4375,0.5625,0.75,0.48535843749999996,0.5629985000000001,0.75648625
0.4375,0.5625,0.8125,0.475705,0.5673530625000001,0.8208382500000001
0.4375,0.5625,0.875,0.4660515625,0.571707625,0.8851902500000001
0.4375,0.5625,0.9375,0.456398125,0.5760621875,0.9495422500000001
0.4375,0.5625,1.0,0.44674468749999996,0.58041675,1.01389425
0.4375,0.625,0.0,0.6492625,0.5626063750000001,-0.017124624999999997
0.4375,0.625,0.0625,0.6396090624999999,0.5669609375000001,0.04722737500000001
0.4375,0.625,0.125,0.629955625,0.5713155000000001,0.11157937500000001
0.4375,0.625,0.1875,0.6203021875,0.5756700625000001,0.175931375
0.4375,0.625,0.25,0.61064875,0.5800246250000001,0.24028337500000002
0.4375,0.625,0.3125,0.6009953124999999,0.5843791875000001,0.30463537500000004
0.4375,0.625,0.375,0.591341875,0.5887337500000001,0.368987375
0.4375,0.625,0.4375,0.5816884375,0.5930883125,0.433339375
0.4375,0.625,0.5,0.572035,0.597442875,0.49769137500000005
0.4375,0.625,0.5625,0.5623815624999999,0.6017974375000001,0.562043375
0.4375,0.625,0.625,0.552728125,0.6061520000000001,0.6263953750000001
0.4375,0.625,0.6875,0.5430746875,0.6105065625000001,0.690747375
0.4375,0.625,0.75,0.53342125,0.6148611250000001,0.755099375
0.4375,0.625,0.8125,0.5237678125,0.6192156875000001,0.8194513750000001
0.4375,0.625,0.875,0.514114375,0.6235702500000001,0.8838033750000001
0.4375,0.625,0.9375,0.5044609375,0.6279248125000001,0.9481553750000001
0.4375,0.625,1.0,0.49480749999999996,0.6322793750000001,1.0125073750000002
0.4375,0.6875,0.0,0.6973253125,0.614469,-0.018511499999999997
0.4375,0.6875,0.0625,0.6876718749999999,0.6188235625,0.045840500000000006
0.4375,0.6875,0.125,0.6780184375,0.623178125,0.11019250000000001
0.4375,0.6875,0.1875,0.668365,0.6275326875,0.17454450000000002
0.4375,0.6875,0.25,0.6587115625,0.63188725,0.23889650000000004
0.4375,0.6875,0.3125,0.6490581249999999,0.6362418125,0.30324850000000003
0.4375,0.6875,0.375,0.6394046875,0.640596375,0.3676005
0.4375,0.6875,0.4375,0.62975125,0.6449509375,0.4319525
0.4375,0.6875,0.5,0.6200978125,0.6493055000000001,0.49630450000000004
0.4375,0.6875,0.5625,0.6104443749999999,0.6536600625000001,0.5606565
0.4375,0.6875,0.625,0.6007909375,0.6580146250000001,0.6250085000000001
0.4375,0.6875,0.6875,0.5911375,0.6623691875000001,0.6893605
0.4375,0.6875,0.75,0.5814840625,0.6667237500000001,0.7537125
0.4375,0.6875,0.8125,0.571830625,0.6710783125,0.8180645000000001
0.4375,0.6875,0.875,0.5621771875,0.675432875,0.8824165
0.4375,0.6875,0.9375,0.55252375,0.6797874375,0.9467685000000001
0.4375,0.6875,1.0,0.5428703125,0.684142,1.0111205
0.4375,0.75,0.0,0.745388125,0.6663316250000001,-0.019898374999999996
0.4375,0.75,0.0625,0.7357346874999999,0.6706861875000001,0.04445362500000001
0.4375,0.75,0.125,0.72608125,0.6750407500000001,0.10880562500000002
0.4375,0.75,0.1875,0.7164278125,0.6793953125000001,0.173157625
0.4375,0.75,0.25,0.706774375,0.6837498750000001,0.23750962500000003
0.4375,0.75,0.3125,0.6971209374999999,0.6881044375,0.301861625
0.4375,0.75,0.375,0.6874675,0.692459,0.366213625
0.4375,0.75,0.4375,0.6778140625,0.6968135625,0.43056562500000006
0.4375,0.75,0.5,0.668160625,0.7011681250000001,0.494917625
0.4375,0.75,0.5625,0.6585071874999999,0.7055226875000001,0.559269625
0.4375,0.75,0.625,0.64885375,0.7098772500000001,0.6236216250000001
0.4375,0.75,0.6875,0.6392003125,0.7142318125000001,0.687973625
0.4375,0.75,0.75,0.629546875,0.7185863750000001,0.752325625
0.4375,0.75,0.8125,0.6198934375,0.7229409375000001,0.8166776250000001
0.4375,0.75,0.875,0.61024,0.7272955000000001,0.881029625
0.4375,0.75,0.9375,0.6005865625,0.7316500625000001,0.9453816250000001
0.4375,0.75,1.0,0.590933125,0.7360046250000001,1.0097336250000002
0.4375,0.8125,0.0,0.7934509375,0.71819425,-0.02128525
0.4375,0.8125,0.0625,0.7837974999999999,0.7225488125,0.04306675000000001
0.4375,0.8125,0.125,0.7741440625,0.726903375,0.10741875000000001
0.4375,0.8125,0.1875,0.764490625,0.7312579375,0.17177075
0.4375,0.8125,0.25,0.7548371875,0.7356125,0.23612275000000002
0.4375,0.8125,0.3125,0.7451837499999999,0.7399670625,0.30047475000000007
0.4375,0.8125,0.375,0.7355303125,0.744321625,0.36482675000000003
0.4375,0.8125,0.4375,0.725876875,0.7486761875,0.42917875000000005
0.4375,0.8125,0.5,0.7162234375,0.75303075,0.4935307500000001
0.4375,0.8125,0.5625,0.7065699999999999,0.7573853125000001,0.55788275
0.4375,0.8125,0.625,0.6969165625,0.7617398750000001,0.6222347500000001
0.4375,0.8125,0.6875,0.687263125,0.7660944375000001,0.68658675
0.4375,0.8125,0.75,0.6776096875,0.770449,0.75093875
0.4375,0.8125,0.8125,0.66795625,0.7748035625,0.8152907500000001
0.4375,0.8125,0.875,0.6583028125,0.779158125,0.87964275
0.4375,0.8125,0.9375,0.648649375,0.7835126875,0.9439947500000001
0.4375,0.8125,1.0,0.6389959374999999,0.78786725,1.00834675
0.4375,0.875,0.0,0.84151375,0.7700568750000001,-0.022672124999999994
0.4375,0.875,0.0625,0.8318603124999999,0.7744114375000001,0.04167987500000001
0.4375,0.875,0.125,0.822206875,0.7787660000000001,0.10603187500000003
0.4375,0.875,0.1875,0.8125534375,0.7831205625000001,0.17038387500000002
0.4375,0.875,0.25,0.8029,0.787475125,0.23473587500000004
0.4375,0.875,0.3125,0.7932465624999999,0.7918296875,0.29908787500000006
0.4375,0.875,0.375,0.783593125,0.79618425,0.363439875
0.4375,0.875,0.4375,0.7739396875,0.8005388125,0.42779187500000004
0.4375,0.875,0.5,0.76428625,0.804893375,0.49214387500000006
0.4375,0.875,0.5625,0.7546328124999999,0.8092479375000001,0.556495875
0.4375,0.875,0.625,0.744979375,0.8136025000000001,0.620847875
0.4375,0.875,0.6875,0.7353259375,0.8179570625000001,0.685199875
0.4375,0.875,0.75,0.7256724999999999,0.8223116250000001,0.749551875
0.4375,0.875,0.8125,0.7160190625,0.8266661875000001,0.813903875
0.4375,0.875,0.875,0.706365625,0.8310207500000001,0.878255875
0.4375,0.875,0.9375,0.6967121875,0.8353753125000001,0.9426078750000001
0.4375,0.875,1.0,0.6870587499999999,0.8397298750000001,1.0069598750000002
0.4375,0.9375,0.0,0.8895765625,0.8219195,-0.024058999999999997
0.4375,0.9375,0.0625,0.8799231249999999,0.8262740625,0.04029300000000001
0.4375,0.9375,0.125,0.8702696875,0.830628625,0.10464500000000002
0.4375,0.9375,0.1875,0.86061625,0.8349831875,0.168997
0.4375,0.9375,0.25,0.8509628124999999,0.83933775,0.23334900000000003
0.4375,0.9375,0.3125,0.8413093749999999,0.8436923125,0.29770100000000005
0.4375,0.9375,0.375,0.8316559375,0.848046875,0.362053
0.4375,0.9375,0.4375,0.8220025,0.8524014375,0.42640500000000003
0.4375,0.9375,0.5,0.8123490624999999,0.8567560000000001,0.49075700000000005
0.4375,0.9375,0.5625,0.8026956249999999,0.8611105625000001,0.5551090000000001
0.4375,0.9375,0.625,0.7930421875,0.8654651250000001,0.619461
0.4375,0.9375,0.6875,0.78338875,0.8698196875,0.683813
0.4375,0.9375,0.75,0.7737353124999999,0.87417425,0.748165
0.4375,0.9375,0.8125,0.764081875,0.8785288125,0.8125170000000002
0.4375,0.9375,0.875,0.7544284375,0.882883375,0.8768690000000001
0.4375,0.9375,0.9375,0.744775,0.8872379375,0.9412210000000001
0.4375,0.9375,1.0,0.7351215624999999,0.8915925,1.005573
0.4375,1.0,0.0,0.9376393749999999,0.8737821250000001,-0.025445874999999993
0.4375,1.0,0.0625,0.9279859374999999,0.8781366875000001,0.038906125000000014
0.4375,1.0,0.125,0.9183325,0.8824912500000001,0.10325812500000002
0.4375,1.0,0.1875,0.9086790625,0.8868458125,0.167610125
0.4375,1.0,0.25,0.8990256249999999,0.891200375,0.23196212500000002
0.4375,1.0,0.3125,0.8893721874999999,0.8955549375,0.29631412500000004
0.4375,1.0,0.375,0.87971875,0.8999095,0.360666125
0.4375,1.0,0.4375,0.8700653125,0.9042640625,0.425018125
0.4375,1.0,0.5,0.8604118749999999,0.9086186250000001,0.48937012500000004
0.4375,1.0,0.5625,0.8507584374999999,0.9129731875000001,0.5537221250000001
0.4375,1.0,0.625,0.841105,0.9173277500000001,0.6180741250000001
0.4375,1.0,0.6875,0.8314515625,0.9216823125000001,0.6824261250000001
0.4375,1.0,0.75,0.8217981249999999,0.9260368750000001,0.7467781250000001
0.4375,1.0,0.8125,0.8121446875,0.9303914375000001,0.8111301250000001
0.4375,1.0,0.875,0.80249125,0.9347460000000001,0.8754821250000001
0.4375,1.0,0.9375,0.7928378125,0.9391005625000001,0.9398341250000002
0.4375,1.0,1.0,0.7831843749999999,0.9434551250000001,1.0041861250000002
0.5,0.0,0.0,0.19272500000000004,0.050262999999999995,-0.003721
0.5,0.0,0.0625,0.18307156250000003,0.054617562499999994,0.060631000000000004
0.5,0.0,0.125,0.17341812500000003,0.05897212499999999,0.12498300000000001
0.5,0.0,0.1875,0.16376468750000003,0.06332668749999999,0.189335
0.5,0.0,0.25,0.15411125000000003,0.06768125,0.25368700000000005
0.5,0.0,0.3125,0.14445781250000003,0.07203581249999999,0.31803900000000007
0.5,0.0,0.375,0.13480437500000003,0.07639037499999998,0.38239100000000004
0.5,0.0,0.4375,0.12515093750000006,0.08074493749999999,0.44674300000000006
0.5,0.0,0.5,0.11549750000000004,0.0850995,0.5110950000000001
0.5,0.0,0.5625,0.10584406250000004,0.08945406249999999,0.575447
0.5,0.0,0.625,0.09619062500000004,0.09380862499999998,0.6397990000000001
0.5,0.0,0.6875,0.08653718750000004,0.09816318749999998,0.7041510000000001
0.5,0.0,0.75,0.07688375000000006,0.10251774999999999,0.768503
0.5,0.0,0.8125,0.06723031250000006,0.10687231249999998,0.8328550000000001
0.5,0.0,0.875,0.057576875000000055,0.11122687499999998,0.8972070000000001
0.5,0.0,0.9375,0.047923437500000055,0.1155814375,0.9615590000000002
0.5,0.0,1.0,0.038270000000000054,0.11993599999999999,1.025911
0.5,0.0625,0.0,0.24078781250000003,0.102125625,-0.005107875
0.5,0.0625,0.0625,0.23113437500000003,0.10648018749999999,0.05924412500000001
0.5,0.0625,0.125,0.22148093750000003,0.11083475,0.12359612500000002
0.5,0.0625,0.1875,0.21182750000000003,0.1151893125,0.187948125
0.5,0.0625,0.25,0.20217406250000003,0.119543875,0.25230012500000004
0.5,0.0625,0.3125,0.19252062500000003,0.12389843749999999,0.31665212500000006
0.5,0.0625,0.375,0.18286718750000003,0.128253,0.381004125
0.5,0.0625,0.4375,0.17321375000000006,0.1326075625,0.44535612500000005
0.5,0.0625,0.5,0.16356031250000003,0.136962125,0.5097081250000001
0.5,0.0625,0.5625,0.15390687500000005,0.14131668749999998,0.574060125
0.5,0.0625,0.625,0.14425343750000003,0.14567124999999997,0.6384121250000001
0.5,0.0625,0.6875,0.13460000000000005,0.1500258125,0.7027641250000001
0.5,0.0625,0.75,0.12494656250000005,0.154380375,0.767116125
0.5,0.0625,0.8125,0.11529312500000005,0.15873493749999998,0.8314681250000001
0.5,0.0625,0.875,0.10563968750000005,0.1630895,0.8958201250000001
0.5,0.0625,0.9375,0.09598625000000005,0.1674440625,0.9601721250000002
0.5,0.0625,1.0,0.08633281250000005,0.17179862499999998,1.0245241250000001
0.5,0.125,0.0,0.288850625,0.15398825,-0.006494749999999999
0.5,0.125,0.0625,0.27919718750000005,0.15834281249999999,0.057857250000000006
0.5,0.125,0.125,0.26954375,0.16269737499999998,0.12220925000000002
0.5,0.125,0.1875,0.25989031250000005,0.1670519375,0.18656125
0.5,0.125,0.25,0.250236875,0.1714065,0.25091325000000003
0.5,0.125,0.3125,0.24058343750000002,0.17576106249999998,0.31526525000000005
0.5,0.125,0.375,0.23093000000000002,0.180115625,0.37961725
0.5,0.125,0.4375,0.22127656250000005,0.1844701875,0.44396925000000004
0.5,0.125,0.5,0.21162312500000002,0.18882474999999999,0.5083212500000001
0.5,0.125,0.5625,0.20196968750000005,0.19317931249999998,0.57267325
0.5,0.125,0.625,0.19231625000000002,0.19753387499999997,0.6370252500000001
0.5,0.125,0.6875,0.18266281250000005,0.2018884375,0.7013772500000001
0.5,0.125,0.75,0.17300937500000005,0.20624299999999998,0.76572925
0.5,0.125,0.8125,0.16335593750000005,0.21059756249999997,0.8300812500000001
0.5,0.125,0.875,0.15370250000000005,0.214952125,0.8944332500000001
0.5,0.125,0.9375,0.14404906250000005,0.21930668749999999,0.9587852500000001
0.5,0.125,1.0,0.13439562500000005,0.22366124999999998,1.02313725
0.5,0.1875,0.0,0.3369134375,0.20585087500000002,-0.007881625
0.5,0.1875,0.0625,0.32726000000000005,0.2102054375,0.056470375
0.5,0.1875,0.125,0.3176065625,0.21456000000000003,0.12082237500000001
0.5,0.1875,0.1875,0.30795312500000005,0.21891456250000002,0.185174375
0.5,0.1875,0.25,0.2982996875,0.223269125,0.24952637500000002
0.5,0.1875,0.3125,0.28864625000000005,0.2276236875,0.31387837500000004
0.5,0.1875,0.375,0.2789928125,0.23197825,0.378230375
0.5,0.1875,0.4375,0.26933937500000005,0.23633281250000002,0.44258237500000003
0.5,0.1875,0.5,0.2596859375,0.240687375,0.506934375
0.5,0.1875,0.5625,0.25003250000000005,0.2450419375,0.571286375
0.5,0.1875,0.625,0.24037906250000002,0.24939650000000002,0.6356383750000001
0.5,0.1875,0.6875,0.23072562500000005,0.2537510625,0.699990375
0.5,0.1875,0.75,0.22107218750000004,0.258105625,0.764342375
0.5,0.1875,0.8125,0.21141875000000004,0.2624601875,0.8286943750000001
0.5,0.1875,0.875,0.20176531250000004,0.26681475,0.8930463750000001
0.5,0.1875,0.9375,0.19211187500000004,0.2711693125,0.9573983750000001
0.5,0.1875,1.0,0.18245843750000004,0.275523875,1.021750375
0.5,0.25,0.0,0.38497625,0.2577135,-0.009268499999999999
0.5,0.25,0.0625,0.37532281250000005,0.2620680625,0.05508350000000001
0.5,0.25,0.125,0.365669375,0.26642262499999997,0.11943550000000001
0.5,0.25,0.1875,0.35601593750000005,0.27077718749999996,0.1837875
0.5,0.25,0.25,0.3463625,0.27513175,0.2481395
0.5,0.25,0.3125,0.33670906250000004,0.2794863125,0.31249150000000003
0.5,0.25,0.375,0.327055625,0.283840875,0.3768435
0.5,0.25,0.4375,0.31740218750000004,0.2881954375,0.4411955
0.5,0.25,0.5,0.30774875,0.29255,0.5055475
0.5,0.25,0.5625,0.29809531250000004,0.29690456249999997,0.5698995
0.5,0.25,0.625,0.288441875,0.30125912499999996,0.6342515000000001
0.5,0.25,0.6875,0.27878843750000004,0.30561368749999995,0.6986035
0.5,0.25,0.75,0.269135,0.30996824999999995,0.7629555
0.5,0.25,0.8125,0.25948156250000004,0.3143228125,0.8273075000000001
0.5,0.25,0.875,0.24982812500000004,0.318677375,0.8916595
0.5,0.25,0.9375,0.24017468750000004,0.3230319375,0.9560115000000001
0.5,0.25,1.0,0.23052125000000004,0.32738649999999997,1.0203635000000002
0.5,0.3125,0.0,0.4330390625,0.30957612500000004,-0.010655374999999998
0.5,0.3125,0.0625,0.42338562500000004,0.3139306875,0.05369662500000001
0.5,0.3125,0.125,0.4137321875,0.31828525,0.11804862500000002
0.5,0.3125,0.1875,0.40407875000000004,0.3226398125,0.182400625
0.5,0.3125,0.25,0.3944253125,0.32699437500000006,0.24675262500000003
0.5,0.3125,0.3125,0.38477187500000004,0.33134893750000005,0.311104625
0.5,0.3125,0.375,0.3751184375,0.33570350000000004,0.375456625
0.5,0.3125,0.4375,0.36546500000000004,0.34005806250000004,0.439808625
0.5,0.3125,0.5,0.3558115625,0.34441262500000003,0.504160625
0.5,0.3125,0.5625,0.34615812500000004,0.3487671875,0.568512625
0.5,0.3125,0.625,0.3365046875,0.35312175,0.6328646250000001
0.5,0.3125,0.6875,0.32685125000000004,0.3574763125,0.697216625
0.5,0.3125,0.75,0.3171978125,0.361830875,0.761568625
0.5,0.3125,0.8125,0.30754437500000004,0.36618543750000004,0.8259206250000001
0.5,0.3125,0.875,0.29789093750000006,0.37054000000000004,0.890272625
0.5,0.3125,0.9375,0.28823750000000004,0.37489456250000003,0.9546246250000001
0.5,0.3125,1.0,0.2785840625,0.379249125,1.018976625
0.5,0.375,0.0,0.481101875,0.36143875000000003,-0.01204225
0.5,0.375,0.0625,0.47144843750000004,0.3657933125,0.05230975000000001
0.5,0.375,0.125,0.461795,0.370147875,0.11666175000000001
0.5,0.375,0.1875,0.45214156250000004,0.3745024375,0.18101375
0.5,0.375,0.25,0.442488125,0.378857,0.24536575000000002
0.5,0.375,0.3125,0.43283468750000004,0.38321156250000005,0.30971775000000007
0.5,0.375,0.375,0.42318125,0.38756612500000004,0.37406975000000003
0.5,0.375,0.4375,0.41352781250000004,0.39192068750000003,0.43842175000000005
0.5,0.375,0.5,0.403874375,0.39627525,0.50277375
0.5,0.375,0.5625,0.39422093750000003,0.4006298125,0.56712575
0.5,0.375,0.625,0.3845675,0.404984375,0.6314777500000001
0.5,0.375,0.6875,0.37491406250000003,0.4093389375,0.69582975
0.5,0.375,0.75,0.365260625,0.41369350000000005,0.76018175
0.5,0.375,0.8125,0.35560718750000003,0.41804806250000004,0.8245337500000001
0.5,0.375,0.875,0.34595375000000006,0.42240262500000003,0.88888575
0.5,0.375,0.9375,0.33630031250000003,0.4267571875,0.9532377500000001
0.5,0.375,1.0,0.326646875,0.43111175,1.0175897500000002
0.5,0.4375,0.0,0.5291646875,0.413301375,-0.013429124999999998
0.5,0.4375,0.0625,0.51951125,0.4176559375,0.050922875000000006
0.5,0.4375,0.125,0.5098578125000001,0.4220105,0.11527487500000001
0.5,0.4375,0.1875,0.500204375,0.4263650625,0.17962687500000002
0.5,0.4375,0.25,0.4905509375,0.43071962500000005,0.24397887500000004
0.5,0.4375,0.3125,0.48089750000000003,0.43507418750000004,0.30833087500000006
0.5,0.4375,0.375,0.4712440625,0.43942875000000003,0.372682875
0.5,0.4375,0.4375,0.46159062500000003,0.4437833125,0.43703487500000004
0.5,0.4375,0.5,0.4519371875,0.448137875,0.501386875
0.5,0.4375,0.5625,0.44228375000000003,0.4524924375,0.565738875
0.5,0.4375,0.625,0.4326303125,0.456847,0.630090875
0.5,0.4375,0.6875,0.42297687500000003,0.4612015625,0.694442875
0.5,0.4375,0.75,0.4133234375,0.465556125,0.758794875
0.5,0.4375,0.8125,0.40367000000000003,0.46991068750000003,0.8231468750000001
0.5,0.4375,0.875,0.39401656250000006,0.47426525,0.887498875
0.5,0.4375,0.9375,0.384363125,0.4786198125,0.9518508750000001
0.5,0.4375,1.0,0.3747096875,0.482974375,1.016202875
0.5,0.5,0.0,0.5772275,0.465164,-0.014815999999999998
0.5,0.5,0.0625,0.5675740625,0.4695185625,0.04953600000000001
0.5,0.5,0.125,0.5579206250000001,0.473873125,0.11388800000000002
0.5,0.5,0.1875,0.5482671875,0.4782276875,0.17824
0.5,0.5,0.25,0.53861375,0.48258225,0.24259200000000003
0.5,0.5,0.3125,0.5289603125,0.48693681250000004,0.30694400000000005
0.5,0.5,0.375,0.5193068750000001,0.49129137500000003,0.371296
0.5,0.5,0.4375,0.5096534375,0.4956459375,0.43564800000000004
0.5,0.5,0.5,0.5,0.5000005000000001,0.5
0.5,0.5,0.5625,0.4903465625,0.5043550625000001,0.564352
0.5,0.5,0.625,0.480693125,0.508709625,0.628704
0.5,0.5,0.6875,0.4710396875,0.5130641875,0.693056
0.5,0.5,0.75,0.46138625,0.51741875,0.757408
0.5,0.5,0.8125,0.4517328125,0.5217733125,0.82176
0.5,0.5,0.875,0.44207937500000005,0.526127875,0.886112
0.5,0.5,0.9375,0.4324259375,0.5304824375,0.9504640000000001
0.5,0.5,1.0,0.4227725,0.534837,1.0148160000000002
0.5,0.5625,0.0,0.6252903125,0.517026625,-0.016202874999999995
0.5,0.5625,0.0625,0.615636875,0.5213811875,0.048149125000000015
0.5,0.5625,0.125,0.6059834375,0.52573575,0.11250112500000002
0.5,0.5625,0.1875,0.59633,0.5300903124999999,0.176853125
0.5,0.5625,0.25,0.5866765625,0.5344448749999999,0.24120512500000002
0.5,0.5625,0.3125,0.577023125,0.5387994374999999,0.30555712500000004
0.5,0.5625,0.375,0.5673696875,0.5431539999999999,0.369909125
0.5,0.5625,0.4375,0.55771625,0.5475085624999999,0.434261125
0.5,0.5625,0.5,0.5480628125,0.5518631249999999,0.49861312500000005
0.5,0.5625,0.5625,0.538409375,0.5562176875,0.5629651250000001
0.5,0.5625,0.625,0.5287559375,0.56057225,0.6273171250000001
0.5,0.5625,0.6875,0.5191025,0.5649268125,0.6916691250000001
0.5,0.5625,0.75,0.5094490625,0.569281375,0.7560211250000001
0.5,0.5625,0.8125,0.499795625,0.5736359375,0.8203731250000001
0.5,0.5625,0.875,0.49014218750000005,0.5779905,0.8847251250000001
0.5,0.5625,0.9375,0.48048875,0.5823450625,0.9490771250000002
0.5,0.5625,1.0,0.4708353125,0.586699625,1.013429125
0.5,0.625,0.0,0.673353125,0.56888925,-0.017589749999999994
0.5,0.625,0.0625,0.6636996875,0.5732438125,0.04676225000000001
0.5,0.625,0.125,0.65404625,0.577598375,0.11111425000000003
0.5,0.625,0.1875,0.6443928125,0.5819529375,0.17546625000000002
0.5,0.625,0.25,0.634739375,0.5863075,0.23981825000000004
0.5,0.625,0.3125,0.6250859375,0.5906620625,0.30417025000000003
0.5,0.625,0.375,0.6154325,0.595016625,0.36852225
0.5,0.625,0.4375,0.6057790625,0.5993711875,0.43287425
0.5,0.625,0.5,0.596125625,0.60372575,0.49722625000000004
0.5,0.625,0.5625,0.5864721875,0.6080803125,0.5615782500000001
0.5,0.625,0.625,0.57681875,0.612434875,0.6259302500000001
0.5,0.625,0.6875,0.5671653125,0.6167894375,0.6902822500000001
0.5,0.625,0.75,0.557511875,0.621144,0.7546342500000001
0.5,0.625,0.8125,0.5478584375,0.6254985625,0.8189862500000001
0.5,0.625,0.875,0.538205,0.629853125,0.8833382500000001
0.5,0.625,0.9375,0.5285515625,0.6342076875,0.9476902500000002
0.5,0.625,1.0,0.518898125,0.63856225,1.0120422500000001
0.5,0.6875,0.0,0.7214159375,0.620751875,-0.018976624999999997
0.5,0.6875,0.0625,0.7117625,0.6251064375,0.04537537500000001
0.5,0.6875,0.125,0.7021090625,0.6294609999999999,0.10972737500000002
0.5,0.6875,0.1875,0.692455625,0.6338155624999999,0.174079375
0.5,0.6875,0.25,0.6828021875,0.6381701249999999,0.23843137500000003
0.5,0.6875,0.3125,0.67314875,0.6425246874999999,0.3027833750000001
0.5,0.6875,0.375,0.6634953125,0.6468792499999999,0.36713537500000004
0.5,0.6875,0.4375,0.653841875,0.6512338124999999,0.431487375
0.5,0.6875,0.5,0.6441884375,0.655588375,0.4958393750000001
0.5,0.6875,0.5625,0.634535,0.6599429375,0.560191375
0.5,0.6875,0.625,0.6248815625,0.6642975,0.6245433750000001
0.5,0.6875,0.6875,0.615228125,0.6686520625,0.6888953750000001
0.5,0.6875,0.75,0.6055746875,0.673006625,0.753247375
0.5,0.6875,0.8125,0.59592125,0.6773611875,0.8175993750000001
0.5,0.6875,0.875,0.5862678125,0.68171575,0.8819513750000001
0.5,0.6875,0.9375,0.576614375,0.6860703125,0.9463033750000002
0.5,0.6875,1.0,0.5669609375,0.6904248749999999,1.010655375
0.5,0.75,0.0,0.76947875,0.6726145,-0.020363499999999996
0.5,0.75,0.0625,0.7598253125,0.6769690625,0.043988500000000014
0.5,0.75,0.125,0.750171875,0.681323625,0.10834050000000002
0.5,0.75,0.1875,0.7405184375,0.6856781875,0.1726925
0.5,0.75,0.25,0.730865,0.69003275,0.23704450000000002
0.5,0.75,0.3125,0.7212115625,0.6943873125,0.30139650000000007
0.5,0.75,0.375,0.711558125,0.698741875,0.36574850000000003
0.5,0.75,0.4375,0.7019046875,0.7030964375,0.43010050000000005
0.5,0.75,0.5,0.69225125,0.707451,0.4944525000000001
0.5,0.75,0.5625,0.6825978125,0.7118055625,0.5588045
0.5,0.75,0.625,0.672944375,0.716160125,0.6231565000000001
0.5,0.75,0.6875,0.6632909375,0.7205146875,0.6875085000000001
0.5,0.75,0.75,0.6536375,0.72486925,0.7518605
0.5,0.75,0.8125,0.6439840625,0.7292238125,0.8162125000000001
0.5,0.75,0.875,0.634330625,0.733578375,0.8805645000000001
0.5,0.75,0.9375,0.6246771875,0.7379329375,0.9449165000000002
0.5,0.75,1.0,0.61502375,0.7422875,1.0092685000000001
0.5,0.8125,0.0,0.8175415625,0.7244771249999999,-0.021750374999999995
0.5,0.8125,0.0625,0.807888125,0.7288316874999999,0.04260162500000001
0.5,0.8125,0.125,0.7982346875,0.7331862499999999,0.10695362500000002
0.5,0.8125,0.1875,0.78858125,0.7375408124999999,0.17130562500000002
0.5,0.8125,0.25,0.7789278125,0.7418953749999999,0.23565762500000004
0.5,0.8125,0.3125,0.769274375,0.7462499374999999,0.30000962500000006
0.5,0.8125,0.375,0.7596209375,0.7506044999999999,0.364361625
0.5,0.8125,0.4375,0.7499675,0.7549590624999999,0.42871362500000004
0.5,0.8125,0.5,0.7403140625,0.7593136249999999,0.49306562500000006
0.5,0.8125,0.5625,0.730660625,0.7636681875,0.557417625
0.5,0.8125,0.625,0.7210071875,0.76802275,0.6217696250000001
0.5,0.8125,0.6875,0.71135375,0.7723773125,0.6861216250000001
0.5,0.8125,0.75,0.7017003125,0.776731875,0.750473625
0.5,0.8125,0.8125,0.692046875,0.7810864375,0.8148256250000001
0.5,0.8125,0.875,0.6823934375,0.785441,0.8791776250000001
0.5,0.8125,0.9375,0.67274,0.7897955624999999,0.9435296250000001
0.5,0.8125,1.0,0.6630865625,0.7941501249999999,1.007881625
0.5,0.875,0.0,0.865604375,0.77633975,-0.023137249999999995
0.5,0.875,0.0625,0.8559509375,0.7806943125,0.04121475000000001
0.5,0.875,0.125,0.8462975,0.785048875,0.10556675000000001
0.5,0.875,0.1875,0.8366440625,0.7894034375,0.16991875
0.5,0.875,0.25,0.826990625,0.793758,0.23427075000000003
0.5,0.875,0.3125,0.8173371875,0.7981125625,0.29862275000000005
0.5,0.875,0.375,0.80768375,0.802467125,0.36297475
0.5,0.875,0.4375,0.7980303125,0.8068216874999999,0.42732675000000003
0.5,0.875,0.5,0.788376875,0.8111762499999999,0.49167875000000005
0.5,0.875,0.5625,0.7787234375,0.8155308125,0.55603075
0.5,0.875,0.625,0.76907,0.819885375,0.6203827500000001
0.5,0.875,0.6875,0.7594165625,0.8242399375,0.6847347500000001
0.5,0.875,0.75,0.749763125,0.8285945,0.74908675
0.5,0.875,0.8125,0.7401096875,0.8329490625,0.8134387500000001
0.5,0.875,0.875,0.73045625,0.837303625,0.8777907500000001
0.5,0.875,0.9375,0.7208028125,0.8416581875,0.9421427500000001
0.5,0.875,1.0,0.711149375,0.84601275,1.00649475
0.5,0.9375,0.0,0.9136671875,0.8282023749999999,-0.024524124999999994
0.5,0.9375,0.0625,0.90401375,0.8325569374999999,0.03982787500000001
0.5,0.9375,0.125,0.8943603125,0.8369114999999999,0.10417987500000002
0.5,0.9375,0.1875,0.884706875,0.8412660624999999,0.168531875
0.5,0.9375,0.25,0.8750534375,0.8456206249999999,0.23288387500000002
0.5,0.9375,0.3125,0.8654,0.8499751874999999,0.29723587500000004
0.5,0.9375,0.375,0.8557465625,0.8543297499999999,0.361587875
0.5,0.9375,0.4375,0.846093125,0.8586843124999999,0.425939875
0.5,0.9375,0.5,0.8364396875,0.863038875,0.49029187500000004
0.5,0.9375,0.5625,0.82678625,0.8673934375,0.554643875
0.5,0.9375,0.625,0.8171328125,0.871748,0.6189958750000001
0.5,0.9375,0.6875,0.807479375,0.8761025625,0.683347875
0.5,0.9375,0.75,0.7978259375,0.880457125,0.747699875
0.5,0.9375,0.8125,0.7881724999999999,0.8848116874999999,0.8120518750000001
0.5,0.9375,0.875,0.7785190625,0.8891662499999999,0.876403875
0.5,0.9375,0.9375,0.768865625,0.8935208124999999,0.9407558750000001
0.5,0.9375,1.0,0.7592121875,0.8978753749999999,1.0051078750000002
0.5,1.0,0.0,0.96173,0.880065,-0.025910999999999993
0.5,1.0,0.0625,0.9520765625,0.8844195625,0.03844100000000002
0.5,1.0,0.125,0.942423125,0.888774125,0.10279300000000002
0.5,1.0,0.1875,0.9327696875,0.8931286875,0.16714500000000002
0.5,1.0,0.25,0.92311625,0.89748325,0.23149700000000004
0.5,1.0,0.3125,0.9134628124999999,0.9018378125,0.29584900000000003
0.5,1.0,0.375,0.903809375,0.9061923749999999,0.360201
0.5,1.0,0.4375,0.8941559375,0.9105469374999999,0.424553
0.5,1.0,0.5,0.8845025,0.9149015,0.48890500000000003
0.5,1.0,0.5625,0.8748490624999999,0.9192560625,0.553257
0.5,1.0,0.625,0.865195625,0.923610625,0.6176090000000001
0.5,1.0,0.6875,0.8555421875,0.9279651875,0.681961
0.5,1.0,0.75,0.84588875,0.93231975,0.746313
0.5,1.0,0.8125,0.8362353124999999,0.9366743125,0.8106650000000001
0.5,1.0,0.875,0.826581875,0.941028875,0.875017
0.5,1.0,0.9375,0.8169284375,0.9453834375,0.9393690000000001
0.5,1.0,1.0,0.807275,0.949738,1.003721
0.5625,0.0,0.0,0.21681562500000004,0.056545874999999995,-0.004186125
0.5625,0.0,0.0625,0.20716218750000004,0.060900437499999995,0.06016587500000001
0.5625,0.0,0.125,0.19750875000000004,0.065255,0.12451787500000001
0.5625,0.0,0.1875,0.18785531250000004,0.0696095625,0.188869875
0.5625,0.0,0.25,0.17820187500000004,0.07396412499999999,0.25322187500000004
0.5625,0.0,0.3125,0.16854843750000004,0.07831868749999998,0.31757387500000006
0.5625,0.0,0.375,0.15889500000000006,0.08267324999999999,0.381925875
0.5625,0.0,0.4375,0.14924156250000004,0.0870278125,0.44627787500000005
0.5625,0.0,0.5,0.13958812500000006,0.09138237499999999,0.510629875
0.5625,0.0,0.5625,0.12993468750000003,0.09573693749999998,0.574981875
0.5625,0.0,0.625,0.12028125000000005,0.10009149999999999,0.639333875
0.5625,0.0,0.6875,0.11062781250000005,0.10444606249999999,0.703685875
0.5625,0.0,0.75,0.10097437500000006,0.10880062499999998,0.768037875
0.5625,0.0,0.8125,0.09132093750000006,0.11315518749999998,0.8323898750000001
0.5625,0.0,0.875,0.08166750000000006,0.11750974999999998,0.896741875
0.5625,0.0,0.9375,0.07201406250000006,0.12186431249999999,0.9610938750000001
0.5625,0.0,1.0,0.06236062500000006,0.12621887499999998,1.0254458750000002
0.5625,0.0625,0.0,0.26487843750000006,0.10840849999999999,-0.005573
0.5625,0.0625,0.0625,0.2552250000000001,0.11276306249999998,0.058779000000000005
0.5625,0.0625,0.125,0.24557156250000006,0.11711762499999999,0.12313100000000002
0.5625,0.0625,0.1875,0.23591812500000006,0.1214721875,0.187483
0.5625,0.0625,0.25,0.22626468750000006,0.12582675,0.25183500000000003
0.5625,0.0625,0.3125,0.21661125000000006,0.13018131249999998,0.31618700000000005
0.5625,0.0625,0.375,0.20695781250000006,0.13453587499999997,0.380539
0.5625,0.0625,0.4375,0.1973043750000001,0.1388904375,0.44489100000000004
0.5625,0.0625,0.5,0.18765093750000006,0.14324499999999998,0.509243
0.5625,0.0625,0.5625,0.1779975000000001,0.14759956249999998,0.573595
0.5625,0.0625,0.625,0.16834406250000006,0.151954125,0.637947
0.5625,0.0625,0.6875,0.15869062500000009,0.1563086875,0.702299
0.5625,0.0625,0.75,0.14903718750000008,0.16066324999999998,0.766651
0.5625,0.0625,0.8125,0.13938375000000008,0.16501781249999997,0.831003
0.5625,0.0625,0.875,0.12973031250000008,0.16937237499999996,0.895355
0.5625,0.0625,0.9375,0.12007687500000008,0.17372693749999998,0.9597070000000001
0.5625,0.0625,1.0,0.11042343750000008,0.17808149999999998,1.024059
0.5625,0.125,0.0,0.31294125000000006,0.16027112500000001,-0.006959874999999999
0.5625,0.125,0.0625,0.3032878125000001,0.1646256875,0.05739212500000001
0.5625,0.125,0.125,0.29363437500000006,0.16898025,0.12174412500000001
0.5625,0.125,0.1875,0.2839809375000001,0.17333481250000002,0.186096125
0.5625,0.125,0.25,0.27432750000000006,0.177689375,0.250448125
0.5625,0.125,0.3125,0.2646740625000001,0.1820439375,0.31480012500000004
0.5625,0.125,0.375,0.25502062500000006,0.18639850000000002,0.379152125
0.5625,0.125,0.4375,0.24536718750000008,0.19075306250000001,0.443504125
0.5625,0.125,0.5,0.23571375000000006,0.195107625,0.5078561250000001
0.5625,0.125,0.5625,0.22606031250000008,0.1994621875,0.5722081250000001
0.5625,0.125,0.625,0.21640687500000005,0.20381675,0.6365601250000001
0.5625,0.125,0.6875,0.20675343750000008,0.2081713125,0.7009121250000001
0.5625,0.125,0.75,0.19710000000000008,0.212525875,0.7652641250000001
0.5625,0.125,0.8125,0.18744656250000008,0.2168804375,0.8296161250000001
0.5625,0.125,0.875,0.17779312500000008,0.22123500000000001,0.8939681250000001
0.5625,0.125,0.9375,0.16813968750000008,0.2255895625,0.9583201250000002
0.5625,0.125,1.0,0.15848625000000008,0.229944125,1.0226721250000002
0.5625,0.1875,0.0,0.36100406250000006,0.21213375,-0.00834675
0.5625,0.1875,0.0625,0.3513506250000001,0.2164883125,0.056005250000000006
0.5625,0.1875,0.125,0.34169718750000005,0.220842875,0.12035725000000001
0.5625,0.1875,0.1875,0.3320437500000001,0.22519743750000001,0.18470925
0.5625,0.1875,0.25,0.32239031250000005,0.229552,0.24906125
0.5625,0.1875,0.3125,0.3127368750000001,0.2339065625,0.31341325000000003
0.5625,0.1875,0.375,0.30308343750000005,0.23826112500000002,0.37776525
0.5625,0.1875,0.4375,0.2934300000000001,0.2426156875,0.44211725
0.5625,0.1875,0.5,0.28377656250000005,0.24697025,0.5064692500000001
0.5625,0.1875,0.5625,0.2741231250000001,0.2513248125,0.5708212500000001
0.5625,0.1875,0.625,0.26446968750000005,0.255679375,0.6351732500000001
0.5625,0.1875,0.6875,0.2548162500000001,0.2600339375,0.6995252500000001
0.5625,0.1875,0.75,0.24516281250000008,0.2643885,0.7638772500000001
0.5625,0.1875,0.8125,0.23550937500000008,0.2687430625,0.8282292500000001
0.5625,0.1875,0.875,0.22585593750000008,0.273097625,0.8925812500000001
0.5625,0.1875,0.9375,0.21620250000000008,0.2774521875,0.9569332500000002
0.5625,0.1875,1.0,0.20654906250000007,0.28180675,1.02128525
0.5625,0.25,0.0,0.40906687500000005,0.263996375,-0.009733625
0.5625,0.25,0.0625,0.3994134375000001,0.2683509375,0.05461837500000001
0.5625,0.25,0.125,0.38976000000000005,0.2727055,0.11897037500000002
0.5625,0.25,0.1875,0.3801065625000001,0.2770600625,0.183322375
0.5625,0.25,0.25,0.37045312500000005,0.28141462500000003,0.24767437500000003
0.5625,0.25,0.3125,0.3607996875000001,0.2857691875,0.312026375
0.5625,0.25,0.375,0.35114625000000005,0.29012375,0.376378375
0.5625,0.25,0.4375,0.3414928125000001,0.2944783125,0.440730375
0.5625,0.25,0.5,0.33183937500000005,0.298832875,0.5050823750000001
0.5625,0.25,0.5625,0.3221859375000001,0.3031874375,0.569434375
0.5625,0.25,0.625,0.31253250000000005,0.307542,0.6337863750000001
0.5625,0.25,0.6875,0.3028790625000001,0.3118965625,0.6981383750000001
0.5625,0.25,0.75,0.29322562500000005,0.31625112499999997,0.762490375
0.5625,0.25,0.8125,0.2835721875000001,0.3206056875,0.8268423750000001
0.5625,0.25,0.875,0.2739187500000001,0.32496025,0.8911943750000001
0.5625,0.25,0.9375,0.26426531250000007,0.3293148125,0.9555463750000002
0.5625,0.25,1.0,0.25461187500000004,0.333669375,1.0198983750000001
0.5625,0.3125,0.0,0.45712968750000005,0.315859,-0.011120499999999998
0.5625,0.3125,0.0625,0.4474762500000001,0.3202135625,0.05323150000000001
0.5625,0.3125,0.125,0.43782281250000005,0.324568125,0.11758350000000001
0.5625,0.3125,0.1875,0.4281693750000001,0.3289226875,0.1819355
0.5625,0.3125,0.25,0.41851593750000005,0.33327724999999997,0.24628750000000002
0.5625,0.3125,0.3125,0.4088625000000001,0.3376318125,0.31063950000000007
0.5625,0.3125,0.375,0.39920906250000004,0.341986375,0.37499150000000003
0.5625,0.3125,0.4375,0.38955562500000007,0.3463409375,0.43934350000000005
0.5625,0.3125,0.5,0.37990218750000004,0.3506955,0.5036955000000001
0.5625,0.3125,0.5625,0.37024875000000007,0.3550500625,0.5680475
0.5625,0.3125,0.625,0.36059531250000004,0.359404625,0.6323995000000001
0.5625,0.3125,0.6875,0.35094187500000007,0.36375918749999997,0.6967515000000001
0.5625,0.3125,0.75,0.34128843750000004,0.36811375,0.7611035
0.5625,0.3125,0.8125,0.33163500000000007,0.3724683125,0.8254555000000001
0.5625,0.3125,0.875,0.3219815625000001,0.376822875,0.8898075000000001
0.5625,0.3125,0.9375,0.31232812500000007,0.3811774375,0.9541595000000002
0.5625,0.3125,1.0,0.30267468750000004,0.385532,1.0185115
0.5625,0.375,0.0,0.5051925,0.36772162500000005,-0.012507374999999998
0.5625,0.375,0.0625,0.49553906250000007,0.37207618750000004,0.051844625000000005
0.5625,0.375,0.125,0.48588562500000004,0.37643075000000004,0.11619662500000001
0.5625,0.375,0.1875,0.47623218750000007,0.38078531250000003,0.18054862500000002
0.5625,0.375,0.25,0.46657875000000004,0.385139875,0.24490062500000004
0.5625,0.375,0.3125,0.45692531250000007,0.38949443750000007,0.30925262500000006
0.5625,0.375,0.375,0.44727187500000004,0.39384900000000006,0.373604625
0.5625,0.375,0.4375,0.43761843750000007,0.39820356250000005,0.43795662500000004
0.5625,0.375,0.5,0.42796500000000004,0.40255812500000004,0.5023086250000001
0.5625,0.375,0.5625,0.41831156250000007,0.40691268750000004,0.566660625
0.5625,0.375,0.625,0.40865812500000004,0.41126725000000003,0.6310126250000001
0.5625,0.375,0.6875,0.39900468750000007,0.4156218125,0.6953646250000001
0.5625,0.375,0.75,0.38935125000000004,0.41997637500000007,0.759716625
0.5625,0.375,0.8125,0.37969781250000006,0.42433093750000006,0.8240686250000001
0.5625,0.375,0.875,0.3700443750000001,0.42868550000000005,0.8884206250000001
0.5625,0.375,0.9375,0.36039093750000006,0.43304006250000004,0.9527726250000002
0.5625,0.375,1.0,0.35073750000000004,0.43739462500000004,1.0171246250000001
0.5625,0.4375,0.0,0.5532553125,0.41958425,-0.013894249999999997
0.5625,0.4375,0.0625,0.543601875,0.4239388125,0.05045775000000001
0.5625,0.4375,0.125,0.5339484375000001,0.428293375,0.11480975000000002
0.5625,0.4375,0.1875,0.5242950000000001,0.43264793749999997,0.17916175
0.5625,0.4375,0.25,0.5146415625,0.43700249999999996,0.24351375000000003
0.5625,0.4375,0.3125,0.504988125,0.4413570625,0.30786575000000005
0.5625,0.4375,0.375,0.49533468750000004,0.445711625,0.37221775
0.5625,0.4375,0.4375,0.48568125000000006,0.4500661875,0.43656975000000003
0.5625,0.4375,0.5,0.47602781250000004,0.45442075,0.50092175
0.5625,0.4375,0.5625,0.46637437500000006,0.4587753125,0.56527375
0.5625,0.4375,0.625,0.45672093750000003,0.46312987499999997,0.6296257500000001
0.5625,0.4375,0.6875,0.44706750000000006,0.46748443749999996,0.6939777500000001
0.5625,0.4375,0.75,0.43741406250000003,0.471839,0.75832975
0.5625,0.4375,0.8125,0.42776062500000006,0.4761935625,0.8226817500000001
0.5625,0.4375,0.875,0.4181071875000001,0.480548125,0.8870337500000001
0.5625,0.4375,0.9375,0.40845375000000006,0.4849026875,0.9513857500000001
0.5625,0.4375,1.0,0.39880031250000003,0.48925725,1.01573775
0.5625,0.5,0.0,0.601318125,0.47144687500000004,-0.015281124999999996
0.5625,0.5,0.0625,0.5916646875,0.47580143750000004,0.049070875000000014
0.5625,0.5,0.125,0.5820112500000001,0.480156,0.11342287500000002
0.5625,0.5,0.1875,0.5723578125000001,0.4845105625,0.177774875
0.5625,0.5,0.25,0.562704375,0.488865125,0.24212687500000002
0.5625,0.5,0.3125,0.5530509375,0.49321968750000006,0.30647887500000004
0.5625,0.5,0.375,0.5433975000000001,0.49757425000000005,0.370830875
0.5625,0.5,0.4375,0.5337440625000001,0.5019288125,0.435182875
0.5625,0.5,0.5,0.524090625,0.506283375,0.49953487500000004
0.5625,0.5,0.5625,0.5144371875,0.5106379375000001,0.563886875
0.5625,0.5,0.625,0.5047837500000001,0.5149925000000001,0.6282388750000001
0.5625,0.5,0.6875,0.49513031250000006,0.5193470625000001,0.692590875
0.5625,0.5,0.75,0.48547687500000003,0.5237016250000001,0.756942875
0.5625,0.5,0.8125,0.47582343750000006,0.5280561875,0.8212948750000001
0.5625,0.5,0.875,0.4661700000000001,0.53241075,0.8856468750000001
0.5625,0.5,0.9375,0.45651656250000006,0.5367653125,0.9499988750000001
0.5625,0.5,1.0,0.446863125,0.541119875,1.014350875
0.5625,0.5625,0.0,0.6493809375,0.5233095,-0.016667999999999995
0.5625,0.5625,0.0625,0.6397275,0.5276640625,0.04768400000000001
0.5625,0.5625,0.125,0.6300740625000001,0.532018625,0.11203600000000002
0.5625,0.5625,0.1875,0.6204206250000001,0.5363731875,0.17638800000000002
0.5625,0.5625,0.25,0.6107671875,0.54072775,0.24074000000000004
0.5625,0.5625,0.3125,0.60111375,0.5450823124999999,0.30509200000000003
0.5625,0.5625,0.375,0.5914603125000001,0.5494368749999999,0.369444
0.5625,0.5625,0.4375,0.5818068750000001,0.5537914374999999,0.433796
0.5625,0.5625,0.5,0.5721534375,0.558146,0.49814800000000004
0.5625,0.5625,0.5625,0.5625,0.5625005625,0.5625
0.5625,0.5625,0.625,0.5528465625000001,0.566855125,0.6268520000000001
0.5625,0.5625,0.6875,0.543193125,0.5712096875,0.691204
0.5625,0.5625,0.75,0.5335396875,0.57556425,0.755556
0.5625,0.5625,0.8125,0.5238862500000001,0.5799188125,0.8199080000000001
0.5625,0.5625,0.875,0.5142328125000001,0.584273375,0.88426
0.5625,0.5625,0.9375,0.504579375,0.5886279375,0.9486120000000001
0.5625,0.5625,1.0,0.4949259375,0.5929825,1.0129640000000002
0.5625,0.625,0.0,0.69744375,0.575172125,-0.018054874999999995
0.5625,0.625,0.0625,0.6877903125,0.5795266875,0.04629712500000001
0.5625,0.625,0.125,0.6781368750000001,0.58388125,0.11064912500000001
0.5625,0.625,0.1875,0.6684834375,0.5882358125,0.175001125
0.5625,0.625,0.25,0.65883,0.592590375,0.23935312500000003
0.5625,0.625,0.3125,0.6491765625,0.5969449375,0.3037051250000001
0.5625,0.625,0.375,0.6395231250000001,0.6012995,0.36805712500000004
0.5625,0.625,0.4375,0.6298696875,0.6056540625,0.43240912500000006
0.5625,0.625,0.5,0.62021625,0.6100086250000001,0.4967611250000001
0.5625,0.625,0.5625,0.6105628125,0.6143631875000001,0.561113125
0.5625,0.625,0.625,0.6009093750000001,0.6187177500000001,0.6254651250000001
0.5625,0.625,0.6875,0.5912559375,0.6230723125000001,0.689817125
0.5625,0.625,0.75,0.5816025,0.627426875,0.754169125
0.5625,0.625,0.8125,0.5719490625000001,0.6317814375,0.8185211250000001
0.5625,0.625,0.875,0.5622956250000001,0.636136,0.882873125
0.5625,0.625,0.9375,0.5526421875,0.6404905625,0.9472251250000001
0.5625,0.625,1.0,0.54298875,0.644845125,1.011577125
0.5625,0.6875,0.0,0.7455065625,0.62703475,-0.019441749999999997
0.5625,0.6875,0.0625,0.735853125,0.6313893125,0.04491025000000001
0.5625,0.6875,0.125,0.7261996875000001,0.635743875,0.10926225000000002
0.5625,0.6875,0.1875,0.71654625,0.6400984375,0.17361425
0.5625,0.6875,0.25,0.7068928125,0.6444529999999999,0.23796625000000002
0.5625,0.6875,0.3125,0.697239375,0.6488075624999999,0.30231825000000007
0.5625,0.6875,0.375,0.6875859375000001,0.6531621249999999,0.36667025000000003
0.5625,0.6875,0.4375,0.6779325,0.6575166874999999,0.43102225000000005
0.5625,0.6875,0.5,0.6682790625,0.6618712499999999,0.49537425000000007
0.5625,0.6875,0.5625,0.658625625,0.6662258125,0.55972625
0.5625,0.6875,0.625,0.6489721875000001,0.670580375,0.6240782500000001
0.5625,0.6875,0.6875,0.63931875,0.6749349375,0.68843025
0.5625,0.6875,0.75,0.6296653125,0.6792895,0.75278225
0.5625,0.6875,0.8125,0.6200118750000001,0.6836440625,0.8171342500000001
0.5625,0.6875,0.875,0.6103584375000001,0.687998625,0.88148625
0.5625,0.6875,0.9375,0.600705,0.6923531875,0.9458382500000001
0.5625,0.6875,1.0,0.5910515625,0.69670775,1.0101902500000002
0.5625,0.75,0.0,0.793569375,0.678897375,-0.020828624999999996
0.5625,0.75,0.0625,0.7839159375,0.6832519375,0.04352337500000001
0.5625,0.75,0.125,0.7742625000000001,0.6876065,0.10787537500000002
0.5625,0.75,0.1875,0.7646090625,0.6919610625,0.17222737500000002
0.5625,0.75,0.25,0.754955625,0.696315625,0.23657937500000004
0.5625,0.75,0.3125,0.7453021875,0.7006701875,0.30093137500000006
0.5625,0.75,0.375,0.7356487500000001,0.70502475,0.365283375
0.5625,0.75,0.4375,0.7259953125,0.7093793125,0.42963537500000004
0.5625,0.75,0.5,0.716341875,0.713733875,0.49398737500000006
0.5625,0.75,0.5625,0.7066884375,0.7180884375000001,0.558339375
0.5625,0.75,0.625,0.6970350000000001,0.7224430000000001,0.622691375
0.5625,0.75,0.6875,0.6873815625,0.7267975625,0.687043375
0.5625,0.75,0.75,0.677728125,0.731152125,0.751395375
0.5625,0.75,0.8125,0.6680746875000001,0.7355066875,0.815747375
0.5625,0.75,0.875,0.6584212500000001,0.73986125,0.880099375
0.5625,0.75,0.9375,0.6487678125,0.7442158125,0.9444513750000001
0.5625,0.75,1.0,0.639114375,0.748570375,1.008803375
0.5625,0.8125,0.0,0.8416321875,0.73076,-0.022215499999999996
0.5625,0.8125,0.0625,0.83197875,0.7351145625,0.04213650000000001
0.5625,0.8125,0.125,0.8223253125000001,0.739469125,0.10648850000000001
0.5625,0.8125,0.1875,0.812671875,0.7438236874999999,0.1708405
0.5625,0.8125,0.25,0.8030184375,0.7481782499999999,0.23519250000000003
0.5625,0.8125,0.3125,0.793365,0.7525328124999999,0.29954450000000005
0.5625,0.8125,0.375,0.7837115625000001,0.7568873749999999,0.3638965
0.5625,0.8125,0.4375,0.774058125,0.7612419374999999,0.42824850000000003
0.5625,0.8125,0.5,0.7644046875,0.7655965,0.49260050000000005
0.5625,0.8125,0.5625,0.75475125,0.7699510625,0.5569525000000001
0.5625,0.8125,0.625,0.7450978125000001,0.774305625,0.6213045000000001
0.5625,0.8125,0.6875,0.735444375,0.7786601875,0.6856565000000001
0.5625,0.8125,0.75,0.7257909375,0.78301475,0.7500085000000001
0.5625,0.8125,0.8125,0.7161375000000001,0.7873693125,0.8143605000000002
0.5625,0.8125,0.875,0.7064840625000001,0.791723875,0.8787125000000001
0.5625,0.8125,0.9375,0.696830625,0.7960784375,0.9430645000000002
0.5625,0.8125,1.0,0.6871771875,0.800433,1.0074165000000002
0.5625,0.875,0.0,0.889695,0.782622625,-0.023602374999999995
0.5625,0.875,0.0625,0.8800415625,0.7869771875,0.04074962500000001
0.5625,0.875,0.125,0.8703881250000001,0.79133175,0.10510162500000002
0.5625,0.875,0.1875,0.8607346875,0.7956863125,0.169453625
0.5625,0.875,0.25,0.85108125,0.800040875,0.23380562500000002
0.5625,0.875,0.3125,0.8414278125,0.8043954375,0.29815762500000004
0.5625,0.875,0.375,0.8317743750000001,0.80875,0.362509625
0.5625,0.875,0.4375,0.8221209375,0.8131045625,0.426861625
0.5625,0.875,0.5,0.8124675,0.8174591250000001,0.49121362500000004
0.5625,0.875,0.5625,0.8028140625,0.8218136875000001,0.5555656250000001
0.5625,0.875,0.625,0.7931606250000001,0.82616825,0.6199176250000001
0.5625,0.875,0.6875,0.7835071875,0.8305228125,0.6842696250000001
0.5625,0.875,0.75,0.77385375,0.834877375,0.7486216250000001
0.5625,0.875,0.8125,0.7642003125000001,0.8392319375,0.8129736250000001
0.5625,0.875,0.875,0.7545468750000001,0.8435865,0.8773256250000001
0.5625,0.875,0.9375,0.7448934375,0.8479410625,0.9416776250000002
0.5625,0.875,1.0,0.73524,0.852295625,1.006029625
0.5625,0.9375,0.0,0.9377578125,0.83448525,-0.024989249999999994
0.5625,0.9375,0.0625,0.928104375,0.8388398125,0.039362750000000016
0.5625,0.9375,0.125,0.9184509375000001,0.8431943749999999,0.10371475000000002
0.5625,0.9375,0.1875,0.9087975,0.8475489374999999,0.16806675000000001
0.5625,0.9375,0.25,0.8991440625,0.8519034999999999,0.23241875000000004
0.5625,0.9375,0.3125,0.889490625,0.8562580624999999,0.29677075
0.5625,0.9375,0.375,0.8798371875000001,0.8606126249999999,0.36112275
0.5625,0.9375,0.4375,0.87018375,0.8649671874999999,0.42547475
0.5625,0.9375,0.5,0.8605303125,0.8693217499999999,0.48982675000000003
0.5625,0.9375,0.5625,0.850876875,0.8736763125,0.55417875
0.5625,0.9375,0.625,0.8412234375000001,0.878030875,0.6185307500000001
0.5625,0.9375,0.6875,0.83157,0.8823854375,0.6828827500000001
0.5625,0.9375,0.75,0.8219165625,0.88674,0.7472347500000001
0.5625,0.9375,0.8125,0.8122631250000001,0.8910945625,0.8115867500000001
0.5625,0.9375,0.875,0.8026096875000001,0.895449125,0.8759387500000001
0.5625,0.9375,0.9375,0.79295625,0.8998036875,0.9402907500000002
0.5625,0.9375,1.0,0.7833028125,0.9041582499999999,1.0046427500000001
0.5625,1.0,0.0,0.985820625,0.886347875,-0.026376124999999993
0.5625,1.0,0.0625,0.9761671875,0.8907024375,0.03797587500000001
0.5625,1.0,0.125,0.9665137500000001,0.895057,0.10232787500000001
0.5625,1.0,0.1875,0.9568603125,0.8994115625,0.166679875
0.5625,1.0,0.25,0.947206875,0.903766125,0.23103187500000003
0.5625,1.0,0.3125,0.9375534375,0.9081206875,0.2953838750000001
0.5625,1.0,0.375,0.9279000000000001,0.91247525,0.35973587500000004
0.5625,1.0,0.4375,0.9182465625,0.9168298125,0.42408787500000006
0.5625,1.0,0.5,0.908593125,0.9211843749999999,0.4884398750000001
0.5625,1.0,0.5625,0.8989396875,0.9255389375,0.552791875
0.5625,1.0,0.625,0.8892862500000001,0.9298935,0.6171438750000001
0.5625,1.0,0.6875,0.8796328125,0.9342480625,0.6814958750000001
0.5625,1.0,0.75,0.869979375,0.938602625,0.745847875
0.5625,1.0,0.8125,0.8603259375000001,0.9429571875,0.8101998750000001
0.5625,1.0,0.875,0.8506725,0.94731175,0.8745518750000001
0.5625,1.0,0.9375,0.8410190625,0.9516663125,0.9389038750000002
0.5625,1.0,1.0,0.831365625,0.956020875,1.003255875
0.625,0.0,0.0,0.24090625000000004,0.06282874999999999,-0.00465125
0.625,0.0,0.0625,0.23125281250000004,0.06718331249999998,0.059700750000000004
0.625,0.0,0.125,0.22159937500000004,0.07153787499999999,0.12405275000000002
0.625,0.0,0.1875,0.21194593750000004,0.07589243749999999,0.18840475
0.625,0.0,0.25,0.20229250000000004,0.08024699999999999,0.25275675000000003
0.625,0.0,0.3125,0.19263906250000004,0.08460156249999998,0.31710875000000005
0.625,0.0,0.375,0.18298562500000004,0.08895612499999998,0.38146075
0.625,0.0,0.4375,0.17333218750000007,0.09331068749999999,0.44581275000000004
0.625,0.0,0.5,0.16367875000000004,0.09766524999999998,0.5101647500000001
0.625,0.0,0.5625,0.15402531250000007,0.10201981249999997,0.57451675
0.625,0.0,0.625,0.14437187500000004,0.10637437499999998,0.6388687500000001
0.625,0.0,0.6875,0.13471843750000007,0.11072893749999999,0.7032207500000001
0.625,0.0,0.75,0.12506500000000007,0.11508349999999998,0.76757275
0.625,0.0,0.8125,0.11541156250000006,0.11943806249999997,0.8319247500000001
0.625,0.0,0.875,0.10575812500000006,0.12379262499999998,0.8962767500000001
0.625,0.0,0.9375,0.09610468750000006,0.12814718749999998,0.9606287500000001
0.625,0.0,1.0,0.08645125000000006,0.13250174999999997,1.02498075
0.625,0.0625,0.0,0.28896906250000004,0.11469137499999998,-0.006038125
0.625,0.0625,0.0625,0.27931562500000007,0.11904593749999998,0.05831387500000001
0.625,0.0625,0.125,0.26966218750000004,0.12340049999999998,0.12266587500000001
0.625,0.0625,0.1875,0.26000875000000007,0.1277550625,0.187017875
0.625,0.0625,0.25,0.25035531250000004,0.13210962499999998,0.251369875
0.625,0.0625,0.3125,0.24070187500000004,0.13646418749999997,0.31572187500000004
0.625,0.0625,0.375,0.23104843750000004,0.14081875,0.380073875
0.625,0.0625,0.4375,0.22139500000000006,0.14517331249999998,0.444425875
0.625,0.0625,0.5,0.21174156250000004,0.14952787499999998,0.508777875
0.625,0.0625,0.5625,0.20208812500000006,0.15388243749999997,0.573129875
0.625,0.0625,0.625,0.19243468750000003,0.15823699999999996,0.6374818750000001
0.625,0.0625,0.6875,0.18278125000000006,0.16259156249999998,0.701833875
0.625,0.0625,0.75,0.17312781250000006,0.16694612499999997,0.766185875
0.625,0.0625,0.8125,0.16347437500000006,0.17130068749999997,0.8305378750000001
0.625,0.0625,0.875,0.15382093750000006,0.17565524999999999,0.8948898750000001
0.625,0.0625,0.9375,0.14416750000000006,0.18000981249999998,0.9592418750000001
0.625,0.0625,1.0,0.13451406250000006,0.18436437499999997,1.0235938750000002
0.625,0.125,0.0,0.33703187500000004,0.16655399999999998,-0.007424999999999999
0.625,0.125,0.0625,0.32737843750000006,0.17090856249999997,0.056927000000000005
0.625,0.125,0.125,0.31772500000000004,0.17526312499999996,0.12127900000000001
0.625,0.125,0.1875,0.30807156250000006,0.17961768749999998,0.18563100000000002
0.625,0.125,0.25,0.29841812500000003,0.18397224999999998,0.24998300000000004
0.625,0.125,0.3125,0.28876468750000006,0.18832681249999997,0.31433500000000003
0.625,0.125,0.375,0.27911125000000003,0.192681375,0.378687
0.625,0.125,0.4375,0.26945781250000006,0.19703593749999998,0.443039
0.625,0.125,0.5,0.25980437500000003,0.20139049999999997,0.507391
0.625,0.125,0.5625,0.25015093750000006,0.20574506249999996,0.571743
0.625,0.125,0.625,0.24049750000000003,0.21009962499999996,0.6360950000000001
0.625,0.125,0.6875,0.23084406250000006,0.21445418749999998,0.700447
0.625,0.125,0.75,0.22119062500000006,0.21880874999999997,0.764799
0.625,0.125,0.8125,0.21153718750000006,0.22316331249999996,0.8291510000000001
0.625,0.125,0.875,0.20188375000000006,0.22751787499999998,0.893503
0.625,0.125,0.9375,0.19223031250000006,0.23187243749999997,0.9578550000000001
0.625,0.125,1.0,0.18257687500000006,0.23622699999999996,1.022207
0.625,0.1875,0.0,0.38509468750000003,0.218416625,-0.008811875
0.625,0.1875,0.0625,0.37544125000000006,0.2227711875,0.05554012500000001
0.625,0.1875,0.125,0.36578781250000003,0.22712575000000002,0.11989212500000002
0.625,0.1875,0.1875,0.35613437500000006,0.2314803125,0.184244125
0.625,0.1875,0.25,0.34648093750000003,0.235834875,0.24859612500000003
0.625,0.1875,0.3125,0.33682750000000006,0.2401894375,0.312948125
0.625,0.1875,0.375,0.32717406250000003,0.24454399999999998,0.377300125
0.625,0.1875,0.4375,0.31752062500000006,0.2488985625,0.441652125
0.625,0.1875,0.5,0.30786718750000003,0.25325312499999997,0.506004125
0.625,0.1875,0.5625,0.29821375000000006,0.2576076875,0.570356125
0.625,0.1875,0.625,0.2885603125,0.26196225,0.6347081250000001
0.625,0.1875,0.6875,0.27890687500000005,0.2663168125,0.699060125
0.625,0.1875,0.75,0.2692534375000001,0.270671375,0.763412125
0.625,0.1875,0.8125,0.25960000000000005,0.2750259375,0.8277641250000001
0.625,0.1875,0.875,0.24994656250000005,0.2793805,0.892116125
0.625,0.1875,0.9375,0.24029312500000005,0.2837350625,0.9564681250000001
0.625,0.1875,1.0,0.23063968750000005,0.288089625,1.0208201250000002
0.625,0.25,0.0,0.43315750000000003,0.27027924999999997,-0.01019875
0.625,0.25,0.0625,0.42350406250000006,0.27463381249999996,0.05415325000000001
0.625,0.25,0.125,0.413850625,0.27898837499999996,0.11850525
0.625,0.25,0.1875,0.40419718750000005,0.28334293749999995,0.18285725
0.625,0.25,0.25,0.39454375,0.28769749999999994,0.24720925000000002
0.625,0.25,0.3125,0.38489031250000005,0.2920520625,0.31156125000000007
0.625,0.25,0.375,0.375236875,0.296406625,0.37591325000000003
0.625,0.25,0.4375,0.36558343750000005,0.30076118749999997,0.44026525000000005
0.625,0.25,0.5,0.35593,0.30511574999999996,0.50461725
0.625,0.25,0.5625,0.34627656250000005,0.30947031249999996,0.56896925
0.625,0.25,0.625,0.336623125,0.31382487499999995,0.6333212500000001
0.625,0.25,0.6875,0.32696968750000005,0.31817943749999994,0.69767325
0.625,0.25,0.75,0.3173162500000001,0.322534,0.76202525
0.625,0.25,0.8125,0.30766281250000005,0.3268885625,0.8263772500000001
0.625,0.25,0.875,0.298009375,0.33124312499999997,0.89072925
0.625,0.25,0.9375,0.28835593750000005,0.33559768749999996,0.9550812500000001
0.625,0.25,1.0,0.2787025000000001,0.33995224999999996,1.01943325
0.625,0.3125,0.0,0.4812203125,0.322141875,-0.011585624999999999
0.625,0.3125,0.0625,0.47156687500000005,0.3264964375,0.052766375000000004
0.625,0.3125,0.125,0.4619134375,0.330851,0.11711837500000001
0.625,0.3125,0.1875,0.45226000000000005,0.3352055625,0.18147037500000002
0.625,0.3125,0.25,0.4426065625,0.339560125,0.24582237500000004
0.625,0.3125,0.3125,0.43295312500000005,0.34391468750000004,0.31017437500000006
0.625,0.3125,0.375,0.4232996875,0.34826925000000003,0.374526375
0.625,0.3125,0.4375,0.41364625000000005,0.3526238125,0.43887837500000004
0.625,0.3125,0.5,0.4039928125,0.356978375,0.503230375
0.625,0.3125,0.5625,0.39433937500000005,0.3613329375,0.567582375
0.625,0.3125,0.625,0.3846859375,0.3656875,0.631934375
0.625,0.3125,0.6875,0.37503250000000005,0.3700420625,0.696286375
0.625,0.3125,0.75,0.3653790625000001,0.37439662500000004,0.760638375
0.625,0.3125,0.8125,0.35572562500000005,0.37875118750000003,0.824990375
0.625,0.3125,0.875,0.3460721875,0.38310575,0.889342375
0.625,0.3125,0.9375,0.33641875000000004,0.3874603125,0.9536943750000001
0.625,0.3125,1.0,0.32676531250000007,0.391814875,1.0180463750000002
0.625,0.375,0.0,0.5292831250000001,0.3740045,-0.012972499999999998
0.625,0.375,0.0625,0.5196296875,0.3783590625,0.05137950000000001
0.625,0.375,0.125,0.5099762500000001,0.382713625,0.11573150000000001
0.625,0.375,0.1875,0.5003228125000001,0.3870681875,0.1800835
0.625,0.375,0.25,0.4906693750000001,0.39142275000000004,0.24443550000000003
0.625,0.375,0.3125,0.4810159375000001,0.39577731250000003,0.30878750000000005
0.625,0.375,0.375,0.4713625000000001,0.400131875,0.3731395
0.625,0.375,0.4375,0.4617090625000001,0.4044864375,0.43749150000000003
0.625,0.375,0.5,0.45205562500000007,0.408841,0.5018435000000001
0.625,0.375,0.5625,0.4424021875000001,0.4131955625,0.5661955000000001
0.625,0.375,0.625,0.43274875000000007,0.417550125,0.6305475
0.625,0.375,0.6875,0.4230953125000001,0.4219046875,0.6948995
0.625,0.375,0.75,0.41344187500000007,0.42625925,0.7592515
0.625,0.375,0.8125,0.4037884375000001,0.4306138125,0.8236035000000002
0.625,0.375,0.875,0.3941350000000001,0.434968375,0.8879555000000001
0.625,0.375,0.9375,0.3844815625000001,0.4393229375,0.9523075000000001
0.625,0.375,1.0,0.37482812500000007,0.4436775,1.0166595
0.625,0.4375,0.0,0.5773459375000001,0.425867125,-0.014359374999999997
0.625,0.4375,0.0625,0.5676925,0.4302216875,0.04999262500000001
0.625,0.4375,0.125,0.5580390625000001,0.43457625,0.11434462500000002
0.625,0.4375,0.1875,0.5483856250000001,0.4389308125,0.178696625
0.625,0.4375,0.25,0.5387321875000001,0.443285375,0.24304862500000002
0.625,0.4375,0.3125,0.52907875,0.44763993750000003,0.30740062500000004
0.625,0.4375,0.375,0.5194253125000001,0.4519945,0.371752625
0.625,0.4375,0.4375,0.5097718750000001,0.4563490625,0.436104625
0.625,0.4375,0.5,0.5001184375000001,0.460703625,0.5004566250000001
0.625,0.4375,0.5625,0.4904650000000001,0.4650581875,0.5648086250000001
0.625,0.4375,0.625,0.48081156250000007,0.46941275,0.6291606250000001
0.625,0.4375,0.6875,0.4711581250000001,0.4737673125,0.6935126250000001
0.625,0.4375,0.75,0.46150468750000007,0.47812187500000003,0.7578646250000001
0.625,0.4375,0.8125,0.4518512500000001,0.4824764375,0.8222166250000001
0.625,0.4375,0.875,0.4421978125000001,0.486831,0.8865686250000001
0.625,0.4375,0.9375,0.4325443750000001,0.4911855625,0.9509206250000002
0.625,0.4375,1.0,0.42289093750000006,0.495540125,1.0152726250000002
0.625,0.5,0.0,0.6254087500000001,0.47772975,-0.015746249999999996
0.625,0.5,0.0625,0.6157553125,0.4820843125,0.04860575000000001
0.625,0.5,0.125,0.6061018750000001,0.486438875,0.11295775000000002
0.625,0.5,0.1875,0.5964484375000001,0.4907934375,0.17730975000000002
0.625,0.5,0.25,0.5867950000000001,0.49514800000000003,0.24166175000000004
0.625,0.5,0.3125,0.5771415625,0.4995025625,0.30601375000000003
0.625,0.5,0.375,0.5674881250000001,0.503857125,0.37036575
0.625,0.5,0.4375,0.5578346875000001,0.5082116875,0.43471775
0.625,0.5,0.5,0.5481812500000001,0.51256625,0.49906975000000003
0.625,0.5,0.5625,0.5385278125,0.5169208125,0.56342175
0.625,0.5,0.625,0.5288743750000001,0.521275375,0.6277737500000001
0.625,0.5,0.6875,0.5192209375000001,0.5256299375,0.6921257500000001
0.625,0.5,0.75,0.5095675000000001,0.5299845,0.7564777500000001
0.625,0.5,0.8125,0.4999140625000001,0.5343390625,0.8208297500000001
0.625,0.5,0.875,0.4902606250000001,0.538693625,0.8851817500000001
0.625,0.5,0.9375,0.4806071875000001,0.5430481875,0.9495337500000002
0.625,0.5,1.0,0.47095375000000006,0.54740275,1.01388575
0.625,0.5625,0.0,0.6734715625000001,0.529592375,-0.017133124999999996
0.625,0.5625,0.0625,0.663818125,0.5339469375,0.04721887500000001
0.625,0.5625,0.125,0.6541646875000001,0.5383015,0.11157087500000001
0.625,0.5625,0.1875,0.6445112500000001,0.5426560625,0.175922875
0.625,0.5625,0.25,0.6348578125000001,0.547010625,0.24027487500000003
0.625,0.5625,0.3125,0.625204375,0.5513651875,0.3046268750000001
0.625,0.5625,0.375,0.6155509375000001,0.55571975,0.36897887500000004
0.625,0.5625,0.4375,0.6058975000000001,0.5600743125,0.43333087500000006
0.625,0.5625,0.5,0.5962440625000001,0.5644288749999999,0.4976828750000001
0.625,0.5625,0.5625,0.586590625,0.5687834375,0.562034875
0.625,0.5625,0.625,0.5769371875000001,0.573138,0.6263868750000001
0.625,0.5625,0.6875,0.5672837500000001,0.5774925625,0.6907388750000001
0.625,0.5625,0.75,0.5576303125000001,0.581847125,0.755090875
0.625,0.5625,0.8125,0.547976875,0.5862016875,0.8194428750000001
0.625,0.5625,0.875,0.5383234375000001,0.59055625,0.8837948750000001
0.625,0.5625,0.9375,0.5286700000000001,0.5949108125,0.9481468750000002
0.625,0.5625,1.0,0.5190165625000001,0.599265375,1.0124988750000001
0.625,0.625,0.0,0.7215343750000001,0.581455,-0.018519999999999995
0.625,0.625,0.0625,0.7118809375,0.5858095625,0.04583200000000001
0.625,0.625,0.125,0.7022275000000001,0.590164125,0.11018400000000002
0.625,0.625,0.1875,0.6925740625000001,0.5945186875,0.17453600000000002
0.625,0.625,0.25,0.6829206250000001,0.59887325,0.23888800000000004
0.625,0.625,0.3125,0.6732671875,0.6032278125,0.30324000000000007
0.625,0.625,0.375,0.6636137500000001,0.607582375,0.36759200000000003
0.625,0.625,0.4375,0.6539603125000001,0.6119369375,0.43194400000000005
0.625,0.625,0.5,0.6443068750000001,0.6162915,0.49629600000000007
0.625,0.625,0.5625,0.6346534375,0.6206460625000001,0.560648
0.625,0.625,0.625,0.6250000000000001,0.6250006250000001,0.6250000000000001
0.625,0.625,0.6875,0.6153465625000001,0.6293551875000001,0.6893520000000001
0.625,0.625,0.75,0.605693125,0.6337097500000001,0.753704
0.625,0.625,0.8125,0.5960396875,0.6380643125000001,0.8180560000000001
0.625,0.625,0.875,0.5863862500000001,0.6424188750000001,0.8824080000000001
0.625,0.625,0.9375,0.5767328125000001,0.6467734375,0.9467600000000002
0.625,0.625,1.0,0.567079375,0.651128,1.011112
0.625,0.6875,0.0,0.7695971875000001,0.633317625,-0.019906874999999997
0.625,0.6875,0.0625,0.75994375,0.6376721875,0.04444512500000001
0.625,0.6875,0.125,0.7502903125000001,0.64202675,0.10879712500000002
0.625,0.6875,0.1875,0.7406368750000001,0.6463813125,0.17314912500000001
0.625,0.6875,0.25,0.7309834375,0.650735875,0.23750112500000004
0.625,0.6875,0.3125,0.72133,0.6550904375,0.30185312500000006
0.625,0.6875,0.375,0.7116765625000001,0.659445,0.366205125
0.625,0.6875,0.4375,0.7020231250000001,0.6637995624999999,0.43055712500000004
0.625,0.6875,0.5,0.6923696875,0.668154125,0.49490912500000006
0.625,0.6875,0.5625,0.68271625,0.6725086875,0.559261125
0.625,0.6875,0.625,0.6730628125000001,0.67686325,0.6236131250000001
0.625,0.6875,0.6875,0.6634093750000001,0.6812178125,0.6879651250000001
0.625,0.6875,0.75,0.6537559375,0.685572375,0.752317125
0.625,0.6875,0.8125,0.6441025,0.6899269375,0.8166691250000001
0.625,0.6875,0.875,0.6344490625000001,0.6942815,0.8810211250000001
0.625,0.6875,0.9375,0.6247956250000001,0.6986360625,0.9453731250000001
0.625,0.6875,1.0,0.6151421875,0.702990625,1.0097251250000001
0.625,0.75,0.0,0.81766,0.68518025,-0.021293749999999997
0.625,0.75,0.0625,0.8080065625,0.6895348125,0.043058250000000006
0.625,0.75,0.125,0.7983531250000001,0.693889375,0.10741025000000001
0.625,0.75,0.1875,0.7886996875000001,0.6982439375,0.17176225
0.625,0.75,0.25,0.77904625,0.7025985,0.23611425000000003
0.625,0.75,0.3125,0.7693928125,0.7069530625,0.30046625000000005
0.625,0.75,0.375,0.7597393750000001,0.711307625,0.36481825
0.625,0.75,0.4375,0.7500859375000001,0.7156621875,0.42917025000000003
0.625,0.75,0.5,0.7404325,0.7200167500000001,0.49352225000000005
0.625,0.75,0.5625,0.7307790625,0.7243713125000001,0.55787425
0.625,0.75,0.625,0.7211256250000001,0.7287258750000001,0.6222262500000001
0.625,0.75,0.6875,0.7114721875000001,0.7330804375000001,0.6865782500000001
0.625,0.75,0.75,0.70181875,0.7374350000000001,0.75093025
0.625,0.75,0.8125,0.6921653125,0.7417895625,0.8152822500000001
0.625,0.75,0.875,0.6825118750000001,0.746144125,0.8796342500000001
0.625,0.75,0.9375,0.6728584375000001,0.7504986875,0.9439862500000001
0.625,0.75,1.0,0.663205,0.75485325,1.0083382500000002
0.625,0.8125,0.0,0.8657228125,0.737042875,-0.022680624999999996
0.625,0.8125,0.0625,0.856069375,0.7413974375,0.04167137500000001
0.625,0.8125,0.125,0.8464159375000001,0.745752,0.10602337500000002
0.625,0.8125,0.1875,0.8367625000000001,0.7501065625,0.170375375
0.625,0.8125,0.25,0.8271090625,0.754461125,0.23472737500000002
0.625,0.8125,0.3125,0.817455625,0.7588156875,0.29907937500000004
0.625,0.8125,0.375,0.8078021875000001,0.7631702499999999,0.363431375
0.625,0.8125,0.4375,0.7981487500000001,0.7675248124999999,0.427783375
0.625,0.8125,0.5,0.7884953125,0.7718793749999999,0.49213537500000004
0.625,0.8125,0.5625,0.778841875,0.7762339375,0.556487375
0.625,0.8125,0.625,0.7691884375000001,0.7805885,0.6208393750000001
0.625,0.8125,0.6875,0.7595350000000001,0.7849430625,0.685191375
0.625,0.8125,0.75,0.7498815625,0.789297625,0.749543375
0.625,0.8125,0.8125,0.740228125,0.7936521875,0.8138953750000001
0.625,0.8125,0.875,0.7305746875000001,0.79800675,0.878247375
0.625,0.8125,0.9375,0.7209212500000001,0.8023613125,0.9425993750000001
0.625,0.8125,1.0,0.7112678125,0.806715875,1.006951375
0.625,0.875,0.0,0.913785625,0.7889055,-0.024067499999999995
0.625,0.875,0.0625,0.9041321875,0.7932600625,0.040284500000000015
0.625,0.875,0.125,0.8944787500000001,0.797614625,0.10463650000000002
0.625,0.875,0.1875,0.8848253125000001,0.8019691875,0.1689885
0.625,0.875,0.25,0.875171875,0.80632375,0.23334050000000003
0.625,0.875,0.3125,0.8655184375,0.8106783125,0.2976925
0.625,0.875,0.375,0.8558650000000001,0.815032875,0.3620445
0.625,0.875,0.4375,0.8462115625000001,0.8193874375,0.4263965
0.625,0.875,0.5,0.836558125,0.823742,0.49074850000000003
0.625,0.875,0.5625,0.8269046875,0.8280965625000001,0.5551005
0.625,0.875,0.625,0.8172512500000001,0.8324511250000001,0.6194525000000001
0.625,0.875,0.6875,0.8075978125000001,0.8368056875000001,0.6838045
0.625,0.875,0.75,0.797944375,0.84116025,0.7481565
0.625,0.875,0.8125,0.7882909375,0.8455148125,0.8125085000000001
0.625,0.875,0.875,0.7786375000000001,0.849869375,0.8768605
0.625,0.875,0.9375,0.7689840625000001,0.8542239375,0.9412125000000001
0.625,0.875,1.0,0.759330625,0.8585785,1.0055645000000002
0.625,0.9375,0.0,0.9618484375,0.840768125,-0.025454374999999994
0.625,0.9375,0.0625,0.952195,0.8451226875,0.03889762500000001
0.625,0.9375,0.125,0.9425415625000001,0.84947725,0.10324962500000001
0.625,0.9375,0.1875,0.9328881250000001,0.8538318125,0.167601625
0.625,0.9375,0.25,0.9232346875,0.858186375,0.23195362500000002
0.625,0.9375,0.3125,0.91358125,0.8625409374999999,0.2963056250000001
0.625,0.9375,0.375,0.9039278125000001,0.8668954999999999,0.36065762500000004
0.625,0.9375,0.4375,0.8942743750000001,0.8712500624999999,0.42500962500000006
0.625,0.9375,0.5,0.8846209375,0.875604625,0.4893616250000001
0.625,0.9375,0.5625,0.8749675,0.8799591875,0.553713625
0.625,0.9375,0.625,0.8653140625000001,0.88431375,0.6180656250000001
0.625,0.9375,0.6875,0.8556606250000001,0.8886683125,0.682417625
0.625,0.9375,0.75,0.8460071875,0.893022875,0.746769625
0.625,0.9375,0.8125,0.83635375,0.8973774375,0.8111216250000001
0.625,0.9375,0.875,0.8267003125000001,0.901732,0.875473625
0.625,0.9375,0.9375,0.8170468750000001,0.9060865625,0.9398256250000001
0.625,0.9375,1.0,0.8073934375,0.910441125,1.004177625
0.625,1.0,0.0,1.00991125,0.89263075,-0.026841249999999994
0.625,1.0,0.0625,1.0002578125000001,0.8969853125,0.03751075000000001
0.625,1.0,0.125,0.9906043750000001,0.901339875,0.10186275000000002
0.625,1.0,0.1875,0.9809509375000001,0.9056944375,0.16621475000000002
0.625,1.0,0.25,0.9712975,0.910049,0.23056675000000004
0.625,1.0,0.3125,0.9616440625,0.9144035625,0.29491875000000006
0.625,1.0,0.375,0.9519906250000001,0.918758125,0.35927075
0.625,1.0,0.4375,0.9423371875000001,0.9231126875,0.42362275000000005
0.625,1.0,0.5,0.93268375,0.9274672500000001,0.48797475000000007
0.625,1.0,0.5625,0.9230303125,0.9318218125000001,0.55232675
0.625,1.0,0.625,0.9133768750000001,0.9361763750000001,0.61667875
0.625,1.0,0.6875,0.9037234375000001,0.9405309375,0.68103075
0.625,1.0,0.75,0.89407,0.9448855,0.74538275
0.625,1.0,0.8125,0.8844165625,0.9492400625,0.8097347500000001
0.625,1.0,0.875,0.8747631250000001,0.953594625,0.87408675
0.625,1.0,0.9375,0.8651096875000001,0.9579491875,0.9384387500000001
0.625,1.0,1.0,0.85545625,0.96230375,1.0027907500000002
0.6875,0.0,0.0,0.264996875,0.069111625,-0.005116375
0.6875,0.0,0.0625,0.25534343750000005,0.0734661875,0.05923562500000001
0.6875,0.0,0.125,0.24569000000000002,0.07782075,0.123587625
0.6875,0.0,0.1875,0.23603656250000002,0.08217531249999999,0.187939625
0.6875,0.0,0.25,0.22638312500000002,0.08652987499999999,0.252291625
0.6875,0.0,0.3125,0.21672968750000002,0.0908844375,0.31664362500000004
0.6875,0.0,0.375,0.20707625000000002,0.09523899999999999,0.380995625
0.6875,0.0,0.4375,0.19742281250000004,0.09959356249999998,0.445347625
0.6875,0.0,0.5,0.18776937500000002,0.10394812499999999,0.5096996250000001
0.6875,0.0,0.5625,0.17811593750000004,0.1083026875,0.5740516250000001
0.6875,0.0,0.625,0.16846250000000002,0.11265724999999999,0.6384036250000001
0.6875,0.0,0.6875,0.15880906250000004,0.11701181249999998,0.7027556250000001
0.6875,0.0,0.75,0.14915562500000004,0.12136637499999998,0.7671076250000001
0.6875,0.0,0.8125,0.13950218750000004,0.1257209375,0.8314596250000001
0.6875,0.0,0.875,0.12984875000000004,0.13007549999999998,0.8958116250000001
0.6875,0.0,0.9375,0.12019531250000004,0.1344300625,0.9601636250000002
0.6875,0.0,1.0,0.11054187500000004,0.138784625,1.024515625
0.6875,0.0625,0.0,0.3130596875,0.12097425,-0.00650325
0.6875,0.0625,0.0625,0.30340625000000004,0.1253288125,0.057848750000000004
0.6875,0.0625,0.125,0.2937528125,0.129683375,0.12220075000000001
0.6875,0.0625,0.1875,0.28409937500000004,0.1340379375,0.18655275000000002
0.6875,0.0625,0.25,0.2744459375,0.1383925,0.25090475
0.6875,0.0625,0.3125,0.26479250000000004,0.1427470625,0.31525675000000003
0.6875,0.0625,0.375,0.2551390625,0.147101625,0.37960875
0.6875,0.0625,0.4375,0.24548562500000004,0.1514561875,0.44396075
0.6875,0.0625,0.5,0.2358321875,0.15581075,0.5083127500000001
0.6875,0.0625,0.5625,0.22617875000000004,0.1601653125,0.5726647500000001
0.6875,0.0625,0.625,0.2165253125,0.16451987499999998,0.6370167500000001
0.6875,0.0625,0.6875,0.20687187500000004,0.1688744375,0.7013687500000001
0.6875,0.0625,0.75,0.19721843750000004,0.173229,0.7657207500000001
0.6875,0.0625,0.8125,0.18756500000000004,0.1775835625,0.8300727500000001
0.6875,0.0625,0.875,0.17791156250000004,0.181938125,0.8944247500000001
0.6875,0.0625,0.9375,0.16825812500000004,0.1862926875,0.9587767500000002
0.6875,0.0625,1.0,0.15860468750000004,0.19064725,1.0231287500000001
0.6875,0.125,0.0,0.3611225,0.172836875,-0.007890125
0.6875,0.125,0.0625,0.35146906250000004,0.1771914375,0.05646187500000001
0.6875,0.125,0.125,0.341815625,0.18154599999999999,0.12081387500000002
0.6875,0.125,0.1875,0.33216218750000004,0.1859005625,0.185165875
0.6875,0.125,0.25,0.32250875,0.190255125,0.24951787500000003
0.6875,0.125,0.3125,0.31285531250000004,0.1946096875,0.313869875
0.6875,0.125,0.375,0.303201875,0.19896425,0.378221875
0.6875,0.125,0.4375,0.29354843750000004,0.2033188125,0.442573875
0.6875,0.125,0.5,0.283895,0.207673375,0.5069258750000001
0.6875,0.125,0.5625,0.27424156250000004,0.21202793749999999,0.571277875
0.6875,0.125,0.625,0.264588125,0.21638249999999998,0.6356298750000001
0.6875,0.125,0.6875,0.25493468750000003,0.2207370625,0.6999818750000001
0.6875,0.125,0.75,0.24528125000000003,0.225091625,0.764333875
0.6875,0.125,0.8125,0.23562781250000003,0.22944618749999998,0.8286858750000001
0.6875,0.125,0.875,0.22597437500000003,0.23380075,0.8930378750000001
0.6875,0.125,0.9375,0.21632093750000003,0.2381553125,0.9573898750000002
0.6875,0.125,1.0,0.20666750000000003,0.24250987499999999,1.021741875
0.6875,0.1875,0.0,0.4091853125,0.2246995,-0.009277
0.6875,0.1875,0.0625,0.39953187500000004,0.2290540625,0.055075000000000006
0.6875,0.1875,0.125,0.3898784375,0.23340862499999998,0.119427
0.6875,0.1875,0.1875,0.38022500000000004,0.2377631875,0.183779
0.6875,0.1875,0.25,0.3705715625,0.24211775,0.24813100000000002
0.6875,0.1875,0.3125,0.36091812500000003,0.24647231249999998,0.31248300000000007
0.6875,0.1875,0.375,0.3512646875,0.250826875,0.37683500000000003
0.6875,0.1875,0.4375,0.34161125000000003,0.2551814375,0.44118700000000005
0.6875,0.1875,0.5,0.3319578125,0.259536,0.5055390000000001
0.6875,0.1875,0.5625,0.32230437500000003,0.2638905625,0.569891
0.6875,0.1875,0.625,0.3126509375,0.268245125,0.6342430000000001
0.6875,0.1875,0.6875,0.30299750000000003,0.27259968749999997,0.6985950000000001
0.6875,0.1875,0.75,0.2933440625,0.27695424999999996,0.762947
0.6875,0.1875,0.8125,0.28369062500000003,0.2813088125,0.8272990000000001
0.6875,0.1875,0.875,0.27403718750000006,0.285663375,0.8916510000000001
0.6875,0.1875,0.9375,0.26438375000000003,0.2900179375,0.9560030000000002
0.6875,0.1875,1.0,0.2547303125,0.2943725,1.0203550000000001
0.6875,0.25,0.0,0.457248125,0.276562125,-0.010663875
0.6875,0.25,0.0625,0.44759468750000003,0.2809166875,0.053688125
0.6875,0.25,0.125,0.43794125,0.28527125,0.11804012500000001
0.6875,0.25,0.1875,0.42828781250000003,0.28962581249999997,0.18239212500000002
0.6875,0.25,0.25,0.418634375,0.29398037499999996,0.24674412500000004
0.6875,0.25,0.3125,0.40898093750000003,0.2983349375,0.31109612500000006
0.6875,0.25,0.375,0.3993275,0.3026895,0.375448125
0.6875,0.25,0.4375,0.38967406250000003,0.3070440625,0.43980012500000004
0.6875,0.25,0.5,0.380020625,0.311398625,0.5041521250000001
0.6875,0.25,0.5625,0.37036718750000003,0.3157531875,0.568504125
0.6875,0.25,0.625,0.36071375,0.32010774999999997,0.6328561250000001
0.6875,0.25,0.6875,0.3510603125,0.32446231249999996,0.6972081250000001
0.6875,0.25,0.75,0.341406875,0.328816875,0.761560125
0.6875,0.25,0.8125,0.3317534375,0.3331714375,0.8259121250000001
0.6875,0.25,0.875,0.32210000000000005,0.337526,0.8902641250000001
0.6875,0.25,0.9375,0.3124465625,0.3418805625,0.9546161250000001
0.6875,0.25,1.0,0.302793125,0.346235125,1.018968125
0.6875,0.3125,0.0,0.5053109375,0.32842475000000004,-0.012050749999999999
0.6875,0.3125,0.0625,0.49565750000000003,0.33277931250000004,0.05230125000000001
0.6875,0.3125,0.125,0.4860040625,0.337133875,0.11665325000000001
0.6875,0.3125,0.1875,0.476350625,0.3414884375,0.18100525
0.6875,0.3125,0.25,0.4666971875,0.345843,0.24535725000000003
0.6875,0.3125,0.3125,0.45704375,0.35019756250000006,0.30970925000000005
0.6875,0.3125,0.375,0.4473903125,0.35455212500000005,0.37406125
0.6875,0.3125,0.4375,0.437736875,0.35890668750000004,0.43841325000000003
0.6875,0.3125,0.5,0.4280834375,0.36326125000000004,0.50276525
0.6875,0.3125,0.5625,0.41843,0.3676158125,0.56711725
0.6875,0.3125,0.625,0.4087765625,0.371970375,0.6314692500000001
0.6875,0.3125,0.6875,0.399123125,0.3763249375,0.6958212500000001
0.6875,0.3125,0.75,0.3894696875,0.38067950000000006,0.76017325
0.6875,0.3125,0.8125,0.37981625,0.38503406250000005,0.8245252500000001
0.6875,0.3125,0.875,0.37016281250000005,0.38938862500000004,0.8888772500000001
0.6875,0.3125,0.9375,0.360509375,0.39374318750000004,0.9532292500000001
0.6875,0.3125,1.0,0.3508559375,0.39809775000000003,1.01758125
0.6875,0.375,0.0,0.55337375,0.38028737500000004,-0.013437624999999998
0.6875,0.375,0.0625,0.5437203125,0.38464193750000003,0.05091437500000001
0.6875,0.375,0.125,0.534066875,0.3889965,0.11526637500000002
0.6875,0.375,0.1875,0.5244134375,0.3933510625,0.179618375
0.6875,0.375,0.25,0.51476,0.39770562500000006,0.24397037500000002
0.6875,0.375,0.3125,0.5051065625,0.40206018750000005,0.30832237500000004
0.6875,0.375,0.375,0.495453125,0.40641475000000005,0.372674375
0.6875,0.375,0.4375,0.4857996875,0.41076931250000004,0.437026375
0.6875,0.375,0.5,0.47614625,0.41512387500000003,0.501378375
0.6875,0.375,0.5625,0.4664928125,0.4194784375,0.565730375
0.6875,0.375,0.625,0.456839375,0.423833,0.6300823750000001
0.6875,0.375,0.6875,0.4471859375,0.4281875625,0.694434375
0.6875,0.375,0.75,0.4375325,0.432542125,0.758786375
0.6875,0.375,0.8125,0.4278790625,0.43689668750000005,0.8231383750000001
0.6875,0.375,0.875,0.41822562500000005,0.44125125000000004,0.887490375
0.6875,0.375,0.9375,0.4085721875,0.44560581250000003,0.9518423750000001
0.6875,0.375,1.0,0.39891875,0.449960375,1.0161943750000002
0.6875,0.4375,0.0,0.6014365625,0.43215000000000003,-0.014824499999999997
0.6875,0.4375,0.0625,0.591783125,0.4365045625,0.04952750000000001
0.6875,0.4375,0.125,0.5821296875,0.440859125,0.11387950000000002
0.6875,0.4375,0.1875,0.57247625,0.4452136875,0.17823150000000001
0.6875,0.4375,0.25,0.5628228125,0.44956825,0.24258350000000004
0.6875,0.4375,0.3125,0.553169375,0.45392281250000005,0.3069355
0.6875,0.4375,0.375,0.5435159375,0.45827737500000004,0.3712875
0.6875,0.4375,0.4375,0.5338625,0.46263193750000003,0.4356395
0.6875,0.4375,0.5,0.5242090625,0.4669865,0.49999150000000003
0.6875,0.4375,0.5625,0.514555625,0.4713410625,0.5643435
0.6875,0.4375,0.625,0.5049021875,0.475695625,0.6286955000000001
0.6875,0.4375,0.6875,0.49524875,0.4800501875,0.6930475
0.6875,0.4375,0.75,0.4855953125,0.48440475000000005,0.7573995
0.6875,0.4375,0.8125,0.475941875,0.48875931250000004,0.8217515000000001
0.6875,0.4375,0.875,0.46628843750000004,0.49311387500000003,0.8861035
0.6875,0.4375,0.9375,0.456635,0.4974684375,0.9504555000000001
0.6875,0.4375,1.0,0.4469815625,0.501823,1.0148075
0.6875,0.5,0.0,0.649499375,0.48401262500000003,-0.016211374999999997
0.6875,0.5,0.0625,0.6398459375,0.4883671875,0.048140625000000006
0.6875,0.5,0.125,0.6301925,0.49272175,0.11249262500000001
0.6875,0.5,0.1875,0.6205390625,0.4970763125,0.176844625
0.6875,0.5,0.25,0.610885625,0.501430875,0.24119662500000003
0.6875,0.5,0.3125,0.6012321875,0.5057854375,0.3055486250000001
0.6875,0.5,0.375,0.59157875,0.51014,0.36990062500000004
0.6875,0.5,0.4375,0.5819253125,0.5144945625,0.43425262500000006
0.6875,0.5,0.5,0.572271875,0.518849125,0.4986046250000001
0.6875,0.5,0.5625,0.5626184375,0.5232036875,0.562956625
0.6875,0.5,0.625,0.552965,0.52755825,0.6273086250000001
0.6875,0.5,0.6875,0.5433115625,0.5319128125,0.691660625
0.6875,0.5,0.75,0.533658125,0.536267375,0.756012625
0.6875,0.5,0.8125,0.5240046875,0.5406219375,0.8203646250000001
0.6875,0.5,0.875,0.51435125,0.5449765,0.884716625
0.6875,0.5,0.9375,0.5046978125,0.5493310625000001,0.9490686250000001
0.6875,0.5,1.0,0.495044375,0.553685625,1.0134206250000002
0.6875,0.5625,0.0,0.6975621875,0.53587525,-0.017598249999999996
0.6875,0.5625,0.0625,0.68790875,0.5402298125,0.04675375000000001
0.6875,0.5625,0.125,0.6782553125,0.544584375,0.11110575000000002
0.6875,0.5625,0.1875,0.668601875,0.5489389375,0.17545775000000002
0.6875,0.5625,0.25,0.6589484375,0.5532935,0.23980975000000004
0.6875,0.5625,0.3125,0.649295,0.5576480625,0.30416175000000006
0.6875,0.5625,0.375,0.6396415625,0.562002625,0.36851375000000003
0.6875,0.5625,0.4375,0.629988125,0.5663571875,0.43286575000000005
0.6875,0.5625,0.5,0.6203346875,0.5707117500000001,0.49721775000000007
0.6875,0.5625,0.5625,0.61068125,0.5750663125000001,0.56156975
0.6875,0.5625,0.625,0.6010278125,0.5794208750000001,0.62592175
0.6875,0.5625,0.6875,0.591374375,0.5837754375,0.69027375
0.6875,0.5625,0.75,0.5817209375,0.58813,0.75462575
0.6875,0.5625,0.8125,0.5720675,0.5924845625,0.8189777500000001
0.6875,0.5625,0.875,0.5624140625,0.596839125,0.88332975
0.6875,0.5625,0.9375,0.552760625,0.6011936875,0.9476817500000001
0.6875,0.5625,1.0,0.5431071875,0.60554825,1.01203375
0.6875,0.625,0.0,0.745625,0.5877378750000001,-0.018985124999999995
0.6875,0.625,0.0625,0.7359715625,0.5920924375000001,0.045366875000000015
0.6875,0.625,0.125,0.726318125,0.5964470000000001,0.10971887500000002
0.6875,0.625,0.1875,0.7166646875,0.6008015625,0.174070875
0.6875,0.625,0.25,0.70701125,0.605156125,0.23842287500000003
0.6875,0.625,0.3125,0.6973578125,0.6095106875,0.30277487500000005
0.6875,0.625,0.375,0.687704375,0.61386525,0.367126875
0.6875,0.625,0.4375,0.6780509375,0.6182198125,0.43147887500000004
0.6875,0.625,0.5,0.6683975,0.6225743750000001,0.49583087500000006
0.6875,0.625,0.5625,0.6587440625,0.6269289375000001,0.560182875
0.6875,0.625,0.625,0.649090625,0.6312835000000001,0.624534875
0.6875,0.625,0.6875,0.6394371875,0.6356380625000001,0.688886875
0.6875,0.625,0.75,0.62978375,0.6399926250000001,0.753238875
0.6875,0.625,0.8125,0.6201303125,0.6443471875000001,0.817590875
0.6875,0.625,0.875,0.610476875,0.6487017500000001,0.881942875
0.6875,0.625,0.9375,0.6008234375,0.6530563125000001,0.9462948750000001
0.6875,0.625,1.0,0.59117,0.6574108750000001,1.0106468750000002
0.6875,0.6875,0.0,0.7936878125,0.6396005,-0.020371999999999998
0.6875,0.6875,0.0625,0.784034375,0.6439550625,0.043980000000000005
0.6875,0.6875,0.125,0.7743809375,0.648309625,0.10833200000000001
0.6875,0.6875,0.1875,0.7647275,0.6526641875,0.172684
0.6875,0.6875,0.25,0.7550740625,0.65701875,0.23703600000000002
0.6875,0.6875,0.3125,0.745420625,0.6613733125,0.30138800000000004
0.6875,0.6875,0.375,0.7357671875,0.665727875,0.36574
0.6875,0.6875,0.4375,0.72611375,0.6700824375,0.43009200000000003
0.6875,0.6875,0.5,0.7164603125,0.674437,0.49444400000000005
0.6875,0.6875,0.5625,0.706806875,0.6787915625000001,0.5587960000000001
0.6875,0.6875,0.625,0.6971534375,0.683146125,0.6231480000000001
0.6875,0.6875,0.6875,0.6875,0.6875006875,0.6875000000000001
0.6875,0.6875,0.75,0.6778465625,0.69185525,0.7518520000000001
0.6875,0.6875,0.8125,0.6681931249999999,0.6962098125,0.8162040000000002
0.6875,0.6875,0.875,0.6585396875,0.700564375,0.8805560000000001
0.6875,0.6875,0.9375,0.64888625,0.7049189375,0.9449080000000002
0.6875,0.6875,1.0,0.6392328125,0.7092735,1.00926
0.6875,0.75,0.0,0.841750625,0.6914631250000001,-0.021758874999999997
0.6875,0.75,0.0625,0.8320971875,0.6958176875000001,0.04259312500000001
0.6875,0.75,0.125,0.82244375,0.70017225,0.10694512500000002
0.6875,0.75,0.1875,0.8127903125,0.7045268125,0.171297125
0.6875,0.75,0.25,0.803136875,0.708881375,0.23564912500000001
0.6875,0.75,0.3125,0.7934834374999999,0.7132359375,0.30000112500000004
0.6875,0.75,0.375,0.78383,0.7175905,0.364353125
0.6875,0.75,0.4375,0.7741765625,0.7219450625,0.428705125
0.6875,0.75,0.5,0.764523125,0.726299625,0.49305712500000004
0.6875,0.75,0.5625,0.7548696874999999,0.7306541875000001,0.5574091250000001
0.6875,0.75,0.625,0.74521625,0.7350087500000001,0.6217611250000001
0.6875,0.75,0.6875,0.7355628125,0.7393633125000001,0.6861131250000001
0.6875,0.75,0.75,0.725909375,0.7437178750000001,0.7504651250000001
0.6875,0.75,0.8125,0.7162559374999999,0.7480724375000001,0.8148171250000001
0.6875,0.75,0.875,0.7066025,0.7524270000000001,0.8791691250000001
0.6875,0.75,0.9375,0.6969490625,0.7567815625000001,0.9435211250000002
0.6875,0.75,1.0,0.687295625,0.761136125,1.0078731250000001
0.6875,0.8125,0.0,0.8898134375,0.74332575,-0.023145749999999996
0.6875,0.8125,0.0625,0.8801599999999999,0.7476803125,0.041206250000000014
0.6875,0.8125,0.125,0.8705065625,0.752034875,0.10555825000000002
0.6875,0.8125,0.1875,0.860853125,0.7563894375,0.16991025
0.6875,0.8125,0.25,0.8511996875,0.760744,0.23426225000000003
0.6875,0.8125,0.3125,0.8415462499999999,0.7650985625,0.29861425
0.6875,0.8125,0.375,0.8318928125,0.769453125,0.36296625
0.6875,0.8125,0.4375,0.822239375,0.7738076875,0.42731825
0.6875,0.8125,0.5,0.8125859375,0.77816225,0.49167025000000003
0.6875,0.8125,0.5625,0.8029324999999999,0.7825168125,0.55602225
0.6875,0.8125,0.625,0.7932790625,0.786871375,0.6203742500000001
0.6875,0.8125,0.6875,0.783625625,0.7912259375,0.6847262500000001
0.6875,0.8125,0.75,0.7739721875,0.7955805,0.7490782500000001
0.6875,0.8125,0.8125,0.7643187499999999,0.7999350625,0.8134302500000001
0.6875,0.8125,0.875,0.7546653125,0.804289625,0.8777822500000001
0.6875,0.8125,0.9375,0.745011875,0.8086441875,0.9421342500000002
0.6875,0.8125,1.0,0.7353584375,0.81299875,1.00648625
0.6875,0.875,0.0,0.93787625,0.7951883750000001,-0.024532624999999995
0.6875,0.875,0.0625,0.9282228124999999,0.7995429375,0.03981937500000001
0.6875,0.875,0.125,0.918569375,0.8038975,0.10417137500000001
0.6875,0.875,0.1875,0.9089159375,0.8082520625,0.168523375
0.6875,0.875,0.25,0.8992625,0.812606625,0.23287537500000002
0.6875,0.875,0.3125,0.8896090624999999,0.8169611875,0.29722737500000007
0.6875,0.875,0.375,0.879955625,0.82131575,0.36157937500000004
0.6875,0.875,0.4375,0.8703021875,0.8256703125,0.42593137500000006
0.6875,0.875,0.5,0.86064875,0.8300248750000001,0.4902833750000001
0.6875,0.875,0.5625,0.8509953124999999,0.8343794375000001,0.554635375
0.6875,0.875,0.625,0.841341875,0.8387340000000001,0.6189873750000001
0.6875,0.875,0.6875,0.8316884375,0.8430885625000001,0.6833393750000001
0.6875,0.875,0.75,0.822035,0.8474431250000001,0.747691375
0.6875,0.875,0.8125,0.8123815624999999,0.8517976875000001,0.8120433750000001
0.6875,0.875,0.875,0.802728125,0.8561522500000001,0.8763953750000001
0.6875,0.875,0.9375,0.7930746875,0.8605068125,0.9407473750000002
0.6875,0.875,1.0,0.78342125,0.864861375,1.0050993750000001
0.6875,0.9375,0.0,0.9859390625,0.847051,-0.025919499999999995
0.6875,0.9375,0.0625,0.9762856249999999,0.8514055625,0.03843250000000001
0.6875,0.9375,0.125,0.9666321875,0.855760125,0.10278450000000001
0.6875,0.9375,0.1875,0.95697875,0.8601146875,0.16713650000000002
0.6875,0.9375,0.25,0.9473253125,0.86446925,0.23148850000000004
0.6875,0.9375,0.3125,0.9376718749999999,0.8688238125,0.29584050000000006
0.6875,0.9375,0.375,0.9280184375,0.873178375,0.3601925
0.6875,0.9375,0.4375,0.918365,0.8775329374999999,0.42454450000000005
0.6875,0.9375,0.5,0.9087115625,0.8818874999999999,0.48889650000000007
0.6875,0.9375,0.5625,0.8990581249999999,0.8862420625,0.5532485
0.6875,0.9375,0.625,0.8894046875,0.890596625,0.6176005000000001
0.6875,0.9375,0.6875,0.87975125,0.8949511875,0.6819525000000001
0.6875,0.9375,0.75,0.8700978125,0.89930575,0.7463045
0.6875,0.9375,0.8125,0.8604443749999999,0.9036603125,0.8106565000000001
0.6875,0.9375,0.875,0.8507909375,0.908014875,0.8750085000000001
0.6875,0.9375,0.9375,0.8411375,0.9123694375,0.9393605000000002
0.6875,0.9375,1.0,0.8314840625,0.916724,1.0037125
0.6875,1.0,0.0,1.034001875,0.898913625,-0.027306374999999994
0.6875,1.0,0.0625,1.0243484375,0.9032681875,0.03704562500000001
0.6875,1.0,0.125,1.014695,0.90762275,0.10139762500000002
0.6875,1.0,0.1875,1.0050415625,0.9119773125,0.165749625
0.6875,1.0,0.25,0.995388125,0.916331875,0.23010162500000003
0.6875,1.0,0.3125,0.9857346874999999,0.9206864375,0.29445362500000005
0.6875,1.0,0.375,0.97608125,0.925041,0.358805625
0.6875,1.0,0.4375,0.9664278125,0.9293955625,0.42315762500000004
0.6875,1.0,0.5,0.956774375,0.933750125,0.48750962500000006
0.6875,1.0,0.5625,0.9471209374999999,0.9381046875000001,0.551861625
0.6875,1.0,0.625,0.9374675,0.9424592500000001,0.6162136250000001
0.6875,1.0,0.6875,0.9278140625,0.9468138125000001,0.6805656250000001
0.6875,1.0,0.75,0.918160625,0.9511683750000001,0.744917625
0.6875,1.0,0.8125,0.9085071874999999,0.9555229375000001,0.8092696250000001
0.6875,1.0,0.875,0.89885375,0.9598775,0.8736216250000001
0.6875,1.0,0.9375,0.8892003125,0.9642320625,0.9379736250000001
0.6875,1.0,1.0,0.879546875,0.968586625,1.002325625
0.75,0.0,0.0,0.28908750000000005,0.07539449999999999,-0.0055815
0.75,0.0,0.0625,0.2794340625000001,0.0797490625,0.0587705
0.75,0.0,0.125,0.26978062500000005,0.08410362499999999,0.12312250000000001
0.75,0.0,0.1875,0.2601271875000001,0.08845818749999998,0.18747450000000002
0.75,0.0,0.25,0.25047375000000005,0.09281274999999999,0.2518265
0.75,0.0,0.3125,0.24082031250000005,0.09716731249999999,0.31617850000000003
0.75,0.0,0.375,0.23116687500000005,0.10152187499999998,0.3805305
0.75,0.0,0.4375,0.22151343750000008,0.10587643749999998,0.4448825
0.75,0.0,0.5,0.21186000000000005,0.11023099999999998,0.5092345
0.75,0.0,0.5625,0.20220656250000008,0.11458556249999999,0.5735865
0.75,0.0,0.625,0.19255312500000005,0.11894012499999998,0.6379385000000001
0.75,0.0,0.6875,0.18289968750000007,0.12329468749999997,0.7022905
0.75,0.0,0.75,0.17324625000000007,0.12764925,0.7666425
0.75,0.0,0.8125,0.16359281250000007,0.13200381249999998,0.8309945000000001
0.75,0.0,0.875,0.15393937500000007,0.13635837499999998,0.8953465
0.75,0.0,0.9375,0.14428593750000007,0.14071293749999997,0.9596985000000001
0.75,0.0,1.0,0.13463250000000007,0.14506749999999996,1.0240505000000002
0.75,0.0625,0.0,0.33715031250000005,0.127257125,-0.006968374999999999
0.75,0.0625,0.0625,0.3274968750000001,0.1316116875,0.05738362500000001
0.75,0.0625,0.125,0.31784343750000005,0.13596625,0.12173562500000001
0.75,0.0625,0.1875,0.3081900000000001,0.1403208125,0.186087625
0.75,0.0625,0.25,0.29853656250000005,0.144675375,0.25043962500000005
0.75,0.0625,0.3125,0.2888831250000001,0.1490299375,0.314791625
0.75,0.0625,0.375,0.27922968750000005,0.15338449999999998,0.379143625
0.75,0.0625,0.4375,0.2695762500000001,0.1577390625,0.44349562500000006
0.75,0.0625,0.5,0.25992281250000004,0.162093625,0.507847625
0.75,0.0625,0.5625,0.25026937500000007,0.16644818749999998,0.572199625
0.75,0.0625,0.625,0.24061593750000004,0.17080275,0.6365516250000001
0.75,0.0625,0.6875,0.23096250000000007,0.1751573125,0.700903625
0.75,0.0625,0.75,0.22130906250000007,0.179511875,0.765255625
0.75,0.0625,0.8125,0.21165562500000007,0.18386643749999998,0.8296076250000001
0.75,0.0625,0.875,0.20200218750000007,0.18822099999999997,0.893959625
0.75,0.0625,0.9375,0.19234875000000007,0.1925755625,0.9583116250000001
0.75,0.0625,1.0,0.18269531250000007,0.19693012499999998,1.022663625
0.75,0.125,0.0,0.38521312500000005,0.17911975,-0.008355249999999998
0.75,0.125,0.0625,0.3755596875000001,0.1834743125,0.05599675000000001
0.75,0.125,0.125,0.36590625000000004,0.187828875,0.12034875000000002
0.75,0.125,0.1875,0.35625281250000007,0.1921834375,0.18470075
0.75,0.125,0.25,0.34659937500000004,0.196538,0.24905275000000002
0.75,0.125,0.3125,0.33694593750000007,0.20089256249999998,0.31340475000000007
0.75,0.125,0.375,0.32729250000000004,0.20524712499999997,0.37775675000000003
0.75,0.125,0.4375,0.31763906250000007,0.2096016875,0.44210875000000005
0.75,0.125,0.5,0.30798562500000004,0.21395625,0.50646075
0.75,0.125,0.5625,0.29833218750000007,0.21831081249999998,0.57081275
0.75,0.125,0.625,0.28867875000000004,0.222665375,0.6351647500000001
0.75,0.125,0.6875,0.27902531250000007,0.2270199375,0.69951675
0.75,0.125,0.75,0.26937187500000004,0.23137449999999998,0.76386875
0.75,0.125,0.8125,0.25971843750000007,0.23572906249999998,0.8282207500000001
0.75,0.125,0.875,0.2500650000000001,0.24008362499999997,0.89257275
0.75,0.125,0.9375,0.24041156250000006,0.2444381875,0.9569247500000001
0.75,0.125,1.0,0.23075812500000006,0.24879274999999998,1.0212767500000002
0.75,0.1875,0.0,0.43327593750000004,0.23098237500000002,-0.009742124999999999
0.75,0.1875,0.0625,0.42362250000000007,0.2353369375,0.05460987500000001
0.75,0.1875,0.125,0.41396906250000004,0.2396915,0.11896187500000001
0.75,0.1875,0.1875,0.40431562500000007,0.24404606250000002,0.18331387500000002
0.75,0.1875,0.25,0.39466218750000004,0.248400625,0.24766587500000004
0.75,0.1875,0.3125,0.38500875000000007,0.25275518750000003,0.31201787500000006
0.75,0.1875,0.375,0.37535531250000004,0.25710975,0.376369875
0.75,0.1875,0.4375,0.36570187500000007,0.2614643125,0.44072187500000004
0.75,0.1875,0.5,0.35604843750000004,0.265818875,0.505073875
0.75,0.1875,0.5625,0.34639500000000006,0.2701734375,0.569425875
0.75,0.1875,0.625,0.33674156250000004,0.274528,0.633777875
0.75,0.1875,0.6875,0.32708812500000006,0.2788825625,0.698129875
0.75,0.1875,0.75,0.31743468750000003,0.283237125,0.762481875
0.75,0.1875,0.8125,0.30778125000000006,0.2875916875,0.826833875
0.75,0.1875,0.875,0.2981278125000001,0.29194625,0.891185875
0.75,0.1875,0.9375,0.28847437500000006,0.2963008125,0.9555378750000001
0.75,0.1875,1.0,0.27882093750000003,0.300655375,1.019889875
0.75,0.25,0.0,0.48133875000000004,0.282845,-0.011128999999999998
0.75,0.25,0.0625,0.47168531250000006,0.2871995625,0.053223000000000006
0.75,0.25,0.125,0.46203187500000004,0.291554125,0.11757500000000001
0.75,0.25,0.1875,0.45237843750000006,0.2959086875,0.181927
0.75,0.25,0.25,0.44272500000000004,0.30026325,0.24627900000000003
0.75,0.25,0.3125,0.43307156250000006,0.30461781250000003,0.31063100000000005
0.75,0.25,0.375,0.42341812500000003,0.308972375,0.374983
0.75,0.25,0.4375,0.41376468750000006,0.3133269375,0.43933500000000003
0.75,0.25,0.5,0.40411125000000003,0.3176815,0.5036870000000001
0.75,0.25,0.5625,0.39445781250000006,0.3220360625,0.5680390000000001
0.75,0.25,0.625,0.38480437500000003,0.326390625,0.6323910000000001
0.75,0.25,0.6875,0.37515093750000006,0.3307451875,0.6967430000000001
0.75,0.25,0.75,0.36549750000000003,0.33509975000000003,0.7610950000000001
0.75,0.25,0.8125,0.35584406250000006,0.3394543125,0.8254470000000002
0.75,0.25,0.875,0.3461906250000001,0.343808875,0.8897990000000001
0.75,0.25,0.9375,0.33653718750000006,0.3481634375,0.9541510000000002
0.75,0.25,1.0,0.32688375000000003,0.352518,1.0185030000000002
0.75,0.3125,0.0,0.5294015625,0.334707625,-0.012515874999999997
0.75,0.3125,0.0625,0.519748125,0.3390621875,0.05183612500000001
0.75,0.3125,0.125,0.5100946875000001,0.34341675,0.11618812500000002
0.75,0.3125,0.1875,0.5004412500000001,0.3477713125,0.180540125
0.75,0.3125,0.25,0.49078781250000003,0.35212587500000003,0.24489212500000002
0.75,0.3125,0.3125,0.48113437500000006,0.3564804375,0.30924412500000004
0.75,0.3125,0.375,0.47148093750000003,0.360835,0.373596125
0.75,0.3125,0.4375,0.46182750000000006,0.3651895625,0.437948125
0.75,0.3125,0.5,0.45217406250000003,0.369544125,0.5023001250000001
0.75,0.3125,0.5625,0.44252062500000006,0.3738986875,0.5666521250000001
0.75,0.3125,0.625,0.43286718750000003,0.37825325,0.6310041250000001
0.75,0.3125,0.6875,0.42321375000000006,0.3826078125,0.6953561250000001
0.75,0.3125,0.75,0.4135603125,0.38696237499999997,0.7597081250000001
0.75,0.3125,0.8125,0.40390687500000005,0.3913169375,0.8240601250000001
0.75,0.3125,0.875,0.3942534375000001,0.3956715,0.8884121250000001
0.75,0.3125,0.9375,0.38460000000000005,0.4000260625,0.9527641250000002
0.75,0.3125,1.0,0.3749465625,0.404380625,1.017116125
0.75,0.375,0.0,0.577464375,0.38657025,-0.013902749999999998
0.75,0.375,0.0625,0.5678109375,0.3909248125,0.05044925000000001
0.75,0.375,0.125,0.5581575000000001,0.395279375,0.11480125000000002
0.75,0.375,0.1875,0.5485040625000001,0.3996339375,0.17915325
0.75,0.375,0.25,0.538850625,0.4039885,0.24350525000000003
0.75,0.375,0.3125,0.5291971875,0.4083430625,0.30785725
0.75,0.375,0.375,0.5195437500000001,0.412697625,0.37220925
0.75,0.375,0.4375,0.5098903125,0.4170521875,0.43656125
0.75,0.375,0.5,0.500236875,0.42140675,0.5009132500000001
0.75,0.375,0.5625,0.49058343750000005,0.4257613125,0.56526525
0.75,0.375,0.625,0.48093,0.430115875,0.6296172500000001
0.75,0.375,0.6875,0.47127656250000005,0.4344704375,0.6939692500000001
0.75,0.375,0.75,0.461623125,0.438825,0.7583212500000001
0.75,0.375,0.8125,0.45196968750000005,0.4431795625,0.8226732500000001
0.75,0.375,0.875,0.4423162500000001,0.447534125,0.8870252500000001
0.75,0.375,0.9375,0.43266281250000005,0.4518886875,0.9513772500000002
0.75,0.375,1.0,0.423009375,0.45624325,1.0157292500000001
0.75,0.4375,0.0,0.6255271875,0.438432875,-0.015289624999999998
0.75,0.4375,0.0625,0.61587375,0.4427874375,0.049062375000000005
0.75,0.4375,0.125,0.6062203125000001,0.447142,0.11341437500000001
0.75,0.4375,0.1875,0.596566875,0.4514965625,0.177766375
0.75,0.4375,0.25,0.5869134375,0.455851125,0.24211837500000002
0.75,0.4375,0.3125,0.57726,0.4602056875,0.3064703750000001
0.75,0.4375,0.375,0.5676065625000001,0.46456025,0.37082237500000004
0.75,0.4375,0.4375,0.557953125,0.4689148125,0.43517437500000006
0.75,0.4375,0.5,0.5482996875,0.473269375,0.4995263750000001
0.75,0.4375,0.5625,0.53864625,0.4776239375,0.563878375
0.75,0.4375,0.625,0.5289928125000001,0.4819785,0.6282303750000001
0.75,0.4375,0.6875,0.519339375,0.48633306249999997,0.6925823750000001
0.75,0.4375,0.75,0.5096859375,0.49068762499999996,0.756934375
0.75,0.4375,0.8125,0.5000325000000001,0.4950421875,0.8212863750000001
0.75,0.4375,0.875,0.4903790625000001,0.49939675,0.8856383750000001
0.75,0.4375,0.9375,0.48072562500000005,0.5037513124999999,0.9499903750000002
0.75,0.4375,1.0,0.4710721875,0.508105875,1.014342375
0.75,0.5,0.0,0.67359,0.4902955,-0.016676499999999997
0.75,0.5,0.0625,0.6639365625,0.4946500625,0.04767550000000001
0.75,0.5,0.125,0.6542831250000001,0.499004625,0.11202750000000002
0.75,0.5,0.1875,0.6446296875,0.5033591875,0.17637950000000002
0.75,0.5,0.25,0.63497625,0.50771375,0.24073150000000004
0.75,0.5,0.3125,0.6253228125,0.5120683125,0.30508350000000006
0.75,0.5,0.375,0.6156693750000001,0.516422875,0.3694355
0.75,0.5,0.4375,0.6060159375,0.5207774374999999,0.43378750000000005
0.75,0.5,0.5,0.5963625,0.5251319999999999,0.49813950000000007
0.75,0.5,0.5625,0.5867090625,0.5294865625,0.5624915
0.75,0.5,0.625,0.5770556250000001,0.533841125,0.6268435000000001
0.75,0.5,0.6875,0.5674021875,0.5381956875,0.6911955000000001
0.75,0.5,0.75,0.55774875,0.54255025,0.7555475
0.75,0.5,0.8125,0.5480953125000001,0.5469048125,0.8198995000000001
0.75,0.5,0.875,0.5384418750000001,0.551259375,0.8842515000000001
0.75,0.5,0.9375,0.5287884375,0.5556139375,0.9486035000000002
0.75,0.5,1.0,0.519135,0.5599685,1.0129555000000001
0.75,0.5625,0.0,0.7216528125,0.542158125,-0.018063374999999996
0.75,0.5625,0.0625,0.711999375,0.5465126875,0.046288625000000014
0.75,0.5625,0.125,0.7023459375000001,0.55086725,0.11064062500000002
0.75,0.5625,0.1875,0.6926925,0.5552218125,0.174992625
0.75,0.5625,0.25,0.6830390625,0.559576375,0.23934462500000003
0.75,0.5625,0.3125,0.673385625,0.5639309375,0.30369662500000005
0.75,0.5625,0.375,0.6637321875000001,0.5682855,0.368048625
0.75,0.5625,0.4375,0.65407875,0.5726400625,0.43240062500000004
0.75,0.5625,0.5,0.6444253125,0.576994625,0.49675262500000006
0.75,0.5625,0.5625,0.634771875,0.5813491875000001,0.561104625
0.75,0.5625,0.625,0.6251184375000001,0.5857037500000001,0.6254566250000001
0.75,0.5625,0.6875,0.615465,0.5900583125000001,0.6898086250000001
0.75,0.5625,0.75,0.6058115625,0.5944128750000001,0.754160625
0.75,0.5625,0.8125,0.5961581250000001,0.5987674375,0.8185126250000001
0.75,0.5625,0.875,0.5865046875000001,0.603122,0.8828646250000001
0.75,0.5625,0.9375,0.57685125,0.6074765625,0.9472166250000001
0.75,0.5625,1.0,0.5671978125,0.611831125,1.011568625
0.75,0.625,0.0,0.769715625,0.5940207500000001,-0.019450249999999995
0.75,0.625,0.0625,0.7600621875,0.5983753125000001,0.04490175000000001
0.75,0.625,0.125,0.7504087500000001,0.6027298750000001,0.10925375000000001
0.75,0.625,0.1875,0.7407553125,0.6070844375000001,0.17360575
0.75,0.625,0.25,0.731101875,0.6114390000000001,0.23795775000000002
0.75,0.625,0.3125,0.7214484375,0.6157935625000001,0.30230975000000004
0.75,0.625,0.375,0.7117950000000001,0.620148125,0.36666175
0.75,0.625,0.4375,0.7021415625,0.6245026875,0.43101375000000003
0.75,0.625,0.5,0.692488125,0.62885725,0.49536575000000005
0.75,0.625,0.5625,0.6828346875,0.6332118125000001,0.55971775
0.75,0.625,0.625,0.6731812500000001,0.6375663750000001,0.6240697500000001
0.75,0.625,0.6875,0.6635278125,0.6419209375000001,0.68842175
0.75,0.625,0.75,0.653874375,0.6462755000000001,0.75277375
0.75,0.625,0.8125,0.6442209375000001,0.6506300625000001,0.8171257500000001
0.75,0.625,0.875,0.6345675000000001,0.6549846250000001,0.8814777500000001
0.75,0.625,0.9375,0.6249140625,0.6593391875000001,0.9458297500000001
0.75,0.625,1.0,0.615260625,0.6636937500000001,1.01018175
0.75,0.6875,0.0,0.8177784375,0.645883375,-0.020837124999999998
0.75,0.6875,0.0625,0.808125,0.6502379375,0.04351487500000001
0.75,0.6875,0.125,0.7984715625000001,0.6545925,0.10786687500000001
0.75,0.6875,0.1875,0.788818125,0.6589470625,0.172218875
0.75,0.6875,0.25,0.7791646875,0.663301625,0.236570875
0.75,0.6875,0.3125,0.76951125,0.6676561875,0.30092287500000003
0.75,0.6875,0.375,0.7598578125000001,0.67201075,0.365274875
0.75,0.6875,0.4375,0.750204375,0.6763653125,0.429626875
0.75,0.6875,0.5,0.7405509375,0.6807198750000001,0.49397887500000004
0.75,0.6875,0.5625,0.7308975,0.6850744375000001,0.558330875
0.75,0.6875,0.625,0.7212440625000001,0.6894290000000001,0.6226828750000001
0.75,0.6875,0.6875,0.711590625,0.6937835625000001,0.687034875
0.75,0.6875,0.75,0.7019371875,0.698138125,0.751386875
0.75,0.6875,0.8125,0.6922837500000001,0.7024926875,0.8157388750000001
0.75,0.6875,0.875,0.6826303125000001,0.70684725,0.880090875
0.75,0.6875,0.9375,0.672976875,0.7112018125,0.9444428750000001
0.75,0.6875,1.0,0.6633234375,0.715556375,1.0087948750000002
0.75,0.75,0.0,0.86584125,0.6977460000000001,-0.022223999999999997
0.75,0.75,0.0625,0.8561878125,0.7021005625000001,0.04212800000000001
0.75,0.75,0.125,0.8465343750000001,0.7064551250000001,0.10648000000000002
0.75,0.75,0.1875,0.8368809375,0.7108096875000001,0.170832
0.75,0.75,0.25,0.8272275,0.7151642500000001,0.23518400000000003
0.75,0.75,0.3125,0.8175740625,0.7195188125,0.299536
0.75,0.75,0.375,0.8079206250000001,0.723873375,0.363888
0.75,0.75,0.4375,0.7982671875,0.7282279375,0.42824
0.75,0.75,0.5,0.78861375,0.7325825000000001,0.49259200000000003
0.75,0.75,0.5625,0.7789603125,0.7369370625000001,0.556944
0.75,0.75,0.625,0.7693068750000001,0.7412916250000001,0.6212960000000001
0.75,0.75,0.6875,0.7596534375,0.7456461875000001,0.685648
0.75,0.75,0.75,0.75,0.7500007500000001,0.75
0.75,0.75,0.8125,0.7403465625000001,0.7543553125000001,0.8143520000000001
0.75,0.75,0.875,0.730693125,0.7587098750000001,0.878704
0.75,0.75,0.9375,0.7210396875,0.7630644375000001,0.9430560000000001
0.75,0.75,1.0,0.71138625,0.7674190000000001,1.007408
0.75,0.8125,0.0,0.9139040625,0.749608625,-0.023610874999999996
0.75,0.8125,0.0625,0.904250625,0.7539631875,0.04074112500000001
0.75,0.8125,0.125,0.8945971875000001,0.75831775,0.10509312500000001
0.75,0.8125,0.1875,0.88494375,0.7626723125,0.169445125
0.75,0.8125,0.25,0.8752903125,0.767026875,0.23379712500000002
0.75,0.8125,0.3125,0.865636875,0.7713814375,0.29814912500000007
0.75,0.8125,0.375,0.8559834375,0.775736,0.36250112500000004
0.75,0.8125,0.4375,0.84633,0.7800905625,0.42685312500000006
0.75,0.8125,0.5,0.8366765625,0.784445125,0.4912051250000001
0.75,0.8125,0.5625,0.827023125,0.7887996875000001,0.555557125
0.75,0.8125,0.625,0.8173696875,0.7931542500000001,0.6199091250000001
0.75,0.8125,0.6875,0.80771625,0.7975088125,0.684261125
0.75,0.8125,0.75,0.7980628125,0.801863375,0.748613125
0.75,0.8125,0.8125,0.7884093750000001,0.8062179375,0.8129651250000001
0.75,0.8125,0.875,0.7787559375,0.8105725,0.877317125
0.75,0.8125,0.9375,0.7691025,0.8149270625,0.9416691250000001
0.75,0.8125,1.0,0.7594490625,0.819281625,1.0060211250000002
0.75,0.875,0.0,0.961966875,0.8014712500000001,-0.024997749999999996
0.75,0.875,0.0625,0.9523134375,0.8058258125000001,0.03935425000000001
0.75,0.875,0.125,0.94266,0.8101803750000001,0.10370625000000001
0.75,0.875,0.1875,0.9330065625,0.8145349375000001,0.16805825000000002
0.75,0.875,0.25,0.923353125,0.8188895,0.23241025000000004
0.75,0.875,0.3125,0.9136996875,0.8232440625,0.29676225000000006
0.75,0.875,0.375,0.90404625,0.827598625,0.36111425
0.75,0.875,0.4375,0.8943928125,0.8319531875,0.42546625000000005
0.75,0.875,0.5,0.884739375,0.83630775,0.48981825000000007
0.75,0.875,0.5625,0.8750859375,0.8406623125000001,0.55417025
0.75,0.875,0.625,0.8654325,0.8450168750000001,0.61852225
0.75,0.875,0.6875,0.8557790625,0.8493714375000001,0.68287425
0.75,0.875,0.75,0.846125625,0.8537260000000001,0.74722625
0.75,0.875,0.8125,0.8364721875000001,0.8580805625000001,0.8115782500000001
0.75,0.875,0.875,0.82681875,0.8624351250000001,0.87593025
0.75,0.875,0.9375,0.8171653125,0.8667896875000001,0.9402822500000001
0.75,0.875,1.0,0.807511875,0.8711442500000001,1.00463425
0.75,0.9375,0.0,1.0100296874999999,0.853333875,-0.026384624999999995
0.75,0.9375,0.0625,1.00037625,0.8576884375,0.03796737500000001
0.75,0.9375,0.125,0.9907228124999999,0.862043,0.10231937500000002
0.75,0.9375,0.1875,0.9810693749999999,0.8663975625,0.166671375
0.75,0.9375,0.25,0.9714159374999999,0.870752125,0.23102337500000003
0.75,0.9375,0.3125,0.9617624999999999,0.8751066875,0.29537537500000005
0.75,0.9375,0.375,0.9521090624999999,0.87946125,0.359727375
0.75,0.9375,0.4375,0.9424556249999999,0.8838158125,0.42407937500000004
0.75,0.9375,0.5,0.9328021874999999,0.8881703750000001,0.48843137500000006
0.75,0.9375,0.5625,0.9231487499999999,0.8925249375000001,0.552783375
0.75,0.9375,0.625,0.9134953124999999,0.8968795,0.6171353750000002
0.75,0.9375,0.6875,0.9038418749999999,0.9012340625,0.6814873750000001
0.75,0.9375,0.75,0.8941884374999999,0.905588625,0.7458393750000001
0.75,0.9375,0.8125,0.8845349999999998,0.9099431875,0.810191375
0.75,0.9375,0.875,0.8748815624999999,0.91429775,0.874543375
0.75,0.9375,0.9375,0.8652281249999999,0.9186523125,0.9388953750000002
0.75,0.9375,1.0,0.8555746874999999,0.923006875,1.0032473750000002
0.75,1.0,0.0,1.0580924999999999,0.9051965000000001,-0.027771499999999994
0.75,1.0,0.0625,1.0484390625,0.9095510625000001,0.036580500000000016
0.75,1.0,0.125,1.0387856249999998,0.913905625,0.10093250000000002
0.75,1.0,0.1875,1.0291321875,0.9182601875,0.1652845
0.75,1.0,0.25,1.01947875,0.92261475,0.22963650000000002
0.75,1.0,0.3125,1.0098253124999998,0.9269693125,0.29398850000000004
0.75,1.0,0.375,1.000171875,0.931323875,0.3583405
0.75,1.0,0.4375,0.9905184374999999,0.9356784375,0.4226925
0.75,1.0,0.5,0.9808649999999999,0.9400330000000001,0.48704450000000005
0.75,1.0,0.5625,0.9712115624999998,0.9443875625000001,0.5513965000000001
0.75,1.0,0.625,0.9615581249999999,0.9487421250000001,0.6157485000000001
0.75,1.0,0.6875,0.9519046874999999,0.9530966875000001,0.6801005000000001
0.75,1.0,0.75,0.9422512499999999,0.9574512500000001,0.7444525000000001
0.75,1.0,0.8125,0.9325978124999998,0.9618058125000001,0.8088045000000001
0.75,1.0,0.875,0.9229443749999999,0.9661603750000001,0.8731565000000001
0.75,1.0,0.9375,0.9132909374999999,0.9705149375000001,0.9375085000000002
0.75,1.0,1.0,0.9036374999999999,0.9748695,1.0018605
0.8125,0.0,0.0,0.3131781250000001,0.081677375,-0.006046625
0.8125,0.0,0.0625,0.3035246875000001,0.08603193749999999,0.058305375000000007
0.8125,0.0,0.125,0.2938712500000001,0.0903865,0.12265737500000001
0.8125,0.0,0.1875,0.2842178125000001,0.0947410625,0.187009375
0.8125,0.0,0.25,0.2745643750000001,0.09909562499999999,0.251361375
0.8125,0.0,0.3125,0.2649109375000001,0.10345018749999998,0.3157133750000001
0.8125,0.0,0.375,0.2552575000000001,0.10780474999999999,0.38006537500000004
0.8125,0.0,0.4375,0.2456040625000001,0.1121593125,0.444417375
0.8125,0.0,0.5,0.23595062500000008,0.11651387499999999,0.5087693750000001
0.8125,0.0,0.5625,0.2262971875000001,0.12086843749999998,0.573121375
0.8125,0.0,0.625,0.21664375000000008,0.12522299999999997,0.6374733750000001
0.8125,0.0,0.6875,0.2069903125000001,0.1295775625,0.7018253750000001
0.8125,0.0,0.75,0.1973368750000001,0.13393212499999999,0.766177375
0.8125,0.0,0.8125,0.1876834375000001,0.13828668749999998,0.8305293750000001
0.8125,0.0,0.875,0.1780300000000001,0.14264125,0.8948813750000001
0.8125,0.0,0.9375,0.1683765625000001,0.1469958125,0.9592333750000002
0.8125,0.0,1.0,0.1587231250000001,0.15135037499999998,1.0235853750000001
0.8125,0.0625,0.0,0.3612409375000001,0.13354,-0.007433499999999999
0.8125,0.0625,0.0625,0.3515875000000001,0.13789456249999998,0.05691850000000001
0.8125,0.0625,0.125,0.3419340625000001,0.14224912499999998,0.12127050000000002
0.8125,0.0625,0.1875,0.3322806250000001,0.1466036875,0.1856225
0.8125,0.0625,0.25,0.3226271875000001,0.15095825,0.24997450000000002
0.8125,0.0625,0.3125,0.3129737500000001,0.15531281249999998,0.31432650000000006
0.8125,0.0625,0.375,0.3033203125000001,0.159667375,0.37867850000000003
0.8125,0.0625,0.4375,0.2936668750000001,0.1640219375,0.44303050000000005
0.8125,0.0625,0.5,0.2840134375000001,0.16837649999999998,0.5073825000000001
0.8125,0.0625,0.5625,0.2743600000000001,0.17273106249999998,0.5717345
0.8125,0.0625,0.625,0.2647065625000001,0.17708562499999997,0.6360865000000001
0.8125,0.0625,0.6875,0.2550531250000001,0.1814401875,0.7004385000000001
0.8125,0.0625,0.75,0.2453996875000001,0.18579474999999998,0.7647905
0.8125,0.0625,0.8125,0.2357462500000001,0.19014931249999997,0.8291425000000001
0.8125,0.0625,0.875,0.2260928125000001,0.194503875,0.8934945000000001
0.8125,0.0625,0.9375,0.2164393750000001,0.19885843749999998,0.9578465000000002
0.8125,0.0625,1.0,0.2067859375000001,0.20321299999999998,1.0221985
0.8125,0.125,0.0,0.4093037500000001,0.185402625,-0.008820374999999998
0.8125,0.125,0.0625,0.3996503125000001,0.18975718749999998,0.05553162500000001
0.8125,0.125,0.125,0.3899968750000001,0.19411174999999997,0.11988362500000002
0.8125,0.125,0.1875,0.3803434375000001,0.1984663125,0.18423562500000001
0.8125,0.125,0.25,0.3706900000000001,0.20282087499999998,0.24858762500000003
0.8125,0.125,0.3125,0.3610365625000001,0.20717543749999998,0.31293962500000005
0.8125,0.125,0.375,0.3513831250000001,0.21153,0.377291625
0.8125,0.125,0.4375,0.3417296875000001,0.2158845625,0.44164362500000004
0.8125,0.125,0.5,0.3320762500000001,0.22023912499999998,0.5059956250000001
0.8125,0.125,0.5625,0.3224228125000001,0.22459368749999997,0.570347625
0.8125,0.125,0.625,0.31276937500000007,0.22894824999999996,0.6346996250000001
0.8125,0.125,0.6875,0.3031159375000001,0.23330281249999998,0.6990516250000001
0.8125,0.125,0.75,0.29346250000000007,0.23765737499999998,0.763403625
0.8125,0.125,0.8125,0.2838090625000001,0.24201193749999997,0.8277556250000001
0.8125,0.125,0.875,0.2741556250000001,0.2463665,0.8921076250000001
0.8125,0.125,0.9375,0.2645021875000001,0.2507210625,0.9564596250000001
0.8125,0.125,1.0,0.25484875000000007,0.255075625,1.0208116250000001
0.8125,0.1875,0.0,0.4573665625000001,0.23726525,-0.01020725
0.8125,0.1875,0.0625,0.4477131250000001,0.2416198125,0.054144750000000005
0.8125,0.1875,0.125,0.4380596875000001,0.24597437500000002,0.11849675000000001
0.8125,0.1875,0.1875,0.4284062500000001,0.2503289375,0.18284875
0.8125,0.1875,0.25,0.41875281250000007,0.2546835,0.24720075000000002
0.8125,0.1875,0.3125,0.4090993750000001,0.2590380625,0.31155275000000004
0.8125,0.1875,0.375,0.39944593750000007,0.263392625,0.37590475
0.8125,0.1875,0.4375,0.3897925000000001,0.2677471875,0.44025675000000003
0.8125,0.1875,0.5,0.38013906250000007,0.27210175000000003,0.50460875
0.8125,0.1875,0.5625,0.3704856250000001,0.2764563125,0.56896075
0.8125,0.1875,0.625,0.36083218750000007,0.280810875,0.6333127500000001
0.8125,0.1875,0.6875,0.3511787500000001,0.2851654375,0.6976647500000001
0.8125,0.1875,0.75,0.34152531250000007,0.28952,0.76201675
0.8125,0.1875,0.8125,0.3318718750000001,0.2938745625,0.8263687500000001
0.8125,0.1875,0.875,0.3222184375000001,0.298229125,0.8907207500000001
0.8125,0.1875,0.9375,0.3125650000000001,0.3025836875,0.9550727500000001
0.8125,0.1875,1.0,0.30291156250000006,0.30693824999999997,1.0194247500000002
0.8125,0.25,0.0,0.5054293750000001,0.28912787500000003,-0.011594124999999999
0.8125,0.25,0.0625,0.4957759375000001,0.2934824375,0.05275787500000001
0.8125,0.25,0.125,0.48612250000000007,0.297837,0.11710987500000002
0.8125,0.25,0.1875,0.4764690625000001,0.3021915625,0.181461875
0.8125,0.25,0.25,0.46681562500000007,0.306546125,0.24581387500000002
0.8125,0.25,0.3125,0.4571621875000001,0.31090068750000005,0.31016587500000004
0.8125,0.25,0.375,0.44750875000000007,0.31525525000000004,0.374517875
0.8125,0.25,0.4375,0.4378553125000001,0.31960981250000003,0.438869875
0.8125,0.25,0.5,0.42820187500000007,0.323964375,0.503221875
0.8125,0.25,0.5625,0.4185484375000001,0.3283189375,0.567573875
0.8125,0.25,0.625,0.40889500000000006,0.3326735,0.6319258750000001
0.8125,0.25,0.6875,0.3992415625000001,0.3370280625,0.696277875
0.8125,0.25,0.75,0.38958812500000006,0.34138262500000005,0.760629875
0.8125,0.25,0.8125,0.3799346875000001,0.34573718750000004,0.8249818750000001
0.8125,0.25,0.875,0.3702812500000001,0.35009175000000003,0.889333875
0.8125,0.25,0.9375,0.3606278125000001,0.3544463125,0.9536858750000001
0.8125,0.25,1.0,0.35097437500000006,0.358800875,1.018037875
0.8125,0.3125,0.0,0.5534921875000001,0.34099050000000003,-0.012980999999999998
0.8125,0.3125,0.0625,0.54383875,0.3453450625,0.05137100000000001
0.8125,0.3125,0.125,0.5341853125000001,0.349699625,0.11572300000000002
0.8125,0.3125,0.1875,0.5245318750000001,0.3540541875,0.180075
0.8125,0.3125,0.25,0.5148784375000001,0.35840875000000005,0.24442700000000003
0.8125,0.3125,0.3125,0.505225,0.36276331250000005,0.308779
0.8125,0.3125,0.375,0.49557156250000006,0.36711787500000004,0.373131
0.8125,0.3125,0.4375,0.4859181250000001,0.37147243750000003,0.437483
0.8125,0.3125,0.5,0.47626468750000006,0.375827,0.501835
0.8125,0.3125,0.5625,0.4666112500000001,0.3801815625,0.566187
0.8125,0.3125,0.625,0.45695781250000006,0.384536125,0.6305390000000001
0.8125,0.3125,0.6875,0.4473043750000001,0.3888906875,0.694891
0.8125,0.3125,0.75,0.43765093750000006,0.39324525,0.759243
0.8125,0.3125,0.8125,0.4279975000000001,0.39759981250000004,0.8235950000000001
0.8125,0.3125,0.875,0.4183440625000001,0.40195437500000003,0.887947
0.8125,0.3125,0.9375,0.4086906250000001,0.4063089375,0.9522990000000001
0.8125,0.3125,1.0,0.39903718750000006,0.4106635,1.0166510000000002
0.8125,0.375,0.0,0.6015550000000001,0.392853125,-0.014367874999999999
0.8125,0.375,0.0625,0.5919015625,0.3972076875,0.049984125000000004
0.8125,0.375,0.125,0.5822481250000001,0.40156225,0.11433612500000001
0.8125,0.375,0.1875,0.5725946875000001,0.4059168125,0.178688125
0.8125,0.375,0.25,0.5629412500000001,0.410271375,0.24304012500000002
0.8125,0.375,0.3125,0.5532878125,0.41462593750000004,0.30739212500000007
0.8125,0.375,0.375,0.5436343750000001,0.41898050000000003,0.37174412500000004
0.8125,0.375,0.4375,0.5339809375000001,0.4233350625,0.43609612500000006
0.8125,0.375,0.5,0.5243275000000001,0.427689625,0.500448125
0.8125,0.375,0.5625,0.5146740625,0.4320441875,0.564800125
0.8125,0.375,0.625,0.5050206250000001,0.43639875,0.6291521250000001
0.8125,0.375,0.6875,0.4953671875000001,0.4407533125,0.693504125
0.8125,0.375,0.75,0.48571375000000006,0.44510787500000004,0.757856125
0.8125,0.375,0.8125,0.4760603125000001,0.44946243750000003,0.8222081250000001
0.8125,0.375,0.875,0.4664068750000001,0.453817,0.886560125
0.8125,0.375,0.9375,0.4567534375000001,0.4581715625,0.9509121250000001
0.8125,0.375,1.0,0.44710000000000005,0.462526125,1.015264125
0.8125,0.4375,0.0,0.6496178125000001,0.44471575,-0.015754749999999998
0.8125,0.4375,0.0625,0.639964375,0.4490703125,0.04859725000000001
0.8125,0.4375,0.125,0.6303109375000001,0.453424875,0.11294925000000001
0.8125,0.4375,0.1875,0.6206575000000001,0.4577794375,0.17730125000000002
0.8125,0.4375,0.25,0.6110040625000001,0.46213400000000004,0.24165325000000004
0.8125,0.4375,0.3125,0.601350625,0.46648856250000004,0.30600525000000006
0.8125,0.4375,0.375,0.5916971875000001,0.47084312500000003,0.37035725
0.8125,0.4375,0.4375,0.5820437500000001,0.4751976875,0.43470925000000005
0.8125,0.4375,0.5,0.5723903125,0.47955225,0.49906125000000007
0.8125,0.4375,0.5625,0.562736875,0.4839068125,0.56341325
0.8125,0.4375,0.625,0.5530834375000001,0.488261375,0.62776525
0.8125,0.4375,0.6875,0.5434300000000001,0.4926159375,0.69211725
0.8125,0.4375,0.75,0.5337765625,0.4969705,0.75646925
0.8125,0.4375,0.8125,0.524123125,0.5013250625,0.8208212500000001
0.8125,0.4375,0.875,0.5144696875000001,0.505679625,0.88517325
0.8125,0.4375,0.9375,0.5048162500000001,0.5100341875000001,0.9495252500000001
0.8125,0.4375,1.0,0.49516281250000005,0.51438875,1.0138772500000002
0.8125,0.5,0.0,0.697680625,0.496578375,-0.017141624999999997
0.8125,0.5,0.0625,0.6880271875,0.5009329375,0.04721037500000001
0.8125,0.5,0.125,0.6783737500000001,0.5052875,0.11156237500000002
0.8125,0.5,0.1875,0.6687203125000001,0.5096420625,0.175914375
0.8125,0.5,0.25,0.659066875,0.513996625,0.24026637500000003
0.8125,0.5,0.3125,0.6494134375,0.5183511875,0.30461837500000005
0.8125,0.5,0.375,0.6397600000000001,0.52270575,0.368970375
0.8125,0.5,0.4375,0.6301065625000001,0.5270603125,0.43332237500000004
0.8125,0.5,0.5,0.620453125,0.5314148750000001,0.49767437500000006
0.8125,0.5,0.5625,0.6107996875,0.5357694375000001,0.562026375
0.8125,0.5,0.625,0.6011462500000001,0.540124,0.626378375
0.8125,0.5,0.6875,0.5914928125000001,0.5444785625,0.690730375
0.8125,0.5,0.75,0.581839375,0.548833125,0.755082375
0.8125,0.5,0.8125,0.5721859375,0.5531876875,0.819434375
0.8125,0.5,0.875,0.5625325000000001,0.55754225,0.883786375
0.8125,0.5,0.9375,0.5528790625000001,0.5618968125,0.9481383750000001
0.8125,0.5,1.0,0.543225625,0.566251375,1.012490375
0.8125,0.5625,0.0,0.7457434375,0.548441,-0.018528499999999996
0.8125,0.5625,0.0625,0.73609,0.5527955625,0.04582350000000001
0.8125,0.5625,0.125,0.7264365625000001,0.5571501249999999,0.11017550000000001
0.8125,0.5625,0.1875,0.7167831250000001,0.5615046874999999,0.1745275
0.8125,0.5625,0.25,0.7071296875,0.5658592499999999,0.23887950000000002
0.8125,0.5625,0.3125,0.69747625,0.5702138124999999,0.30323150000000004
0.8125,0.5625,0.375,0.6878228125000001,0.5745683749999999,0.3675835
0.8125,0.5625,0.4375,0.6781693750000001,0.5789229374999999,0.4319355
0.8125,0.5625,0.5,0.6685159375,0.5832774999999999,0.49628750000000005
0.8125,0.5625,0.5625,0.6588625,0.5876320625,0.5606395000000001
0.8125,0.5625,0.625,0.6492090625000001,0.591986625,0.6249915000000001
0.8125,0.5625,0.6875,0.6395556250000001,0.5963411875,0.6893435000000001
0.8125,0.5625,0.75,0.6299021875,0.60069575,0.7536955000000001
0.8125,0.5625,0.8125,0.62024875,0.6050503125,0.8180475000000001
0.8125,0.5625,0.875,0.6105953125000001,0.609404875,0.8823995000000001
0.8125,0.5625,0.9375,0.6009418750000001,0.6137594375,0.9467515000000002
0.8125,0.5625,1.0,0.5912884375,0.6181139999999999,1.0111035000000002
0.8125,0.625,0.0,0.79380625,0.600303625,-0.019915374999999996
0.8125,0.625,0.0625,0.7841528125,0.6046581875,0.04443662500000001
0.8125,0.625,0.125,0.7744993750000001,0.60901275,0.10878862500000001
0.8125,0.625,0.1875,0.7648459375000001,0.6133673125,0.17314062500000002
0.8125,0.625,0.25,0.7551925,0.617721875,0.23749262500000004
0.8125,0.625,0.3125,0.7455390625,0.6220764375,0.30184462500000003
0.8125,0.625,0.375,0.7358856250000001,0.626431,0.366196625
0.8125,0.625,0.4375,0.7262321875000001,0.6307855625,0.430548625
0.8125,0.625,0.5,0.71657875,0.6351401249999999,0.49490062500000004
0.8125,0.625,0.5625,0.7069253125,0.6394946875,0.5592526250000001
0.8125,0.625,0.625,0.6972718750000001,0.64384925,0.6236046250000001
0.8125,0.625,0.6875,0.6876184375000001,0.6482038125,0.6879566250000001
0.8125,0.625,0.75,0.677965,0.652558375,0.7523086250000001
0.8125,0.625,0.8125,0.6683115625,0.6569129375,0.8166606250000001
0.8125,0.625,0.875,0.6586581250000001,0.6612675,0.8810126250000001
0.8125,0.625,0.9375,0.6490046875000001,0.6656220625,0.9453646250000002
0.8125,0.625,1.0,0.63935125,0.669976625,1.009716625
0.8125,0.6875,0.0,0.8418690625,0.6521662500000001,-0.021302249999999995
0.8125,0.6875,0.0625,0.832215625,0.6565208125,0.04304975000000001
0.8125,0.6875,0.125,0.8225621875000001,0.660875375,0.10740175000000002
0.8125,0.6875,0.1875,0.8129087500000001,0.6652299375,0.17175375
0.8125,0.6875,0.25,0.8032553125,0.6695845,0.23610575000000003
0.8125,0.6875,0.3125,0.793601875,0.6739390625,0.3004577500000001
0.8125,0.6875,0.375,0.7839484375000001,0.678293625,0.36480975000000004
0.8125,0.6875,0.4375,0.7742950000000001,0.6826481875,0.42916175
0.8125,0.6875,0.5,0.7646415625,0.68700275,0.4935137500000001
0.8125,0.6875,0.5625,0.754988125,0.6913573125000001,0.55786575
0.8125,0.6875,0.625,0.7453346875000001,0.6957118750000001,0.6222177500000001
0.8125,0.6875,0.6875,0.7356812500000001,0.7000664375000001,0.6865697500000001
0.8125,0.6875,0.75,0.7260278125,0.7044210000000001,0.75092175
0.8125,0.6875,0.8125,0.716374375,0.7087755625000001,0.8152737500000001
0.8125,0.6875,0.875,0.7067209375000001,0.7131301250000001,0.8796257500000001
0.8125,0.6875,0.9375,0.6970675000000001,0.7174846875,0.9439777500000002
0.8125,0.6875,1.0,0.6874140625,0.72183925,1.0083297500000001
0.8125,0.75,0.0,0.889931875,0.7040288750000001,-0.022689124999999997
0.8125,0.75,0.0625,0.8802784375,0.7083834375000001,0.04166287500000001
0.8125,0.75,0.125,0.8706250000000001,0.7127380000000001,0.10601487500000001
0.8125,0.75,0.1875,0.8609715625000001,0.7170925625000001,0.170366875
0.8125,0.75,0.25,0.851318125,0.7214471250000001,0.23471887500000002
0.8125,0.75,0.3125,0.8416646875,0.7258016875000001,0.29907087500000007
0.8125,0.75,0.375,0.8320112500000001,0.7301562500000001,0.36342287500000003
0.8125,0.75,0.4375,0.8223578125000001,0.7345108125,0.42777487500000005
0.8125,0.75,0.5,0.812704375,0.738865375,0.4921268750000001
0.8125,0.75,0.5625,0.8030509375,0.7432199375000001,0.556478875
0.8125,0.75,0.625,0.7933975000000001,0.7475745000000001,0.6208308750000001
0.8125,0.75,0.6875,0.7837440625000001,0.7519290625000001,0.6851828750000001
0.8125,0.75,0.75,0.774090625,0.7562836250000001,0.749534875
0.8125,0.75,0.8125,0.7644371875,0.7606381875000001,0.8138868750000001
0.8125,0.75,0.875,0.7547837500000001,0.7649927500000001,0.8782388750000001
0.8125,0.75,0.9375,0.7451303125000001,0.7693473125000001,0.9425908750000002
0.8125,0.75,1.0,0.735476875,0.7737018750000001,1.006942875
0.8125,0.8125,0.0,0.9379946875,0.7558914999999999,-0.024075999999999997
0.8125,0.8125,0.0625,0.92834125,0.7602460624999999,0.040276000000000006
0.8125,0.8125,0.125,0.9186878125000001,0.7646006249999999,0.10462800000000001
0.8125,0.8125,0.1875,0.9090343750000001,0.7689551874999999,0.16898000000000002
0.8125,0.8125,0.25,0.8993809375,0.7733097499999999,0.23333200000000004
0.8125,0.8125,0.3125,0.8897275,0.7776643124999999,0.29768400000000006
0.8125,0.8125,0.375,0.8800740625000001,0.7820188749999999,0.362036
0.8125,0.8125,0.4375,0.8704206250000001,0.7863734374999999,0.42638800000000004
0.8125,0.8125,0.5,0.8607671875,0.7907279999999999,0.49074000000000007
0.8125,0.8125,0.5625,0.85111375,0.7950825625,0.555092
0.8125,0.8125,0.625,0.8414603125000001,0.799437125,0.6194440000000001
0.8125,0.8125,0.6875,0.8318068750000001,0.8037916875,0.6837960000000001
0.8125,0.8125,0.75,0.8221534375,0.80814625,0.748148
0.8125,0.8125,0.8125,0.8125,0.8125008125,0.8125000000000001
0.8125,0.8125,0.875,0.8028465625000001,0.8168553749999999,0.8768520000000001
0.8125,0.8125,0.9375,0.793193125,0.8212099374999999,0.9412040000000002
0.8125,0.8125,1.0,0.7835396875,0.8255644999999999,1.0055560000000001
0.8125,0.875,0.0,0.9860575,0.807754125,-0.025462874999999996
0.8125,0.875,0.0625,0.9764040625,0.8121086875,0.03888912500000001
0.8125,0.875,0.125,0.9667506250000001,0.81646325,0.10324112500000002
0.8125,0.875,0.1875,0.9570971875000001,0.8208178125,0.167593125
0.8125,0.875,0.25,0.94744375,0.825172375,0.23194512500000003
0.8125,0.875,0.3125,0.9377903125,0.8295269375,0.29629712500000005
0.8125,0.875,0.375,0.9281368750000001,0.8338814999999999,0.360649125
0.8125,0.875,0.4375,0.9184834375,0.8382360624999999,0.42500112500000004
0.8125,0.875,0.5,0.90883,0.8425906249999999,0.48935312500000006
0.8125,0.875,0.5625,0.8991765625,0.8469451875,0.553705125
0.8125,0.875,0.625,0.8895231250000001,0.85129975,0.6180571250000001
0.8125,0.875,0.6875,0.8798696875,0.8556543125,0.6824091250000001
0.8125,0.875,0.75,0.87021625,0.860008875,0.746761125
0.8125,0.875,0.8125,0.8605628125,0.8643634375,0.8111131250000001
0.8125,0.875,0.875,0.8509093750000001,0.868718,0.8754651250000001
0.8125,0.875,0.9375,0.8412559375,0.8730725625,0.9398171250000001
0.8125,0.875,1.0,0.8316025,0.877427125,1.0041691250000002
0.8125,0.9375,0.0,1.0341203125,0.85961675,-0.026849749999999995
0.8125,0.9375,0.0625,1.024466875,0.8639713125,0.037502250000000015
0.8125,0.9375,0.125,1.0148134375,0.868325875,0.10185425000000002
0.8125,0.9375,0.1875,1.00516,0.8726804375,0.16620625
0.8125,0.9375,0.25,0.9955065625,0.877035,0.23055825000000002
0.8125,0.9375,0.3125,0.985853125,0.8813895625,0.29491025000000004
0.8125,0.9375,0.375,0.9761996875000001,0.885744125,0.35926225
0.8125,0.9375,0.4375,0.96654625,0.8900986875,0.42361425
0.8125,0.9375,0.5,0.9568928125,0.89445325,0.48796625000000005
0.8125,0.9375,0.5625,0.947239375,0.8988078125000001,0.55231825
0.8125,0.9375,0.625,0.9375859375000001,0.9031623750000001,0.6166702500000001
0.8125,0.9375,0.6875,0.9279325,0.9075169375000001,0.68102225
0.8125,0.9375,0.75,0.9182790625,0.9118715000000001,0.74537425
0.8125,0.9375,0.8125,0.908625625,0.9162260625,0.8097262500000001
0.8125,0.9375,0.875,0.8989721875000001,0.920580625,0.8740782500000001
0.8125,0.9375,0.9375,0.88931875,0.9249351875,0.9384302500000001
0.8125,0.9375,1.0,0.8796653125,0.92928975,1.00278225
0.8125,1.0,0.0,1.082183125,0.9114793750000001,-0.028236624999999994
0.8125,1.0,0.0625,1.0725296875,0.9158339375000001,0.03611537500000001
0.8125,1.0,0.125,1.06287625,0.9201885000000001,0.10046737500000003
0.8125,1.0,0.1875,1.0532228125,0.9245430625000001,0.16481937500000002
0.8125,1.0,0.25,1.0435693750000001,0.9288976250000001,0.22917137500000004
0.8125,1.0,0.3125,1.0339159375,0.9332521875,0.29352337500000003
0.8125,1.0,0.375,1.0242625,0.93760675,0.357875375
0.8125,1.0,0.4375,1.0146090625,0.9419613125,0.422227375
0.8125,1.0,0.5,1.004955625,0.946315875,0.48657937500000004
0.8125,1.0,0.5625,0.9953021875,0.9506704375000001,0.550931375
0.8125,1.0,0.625,0.9856487500000001,0.9550250000000001,0.6152833750000001
0.8125,1.0,0.6875,0.9759953125,0.9593795625000001,0.679635375
0.8125,1.0,0.75,0.966341875,0.9637341250000001,0.743987375
0.8125,1.0,0.8125,0.9566884375,0.9680886875000001,0.8083393750000001
0.8125,1.0,0.875,0.9470350000000001,0.9724432500000001,0.872691375
0.8125,1.0,0.9375,0.9373815625,0.9767978125000001,0.9370433750000001
0.8125,1.0,1.0,0.927728125,0.9811523750000001,1.0013953750000002
0.875,0.0,0.0,0.33726875000000006,0.08796024999999999,-0.00651175
0.875,0.0,0.0625,0.3276153125000001,0.09231481249999998,0.05784025000000001
0.875,0.0,0.125,0.31796187500000006,0.09666937499999999,0.12219225000000002
0.875,0.0,0.1875,0.3083084375000001,0.1010239375,0.18654425
0.875,0.0,0.25,0.29865500000000006,0.10537849999999999,0.25089625000000004
0.875,0.0,0.3125,0.2890015625000001,0.10973306249999998,0.31524825000000006
0.875,0.0,0.375,0.27934812500000006,0.11408762499999998,0.37960025000000003
0.875,0.0,0.4375,0.2696946875000001,0.11844218749999999,0.44395225000000005
0.875,0.0,0.5,0.26004125000000006,0.12279674999999998,0.50830425
0.875,0.0,0.5625,0.2503878125000001,0.12715131249999997,0.57265625
0.875,0.0,0.625,0.24073437500000006,0.131505875,0.63700825
0.875,0.0,0.6875,0.23108093750000008,0.1358604375,0.70136025
0.875,0.0,0.75,0.22142750000000008,0.14021499999999998,0.76571225
0.875,0.0,0.8125,0.21177406250000008,0.14456956249999997,0.8300642500000001
0.875,0.0,0.875,0.20212062500000008,0.14892412499999996,0.89441625
0.875,0.0,0.9375,0.19246718750000008,0.15327868749999998,0.9587682500000001
0.875,0.0,1.0,0.18281375000000008,0.15763324999999997,1.02312025
0.875,0.0625,0.0,0.38533156250000006,0.13982287499999999,-0.007898625
0.875,0.0625,0.0625,0.3756781250000001,0.14417743749999998,0.05645337500000001
0.875,0.0625,0.125,0.36602468750000006,0.148532,0.12080537500000002
0.875,0.0625,0.1875,0.3563712500000001,0.1528865625,0.185157375
0.875,0.0625,0.25,0.34671781250000006,0.15724112499999998,0.24950937500000003
0.875,0.0625,0.3125,0.3370643750000001,0.16159568749999997,0.31386137500000005
0.875,0.0625,0.375,0.32741093750000005,0.16595024999999997,0.378213375
0.875,0.0625,0.4375,0.3177575000000001,0.17030481249999999,0.44256537500000004
0.875,0.0625,0.5,0.30810406250000005,0.17465937499999998,0.506917375
0.875,0.0625,0.5625,0.2984506250000001,0.17901393749999997,0.571269375
0.875,0.0625,0.625,0.28879718750000005,0.1833685,0.635621375
0.875,0.0625,0.6875,0.2791437500000001,0.18772306249999998,0.699973375
0.875,0.0625,0.75,0.2694903125000001,0.19207762499999997,0.764325375
0.875,0.0625,0.8125,0.2598368750000001,0.19643218749999997,0.828677375
0.875,0.0625,0.875,0.25018343750000005,0.20078674999999996,0.893029375
0.875,0.0625,0.9375,0.24053000000000008,0.20514131249999998,0.9573813750000001
0.875,0.0625,1.0,0.23087656250000008,0.20949587499999997,1.0217333750000002
0.875,0.125,0.0,0.43339437500000005,0.1916855,-0.009285499999999999
0.875,0.125,0.0625,0.4237409375000001,0.1960400625,0.055066500000000004
0.875,0.125,0.125,0.41408750000000005,0.200394625,0.11941850000000001
0.875,0.125,0.1875,0.4044340625000001,0.2047491875,0.1837705
0.875,0.125,0.25,0.39478062500000005,0.20910375,0.24812250000000002
0.875,0.125,0.3125,0.3851271875000001,0.2134583125,0.31247450000000004
0.875,0.125,0.375,0.37547375000000005,0.21781287500000002,0.3768265
0.875,0.125,0.4375,0.3658203125000001,0.2221674375,0.44117850000000003
0.875,0.125,0.5,0.35616687500000005,0.226522,0.5055305000000001
0.875,0.125,0.5625,0.3465134375000001,0.2308765625,0.5698825000000001
0.875,0.125,0.625,0.33686000000000005,0.23523112499999999,0.6342345000000001
0.875,0.125,0.6875,0.3272065625000001,0.2395856875,0.6985865000000001
0.875,0.125,0.75,0.3175531250000001,0.24394025,0.7629385000000001
0.875,0.125,0.8125,0.3078996875000001,0.2482948125,0.8272905000000002
0.875,0.125,0.875,0.29824625000000005,0.252649375,0.8916425000000001
0.875,0.125,0.9375,0.2885928125000001,0.2570039375,0.9559945000000002
0.875,0.125,1.0,0.2789393750000001,0.2613585,1.0203465
0.875,0.1875,0.0,0.48145718750000005,0.243548125,-0.010672375
0.875,0.1875,0.0625,0.4718037500000001,0.2479026875,0.05367962500000001
0.875,0.1875,0.125,0.46215031250000005,0.25225725,0.11803162500000002
0.875,0.1875,0.1875,0.4524968750000001,0.2566118125,0.182383625
0.875,0.1875,0.25,0.44284343750000005,0.260966375,0.24673562500000001
0.875,0.1875,0.3125,0.4331900000000001,0.2653209375,0.31108762500000003
0.875,0.1875,0.375,0.42353656250000005,0.2696755,0.375439625
0.875,0.1875,0.4375,0.4138831250000001,0.2740300625,0.439791625
0.875,0.1875,0.5,0.40422968750000005,0.278384625,0.5041436250000001
0.875,0.1875,0.5625,0.3945762500000001,0.2827391875,0.5684956250000001
0.875,0.1875,0.625,0.38492281250000004,0.28709375,0.6328476250000001
0.875,0.1875,0.6875,0.37526937500000007,0.2914483125,0.6971996250000001
0.875,0.1875,0.75,0.3656159375000001,0.295802875,0.7615516250000001
0.875,0.1875,0.8125,0.35596250000000007,0.3001574375,0.8259036250000001
0.875,0.1875,0.875,0.34630906250000004,0.304512,0.8902556250000001
0.875,0.1875,0.9375,0.33665562500000007,0.3088665625,0.9546076250000002
0.875,0.1875,1.0,0.3270021875000001,0.313221125,1.0189596250000001
0.875,0.25,0.0,0.52952,0.29541075,-0.012059249999999999
0.875,0.25,0.0625,0.5198665625,0.2997653125,0.052292750000000006
0.875,0.25,0.125,0.510213125,0.304119875,0.11664475000000002
0.875,0.25,0.1875,0.5005596875,0.3084744375,0.18099675
0.875,0.25,0.25,0.49090625,0.312829,0.24534875000000003
0.875,0.25,0.3125,0.4812528125,0.3171835625,0.30970075
0.875,0.25,0.375,0.471599375,0.321538125,0.37405275
0.875,0.25,0.4375,0.4619459375,0.3258926875,0.43840475
0.875,0.25,0.5,0.4522925,0.33024725,0.5027567500000001
0.875,0.25,0.5625,0.4426390625,0.3346018125,0.56710875
0.875,0.25,0.625,0.432985625,0.338956375,0.6314607500000001
0.875,0.25,0.6875,0.4233321875,0.34331093749999997,0.6958127500000001
0.875,0.25,0.75,0.41367875,0.34766549999999996,0.7601647500000001
0.875,0.25,0.8125,0.4040253125,0.3520200625,0.8245167500000001
0.875,0.25,0.875,0.39437187500000004,0.356374625,0.8888687500000001
0.875,0.25,0.9375,0.3847184375,0.3607291875,0.9532207500000002
0.875,0.25,1.0,0.375065,0.36508375,1.01757275
0.875,0.3125,0.0,0.5775828125,0.347273375,-0.013446124999999998
0.875,0.3125,0.0625,0.567929375,0.3516279375,0.05090587500000001
0.875,0.3125,0.125,0.5582759375,0.3559825,0.11525787500000001
0.875,0.3125,0.1875,0.5486225,0.36033706249999997,0.179609875
0.875,0.3125,0.25,0.5389690625,0.36469162499999996,0.24396187500000002
0.875,0.3125,0.3125,0.529315625,0.3690461875,0.30831387500000007
0.875,0.3125,0.375,0.5196621875,0.37340075,0.37266587500000004
0.875,0.3125,0.4375,0.51000875,0.3777553125,0.43701787500000006
0.875,0.3125,0.5,0.5003553125,0.382109875,0.5013698750000001
0.875,0.3125,0.5625,0.490701875,0.3864644375,0.565721875
0.875,0.3125,0.625,0.4810484375,0.39081899999999997,0.6300738750000001
0.875,0.3125,0.6875,0.471395,0.39517356249999996,0.6944258750000001
0.875,0.3125,0.75,0.4617415625,0.399528125,0.758777875
0.875,0.3125,0.8125,0.452088125,0.4038826875,0.8231298750000001
0.875,0.3125,0.875,0.44243468750000003,0.40823725,0.8874818750000001
0.875,0.3125,0.9375,0.43278125,0.4125918125,0.9518338750000002
0.875,0.3125,1.0,0.4231278125,0.416946375,1.0161858750000001
0.875,0.375,0.0,0.625645625,0.39913600000000005,-0.014832999999999999
0.875,0.375,0.0625,0.6159921875,0.40349056250000004,0.04951900000000001
0.875,0.375,0.125,0.60633875,0.40784512500000003,0.11387100000000001
0.875,0.375,0.1875,0.5966853125,0.4121996875,0.17822300000000002
0.875,0.375,0.25,0.587031875,0.41655425,0.24257500000000004
0.875,0.375,0.3125,0.5773784375,0.42090881250000006,0.30692700000000006
0.875,0.375,0.375,0.567725,0.42526337500000005,0.371279
0.875,0.375,0.4375,0.5580715625,0.42961793750000005,0.43563100000000005
0.875,0.375,0.5,0.548418125,0.43397250000000004,0.49998300000000007
0.875,0.375,0.5625,0.5387646875,0.43832706250000003,0.564335
0.875,0.375,0.625,0.52911125,0.442681625,0.6286870000000001
0.875,0.375,0.6875,0.5194578125,0.4470361875,0.6930390000000001
0.875,0.375,0.75,0.509804375,0.45139075000000006,0.757391
0.875,0.375,0.8125,0.5001509375,0.45574531250000005,0.8217430000000001
0.875,0.375,0.875,0.49049750000000003,0.46009987500000005,0.8860950000000001
0.875,0.375,0.9375,0.4808440625,0.46445443750000004,0.9504470000000002
0.875,0.375,1.0,0.471190625,0.46880900000000003,1.014799
0.875,0.4375,0.0,0.6737084375,0.450998625,-0.016219874999999998
0.875,0.4375,0.0625,0.664055,0.4553531875,0.04813212500000001
0.875,0.4375,0.125,0.6544015625,0.45970774999999997,0.11248412500000002
0.875,0.4375,0.1875,0.644748125,0.46406231249999996,0.176836125
0.875,0.4375,0.25,0.6350946875,0.46841687499999995,0.24118812500000003
0.875,0.4375,0.3125,0.62544125,0.4727714375,0.30554012500000005
0.875,0.4375,0.375,0.6157878125,0.477126,0.369892125
0.875,0.4375,0.4375,0.606134375,0.4814805625,0.43424412500000004
0.875,0.4375,0.5,0.5964809375,0.485835125,0.49859612500000006
0.875,0.4375,0.5625,0.5868275,0.49018968749999997,0.562948125
0.875,0.4375,0.625,0.5771740625,0.49454424999999996,0.6273001250000001
0.875,0.4375,0.6875,0.567520625,0.49889881249999996,0.6916521250000001
0.875,0.4375,0.75,0.5578671875,0.503253375,0.756004125
0.875,0.4375,0.8125,0.5482137499999999,0.5076079375,0.8203561250000001
0.875,0.4375,0.875,0.5385603125,0.5119625,0.8847081250000001
0.875,0.4375,0.9375,0.528906875,0.5163170625,0.9490601250000001
0.875,0.4375,1.0,0.5192534375,0.520671625,1.013412125
0.875,0.5,0.0,0.72177125,0.50286125,-0.017606749999999997
0.875,0.5,0.0625,0.7121178125,0.5072158125,0.04674525000000001
0.875,0.5,0.125,0.702464375,0.511570375,0.11109725000000001
0.875,0.5,0.1875,0.6928109375,0.5159249375,0.17544925
0.875,0.5,0.25,0.6831575,0.5202795,0.23980125000000002
0.875,0.5,0.3125,0.6735040625,0.5246340625,0.30415325000000004
0.875,0.5,0.375,0.663850625,0.528988625,0.36850525
0.875,0.5,0.4375,0.6541971875,0.5333431875,0.43285725
0.875,0.5,0.5,0.64454375,0.53769775,0.49720925000000005
0.875,0.5,0.5625,0.6348903124999999,0.5420523125000001,0.56156125
0.875,0.5,0.625,0.625236875,0.5464068750000001,0.6259132500000001
0.875,0.5,0.6875,0.6155834375,0.5507614375000001,0.69026525
0.875,0.5,0.75,0.60593,0.555116,0.75461725
0.875,0.5,0.8125,0.5962765624999999,0.5594705625,0.8189692500000001
0.875,0.5,0.875,0.586623125,0.563825125,0.8833212500000001
0.875,0.5,0.9375,0.5769696875,0.5681796875,0.9476732500000001
0.875,0.5,1.0,0.56731625,0.57253425,1.0120252500000002
0.875,0.5625,0.0,0.7698340625,0.554723875,-0.018993624999999997
0.875,0.5625,0.0625,0.7601806249999999,0.5590784375,0.045358375000000006
0.875,0.5625,0.125,0.7505271875,0.563433,0.10971037500000001
0.875,0.5625,0.1875,0.74087375,0.5677875625,0.17406237500000002
0.875,0.5625,0.25,0.7312203125,0.572142125,0.23841437500000004
0.875,0.5625,0.3125,0.7215668749999999,0.5764966874999999,0.30276637500000003
0.875,0.5625,0.375,0.7119134375,0.5808512499999999,0.367118375
0.875,0.5625,0.4375,0.70226,0.5852058124999999,0.431470375
0.875,0.5625,0.5,0.6926065625,0.589560375,0.49582237500000004
0.875,0.5625,0.5625,0.6829531249999999,0.5939149375,0.560174375
0.875,0.5625,0.625,0.6732996875,0.5982695,0.6245263750000001
0.875,0.5625,0.6875,0.66364625,0.6026240625,0.688878375
0.875,0.5625,0.75,0.6539928125,0.606978625,0.753230375
0.875,0.5625,0.8125,0.6443393749999999,0.6113331875,0.8175823750000001
0.875,0.5625,0.875,0.6346859375,0.61568775,0.881934375
0.875,0.5625,0.9375,0.6250325,0.6200423125,0.9462863750000001
0.875,0.5625,1.0,0.6153790625,0.624396875,1.010638375
0.875,0.625,0.0,0.817896875,0.6065865,-0.020380499999999996
0.875,0.625,0.0625,0.8082434374999999,0.6109410625,0.04397150000000001
0.875,0.625,0.125,0.79859,0.615295625,0.10832350000000002
0.875,0.625,0.1875,0.7889365625,0.6196501875,0.1726755
0.875,0.625,0.25,0.779283125,0.62400475,0.23702750000000003
0.875,0.625,0.3125,0.7696296874999999,0.6283593125,0.3013795
0.875,0.625,0.375,0.75997625,0.632713875,0.3657315
0.875,0.625,0.4375,0.7503228125,0.6370684375,0.43008350000000006
0.875,0.625,0.5,0.740669375,0.6414230000000001,0.4944355
0.875,0.625,0.5625,0.7310159374999999,0.6457775625000001,0.5587875
0.875,0.625,0.625,0.7213625,0.6501321250000001,0.6231395000000001
0.875,0.625,0.6875,0.7117090625,0.6544866875,0.6874915
0.875,0.625,0.75,0.702055625,0.65884125,0.7518435
0.875,0.625,0.8125,0.6924021874999999,0.6631958125,0.8161955000000001
0.875,0.625,0.875,0.68274875,0.667550375,0.8805475
0.875,0.625,0.9375,0.6730953125,0.6719049375,0.9448995000000001
0.875,0.625,1.0,0.663441875,0.6762595,1.0092515000000002
0.875,0.6875,0.0,0.8659596875,0.658449125,-0.021767375
0.875,0.6875,0.0625,0.8563062499999999,0.6628036875,0.04258462500000001
0.875,0.6875,0.125,0.8466528125,0.66715825,0.10693662500000001
0.875,0.6875,0.1875,0.836999375,0.6715128125,0.171288625
0.875,0.6875,0.25,0.8273459375,0.6758673749999999,0.23564062500000002
0.875,0.6875,0.3125,0.8176924999999999,0.6802219374999999,0.29999262500000007
0.875,0.6875,0.375,0.8080390625,0.6845764999999999,0.36434462500000003
0.875,0.6875,0.4375,0.798385625,0.6889310624999999,0.42869662500000005
0.875,0.6875,0.5,0.7887321875,0.6932856249999999,0.4930486250000001
0.875,0.6875,0.5625,0.7790787499999999,0.6976401875,0.557400625
0.875,0.6875,0.625,0.7694253125,0.70199475,0.6217526250000001
0.875,0.6875,0.6875,0.759771875,0.7063493125,0.686104625
0.875,0.6875,0.75,0.7501184375,0.710703875,0.750456625
0.875,0.6875,0.8125,0.7404649999999999,0.7150584375,0.8148086250000001
0.875,0.6875,0.875,0.7308115625,0.719413,0.879160625
0.875,0.6875,0.9375,0.721158125,0.7237675625,0.9435126250000001
0.875,0.6875,1.0,0.7115046875,0.728122125,1.007864625
0.875,0.75,0.0,0.9140225,0.71031175,-0.023154249999999998
0.875,0.75,0.0625,0.9043690624999999,0.7146663125,0.041197750000000005
0.875,0.75,0.125,0.894715625,0.719020875,0.10554975000000001
0.875,0.75,0.1875,0.8850621875,0.7233754375,0.16990175000000002
0.875,0.75,0.25,0.87540875,0.72773,0.23425375000000004
0.875,0.75,0.3125,0.8657553124999999,0.7320845625,0.29860575000000006
0.875,0.75,0.375,0.856101875,0.736439125,0.36295775
0.875,0.75,0.4375,0.8464484375,0.7407936875,0.42730975000000004
0.875,0.75,0.5,0.836795,0.74514825,0.49166175000000006
0.875,0.75,0.5625,0.8271415624999999,0.7495028125000001,0.55601375
0.875,0.75,0.625,0.817488125,0.753857375,0.62036575
0.875,0.75,0.6875,0.8078346875,0.7582119375,0.68471775
0.875,0.75,0.75,0.79818125,0.7625665,0.74906975
0.875,0.75,0.8125,0.7885278124999999,0.7669210625,0.81342175
0.875,0.75,0.875,0.778874375,0.771275625,0.87777375
0.875,0.75,0.9375,0.7692209375,0.7756301875,0.9421257500000001
0.875,0.75,1.0,0.7595675,0.77998475,1.0064777500000002
0.875,0.8125,0.0,0.9620853125,0.762174375,-0.024541124999999997
0.875,0.8125,0.0625,0.9524318749999999,0.7665289375,0.03981087500000001
0.875,0.8125,0.125,0.9427784375,0.7708834999999999,0.10416287500000002
0.875,0.8125,0.1875,0.933125,0.7752380624999999,0.168514875
0.875,0.8125,0.25,0.9234715625,0.7795926249999999,0.23286687500000003
0.875,0.8125,0.3125,0.9138181249999999,0.7839471874999999,0.29721887500000005
0.875,0.8125,0.375,0.9041646875,0.7883017499999999,0.361570875
0.875,0.8125,0.4375,0.89451125,0.7926563124999999,0.42592287500000003
0.875,0.8125,0.5,0.8848578125,0.797010875,0.49027487500000005
0.875,0.8125,0.5625,0.8752043749999999,0.8013654375,0.5546268750000001
0.875,0.8125,0.625,0.8655509375,0.80572,0.618978875
0.875,0.8125,0.6875,0.8558975,0.8100745625,0.683330875
0.875,0.8125,0.75,0.8462440625,0.814429125,0.747682875
0.875,0.8125,0.8125,0.8365906249999999,0.8187836875,0.8120348750000002
0.875,0.8125,0.875,0.8269371875,0.82313825,0.8763868750000001
0.875,0.8125,0.9375,0.81728375,0.8274928125,0.9407388750000001
0.875,0.8125,1.0,0.8076303125,0.8318473749999999,1.005090875
0.875,0.875,0.0,1.010148125,0.814037,-0.025927999999999996
0.875,0.875,0.0625,1.0004946875,0.8183915625,0.038424000000000014
0.875,0.875,0.125,0.99084125,0.822746125,0.10277600000000002
0.875,0.875,0.1875,0.9811878125,0.8271006875,0.167128
0.875,0.875,0.25,0.971534375,0.83145525,0.23148000000000002
0.875,0.875,0.3125,0.9618809374999999,0.8358098125,0.29583200000000004
0.875,0.875,0.375,0.9522275,0.840164375,0.360184
0.875,0.875,0.4375,0.9425740625,0.8445189375,0.424536
0.875,0.875,0.5,0.932920625,0.8488735000000001,0.48888800000000004
0.875,0.875,0.5625,0.9232671874999999,0.8532280625,0.5532400000000001
0.875,0.875,0.625,0.91361375,0.857582625,0.6175920000000001
0.875,0.875,0.6875,0.9039603125,0.8619371875,0.6819440000000001
0.875,0.875,0.75,0.894306875,0.86629175,0.7462960000000001
0.875,0.875,0.8125,0.8846534374999999,0.8706463125,0.8106480000000001
0.875,0.875,0.875,0.875,0.875000875,0.8750000000000001
0.875,0.875,0.9375,0.8653465625,0.8793554375,0.9393520000000002
0.875,0.875,1.0,0.8556931249999999,0.88371,1.0037040000000002
0.875,0.9375,0.0,1.0582109375,0.865899625,-0.027314874999999995
0.875,0.9375,0.0625,1.0485575,0.8702541874999999,0.03703712500000001
0.875,0.9375,0.125,1.0389040625,0.8746087499999999,0.10138912500000002
0.875,0.9375,0.1875,1.029250625,0.8789633124999999,0.16574112500000002
0.875,0.9375,0.25,1.0195971875,0.8833178749999999,0.23009312500000004
0.875,0.9375,0.3125,1.00994375,0.8876724374999999,0.29444512500000003
0.875,0.9375,0.375,1.0002903125,0.8920269999999999,0.358797125
0.875,0.9375,0.4375,0.990636875,0.8963815624999999,0.423149125
0.875,0.9375,0.5,0.9809834374999999,0.9007361249999999,0.48750112500000004
0.875,0.9375,0.5625,0.9713299999999999,0.9050906875,0.551853125
0.875,0.9375,0.625,0.9616765625,0.90944525,0.6162051250000001
0.875,0.9375,0.6875,0.952023125,0.9137998125,0.6805571250000001
0.875,0.9375,0.75,0.9423696874999999,0.918154375,0.7449091250000001
0.875,0.9375,0.8125,0.9327162499999999,0.9225089375,0.8092611250000001
0.875,0.9375,0.875,0.9230628125,0.9268635,0.8736131250000001
0.875,0.9375,0.9375,0.913409375,0.9312180624999999,0.9379651250000002
0.875,0.9375,1.0,0.9037559374999999,0.9355726249999999,1.002317125
0.875,1.0,0.0,1.10627375,0.91776225,-0.028701749999999995
0.875,1.0,0.0625,1.0966203125,0.9221168125,0.03565025000000001
0.875,1.0,0.125,1.0869668749999999,0.926471375,0.10000225000000001
0.875,1.0,0.1875,1.0773134375,0.9308259375,0.16435425
0.875,1.0,0.25,1.06766,0.9351805,0.22870625000000003
0.875,1.0,0.3125,1.0580065625,0.9395350625,0.2930582500000001
0.875,1.0,0.375,1.048353125,0.943889625,0.35741025000000004
0.875,1.0,0.4375,1.0386996874999999,0.9482441875,0.42176225000000006
0.875,1.0,0.5,1.02904625,0.9525987499999999,0.4861142500000001
0.875,1.0,0.5625,1.0193928125,0.9569533125,0.55046625
0.875,1.0,0.625,1.0097393749999999,0.961307875,0.6148182500000001
0.875,1.0,0.6875,1.0000859375,0.9656624375,0.6791702500000001
0.875,1.0,0.75,0.9904324999999999,0.970017,0.74352225
0.875,1.0,0.8125,0.9807790624999999,0.9743715625,0.8078742500000001
0.875,1.0,0.875,0.971125625,0.978726125,0.8722262500000001
0.875,1.0,0.9375,0.9614721875,0.9830806875,0.9365782500000002
0.875,1.0,1.0,0.9518187499999999,0.98743525,1.0009302500000001
0.9375,0.0,0.0,0.36135937500000004,0.094243125,-0.006976875
0.9375,0.0,0.0625,0.35170593750000007,0.0985976875,0.057375125000000006
0.9375,0.0,0.125,0.34205250000000004,0.10295225,0.12172712500000002
0.9375,0.0,0.1875,0.33239906250000006,0.10730681249999999,0.186079125
0.9375,0.0,0.25,0.32274562500000004,0.111661375,0.25043112500000003
0.9375,0.0,0.3125,0.31309218750000006,0.1160159375,0.31478312500000005
0.9375,0.0,0.375,0.30343875000000003,0.12037049999999999,0.379135125
0.9375,0.0,0.4375,0.29378531250000006,0.12472506249999998,0.44348712500000004
0.9375,0.0,0.5,0.28413187500000003,0.12907962499999998,0.5078391250000001
0.9375,0.0,0.5625,0.27447843750000006,0.1334341875,0.572191125
0.9375,0.0,0.625,0.26482500000000003,0.13778875,0.6365431250000001
0.9375,0.0,0.6875,0.25517156250000006,0.14214331249999998,0.7008951250000001
0.9375,0.0,0.75,0.24551812500000006,0.146497875,0.765247125
0.9375,0.0,0.8125,0.23586468750000006,0.1508524375,0.8295991250000001
0.9375,0.0,0.875,0.22621125000000006,0.15520699999999998,0.8939511250000001
0.9375,0.0,0.9375,0.21655781250000006,0.15956156249999998,0.9583031250000001
0.9375,0.0,1.0,0.20690437500000006,0.16391612499999997,1.022655125
0.9375,0.0625,0.0,0.40942218750000003,0.14610575,-0.00836375
0.9375,0.0625,0.0625,0.39976875000000006,0.1504603125,0.05598825
0.9375,0.0625,0.125,0.39011531250000003,0.15481487500000002,0.12034025000000001
0.9375,0.0625,0.1875,0.38046187500000006,0.1591694375,0.18469225
0.9375,0.0625,0.25,0.37080843750000003,0.163524,0.24904425000000002
0.9375,0.0625,0.3125,0.36115500000000006,0.1678785625,0.31339625000000004
0.9375,0.0625,0.375,0.35150156250000003,0.172233125,0.37774825
0.9375,0.0625,0.4375,0.34184812500000006,0.1765876875,0.44210025000000003
0.9375,0.0625,0.5,0.33219468750000003,0.18094225,0.50645225
0.9375,0.0625,0.5625,0.32254125000000006,0.1852968125,0.57080425
0.9375,0.0625,0.625,0.31288781250000003,0.189651375,0.6351562500000001
0.9375,0.0625,0.6875,0.30323437500000006,0.1940059375,0.69950825
0.9375,0.0625,0.75,0.2935809375,0.1983605,0.76386025
0.9375,0.0625,0.8125,0.28392750000000005,0.2027150625,0.8282122500000001
0.9375,0.0625,0.875,0.2742740625000001,0.20706962499999998,0.8925642500000001
0.9375,0.0625,0.9375,0.26462062500000005,0.2114241875,0.9569162500000001
0.9375,0.0625,1.0,0.2549671875,0.21577875,1.02126825
0.9375,0.125,0.0,0.45748500000000003,0.197968375,-0.009750624999999999
0.9375,0.125,0.0625,0.44783156250000006,0.2023229375,0.05460137500000001
0.9375,0.125,0.125,0.43817812500000003,0.20667750000000001,0.11895337500000001
0.9375,0.125,0.1875,0.42852468750000006,0.2110320625,0.183305375
0.9375,0.125,0.25,0.41887125000000003,0.215386625,0.247657375
0.9375,0.125,0.3125,0.40921781250000006,0.2197411875,0.31200937500000003
0.9375,0.125,0.375,0.399564375,0.22409574999999998,0.376361375
0.9375,0.125,0.4375,0.38991093750000005,0.2284503125,0.440713375
0.9375,0.125,0.5,0.3802575,0.232804875,0.505065375
0.9375,0.125,0.5625,0.37060406250000005,0.2371594375,0.569417375
0.9375,0.125,0.625,0.360950625,0.241514,0.6337693750000001
0.9375,0.125,0.6875,0.35129718750000005,0.2458685625,0.698121375
0.9375,0.125,0.75,0.34164375,0.250223125,0.762473375
0.9375,0.125,0.8125,0.33199031250000005,0.2545776875,0.8268253750000001
0.9375,0.125,0.875,0.3223368750000001,0.25893225,0.891177375
0.9375,0.125,0.9375,0.31268343750000005,0.26328681249999997,0.9555293750000001
0.9375,0.125,1.0,0.30303,0.26764137499999996,1.0198813750000002
0.9375,0.1875,0.0,0.5055478125,0.24983100000000003,-0.011137499999999998
0.9375,0.1875,0.0625,0.49589437500000005,0.2541855625,0.05321450000000001
0.9375,0.1875,0.125,0.4862409375,0.258540125,0.11756650000000002
0.9375,0.1875,0.1875,0.47658750000000005,0.2628946875,0.1819185
0.9375,0.1875,0.25,0.4669340625,0.26724925,0.24627050000000003
0.9375,0.1875,0.3125,0.45728062500000005,0.27160381250000004,0.3106225
0.9375,0.1875,0.375,0.4476271875,0.27595837500000003,0.3749745
0.9375,0.1875,0.4375,0.43797375000000005,0.2803129375,0.4393265
0.9375,0.1875,0.5,0.4283203125,0.2846675,0.5036785
0.9375,0.1875,0.5625,0.41866687500000005,0.2890220625,0.5680305
0.9375,0.1875,0.625,0.4090134375,0.293376625,0.6323825000000001
0.9375,0.1875,0.6875,0.39936000000000005,0.2977311875,0.6967345
0.9375,0.1875,0.75,0.3897065625,0.30208575000000004,0.7610865
0.9375,0.1875,0.8125,0.38005312500000005,0.30644031250000003,0.8254385000000001
0.9375,0.1875,0.875,0.3703996875000001,0.310794875,0.8897905
0.9375,0.1875,0.9375,0.36074625000000005,0.3151494375,0.9541425000000001
0.9375,0.1875,1.0,0.3510928125,0.319504,1.0184945
0.9375,0.25,0.0,0.553610625,0.301693625,-0.012524374999999997
0.9375,0.25,0.0625,0.5439571875,0.3060481875,0.05182762500000001
0.9375,0.25,0.125,0.5343037500000001,0.31040275,0.11617962500000001
0.9375,0.25,0.1875,0.5246503125,0.3147573125,0.180531625
0.9375,0.25,0.25,0.514996875,0.31911187500000004,0.24488362500000002
0.9375,0.25,0.3125,0.5053434375,0.32346643750000004,0.30923562500000007
0.9375,0.25,0.375,0.49569,0.32782100000000003,0.37358762500000003
0.9375,0.25,0.4375,0.48603656250000005,0.3321755625,0.43793962500000005
0.9375,0.25,0.5,0.476383125,0.336530125,0.502291625
0.9375,0.25,0.5625,0.46672968750000005,0.3408846875,0.566643625
0.9375,0.25,0.625,0.45707625,0.34523925,0.6309956250000001
0.9375,0.25,0.6875,0.44742281250000004,0.3495938125,0.695347625
0.9375,0.25,0.75,0.437769375,0.353948375,0.759699625
0.9375,0.25,0.8125,0.42811593750000004,0.35830293750000003,0.8240516250000001
0.9375,0.25,0.875,0.41846250000000007,0.3626575,0.888403625
0.9375,0.25,0.9375,0.40880906250000004,0.3670120625,0.9527556250000001
0.9375,0.25,1.0,0.399155625,0.371366625,1.0171076250000002
0.9375,0.3125,0.0,0.6016734375,0.35355625,-0.013911249999999997
0.9375,0.3125,0.0625,0.59202,0.3579108125,0.050440750000000006
0.9375,0.3125,0.125,0.5823665625000001,0.362265375,0.11479275000000001
0.9375,0.3125,0.1875,0.572713125,0.3666199375,0.17914475000000002
0.9375,0.3125,0.25,0.5630596875,0.3709745,0.24349675000000004
0.9375,0.3125,0.3125,0.55340625,0.37532906250000003,0.30784875000000006
0.9375,0.3125,0.375,0.5437528125000001,0.379683625,0.37220075
0.9375,0.3125,0.4375,0.534099375,0.3840381875,0.43655275000000004
0.9375,0.3125,0.5,0.5244459375,0.38839275,0.50090475
0.9375,0.3125,0.5625,0.5147925,0.3927473125,0.56525675
0.9375,0.3125,0.625,0.5051390625000001,0.397101875,0.62960875
0.9375,0.3125,0.6875,0.49548562500000004,0.4014564375,0.69396075
0.9375,0.3125,0.75,0.4858321875,0.40581100000000003,0.75831275
0.9375,0.3125,0.8125,0.47617875000000004,0.4101655625,0.8226647500000001
0.9375,0.3125,0.875,0.46652531250000007,0.414520125,0.88701675
0.9375,0.3125,0.9375,0.45687187500000004,0.4188746875,0.9513687500000001
0.9375,0.3125,1.0,0.4472184375,0.42322925,1.01572075
0.9375,0.375,0.0,0.64973625,0.405418875,-0.015298125
0.9375,0.375,0.0625,0.6400828125,0.4097734375,0.04905387500000001
0.9375,0.375,0.125,0.6304293750000001,0.414128,0.11340587500000002
0.9375,0.375,0.1875,0.6207759375,0.4184825625,0.177757875
0.9375,0.375,0.25,0.6111225,0.42283712500000004,0.24210987500000003
0.9375,0.375,0.3125,0.6014690625,0.42719168750000003,0.30646187500000005
0.9375,0.375,0.375,0.5918156250000001,0.43154625,0.370813875
0.9375,0.375,0.4375,0.5821621875,0.4359008125,0.43516587500000004
0.9375,0.375,0.5,0.57250875,0.440255375,0.49951787500000006
0.9375,0.375,0.5625,0.5628553125,0.4446099375,0.563869875
0.9375,0.375,0.625,0.5532018750000001,0.4489645,0.628221875
0.9375,0.375,0.6875,0.5435484375,0.4533190625,0.692573875
0.9375,0.375,0.75,0.533895,0.457673625,0.756925875
0.9375,0.375,0.8125,0.5242415625000001,0.4620281875,0.821277875
0.9375,0.375,0.875,0.5145881250000001,0.46638275,0.885629875
0.9375,0.375,0.9375,0.5049346875,0.4707373125,0.9499818750000001
0.9375,0.375,1.0,0.49528125,0.475091875,1.0143338750000002
0.9375,0.4375,0.0,0.6977990625,0.4572815,-0.016685
0.9375,0.4375,0.0625,0.688145625,0.4616360625,0.04766700000000001
0.9375,0.4375,0.125,0.6784921875000001,0.465990625,0.11201900000000001
0.9375,0.4375,0.1875,0.66883875,0.4703451875,0.176371
0.9375,0.4375,0.25,0.6591853125,0.47469975,0.24072300000000002
0.9375,0.4375,0.3125,0.649531875,0.4790543125,0.30507500000000004
0.9375,0.4375,0.375,0.6398784375000001,0.483408875,0.369427
0.9375,0.4375,0.4375,0.630225,0.4877634375,0.433779
0.9375,0.4375,0.5,0.6205715625,0.492118,0.49813100000000005
0.9375,0.4375,0.5625,0.610918125,0.4964725625,0.5624830000000001
0.9375,0.4375,0.625,0.6012646875000001,0.500827125,0.6268350000000001
0.9375,0.4375,0.6875,0.59161125,0.5051816875,0.6911870000000001
0.9375,0.4375,0.75,0.5819578125,0.50953625,0.7555390000000001
0.9375,0.4375,0.8125,0.5723043750000001,0.5138908125,0.8198910000000001
0.9375,0.4375,0.875,0.5626509375000001,0.518245375,0.8842430000000001
0.9375,0.4375,0.9375,0.5529975,0.5225999375,0.9485950000000002
0.9375,0.4375,1.0,0.5433440625,0.5269545,1.012947
0.9375,0.5,0.0,0.745861875,0.5091441250000001,-0.018071874999999998
0.9375,0.5,0.0625,0.7362084375,0.5134986875,0.046280125000000005
0.9375,0.5,0.125,0.7265550000000001,0.51785325,0.11063212500000001
0.9375,0.5,0.1875,0.7169015625,0.5222078125,0.17498412500000002
0.9375,0.5,0.25,0.707248125,0.526562375,0.23933612500000004
0.9375,0.5,0.3125,0.6975946875,0.5309169375,0.30368812500000003
0.9375,0.5,0.375,0.6879412500000001,0.5352715,0.368040125
0.9375,0.5,0.4375,0.6782878125,0.5396260625,0.432392125
0.9375,0.5,0.5,0.668634375,0.5439806250000001,0.49674412500000004
0.9375,0.5,0.5625,0.6589809375,0.5483351875000001,0.5610961250000001
0.9375,0.5,0.625,0.6493275000000001,0.5526897500000001,0.6254481250000001
0.9375,0.5,0.6875,0.6396740625,0.5570443125000001,0.6898001250000001
0.9375,0.5,0.75,0.630020625,0.5613988750000001,0.7541521250000001
0.9375,0.5,0.8125,0.6203671875000001,0.5657534375000001,0.8185041250000001
0.9375,0.5,0.875,0.61071375,0.5701080000000001,0.8828561250000001
0.9375,0.5,0.9375,0.6010603125,0.5744625625,0.9472081250000002
0.9375,0.5,1.0,0.591406875,0.578817125,1.0115601250000001
0.9375,0.5625,0.0,0.7939246875,0.56100675,-0.019458749999999997
0.9375,0.5625,0.0625,0.78427125,0.5653613125,0.04489325000000001
0.9375,0.5625,0.125,0.7746178125000001,0.569715875,0.10924525000000002
0.9375,0.5625,0.1875,0.764964375,0.5740704375,0.17359725
0.9375,0.5625,0.25,0.7553109375,0.578425,0.23794925000000003
0.9375,0.5625,0.3125,0.7456575,0.5827795625,0.3023012500000001
0.9375,0.5625,0.375,0.7360040625000001,0.587134125,0.36665325000000004
0.9375,0.5625,0.4375,0.726350625,0.5914886874999999,0.43100525
0.9375,0.5625,0.5,0.7166971875,0.5958432499999999,0.4953572500000001
0.9375,0.5625,0.5625,0.70704375,0.6001978125,0.55970925
0.9375,0.5625,0.625,0.6973903125,0.604552375,0.6240612500000001
0.9375,0.5625,0.6875,0.687736875,0.6089069375,0.6884132500000001
0.9375,0.5625,0.75,0.6780834375,0.6132615,0.75276525
0.9375,0.5625,0.8125,0.6684300000000001,0.6176160625,0.8171172500000001
0.9375,0.5625,0.875,0.6587765625,0.621970625,0.8814692500000001
0.9375,0.5625,0.9375,0.649123125,0.6263251875,0.9458212500000002
0.9375,0.5625,1.0,0.6394696875,0.63067975,1.01017325
0.9375,0.625,0.0,0.8419875,0.612869375,-0.020845624999999996
0.9375,0.625,0.0625,0.8323340625,0.6172239375,0.043506375000000014
0.9375,0.625,0.125,0.822680625,0.6215785,0.10785837500000002
0.9375,0.625,0.1875,0.8130271875,0.6259330625,0.172210375
0.9375,0.625,0.25,0.80337375,0.630287625,0.23656237500000002
0.9375,0.625,0.3125,0.7937203125,0.6346421875,0.30091437500000007
0.9375,0.625,0.375,0.784066875,0.63899675,0.36526637500000003
0.9375,0.625,0.4375,0.7744134375,0.6433513125,0.42961837500000005
0.9375,0.625,0.5,0.76476,0.647705875,0.4939703750000001
0.9375,0.625,0.5625,0.7551065625,0.6520604375000001,0.558322375
0.9375,0.625,0.625,0.745453125,0.6564150000000001,0.6226743750000001
0.9375,0.625,0.6875,0.7357996875,0.6607695625000001,0.6870263750000001
0.9375,0.625,0.75,0.72614625,0.6651241250000001,0.751378375
0.9375,0.625,0.8125,0.7164928125000001,0.6694786875000001,0.8157303750000001
0.9375,0.625,0.875,0.706839375,0.67383325,0.8800823750000001
0.9375,0.625,0.9375,0.6971859375,0.6781878125,0.9444343750000002
0.9375,0.625,1.0,0.6875325,0.682542375,1.0087863750000001
0.9375,0.6875,0.0,0.8900503125,0.664732,-0.022232499999999995
0.9375,0.6875,0.0625,0.880396875,0.6690865625,0.04211950000000001
0.9375,0.6875,0.125,0.8707434375,0.673441125,0.10647150000000002
0.9375,0.6875,0.1875,0.86109,0.6777956875,0.17082350000000002
0.9375,0.6875,0.25,0.8514365625,0.68215025,0.23517550000000004
0.9375,0.6875,0.3125,0.841783125,0.6865048125,0.29952750000000006
0.9375,0.6875,0.375,0.8321296875,0.6908593749999999,0.3638795
0.9375,0.6875,0.4375,0.82247625,0.6952139374999999,0.42823150000000004
0.9375,0.6875,0.5,0.8128228125,0.6995685,0.49258350000000006
0.9375,0.6875,0.5625,0.803169375,0.7039230625,0.5569355
0.9375,0.6875,0.625,0.7935159375,0.708277625,0.6212875000000001
0.9375,0.6875,0.6875,0.7838625,0.7126321875,0.6856395000000001
0.9375,0.6875,0.75,0.7742090625,0.71698675,0.7499915
0.9375,0.6875,0.8125,0.7645556250000001,0.7213413125,0.8143435000000001
0.9375,0.6875,0.875,0.7549021875,0.725695875,0.8786955000000001
0.9375,0.6875,0.9375,0.74524875,0.7300504375,0.9430475000000001
0.9375,0.6875,1.0,0.7355953125,0.734405,1.0073995
0.9375,0.75,0.0,0.938113125,0.716594625,-0.023619374999999998
0.9375,0.75,0.0625,0.9284596875,0.7209491875,0.04073262500000001
0.9375,0.75,0.125,0.91880625,0.72530375,0.10508462500000001
0.9375,0.75,0.1875,0.9091528125,0.7296583125,0.169436625
0.9375,0.75,0.25,0.899499375,0.734012875,0.23378862500000003
0.9375,0.75,0.3125,0.8898459375,0.7383674375,0.29814062500000005
0.9375,0.75,0.375,0.8801925,0.742722,0.362492625
0.9375,0.75,0.4375,0.8705390625,0.7470765625,0.42684462500000003
0.9375,0.75,0.5,0.860885625,0.7514311250000001,0.49119662500000005
0.9375,0.75,0.5625,0.8512321875,0.7557856875000001,0.555548625
0.9375,0.75,0.625,0.84157875,0.7601402500000001,0.6199006250000001
0.9375,0.75,0.6875,0.8319253125,0.7644948125000001,0.6842526250000001
0.9375,0.75,0.75,0.822271875,0.7688493750000001,0.748604625
0.9375,0.75,0.8125,0.8126184375000001,0.7732039375,0.8129566250000001
0.9375,0.75,0.875,0.802965,0.7775585,0.8773086250000001
0.9375,0.75,0.9375,0.7933115625,0.7819130625,0.9416606250000001
0.9375,0.75,1.0,0.783658125,0.786267625,1.006012625
0.9375,0.8125,0.0,0.9861759375,0.76845725,-0.025006249999999997
0.9375,0.8125,0.0625,0.9765225,0.7728118125,0.03934575000000001
0.9375,0.8125,0.125,0.9668690625,0.777166375,0.10369775000000002
0.9375,0.8125,0.1875,0.957215625,0.7815209375,0.16804975
0.9375,0.8125,0.25,0.9475621875,0.7858755,0.23240175000000002
0.9375,0.8125,0.3125,0.93790875,0.7902300624999999,0.29675375000000004
0.9375,0.8125,0.375,0.9282553125,0.7945846249999999,0.36110575
0.9375,0.8125,0.4375,0.918601875,0.7989391874999999,0.42545775
0.9375,0.8125,0.5,0.9089484375,0.8032937499999999,0.48980975000000004
0.9375,0.8125,0.5625,0.899295,0.8076483125,0.55416175
0.9375,0.8125,0.625,0.8896415625,0.812002875,0.6185137500000001
0.9375,0.8125,0.6875,0.879988125,0.8163574375,0.68286575
0.9375,0.8125,0.75,0.8703346875,0.820712,0.74721775
0.9375,0.8125,0.8125,0.8606812500000001,0.8250665625,0.8115697500000001
0.9375,0.8125,0.875,0.8510278125,0.829421125,0.87592175
0.9375,0.8125,0.9375,0.841374375,0.8337756875,0.9402737500000001
0.9375,0.8125,1.0,0.8317209375,0.83813025,1.0046257500000002
0.9375,0.875,0.0,1.03423875,0.820319875,-0.026393124999999996
0.9375,0.875,0.0625,1.0245853125000002,0.8246744375,0.03795887500000001
0.9375,0.875,0.125,1.014931875,0.829029,0.10231087500000002
0.9375,0.875,0.1875,1.0052784375000001,0.8333835625,0.16666287500000002
0.9375,0.875,0.25,0.9956250000000001,0.837738125,0.23101487500000004
0.9375,0.875,0.3125,0.9859715625000001,0.8420926875,0.29536687500000003
0.9375,0.875,0.375,0.9763181250000001,0.84644725,0.359718875
0.9375,0.875,0.4375,0.9666646875000001,0.8508018125,0.424070875
0.9375,0.875,0.5,0.9570112500000001,0.855156375,0.48842287500000003
0.9375,0.875,0.5625,0.9473578125000001,0.8595109375000001,0.552774875
0.9375,0.875,0.625,0.9377043750000001,0.8638655000000001,0.6171268750000001
0.9375,0.875,0.6875,0.9280509375000001,0.8682200625000001,0.681478875
0.9375,0.875,0.75,0.9183975000000001,0.872574625,0.745830875
0.9375,0.875,0.8125,0.9087440625000001,0.8769291875,0.8101828750000001
0.9375,0.875,0.875,0.8990906250000001,0.88128375,0.874534875
0.9375,0.875,0.9375,0.8894371875000001,0.8856383125,0.9388868750000001
0.9375,0.875,1.0,0.8797837500000001,0.889992875,1.003238875
0.9375,0.9375,0.0,1.0823015625,0.8721825,-0.027779999999999996
0.9375,0.9375,0.0625,1.0726481250000002,0.8765370625,0.03657200000000001
0.9375,0.9375,0.125,1.0629946875,0.880891625,0.10092400000000001
0.9375,0.9375,0.1875,1.0533412500000001,0.8852461875,0.165276
0.9375,0.9375,0.25,1.0436878125000002,0.8896007499999999,0.22962800000000003
0.9375,0.9375,0.3125,1.034034375,0.8939553124999999,0.2939800000000001
0.9375,0.9375,0.375,1.0243809375000001,0.8983098749999999,0.35833200000000004
0.9375,0.9375,0.4375,1.0147275,0.9026644374999999,0.42268400000000006
0.9375,0.9375,0.5,1.0050740625,0.907019,0.4870360000000001
0.9375,0.9375,0.5625,0.9954206250000001,0.9113735625,0.551388
0.9375,0.9375,0.625,0.9857671875000001,0.915728125,0.6157400000000001
0.9375,0.9375,0.6875,0.9761137500000001,0.9200826875,0.680092
0.9375,0.9375,0.75,0.9664603125000001,0.92443725,0.744444
0.9375,0.9375,0.8125,0.9568068750000001,0.9287918125,0.8087960000000001
0.9375,0.9375,0.875,0.9471534375000001,0.933146375,0.873148
0.9375,0.9375,0.9375,0.9375000000000001,0.9375009375,0.9375000000000001
0.9375,0.9375,1.0,0.9278465625000001,0.9418555,1.0018520000000002
0.9375,1.0,0.0,1.130364375,0.924045125,-0.029166874999999995
0.9375,1.0,0.0625,1.1207109375000002,0.9283996875,0.03518512500000001
0.9375,1.0,0.125,1.1110575,0.93275425,0.09953712500000002
0.9375,1.0,0.1875,1.1014040625000001,0.9371088125,0.16388912500000002
0.9375,1.0,0.25,1.0917506250000002,0.941463375,0.22824112500000004
0.9375,1.0,0.3125,1.0820971875,0.9458179375,0.29259312500000006
0.9375,1.0,0.375,1.0724437500000001,0.9501725,0.35694512500000003
0.9375,1.0,0.4375,1.0627903125,0.9545270625,0.42129712500000005
0.9375,1.0,0.5,1.053136875,0.9588816250000001,0.48564912500000007
0.9375,1.0,0.5625,1.0434834375000002,0.9632361875000001,0.550001125
0.9375,1.0,0.625,1.03383,0.96759075,0.614353125
0.9375,1.0,0.6875,1.0241765625,0.9719453125,0.678705125
0.9375,1.0,0.75,1.0145231250000002,0.976299875,0.743057125
0.9375,1.0,0.8125,1.0048696875,0.9806544375,0.8074091250000001
0.9375,1.0,0.875,0.9952162500000001,0.985009,0.871761125
0.9375,1.0,0.9375,0.9855628125000001,0.9893635625,0.9361131250000001
0.9375,1.0,1.0,0.9759093750000001,0.993718125,1.000465125
1.0,0.0,0.0,0.38545000000000007,0.10052599999999999,-0.007442
1.0,0.0,0.0625,0.3757965625000001,0.1048805625,0.05691000000000001
1.0,0.0,0.125,0.36614312500000007,0.10923512499999999,0.12126200000000001
1.0,0.0,0.1875,0.3564896875000001,0.11358968749999998,0.185614
1.0,0.0,0.25,0.34683625000000007,0.11794424999999999,0.24996600000000002
1.0,0.0,0.3125,0.3371828125000001,0.12229881249999999,0.31431800000000004
1.0,0.0,0.375,0.32752937500000007,0.12665337499999998,0.37867
1.0,0.0,0.4375,0.3178759375000001,0.13100793749999998,0.443022
1.0,0.0,0.5,0.30822250000000007,0.1353625,0.5073740000000001
1.0,0.0,0.5625,0.2985690625000001,0.1397170625,0.5717260000000001
1.0,0.0,0.625,0.28891562500000006,0.14407162499999998,0.6360780000000001
1.0,0.0,0.6875,0.2792621875000001,0.14842618749999997,0.7004300000000001
1.0,0.0,0.75,0.26960875000000006,0.15278074999999997,0.7647820000000001
1.0,0.0,0.8125,0.2599553125000001,0.15713531249999999,0.8291340000000001
1.0,0.0,0.875,0.2503018750000001,0.16148987499999998,0.8934860000000001
1.0,0.0,0.9375,0.2406484375000001,0.1658444375,0.9578380000000002
1.0,0.0,1.0,0.2309950000000001,0.170199,1.0221900000000002
1.0,0.0625,0.0,0.43351281250000007,0.152388625,-0.008828875
1.0,0.0625,0.0625,0.4238593750000001,0.1567431875,0.055523125000000007
1.0,0.0625,0.125,0.41420593750000007,0.16109774999999998,0.11987512500000001
1.0,0.0625,0.1875,0.4045525000000001,0.1654523125,0.184227125
1.0,0.0625,0.25,0.39489906250000006,0.169806875,0.248579125
1.0,0.0625,0.3125,0.3852456250000001,0.1741614375,0.31293112500000003
1.0,0.0625,0.375,0.37559218750000006,0.178516,0.377283125
1.0,0.0625,0.4375,0.3659387500000001,0.1828705625,0.441635125
1.0,0.0625,0.5,0.35628531250000006,0.187225125,0.5059871250000001
1.0,0.0625,0.5625,0.3466318750000001,0.19157968749999998,0.5703391250000001
1.0,0.0625,0.625,0.33697843750000006,0.19593424999999998,0.6346911250000001
1.0,0.0625,0.6875,0.3273250000000001,0.2002888125,0.6990431250000001
1.0,0.0625,0.75,0.31767156250000006,0.204643375,0.7633951250000001
1.0,0.0625,0.8125,0.3080181250000001,0.20899793749999998,0.8277471250000001
1.0,0.0625,0.875,0.2983646875000001,0.2133525,0.8920991250000001
1.0,0.0625,0.9375,0.2887112500000001,0.2177070625,0.9564511250000002
1.0,0.0625,1.0,0.27905781250000006,0.22206162499999998,1.020803125
1.0,0.125,0.0,0.48157562500000006,0.20425125,-0.01021575
1.0,0.125,0.0625,0.4719221875000001,0.2086058125,0.05413625000000001
1.0,0.125,0.125,0.46226875000000006,0.21296037499999998,0.11848825000000002
1.0,0.125,0.1875,0.4526153125000001,0.2173149375,0.18284025
1.0,0.125,0.25,0.44296187500000006,0.2216695,0.24719225000000003
1.0,0.125,0.3125,0.4333084375000001,0.22602406249999998,0.31154425
1.0,0.125,0.375,0.42365500000000006,0.230378625,0.37589625
1.0,0.125,0.4375,0.4140015625000001,0.2347331875,0.44024825
1.0,0.125,0.5,0.40434812500000006,0.23908775,0.5046002500000001
1.0,0.125,0.5625,0.3946946875000001,0.24344231249999998,0.56895225
1.0,0.125,0.625,0.38504125000000006,0.24779687499999997,0.6333042500000001
1.0,0.125,0.6875,0.3753878125000001,0.25215143749999996,0.6976562500000001
1.0,0.125,0.75,0.36573437500000006,0.256506,0.76200825
1.0,0.125,0.8125,0.3560809375000001,0.2608605625,0.8263602500000001
1.0,0.125,0.875,0.3464275000000001,0.265215125,0.8907122500000001
1.0,0.125,0.9375,0.3367740625000001,0.2695696875,0.9550642500000002
1.0,0.125,1.0,0.32712062500000005,0.27392425,1.0194162500000001
1.0,0.1875,0.0,0.5296384375000001,0.256113875,-0.011602624999999998
1.0,0.1875,0.0625,0.519985,0.2604684375,0.05274937500000001
1.0,0.1875,0.125,0.5103315625000001,0.264823,0.11710137500000001
1.0,0.1875,0.1875,0.5006781250000001,0.26917756249999997,0.181453375
1.0,0.1875,0.25,0.49102468750000006,0.273532125,0.24580537500000002
1.0,0.1875,0.3125,0.4813712500000001,0.2778866875,0.31015737500000007
1.0,0.1875,0.375,0.47171781250000006,0.28224125,0.37450937500000003
1.0,0.1875,0.4375,0.4620643750000001,0.2865958125,0.43886137500000005
1.0,0.1875,0.5,0.45241093750000005,0.290950375,0.5032133750000001
1.0,0.1875,0.5625,0.4427575000000001,0.2953049375,0.567565375
1.0,0.1875,0.625,0.43310406250000005,0.29965949999999997,0.6319173750000001
1.0,0.1875,0.6875,0.4234506250000001,0.30401406249999996,0.6962693750000001
1.0,0.1875,0.75,0.41379718750000005,0.30836862499999995,0.760621375
1.0,0.1875,0.8125,0.4041437500000001,0.3127231875,0.8249733750000001
1.0,0.1875,0.875,0.3944903125000001,0.31707775,0.8893253750000001
1.0,0.1875,0.9375,0.3848368750000001,0.3214323125,0.9536773750000002
1.0,0.1875,1.0,0.37518343750000005,0.325786875,1.018029375
1.0,0.25,0.0,0.57770125,0.3079765,-0.012989499999999998
1.0,0.25,0.0625,0.5680478125,0.3123310625,0.051362500000000005
1.0,0.25,0.125,0.5583943750000001,0.31668562499999997,0.11571450000000001
1.0,0.25,0.1875,0.5487409375000001,0.32104018749999996,0.18006650000000002
1.0,0.25,0.25,0.5390875,0.32539474999999995,0.24441850000000004
1.0,0.25,0.3125,0.5294340625,0.3297493125,0.30877050000000006
1.0,0.25,0.375,0.5197806250000001,0.334103875,0.3731225
1.0,0.25,0.4375,0.5101271875000001,0.3384584375,0.43747450000000004
1.0,0.25,0.5,0.50047375,0.342813,0.5018265000000001
1.0,0.25,0.5625,0.4908203125000001,0.34716756249999997,0.5661785
1.0,0.25,0.625,0.48116687500000005,0.35152212499999996,0.6305305000000001
1.0,0.25,0.6875,0.4715134375000001,0.35587668749999996,0.6948825000000001
1.0,0.25,0.75,0.46186000000000005,0.36023125,0.7592345
1.0,0.25,0.8125,0.4522065625000001,0.3645858125,0.8235865000000001
1.0,0.25,0.875,0.4425531250000001,0.368940375,0.8879385000000001
1.0,0.25,0.9375,0.4328996875000001,0.3732949375,0.9522905000000002
1.0,0.25,1.0,0.42324625000000005,0.37764949999999997,1.0166425000000001
1.0,0.3125,0.0,0.6257640625,0.35983912500000004,-0.014376374999999997
1.0,0.3125,0.0625,0.616110625,0.36419368750000003,0.04997562500000001
1.0,0.3125,0.125,0.6064571875000001,0.36854825,0.11432762500000002
1.0,0.3125,0.1875,0.5968037500000001,0.3729028125,0.178679625
1.0,0.3125,0.25,0.5871503125,0.377257375,0.24303162500000003
1.0,0.3125,0.3125,0.577496875,0.38161193750000005,0.30738362500000005
1.0,0.3125,0.375,0.5678434375000001,0.38596650000000005,0.371735625
1.0,0.3125,0.4375,0.5581900000000001,0.39032106250000004,0.43608762500000003
1.0,0.3125,0.5,0.5485365625,0.39467562500000003,0.500439625
1.0,0.3125,0.5625,0.538883125,0.3990301875,0.564791625
1.0,0.3125,0.625,0.5292296875000001,0.40338475,0.6291436250000001
1.0,0.3125,0.6875,0.5195762500000001,0.4077393125,0.6934956250000001
1.0,0.3125,0.75,0.5099228125,0.41209387500000005,0.757847625
1.0,0.3125,0.8125,0.500269375,0.41644843750000005,0.8221996250000001
1.0,0.3125,0.875,0.4906159375000001,0.42080300000000004,0.8865516250000001
1.0,0.3125,0.9375,0.48096250000000007,0.42515756250000003,0.9509036250000001
1.0,0.3125,1.0,0.47130906250000004,0.429512125,1.015255625
1.0,0.375,0.0,0.673826875,0.41170175000000003,-0.01576325
1.0,0.375,0.0625,0.6641734375,0.4160563125,0.04858875000000001
1.0,0.375,0.125,0.6545200000000001,0.420410875,0.11294075
1.0,0.375,0.1875,0.6448665625000001,0.4247654375,0.17729275
1.0,0.375,0.25,0.635213125,0.42912000000000006,0.24164475000000002
1.0,0.375,0.3125,0.6255596875,0.43347456250000005,0.30599675000000004
1.0,0.375,0.375,0.6159062500000001,0.43782912500000004,0.37034875
1.0,0.375,0.4375,0.6062528125000001,0.44218368750000003,0.43470075
1.0,0.375,0.5,0.596599375,0.44653825,0.49905275000000004
1.0,0.375,0.5625,0.5869459375,0.4508928125,0.56340475
1.0,0.375,0.625,0.5772925000000001,0.455247375,0.6277567500000001
1.0,0.375,0.6875,0.5676390625000001,0.4596019375,0.69210875
1.0,0.375,0.75,0.557985625,0.4639565,0.75646075
1.0,0.375,0.8125,0.5483321875,0.46831106250000004,0.8208127500000001
1.0,0.375,0.875,0.5386787500000001,0.47266562500000003,0.8851647500000001
1.0,0.375,0.9375,0.5290253125000001,0.4770201875,0.9495167500000001
1.0,0.375,1.0,0.519371875,0.48137475,1.01386875
1.0,0.4375,0.0,0.7218896875,0.46356437500000003,-0.017150125
1.0,0.4375,0.0625,0.71223625,0.4679189375,0.047201875000000004
1.0,0.4375,0.125,0.7025828125000001,0.4722735,0.11155387500000001
1.0,0.4375,0.1875,0.6929293750000001,0.4766280625,0.17590587500000002
1.0,0.4375,0.25,0.6832759375,0.480982625,0.24025787500000004
1.0,0.4375,0.3125,0.6736225,0.48533718750000004,0.30460987500000003
1.0,0.4375,0.375,0.6639690625000001,0.48969175000000004,0.368961875
1.0,0.4375,0.4375,0.6543156250000001,0.49404631250000003,0.433313875
1.0,0.4375,0.5,0.6446621875,0.498400875,0.49766587500000004
1.0,0.4375,0.5625,0.63500875,0.5027554375000001,0.562017875
1.0,0.4375,0.625,0.6253553125000001,0.5071100000000001,0.6263698750000001
1.0,0.4375,0.6875,0.6157018750000001,0.5114645625,0.690721875
1.0,0.4375,0.75,0.6060484375,0.515819125,0.755073875
1.0,0.4375,0.8125,0.596395,0.5201736875,0.8194258750000001
1.0,0.4375,0.875,0.5867415625000001,0.52452825,0.883777875
1.0,0.4375,0.9375,0.5770881250000001,0.5288828125,0.9481298750000001
1.0,0.4375,1.0,0.5674346875,0.533237375,1.0124818750000002
1.0,0.5,0.0,0.7699525,0.515427,-0.018536999999999998
1.0,0.5,0.0625,0.7602990625,0.5197815625,0.04581500000000001
1.0,0.5,0.125,0.7506456250000001,0.524136125,0.11016700000000001
1.0,0.5,0.1875,0.7409921875000001,0.5284906875,0.174519
1.0,0.5,0.25,0.73133875,0.5328452499999999,0.23887100000000003
1.0,0.5,0.3125,0.7216853125,0.5371998124999999,0.303223
1.0,0.5,0.375,0.7120318750000001,0.5415543749999999,0.367575
1.0,0.5,0.4375,0.7023784375000001,0.5459089374999999,0.43192700000000006
1.0,0.5,0.5,0.692725,0.5502635,0.496279
1.0,0.5,0.5625,0.6830715625,0.5546180625,0.560631
1.0,0.5,0.625,0.6734181250000001,0.558972625,0.6249830000000001
1.0,0.5,0.6875,0.6637646875000001,0.5633271875,0.689335
1.0,0.5,0.75,0.65411125,0.56768175,0.753687
1.0,0.5,0.8125,0.6444578125,0.5720363125,0.8180390000000001
1.0,0.5,0.875,0.6348043750000001,0.576390875,0.882391
1.0,0.5,0.9375,0.6251509375000001,0.5807454375,0.9467430000000001
1.0,0.5,1.0,0.6154975,0.5851,1.011095
1.0,0.5625,0.0,0.8180153125,0.567289625,-0.019923874999999997
1.0,0.5625,0.0625,0.808361875,0.5716441875,0.04442812500000001
1.0,0.5625,0.125,0.7987084375000001,0.57599875,0.10878012500000002
1.0,0.5625,0.1875,0.7890550000000001,0.5803533125,0.173132125
1.0,0.5625,0.25,0.7794015625,0.584707875,0.23748412500000002
1.0,0.5625,0.3125,0.769748125,0.5890624375,0.30183612500000007
1.0,0.5625,0.375,0.7600946875000001,0.593417,0.36618812500000003
1.0,0.5625,0.4375,0.7504412500000001,0.5977715625,0.43054012500000005
1.0,0.5625,0.5,0.7407878125,0.6021261250000001,0.49489212500000007
1.0,0.5625,0.5625,0.731134375,0.6064806875000001,0.559244125
1.0,0.5625,0.625,0.7214809375000001,0.61083525,0.6235961250000001
1.0,0.5625,0.6875,0.7118275000000001,0.6151898125,0.687948125
1.0,0.5625,0.75,0.7021740625,0.619544375,0.752300125
1.0,0.5625,0.8125,0.692520625,0.6238989375,0.8166521250000001
1.0,0.5625,0.875,0.6828671875000001,0.6282535,0.881004125
1.0,0.5625,0.9375,0.67321375,0.6326080625,0.9453561250000001
1.0,0.5625,1.0,0.6635603125,0.636962625,1.0097081250000002
1.0,0.625,0.0,0.866078125,0.6191522500000001,-0.021310749999999996
1.0,0.625,0.0625,0.8564246875,0.6235068125000001,0.04304125000000001
1.0,0.625,0.125,0.8467712500000001,0.627861375,0.10739325000000002
1.0,0.625,0.1875,0.8371178125000001,0.6322159375,0.17174525000000002
1.0,0.625,0.25,0.827464375,0.6365705,0.23609725000000004
1.0,0.625,0.3125,0.8178109375,0.6409250625,0.30044925000000006
1.0,0.625,0.375,0.8081575000000001,0.645279625,0.36480125
1.0,0.625,0.4375,0.7985040625000001,0.6496341875,0.42915325000000004
1.0,0.625,0.5,0.788850625,0.6539887500000001,0.49350525000000006
1.0,0.625,0.5625,0.7791971875,0.6583433125000001,0.55785725
1.0,0.625,0.625,0.7695437500000001,0.6626978750000001,0.62220925
1.0,0.625,0.6875,0.7598903125,0.6670524375000001,0.68656125
1.0,0.625,0.75,0.750236875,0.6714070000000001,0.75091325
1.0,0.625,0.8125,0.7405834375,0.6757615625000001,0.81526525
1.0,0.625,0.875,0.7309300000000001,0.6801161250000001,0.87961725
1.0,0.625,0.9375,0.7212765625,0.6844706875000001,0.9439692500000001
1.0,0.625,1.0,0.711623125,0.6888252500000001,1.00832125
1.0,0.6875,0.0,0.9141409375,0.671014875,-0.022697624999999996
1.0,0.6875,0.0625,0.9044875,0.6753694375,0.04165437500000001
1.0,0.6875,0.125,0.8948340625000001,0.679724,0.10600637500000001
1.0,0.6875,0.1875,0.885180625,0.6840785625,0.170358375
1.0,0.6875,0.25,0.8755271875,0.688433125,0.23471037500000003
1.0,0.6875,0.3125,0.86587375,0.6927876875,0.29906237500000005
1.0,0.6875,0.375,0.8562203125000001,0.69714225,0.363414375
1.0,0.6875,0.4375,0.846566875,0.7014968125,0.42776637500000003
1.0,0.6875,0.5,0.8369134375,0.705851375,0.49211837500000005
1.0,0.6875,0.5625,0.82726,0.7102059375,0.5564703750000001
1.0,0.6875,0.625,0.8176065625000001,0.7145605,0.6208223750000001
1.0,0.6875,0.6875,0.807953125,0.7189150625,0.6851743750000001
1.0,0.6875,0.75,0.7982996875,0.723269625,0.7495263750000001
1.0,0.6875,0.8125,0.78864625,0.7276241875,0.8138783750000002
1.0,0.6875,0.875,0.7789928125000001,0.73197875,0.8782303750000001
1.0,0.6875,0.9375,0.769339375,0.7363333125,0.9425823750000002
1.0,0.6875,1.0,0.7596859375,0.740687875,1.0069343750000002
1.0,0.75,0.0,0.96220375,0.7228775000000001,-0.0240845
1.0,0.75,0.0625,0.9525503125,0.7272320625,0.04026750000000001
1.0,0.75,0.125,0.9428968750000001,0.731586625,0.10461950000000002
1.0,0.75,0.1875,0.9332434375,0.7359411875,0.1689715
1.0,0.75,0.25,0.92359,0.74029575,0.23332350000000002
1.0,0.75,0.3125,0.9139365625,0.7446503125,0.29767550000000004
1.0,0.75,0.375,0.9042831250000001,0.749004875,0.3620275
1.0,0.75,0.4375,0.8946296875,0.7533594375,0.4263795
1.0,0.75,0.5,0.88497625,0.757714,0.49073150000000004
1.0,0.75,0.5625,0.8753228125,0.7620685625000001,0.5550835000000001
1.0,0.75,0.625,0.8656693750000001,0.7664231250000001,0.6194355000000001
1.0,0.75,0.6875,0.8560159375,0.7707776875000001,0.6837875000000001
1.0,0.75,0.75,0.8463625,0.7751322500000001,0.7481395000000001
1.0,0.75,0.8125,0.8367090625,0.7794868125000001,0.8124915000000001
1.0,0.75,0.875,0.8270556250000001,0.7838413750000001,0.8768435000000001
1.0,0.75,0.9375,0.8174021875,0.7881959375,0.9411955000000002
1.0,0.75,1.0,0.80774875,0.7925505,1.0055475
1.0,0.8125,0.0,1.0102665625,0.774740125,-0.025471374999999997
1.0,0.8125,0.0625,1.000613125,0.7790946875,0.03888062500000001
1.0,0.8125,0.125,0.9909596875000001,0.78344925,0.10323262500000002
1.0,0.8125,0.1875,0.98130625,0.7878038125,0.16758462500000001
1.0,0.8125,0.25,0.9716528125,0.792158375,0.23193662500000004
1.0,0.8125,0.3125,0.961999375,0.7965129375,0.296288625
1.0,0.8125,0.375,0.9523459375000001,0.8008675,0.360640625
1.0,0.8125,0.4375,0.9426925,0.8052220625,0.424992625
1.0,0.8125,0.5,0.9330390625,0.809576625,0.48934462500000003
1.0,0.8125,0.5625,0.923385625,0.8139311875,0.553696625
1.0,0.8125,0.625,0.9137321875000001,0.81828575,0.6180486250000001
1.0,0.8125,0.6875,0.90407875,0.8226403125,0.6824006250000001
1.0,0.8125,0.75,0.8944253125,0.826994875,0.7467526250000001
1.0,0.8125,0.8125,0.884771875,0.8313494375,0.8111046250000001
1.0,0.8125,0.875,0.8751184375000001,0.835704,0.8754566250000001
1.0,0.8125,0.9375,0.865465,0.8400585625,0.9398086250000002
1.0,0.8125,1.0,0.8558115625,0.844413125,1.0041606250000001
1.0,0.875,0.0,1.058329375,0.82660275,-0.026858249999999997
1.0,0.875,0.0625,1.0486759375,0.8309573125,0.037493750000000006
1.0,0.875,0.125,1.0390225,0.835311875,0.10184575000000001
1.0,0.875,0.1875,1.0293690625,0.8396664375,0.16619775
1.0,0.875,0.25,1.0197156250000001,0.844021,0.23054975000000003
1.0,0.875,0.3125,1.0100621875,0.8483755625,0.2949017500000001
1.0,0.875,0.375,1.00040875,0.852730125,0.35925375000000004
1.0,0.875,0.4375,0.9907553125,0.8570846875,0.42360575000000006
1.0,0.875,0.5,0.981101875,0.8614392500000001,0.4879577500000001
1.0,0.875,0.5625,0.9714484375,0.8657938125000001,0.55230975
1.0,0.875,0.625,0.9617950000000001,0.8701483750000001,0.6166617500000001
1.0,0.875,0.6875,0.9521415625,0.8745029375000001,0.6810137500000001
1.0,0.875,0.75,0.942488125,0.8788575000000001,0.74536575
1.0,0.875,0.8125,0.9328346875,0.8832120625000001,0.8097177500000001
1.0,0.875,0.875,0.9231812500000001,0.887566625,0.8740697500000001
1.0,0.875,0.9375,0.9135278125,0.8919211875,0.9384217500000002
1.0,0.875,1.0,0.903874375,0.89627575,1.00277375
1.0,0.9375,0.0,1.1063921875,0.878465375,-0.028245124999999996
1.0,0.9375,0.0625,1.09673875,0.8828199375,0.03610687500000001
1.0,0.9375,0.125,1.0870853125,0.8871745,0.10045887500000002
1.0,0.9375,0.1875,1.077431875,0.8915290625,0.16481087500000002
1.0,0.9375,0.25,1.0677784375000001,0.895883625,0.22916287500000004
1.0,0.9375,0.3125,1.058125,0.9002381875,0.29351487500000006
1.0,0.9375,0.375,1.0484715625,0.90459275,0.35786687500000003
1.0,0.9375,0.4375,1.038818125,0.9089473124999999,0.42221887500000005
1.0,0.9375,0.5,1.0291646875,0.9133018749999999,0.48657087500000007
1.0,0.9375,0.5625,1.01951125,0.9176564375,0.550922875
1.0,0.9375,0.625,1.0098578125,0.922011,0.6152748750000001
1.0,0.9375,0.6875,1.000204375,0.9263655625,0.6796268750000001
1.0,0.9375,0.75,0.9905509375,0.930720125,0.743978875
1.0,0.9375,0.8125,0.9808975,0.9350746875,0.8083308750000001
1.0,0.9375,0.875,0.9712440625000001,0.93942925,0.8726828750000001
1.0,0.9375,0.9375,0.961590625,0.9437838125,0.9370348750000002
1.0,0.9375,1.0,0.9519371875,0.948138375,1.0013868750000001
1.0,1.0,0.0,1.154455,0.930328,-0.029631999999999995
1.0,1.0,0.0625,1.1448015625,0.9346825625,0.034720000000000015
1.0,1.0,0.125,1.135148125,0.939037125,0.09907200000000002
1.0,1.0,0.1875,1.1254946875,0.9433916875,0.163424
1.0,1.0,0.25,1.1158412500000001,0.94774625,0.22777600000000003
1.0,1.0,0.3125,1.1061878125,0.9521008125,0.29212800000000005
1.0,1.0,0.375,1.096534375,0.956455375,0.35648
1.0,1.0,0.4375,1.0868809375,0.9608099375,0.42083200000000004
1.0,1.0,0.5,1.0772275,0.9651645,0.48518400000000006
1.0,1.0,0.5625,1.0675740625,0.9695190625000001,0.549536
1.0,1.0,0.625,1.057920625,0.9738736250000001,0.6138880000000001
1.0,1.0,0.6875,1.0482671875,0.9782281875000001,0.6782400000000001
1.0,1.0,0.75,1.0386137500000001,0.9825827500000001,0.742592
1.0,1.0,0.8125,1.0289603125,0.9869373125,0.8069440000000001
1.0,1.0,0.875,1.019306875,0.991291875,0.8712960000000001
1.0,1.0,0.9375,1.0096534375,0.9956464375,0.9356480000000001
1.0,1.0,1.0,1.0,1.0000010000000001,1.0
