R,G,B,R_out,G_out,B_out
0.0,0.0,0.0,0.0,0.0,0.0
0.0,0.0,0.0625,-0.01280425,0.006201,0.065749875
0.0,0.0,0.125,-0.0256085,0.012402,0.13149975
0.0,0.0,0.1875,-0.038412749999999996,0.018603,0.19724962499999998
0.0,0.0,0.25,-0.051217,0.024804,0.2629995
0.0,0.0,0.3125,-0.06402125,0.031004999999999998,0.328749375
0.0,0.0,0.375,-0.07682549999999999,0.037206,0.39449924999999997
0.0,0.0,0.4375,-0.08962975,0.043407,0.460249125
0.0,0.0,0.5,-0.102434,0.049608,0.525999
0.0,0.0,0.5625,-0.11523825,0.055809,0.591748875
0.0,0.0,0.625,-0.1280425,0.062009999999999996,0.65749875
0.0,0.0,0.6875,-0.14084675,0.068211,0.723248625
0.0,0.0,0.75,-0.15365099999999998,0.074412,0.7889984999999999
0.0,0.0,0.8125,-0.16645525,0.080613,0.854748375
0.0,0.0,0.875,-0.1792595,0.086814,0.92049825
0.0,0.0,0.9375,-0.19206375,0.093015,0.986248125
0.0,0.0,1.0,-0.204868,0.099216,1.051998
0.0,0.0625,0.0,0.0657864375,0.0491425625,-0.00300725
0.0,0.0625,0.0625,0.0529821875,0.0553435625,0.062742625
0.0,0.0625,0.125,0.040177937500000004,0.0615445625,0.1284925
0.0,0.0625,0.1875,0.027373687500000007,0.0677455625,0.194242375
0.0,0.0625,0.25,0.014569437500000004,0.07394656250000001,0.25999225
0.0,0.0625,0.3125,0.0017651875000000011,0.08014756249999999,0.325742125
0.0,0.0625,0.375,-0.011039062499999988,0.0863485625,0.39149199999999995
0.0,0.0625,0.4375,-0.02384331249999999,0.0925495625,0.45724187499999996
0.0,0.0625,0.5,-0.036647562499999994,0.0987505625,0.52299175
0.0,0.0625,0.5625,-0.0494518125,0.1049515625,0.5887416249999999
0.0,0.0625,0.625,-0.0622560625,0.1111525625,0.6544915
0.0,0.0625,0.6875,-0.07506031249999999,0.1173535625,0.720241375
0.0,0.0625,0.75,-0.08786456249999998,0.1235545625,0.7859912499999999
0.0,0.0625,0.8125,-0.1006688125,0.1297555625,0.851741125
0.0,0.0625,0.875,-0.11347306249999999,0.1359565625,0.917491
0.0,0.0625,0.9375,-0.12627731250000002,0.1421575625,0.983240875
0.0,0.0625,1.0,-0.13908156249999998,0.1483585625,1.04899075
0.0,0.125,0.0,0.131572875,0.098285125,-0.0060145
0.0,0.125,0.0625,0.118768625,0.104486125,0.059735375
0.0,0.125,0.125,0.105964375,0.110687125,0.12548525
0.0,0.125,0.1875,0.09316012500000001,0.11688812500000001,0.19123512499999998
0.0,0.125,0.25,0.08035587500000001,0.123089125,0.256985
0.0,0.125,0.3125,0.067551625,0.129290125,0.32273487500000003
0.0,0.125,0.375,0.054747375000000015,0.135491125,0.38848475
0.0,0.125,0.4375,0.04194312500000001,0.141692125,0.454234625
0.0,0.125,0.5,0.02913887500000001,0.14789312500000001,0.5199845
0.0,0.125,0.5625,0.016334625000000005,0.154094125,0.5857343749999999
0.0,0.125,0.625,0.0035303750000000023,0.16029512499999998,0.65148425
0.0,0.125,0.6875,-0.009273874999999987,0.166496125,0.717234125
0.0,0.125,0.75,-0.022078124999999976,0.172697125,0.7829839999999999
0.0,0.125,0.8125,-0.03488237499999999,0.17889812500000002,0.848733875
0.0,0.125,0.875,-0.04768662499999998,0.185099125,0.9144837499999999
0.0,0.125,0.9375,-0.060490875,0.191300125,0.980233625
0.0,0.125,1.0,-0.07329512499999999,0.197501125,1.0459835
0.0,0.1875,0.0,0.1973593125,0.14742768750000002,-0.00902175
0.0,0.1875,0.0625,0.1845550625,0.15362868750000003,0.056728125
0.0,0.1875,0.125,0.1717508125,0.1598296875,0.122478
0.0,0.1875,0.1875,0.1589465625,0.16603068750000002,0.188227875
0.0,0.1875,0.25,0.14614231249999998,0.1722316875,0.25397775
0.0,0.1875,0.3125,0.1333380625,0.17843268750000002,0.319727625
0.0,0.1875,0.375,0.1205338125,0.18463368750000003,0.3854775
0.0,0.1875,0.4375,0.1077295625,0.19083468750000002,0.451227375
0.0,0.1875,0.5,0.0949253125,0.1970356875,0.5169772499999999
0.0,0.1875,0.5625,0.0821210625,0.2032366875,0.5827271249999999
0.0,0.1875,0.625,0.06931681249999999,0.20943768750000002,0.648477
0.0,0.1875,0.6875,0.0565125625,0.2156386875,0.7142268749999999
0.0,0.1875,0.75,0.04370831250000001,0.22183968750000002,0.7799767499999999
0.0,0.1875,0.8125,0.030904062499999996,0.2280406875,0.845726625
0.0,0.1875,0.875,0.018099812500000007,0.23424168750000002,0.9114764999999999
0.0,0.1875,0.9375,0.0052955624999999895,0.24044268750000003,0.977226375
0.0,0.1875,1.0,-0.0075086875,0.24664368750000001,1.04297625
0.0,0.25,0.0,0.26314575,0.19657025,-0.012029
0.0,0.25,0.0625,0.2503415,0.20277125000000001,0.053720875
0.0,0.25,0.125,0.23753725,0.20897225,0.11947075
0.0,0.25,0.1875,0.22473300000000002,0.21517325,0.18522062499999997
0.0,0.25,0.25,0.21192875,0.22137425,0.2509705
0.0,0.25,0.3125,0.1991245,0.22757525,0.316720375
0.0,0.25,0.375,0.18632025000000002,0.23377625000000002,0.38247024999999996
0.0,0.25,0.4375,0.173516,0.23997725,0.44822012499999997
0.0,0.25,0.5,0.16071175000000001,0.24617825,0.51397
0.0,0.25,0.5625,0.14790750000000003,0.25237925,0.579719875
0.0,0.25,0.625,0.13510325,0.25858025,0.6454697500000001
0.0,0.25,0.6875,0.12229900000000002,0.26478124999999997,0.711219625
0.0,0.25,0.75,0.10949475000000003,0.27098225,0.7769695
0.0,0.25,0.8125,0.09669050000000001,0.27718325,0.842719375
0.0,0.25,0.875,0.08388625000000002,0.28338425,0.90846925
0.0,0.25,0.9375,0.071082,0.28958525,0.9742191250000001
0.0,0.25,1.0,0.05827775000000002,0.29578625000000003,1.039969
0.0,0.3125,0.0,0.32893218750000003,0.2457128125,-0.01503625
0.0,0.3125,0.0625,0.3161279375,0.2519138125,0.050713625
0.0,0.3125,0.125,0.30332368750000005,0.2581148125,0.1164635
0.0,0.3125,0.1875,0.29051943750000003,0.26431581249999997,0.18221337499999998
0.0,0.3125,0.25,0.2777151875,0.2705168125,0.24796325
0.0,0.3125,0.3125,0.26491093750000005,0.2767178125,0.31371312500000004
0.0,0.3125,0.375,0.25210668750000004,0.2829188125,0.379463
0.0,0.3125,0.4375,0.23930243750000002,0.28911981249999996,0.445212875
0.0,0.3125,0.5,0.22649818750000003,0.2953208125,0.51096275
0.0,0.3125,0.5625,0.21369393750000004,0.3015218125,0.576712625
0.0,0.3125,0.625,0.20088968750000002,0.3077228125,0.6424625
0.0,0.3125,0.6875,0.18808543750000004,0.3139238125,0.708212375
0.0,0.3125,0.75,0.17528118750000005,0.3201248125,0.77396225
0.0,0.3125,0.8125,0.16247693750000003,0.3263258125,0.839712125
0.0,0.3125,0.875,0.14967268750000004,0.3325268125,0.905462
0.0,0.3125,0.9375,0.13686843750000002,0.3387278125,0.9712118750000001
0.0,0.3125,1.0,0.12406418750000003,0.34492881249999996,1.03696175
0.0,0.375,0.0,0.394718625,0.29485537500000003,-0.0180435
0.0,0.375,0.0625,0.381914375,0.30105637500000004,0.047706374999999995
0.0,0.375,0.125,0.369110125,0.30725737500000005,0.11345625
0.0,0.375,0.1875,0.356305875,0.313458375,0.179206125
0.0,0.375,0.25,0.343501625,0.319659375,0.244956
0.0,0.375,0.3125,0.33069737499999996,0.32586037500000004,0.310705875
0.0,0.375,0.375,0.317893125,0.33206137500000005,0.37645575
0.0,0.375,0.4375,0.305088875,0.338262375,0.442205625
0.0,0.375,0.5,0.29228462499999996,0.344463375,0.5079555
0.0,0.375,0.5625,0.279480375,0.35066437500000003,0.573705375
0.0,0.375,0.625,0.266676125,0.35686537500000004,0.63945525
0.0,0.375,0.6875,0.25387187499999997,0.36306637500000005,0.705205125
0.0,0.375,0.75,0.241067625,0.36926737500000006,0.770955
0.0,0.375,0.8125,0.228263375,0.375468375,0.836704875
0.0,0.375,0.875,0.215459125,0.38166937500000003,0.90245475
0.0,0.375,0.9375,0.20265487499999998,0.38787037500000004,0.968204625
0.0,0.375,1.0,0.189850625,0.394071375,1.0339544999999999
0.0,0.4375,0.0,0.4605050625,0.3439979375,-0.02105075
0.0,0.4375,0.0625,0.4477008125,0.35019893750000003,0.044699125
0.0,0.4375,0.125,0.43489656250000003,0.35639993750000004,0.11044899999999999
0.0,0.4375,0.1875,0.4220923125,0.3626009375,0.17619887499999998
0.0,0.4375,0.25,0.4092880625,0.3688019375,0.24194875
0.0,0.4375,0.3125,0.3964838125,0.3750029375,0.307698625
0.0,0.4375,0.375,0.3836795625,0.38120393750000003,0.37344849999999996
0.0,0.4375,0.4375,0.3708753125,0.38740493750000005,0.439198375
0.0,0.4375,0.5,0.3580710625,0.3936059375,0.50494825
0.0,0.4375,0.5625,0.3452668125,0.3998069375,0.570698125
0.0,0.4375,0.625,0.3324625625,0.4060079375,0.636448
0.0,0.4375,0.6875,0.3196583125,0.4122089375,0.702197875
0.0,0.4375,0.75,0.3068540625,0.4184099375,0.7679477499999999
0.0,0.4375,0.8125,0.2940498125,0.4246109375,0.833697625
0.0,0.4375,0.875,0.2812455625,0.4308119375,0.8994475
0.0,0.4375,0.9375,0.26844131250000003,0.43701293750000003,0.965197375
0.0,0.4375,1.0,0.2556370625,0.44321393750000004,1.03094725
0.0,0.5,0.0,0.5262915,0.3931405,-0.024058
0.0,0.5,0.0625,0.5134872500000001,0.3993415,0.041691875
0.0,0.5,0.125,0.500683,0.40554250000000003,0.10744175
0.0,0.5,0.1875,0.48787875,0.4117435,0.173191625
0.0,0.5,0.25,0.4750745,0.4179445,0.2389415
0.0,0.5,0.3125,0.46227025,0.4241455,0.304691375
0.0,0.5,0.375,0.44946600000000003,0.4303465,0.37044124999999994
0.0,0.5,0.4375,0.43666175,0.4365475,0.43619112499999996
0.0,0.5,0.5,0.4238575,0.4427485,0.501941
0.0,0.5,0.5625,0.41105325000000004,0.4489495,0.5676908749999999
0.0,0.5,0.625,0.398249,0.4551505,0.63344075
0.0,0.5,0.6875,0.38544475,0.4613515,0.699190625
0.0,0.5,0.75,0.37264050000000004,0.46755250000000004,0.7649404999999999
0.0,0.5,0.8125,0.35983625,0.4737535,0.830690375
0.0,0.5,0.875,0.347032,0.4799545,0.8964402499999999
0.0,0.5,0.9375,0.33422775000000005,0.4861555,0.962190125
0.0,0.5,1.0,0.32142350000000003,0.4923565,1.02794
0.0,0.5625,0.0,0.5920779375,0.4422830625,-0.02706525
0.0,0.5625,0.0625,0.5792736875000001,0.4484840625,0.038684625
0.0,0.5625,0.125,0.5664694375,0.4546850625,0.1044345
0.0,0.5625,0.1875,0.5536651875,0.46088606249999997,0.170184375
0.0,0.5625,0.25,0.5408609375000001,0.4670870625,0.23593425
0.0,0.5625,0.3125,0.5280566875,0.4732880625,0.301684125
0.0,0.5625,0.375,0.5152524375,0.4794890625,0.367434
0.0,0.5625,0.4375,0.5024481875000001,0.4856900625,0.433183875
0.0,0.5625,0.5,0.4896439375,0.4918910625,0.49893375
0.0,0.5625,0.5625,0.47683968750000005,0.4980920625,0.5646836249999999
0.0,0.5625,0.625,0.46403543750000004,0.5042930625,0.6304335
0.0,0.5625,0.6875,0.4512311875,0.5104940625,0.6961833749999999
0.0,0.5625,0.75,0.43842693750000006,0.5166950625,0.7619332499999999
0.0,0.5625,0.8125,0.42562268750000004,0.5228960625,0.827683125
0.0,0.5625,0.875,0.4128184375,0.5290970625,0.8934329999999999
0.0,0.5625,0.9375,0.40001418750000006,0.5352980625,0.959182875
0.0,0.5625,1.0,0.38720993750000005,0.5414990625,1.02493275
0.0,0.625,0.0,0.6578643750000001,0.491425625,-0.0300725
0.0,0.625,0.0625,0.6450601250000001,0.497626625,0.035677375
0.0,0.625,0.125,0.632255875,0.503827625,0.10142725
0.0,0.625,0.1875,0.6194516250000001,0.510028625,0.16717712499999998
0.0,0.625,0.25,0.6066473750000001,0.516229625,0.232927
0.0,0.625,0.3125,0.593843125,0.5224306249999999,0.298676875
0.0,0.625,0.375,0.5810388750000001,0.5286316249999999,0.36442674999999997
0.0,0.625,0.4375,0.5682346250000001,0.534832625,0.430176625
0.0,0.625,0.5,0.555430375,0.541033625,0.4959265
0.0,0.625,0.5625,0.5426261250000001,0.547234625,0.561676375
0.0,0.625,0.625,0.5298218750000001,0.553435625,0.6274262500000001
0.0,0.625,0.6875,0.517017625,0.559636625,0.693176125
0.0,0.625,0.75,0.5042133750000001,0.565837625,0.758926
0.0,0.625,0.8125,0.49140912500000006,0.572038625,0.8246758750000001
0.0,0.625,0.875,0.47860487500000004,0.5782396249999999,0.89042575
0.0,0.625,0.9375,0.4658006250000001,0.5844406249999999,0.9561756250000001
0.0,0.625,1.0,0.45299637500000006,0.590641625,1.0219255
0.0,0.6875,0.0,0.7236508125000001,0.5405681875,-0.03307975
0.0,0.6875,0.0625,0.7108465625000001,0.5467691875,0.032670125
0.0,0.6875,0.125,0.6980423125,0.5529701875,0.09842000000000001
0.0,0.6875,0.1875,0.6852380625000001,0.5591711875,0.164169875
0.0,0.6875,0.25,0.6724338125000001,0.5653721875000001,0.22991975
0.0,0.6875,0.3125,0.6596295625,0.5715731875,0.295669625
0.0,0.6875,0.375,0.6468253125000001,0.5777741875,0.36141949999999995
0.0,0.6875,0.4375,0.6340210625000001,0.5839751875,0.42716937499999996
0.0,0.6875,0.5,0.6212168125,0.5901761875,0.49291925
0.0,0.6875,0.5625,0.6084125625000001,0.5963771875,0.558669125
0.0,0.6875,0.625,0.5956083125,0.6025781875,0.6244190000000001
0.0,0.6875,0.6875,0.5828040625,0.6087791875,0.690168875
0.0,0.6875,0.75,0.5699998125000001,0.6149801875,0.75591875
0.0,0.6875,0.8125,0.5571955625,0.6211811875000001,0.821668625
0.0,0.6875,0.875,0.5443913125000001,0.6273821875000001,0.8874185
0.0,0.6875,0.9375,0.5315870625000001,0.6335831875,0.9531683750000001
0.0,0.6875,1.0,0.5187828125,0.6397841875,1.01891825
0.0,0.75,0.0,0.78943725,0.5897107500000001,-0.036087
0.0,0.75,0.0625,0.776633,0.5959117500000001,0.029662875
0.0,0.75,0.125,0.76382875,0.6021127500000001,0.09541274999999999
0.0,0.75,0.1875,0.7510245,0.6083137500000001,0.16116262499999998
0.0,0.75,0.25,0.73822025,0.6145147500000001,0.2269125
0.0,0.75,0.3125,0.725416,0.62071575,0.29266237500000003
0.0,0.75,0.375,0.71261175,0.62691675,0.35841225
0.0,0.75,0.4375,0.6998075,0.63311775,0.424162125
0.0,0.75,0.5,0.68700325,0.63931875,0.489912
0.0,0.75,0.5625,0.674199,0.6455197500000001,0.555661875
0.0,0.75,0.625,0.6613947499999999,0.6517207500000001,0.62141175
0.0,0.75,0.6875,0.6485905,0.6579217500000001,0.687161625
0.0,0.75,0.75,0.63578625,0.6641227500000001,0.7529115
0.0,0.75,0.8125,0.6229819999999999,0.6703237500000001,0.818661375
0.0,0.75,0.875,0.61017775,0.67652475,0.88441125
0.0,0.75,0.9375,0.5973735,0.68272575,0.950161125
0.0,0.75,1.0,0.5845692499999999,0.68892675,1.015911
0.0,0.8125,0.0,0.8552236875,0.6388533125,-0.03909425
0.0,0.8125,0.0625,0.8424194375,0.6450543125,0.026655625000000002
0.0,0.8125,0.125,0.8296151875,0.6512553125,0.0924055
0.0,0.8125,0.1875,0.8168109375,0.6574563125,0.158155375
0.0,0.8125,0.25,0.8040066875,0.6636573125,0.22390525
0.0,0.8125,0.3125,0.7912024375,0.6698583124999999,0.289655125
0.0,0.8125,0.375,0.7783981875,0.6760593125,0.35540499999999997
0.0,0.8125,0.4375,0.7655939375,0.6822603125,0.421154875
0.0,0.8125,0.5,0.7527896875,0.6884613125,0.48690475
0.0,0.8125,0.5625,0.7399854375,0.6946623125,0.552654625
0.0,0.8125,0.625,0.7271811875,0.7008633125,0.6184045
0.0,0.8125,0.6875,0.7143769375,0.7070643125,0.684154375
0.0,0.8125,0.75,0.7015726875,0.7132653125,0.7499042499999999
0.0,0.8125,0.8125,0.6887684375,0.7194663125,0.815654125
0.0,0.8125,0.875,0.6759641875,0.7256673124999999,0.881404
0.0,0.8125,0.9375,0.6631599375,0.7318683125,0.947153875
0.0,0.8125,1.0,0.6503556875000001,0.7380693125,1.01290375
0.0,0.875,0.0,0.921010125,0.687995875,-0.0421015
0.0,0.875,0.0625,0.908205875,0.694196875,0.023648375
0.0,0.875,0.125,0.895401625,0.7003978750000001,0.08939825
0.0,0.875,0.1875,0.882597375,0.7065988750000001,0.15514812499999997
0.0,0.875,0.25,0.8697931250000001,0.7127998750000001,0.22089799999999998
0.0,0.875,0.3125,0.856988875,0.719000875,0.286647875
0.0,0.875,0.375,0.844184625,0.725201875,0.35239774999999995
0.0,0.875,0.4375,0.8313803750000001,0.731402875,0.41814762499999997
0.0,0.875,0.5,0.818576125,0.737603875,0.4838975
0.0,0.875,0.5625,0.805771875,0.743804875,0.5496473749999999
0.0,0.875,0.625,0.792967625,0.750005875,0.61539725
0.0,0.875,0.6875,0.780163375,0.7562068750000001,0.681147125
0.0,0.875,0.75,0.767359125,0.7624078750000001,0.7468969999999999
0.0,0.875,0.8125,0.754554875,0.7686088750000001,0.812646875
0.0,0.875,0.875,0.741750625,0.7748098750000001,0.87839675
0.0,0.875,0.9375,0.728946375,0.781010875,0.944146625
0.0,0.875,1.0,0.716142125,0.787211875,1.0098965
0.0,0.9375,0.0,0.9867965625,0.7371384375,-0.045108749999999996
0.0,0.9375,0.0625,0.9739923125000001,0.7433394375,0.020641125000000003
0.0,0.9375,0.125,0.9611880625,0.7495404375,0.086391
0.0,0.9375,0.1875,0.9483838125,0.7557414375,0.15214087499999998
0.0,0.9375,0.25,0.9355795625000001,0.7619424375,0.21789075
0.0,0.9375,0.3125,0.9227753125,0.7681434374999999,0.28364062500000004
0.0,0.9375,0.375,0.9099710625,0.7743444374999999,0.3493905
0.0,0.9375,0.4375,0.8971668125000001,0.7805454374999999,0.415140375
0.0,0.9375,0.5,0.8843625625,0.7867464375,0.48089025
0.0,0.9375,0.5625,0.8715583125,0.7929474375,0.5466401249999999
0.0,0.9375,0.625,0.8587540625000001,0.7991484375,0.61239
0.0,0.9375,0.6875,0.8459498125,0.8053494375,0.678139875
0.0,0.9375,0.75,0.8331455625,0.8115504375,0.7438897499999999
0.0,0.9375,0.8125,0.8203413125000001,0.8177514375,0.809639625
0.0,0.9375,0.875,0.8075370625,0.8239524375,0.8753894999999999
0.0,0.9375,0.9375,0.7947328125,0.8301534374999999,0.941139375
0.0,0.9375,1.0,0.7819285625000001,0.8363544374999999,1.00688925
0.0,1.0,0.0,1.052583,0.786281,-0.048116
0.0,1.0,0.0625,1.03977875,0.792482,0.017633875
0.0,1.0,0.125,1.0269745000000001,0.798683,0.08338375
0.0,1.0,0.1875,1.01417025,0.804884,0.149133625
0.0,1.0,0.25,1.001366,0.8110850000000001,0.2148835
0.0,1.0,0.3125,0.98856175,0.817286,0.280633375
0.0,1.0,0.375,0.9757575,0.823487,0.34638325
0.0,1.0,0.4375,0.9629532500000001,0.829688,0.412133125
0.0,1.0,0.5,0.950149,0.835889,0.477883
0.0,1.0,0.5625,0.9373447500000001,0.84209,0.5436328749999999
0.0,1.0,0.625,0.9245405,0.848291,0.60938275
0.0,1.0,0.6875,0.91173625,0.854492,0.6751326249999999
0.0,1.0,0.75,0.8989320000000001,0.860693,0.7408824999999999
0.0,1.0,0.8125,0.88612775,0.866894,0.806632375
0.0,1.0,0.875,0.8733235,0.873095,0.8723822499999999
0.0,1.0,0.9375,0.8605192500000001,0.879296,0.938132125
0.0,1.0,1.0,0.847715,0.885497,1.003882
0.0625,0.0,0.0,0.009517875,0.0071564375,-0.000242625
0.0625,0.0,0.0625,-0.0032863749999999994,0.0133574375,0.06550725
0.0625,0.0,0.125,-0.016090624999999997,0.019558437499999998,0.131257125
0.0625,0.0,0.1875,-0.028894874999999993,0.025759437500000003,0.197007
0.0625,0.0,0.25,-0.041699125,0.0319604375,0.262756875
0.0625,0.0,0.3125,-0.054503375,0.0381614375,0.32850675
0.0625,0.0,0.375,-0.067307625,0.044362437500000004,0.39425662499999997
0.0625,0.0,0.4375,-0.080111875,0.0505634375,0.4600065
0.0625,0.0,0.5,-0.092916125,0.0567644375,0.5257563749999999
0.0625,0.0,0.5625,-0.105720375,0.0629654375,0.5915062499999999
0.0625,0.0,0.625,-0.11852462500000001,0.0691664375,0.657256125
0.0625,0.0,0.6875,-0.13132887499999998,0.0753674375,0.7230059999999999
0.0625,0.0,0.75,-0.14413312499999997,0.08156843750000001,0.7887558749999999
0.0625,0.0,0.8125,-0.156937375,0.0877694375,0.85450575
0.0625,0.0,0.875,-0.16974162499999998,0.0939704375,0.9202556249999999
0.0625,0.0,0.9375,-0.182545875,0.1001714375,0.9860055
0.0625,0.0,1.0,-0.19535012499999999,0.1063724375,1.051755375
0.0625,0.0625,0.0,0.0753043125,0.056299,-0.003249875
0.0625,0.0625,0.0625,0.0625000625,0.0625,0.0625
0.0625,0.0625,0.125,0.0496958125,0.068701,0.12824987499999999
0.0625,0.0625,0.1875,0.0368915625,0.074902,0.19399974999999997
0.0625,0.0625,0.25,0.0240873125,0.08110300000000001,0.259749625
0.0625,0.0625,0.3125,0.011283062499999996,0.08730399999999999,0.3254995
0.0625,0.0625,0.375,-0.001521187499999993,0.093505,0.39124937499999995
0.0625,0.0625,0.4375,-0.014325437499999996,0.099706,0.45699924999999997
0.0625,0.0625,0.5,-0.0271296875,0.105907,0.522749125
0.0625,0.0625,0.5625,-0.0399339375,0.112108,0.588499
0.0625,0.0625,0.625,-0.052738187500000006,0.118309,0.6542488750000001
0.0625,0.0625,0.6875,-0.0655424375,0.12451,0.71999875
0.0625,0.0625,0.75,-0.07834668749999998,0.13071100000000002,0.785748625
0.0625,0.0625,0.8125,-0.0911509375,0.136912,0.8514985
0.0625,0.0625,0.875,-0.10395518749999999,0.143113,0.917248375
0.0625,0.0625,0.9375,-0.11675943750000001,0.149314,0.9829982500000001
0.0625,0.0625,1.0,-0.1295636875,0.15551500000000001,1.048748125
0.0625,0.125,0.0,0.14109075000000001,0.1054415625,-0.006257125
0.0625,0.125,0.0625,0.12828650000000003,0.1116425625,0.05949275
0.0625,0.125,0.125,0.11548225000000001,0.1178435625,0.125242625
0.0625,0.125,0.1875,0.10267800000000002,0.12404456250000001,0.19099249999999998
0.0625,0.125,0.25,0.08987375000000002,0.1302455625,0.256742375
0.0625,0.125,0.3125,0.07706950000000001,0.1364465625,0.32249225000000004
0.0625,0.125,0.375,0.06426525000000002,0.1426475625,0.388242125
0.0625,0.125,0.4375,0.05146100000000002,0.1488485625,0.453992
0.0625,0.125,0.5,0.03865675000000002,0.15504956250000002,0.519741875
0.0625,0.125,0.5625,0.025852500000000014,0.1612505625,0.58549175
0.0625,0.125,0.625,0.013048250000000011,0.16745156249999998,0.651241625
0.0625,0.125,0.6875,0.00024400000000002198,0.1736525625,0.7169915
0.0625,0.125,0.75,-0.012560249999999967,0.1798535625,0.782741375
0.0625,0.125,0.8125,-0.025364499999999984,0.18605456250000002,0.84849125
0.0625,0.125,0.875,-0.038168749999999974,0.1922555625,0.914241125
0.0625,0.125,0.9375,-0.05097299999999999,0.1984565625,0.9799910000000001
0.0625,0.125,1.0,-0.06377724999999998,0.2046575625,1.045740875
0.0625,0.1875,0.0,0.2068771875,0.15458412500000002,-0.009264375
0.0625,0.1875,0.0625,0.19407293750000001,0.16078512500000003,0.0564855
0.0625,0.1875,0.125,0.1812686875,0.166986125,0.122235375
0.0625,0.1875,0.1875,0.1684644375,0.17318712500000003,0.18798525
0.0625,0.1875,0.25,0.1556601875,0.179388125,0.253735125
0.0625,0.1875,0.3125,0.1428559375,0.18558912500000002,0.319485
0.0625,0.1875,0.375,0.1300516875,0.19179012500000003,0.385234875
0.0625,0.1875,0.4375,0.11724743750000001,0.19799112500000002,0.45098475
0.0625,0.1875,0.5,0.1044431875,0.204192125,0.516734625
0.0625,0.1875,0.5625,0.0916389375,0.21039312500000001,0.5824845
0.0625,0.1875,0.625,0.0788346875,0.21659412500000003,0.648234375
0.0625,0.1875,0.6875,0.06603043750000001,0.222795125,0.71398425
0.0625,0.1875,0.75,0.05322618750000002,0.22899612500000002,0.779734125
0.0625,0.1875,0.8125,0.040421937500000005,0.235197125,0.845484
0.0625,0.1875,0.875,0.027617687500000015,0.24139812500000002,0.911233875
0.0625,0.1875,0.9375,0.014813437499999998,0.24759912500000003,0.97698375
0.0625,0.1875,1.0,0.0020091875000000092,0.25380012500000004,1.0427336249999999
0.0625,0.25,0.0,0.272663625,0.2037266875,-0.012271625
0.0625,0.25,0.0625,0.259859375,0.20992768750000002,0.05347825
0.0625,0.25,0.125,0.24705512500000001,0.2161286875,0.119228125
0.0625,0.25,0.1875,0.23425087500000003,0.2223296875,0.18497799999999998
0.0625,0.25,0.25,0.221446625,0.2285306875,0.250727875
0.0625,0.25,0.3125,0.20864237500000002,0.2347316875,0.31647775
0.0625,0.25,0.375,0.19583812500000003,0.24093268750000002,0.38222762499999996
0.0625,0.25,0.4375,0.183033875,0.2471336875,0.4479775
0.0625,0.25,0.5,0.17022962500000002,0.2533346875,0.513727375
0.0625,0.25,0.5625,0.15742537500000003,0.2595356875,0.5794772499999999
0.0625,0.25,0.625,0.14462112500000002,0.2657366875,0.645227125
0.0625,0.25,0.6875,0.13181687500000003,0.2719376875,0.710977
0.0625,0.25,0.75,0.11901262500000004,0.27813868750000004,0.7767268749999999
0.0625,0.25,0.8125,0.10620837500000002,0.2843396875,0.84247675
0.0625,0.25,0.875,0.09340412500000003,0.2905406875,0.908226625
0.0625,0.25,0.9375,0.08059987500000002,0.2967416875,0.9739765
0.0625,0.25,1.0,0.06779562500000003,0.3029426875,1.039726375
0.0625,0.3125,0.0,0.33845006250000004,0.25286925,-0.015278874999999999
0.0625,0.3125,0.0625,0.3256458125,0.25907025,0.050471
0.0625,0.3125,0.125,0.31284156250000006,0.26527125,0.116220875
0.0625,0.3125,0.1875,0.30003731250000004,0.27147224999999997,0.18197075
0.0625,0.3125,0.25,0.2872330625,0.27767325,0.247720625
0.0625,0.3125,0.3125,0.27442881250000006,0.28387425,0.3134705
0.0625,0.3125,0.375,0.26162456250000005,0.29007525,0.37922037499999994
0.0625,0.3125,0.4375,0.24882031250000003,0.29627625,0.44497024999999996
0.0625,0.3125,0.5,0.23601606250000004,0.30247725,0.510720125
0.0625,0.3125,0.5625,0.22321181250000005,0.30867825,0.5764699999999999
0.0625,0.3125,0.625,0.21040756250000003,0.31487925,0.642219875
0.0625,0.3125,0.6875,0.19760331250000004,0.32108024999999996,0.70796975
0.0625,0.3125,0.75,0.18479906250000006,0.32728124999999997,0.7737196249999999
0.0625,0.3125,0.8125,0.17199481250000004,0.33348225,0.8394695
0.0625,0.3125,0.875,0.15919056250000005,0.33968325,0.9052193749999999
0.0625,0.3125,0.9375,0.14638631250000003,0.34588425,0.97096925
0.0625,0.3125,1.0,0.13358206250000004,0.35208525,1.036719125
0.0625,0.375,0.0,0.4042365,0.30201181250000003,-0.018286125
0.0625,0.375,0.0625,0.39143225,0.30821281250000004,0.04746375
0.0625,0.375,0.125,0.378628,0.31441381250000006,0.113213625
0.0625,0.375,0.1875,0.36582375,0.3206148125,0.1789635
0.0625,0.375,0.25,0.3530195,0.3268158125,0.244713375
0.0625,0.375,0.3125,0.34021524999999997,0.33301681250000004,0.31046325
0.0625,0.375,0.375,0.327411,0.33921781250000005,0.376213125
0.0625,0.375,0.4375,0.31460675,0.34541881250000006,0.441963
0.0625,0.375,0.5,0.3018025,0.3516198125,0.507712875
0.0625,0.375,0.5625,0.28899825,0.35782081250000003,0.5734627499999999
0.0625,0.375,0.625,0.276194,0.36402181250000004,0.639212625
0.0625,0.375,0.6875,0.26338975,0.3702228125,0.7049624999999999
0.0625,0.375,0.75,0.2505855,0.3764238125,0.7707123749999999
0.0625,0.375,0.8125,0.23778125,0.3826248125,0.83646225
0.0625,0.375,0.875,0.224977,0.38882581250000003,0.9022121249999999
0.0625,0.375,0.9375,0.21217275,0.39502681250000005,0.967962
0.0625,0.375,1.0,0.1993685,0.40122781250000006,1.033711875
0.0625,0.4375,0.0,0.4700229375,0.351154375,-0.021293375
0.0625,0.4375,0.0625,0.4572186875,0.35735537500000003,0.044456499999999996
0.0625,0.4375,0.125,0.44441443750000004,0.36355637500000004,0.110206375
0.0625,0.4375,0.1875,0.4316101875,0.369757375,0.17595624999999998
0.0625,0.4375,0.25,0.4188059375,0.375958375,0.241706125
0.0625,0.4375,0.3125,0.4060016875,0.382159375,0.307456
0.0625,0.4375,0.375,0.3931974375,0.38836037500000004,0.37320587499999996
0.0625,0.4375,0.4375,0.3803931875,0.394561375,0.43895575
0.0625,0.4375,0.5,0.3675889375,0.400762375,0.504705625
0.0625,0.4375,0.5625,0.35478468750000003,0.406963375,0.5704555
0.0625,0.4375,0.625,0.3419804375,0.41316437500000003,0.6362053750000001
0.0625,0.4375,0.6875,0.3291761875,0.41936537500000004,0.70195525
0.0625,0.4375,0.75,0.31637193750000003,0.42556637500000005,0.767705125
0.0625,0.4375,0.8125,0.3035676875,0.431767375,0.8334550000000001
0.0625,0.4375,0.875,0.2907634375,0.437968375,0.899204875
0.0625,0.4375,0.9375,0.27795918750000004,0.44416937500000003,0.9649547500000001
0.0625,0.4375,1.0,0.2651549375,0.450370375,1.030704625
0.0625,0.5,0.0,0.535809375,0.4002969375,-0.024300625
0.0625,0.5,0.0625,0.5230051250000001,0.4064979375,0.04144925
0.0625,0.5,0.125,0.510200875,0.41269893750000003,0.107199125
0.0625,0.5,0.1875,0.49739662500000004,0.4188999375,0.172949
0.0625,0.5,0.25,0.484592375,0.4251009375,0.238698875
0.0625,0.5,0.3125,0.471788125,0.4313019375,0.30444875
0.0625,0.5,0.375,0.45898387500000004,0.4375029375,0.37019862499999995
0.0625,0.5,0.4375,0.446179625,0.44370393750000003,0.43594849999999996
0.0625,0.5,0.5,0.433375375,0.4499049375,0.501698375
0.0625,0.5,0.5625,0.42057112500000005,0.4561059375,0.56744825
0.0625,0.5,0.625,0.40776687500000003,0.4623069375,0.6331981250000001
0.0625,0.5,0.6875,0.394962625,0.46850793749999997,0.698948
0.0625,0.5,0.75,0.38215837500000005,0.4747089375,0.764697875
0.0625,0.5,0.8125,0.36935412500000003,0.4809099375,0.83044775
0.0625,0.5,0.875,0.356549875,0.4871109375,0.896197625
0.0625,0.5,0.9375,0.34374562500000005,0.4933119375,0.9619475000000001
0.0625,0.5,1.0,0.33094137500000004,0.49951293750000003,1.027697375
0.0625,0.5625,0.0,0.6015958125,0.4494395,-0.027307875
0.0625,0.5625,0.0625,0.5887915625000001,0.4556405,0.038442000000000004
0.0625,0.5625,0.125,0.5759873125,0.4618415,0.104191875
0.0625,0.5625,0.1875,0.5631830625,0.4680425,0.16994174999999997
0.0625,0.5625,0.25,0.5503788125000001,0.4742435,0.235691625
0.0625,0.5625,0.3125,0.5375745625,0.4804445,0.30144150000000003
0.0625,0.5625,0.375,0.5247703125000001,0.4866455,0.367191375
0.0625,0.5625,0.4375,0.5119660625000001,0.49284649999999997,0.43294125
0.0625,0.5625,0.5,0.4991618125,0.4990475,0.498691125
0.0625,0.5625,0.5625,0.48635756250000006,0.5052485,0.564441
0.0625,0.5625,0.625,0.47355331250000005,0.5114495,0.630190875
0.0625,0.5625,0.6875,0.46074906250000003,0.5176505,0.69594075
0.0625,0.5625,0.75,0.44794481250000007,0.5238515,0.761690625
0.0625,0.5625,0.8125,0.43514056250000005,0.5300525,0.8274405
0.0625,0.5625,0.875,0.42233631250000003,0.5362534999999999,0.893190375
0.0625,0.5625,0.9375,0.40953206250000007,0.5424545,0.95894025
0.0625,0.5625,1.0,0.39672781250000005,0.5486555,1.024690125
0.0625,0.625,0.0,0.6673822500000001,0.4985820625,-0.030315125
0.0625,0.625,0.0625,0.6545780000000001,0.5047830624999999,0.03543475
0.0625,0.625,0.125,0.64177375,0.5109840625,0.101184625
0.0625,0.625,0.1875,0.6289695000000001,0.5171850625,0.16693449999999999
0.0625,0.625,0.25,0.6161652500000001,0.5233860625,0.232684375
0.0625,0.625,0.3125,0.603361,0.5295870625,0.29843425
0.0625,0.625,0.375,0.5905567500000001,0.5357880625,0.36418412499999997
0.0625,0.625,0.4375,0.5777525000000001,0.5419890625,0.429934
0.0625,0.625,0.5,0.56494825,0.5481900625,0.495683875
0.0625,0.625,0.5625,0.5521440000000001,0.5543910624999999,0.56143375
0.0625,0.625,0.625,0.5393397500000001,0.5605920624999999,0.627183625
0.0625,0.625,0.6875,0.5265355,0.5667930625,0.6929335
0.0625,0.625,0.75,0.5137312500000001,0.5729940625,0.7586833749999999
0.0625,0.625,0.8125,0.5009270000000001,0.5791950625,0.82443325
0.0625,0.625,0.875,0.48812275000000005,0.5853960625,0.890183125
0.0625,0.625,0.9375,0.4753185000000001,0.5915970625,0.955933
0.0625,0.625,1.0,0.46251425000000007,0.5977980625,1.021682875
0.0625,0.6875,0.0,0.7331686875000001,0.547724625,-0.033322375
0.0625,0.6875,0.0625,0.7203644375000001,0.553925625,0.0324275
0.0625,0.6875,0.125,0.7075601875,0.560126625,0.098177375
0.0625,0.6875,0.1875,0.6947559375000001,0.566327625,0.16392724999999997
0.0625,0.6875,0.25,0.6819516875000001,0.572528625,0.22967712499999998
0.0625,0.6875,0.3125,0.6691474375,0.5787296249999999,0.295427
0.0625,0.6875,0.375,0.6563431875000001,0.5849306249999999,0.36117687499999995
0.0625,0.6875,0.4375,0.6435389375000001,0.5911316249999999,0.42692674999999997
0.0625,0.6875,0.5,0.6307346875000001,0.597332625,0.492676625
0.0625,0.6875,0.5625,0.6179304375000001,0.603533625,0.5584264999999999
0.0625,0.6875,0.625,0.6051261875,0.609734625,0.624176375
0.0625,0.6875,0.6875,0.5923219375000001,0.615935625,0.68992625
0.0625,0.6875,0.75,0.5795176875000001,0.622136625,0.7556761249999999
0.0625,0.6875,0.8125,0.5667134375,0.628337625,0.821426
0.0625,0.6875,0.875,0.5539091875000001,0.634538625,0.887175875
0.0625,0.6875,0.9375,0.5411049375000001,0.6407396249999999,0.95292575
0.0625,0.6875,1.0,0.5283006875,0.6469406249999999,1.018675625
0.0625,0.75,0.0,0.798955125,0.5968671875,-0.036329625000000004
0.0625,0.75,0.0625,0.786150875,0.6030681875,0.029420249999999995
0.0625,0.75,0.125,0.773346625,0.6092691875,0.095170125
0.0625,0.75,0.1875,0.760542375,0.6154701875,0.16091999999999998
0.0625,0.75,0.25,0.747738125,0.6216711875,0.226669875
0.0625,0.75,0.3125,0.734933875,0.6278721875,0.29241975
0.0625,0.75,0.375,0.722129625,0.6340731875,0.35816962499999994
0.0625,0.75,0.4375,0.709325375,0.6402741875,0.4239195
0.0625,0.75,0.5,0.696521125,0.6464751875,0.48966937499999996
0.0625,0.75,0.5625,0.683716875,0.6526761875,0.5554192499999999
0.0625,0.75,0.625,0.6709126249999999,0.6588771875,0.621169125
0.0625,0.75,0.6875,0.658108375,0.6650781875,0.686919
0.0625,0.75,0.75,0.645304125,0.6712791875,0.7526688749999999
0.0625,0.75,0.8125,0.6324998749999999,0.6774801875,0.81841875
0.0625,0.75,0.875,0.619695625,0.6836811875,0.8841686249999999
0.0625,0.75,0.9375,0.606891375,0.6898821875,0.9499185
0.0625,0.75,1.0,0.5940871249999999,0.6960831875,1.015668375
0.0625,0.8125,0.0,0.8647415625,0.6460097499999999,-0.039336875
0.0625,0.8125,0.0625,0.8519373125,0.65221075,0.026413
0.0625,0.8125,0.125,0.8391330625,0.65841175,0.092162875
0.0625,0.8125,0.1875,0.8263288125,0.66461275,0.15791275
0.0625,0.8125,0.25,0.8135245625,0.67081375,0.223662625
0.0625,0.8125,0.3125,0.8007203125,0.6770147499999999,0.2894125
0.0625,0.8125,0.375,0.7879160625,0.6832157499999999,0.355162375
0.0625,0.8125,0.4375,0.7751118125,0.6894167499999999,0.42091225
0.0625,0.8125,0.5,0.7623075625,0.6956177499999999,0.486662125
0.0625,0.8125,0.5625,0.7495033125,0.7018187499999999,0.5524119999999999
0.0625,0.8125,0.625,0.7366990625000001,0.70801975,0.618161875
0.0625,0.8125,0.6875,0.7238948125,0.71422075,0.6839117499999999
0.0625,0.8125,0.75,0.7110905625,0.72042175,0.7496616249999999
0.0625,0.8125,0.8125,0.6982863125000001,0.72662275,0.8154115
0.0625,0.8125,0.875,0.6854820625,0.7328237499999999,0.8811613749999999
0.0625,0.8125,0.9375,0.6726778125,0.7390247499999999,0.94691125
0.0625,0.8125,1.0,0.6598735625000001,0.7452257499999999,1.012661125
0.0625,0.875,0.0,0.930528,0.6951523125,-0.042344125
0.0625,0.875,0.0625,0.9177237500000001,0.7013533125,0.023405749999999996
0.0625,0.875,0.125,0.9049195,0.7075543125,0.08915562499999999
0.0625,0.875,0.1875,0.89211525,0.7137553125,0.15490549999999997
0.0625,0.875,0.25,0.8793110000000001,0.7199563125,0.220655375
0.0625,0.875,0.3125,0.86650675,0.7261573124999999,0.28640525
0.0625,0.875,0.375,0.8537025,0.7323583124999999,0.35215512499999996
0.0625,0.875,0.4375,0.8408982500000001,0.7385593125,0.41790499999999997
0.0625,0.875,0.5,0.828094,0.7447603125,0.483654875
0.0625,0.875,0.5625,0.81528975,0.7509613125,0.54940475
0.0625,0.875,0.625,0.8024855,0.7571623125,0.6151546250000001
0.0625,0.875,0.6875,0.78968125,0.7633633125,0.6809045
0.0625,0.875,0.75,0.776877,0.7695643125,0.746654375
0.0625,0.875,0.8125,0.76407275,0.7757653125,0.81240425
0.0625,0.875,0.875,0.7512685,0.7819663125,0.878154125
0.0625,0.875,0.9375,0.73846425,0.7881673124999999,0.9439040000000001
0.0625,0.875,1.0,0.72566,0.7943683125,1.009653875
0.0625,0.9375,0.0,0.9963144375,0.7442948749999999,-0.045351375
0.0625,0.9375,0.0625,0.9835101875000001,0.7504958749999999,0.0203985
0.0625,0.9375,0.125,0.9707059375,0.7566968749999999,0.086148375
0.0625,0.9375,0.1875,0.9579016875,0.762897875,0.15189824999999998
0.0625,0.9375,0.25,0.9450974375000001,0.769098875,0.217648125
0.0625,0.9375,0.3125,0.9322931875,0.7752998749999999,0.28339800000000004
0.0625,0.9375,0.375,0.9194889375,0.7815008749999999,0.349147875
0.0625,0.9375,0.4375,0.9066846875000001,0.7877018749999999,0.41489774999999995
0.0625,0.9375,0.5,0.8938804375,0.7939028749999999,0.480647625
0.0625,0.9375,0.5625,0.8810761875,0.8001038749999999,0.5463975
0.0625,0.9375,0.625,0.8682719375000001,0.8063048749999999,0.612147375
0.0625,0.9375,0.6875,0.8554676875,0.8125058749999999,0.67789725
0.0625,0.9375,0.75,0.8426634375000001,0.818706875,0.743647125
0.0625,0.9375,0.8125,0.8298591875000001,0.824907875,0.809397
0.0625,0.9375,0.875,0.8170549375,0.831108875,0.875146875
0.0625,0.9375,0.9375,0.8042506875000001,0.8373098749999999,0.9408967500000001
0.0625,0.9375,1.0,0.7914464375000001,0.8435108749999999,1.006646625
0.0625,1.0,0.0,1.062100875,0.7934374375,-0.048358625
0.0625,1.0,0.0625,1.049296625,0.7996384375,0.017391249999999997
0.0625,1.0,0.125,1.0364923750000001,0.8058394375,0.083141125
0.0625,1.0,0.1875,1.023688125,0.8120404375,0.148891
0.0625,1.0,0.25,1.010883875,0.8182414375,0.214640875
0.0625,1.0,0.3125,0.998079625,0.8244424374999999,0.28039075
0.0625,1.0,0.375,0.9852753750000001,0.8306434374999999,0.346140625
0.0625,1.0,0.4375,0.9724711250000001,0.8368444374999999,0.4118905
0.0625,1.0,0.5,0.959666875,0.8430454374999999,0.477640375
0.0625,1.0,0.5625,0.9468626250000001,0.8492464375,0.54339025
0.0625,1.0,0.625,0.934058375,0.8554474375,0.609140125
0.0625,1.0,0.6875,0.921254125,0.8616484375,0.67489
0.0625,1.0,0.75,0.9084498750000001,0.8678494375,0.740639875
0.0625,1.0,0.8125,0.895645625,0.8740504375,0.80638975
0.0625,1.0,0.875,0.882841375,0.8802514374999999,0.872139625
0.0625,1.0,0.9375,0.8700371250000001,0.8864524374999999,0.9378895
0.0625,1.0,1.0,0.857232875,0.8926534374999999,1.003639375
0.125,0.0,0.0,0.01903575,0.014312875,-0.00048525
0.125,0.0,0.0625,0.006231500000000001,0.020513875,0.06526462499999999
0.125,0.0,0.125,-0.006572749999999999,0.026714875,0.1310145
0.125,0.0,0.1875,-0.019376999999999995,0.032915875,0.196764375
0.125,0.0,0.25,-0.032181249999999995,0.039116874999999995,0.26251425
0.125,0.0,0.3125,-0.0449855,0.045317874999999994,0.328264125
0.125,0.0,0.375,-0.05778974999999999,0.051518875000000006,0.394014
0.125,0.0,0.4375,-0.07059399999999999,0.057719875000000004,0.459763875
0.125,0.0,0.5,-0.08339825,0.063920875,0.52551375
0.125,0.0,0.5625,-0.0962025,0.070121875,0.591263625
0.125,0.0,0.625,-0.10900675,0.076322875,0.6570135
0.125,0.0,0.6875,-0.12181099999999999,0.082523875,0.722763375
0.125,0.0,0.75,-0.13461525,0.08872487500000001,0.7885132499999999
0.125,0.0,0.8125,-0.1474195,0.094925875,0.854263125
0.125,0.0,0.875,-0.16022375,0.101126875,0.920013
0.125,0.0,0.9375,-0.17302800000000002,0.107327875,0.985762875
0.125,0.0,1.0,-0.18583225,0.113528875,1.0515127499999999
0.125,0.0625,0.0,0.08482218750000001,0.0634554375,-0.0034925
0.125,0.0625,0.0625,0.0720179375,0.0696564375,0.062257375
0.125,0.0625,0.125,0.05921368750000001,0.0758574375,0.12800725
0.125,0.0625,0.1875,0.04640943750000001,0.0820584375,0.19375712499999997
0.125,0.0625,0.25,0.03360518750000001,0.08825943750000001,0.259507
0.125,0.0625,0.3125,0.020800937500000005,0.0944604375,0.325256875
0.125,0.0625,0.375,0.007996687500000016,0.1006614375,0.39100674999999996
0.125,0.0625,0.4375,-0.004807562499999987,0.1068624375,0.45675662499999997
0.125,0.0625,0.5,-0.01761181249999999,0.1130634375,0.5225065
0.125,0.0625,0.5625,-0.030416062499999993,0.1192644375,0.5882563749999999
0.125,0.0625,0.625,-0.0432203125,0.1254654375,0.65400625
0.125,0.0625,0.6875,-0.056024562499999986,0.1316664375,0.719756125
0.125,0.0625,0.75,-0.06882881249999998,0.13786743750000002,0.7855059999999999
0.125,0.0625,0.8125,-0.08163306249999999,0.1440684375,0.851255875
0.125,0.0625,0.875,-0.09443731249999998,0.1502694375,0.91700575
0.125,0.0625,0.9375,-0.1072415625,0.1564704375,0.982755625
0.125,0.0625,1.0,-0.12004581249999999,0.16267143750000002,1.0485055
0.125,0.125,0.0,0.150608625,0.112598,-0.00649975
0.125,0.125,0.0625,0.137804375,0.118799,0.059250125
0.125,0.125,0.125,0.125000125,0.125,0.125
0.125,0.125,0.1875,0.112195875,0.131201,0.19074987499999999
0.125,0.125,0.25,0.099391625,0.137402,0.25649974999999997
0.125,0.125,0.3125,0.086587375,0.143603,0.322249625
0.125,0.125,0.375,0.073783125,0.149804,0.38799949999999994
0.125,0.125,0.4375,0.060978875,0.156005,0.45374937499999995
0.125,0.125,0.5,0.048174625,0.16220600000000002,0.51949925
0.125,0.125,0.5625,0.035370374999999996,0.168407,0.5852491249999999
0.125,0.125,0.625,0.022566124999999992,0.17460799999999999,0.650999
0.125,0.125,0.6875,0.009761875000000003,0.180809,0.716748875
0.125,0.125,0.75,-0.003042374999999986,0.18701,0.7824987499999999
0.125,0.125,0.8125,-0.015846625000000003,0.19321100000000002,0.848248625
0.125,0.125,0.875,-0.028650874999999992,0.199412,0.9139984999999999
0.125,0.125,0.9375,-0.04145512500000001,0.205613,0.979748375
0.125,0.125,1.0,-0.054259375,0.211814,1.04549825
0.125,0.1875,0.0,0.21639506249999998,0.16174056250000002,-0.009507
0.125,0.1875,0.0625,0.2035908125,0.16794156250000003,0.056242875
0.125,0.1875,0.125,0.19078656249999998,0.17414256250000001,0.12199275
0.125,0.1875,0.1875,0.1779823125,0.18034356250000003,0.187742625
0.125,0.1875,0.25,0.1651780625,0.1865445625,0.2534925
0.125,0.1875,0.3125,0.15237381249999998,0.19274556250000002,0.319242375
0.125,0.1875,0.375,0.1395695625,0.19894656250000003,0.38499225
0.125,0.1875,0.4375,0.1267653125,0.20514756250000002,0.450742125
0.125,0.1875,0.5,0.11396106249999999,0.2113485625,0.516492
0.125,0.1875,0.5625,0.10115681249999998,0.21754956250000002,0.5822418749999999
0.125,0.1875,0.625,0.08835256249999998,0.22375056250000003,0.64799175
0.125,0.1875,0.6875,0.07554831249999999,0.2299515625,0.7137416249999999
0.125,0.1875,0.75,0.0627440625,0.23615256250000002,0.7794914999999999
0.125,0.1875,0.8125,0.049939812499999986,0.2423535625,0.845241375
0.125,0.1875,0.875,0.0371355625,0.24855456250000002,0.9109912499999999
0.125,0.1875,0.9375,0.02433131249999998,0.25475556250000003,0.976741125
0.125,0.1875,1.0,0.01152706249999999,0.2609565625,1.042491
0.125,0.25,0.0,0.28218150000000003,0.210883125,-0.01251425
0.125,0.25,0.0625,0.26937725,0.21708412500000002,0.053235625
0.125,0.25,0.125,0.25657300000000005,0.223285125,0.1189855
0.125,0.25,0.1875,0.24376875000000003,0.229486125,0.18473537499999998
0.125,0.25,0.25,0.23096450000000002,0.235687125,0.25048525
0.125,0.25,0.3125,0.21816025000000003,0.241888125,0.316235125
0.125,0.25,0.375,0.20535600000000004,0.24808912500000002,0.38198499999999996
0.125,0.25,0.4375,0.19255175000000002,0.25429012500000003,0.447734875
0.125,0.25,0.5,0.17974750000000003,0.260491125,0.51348475
0.125,0.25,0.5625,0.16694325000000004,0.266692125,0.579234625
0.125,0.25,0.625,0.15413900000000003,0.272893125,0.6449845000000001
0.125,0.25,0.6875,0.14133475000000004,0.27909412499999997,0.710734375
0.125,0.25,0.75,0.12853050000000005,0.285295125,0.77648425
0.125,0.25,0.8125,0.11572625000000003,0.291496125,0.8422341250000001
0.125,0.25,0.875,0.10292200000000004,0.297697125,0.907984
0.125,0.25,0.9375,0.09011775000000002,0.303898125,0.9737338750000001
0.125,0.25,1.0,0.07731350000000003,0.31009912500000003,1.03948375
0.125,0.3125,0.0,0.34796793750000005,0.2600256875,-0.015521499999999999
0.125,0.3125,0.0625,0.33516368750000003,0.2662266875,0.050228375
0.125,0.3125,0.125,0.32235943750000007,0.2724276875,0.11597825
0.125,0.3125,0.1875,0.30955518750000005,0.27862868749999997,0.181728125
0.125,0.3125,0.25,0.29675093750000003,0.2848296875,0.247478
0.125,0.3125,0.3125,0.2839466875000001,0.2910306875,0.313227875
0.125,0.3125,0.375,0.27114243750000006,0.2972316875,0.37897774999999995
0.125,0.3125,0.4375,0.25833818750000004,0.30343268749999996,0.44472762499999996
0.125,0.3125,0.5,0.24553393750000005,0.3096336875,0.5104775
0.125,0.3125,0.5625,0.23272968750000006,0.3158346875,0.576227375
0.125,0.3125,0.625,0.21992543750000004,0.3220356875,0.64197725
0.125,0.3125,0.6875,0.20712118750000005,0.3282366875,0.707727125
0.125,0.3125,0.75,0.19431693750000006,0.3344376875,0.773477
0.125,0.3125,0.8125,0.18151268750000005,0.3406386875,0.839226875
0.125,0.3125,0.875,0.16870843750000006,0.3468396875,0.90497675
0.125,0.3125,0.9375,0.15590418750000004,0.3530406875,0.9707266250000001
0.125,0.3125,1.0,0.14309993750000005,0.35924168749999996,1.0364765
0.125,0.375,0.0,0.413754375,0.30916825000000003,-0.01852875
0.125,0.375,0.0625,0.400950125,0.31536925000000005,0.047221125
0.125,0.375,0.125,0.38814587500000003,0.32157025000000006,0.112971
0.125,0.375,0.1875,0.375341625,0.32777125,0.17872087499999997
0.125,0.375,0.25,0.362537375,0.33397225,0.24447075
0.125,0.375,0.3125,0.349733125,0.34017325000000004,0.310220625
0.125,0.375,0.375,0.336928875,0.34637425000000005,0.3759705
0.125,0.375,0.4375,0.324124625,0.35257525,0.441720375
0.125,0.375,0.5,0.311320375,0.35877625,0.50747025
0.125,0.375,0.5625,0.298516125,0.36497725000000003,0.573220125
0.125,0.375,0.625,0.285711875,0.37117825000000004,0.63897
0.125,0.375,0.6875,0.272907625,0.37737925000000005,0.704719875
0.125,0.375,0.75,0.260103375,0.38358025000000007,0.77046975
0.125,0.375,0.8125,0.247299125,0.38978125,0.836219625
0.125,0.375,0.875,0.23449487500000002,0.39598225000000004,0.9019695
0.125,0.375,0.9375,0.221690625,0.40218325000000005,0.967719375
0.125,0.375,1.0,0.208886375,0.40838425,1.03346925
0.125,0.4375,0.0,0.4795408125,0.3583108125,-0.021536
0.125,0.4375,0.0625,0.4667365625,0.36451181250000003,0.044213875
0.125,0.4375,0.125,0.45393231250000005,0.37071281250000004,0.10996375
0.125,0.4375,0.1875,0.44112806250000003,0.3769138125,0.17571362499999998
0.125,0.4375,0.25,0.4283238125,0.3831148125,0.2414635
0.125,0.4375,0.3125,0.4155195625,0.3893158125,0.307213375
0.125,0.4375,0.375,0.40271531250000003,0.39551681250000004,0.37296324999999997
0.125,0.4375,0.4375,0.3899110625,0.40171781250000005,0.438713125
0.125,0.4375,0.5,0.3771068125,0.4079188125,0.504463
0.125,0.4375,0.5625,0.36430256250000004,0.4141198125,0.570212875
0.125,0.4375,0.625,0.3514983125,0.42032081250000003,0.63596275
0.125,0.4375,0.6875,0.3386940625,0.4265218125,0.701712625
0.125,0.4375,0.75,0.32588981250000004,0.4327228125,0.7674624999999999
0.125,0.4375,0.8125,0.3130855625,0.4389238125,0.833212375
0.125,0.4375,0.875,0.3002813125,0.4451248125,0.89896225
0.125,0.4375,0.9375,0.28747706250000005,0.45132581250000003,0.964712125
0.125,0.4375,1.0,0.27467281250000003,0.45752681250000005,1.030462
0.125,0.5,0.0,0.54532725,0.407453375,-0.02454325
0.125,0.5,0.0625,0.5325230000000001,0.413654375,0.041206625
0.125,0.5,0.125,0.51971875,0.41985537500000003,0.1069565
0.125,0.5,0.1875,0.5069145,0.426056375,0.172706375
0.125,0.5,0.25,0.49411025000000003,0.432257375,0.23845625
0.125,0.5,0.3125,0.481306,0.438458375,0.304206125
0.125,0.5,0.375,0.46850175000000005,0.444659375,0.36995599999999995
0.125,0.5,0.4375,0.45569750000000003,0.450860375,0.43570587499999996
0.125,0.5,0.5,0.44289325,0.457061375,0.50145575
0.125,0.5,0.5625,0.43008900000000005,0.463262375,0.5672056249999999
0.125,0.5,0.625,0.41728475000000004,0.469463375,0.6329555
0.125,0.5,0.6875,0.4044805,0.47566437500000003,0.698705375
0.125,0.5,0.75,0.39167625000000006,0.48186537500000004,0.7644552499999999
0.125,0.5,0.8125,0.37887200000000004,0.488066375,0.830205125
0.125,0.5,0.875,0.36606775,0.494267375,0.895955
0.125,0.5,0.9375,0.35326350000000006,0.500468375,0.961704875
0.125,0.5,1.0,0.34045925000000005,0.506669375,1.02745475
0.125,0.5625,0.0,0.6111136875000001,0.4565959375,-0.0275505
0.125,0.5625,0.0625,0.5983094375000001,0.4627969375,0.038199375
0.125,0.5625,0.125,0.5855051875,0.4689979375,0.10394924999999999
0.125,0.5625,0.1875,0.5727009375000001,0.4751989375,0.16969912499999998
0.125,0.5625,0.25,0.5598966875000001,0.4813999375,0.235449
0.125,0.5625,0.3125,0.5470924375,0.4876009375,0.30119887500000003
0.125,0.5625,0.375,0.5342881875000001,0.4938019375,0.36694875
0.125,0.5625,0.4375,0.5214839375000001,0.5000029375,0.432698625
0.125,0.5625,0.5,0.5086796875,0.5062039375,0.4984485
0.125,0.5625,0.5625,0.49587543750000007,0.5124049374999999,0.5641983749999999
0.125,0.5625,0.625,0.48307118750000005,0.5186059375,0.62994825
0.125,0.5625,0.6875,0.47026693750000004,0.5248069375,0.695698125
0.125,0.5625,0.75,0.4574626875000001,0.5310079375,0.7614479999999999
0.125,0.5625,0.8125,0.44465843750000006,0.5372089375,0.827197875
0.125,0.5625,0.875,0.43185418750000004,0.5434099375,0.8929477499999999
0.125,0.5625,0.9375,0.4190499375000001,0.5496109375,0.958697625
0.125,0.5625,1.0,0.40624568750000006,0.5558119375,1.0244475
0.125,0.625,0.0,0.6769001250000001,0.5057385,-0.030557749999999998
0.125,0.625,0.0625,0.6640958750000001,0.5119395,0.035192125000000005
0.125,0.625,0.125,0.651291625,0.5181405,0.100942
0.125,0.625,0.1875,0.6384873750000001,0.5243415,0.166691875
0.125,0.625,0.25,0.6256831250000001,0.5305425,0.23244175
0.125,0.625,0.3125,0.612878875,0.5367434999999999,0.298191625
0.125,0.625,0.375,0.6000746250000001,0.5429444999999999,0.3639415
0.125,0.625,0.4375,0.5872703750000001,0.5491455,0.429691375
0.125,0.625,0.5,0.574466125,0.5553465,0.49544125
0.125,0.625,0.5625,0.5616618750000001,0.5615475,0.5611911249999999
0.125,0.625,0.625,0.5488576250000001,0.5677485,0.626941
0.125,0.625,0.6875,0.536053375,0.5739495,0.6926908749999999
0.125,0.625,0.75,0.5232491250000001,0.5801505,0.7584407499999999
0.125,0.625,0.8125,0.5104448750000001,0.5863515,0.824190625
0.125,0.625,0.875,0.49764062500000006,0.5925525,0.8899404999999999
0.125,0.625,0.9375,0.4848363750000001,0.5987534999999999,0.955690375
0.125,0.625,1.0,0.4720321250000001,0.6049545,1.02144025
0.125,0.6875,0.0,0.7426865625000001,0.5548810625,-0.033565
0.125,0.6875,0.0625,0.7298823125000001,0.5610820625,0.032184875
0.125,0.6875,0.125,0.7170780625000001,0.5672830625,0.09793475
0.125,0.6875,0.1875,0.7042738125000001,0.5734840625000001,0.16368462499999997
0.125,0.6875,0.25,0.6914695625000001,0.5796850625000001,0.22943449999999999
0.125,0.6875,0.3125,0.6786653125000001,0.5858860625,0.295184375
0.125,0.6875,0.375,0.6658610625000001,0.5920870625,0.36093424999999996
0.125,0.6875,0.4375,0.6530568125000001,0.5982880625,0.42668412499999997
0.125,0.6875,0.5,0.6402525625000001,0.6044890625,0.492434
0.125,0.6875,0.5625,0.6274483125000001,0.6106900625,0.558183875
0.125,0.6875,0.625,0.6146440625,0.6168910625,0.6239337500000001
0.125,0.6875,0.6875,0.6018398125000001,0.6230920625,0.689683625
0.125,0.6875,0.75,0.5890355625000001,0.6292930625000001,0.7554335
0.125,0.6875,0.8125,0.5762313125,0.6354940625000001,0.821183375
0.125,0.6875,0.875,0.5634270625000001,0.6416950625,0.88693325
0.125,0.6875,0.9375,0.5506228125000001,0.6478960625,0.9526831250000001
0.125,0.6875,1.0,0.5378185625,0.6540970625,1.018433
0.125,0.75,0.0,0.808473,0.6040236250000001,-0.03657225
0.125,0.75,0.0625,0.79566875,0.6102246250000001,0.029177625
0.125,0.75,0.125,0.7828645,0.6164256250000001,0.0949275
0.125,0.75,0.1875,0.77006025,0.6226266250000001,0.16067737499999998
0.125,0.75,0.25,0.757256,0.6288276250000001,0.22642725
0.125,0.75,0.3125,0.74445175,0.635028625,0.29217712500000004
0.125,0.75,0.375,0.7316475,0.641229625,0.357927
0.125,0.75,0.4375,0.71884325,0.647430625,0.42367687499999995
0.125,0.75,0.5,0.706039,0.653631625,0.48942675
0.125,0.75,0.5625,0.69323475,0.6598326250000001,0.555176625
0.125,0.75,0.625,0.6804304999999999,0.6660336250000001,0.6209265
0.125,0.75,0.6875,0.66762625,0.6722346250000001,0.686676375
0.125,0.75,0.75,0.654822,0.6784356250000001,0.75242625
0.125,0.75,0.8125,0.6420177499999999,0.6846366250000001,0.818176125
0.125,0.75,0.875,0.6292135,0.6908376250000001,0.883926
0.125,0.75,0.9375,0.61640925,0.697038625,0.9496758750000001
0.125,0.75,1.0,0.603605,0.703239625,1.01542575
0.125,0.8125,0.0,0.8742594375,0.6531661875,-0.0395795
0.125,0.8125,0.0625,0.8614551875,0.6593671875,0.026170375000000003
0.125,0.8125,0.125,0.8486509375,0.6655681875,0.09192025000000001
0.125,0.8125,0.1875,0.8358466875,0.6717691875,0.157670125
0.125,0.8125,0.25,0.8230424375000001,0.6779701875,0.22342
0.125,0.8125,0.3125,0.8102381875,0.6841711874999999,0.289169875
0.125,0.8125,0.375,0.7974339375,0.6903721875,0.35491975
0.125,0.8125,0.4375,0.7846296875000001,0.6965731875,0.420669625
0.125,0.8125,0.5,0.7718254375,0.7027741875,0.4864195
0.125,0.8125,0.5625,0.7590211875,0.7089751875,0.552169375
0.125,0.8125,0.625,0.7462169375000001,0.7151761875,0.61791925
0.125,0.8125,0.6875,0.7334126875,0.7213771875,0.683669125
0.125,0.8125,0.75,0.7206084375,0.7275781875,0.749419
0.125,0.8125,0.8125,0.7078041875000001,0.7337791875,0.815168875
0.125,0.8125,0.875,0.6949999375,0.7399801875,0.88091875
0.125,0.8125,0.9375,0.6821956875,0.7461811875,0.946668625
0.125,0.8125,1.0,0.6693914375000001,0.7523821875,1.0124184999999999
0.125,0.875,0.0,0.940045875,0.70230875,-0.04258675
0.125,0.875,0.0625,0.9272416250000001,0.70850975,0.023163125
0.125,0.875,0.125,0.914437375,0.7147107500000001,0.08891299999999999
0.125,0.875,0.1875,0.901633125,0.7209117500000001,0.15466287499999998
0.125,0.875,0.25,0.8888288750000001,0.7271127500000001,0.22041275
0.125,0.875,0.3125,0.876024625,0.73331375,0.286162625
0.125,0.875,0.375,0.863220375,0.73951475,0.35191249999999996
0.125,0.875,0.4375,0.8504161250000001,0.74571575,0.417662375
0.125,0.875,0.5,0.837611875,0.75191675,0.48341225
0.125,0.875,0.5625,0.824807625,0.75811775,0.549162125
0.125,0.875,0.625,0.812003375,0.76431875,0.614912
0.125,0.875,0.6875,0.799199125,0.7705197500000001,0.680661875
0.125,0.875,0.75,0.786394875,0.7767207500000001,0.7464117499999999
0.125,0.875,0.8125,0.773590625,0.7829217500000001,0.812161625
0.125,0.875,0.875,0.760786375,0.78912275,0.8779115
0.125,0.875,0.9375,0.747982125,0.79532375,0.943661375
0.125,0.875,1.0,0.735177875,0.80152475,1.00941125
0.125,0.9375,0.0,1.0058323125,0.7514513125,-0.045593999999999996
0.125,0.9375,0.0625,0.9930280625,0.7576523125,0.020155875000000004
0.125,0.9375,0.125,0.9802238124999999,0.7638533125,0.08590575
0.125,0.9375,0.1875,0.9674195624999999,0.7700543125,0.151655625
0.125,0.9375,0.25,0.9546153125,0.7762553125,0.2174055
0.125,0.9375,0.3125,0.9418110624999999,0.7824563124999999,0.283155375
0.125,0.9375,0.375,0.9290068125,0.7886573124999999,0.34890524999999994
0.125,0.9375,0.4375,0.9162025625,0.7948583124999999,0.414655125
0.125,0.9375,0.5,0.9033983124999999,0.8010593125,0.48040499999999997
0.125,0.9375,0.5625,0.8905940625,0.8072603125,0.5461548749999999
0.125,0.9375,0.625,0.8777898124999999,0.8134613125,0.61190475
0.125,0.9375,0.6875,0.8649855624999999,0.8196623125,0.677654625
0.125,0.9375,0.75,0.8521813125,0.8258633125,0.7434044999999999
0.125,0.9375,0.8125,0.8393770624999999,0.8320643125,0.809154375
0.125,0.9375,0.875,0.8265728124999999,0.8382653124999999,0.8749042499999999
0.125,0.9375,0.9375,0.8137685625,0.8444663124999999,0.940654125
0.125,0.9375,1.0,0.8009643124999999,0.8506673124999999,1.006404
0.125,1.0,0.0,1.07161875,0.800593875,-0.04860125
0.125,1.0,0.0625,1.0588145,0.806794875,0.017148625
0.125,1.0,0.125,1.0460102500000001,0.812995875,0.0828985
0.125,1.0,0.1875,1.033206,0.819196875,0.148648375
0.125,1.0,0.25,1.02040175,0.8253978750000001,0.21439825
0.125,1.0,0.3125,1.0075975000000001,0.831598875,0.280148125
0.125,1.0,0.375,0.9947932500000001,0.837799875,0.345898
0.125,1.0,0.4375,0.9819890000000001,0.844000875,0.411647875
0.125,1.0,0.5,0.96918475,0.850201875,0.47739775
0.125,1.0,0.5625,0.9563805000000001,0.856402875,0.5431476249999999
0.125,1.0,0.625,0.94357625,0.862603875,0.6088975
0.125,1.0,0.6875,0.930772,0.868804875,0.6746473749999999
0.125,1.0,0.75,0.9179677500000001,0.875005875,0.7403972499999999
0.125,1.0,0.8125,0.9051635,0.8812068750000001,0.806147125
0.125,1.0,0.875,0.89235925,0.8874078750000001,0.8718969999999999
0.125,1.0,0.9375,0.8795550000000001,0.893608875,0.937646875
0.125,1.0,1.0,0.86675075,0.899809875,1.00339675
0.1875,0.0,0.0,0.028553625,0.021469312499999997,-0.000727875
0.1875,0.0,0.0625,0.015749375,0.027670312499999995,0.065022
0.1875,0.0,0.125,0.002945125,0.0338713125,0.130771875
0.1875,0.0,0.1875,-0.009859124999999996,0.0400723125,0.19652175
0.1875,0.0,0.25,-0.022663375,0.0462733125,0.262271625
0.1875,0.0,0.3125,-0.035467625,0.052474312499999995,0.3280215
0.1875,0.0,0.375,-0.04827187499999999,0.0586753125,0.393771375
0.1875,0.0,0.4375,-0.061076124999999995,0.0648763125,0.45952125
0.1875,0.0,0.5,-0.073880375,0.07107731249999999,0.525271125
0.1875,0.0,0.5625,-0.086684625,0.0772783125,0.5910209999999999
0.1875,0.0,0.625,-0.099488875,0.08347931249999999,0.656770875
0.1875,0.0,0.6875,-0.112293125,0.0896803125,0.7225207499999999
0.1875,0.0,0.75,-0.12509737499999998,0.09588131250000001,0.7882706249999999
0.1875,0.0,0.8125,-0.137901625,0.1020823125,0.8540205
0.1875,0.0,0.875,-0.150705875,0.1082833125,0.9197703749999999
0.1875,0.0,0.9375,-0.163510125,0.11448431249999999,0.98552025
0.1875,0.0,1.0,-0.176314375,0.1206853125,1.051270125
0.1875,0.0625,0.0,0.0943400625,0.07061187499999999,-0.0037351249999999997
0.1875,0.0625,0.0625,0.0815358125,0.07681287499999999,0.06201475
0.1875,0.0625,0.125,0.06873156250000001,0.08301387499999999,0.127764625
0.1875,0.0625,0.1875,0.05592731250000001,0.089214875,0.19351449999999998
0.1875,0.0625,0.25,0.0431230625,0.09541587499999998,0.259264375
0.1875,0.0625,0.3125,0.0303188125,0.101616875,0.32501425
0.1875,0.0625,0.375,0.01751456250000001,0.107817875,0.39076412499999996
0.1875,0.0625,0.4375,0.004710312500000008,0.11401887499999999,0.456514
0.1875,0.0625,0.5,-0.008093937499999995,0.12021987499999999,0.522263875
0.1875,0.0625,0.5625,-0.0208981875,0.126420875,0.58801375
0.1875,0.0625,0.625,-0.0337024375,0.132621875,0.6537636250000001
0.1875,0.0625,0.6875,-0.04650668749999999,0.13882287499999998,0.7195135
0.1875,0.0625,0.75,-0.05931093749999998,0.145023875,0.785263375
0.1875,0.0625,0.8125,-0.0721151875,0.15122487499999998,0.85101325
0.1875,0.0625,0.875,-0.08491943749999999,0.157425875,0.916763125
0.1875,0.0625,0.9375,-0.0977236875,0.163626875,0.9825130000000001
0.1875,0.0625,1.0,-0.11052793749999999,0.169827875,1.048262875
0.1875,0.125,0.0,0.1601265,0.1197544375,-0.006742375
0.1875,0.125,0.0625,0.14732225000000002,0.12595543750000002,0.0590075
0.1875,0.125,0.125,0.134518,0.1321564375,0.124757375
0.1875,0.125,0.1875,0.12171375000000001,0.1383574375,0.19050725
0.1875,0.125,0.25,0.1089095,0.1445584375,0.256257125
0.1875,0.125,0.3125,0.09610525,0.1507594375,0.322007
0.1875,0.125,0.375,0.08330100000000001,0.1569604375,0.38775687499999995
0.1875,0.125,0.4375,0.07049675000000001,0.1631614375,0.45350674999999996
0.1875,0.125,0.5,0.05769250000000001,0.16936243750000002,0.519256625
0.1875,0.125,0.5625,0.044888250000000005,0.1755634375,0.5850065
0.1875,0.125,0.625,0.032084,0.1817644375,0.650756375
0.1875,0.125,0.6875,0.019279750000000012,0.1879654375,0.71650625
0.1875,0.125,0.75,0.006475500000000023,0.1941664375,0.782256125
0.1875,0.125,0.8125,-0.006328749999999994,0.20036743750000002,0.848006
0.1875,0.125,0.875,-0.019132999999999983,0.2065684375,0.913755875
0.1875,0.125,0.9375,-0.03193725,0.2127694375,0.9795057500000001
0.1875,0.125,1.0,-0.04474149999999999,0.2189704375,1.045255625
0.1875,0.1875,0.0,0.2259129375,0.16889700000000002,-0.009749625
0.1875,0.1875,0.0625,0.2131086875,0.17509800000000003,0.05600025
0.1875,0.1875,0.125,0.2003044375,0.18129900000000002,0.121750125
0.1875,0.1875,0.1875,0.1875001875,0.18750000000000003,0.18749999999999997
0.1875,0.1875,0.25,0.1746959375,0.193701,0.253249875
0.1875,0.1875,0.3125,0.1618916875,0.19990200000000002,0.31899975
0.1875,0.1875,0.375,0.1490874375,0.20610300000000004,0.384749625
0.1875,0.1875,0.4375,0.1362831875,0.21230400000000002,0.4504995
0.1875,0.1875,0.5,0.1234789375,0.218505,0.516249375
0.1875,0.1875,0.5625,0.1106746875,0.22470600000000002,0.58199925
0.1875,0.1875,0.625,0.09787043749999999,0.23090700000000003,0.647749125
0.1875,0.1875,0.6875,0.0850661875,0.237108,0.713499
0.1875,0.1875,0.75,0.07226193750000001,0.24330900000000003,0.779248875
0.1875,0.1875,0.8125,0.059457687499999995,0.24951,0.84499875
0.1875,0.1875,0.875,0.046653437500000006,0.255711,0.910748625
0.1875,0.1875,0.9375,0.03384918749999999,0.26191200000000003,0.9764985
0.1875,0.1875,1.0,0.0210449375,0.26811300000000005,1.042248375
0.1875,0.25,0.0,0.291699375,0.2180395625,-0.012756874999999999
0.1875,0.25,0.0625,0.27889512499999997,0.22424056250000002,0.052993
0.1875,0.25,0.125,0.266090875,0.2304415625,0.118742875
0.1875,0.25,0.1875,0.253286625,0.23664256250000001,0.18449274999999998
0.1875,0.25,0.25,0.24048237499999997,0.2428435625,0.250242625
0.1875,0.25,0.3125,0.22767812499999998,0.2490445625,0.3159925
0.1875,0.25,0.375,0.214873875,0.2552455625,0.38174237499999997
0.1875,0.25,0.4375,0.20206962499999997,0.2614465625,0.44749225
0.1875,0.25,0.5,0.18926537499999999,0.2676475625,0.513242125
0.1875,0.25,0.5625,0.176461125,0.2738485625,0.578992
0.1875,0.25,0.625,0.16365687499999998,0.2800495625,0.644741875
0.1875,0.25,0.6875,0.150852625,0.2862505625,0.71049175
0.1875,0.25,0.75,0.138048375,0.29245156250000004,0.7762416249999999
0.1875,0.25,0.8125,0.12524412499999998,0.2986525625,0.8419915
0.1875,0.25,0.875,0.112439875,0.3048535625,0.907741375
0.1875,0.25,0.9375,0.09963562499999998,0.3110545625,0.97349125
0.1875,0.25,1.0,0.08683137499999999,0.3172555625,1.039241125
0.1875,0.3125,0.0,0.3574858125,0.267182125,-0.015764125
0.1875,0.3125,0.0625,0.3446815625,0.273383125,0.049985749999999995
0.1875,0.3125,0.125,0.3318773125,0.279584125,0.115735625
0.1875,0.3125,0.1875,0.3190730625,0.285785125,0.1814855
0.1875,0.3125,0.25,0.3062688125,0.291986125,0.247235375
0.1875,0.3125,0.3125,0.29346456249999997,0.298187125,0.31298525
0.1875,0.3125,0.375,0.2806603125,0.304388125,0.37873512499999995
0.1875,0.3125,0.4375,0.2678560625,0.310589125,0.44448499999999996
0.1875,0.3125,0.5,0.2550518125,0.316790125,0.510234875
0.1875,0.3125,0.5625,0.2422475625,0.322991125,0.5759847499999999
0.1875,0.3125,0.625,0.2294433125,0.329192125,0.641734625
0.1875,0.3125,0.6875,0.2166390625,0.33539312499999996,0.7074845
0.1875,0.3125,0.75,0.20383481250000002,0.34159412499999997,0.7732343749999999
0.1875,0.3125,0.8125,0.1910305625,0.347795125,0.83898425
0.1875,0.3125,0.875,0.1782263125,0.353996125,0.904734125
0.1875,0.3125,0.9375,0.1654220625,0.360197125,0.970484
0.1875,0.3125,1.0,0.1526178125,0.366398125,1.036233875
0.1875,0.375,0.0,0.42327225,0.31632468750000003,-0.018771375
0.1875,0.375,0.0625,0.410468,0.32252568750000005,0.0469785
0.1875,0.375,0.125,0.39766375000000004,0.32872668750000006,0.11272837499999999
0.1875,0.375,0.1875,0.3848595,0.3349276875,0.17847824999999998
0.1875,0.375,0.25,0.37205525,0.3411286875,0.244228125
0.1875,0.375,0.3125,0.359251,0.34732968750000004,0.30997800000000003
0.1875,0.375,0.375,0.34644675,0.35353068750000005,0.375727875
0.1875,0.375,0.4375,0.3336425,0.35973168750000006,0.44147775
0.1875,0.375,0.5,0.32083825,0.3659326875,0.507227625
0.1875,0.375,0.5625,0.30803400000000003,0.37213368750000003,0.5729774999999999
0.1875,0.375,0.625,0.29522975,0.37833468750000004,0.638727375
0.1875,0.375,0.6875,0.2824255,0.3845356875,0.7044772499999999
0.1875,0.375,0.75,0.26962125000000003,0.3907366875,0.7702271249999999
0.1875,0.375,0.8125,0.256817,0.3969376875,0.835977
0.1875,0.375,0.875,0.24401275000000003,0.40313868750000004,0.9017268749999999
0.1875,0.375,0.9375,0.2312085,0.40933968750000005,0.96747675
0.1875,0.375,1.0,0.21840425000000002,0.41554068750000006,1.033226625
0.1875,0.4375,0.0,0.48905868750000003,0.36546725,-0.021778625
0.1875,0.4375,0.0625,0.4762544375,0.37166825000000003,0.04397125
0.1875,0.4375,0.125,0.46345018750000005,0.37786925000000005,0.109721125
0.1875,0.4375,0.1875,0.45064593750000004,0.38407025,0.175471
0.1875,0.4375,0.25,0.4378416875,0.39027125,0.241220875
0.1875,0.4375,0.3125,0.4250374375,0.39647225,0.30697075
0.1875,0.4375,0.375,0.41223318750000004,0.40267325000000004,0.37272062499999997
0.1875,0.4375,0.4375,0.3994289375,0.40887425,0.4384705
0.1875,0.4375,0.5,0.3866246875,0.41507525,0.5042203749999999
0.1875,0.4375,0.5625,0.37382043750000005,0.42127625,0.5699702499999999
0.1875,0.4375,0.625,0.36101618750000003,0.42747725000000003,0.635720125
0.1875,0.4375,0.6875,0.3482119375,0.43367825000000004,0.7014699999999999
0.1875,0.4375,0.75,0.33540768750000005,0.43987925000000005,0.7672198749999999
0.1875,0.4375,0.8125,0.32260343750000003,0.44608025,0.83296975
0.1875,0.4375,0.875,0.3097991875,0.45228125,0.8987196249999999
0.1875,0.4375,0.9375,0.29699493750000006,0.45848225000000004,0.9644695
0.1875,0.4375,1.0,0.28419068750000004,0.46468325,1.030219375
0.1875,0.5,0.0,0.554845125,0.4146098125,-0.024785875
0.1875,0.5,0.0625,0.5420408750000001,0.4208108125,0.040964
0.1875,0.5,0.125,0.529236625,0.42701181250000003,0.106713875
0.1875,0.5,0.1875,0.516432375,0.4332128125,0.17246374999999997
0.1875,0.5,0.25,0.5036281250000001,0.4394138125,0.23821362499999998
0.1875,0.5,0.3125,0.490823875,0.4456148125,0.3039635
0.1875,0.5,0.375,0.47801962500000006,0.4518158125,0.36971337499999996
0.1875,0.5,0.4375,0.46521537500000004,0.45801681250000004,0.43546324999999997
0.1875,0.5,0.5,0.452411125,0.4642178125,0.501213125
0.1875,0.5,0.5625,0.43960687500000006,0.4704188125,0.566963
0.1875,0.5,0.625,0.42680262500000005,0.4766198125,0.6327128750000001
0.1875,0.5,0.6875,0.41399837500000003,0.4828208125,0.69846275
0.1875,0.5,0.75,0.40119412500000007,0.4890218125,0.764212625
0.1875,0.5,0.8125,0.38838987500000005,0.4952228125,0.8299625
0.1875,0.5,0.875,0.37558562500000003,0.5014238125,0.895712375
0.1875,0.5,0.9375,0.3627813750000001,0.5076248125,0.9614622500000001
0.1875,0.5,1.0,0.34997712500000006,0.5138258125,1.027212125
0.1875,0.5625,0.0,0.6206315625000001,0.463752375,-0.027793125
0.1875,0.5625,0.0625,0.6078273125000001,0.469953375,0.03795675
0.1875,0.5625,0.125,0.5950230625,0.476154375,0.103706625
0.1875,0.5625,0.1875,0.5822188125000001,0.482355375,0.16945649999999998
0.1875,0.5625,0.25,0.5694145625000001,0.488556375,0.235206375
0.1875,0.5625,0.3125,0.5566103125,0.494757375,0.30095625000000004
0.1875,0.5625,0.375,0.5438060625000001,0.500958375,0.366706125
0.1875,0.5625,0.4375,0.5310018125000001,0.507159375,0.432456
0.1875,0.5625,0.5,0.5181975625,0.513360375,0.498205875
0.1875,0.5625,0.5625,0.5053933125000001,0.519561375,0.56395575
0.1875,0.5625,0.625,0.49258906250000006,0.525762375,0.629705625
0.1875,0.5625,0.6875,0.47978481250000005,0.531963375,0.6954555
0.1875,0.5625,0.75,0.4669805625000001,0.538164375,0.761205375
0.1875,0.5625,0.8125,0.45417631250000007,0.544365375,0.82695525
0.1875,0.5625,0.875,0.44137206250000005,0.550566375,0.892705125
0.1875,0.5625,0.9375,0.4285678125000001,0.556767375,0.9584550000000001
0.1875,0.5625,1.0,0.4157635625000001,0.562968375,1.024204875
0.1875,0.625,0.0,0.6864180000000001,0.5128949374999999,-0.030800374999999998
0.1875,0.625,0.0625,0.6736137500000001,0.5190959374999999,0.0349495
0.1875,0.625,0.125,0.6608095,0.5252969375,0.10069937500000001
0.1875,0.625,0.1875,0.6480052500000001,0.5314979375,0.16644925
0.1875,0.625,0.25,0.6352010000000001,0.5376989375,0.232199125
0.1875,0.625,0.3125,0.62239675,0.5438999374999999,0.297949
0.1875,0.625,0.375,0.6095925000000001,0.5501009374999999,0.363698875
0.1875,0.625,0.4375,0.5967882500000001,0.5563019374999999,0.42944875
0.1875,0.625,0.5,0.5839840000000001,0.5625029374999999,0.495198625
0.1875,0.625,0.5625,0.5711797500000001,0.5687039374999999,0.5609485
0.1875,0.625,0.625,0.5583755000000001,0.5749049374999999,0.626698375
0.1875,0.625,0.6875,0.5455712500000001,0.5811059375,0.69244825
0.1875,0.625,0.75,0.5327670000000001,0.5873069375,0.758198125
0.1875,0.625,0.8125,0.5199627500000001,0.5935079375,0.823948
0.1875,0.625,0.875,0.5071585000000001,0.5997089375,0.889697875
0.1875,0.625,0.9375,0.4943542500000001,0.6059099374999999,0.95544775
0.1875,0.625,1.0,0.4815500000000001,0.6121109374999999,1.0211976249999999
0.1875,0.6875,0.0,0.7522044375000001,0.5620375,-0.033807625
0.1875,0.6875,0.0625,0.7394001875000001,0.5682385,0.03194225
0.1875,0.6875,0.125,0.7265959375000001,0.5744395,0.09769212499999999
0.1875,0.6875,0.1875,0.7137916875000001,0.5806405,0.16344199999999998
0.1875,0.6875,0.25,0.7009874375000001,0.5868415,0.229191875
0.1875,0.6875,0.3125,0.6881831875000001,0.5930424999999999,0.29494175
0.1875,0.6875,0.375,0.6753789375000001,0.5992434999999999,0.36069162499999996
0.1875,0.6875,0.4375,0.6625746875000001,0.6054444999999999,0.4264415
0.1875,0.6875,0.5,0.6497704375000001,0.6116455,0.492191375
0.1875,0.6875,0.5625,0.6369661875000001,0.6178465,0.5579412499999999
0.1875,0.6875,0.625,0.6241619375,0.6240475,0.623691125
0.1875,0.6875,0.6875,0.6113576875000001,0.6302485,0.689441
0.1875,0.6875,0.75,0.5985534375000001,0.6364495,0.7551908749999999
0.1875,0.6875,0.8125,0.5857491875,0.6426505,0.82094075
0.1875,0.6875,0.875,0.5729449375000001,0.6488514999999999,0.886690625
0.1875,0.6875,0.9375,0.5601406875000001,0.6550524999999999,0.9524405
0.1875,0.6875,1.0,0.5473364375,0.6612534999999999,1.018190375
0.1875,0.75,0.0,0.817990875,0.6111800625,-0.036814875000000004
0.1875,0.75,0.0625,0.805186625,0.6173810625,0.028934999999999995
0.1875,0.75,0.125,0.792382375,0.6235820625,0.094684875
0.1875,0.75,0.1875,0.779578125,0.6297830625,0.16043475
0.1875,0.75,0.25,0.766773875,0.6359840625000001,0.226184625
0.1875,0.75,0.3125,0.753969625,0.6421850625,0.2919345
0.1875,0.75,0.375,0.741165375,0.6483860625,0.35768437499999994
0.1875,0.75,0.4375,0.728361125,0.6545870625,0.42343424999999996
0.1875,0.75,0.5,0.715556875,0.6607880625,0.48918412499999997
0.1875,0.75,0.5625,0.702752625,0.6669890625,0.5549339999999999
0.1875,0.75,0.625,0.689948375,0.6731900625,0.620683875
0.1875,0.75,0.6875,0.677144125,0.6793910625,0.68643375
0.1875,0.75,0.75,0.664339875,0.6855920625,0.7521836249999999
0.1875,0.75,0.8125,0.651535625,0.6917930625000001,0.8179335
0.1875,0.75,0.875,0.638731375,0.6979940625000001,0.8836833749999999
0.1875,0.75,0.9375,0.625927125,0.7041950625,0.94943325
0.1875,0.75,1.0,0.613122875,0.7103960625,1.015183125
0.1875,0.8125,0.0,0.8837773125,0.6603226249999999,-0.039822125
0.1875,0.8125,0.0625,0.8709730625000001,0.666523625,0.02592775
0.1875,0.8125,0.125,0.8581688125,0.672724625,0.091677625
0.1875,0.8125,0.1875,0.8453645625,0.678925625,0.1574275
0.1875,0.8125,0.25,0.8325603125000001,0.685126625,0.223177375
0.1875,0.8125,0.3125,0.8197560625,0.6913276249999999,0.28892725
0.1875,0.8125,0.375,0.8069518125,0.6975286249999999,0.354677125
0.1875,0.8125,0.4375,0.7941475625000001,0.7037296249999999,0.420427
0.1875,0.8125,0.5,0.7813433125,0.7099306249999999,0.486176875
0.1875,0.8125,0.5625,0.7685390625,0.7161316249999999,0.5519267499999999
0.1875,0.8125,0.625,0.7557348125000001,0.722332625,0.617676625
0.1875,0.8125,0.6875,0.7429305625,0.728533625,0.6834264999999999
0.1875,0.8125,0.75,0.7301263125,0.734734625,0.7491763749999999
0.1875,0.8125,0.8125,0.7173220625000001,0.740935625,0.81492625
0.1875,0.8125,0.875,0.7045178125,0.747136625,0.8806761249999999
0.1875,0.8125,0.9375,0.6917135625,0.7533376249999999,0.946426
0.1875,0.8125,1.0,0.6789093125000001,0.7595386249999999,1.012175875
0.1875,0.875,0.0,0.94956375,0.7094651875,-0.042829375
0.1875,0.875,0.0625,0.9367595000000001,0.7156661875,0.022920499999999996
0.1875,0.875,0.125,0.92395525,0.7218671875,0.088670375
0.1875,0.875,0.1875,0.911151,0.7280681875,0.15442024999999998
0.1875,0.875,0.25,0.8983467500000001,0.7342691875,0.220170125
0.1875,0.875,0.3125,0.8855425,0.7404701874999999,0.28592
0.1875,0.875,0.375,0.87273825,0.7466711874999999,0.35166987499999997
0.1875,0.875,0.4375,0.8599340000000001,0.7528721875,0.41741975
0.1875,0.875,0.5,0.84712975,0.7590731875,0.483169625
0.1875,0.875,0.5625,0.8343255,0.7652741875,0.5489195
0.1875,0.875,0.625,0.82152125,0.7714751875,0.6146693750000001
0.1875,0.875,0.6875,0.808717,0.7776761875,0.6804192499999999
0.1875,0.875,0.75,0.7959127500000001,0.7838771875,0.746169125
0.1875,0.875,0.8125,0.7831085,0.7900781875,0.8119190000000001
0.1875,0.875,0.875,0.77030425,0.7962791874999999,0.8776688749999999
0.1875,0.875,0.9375,0.7575000000000001,0.8024801874999999,0.94341875
0.1875,0.875,1.0,0.74469575,0.8086811875,1.009168625
0.1875,0.9375,0.0,1.0153501875,0.7586077499999999,-0.045836625
0.1875,0.9375,0.0625,1.0025459374999999,0.7648087499999999,0.01991325
0.1875,0.9375,0.125,0.9897416874999999,0.7710097499999999,0.085663125
0.1875,0.9375,0.1875,0.9769374375,0.77721075,0.151413
0.1875,0.9375,0.25,0.9641331875,0.78341175,0.217162875
0.1875,0.9375,0.3125,0.9513289374999999,0.7896127499999999,0.28291275
0.1875,0.9375,0.375,0.9385246875,0.7958137499999999,0.34866262499999995
0.1875,0.9375,0.4375,0.9257204375,0.8020147499999999,0.41441249999999996
0.1875,0.9375,0.5,0.9129161874999999,0.8082157499999999,0.480162375
0.1875,0.9375,0.5625,0.9001119375,0.8144167499999999,0.54591225
0.1875,0.9375,0.625,0.8873076874999999,0.8206177499999999,0.6116621250000001
0.1875,0.9375,0.6875,0.8745034374999999,0.8268187499999999,0.677412
0.1875,0.9375,0.75,0.8616991875,0.83301975,0.743161875
0.1875,0.9375,0.8125,0.8488949374999999,0.83922075,0.80891175
0.1875,0.9375,0.875,0.8360906874999999,0.8454217499999999,0.874661625
0.1875,0.9375,0.9375,0.8232864375,0.8516227499999999,0.9404115000000001
0.1875,0.9375,1.0,0.8104821874999999,0.8578237499999999,1.006161375
0.1875,1.0,0.0,1.081136625,0.8077503125,-0.048843875
0.1875,1.0,0.0625,1.068332375,0.8139513125,0.016905999999999997
0.1875,1.0,0.125,1.0555281250000002,0.8201523125,0.08265587499999999
0.1875,1.0,0.1875,1.042723875,0.8263533125,0.14840574999999998
0.1875,1.0,0.25,1.029919625,0.8325543125,0.214155625
0.1875,1.0,0.3125,1.0171153750000002,0.8387553124999999,0.27990550000000003
0.1875,1.0,0.375,1.004311125,0.8449563124999999,0.345655375
0.1875,1.0,0.4375,0.9915068750000001,0.8511573124999999,0.41140525
0.1875,1.0,0.5,0.978702625,0.8573583124999999,0.477155125
0.1875,1.0,0.5625,0.9658983750000001,0.8635593125,0.542905
0.1875,1.0,0.625,0.953094125,0.8697603125,0.608654875
0.1875,1.0,0.6875,0.940289875,0.8759613125,0.67440475
0.1875,1.0,0.75,0.9274856250000001,0.8821623125,0.740154625
0.1875,1.0,0.8125,0.914681375,0.8883633125,0.8059045
0.1875,1.0,0.875,0.9018771250000001,0.8945643125,0.871654375
0.1875,1.0,0.9375,0.8890728750000001,0.9007653124999999,0.93740425
0.1875,1.0,1.0,0.876268625,0.9069663124999999,1.003154125
0.25,0.0,0.0,0.0380715,0.02862575,-0.0009705
0.25,0.0,0.0625,0.02526725,0.03482675,0.064779375
0.25,0.0,0.125,0.012463000000000002,0.04102775,0.13052924999999999
0.25,0.0,0.1875,-0.00034124999999999434,0.04722875,0.19627912499999997
0.25,0.0,0.25,-0.013145499999999997,0.05342975,0.262029
0.25,0.0,0.3125,-0.02594975,0.059630749999999996,0.327778875
0.25,0.0,0.375,-0.03875399999999999,0.06583175,0.39352875
0.25,0.0,0.4375,-0.05155824999999999,0.07203275,0.459278625
0.25,0.0,0.5,-0.06436249999999999,0.07823374999999999,0.5250285
0.25,0.0,0.5625,-0.07716675,0.08443475,0.590778375
0.25,0.0,0.625,-0.089971,0.09063574999999999,0.65652825
0.25,0.0,0.6875,-0.10277524999999998,0.09683675,0.722278125
0.25,0.0,0.75,-0.11557949999999997,0.10303775000000001,0.788028
0.25,0.0,0.8125,-0.12838375,0.10923875,0.853777875
0.25,0.0,0.875,-0.14118799999999998,0.11543975000000001,0.91952775
0.25,0.0,0.9375,-0.15399225,0.12164074999999999,0.985277625
0.25,0.0,1.0,-0.1667965,0.12784175,1.0510275
0.25,0.0625,0.0,0.1038579375,0.07776831249999999,-0.00397775
0.25,0.0625,0.0625,0.0910536875,0.08396931249999999,0.061772125
0.25,0.0625,0.125,0.07824943749999999,0.09017031249999999,0.127522
0.25,0.0625,0.1875,0.0654451875,0.0963713125,0.19327187499999998
0.25,0.0625,0.25,0.0526409375,0.10257231249999998,0.25902175
0.25,0.0625,0.3125,0.039836687499999995,0.1087733125,0.324771625
0.25,0.0625,0.375,0.027032437500000006,0.1149743125,0.39052149999999997
0.25,0.0625,0.4375,0.014228187500000003,0.1211753125,0.456271375
0.25,0.0625,0.5,0.0014239374999999999,0.12737631249999998,0.52202125
0.25,0.0625,0.5625,-0.011380312500000003,0.1335773125,0.587771125
0.25,0.0625,0.625,-0.024184562500000006,0.1397783125,0.653521
0.25,0.0625,0.6875,-0.036988812499999996,0.14597931249999999,0.719270875
0.25,0.0625,0.75,-0.049793062499999985,0.1521803125,0.7850207499999999
0.25,0.0625,0.8125,-0.0625973125,0.15838131249999998,0.850770625
0.25,0.0625,0.875,-0.07540156249999999,0.1645823125,0.9165205
0.25,0.0625,0.9375,-0.08820581250000001,0.1707833125,0.982270375
0.25,0.0625,1.0,-0.1010100625,0.1769843125,1.04802025
0.25,0.125,0.0,0.16964437500000001,0.126910875,-0.006985
0.25,0.125,0.0625,0.15684012500000002,0.13311187500000002,0.058764875
0.25,0.125,0.125,0.144035875,0.139312875,0.12451475
0.25,0.125,0.1875,0.13123162500000002,0.14551387500000001,0.190264625
0.25,0.125,0.25,0.11842737500000002,0.151714875,0.2560145
0.25,0.125,0.3125,0.10562312500000001,0.157915875,0.321764375
0.25,0.125,0.375,0.09281887500000002,0.164116875,0.38751424999999995
0.25,0.125,0.4375,0.08001462500000002,0.170317875,0.45326412499999996
0.25,0.125,0.5,0.06721037500000002,0.17651887500000002,0.519014
0.25,0.125,0.5625,0.054406125000000014,0.182719875,0.5847638749999999
0.25,0.125,0.625,0.04160187500000001,0.188920875,0.65051375
0.25,0.125,0.6875,0.02879762500000002,0.195121875,0.716263625
0.25,0.125,0.75,0.015993375000000032,0.201322875,0.7820134999999999
0.25,0.125,0.8125,0.003189125000000015,0.20752387500000002,0.847763375
0.25,0.125,0.875,-0.009615124999999974,0.213724875,0.9135132499999999
0.25,0.125,0.9375,-0.02241937499999999,0.219925875,0.979263125
0.25,0.125,1.0,-0.03522362499999998,0.226126875,1.045013
0.25,0.1875,0.0,0.2354308125,0.17605343750000002,-0.009992250000000001
0.25,0.1875,0.0625,0.2226265625,0.18225443750000003,0.055757625
0.25,0.1875,0.125,0.2098223125,0.18845543750000002,0.12150749999999999
0.25,0.1875,0.1875,0.1970180625,0.19465643750000003,0.18725737499999998
0.25,0.1875,0.25,0.18421381250000002,0.2008574375,0.25300725
0.25,0.1875,0.3125,0.1714095625,0.20705843750000003,0.31875712500000003
0.25,0.1875,0.375,0.1586053125,0.21325943750000004,0.384507
0.25,0.1875,0.4375,0.14580106250000002,0.21946043750000002,0.450256875
0.25,0.1875,0.5,0.1329968125,0.2256614375,0.51600675
0.25,0.1875,0.5625,0.1201925625,0.23186243750000002,0.5817566249999999
0.25,0.1875,0.625,0.1073883125,0.23806343750000003,0.6475065
0.25,0.1875,0.6875,0.09458406250000001,0.24426443750000001,0.7132563749999999
0.25,0.1875,0.75,0.08177981250000002,0.25046543750000005,0.7790062499999999
0.25,0.1875,0.8125,0.0689755625,0.2566664375,0.844756125
0.25,0.1875,0.875,0.056171312500000015,0.2628674375,0.9105059999999999
0.25,0.1875,0.9375,0.0433670625,0.26906843750000004,0.976255875
0.25,0.1875,1.0,0.03056281250000001,0.2752694375,1.04200575
0.25,0.25,0.0,0.30121725,0.225196,-0.0129995
0.25,0.25,0.0625,0.288413,0.23139700000000002,0.052750375
0.25,0.25,0.125,0.27560875,0.237598,0.11850025
0.25,0.25,0.1875,0.2628045,0.24379900000000002,0.184250125
0.25,0.25,0.25,0.25000025,0.25,0.25
0.25,0.25,0.3125,0.237196,0.256201,0.315749875
0.25,0.25,0.375,0.22439175,0.262402,0.38149974999999997
0.25,0.25,0.4375,0.21158749999999998,0.26860300000000004,0.447249625
0.25,0.25,0.5,0.19878325,0.274804,0.5129994999999999
0.25,0.25,0.5625,0.185979,0.281005,0.5787493749999999
0.25,0.25,0.625,0.17317475,0.287206,0.64449925
0.25,0.25,0.6875,0.1603705,0.293407,0.7102491249999999
0.25,0.25,0.75,0.14756625,0.299608,0.7759989999999999
0.25,0.25,0.8125,0.134762,0.305809,0.841748875
0.25,0.25,0.875,0.12195775,0.31201,0.9074987499999999
0.25,0.25,0.9375,0.10915349999999999,0.318211,0.973248625
0.25,0.25,1.0,0.09634925,0.32441200000000003,1.0389985
0.25,0.3125,0.0,0.3670036875,0.2743385625,-0.01600675
0.25,0.3125,0.0625,0.3541994375,0.2805395625,0.049743125
0.25,0.3125,0.125,0.34139518750000003,0.2867405625,0.115493
0.25,0.3125,0.1875,0.3285909375,0.2929415625,0.18124287499999997
0.25,0.3125,0.25,0.3157866875,0.2991425625,0.24699274999999998
0.25,0.3125,0.3125,0.3029824375,0.3053435625,0.312742625
0.25,0.3125,0.375,0.2901781875,0.3115445625,0.37849249999999995
0.25,0.3125,0.4375,0.2773739375,0.31774556249999997,0.44424237499999997
0.25,0.3125,0.5,0.2645696875,0.3239465625,0.50999225
0.25,0.3125,0.5625,0.2517654375,0.3301475625,0.575742125
0.25,0.3125,0.625,0.2389611875,0.3363485625,0.6414920000000001
0.25,0.3125,0.6875,0.22615693750000002,0.3425495625,0.707241875
0.25,0.3125,0.75,0.21335268750000003,0.3487505625,0.77299175
0.25,0.3125,0.8125,0.2005484375,0.3549515625,0.838741625
0.25,0.3125,0.875,0.18774418750000002,0.3611525625,0.9044915
0.25,0.3125,0.9375,0.1749399375,0.3673535625,0.9702413750000001
0.25,0.3125,1.0,0.16213568750000001,0.37355456249999996,1.03599125
0.25,0.375,0.0,0.43279012499999997,0.32348112500000004,-0.019014
0.25,0.375,0.0625,0.41998587499999995,0.32968212500000005,0.046735874999999996
0.25,0.375,0.125,0.407181625,0.33588312500000006,0.11248575
0.25,0.375,0.1875,0.394377375,0.342084125,0.17823562499999998
0.25,0.375,0.25,0.38157312499999996,0.34828512500000003,0.2439855
0.25,0.375,0.3125,0.368768875,0.35448612500000004,0.30973537500000003
0.25,0.375,0.375,0.355964625,0.36068712500000005,0.37548525
0.25,0.375,0.4375,0.34316037499999996,0.366888125,0.441235125
0.25,0.375,0.5,0.330356125,0.373089125,0.506985
0.25,0.375,0.5625,0.317551875,0.37929012500000003,0.572734875
0.25,0.375,0.625,0.30474762499999997,0.38549112500000005,0.63848475
0.25,0.375,0.6875,0.291943375,0.39169212500000006,0.704234625
0.25,0.375,0.75,0.279139125,0.39789312500000007,0.7699845
0.25,0.375,0.8125,0.26633487499999997,0.404094125,0.835734375
0.25,0.375,0.875,0.253530625,0.41029512500000004,0.90148425
0.25,0.375,0.9375,0.24072637499999996,0.41649612500000005,0.9672341250000001
0.25,0.375,1.0,0.22792212499999998,0.422697125,1.032984
0.25,0.4375,0.0,0.4985765625,0.3726236875,-0.02202125
0.25,0.4375,0.0625,0.48577231249999997,0.37882468750000003,0.043728625
0.25,0.4375,0.125,0.4729680625,0.38502568750000005,0.1094785
0.25,0.4375,0.1875,0.4601638125,0.3912266875,0.175228375
0.25,0.4375,0.25,0.4473595625,0.3974276875,0.24097825
0.25,0.4375,0.3125,0.4345553125,0.4036286875,0.306728125
0.25,0.4375,0.375,0.4217510625,0.40982968750000004,0.372478
0.25,0.4375,0.4375,0.4089468125,0.41603068750000005,0.438227875
0.25,0.4375,0.5,0.3961425625,0.4222316875,0.50397775
0.25,0.4375,0.5625,0.3833383125,0.4284326875,0.569727625
0.25,0.4375,0.625,0.3705340625,0.43463368750000003,0.6354775
0.25,0.4375,0.6875,0.3577298125,0.4408346875,0.701227375
0.25,0.4375,0.75,0.3449255625,0.4470356875,0.7669772499999999
0.25,0.4375,0.8125,0.3321213125,0.4532366875,0.832727125
0.25,0.4375,0.875,0.3193170625,0.4594376875,0.898477
0.25,0.4375,0.9375,0.30651281249999995,0.46563868750000004,0.964226875
0.25,0.4375,1.0,0.2937085625,0.47183968750000005,1.0299767499999999
0.25,0.5,0.0,0.5643630000000001,0.42176625,-0.0250285
0.25,0.5,0.0625,0.5515587500000001,0.42796725,0.040721375000000004
0.25,0.5,0.125,0.5387545,0.43416825000000003,0.10647125
0.25,0.5,0.1875,0.5259502500000001,0.44036925,0.17222112499999997
0.25,0.5,0.25,0.5131460000000001,0.44657025,0.237971
0.25,0.5,0.3125,0.50034175,0.45277125,0.303720875
0.25,0.5,0.375,0.48753750000000007,0.45897225,0.36947074999999996
0.25,0.5,0.4375,0.47473325000000005,0.46517325,0.43522062499999997
0.25,0.5,0.5,0.46192900000000003,0.47137425,0.5009705
0.25,0.5,0.5625,0.4491247500000001,0.47757525,0.5667203749999999
0.25,0.5,0.625,0.43632050000000006,0.48377625,0.63247025
0.25,0.5,0.6875,0.42351625000000004,0.48997725000000003,0.698220125
0.25,0.5,0.75,0.4107120000000001,0.49617825000000004,0.7639699999999999
0.25,0.5,0.8125,0.39790775000000006,0.50237925,0.829719875
0.25,0.5,0.875,0.38510350000000004,0.5085802500000001,0.89546975
0.25,0.5,0.9375,0.3722992500000001,0.51478125,0.961219625
0.25,0.5,1.0,0.35949500000000006,0.52098225,1.0269695
0.25,0.5625,0.0,0.6301494375000001,0.4709088125,-0.028035749999999998
0.25,0.5625,0.0625,0.6173451875000001,0.4771098125,0.037714125
0.25,0.5625,0.125,0.6045409375,0.4833108125,0.103464
0.25,0.5625,0.1875,0.5917366875000001,0.4895118125,0.16921387499999999
0.25,0.5625,0.25,0.5789324375000001,0.4957128125,0.23496375
0.25,0.5625,0.3125,0.5661281875,0.5019138125,0.300713625
0.25,0.5625,0.375,0.5533239375000001,0.5081148125,0.36646349999999994
0.25,0.5625,0.4375,0.5405196875000001,0.5143158125,0.432213375
0.25,0.5625,0.5,0.5277154375,0.5205168125,0.49796324999999997
0.25,0.5625,0.5625,0.5149111875000001,0.5267178125,0.5637131249999999
0.25,0.5625,0.625,0.5021069375,0.5329188125,0.629463
0.25,0.5625,0.6875,0.48930268750000006,0.5391198125,0.695212875
0.25,0.5625,0.75,0.4764984375000001,0.5453208125,0.7609627499999999
0.25,0.5625,0.8125,0.4636941875000001,0.5515218125,0.826712625
0.25,0.5625,0.875,0.45088993750000006,0.5577228125,0.8924624999999999
0.25,0.5625,0.9375,0.4380856875000001,0.5639238125,0.958212375
0.25,0.5625,1.0,0.4252814375000001,0.5701248125,1.02396225
0.25,0.625,0.0,0.6959358750000001,0.520051375,-0.031042999999999998
0.25,0.625,0.0625,0.6831316250000001,0.526252375,0.034706875
0.25,0.625,0.125,0.6703273750000001,0.532453375,0.10045675
0.25,0.625,0.1875,0.6575231250000001,0.538654375,0.166206625
0.25,0.625,0.25,0.6447188750000001,0.544855375,0.2319565
0.25,0.625,0.3125,0.6319146250000001,0.5510563749999999,0.297706375
0.25,0.625,0.375,0.6191103750000001,0.5572573749999999,0.36345625
0.25,0.625,0.4375,0.6063061250000001,0.563458375,0.429206125
0.25,0.625,0.5,0.5935018750000001,0.569659375,0.494956
0.25,0.625,0.5625,0.5806976250000001,0.575860375,0.5607058749999999
0.25,0.625,0.625,0.5678933750000001,0.582061375,0.62645575
0.25,0.625,0.6875,0.5550891250000001,0.588262375,0.6922056249999999
0.25,0.625,0.75,0.5422848750000001,0.594463375,0.7579554999999999
0.25,0.625,0.8125,0.5294806250000001,0.600664375,0.823705375
0.25,0.625,0.875,0.5166763750000001,0.6068653749999999,0.8894552499999999
0.25,0.625,0.9375,0.5038721250000001,0.6130663749999999,0.955205125
0.25,0.625,1.0,0.4910678750000001,0.619267375,1.020955
0.25,0.6875,0.0,0.7617223125000001,0.5691939375,-0.03405025
0.25,0.6875,0.0625,0.7489180625000001,0.5753949375,0.031699625
0.25,0.6875,0.125,0.7361138125000001,0.5815959375,0.0974495
0.25,0.6875,0.1875,0.7233095625000001,0.5877969375000001,0.16319937499999998
0.25,0.6875,0.25,0.7105053125000002,0.5939979375000001,0.22894925
0.25,0.6875,0.3125,0.6977010625000001,0.6001989375,0.294699125
0.25,0.6875,0.375,0.6848968125000001,0.6063999375,0.36044899999999996
0.25,0.6875,0.4375,0.6720925625000002,0.6126009375,0.426198875
0.25,0.6875,0.5,0.6592883125000001,0.6188019375,0.49194875
0.25,0.6875,0.5625,0.6464840625000001,0.6250029375,0.557698625
0.25,0.6875,0.625,0.6336798125,0.6312039375,0.6234485000000001
0.25,0.6875,0.6875,0.6208755625000001,0.6374049375,0.689198375
0.25,0.6875,0.75,0.6080713125000001,0.6436059375000001,0.75494825
0.25,0.6875,0.8125,0.5952670625,0.6498069375000001,0.8206981250000001
0.25,0.6875,0.875,0.5824628125000001,0.6560079375000001,0.886448
0.25,0.6875,0.9375,0.5696585625000001,0.6622089375,0.9521978750000001
0.25,0.6875,1.0,0.5568543125000001,0.6684099375,1.01794775
0.25,0.75,0.0,0.82750875,0.6183365000000001,-0.0370575
0.25,0.75,0.0625,0.8147045,0.6245375000000001,0.028692375
0.25,0.75,0.125,0.80190025,0.6307385000000001,0.09444225
0.25,0.75,0.1875,0.789096,0.6369395000000001,0.160192125
0.25,0.75,0.25,0.7762917500000001,0.6431405000000001,0.225942
0.25,0.75,0.3125,0.7634875,0.6493415,0.291691875
0.25,0.75,0.375,0.75068325,0.6555425,0.35744174999999995
0.25,0.75,0.4375,0.7378790000000001,0.6617435,0.42319162499999996
0.25,0.75,0.5,0.72507475,0.6679445,0.4889415
0.25,0.75,0.5625,0.7122705,0.6741455000000001,0.554691375
0.25,0.75,0.625,0.69946625,0.6803465000000001,0.62044125
0.25,0.75,0.6875,0.686662,0.6865475000000001,0.686191125
0.25,0.75,0.75,0.67385775,0.6927485000000001,0.751941
0.25,0.75,0.8125,0.6610535,0.6989495000000001,0.817690875
0.25,0.75,0.875,0.64824925,0.7051505,0.88344075
0.25,0.75,0.9375,0.635445,0.7113515,0.9491906250000001
0.25,0.75,1.0,0.62264075,0.7175525,1.0149405
0.25,0.8125,0.0,0.8932951875,0.6674790625,-0.040064749999999996
0.25,0.8125,0.0625,0.8804909375000001,0.6736800625,0.025685125000000003
0.25,0.8125,0.125,0.8676866875,0.6798810625,0.091435
0.25,0.8125,0.1875,0.8548824375,0.6860820625,0.157184875
0.25,0.8125,0.25,0.8420781875000001,0.6922830625,0.22293475000000001
0.25,0.8125,0.3125,0.8292739375,0.6984840625,0.28868462500000003
0.25,0.8125,0.375,0.8164696875,0.7046850625,0.3544345
0.25,0.8125,0.4375,0.8036654375000001,0.7108860625,0.420184375
0.25,0.8125,0.5,0.7908611875,0.7170870625,0.48593425
0.25,0.8125,0.5625,0.7780569375,0.7232880625,0.551684125
0.25,0.8125,0.625,0.7652526875000001,0.7294890625,0.617434
0.25,0.8125,0.6875,0.7524484375,0.7356900625,0.683183875
0.25,0.8125,0.75,0.7396441875,0.7418910625,0.74893375
0.25,0.8125,0.8125,0.7268399375000001,0.7480920625,0.814683625
0.25,0.8125,0.875,0.7140356875,0.7542930625,0.8804335
0.25,0.8125,0.9375,0.7012314375,0.7604940625,0.946183375
0.25,0.8125,1.0,0.6884271875000001,0.7666950625,1.01193325
0.25,0.875,0.0,0.959081625,0.716621625,-0.043072
0.25,0.875,0.0625,0.9462773750000001,0.722822625,0.022677875
0.25,0.875,0.125,0.933473125,0.7290236250000001,0.08842775
0.25,0.875,0.1875,0.920668875,0.7352246250000001,0.15417762499999998
0.25,0.875,0.25,0.9078646250000001,0.7414256250000001,0.2199275
0.25,0.875,0.3125,0.895060375,0.747626625,0.285677375
0.25,0.875,0.375,0.8822561250000001,0.753827625,0.35142724999999997
0.25,0.875,0.4375,0.8694518750000001,0.760028625,0.417177125
0.25,0.875,0.5,0.856647625,0.766229625,0.482927
0.25,0.875,0.5625,0.8438433750000001,0.772430625,0.548676875
0.25,0.875,0.625,0.831039125,0.778631625,0.61442675
0.25,0.875,0.6875,0.818234875,0.7848326250000001,0.680176625
0.25,0.875,0.75,0.8054306250000001,0.7910336250000001,0.7459264999999999
0.25,0.875,0.8125,0.792626375,0.7972346250000001,0.811676375
0.25,0.875,0.875,0.779822125,0.8034356250000001,0.87742625
0.25,0.875,0.9375,0.7670178750000001,0.809636625,0.943176125
0.25,0.875,1.0,0.754213625,0.815837625,1.008926
0.25,0.9375,0.0,1.0248680625,0.7657641875,-0.046079249999999995
0.25,0.9375,0.0625,1.0120638124999999,0.7719651875,0.019670625000000004
0.25,0.9375,0.125,0.9992595624999999,0.7781661875,0.08542050000000001
0.25,0.9375,0.1875,0.9864553125,0.7843671875,0.151170375
0.25,0.9375,0.25,0.9736510625,0.7905681875,0.21692025
0.25,0.9375,0.3125,0.9608468124999999,0.7967691874999999,0.282670125
0.25,0.9375,0.375,0.9480425625,0.8029701874999999,0.34841999999999995
0.25,0.9375,0.4375,0.9352383125,0.8091711874999999,0.41416987499999997
0.25,0.9375,0.5,0.9224340624999999,0.8153721875,0.47991975
0.25,0.9375,0.5625,0.9096298125,0.8215731875,0.5456696249999999
0.25,0.9375,0.625,0.8968255624999999,0.8277741875,0.6114195
0.25,0.9375,0.6875,0.8840213124999999,0.8339751875,0.677169375
0.25,0.9375,0.75,0.8712170625,0.8401761875,0.7429192499999999
0.25,0.9375,0.8125,0.8584128124999999,0.8463771875,0.808669125
0.25,0.9375,0.875,0.8456085624999999,0.8525781875,0.874419
0.25,0.9375,0.9375,0.8328043125,0.8587791874999999,0.940168875
0.25,0.9375,1.0,0.8200000624999999,0.8649801874999999,1.00591875
0.25,1.0,0.0,1.0906545,0.81490675,-0.0490865
0.25,1.0,0.0625,1.07785025,0.82110775,0.016663375
0.25,1.0,0.125,1.0650460000000002,0.82730875,0.08241325
0.25,1.0,0.1875,1.05224175,0.83350975,0.14816312499999998
0.25,1.0,0.25,1.0394375,0.8397107500000001,0.213913
0.25,1.0,0.3125,1.0266332500000002,0.84591175,0.27966287500000003
0.25,1.0,0.375,1.013829,0.85211275,0.34541275
0.25,1.0,0.4375,1.00102475,0.85831375,0.411162625
0.25,1.0,0.5,0.9882205000000001,0.86451475,0.4769125
0.25,1.0,0.5625,0.9754162500000001,0.87071575,0.5426623749999999
0.25,1.0,0.625,0.962612,0.87691675,0.60841225
0.25,1.0,0.6875,0.9498077500000001,0.88311775,0.674162125
0.25,1.0,0.75,0.9370035000000001,0.88931875,0.7399119999999999
0.25,1.0,0.8125,0.92419925,0.8955197500000001,0.805661875
0.25,1.0,0.875,0.9113950000000001,0.90172075,0.8714117499999999
0.25,1.0,0.9375,0.8985907500000001,0.90792175,0.937161625
0.25,1.0,1.0,0.8857865,0.91412275,1.0029115
0.3125,0.0,0.0,0.047589375,0.0357821875,-0.001213125
0.3125,0.0,0.0625,0.034785125,0.0419831875,0.06453675
0.3125,0.0,0.125,0.021980875000000004,0.0481841875,0.130286625
0.3125,0.0,0.1875,0.009176625000000008,0.0543851875,0.19603649999999997
0.3125,0.0,0.25,-0.0036276249999999954,0.0605861875,0.261786375
0.3125,0.0,0.3125,-0.016431875,0.0667871875,0.32753625000000003
0.3125,0.0,0.375,-0.029236124999999988,0.0729881875,0.393286125
0.3125,0.0,0.4375,-0.04204037499999999,0.07918918750000001,0.459036
0.3125,0.0,0.5,-0.054844624999999994,0.08539018749999999,0.524785875
0.3125,0.0,0.5625,-0.067648875,0.0915911875,0.5905357499999999
0.3125,0.0,0.625,-0.080453125,0.09779218749999999,0.656285625
0.3125,0.0,0.6875,-0.09325737499999999,0.1039931875,0.7220354999999999
0.3125,0.0,0.75,-0.10606162499999998,0.11019418750000001,0.7877853749999999
0.3125,0.0,0.8125,-0.118865875,0.1163951875,0.85353525
0.3125,0.0,0.875,-0.13167012499999997,0.12259618750000001,0.9192851249999999
0.3125,0.0,0.9375,-0.144474375,0.1287971875,0.985035
0.3125,0.0,1.0,-0.157278625,0.1349981875,1.050784875
0.3125,0.0625,0.0,0.1133758125,0.08492475,-0.004220375
0.3125,0.0625,0.0625,0.1005715625,0.09112574999999999,0.0615295
0.3125,0.0625,0.125,0.0877673125,0.09732674999999999,0.127279375
0.3125,0.0625,0.1875,0.07496306250000001,0.10352775,0.19302924999999999
0.3125,0.0625,0.25,0.06215881250000001,0.10972874999999999,0.258779125
0.3125,0.0625,0.3125,0.049354562500000004,0.11592975,0.324529
0.3125,0.0625,0.375,0.036550312500000015,0.12213075,0.39027887499999997
0.3125,0.0625,0.4375,0.023746062500000012,0.12833175,0.45602875
0.3125,0.0625,0.5,0.010941812500000009,0.13453274999999998,0.5217786249999999
0.3125,0.0625,0.5625,-0.0018624374999999943,0.14073375,0.5875284999999999
0.3125,0.0625,0.625,-0.014666687499999997,0.14693475,0.653278375
0.3125,0.0625,0.6875,-0.027470937499999987,0.15313575,0.7190282499999999
0.3125,0.0625,0.75,-0.040275187499999976,0.15933675,0.7847781249999999
0.3125,0.0625,0.8125,-0.05307943749999999,0.16553774999999998,0.850528
0.3125,0.0625,0.875,-0.06588368749999998,0.17173875,0.9162778749999999
0.3125,0.0625,0.9375,-0.0786879375,0.17793975,0.98202775
0.3125,0.0625,1.0,-0.09149218749999999,0.18414075,1.047777625
0.3125,0.125,0.0,0.17916225000000002,0.1340673125,-0.007227625
0.3125,0.125,0.0625,0.16635800000000003,0.14026831250000002,0.05852225
0.3125,0.125,0.125,0.15355375000000002,0.1464693125,0.124272125
0.3125,0.125,0.1875,0.14074950000000003,0.15267031250000002,0.190022
0.3125,0.125,0.25,0.12794525,0.1588713125,0.255771875
0.3125,0.125,0.3125,0.11514100000000002,0.1650723125,0.32152175
0.3125,0.125,0.375,0.10233675000000003,0.1712733125,0.38727162499999995
0.3125,0.125,0.4375,0.08953250000000003,0.1774743125,0.45302149999999997
0.3125,0.125,0.5,0.07672825000000003,0.18367531250000002,0.518771375
0.3125,0.125,0.5625,0.06392400000000002,0.1898763125,0.58452125
0.3125,0.125,0.625,0.05111975000000002,0.1960773125,0.6502711250000001
0.3125,0.125,0.6875,0.03831550000000003,0.2022783125,0.716021
0.3125,0.125,0.75,0.02551125000000004,0.2084793125,0.781770875
0.3125,0.125,0.8125,0.012707000000000024,0.21468031250000003,0.84752075
0.3125,0.125,0.875,-9.724999999996542e-05,0.2208813125,0.913270625
0.3125,0.125,0.9375,-0.012901499999999982,0.2270823125,0.9790205000000001
0.3125,0.125,1.0,-0.02570574999999997,0.2332833125,1.044770375
0.3125,0.1875,0.0,0.24494868749999998,0.18320987500000002,-0.010234875000000001
0.3125,0.1875,0.0625,0.2321444375,0.18941087500000003,0.055514999999999995
0.3125,0.1875,0.125,0.21934018749999998,0.19561187500000002,0.121264875
0.3125,0.1875,0.1875,0.2065359375,0.20181287500000003,0.18701474999999998
0.3125,0.1875,0.25,0.19373168749999997,0.20801387500000001,0.252764625
0.3125,0.1875,0.3125,0.18092743749999998,0.21421487500000003,0.31851450000000003
0.3125,0.1875,0.375,0.1681231875,0.22041587500000004,0.384264375
0.3125,0.1875,0.4375,0.15531893749999998,0.22661687500000002,0.45001425
0.3125,0.1875,0.5,0.1425146875,0.232817875,0.515764125
0.3125,0.1875,0.5625,0.1297104375,0.23901887500000002,0.581514
0.3125,0.1875,0.625,0.11690618749999998,0.24521987500000003,0.647263875
0.3125,0.1875,0.6875,0.10410193749999999,0.251420875,0.71301375
0.3125,0.1875,0.75,0.0912976875,0.257621875,0.778763625
0.3125,0.1875,0.8125,0.07849343749999999,0.263822875,0.8445135
0.3125,0.1875,0.875,0.0656891875,0.270023875,0.910263375
0.3125,0.1875,0.9375,0.05288493749999998,0.27622487500000004,0.97601325
0.3125,0.1875,1.0,0.04008068749999999,0.28242587500000005,1.041763125
0.3125,0.25,0.0,0.310735125,0.2323524375,-0.013242125
0.3125,0.25,0.0625,0.297930875,0.23855343750000002,0.05250775
0.3125,0.25,0.125,0.285126625,0.2447544375,0.118257625
0.3125,0.25,0.1875,0.272322375,0.2509554375,0.1840075
0.3125,0.25,0.25,0.259518125,0.2571564375,0.249757375
0.3125,0.25,0.3125,0.246713875,0.2633574375,0.31550725
0.3125,0.25,0.375,0.233909625,0.2695584375,0.381257125
0.3125,0.25,0.4375,0.221105375,0.2757594375,0.447007
0.3125,0.25,0.5,0.208301125,0.2819604375,0.512756875
0.3125,0.25,0.5625,0.19549687500000001,0.2881614375,0.57850675
0.3125,0.25,0.625,0.182692625,0.2943624375,0.644256625
0.3125,0.25,0.6875,0.169888375,0.30056343750000003,0.7100065
0.3125,0.25,0.75,0.15708412500000002,0.30676443750000004,0.7757563749999999
0.3125,0.25,0.8125,0.144279875,0.3129654375,0.84150625
0.3125,0.25,0.875,0.131475625,0.3191664375,0.907256125
0.3125,0.25,0.9375,0.118671375,0.3253674375,0.973006
0.3125,0.25,1.0,0.105867125,0.3315684375,1.0387558749999999
0.3125,0.3125,0.0,0.3765215625,0.281495,-0.016249375
0.3125,0.3125,0.0625,0.3637173125,0.287696,0.0495005
0.3125,0.3125,0.125,0.35091306250000004,0.293897,0.115250375
0.3125,0.3125,0.1875,0.3381088125,0.300098,0.18100024999999997
0.3125,0.3125,0.25,0.3253045625,0.306299,0.246750125
0.3125,0.3125,0.3125,0.3125003125,0.3125,0.3125
0.3125,0.3125,0.375,0.2996960625,0.318701,0.37824987499999996
0.3125,0.3125,0.4375,0.2868918125,0.324902,0.44399974999999997
0.3125,0.3125,0.5,0.2740875625,0.331103,0.509749625
0.3125,0.3125,0.5625,0.26128331250000003,0.337304,0.5754994999999999
0.3125,0.3125,0.625,0.24847906250000001,0.343505,0.641249375
0.3125,0.3125,0.6875,0.23567481250000002,0.34970599999999996,0.70699925
0.3125,0.3125,0.75,0.22287056250000004,0.355907,0.7727491249999999
0.3125,0.3125,0.8125,0.21006631250000002,0.362108,0.838499
0.3125,0.3125,0.875,0.19726206250000003,0.368309,0.904248875
0.3125,0.3125,0.9375,0.1844578125,0.37451,0.96999875
0.3125,0.3125,1.0,0.17165356250000002,0.380711,1.035748625
0.3125,0.375,0.0,0.442308,0.33063756250000004,-0.019256625
0.3125,0.375,0.0625,0.42950374999999996,0.33683856250000005,0.04649325
0.3125,0.375,0.125,0.4166995,0.34303956250000006,0.112243125
0.3125,0.375,0.1875,0.40389525,0.3492405625,0.17799299999999998
0.3125,0.375,0.25,0.39109099999999997,0.35544156250000003,0.243742875
0.3125,0.375,0.3125,0.37828675,0.36164256250000004,0.30949275
0.3125,0.375,0.375,0.3654825,0.36784356250000005,0.37524262499999994
0.3125,0.375,0.4375,0.35267824999999997,0.37404456250000007,0.4409925
0.3125,0.375,0.5,0.339874,0.3802455625,0.506742375
0.3125,0.375,0.5625,0.32706975,0.38644656250000003,0.5724922499999999
0.3125,0.375,0.625,0.3142655,0.39264756250000005,0.638242125
0.3125,0.375,0.6875,0.30146125,0.3988485625,0.703992
0.3125,0.375,0.75,0.288657,0.4050495625,0.7697418749999999
0.3125,0.375,0.8125,0.27585275,0.4112505625,0.83549175
0.3125,0.375,0.875,0.2630485,0.41745156250000004,0.9012416249999999
0.3125,0.375,0.9375,0.25024424999999995,0.42365256250000005,0.9669915
0.3125,0.375,1.0,0.23743999999999998,0.42985356250000006,1.032741375
0.3125,0.4375,0.0,0.5080944375,0.379780125,-0.022263875
0.3125,0.4375,0.0625,0.49529018750000003,0.38598112500000004,0.043486
0.3125,0.4375,0.125,0.4824859375000001,0.39218212500000005,0.109235875
0.3125,0.4375,0.1875,0.46968168750000006,0.398383125,0.17498575
0.3125,0.4375,0.25,0.45687743750000004,0.404584125,0.240735625
0.3125,0.4375,0.3125,0.4440731875,0.41078512500000003,0.3064855
0.3125,0.4375,0.375,0.43126893750000006,0.41698612500000004,0.372235375
0.3125,0.4375,0.4375,0.41846468750000004,0.423187125,0.43798525
0.3125,0.4375,0.5,0.4056604375,0.429388125,0.503735125
0.3125,0.4375,0.5625,0.39285618750000006,0.435589125,0.5694849999999999
0.3125,0.4375,0.625,0.38005193750000005,0.44179012500000003,0.635234875
0.3125,0.4375,0.6875,0.36724768750000003,0.44799112500000005,0.7009847499999999
0.3125,0.4375,0.75,0.35444343750000007,0.45419212500000006,0.7667346249999999
0.3125,0.4375,0.8125,0.34163918750000005,0.460393125,0.8324845
0.3125,0.4375,0.875,0.32883493750000004,0.466594125,0.8982343749999999
0.3125,0.4375,0.9375,0.3160306875000001,0.47279512500000004,0.96398425
0.3125,0.4375,1.0,0.30322643750000006,0.478996125,1.029734125
0.3125,0.5,0.0,0.5738808750000001,0.4289226875,-0.025271125
0.3125,0.5,0.0625,0.5610766250000001,0.4351236875,0.04047875
0.3125,0.5,0.125,0.548272375,0.44132468750000003,0.106228625
0.3125,0.5,0.1875,0.5354681250000001,0.4475256875,0.17197849999999998
0.3125,0.5,0.25,0.5226638750000001,0.4537266875,0.237728375
0.3125,0.5,0.3125,0.509859625,0.4599276875,0.30347825
0.3125,0.5,0.375,0.4970553750000001,0.4661286875,0.36922812499999996
0.3125,0.5,0.4375,0.48425112500000006,0.47232968750000004,0.434978
0.3125,0.5,0.5,0.47144687500000004,0.4785306875,0.500727875
0.3125,0.5,0.5625,0.4586426250000001,0.4847316875,0.56647775
0.3125,0.5,0.625,0.44583837500000006,0.4909326875,0.6322276250000001
0.3125,0.5,0.6875,0.43303412500000005,0.4971336875,0.6979775
0.3125,0.5,0.75,0.4202298750000001,0.5033346875,0.763727375
0.3125,0.5,0.8125,0.40742562500000007,0.5095356875,0.82947725
0.3125,0.5,0.875,0.39462137500000005,0.5157366875,0.895227125
0.3125,0.5,0.9375,0.3818171250000001,0.5219376875,0.9609770000000001
0.3125,0.5,1.0,0.3690128750000001,0.5281386875,1.026726875
0.3125,0.5625,0.0,0.6396673125000001,0.47806525,-0.028278374999999998
0.3125,0.5625,0.0625,0.6268630625000001,0.48426625,0.037471500000000005
0.3125,0.5625,0.125,0.6140588125,0.49046725,0.103221375
0.3125,0.5625,0.1875,0.6012545625000001,0.49666825,0.16897125
0.3125,0.5625,0.25,0.5884503125000001,0.50286925,0.234721125
0.3125,0.5625,0.3125,0.5756460625,0.50907025,0.300471
0.3125,0.5625,0.375,0.5628418125000001,0.51527125,0.36622087499999995
0.3125,0.5625,0.4375,0.5500375625000001,0.52147225,0.43197074999999996
0.3125,0.5625,0.5,0.5372333125000001,0.52767325,0.49772062499999997
0.3125,0.5625,0.5625,0.5244290625000001,0.53387425,0.5634705
0.3125,0.5625,0.625,0.5116248125,0.54007525,0.629220375
0.3125,0.5625,0.6875,0.49882056250000006,0.54627625,0.69497025
0.3125,0.5625,0.75,0.4860163125000001,0.55247725,0.760720125
0.3125,0.5625,0.8125,0.4732120625000001,0.55867825,0.82647
0.3125,0.5625,0.875,0.46040781250000007,0.5648792499999999,0.892219875
0.3125,0.5625,0.9375,0.4476035625000001,0.57108025,0.9579697500000001
0.3125,0.5625,1.0,0.4347993125000001,0.57728125,1.023719625
0.3125,0.625,0.0,0.7054537500000001,0.5272078124999999,-0.031285625
0.3125,0.625,0.0625,0.6926495000000001,0.5334088124999999,0.03446425
0.3125,0.625,0.125,0.6798452500000001,0.5396098125,0.100214125
0.3125,0.625,0.1875,0.6670410000000001,0.5458108125,0.165964
0.3125,0.625,0.25,0.6542367500000001,0.5520118125,0.231713875
0.3125,0.625,0.3125,0.6414325000000001,0.5582128124999999,0.29746375
0.3125,0.625,0.375,0.6286282500000001,0.5644138124999999,0.363213625
0.3125,0.625,0.4375,0.6158240000000001,0.5706148124999999,0.4289635
0.3125,0.625,0.5,0.6030197500000001,0.5768158124999999,0.494713375
0.3125,0.625,0.5625,0.5902155000000001,0.5830168124999999,0.56046325
0.3125,0.625,0.625,0.5774112500000002,0.5892178124999999,0.626213125
0.3125,0.625,0.6875,0.5646070000000001,0.5954188125,0.691963
0.3125,0.625,0.75,0.5518027500000001,0.6016198125,0.757712875
0.3125,0.625,0.8125,0.5389985000000002,0.6078208125,0.82346275
0.3125,0.625,0.875,0.5261942500000001,0.6140218124999999,0.889212625
0.3125,0.625,0.9375,0.5133900000000001,0.6202228124999999,0.9549625
0.3125,0.625,1.0,0.5005857500000002,0.6264238124999999,1.020712375
0.3125,0.6875,0.0,0.7712401875000001,0.576350375,-0.034292875
0.3125,0.6875,0.0625,0.7584359375000002,0.582551375,0.031457
0.3125,0.6875,0.125,0.7456316875000001,0.588752375,0.097206875
0.3125,0.6875,0.1875,0.7328274375000001,0.594953375,0.16295674999999998
0.3125,0.6875,0.25,0.7200231875000002,0.601154375,0.228706625
0.3125,0.6875,0.3125,0.7072189375000001,0.6073553749999999,0.2944565
0.3125,0.6875,0.375,0.6944146875000001,0.6135563749999999,0.36020637499999997
0.3125,0.6875,0.4375,0.6816104375000002,0.6197573749999999,0.42595625
0.3125,0.6875,0.5,0.6688061875000001,0.625958375,0.491706125
0.3125,0.6875,0.5625,0.6560019375000001,0.632159375,0.557456
0.3125,0.6875,0.625,0.6431976875000001,0.638360375,0.623205875
0.3125,0.6875,0.6875,0.6303934375000001,0.644561375,0.68895575
0.3125,0.6875,0.75,0.6175891875000001,0.650762375,0.7547056249999999
0.3125,0.6875,0.8125,0.6047849375000001,0.656963375,0.8204555
0.3125,0.6875,0.875,0.5919806875000001,0.663164375,0.886205375
0.3125,0.6875,0.9375,0.5791764375000001,0.6693653749999999,0.95195525
0.3125,0.6875,1.0,0.5663721875000001,0.6755663749999999,1.017705125
0.3125,0.75,0.0,0.837026625,0.6254929375,-0.037300125
0.3125,0.75,0.0625,0.8242223750000001,0.6316939375,0.028449749999999996
0.3125,0.75,0.125,0.811418125,0.6378949375,0.094199625
0.3125,0.75,0.1875,0.798613875,0.6440959375,0.15994949999999997
0.3125,0.75,0.25,0.7858096250000001,0.6502969375000001,0.22569937499999998
0.3125,0.75,0.3125,0.773005375,0.6564979375,0.29144925
0.3125,0.75,0.375,0.760201125,0.6626989375,0.35719912499999995
0.3125,0.75,0.4375,0.7473968750000001,0.6688999375,0.42294899999999996
0.3125,0.75,0.5,0.734592625,0.6751009375,0.488698875
0.3125,0.75,0.5625,0.721788375,0.6813019375,0.5544487499999999
0.3125,0.75,0.625,0.708984125,0.6875029375,0.620198625
0.3125,0.75,0.6875,0.696179875,0.6937039375,0.6859485
0.3125,0.75,0.75,0.683375625,0.6999049375,0.7516983749999999
0.3125,0.75,0.8125,0.670571375,0.7061059375000001,0.81744825
0.3125,0.75,0.875,0.657767125,0.7123069375,0.883198125
0.3125,0.75,0.9375,0.644962875,0.7185079375,0.948948
0.3125,0.75,1.0,0.632158625,0.7247089375,1.014697875
0.3125,0.8125,0.0,0.9028130625,0.6746354999999999,-0.040307375
0.3125,0.8125,0.0625,0.8900088125000001,0.6808365,0.0254425
0.3125,0.8125,0.125,0.8772045625,0.6870375,0.09119237499999999
0.3125,0.8125,0.1875,0.8644003125,0.6932385,0.15694224999999998
0.3125,0.8125,0.25,0.8515960625000001,0.6994395,0.222692125
0.3125,0.8125,0.3125,0.8387918125,0.7056404999999999,0.28844200000000003
0.3125,0.8125,0.375,0.8259875625,0.7118414999999999,0.354191875
0.3125,0.8125,0.4375,0.8131833125000001,0.7180424999999999,0.41994175
0.3125,0.8125,0.5,0.8003790625,0.7242434999999999,0.485691625
0.3125,0.8125,0.5625,0.7875748125,0.7304444999999999,0.5514414999999999
0.3125,0.8125,0.625,0.7747705625000001,0.7366455,0.617191375
0.3125,0.8125,0.6875,0.7619663125,0.7428465,0.6829412499999999
0.3125,0.8125,0.75,0.7491620625000001,0.7490475,0.7486911249999999
0.3125,0.8125,0.8125,0.7363578125000001,0.7552485,0.814441
0.3125,0.8125,0.875,0.7235535625,0.7614494999999999,0.8801908749999999
0.3125,0.8125,0.9375,0.7107493125000001,0.7676504999999999,0.94594075
0.3125,0.8125,1.0,0.6979450625000001,0.7738514999999999,1.011690625
0.3125,0.875,0.0,0.9685995000000001,0.7237780625,-0.043314625
0.3125,0.875,0.0625,0.9557952500000001,0.7299790625,0.022435249999999997
0.3125,0.875,0.125,0.942991,0.7361800625,0.088185125
0.3125,0.875,0.1875,0.9301867500000001,0.7423810625,0.153935
0.3125,0.875,0.25,0.9173825000000001,0.7485820625,0.219684875
0.3125,0.875,0.3125,0.90457825,0.7547830624999999,0.28543475
0.3125,0.875,0.375,0.8917740000000001,0.7609840625,0.351184625
0.3125,0.875,0.4375,0.8789697500000001,0.7671850625,0.4169345
0.3125,0.875,0.5,0.8661655,0.7733860625,0.482684375
0.3125,0.875,0.5625,0.8533612500000001,0.7795870625,0.5484342499999999
0.3125,0.875,0.625,0.840557,0.7857880625,0.614184125
0.3125,0.875,0.6875,0.82775275,0.7919890625,0.6799339999999999
0.3125,0.875,0.75,0.8149485000000001,0.7981900625,0.7456838749999999
0.3125,0.875,0.8125,0.80214425,0.8043910625,0.81143375
0.3125,0.875,0.875,0.78934,0.8105920625,0.8771836249999999
0.3125,0.875,0.9375,0.7765357500000001,0.8167930625,0.9429335
0.3125,0.875,1.0,0.7637315,0.8229940625,1.008683375
0.3125,0.9375,0.0,1.0343859375,0.7729206249999999,-0.046321875
0.3125,0.9375,0.0625,1.0215816875,0.7791216249999999,0.019428
0.3125,0.9375,0.125,1.0087774375,0.7853226249999999,0.085177875
0.3125,0.9375,0.1875,0.9959731875,0.791523625,0.15092774999999997
0.3125,0.9375,0.25,0.9831689375,0.797724625,0.21667762499999998
0.3125,0.9375,0.3125,0.9703646874999999,0.8039256249999999,0.2824275
0.3125,0.9375,0.375,0.9575604375,0.8101266249999999,0.34817737499999996
0.3125,0.9375,0.4375,0.9447561875,0.8163276249999999,0.41392724999999997
0.3125,0.9375,0.5,0.9319519374999999,0.8225286249999999,0.479677125
0.3125,0.9375,0.5625,0.9191476875,0.8287296249999999,0.545427
0.3125,0.9375,0.625,0.9063434374999999,0.8349306249999999,0.6111768750000001
0.3125,0.9375,0.6875,0.8935391874999999,0.8411316249999999,0.67692675
0.3125,0.9375,0.75,0.8807349375,0.847332625,0.742676625
0.3125,0.9375,0.8125,0.8679306874999999,0.853533625,0.8084265
0.3125,0.9375,0.875,0.8551264375,0.859734625,0.874176375
0.3125,0.9375,0.9375,0.8423221875,0.8659356249999999,0.9399262500000001
0.3125,0.9375,1.0,0.8295179374999999,0.8721366249999999,1.005676125
0.3125,1.0,0.0,1.100172375,0.8220631875,-0.049329125
0.3125,1.0,0.0625,1.087368125,0.8282641875,0.016420749999999998
0.3125,1.0,0.125,1.0745638750000002,0.8344651875,0.082170625
0.3125,1.0,0.1875,1.061759625,0.8406661875,0.14792049999999998
0.3125,1.0,0.25,1.048955375,0.8468671875,0.213670375
0.3125,1.0,0.3125,1.0361511250000002,0.8530681874999999,0.27942025000000004
0.3125,1.0,0.375,1.023346875,0.8592691874999999,0.345170125
0.3125,1.0,0.4375,1.010542625,0.8654701874999999,0.41091999999999995
0.3125,1.0,0.5,0.9977383750000001,0.8716711874999999,0.476669875
0.3125,1.0,0.5625,0.9849341250000001,0.8778721875,0.54241975
0.3125,1.0,0.625,0.972129875,0.8840731875,0.608169625
0.3125,1.0,0.6875,0.9593256250000001,0.8902741875,0.6739195
0.3125,1.0,0.75,0.9465213750000001,0.8964751875,0.739669375
0.3125,1.0,0.8125,0.933717125,0.9026761875,0.80541925
0.3125,1.0,0.875,0.9209128750000001,0.9088771874999999,0.871169125
0.3125,1.0,0.9375,0.9081086250000001,0.9150781874999999,0.9369190000000001
0.3125,1.0,1.0,0.895304375,0.9212791874999999,1.002668875
0.375,0.0,0.0,0.05710725,0.042938624999999994,-0.00145575
0.375,0.0,0.0625,0.044302999999999995,0.04913962499999999,0.064294125
0.375,0.0,0.125,0.03149875,0.05534062499999999,0.130044
0.375,0.0,0.1875,0.018694500000000003,0.061541624999999996,0.19579387499999998
0.375,0.0,0.25,0.00589025,0.067742625,0.26154375
0.375,0.0,0.3125,-0.0069140000000000035,0.07394362499999999,0.32729362500000003
0.375,0.0,0.375,-0.019718249999999993,0.080144625,0.3930435
0.375,0.0,0.4375,-0.032522499999999996,0.086345625,0.458793375
0.375,0.0,0.5,-0.04532675,0.092546625,0.52454325
0.375,0.0,0.5625,-0.058131,0.09874762499999999,0.590293125
0.375,0.0,0.625,-0.07093525,0.10494862499999999,0.656043
0.375,0.0,0.6875,-0.0837395,0.11114962499999999,0.721792875
0.375,0.0,0.75,-0.09654374999999998,0.117350625,0.78754275
0.375,0.0,0.8125,-0.109348,0.123551625,0.853292625
0.375,0.0,0.875,-0.12215224999999999,0.129752625,0.9190425
0.375,0.0,0.9375,-0.1349565,0.135953625,0.984792375
0.375,0.0,1.0,-0.14776075,0.14215462499999998,1.05054225
0.375,0.0625,0.0,0.1228936875,0.0920811875,-0.004463
0.375,0.0625,0.0625,0.1100894375,0.09828218749999999,0.061286875
0.375,0.0625,0.125,0.09728518750000001,0.10448318749999999,0.12703675
0.375,0.0625,0.1875,0.0844809375,0.1106841875,0.192786625
0.375,0.0625,0.25,0.0716766875,0.11688518749999999,0.2585365
0.375,0.0625,0.3125,0.0588724375,0.1230861875,0.324286375
0.375,0.0625,0.375,0.04606818750000001,0.1292871875,0.39003625
0.375,0.0625,0.4375,0.03326393750000001,0.1354881875,0.455786125
0.375,0.0625,0.5,0.020459687500000004,0.14168918749999998,0.521536
0.375,0.0625,0.5625,0.007655437500000001,0.1478901875,0.587285875
0.375,0.0625,0.625,-0.005148812500000002,0.1540911875,0.65303575
0.375,0.0625,0.6875,-0.01795306249999999,0.1602921875,0.718785625
0.375,0.0625,0.75,-0.03075731249999998,0.1664931875,0.7845354999999999
0.375,0.0625,0.8125,-0.0435615625,0.17269418749999998,0.850285375
0.375,0.0625,0.875,-0.05636581249999999,0.1788951875,0.91603525
0.375,0.0625,0.9375,-0.0691700625,0.1850961875,0.981785125
0.375,0.0625,1.0,-0.0819743125,0.1912971875,1.0475349999999999
0.375,0.125,0.0,0.188680125,0.14122374999999998,-0.0074702499999999995
0.375,0.125,0.0625,0.17587587500000001,0.14742475,0.058279625
0.375,0.125,0.125,0.163071625,0.15362574999999998,0.1240295
0.375,0.125,0.1875,0.150267375,0.15982675,0.18977937499999997
0.375,0.125,0.25,0.13746312500000002,0.16602774999999997,0.25552925
0.375,0.125,0.3125,0.124658875,0.17222874999999999,0.321279125
0.375,0.125,0.375,0.11185462500000001,0.17842975,0.38702899999999996
0.375,0.125,0.4375,0.09905037500000001,0.18463074999999998,0.45277887499999997
0.375,0.125,0.5,0.086246125,0.19083174999999997,0.51852875
0.375,0.125,0.5625,0.073441875,0.19703274999999998,0.5842786249999999
0.375,0.125,0.625,0.060637625,0.20323375,0.6500285
0.375,0.125,0.6875,0.04783337500000001,0.20943474999999998,0.715778375
0.375,0.125,0.75,0.03502912500000002,0.21563575,0.7815282499999999
0.375,0.125,0.8125,0.022224875000000005,0.22183674999999997,0.847278125
0.375,0.125,0.875,0.009420625000000016,0.22803774999999998,0.913028
0.375,0.125,0.9375,-0.003383625000000001,0.23423875,0.978777875
0.375,0.125,1.0,-0.01618787499999999,0.24043974999999998,1.04452775
0.375,0.1875,0.0,0.2544665625,0.19036631250000002,-0.0104775
0.375,0.1875,0.0625,0.2416623125,0.19656731250000004,0.055272375
0.375,0.1875,0.125,0.2288580625,0.20276831250000002,0.12102225
0.375,0.1875,0.1875,0.2160538125,0.20896931250000003,0.18677212499999998
0.375,0.1875,0.25,0.20324956249999998,0.21517031250000002,0.252522
0.375,0.1875,0.3125,0.1904453125,0.22137131250000003,0.318271875
0.375,0.1875,0.375,0.1776410625,0.22757231250000004,0.38402174999999994
0.375,0.1875,0.4375,0.16483681249999999,0.23377331250000002,0.449771625
0.375,0.1875,0.5,0.1520325625,0.2399743125,0.5155215
0.375,0.1875,0.5625,0.1392283125,0.24617531250000002,0.5812713749999999
0.375,0.1875,0.625,0.1264240625,0.25237631250000003,0.64702125
0.375,0.1875,0.6875,0.1136198125,0.25857731250000004,0.712771125
0.375,0.1875,0.75,0.10081556250000001,0.26477831250000006,0.7785209999999999
0.375,0.1875,0.8125,0.0880113125,0.2709793125,0.844270875
0.375,0.1875,0.875,0.0752070625,0.2771803125,0.9100207499999999
0.375,0.1875,0.9375,0.06240281249999999,0.28338131250000004,0.975770625
0.375,0.1875,1.0,0.0495985625,0.2895823125,1.0415205
0.375,0.25,0.0,0.320253,0.239508875,-0.01348475
0.375,0.25,0.0625,0.30744875,0.24570987500000002,0.052265124999999996
0.375,0.25,0.125,0.29464450000000003,0.25191087500000003,0.118015
0.375,0.25,0.1875,0.28184025,0.258111875,0.183764875
0.375,0.25,0.25,0.269036,0.264312875,0.24951475
0.375,0.25,0.3125,0.25623175,0.270513875,0.315264625
0.375,0.25,0.375,0.24342750000000002,0.276714875,0.3810145
0.375,0.25,0.4375,0.23062325,0.28291587500000004,0.446764375
0.375,0.25,0.5,0.217819,0.289116875,0.51251425
0.375,0.25,0.5625,0.20501475000000002,0.295317875,0.5782641249999999
0.375,0.25,0.625,0.1922105,0.301518875,0.644014
0.375,0.25,0.6875,0.17940625000000002,0.307719875,0.7097638749999999
0.375,0.25,0.75,0.16660200000000003,0.313920875,0.7755137499999999
0.375,0.25,0.8125,0.15379775,0.320121875,0.841263625
0.375,0.25,0.875,0.14099350000000002,0.326322875,0.9070134999999999
0.375,0.25,0.9375,0.12818925,0.332523875,0.972763375
0.375,0.25,1.0,0.11538500000000002,0.33872487500000004,1.03851325
0.375,0.3125,0.0,0.3860394375,0.2886514375,-0.016492
0.375,0.3125,0.0625,0.3732351875,0.2948524375,0.049257875
0.375,0.3125,0.125,0.36043093750000005,0.3010534375,0.11500774999999999
0.375,0.3125,0.1875,0.34762668750000003,0.3072544375,0.18075762499999998
0.375,0.3125,0.25,0.3348224375,0.3134554375,0.2465075
0.375,0.3125,0.3125,0.3220181875,0.3196564375,0.312257375
0.375,0.3125,0.375,0.30921393750000004,0.3258574375,0.37800724999999996
0.375,0.3125,0.4375,0.2964096875,0.33205843749999997,0.443757125
0.375,0.3125,0.5,0.2836054375,0.3382594375,0.509507
0.375,0.3125,0.5625,0.27080118750000004,0.3444604375,0.575256875
0.375,0.3125,0.625,0.2579969375,0.3506614375,0.6410067500000001
0.375,0.3125,0.6875,0.24519268750000003,0.3568624375,0.706756625
0.375,0.3125,0.75,0.23238843750000004,0.36306343750000003,0.7725065
0.375,0.3125,0.8125,0.21958418750000003,0.3692644375,0.838256375
0.375,0.3125,0.875,0.20677993750000004,0.3754654375,0.90400625
0.375,0.3125,0.9375,0.19397568750000002,0.3816664375,0.9697561250000001
0.375,0.3125,1.0,0.18117143750000003,0.38786743749999997,1.035506
0.375,0.375,0.0,0.451825875,0.33779400000000004,-0.01949925
0.375,0.375,0.0625,0.43902162499999997,0.34399500000000005,0.046250625000000004
0.375,0.375,0.125,0.426217375,0.35019600000000006,0.1120005
0.375,0.375,0.1875,0.413413125,0.356397,0.177750375
0.375,0.375,0.25,0.400608875,0.36259800000000003,0.24350025
0.375,0.375,0.3125,0.387804625,0.36879900000000004,0.309250125
0.375,0.375,0.375,0.375000375,0.37500000000000006,0.37499999999999994
0.375,0.375,0.4375,0.362196125,0.381201,0.44074987499999996
0.375,0.375,0.5,0.349391875,0.387402,0.50649975
0.375,0.375,0.5625,0.336587625,0.39360300000000004,0.572249625
0.375,0.375,0.625,0.323783375,0.39980400000000005,0.6379995
0.375,0.375,0.6875,0.310979125,0.40600500000000006,0.703749375
0.375,0.375,0.75,0.298174875,0.4122060000000001,0.76949925
0.375,0.375,0.8125,0.285370625,0.41840700000000003,0.835249125
0.375,0.375,0.875,0.272566375,0.42460800000000004,0.900999
0.375,0.375,0.9375,0.25976212499999995,0.43080900000000005,0.9667488750000001
0.375,0.375,1.0,0.246957875,0.43701,1.03249875
0.375,0.4375,0.0,0.5176123125000001,0.3869365625,-0.0225065
0.375,0.4375,0.0625,0.5048080625000001,0.39313756250000004,0.043243375
0.375,0.4375,0.125,0.4920038125000001,0.39933856250000005,0.10899325
0.375,0.4375,0.1875,0.47919956250000006,0.4055395625,0.174743125
0.375,0.4375,0.25,0.46639531250000005,0.4117405625,0.240493
0.375,0.4375,0.3125,0.45359106250000003,0.41794156250000003,0.306242875
0.375,0.4375,0.375,0.44078681250000007,0.42414256250000004,0.37199275
0.375,0.4375,0.4375,0.42798256250000005,0.43034356250000005,0.437742625
0.375,0.4375,0.5,0.41517831250000004,0.4365445625,0.5034925
0.375,0.4375,0.5625,0.4023740625000001,0.4427455625,0.569242375
0.375,0.4375,0.625,0.38956981250000006,0.44894656250000003,0.63499225
0.375,0.4375,0.6875,0.37676556250000004,0.4551475625,0.700742125
0.375,0.4375,0.75,0.3639613125000001,0.4613485625,0.766492
0.375,0.4375,0.8125,0.35115706250000006,0.4675495625,0.832241875
0.375,0.4375,0.875,0.33835281250000004,0.4737505625,0.89799175
0.375,0.4375,0.9375,0.3255485625000001,0.47995156250000004,0.963741625
0.375,0.4375,1.0,0.31274431250000007,0.48615256250000005,1.0294915
0.375,0.5,0.0,0.58339875,0.436079125,-0.025513749999999998
0.375,0.5,0.0625,0.5705945,0.442280125,0.040236125
0.375,0.5,0.125,0.5577902499999999,0.44848112500000004,0.105986
0.375,0.5,0.1875,0.544986,0.454682125,0.17173587499999998
0.375,0.5,0.25,0.53218175,0.460883125,0.23748575
0.375,0.5,0.3125,0.5193774999999999,0.467084125,0.303235625
0.375,0.5,0.375,0.50657325,0.47328512500000003,0.36898549999999997
0.375,0.5,0.4375,0.49376899999999996,0.479486125,0.434735375
0.375,0.5,0.5,0.48096474999999994,0.485687125,0.50048525
0.375,0.5,0.5625,0.4681605,0.491888125,0.566235125
0.375,0.5,0.625,0.45535624999999996,0.498089125,0.631985
0.375,0.5,0.6875,0.44255199999999995,0.504290125,0.697734875
0.375,0.5,0.75,0.42974775,0.510491125,0.7634847499999999
0.375,0.5,0.8125,0.41694349999999997,0.5166921250000001,0.829234625
0.375,0.5,0.875,0.40413924999999995,0.522893125,0.8949845
0.375,0.5,0.9375,0.391335,0.529094125,0.960734375
0.375,0.5,1.0,0.37853074999999997,0.535295125,1.02648425
0.375,0.5625,0.0,0.6491851875000001,0.4852216875,-0.028520999999999998
0.375,0.5625,0.0625,0.6363809375000001,0.4914226875,0.037228875
0.375,0.5625,0.125,0.6235766875000001,0.4976236875,0.10297875000000001
0.375,0.5625,0.1875,0.6107724375000001,0.5038246875,0.168728625
0.375,0.5625,0.25,0.5979681875000001,0.5100256875,0.2344785
0.375,0.5625,0.3125,0.5851639375000001,0.5162266875,0.300228375
0.375,0.5625,0.375,0.5723596875000001,0.5224276875,0.36597824999999995
0.375,0.5625,0.4375,0.5595554375000001,0.5286286875,0.43172812499999996
0.375,0.5625,0.5,0.5467511875000001,0.5348296875,0.497478
0.375,0.5625,0.5625,0.5339469375000001,0.5410306874999999,0.5632278749999999
0.375,0.5625,0.625,0.5211426875,0.5472316875,0.62897775
0.375,0.5625,0.6875,0.5083384375000001,0.5534326875,0.694727625
0.375,0.5625,0.75,0.4955341875000001,0.5596336875,0.7604774999999999
0.375,0.5625,0.8125,0.4827299375000001,0.5658346875,0.826227375
0.375,0.5625,0.875,0.4699256875000001,0.5720356875,0.8919772499999999
0.375,0.5625,0.9375,0.4571214375000001,0.5782366875,0.957727125
0.375,0.5625,1.0,0.4443171875000001,0.5844376875,1.023477
0.375,0.625,0.0,0.714971625,0.53436425,-0.03152825
0.375,0.625,0.0625,0.702167375,0.54056525,0.034221625
0.375,0.625,0.125,0.689363125,0.54676625,0.09997149999999999
0.375,0.625,0.1875,0.676558875,0.55296725,0.16572137499999998
0.375,0.625,0.25,0.663754625,0.55916825,0.23147125
0.375,0.625,0.3125,0.650950375,0.5653692499999999,0.29722112500000003
0.375,0.625,0.375,0.638146125,0.57157025,0.362971
0.375,0.625,0.4375,0.625341875,0.57777125,0.428720875
0.375,0.625,0.5,0.612537625,0.58397225,0.49447075
0.375,0.625,0.5625,0.599733375,0.59017325,0.5602206249999999
0.375,0.625,0.625,0.5869291249999999,0.59637425,0.6259705
0.375,0.625,0.6875,0.574124875,0.60257525,0.6917203749999999
0.375,0.625,0.75,0.561320625,0.60877625,0.7574702499999999
0.375,0.625,0.8125,0.548516375,0.61497725,0.823220125
0.375,0.625,0.875,0.535712125,0.62117825,0.8889699999999999
0.375,0.625,0.9375,0.522907875,0.6273792499999999,0.954719875
0.375,0.625,1.0,0.510103625,0.63358025,1.02046975
0.375,0.6875,0.0,0.7807580625000001,0.5835068125,-0.0345355
0.375,0.6875,0.0625,0.7679538125000002,0.5897078125,0.031214375000000003
0.375,0.6875,0.125,0.7551495625000001,0.5959088125,0.09696425
0.375,0.6875,0.1875,0.7423453125000001,0.6021098125000001,0.162714125
0.375,0.6875,0.25,0.7295410625000002,0.6083108125000001,0.228464
0.375,0.6875,0.3125,0.7167368125000001,0.6145118125,0.294213875
0.375,0.6875,0.375,0.7039325625000001,0.6207128125,0.35996374999999997
0.375,0.6875,0.4375,0.6911283125000002,0.6269138125,0.425713625
0.375,0.6875,0.5,0.6783240625000001,0.6331148125,0.4914635
0.375,0.6875,0.5625,0.6655198125000001,0.6393158125,0.5572133749999999
0.375,0.6875,0.625,0.6527155625000001,0.6455168125,0.62296325
0.375,0.6875,0.6875,0.6399113125000001,0.6517178125,0.688713125
0.375,0.6875,0.75,0.6271070625000001,0.6579188125000001,0.7544629999999999
0.375,0.6875,0.8125,0.6143028125000001,0.6641198125000001,0.820212875
0.375,0.6875,0.875,0.6014985625000001,0.6703208125,0.88596275
0.375,0.6875,0.9375,0.5886943125000001,0.6765218125,0.9517126250000001
0.375,0.6875,1.0,0.5758900625000001,0.6827228125,1.0174625
0.375,0.75,0.0,0.8465445,0.6326493750000001,-0.03754275
0.375,0.75,0.0625,0.8337402500000001,0.6388503750000001,0.028207125
0.375,0.75,0.125,0.820936,0.6450513750000001,0.093957
0.375,0.75,0.1875,0.80813175,0.6512523750000001,0.15970687499999997
0.375,0.75,0.25,0.7953275000000001,0.6574533750000001,0.22545674999999998
0.375,0.75,0.3125,0.78252325,0.663654375,0.291206625
0.375,0.75,0.375,0.769719,0.669855375,0.35695649999999995
0.375,0.75,0.4375,0.7569147500000001,0.676056375,0.42270637499999997
0.375,0.75,0.5,0.7441105,0.682257375,0.48845625
0.375,0.75,0.5625,0.73130625,0.6884583750000001,0.554206125
0.375,0.75,0.625,0.718502,0.6946593750000001,0.6199560000000001
0.375,0.75,0.6875,0.70569775,0.7008603750000001,0.685705875
0.375,0.75,0.75,0.6928935,0.7070613750000001,0.75145575
0.375,0.75,0.8125,0.68008925,0.7132623750000001,0.817205625
0.375,0.75,0.875,0.667285,0.7194633750000001,0.8829555
0.375,0.75,0.9375,0.6544807500000001,0.725664375,0.9487053750000001
0.375,0.75,1.0,0.6416765,0.731865375,1.01445525
0.375,0.8125,0.0,0.9123309374999999,0.6817919375,-0.040549999999999996
0.375,0.8125,0.0625,0.8995266875,0.6879929375,0.025199875000000004
0.375,0.8125,0.125,0.8867224374999999,0.6941939375,0.09094975
0.375,0.8125,0.1875,0.8739181874999999,0.7003949375,0.15669962499999998
0.375,0.8125,0.25,0.8611139375,0.7065959375,0.2224495
0.375,0.8125,0.3125,0.8483096874999999,0.7127969375,0.28819937500000004
0.375,0.8125,0.375,0.8355054375,0.7189979375,0.35394925
0.375,0.8125,0.4375,0.8227011875,0.7251989375,0.419699125
0.375,0.8125,0.5,0.8098969374999999,0.7313999375,0.485449
0.375,0.8125,0.5625,0.7970926875,0.7376009375,0.551198875
0.375,0.8125,0.625,0.7842884374999999,0.7438019375,0.61694875
0.375,0.8125,0.6875,0.7714841874999999,0.7500029375,0.682698625
0.375,0.8125,0.75,0.7586799375,0.7562039375,0.7484485
0.375,0.8125,0.8125,0.7458756874999999,0.7624049375,0.814198375
0.375,0.8125,0.875,0.7330714374999999,0.7686059375000001,0.87994825
0.375,0.8125,0.9375,0.7202671875,0.7748069375,0.9456981250000001
0.375,0.8125,1.0,0.7074629374999999,0.7810079375,1.011448
0.375,0.875,0.0,0.9781173750000001,0.7309345,-0.04355725
0.375,0.875,0.0625,0.9653131250000001,0.7371355,0.022192625
0.375,0.875,0.125,0.952508875,0.7433365000000001,0.0879425
0.375,0.875,0.1875,0.9397046250000001,0.7495375000000001,0.153692375
0.375,0.875,0.25,0.9269003750000001,0.7557385000000001,0.21944225
0.375,0.875,0.3125,0.914096125,0.7619395,0.285192125
0.375,0.875,0.375,0.9012918750000001,0.7681405,0.350942
0.375,0.875,0.4375,0.8884876250000001,0.7743415,0.416691875
0.375,0.875,0.5,0.875683375,0.7805425,0.48244175
0.375,0.875,0.5625,0.8628791250000001,0.7867435,0.548191625
0.375,0.875,0.625,0.850074875,0.7929445,0.6139415
0.375,0.875,0.6875,0.837270625,0.7991455000000001,0.679691375
0.375,0.875,0.75,0.8244663750000001,0.8053465000000001,0.7454412499999999
0.375,0.875,0.8125,0.811662125,0.8115475000000001,0.811191125
0.375,0.875,0.875,0.798857875,0.8177485,0.876941
0.375,0.875,0.9375,0.7860536250000001,0.8239495,0.942690875
0.375,0.875,1.0,0.773249375,0.8301505,1.0084407499999999
0.375,0.9375,0.0,1.0439038125,0.7800770625,-0.046564499999999995
0.375,0.9375,0.0625,1.0310995625,0.7862780625,0.019185375000000005
0.375,0.9375,0.125,1.0182953125,0.7924790625,0.08493525
0.375,0.9375,0.1875,1.0054910625,0.7986800625,0.15068512499999998
0.375,0.9375,0.25,0.9926868125,0.8048810625,0.216435
0.375,0.9375,0.3125,0.9798825624999999,0.8110820624999999,0.282184875
0.375,0.9375,0.375,0.9670783125,0.8172830624999999,0.34793474999999996
0.375,0.9375,0.4375,0.9542740625,0.8234840625,0.413684625
0.375,0.9375,0.5,0.9414698125,0.8296850625,0.4794345
0.375,0.9375,0.5625,0.9286655625,0.8358860625,0.5451843749999999
0.375,0.9375,0.625,0.9158613124999999,0.8420870625,0.61093425
0.375,0.9375,0.6875,0.9030570625,0.8482880625,0.676684125
0.375,0.9375,0.75,0.8902528125,0.8544890625,0.7424339999999999
0.375,0.9375,0.8125,0.8774485624999999,0.8606900625,0.808183875
0.375,0.9375,0.875,0.8646443125,0.8668910624999999,0.87393375
0.375,0.9375,0.9375,0.8518400625,0.8730920624999999,0.939683625
0.375,0.9375,1.0,0.8390358124999999,0.8792930625,1.0054335
0.375,1.0,0.0,1.10969025,0.829219625,-0.04957175
0.375,1.0,0.0625,1.096886,0.835420625,0.016178125
0.375,1.0,0.125,1.0840817500000002,0.841621625,0.081928
0.375,1.0,0.1875,1.0712775,0.847822625,0.147677875
0.375,1.0,0.25,1.05847325,0.8540236250000001,0.21342775
0.375,1.0,0.3125,1.0456690000000002,0.860224625,0.279177625
0.375,1.0,0.375,1.03286475,0.866425625,0.34492749999999994
0.375,1.0,0.4375,1.0200605,0.872626625,0.410677375
0.375,1.0,0.5,1.0072562500000002,0.878827625,0.47642724999999997
0.375,1.0,0.5625,0.9944520000000001,0.885028625,0.5421771249999999
0.375,1.0,0.625,0.98164775,0.891229625,0.607927
0.375,1.0,0.6875,0.9688435000000001,0.897430625,0.673676875
0.375,1.0,0.75,0.9560392500000001,0.903631625,0.7394267499999999
0.375,1.0,0.8125,0.943235,0.9098326250000001,0.805176625
0.375,1.0,0.875,0.9304307500000001,0.9160336250000001,0.8709264999999999
0.375,1.0,0.9375,0.9176265000000001,0.922234625,0.936676375
0.375,1.0,1.0,0.90482225,0.928435625,1.00242625
0.4375,0.0,0.0,0.06662512500000001,0.050095062499999995,-0.001698375
0.4375,0.0,0.0625,0.053820875000000004,0.056296062499999994,0.0640515
0.4375,0.0,0.125,0.04101662500000001,0.06249706249999999,0.129801375
0.4375,0.0,0.1875,0.028212375000000012,0.06869806249999999,0.19555124999999998
0.4375,0.0,0.25,0.015408125000000009,0.0748990625,0.261301125
0.4375,0.0,0.3125,0.0026038750000000055,0.08110006249999999,0.32705100000000004
0.4375,0.0,0.375,-0.010200374999999984,0.0873010625,0.392800875
0.4375,0.0,0.4375,-0.023004624999999987,0.0935020625,0.45855075
0.4375,0.0,0.5,-0.03580887499999999,0.0997030625,0.524300625
0.4375,0.0,0.5625,-0.04861312499999999,0.10590406249999999,0.5900504999999999
0.4375,0.0,0.625,-0.061417374999999996,0.11210506249999999,0.655800375
0.4375,0.0,0.6875,-0.07422162499999999,0.11830606249999999,0.72155025
0.4375,0.0,0.75,-0.08702587499999997,0.1245070625,0.7873001249999999
0.4375,0.0,0.8125,-0.09983012499999999,0.1307080625,0.85305
0.4375,0.0,0.875,-0.11263437499999998,0.1369090625,0.9187998749999999
0.4375,0.0,0.9375,-0.125438625,0.1431100625,0.98454975
0.4375,0.0,1.0,-0.138242875,0.14931106249999998,1.050299625
0.4375,0.0625,0.0,0.13241156250000002,0.099237625,-0.004705625
0.4375,0.0625,0.0625,0.11960731250000002,0.105438625,0.06104425
0.4375,0.0625,0.125,0.10680306250000002,0.11163962499999999,0.126794125
0.4375,0.0625,0.1875,0.09399881250000003,0.117840625,0.192544
0.4375,0.0625,0.25,0.08119456250000003,0.12404162499999999,0.258293875
0.4375,0.0625,0.3125,0.06839031250000002,0.130242625,0.32404375
0.4375,0.0625,0.375,0.05558606250000003,0.136443625,0.389793625
0.4375,0.0625,0.4375,0.04278181250000003,0.142644625,0.4555435
0.4375,0.0625,0.5,0.029977562500000027,0.14884562499999998,0.521293375
0.4375,0.0625,0.5625,0.017173312500000024,0.155046625,0.5870432499999999
0.4375,0.0625,0.625,0.0043690625000000205,0.161247625,0.652793125
0.4375,0.0625,0.6875,-0.008435187499999969,0.167448625,0.7185429999999999
0.4375,0.0625,0.75,-0.021239437499999958,0.173649625,0.7842928749999999
0.4375,0.0625,0.8125,-0.034043687499999975,0.179850625,0.85004275
0.4375,0.0625,0.875,-0.046847937499999964,0.186051625,0.9157926249999999
0.4375,0.0625,0.9375,-0.05965218749999998,0.192252625,0.9815425
0.4375,0.0625,1.0,-0.07245643749999997,0.198453625,1.047292375
0.4375,0.125,0.0,0.198198,0.14838018749999998,-0.007712875
0.4375,0.125,0.0625,0.18539375000000002,0.1545811875,0.058037
0.4375,0.125,0.125,0.1725895,0.16078218749999998,0.123786875
0.4375,0.125,0.1875,0.15978525000000002,0.1669831875,0.18953674999999998
0.4375,0.125,0.25,0.14698100000000003,0.17318418749999998,0.255286625
0.4375,0.125,0.3125,0.13417675,0.1793851875,0.3210365
0.4375,0.125,0.375,0.12137250000000002,0.1855861875,0.38678637499999996
0.4375,0.125,0.4375,0.10856825000000002,0.19178718749999998,0.45253625
0.4375,0.125,0.5,0.09576400000000002,0.19798818749999997,0.518286125
0.4375,0.125,0.5625,0.08295975000000001,0.20418918749999998,0.584036
0.4375,0.125,0.625,0.07015550000000001,0.2103901875,0.6497858750000001
0.4375,0.125,0.6875,0.05735125000000002,0.21659118749999998,0.71553575
0.4375,0.125,0.75,0.04454700000000003,0.2227921875,0.781285625
0.4375,0.125,0.8125,0.031742750000000014,0.22899318749999997,0.8470355
0.4375,0.125,0.875,0.018938500000000025,0.23519418749999998,0.912785375
0.4375,0.125,0.9375,0.006134250000000008,0.2413951875,0.9785352500000001
0.4375,0.125,1.0,-0.0066699999999999815,0.24759618749999998,1.044285125
0.4375,0.1875,0.0,0.2639844375,0.19752275000000002,-0.010720125
0.4375,0.1875,0.0625,0.2511801875,0.20372375000000004,0.05502975
0.4375,0.1875,0.125,0.2383759375,0.20992475000000002,0.120779625
0.4375,0.1875,0.1875,0.2255716875,0.21612575000000003,0.1865295
0.4375,0.1875,0.25,0.2127674375,0.22232675000000002,0.252279375
0.4375,0.1875,0.3125,0.1999631875,0.22852775000000003,0.31802925
0.4375,0.1875,0.375,0.1871589375,0.23472875000000004,0.38377912499999994
0.4375,0.1875,0.4375,0.1743546875,0.24092975000000003,0.44952899999999996
0.4375,0.1875,0.5,0.1615504375,0.24713075,0.515278875
0.4375,0.1875,0.5625,0.14874618750000002,0.25333175,0.58102875
0.4375,0.1875,0.625,0.1359419375,0.25953275000000003,0.646778625
0.4375,0.1875,0.6875,0.12313768750000001,0.26573375,0.7125285
0.4375,0.1875,0.75,0.11033343750000002,0.27193475,0.778278375
0.4375,0.1875,0.8125,0.0975291875,0.27813575,0.84402825
0.4375,0.1875,0.875,0.08472493750000001,0.28433675,0.909778125
0.4375,0.1875,0.9375,0.0719206875,0.29053775000000004,0.9755280000000001
0.4375,0.1875,1.0,0.05911643750000001,0.29673875000000005,1.041277875
0.4375,0.25,0.0,0.329770875,0.2466653125,-0.013727375
0.4375,0.25,0.0625,0.316966625,0.2528663125,0.0520225
0.4375,0.25,0.125,0.30416237500000004,0.25906731250000004,0.117772375
0.4375,0.25,0.1875,0.291358125,0.2652683125,0.18352225
0.4375,0.25,0.25,0.278553875,0.2714693125,0.249272125
0.4375,0.25,0.3125,0.265749625,0.2776703125,0.315022
0.4375,0.25,0.375,0.25294537500000003,0.28387131250000003,0.380771875
0.4375,0.25,0.4375,0.240141125,0.2900723125,0.44652175
0.4375,0.25,0.5,0.22733687500000002,0.2962733125,0.512271625
0.4375,0.25,0.5625,0.21453262500000003,0.3024743125,0.5780215
0.4375,0.25,0.625,0.20172837500000002,0.3086753125,0.643771375
0.4375,0.25,0.6875,0.18892412500000003,0.31487631250000003,0.70952125
0.4375,0.25,0.75,0.17611987500000004,0.32107731250000004,0.775271125
0.4375,0.25,0.8125,0.16331562500000002,0.3272783125,0.841021
0.4375,0.25,0.875,0.15051137500000003,0.3334793125,0.906770875
0.4375,0.25,0.9375,0.137707125,0.3396803125,0.97252075
0.4375,0.25,1.0,0.12490287500000002,0.3458813125,1.038270625
0.4375,0.3125,0.0,0.39555731250000004,0.295807875,-0.016734625
0.4375,0.3125,0.0625,0.3827530625,0.302008875,0.049015249999999996
0.4375,0.3125,0.125,0.36994881250000006,0.308209875,0.114765125
0.4375,0.3125,0.1875,0.35714456250000004,0.314410875,0.18051499999999998
0.4375,0.3125,0.25,0.3443403125,0.320611875,0.246264875
0.4375,0.3125,0.3125,0.3315360625,0.326812875,0.31201475
0.4375,0.3125,0.375,0.31873181250000004,0.333013875,0.37776462499999997
0.4375,0.3125,0.4375,0.3059275625,0.339214875,0.4435145
0.4375,0.3125,0.5,0.2931233125,0.345415875,0.509264375
0.4375,0.3125,0.5625,0.28031906250000005,0.351616875,0.57501425
0.4375,0.3125,0.625,0.26751481250000003,0.357817875,0.640764125
0.4375,0.3125,0.6875,0.2547105625,0.36401887499999996,0.706514
0.4375,0.3125,0.75,0.24190631250000005,0.370219875,0.7722638749999999
0.4375,0.3125,0.8125,0.22910206250000004,0.376420875,0.83801375
0.4375,0.3125,0.875,0.21629781250000005,0.382621875,0.903763625
0.4375,0.3125,0.9375,0.20349356250000003,0.388822875,0.9695135
0.4375,0.3125,1.0,0.19068931250000004,0.395023875,1.035263375
0.4375,0.375,0.0,0.46134375,0.34495043750000004,-0.019741875
0.4375,0.375,0.0625,0.4485395,0.35115143750000005,0.046008
0.4375,0.375,0.125,0.43573525,0.35735243750000006,0.111757875
0.4375,0.375,0.1875,0.422931,0.3635534375,0.17750775
0.4375,0.375,0.25,0.41012675,0.36975443750000003,0.243257625
0.4375,0.375,0.3125,0.3973225,0.37595543750000004,0.3090075
0.4375,0.375,0.375,0.38451825,0.38215643750000006,0.37475737499999995
0.4375,0.375,0.4375,0.371714,0.38835743750000007,0.44050724999999996
0.4375,0.375,0.5,0.35890975,0.3945584375,0.506257125
0.4375,0.375,0.5625,0.3461055,0.40075943750000004,0.5720069999999999
0.4375,0.375,0.625,0.33330125,0.40696043750000005,0.637756875
0.4375,0.375,0.6875,0.32049700000000003,0.4131614375,0.70350675
0.4375,0.375,0.75,0.30769275,0.4193624375,0.7692566249999999
0.4375,0.375,0.8125,0.2948885,0.42556343750000003,0.8350065
0.4375,0.375,0.875,0.28208425000000004,0.43176443750000004,0.9007563749999999
0.4375,0.375,0.9375,0.26927999999999996,0.43796543750000005,0.96650625
0.4375,0.375,1.0,0.25647575,0.44416643750000007,1.032256125
0.4375,0.4375,0.0,0.5271301875000001,0.394093,-0.022749125
0.4375,0.4375,0.0625,0.5143259375000001,0.40029400000000004,0.043000750000000004
0.4375,0.4375,0.125,0.5015216875,0.40649500000000005,0.108750625
0.4375,0.4375,0.1875,0.4887174375000001,0.412696,0.17450049999999998
0.4375,0.4375,0.25,0.47591318750000006,0.418897,0.240250375
0.4375,0.4375,0.3125,0.46310893750000004,0.42509800000000003,0.30600025000000003
0.4375,0.4375,0.375,0.4503046875000001,0.43129900000000004,0.371750125
0.4375,0.4375,0.4375,0.43750043750000006,0.4375,0.4375
0.4375,0.4375,0.5,0.42469618750000004,0.443701,0.503249875
0.4375,0.4375,0.5625,0.4118919375000001,0.449902,0.5689997499999999
0.4375,0.4375,0.625,0.39908768750000007,0.45610300000000004,0.634749625
0.4375,0.4375,0.6875,0.38628343750000005,0.46230400000000005,0.7004994999999999
0.4375,0.4375,0.75,0.3734791875000001,0.46850500000000006,0.7662493749999999
0.4375,0.4375,0.8125,0.36067493750000007,0.474706,0.83199925
0.4375,0.4375,0.875,0.34787068750000005,0.48090700000000003,0.8977491249999999
0.4375,0.4375,0.9375,0.3350664375000001,0.48710800000000004,0.963499
0.4375,0.4375,1.0,0.3222621875000001,0.493309,1.029248875
0.4375,0.5,0.0,0.592916625,0.4432355625,-0.025756374999999998
0.4375,0.5,0.0625,0.580112375,0.4494365625,0.0399935
0.4375,0.5,0.125,0.5673081249999999,0.45563756250000004,0.105743375
0.4375,0.5,0.1875,0.554503875,0.4618385625,0.17149324999999999
0.4375,0.5,0.25,0.541699625,0.4680395625,0.237243125
0.4375,0.5,0.3125,0.528895375,0.4742405625,0.302993
0.4375,0.5,0.375,0.516091125,0.48044156250000003,0.36874287499999997
0.4375,0.5,0.4375,0.503286875,0.48664256250000004,0.43449275
0.4375,0.5,0.5,0.49048262499999995,0.4928435625,0.500242625
0.4375,0.5,0.5625,0.477678375,0.4990445625,0.5659924999999999
0.4375,0.5,0.625,0.46487412499999997,0.5052455625,0.631742375
0.4375,0.5,0.6875,0.45206987499999995,0.5114465625,0.69749225
0.4375,0.5,0.75,0.439265625,0.5176475625,0.7632421249999999
0.4375,0.5,0.8125,0.426461375,0.5238485625,0.828992
0.4375,0.5,0.875,0.41365712499999996,0.5300495625,0.894741875
0.4375,0.5,0.9375,0.400852875,0.5362505625,0.9604917500000001
0.4375,0.5,1.0,0.388048625,0.5424515625,1.026241625
0.4375,0.5625,0.0,0.6587030625000001,0.492378125,-0.028763624999999998
0.4375,0.5625,0.0625,0.6458988125000001,0.498579125,0.03698625
0.4375,0.5625,0.125,0.6330945625000001,0.504780125,0.102736125
0.4375,0.5625,0.1875,0.6202903125000001,0.510981125,0.168486
0.4375,0.5625,0.25,0.6074860625000001,0.517182125,0.234235875
0.4375,0.5625,0.3125,0.5946818125000001,0.523383125,0.29998575
0.4375,0.5625,0.375,0.5818775625000001,0.529584125,0.36573562499999995
0.4375,0.5625,0.4375,0.5690733125000002,0.535785125,0.43148549999999997
0.4375,0.5625,0.5,0.5562690625000001,0.541986125,0.497235375
0.4375,0.5625,0.5625,0.5434648125000001,0.548187125,0.56298525
0.4375,0.5625,0.625,0.5306605625,0.554388125,0.6287351250000001
0.4375,0.5625,0.6875,0.5178563125000001,0.560589125,0.694485
0.4375,0.5625,0.75,0.5050520625000001,0.566790125,0.760234875
0.4375,0.5625,0.8125,0.4922478125000001,0.572991125,0.82598475
0.4375,0.5625,0.875,0.4794435625000001,0.5791921250000001,0.891734625
0.4375,0.5625,0.9375,0.4666393125000001,0.585393125,0.9574845000000001
0.4375,0.5625,1.0,0.4538350625000001,0.591594125,1.023234375
0.4375,0.625,0.0,0.7244895,0.5415206874999999,-0.031770875
0.4375,0.625,0.0625,0.71168525,0.5477216874999999,0.033979
0.4375,0.625,0.125,0.698881,0.5539226875,0.099728875
0.4375,0.625,0.1875,0.68607675,0.5601236875,0.16547874999999998
0.4375,0.625,0.25,0.6732725,0.5663246875,0.231228625
0.4375,0.625,0.3125,0.66046825,0.5725256874999999,0.29697850000000003
0.4375,0.625,0.375,0.647664,0.5787266874999999,0.362728375
0.4375,0.625,0.4375,0.6348597500000001,0.5849276874999999,0.42847825
0.4375,0.625,0.5,0.6220555,0.5911286874999999,0.494228125
0.4375,0.625,0.5625,0.60925125,0.5973296874999999,0.559978
0.4375,0.625,0.625,0.596447,0.6035306874999999,0.625727875
0.4375,0.625,0.6875,0.58364275,0.6097316875,0.69147775
0.4375,0.625,0.75,0.5708385,0.6159326875,0.757227625
0.4375,0.625,0.8125,0.55803425,0.6221336875,0.8229775
0.4375,0.625,0.875,0.54523,0.6283346875,0.888727375
0.4375,0.625,0.9375,0.53242575,0.6345356874999999,0.95447725
0.4375,0.625,1.0,0.5196215,0.6407366874999999,1.020227125
0.4375,0.6875,0.0,0.7902759375000001,0.59066325,-0.034778125
0.4375,0.6875,0.0625,0.7774716875000002,0.59686425,0.03097175
0.4375,0.6875,0.125,0.7646674375000001,0.60306525,0.096721625
0.4375,0.6875,0.1875,0.7518631875000001,0.60926625,0.1624715
0.4375,0.6875,0.25,0.7390589375000002,0.61546725,0.228221375
0.4375,0.6875,0.3125,0.7262546875000001,0.6216682499999999,0.29397125
0.4375,0.6875,0.375,0.7134504375000001,0.6278692499999999,0.359721125
0.4375,0.6875,0.4375,0.7006461875000002,0.63407025,0.425471
0.4375,0.6875,0.5,0.6878419375000001,0.64027125,0.491220875
0.4375,0.6875,0.5625,0.6750376875000001,0.64647225,0.55697075
0.4375,0.6875,0.625,0.6622334375000001,0.65267325,0.622720625
0.4375,0.6875,0.6875,0.6494291875000001,0.65887425,0.6884705
0.4375,0.6875,0.75,0.6366249375000002,0.66507525,0.7542203749999999
0.4375,0.6875,0.8125,0.6238206875000001,0.67127625,0.81997025
0.4375,0.6875,0.875,0.6110164375000001,0.6774772499999999,0.885720125
0.4375,0.6875,0.9375,0.5982121875000002,0.6836782499999999,0.95147
0.4375,0.6875,1.0,0.5854079375000001,0.6898792499999999,1.0172198749999999
0.4375,0.75,0.0,0.856062375,0.6398058125,-0.037785375
0.4375,0.75,0.0625,0.8432581250000001,0.6460068125,0.027964499999999996
0.4375,0.75,0.125,0.830453875,0.6522078125,0.09371437499999999
0.4375,0.75,0.1875,0.817649625,0.6584088125,0.15946424999999997
0.4375,0.75,0.25,0.8048453750000001,0.6646098125000001,0.225214125
0.4375,0.75,0.3125,0.792041125,0.6708108125,0.290964
0.4375,0.75,0.375,0.779236875,0.6770118125,0.35671387499999996
0.4375,0.75,0.4375,0.7664326250000001,0.6832128125,0.42246374999999997
0.4375,0.75,0.5,0.753628375,0.6894138125,0.488213625
0.4375,0.75,0.5625,0.740824125,0.6956148125,0.5539634999999999
0.4375,0.75,0.625,0.728019875,0.7018158125,0.619713375
0.4375,0.75,0.6875,0.715215625,0.7080168125,0.68546325
0.4375,0.75,0.75,0.7024113750000001,0.7142178125,0.7512131249999999
0.4375,0.75,0.8125,0.689607125,0.7204188125000001,0.816963
0.4375,0.75,0.875,0.676802875,0.7266198125000001,0.882712875
0.4375,0.75,0.9375,0.6639986250000001,0.7328208125,0.94846275
0.4375,0.75,1.0,0.651194375,0.7390218125,1.014212625
0.4375,0.8125,0.0,0.9218488125,0.688948375,-0.040792625
0.4375,0.8125,0.0625,0.9090445625,0.695149375,0.02495725
0.4375,0.8125,0.125,0.8962403124999999,0.701350375,0.090707125
0.4375,0.8125,0.1875,0.8834360625,0.707551375,0.15645699999999998
0.4375,0.8125,0.25,0.8706318125,0.713752375,0.222206875
0.4375,0.8125,0.3125,0.8578275624999999,0.7199533749999999,0.28795675
0.4375,0.8125,0.375,0.8450233125,0.7261543749999999,0.35370662499999994
0.4375,0.8125,0.4375,0.8322190625,0.7323553749999999,0.4194565
0.4375,0.8125,0.5,0.8194148124999999,0.7385563749999999,0.48520637499999997
0.4375,0.8125,0.5625,0.8066105625,0.7447573749999999,0.5509562499999999
0.4375,0.8125,0.625,0.7938063124999999,0.750958375,0.616706125
0.4375,0.8125,0.6875,0.7810020624999999,0.757159375,0.682456
0.4375,0.8125,0.75,0.7681978125,0.763360375,0.7482058749999999
0.4375,0.8125,0.8125,0.7553935624999999,0.769561375,0.81395575
0.4375,0.8125,0.875,0.7425893124999999,0.775762375,0.8797056249999999
0.4375,0.8125,0.9375,0.7297850625,0.7819633749999999,0.9454555
0.4375,0.8125,1.0,0.7169808124999999,0.7881643749999999,1.011205375
0.4375,0.875,0.0,0.9876352500000001,0.7380909375,-0.043799875
0.4375,0.875,0.0625,0.9748310000000001,0.7442919375,0.021949999999999997
0.4375,0.875,0.125,0.96202675,0.7504929375,0.087699875
0.4375,0.875,0.1875,0.9492225000000001,0.7566939375,0.15344975
0.4375,0.875,0.25,0.9364182500000001,0.7628949375,0.219199625
0.4375,0.875,0.3125,0.923614,0.7690959374999999,0.2849495
0.4375,0.875,0.375,0.9108097500000001,0.7752969375,0.350699375
0.4375,0.875,0.4375,0.8980055000000001,0.7814979375,0.41644925
0.4375,0.875,0.5,0.88520125,0.7876989375,0.482199125
0.4375,0.875,0.5625,0.8723970000000001,0.7938999375,0.5479489999999999
0.4375,0.875,0.625,0.85959275,0.8001009375,0.613698875
0.4375,0.875,0.6875,0.8467885,0.8063019375,0.6794487499999999
0.4375,0.875,0.75,0.8339842500000001,0.8125029375,0.7451986249999999
0.4375,0.875,0.8125,0.82118,0.8187039375,0.8109485
0.4375,0.875,0.875,0.8083757500000001,0.8249049374999999,0.8766983749999999
0.4375,0.875,0.9375,0.7955715000000001,0.8311059375,0.94244825
0.4375,0.875,1.0,0.78276725,0.8373069375,1.008198125
0.4375,0.9375,0.0,1.0534216875,0.7872334999999999,-0.046807125
0.4375,0.9375,0.0625,1.0406174375,0.7934344999999999,0.01894275
0.4375,0.9375,0.125,1.0278131875,0.7996354999999999,0.084692625
0.4375,0.9375,0.1875,1.0150089375,0.8058365,0.15044249999999998
0.4375,0.9375,0.25,1.0022046875,0.8120375,0.216192375
0.4375,0.9375,0.3125,0.9894004375,0.8182384999999999,0.28194225
0.4375,0.9375,0.375,0.9765961875,0.8244394999999999,0.34769212499999996
0.4375,0.9375,0.4375,0.9637919375,0.8306404999999999,0.413442
0.4375,0.9375,0.5,0.9509876875,0.8368414999999999,0.479191875
0.4375,0.9375,0.5625,0.9381834375,0.8430424999999999,0.54494175
0.4375,0.9375,0.625,0.9253791874999999,0.8492434999999999,0.6106916250000001
0.4375,0.9375,0.6875,0.9125749375,0.8554444999999999,0.6764415
0.4375,0.9375,0.75,0.8997706875,0.8616455,0.742191375
0.4375,0.9375,0.8125,0.8869664374999999,0.8678465,0.80794125
0.4375,0.9375,0.875,0.8741621875,0.8740474999999999,0.873691125
0.4375,0.9375,0.9375,0.8613579375,0.8802484999999999,0.9394410000000001
0.4375,0.9375,1.0,0.8485536874999999,0.8864494999999999,1.005190875
0.4375,1.0,0.0,1.119208125,0.8363760625,-0.049814375
0.4375,1.0,0.0625,1.106403875,0.8425770625,0.0159355
0.4375,1.0,0.125,1.0935996250000002,0.8487780625,0.081685375
0.4375,1.0,0.1875,1.0807953750000001,0.8549790625,0.14743525
0.4375,1.0,0.25,1.067991125,0.8611800625,0.213185125
0.4375,1.0,0.3125,1.0551868750000002,0.8673810624999999,0.278935
0.4375,1.0,0.375,1.0423826250000001,0.8735820624999999,0.34468487499999995
0.4375,1.0,0.4375,1.029578375,0.8797830624999999,0.41043474999999996
0.4375,1.0,0.5,1.0167741250000002,0.8859840625,0.476184625
0.4375,1.0,0.5625,1.0039698750000001,0.8921850625,0.5419345
0.4375,1.0,0.625,0.991165625,0.8983860625,0.607684375
0.4375,1.0,0.6875,0.9783613750000001,0.9045870625,0.67343425
0.4375,1.0,0.75,0.9655571250000001,0.9107880625,0.739184125
0.4375,1.0,0.8125,0.952752875,0.9169890625,0.804934
0.4375,1.0,0.875,0.9399486250000001,0.9231900625,0.870683875
0.4375,1.0,0.9375,0.9271443750000001,0.9293910624999999,0.9364337500000001
0.4375,1.0,1.0,0.9143401250000001,0.9355920624999999,1.002183625
0.5,0.0,0.0,0.076143,0.0572515,-0.001941
0.5,0.0,0.0625,0.06333875,0.0634525,0.063808875
0.5,0.0,0.125,0.0505345,0.0696535,0.12955875
0.5,0.0,0.1875,0.03773025000000001,0.07585449999999999,0.19530862499999999
0.5,0.0,0.25,0.024926000000000004,0.0820555,0.26105849999999997
0.5,0.0,0.3125,0.01212175,0.08825649999999999,0.326808375
0.5,0.0,0.375,-0.0006824999999999887,0.0944575,0.39255824999999994
0.5,0.0,0.4375,-0.013486749999999992,0.1006585,0.45830812499999996
0.5,0.0,0.5,-0.026290999999999995,0.1068595,0.524058
0.5,0.0,0.5625,-0.03909525,0.1130605,0.589807875
0.5,0.0,0.625,-0.0518995,0.11926149999999999,0.65555775
0.5,0.0,0.6875,-0.06470374999999999,0.12546249999999998,0.721307625
0.5,0.0,0.75,-0.07750799999999998,0.1316635,0.7870575
0.5,0.0,0.8125,-0.09031225,0.1378645,0.852807375
0.5,0.0,0.875,-0.10311649999999999,0.1440655,0.91855725
0.5,0.0,0.9375,-0.11592075,0.1502665,0.9843071250000001
0.5,0.0,1.0,-0.12872499999999998,0.15646749999999998,1.050057
0.5,0.0625,0.0,0.1419294375,0.1063940625,-0.0049482499999999995
0.5,0.0625,0.0625,0.12912518750000002,0.1125950625,0.060801625
0.5,0.0625,0.125,0.1163209375,0.1187960625,0.1265515
0.5,0.0625,0.1875,0.10351668750000001,0.1249970625,0.192301375
0.5,0.0625,0.25,0.0907124375,0.1311980625,0.25805125
0.5,0.0625,0.3125,0.0779081875,0.1373990625,0.323801125
0.5,0.0625,0.375,0.06510393750000001,0.14360006250000001,0.389551
0.5,0.0625,0.4375,0.05229968750000001,0.1498010625,0.455300875
0.5,0.0625,0.5,0.03949543750000001,0.15600206249999998,0.52105075
0.5,0.0625,0.5625,0.026691187500000005,0.1622030625,0.586800625
0.5,0.0625,0.625,0.013886937500000002,0.1684040625,0.6525505
0.5,0.0625,0.6875,0.0010826875000000125,0.1746050625,0.718300375
0.5,0.0625,0.75,-0.011721562499999977,0.1808060625,0.78405025
0.5,0.0625,0.8125,-0.024525812499999994,0.1870070625,0.849800125
0.5,0.0625,0.875,-0.03733006249999998,0.1932080625,0.91555
0.5,0.0625,0.9375,-0.0501343125,0.1994090625,0.981299875
0.5,0.0625,1.0,-0.06293856249999999,0.2056100625,1.04704975
0.5,0.125,0.0,0.207715875,0.15553662499999998,-0.0079555
0.5,0.125,0.0625,0.194911625,0.161737625,0.057794374999999995
0.5,0.125,0.125,0.182107375,0.16793862499999998,0.12354425
0.5,0.125,0.1875,0.169303125,0.174139625,0.18929412499999998
0.5,0.125,0.25,0.15649887499999998,0.18034062499999998,0.255044
0.5,0.125,0.3125,0.143694625,0.186541625,0.320793875
0.5,0.125,0.375,0.130890375,0.192742625,0.38654374999999996
0.5,0.125,0.4375,0.118086125,0.19894362499999999,0.452293625
0.5,0.125,0.5,0.105281875,0.20514462499999997,0.5180435
0.5,0.125,0.5625,0.092477625,0.21134562499999998,0.583793375
0.5,0.125,0.625,0.07967337499999999,0.217546625,0.64954325
0.5,0.125,0.6875,0.066869125,0.22374762499999998,0.715293125
0.5,0.125,0.75,0.05406487500000001,0.229948625,0.7810429999999999
0.5,0.125,0.8125,0.041260624999999995,0.23614962499999997,0.846792875
0.5,0.125,0.875,0.028456375000000006,0.242350625,0.91254275
0.5,0.125,0.9375,0.01565212499999999,0.248551625,0.978292625
0.5,0.125,1.0,0.0028478749999999997,0.25475262499999995,1.0440425
0.5,0.1875,0.0,0.2735023125,0.20467918750000003,-0.01096275
0.5,0.1875,0.0625,0.2606980625,0.21088018750000004,0.054787125
0.5,0.1875,0.125,0.2478938125,0.21708118750000002,0.120537
0.5,0.1875,0.1875,0.23508956250000002,0.22328218750000003,0.186286875
0.5,0.1875,0.25,0.2222853125,0.22948318750000002,0.25203675
0.5,0.1875,0.3125,0.2094810625,0.23568418750000003,0.317786625
0.5,0.1875,0.375,0.19667681250000002,0.24188518750000004,0.38353649999999995
0.5,0.1875,0.4375,0.1838725625,0.24808618750000003,0.44928637499999996
0.5,0.1875,0.5,0.1710683125,0.2542871875,0.51503625
0.5,0.1875,0.5625,0.15826406250000002,0.2604881875,0.5807861249999999
0.5,0.1875,0.625,0.1454598125,0.26668918750000004,0.646536
0.5,0.1875,0.6875,0.13265556250000002,0.27289018750000005,0.712285875
0.5,0.1875,0.75,0.11985131250000003,0.27909118750000006,0.7780357499999999
0.5,0.1875,0.8125,0.10704706250000001,0.2852921875,0.843785625
0.5,0.1875,0.875,0.09424281250000002,0.29149318750000003,0.9095354999999999
0.5,0.1875,0.9375,0.0814385625,0.29769418750000004,0.975285375
0.5,0.1875,1.0,0.06863431250000002,0.3038951875,1.04103525
0.5,0.25,0.0,0.33928875000000003,0.25382175,-0.01397
0.5,0.25,0.0625,0.3264845,0.26002275,0.051779875
0.5,0.25,0.125,0.31368025000000005,0.26622375000000004,0.11752975
0.5,0.25,0.1875,0.30087600000000003,0.27242475,0.18327962499999997
0.5,0.25,0.25,0.28807175,0.27862575,0.2490295
0.5,0.25,0.3125,0.2752675,0.28482675,0.31477937500000003
0.5,0.25,0.375,0.26246325000000004,0.29102775000000003,0.38052925
0.5,0.25,0.4375,0.24965900000000002,0.29722875000000004,0.446279125
0.5,0.25,0.5,0.23685475000000003,0.30342975,0.512029
0.5,0.25,0.5625,0.22405050000000004,0.30963075,0.5777788749999999
0.5,0.25,0.625,0.21124625000000002,0.31583175,0.64352875
0.5,0.25,0.6875,0.19844200000000004,0.32203275,0.7092786249999999
0.5,0.25,0.75,0.18563775000000005,0.32823375,0.7750284999999999
0.5,0.25,0.8125,0.17283350000000003,0.33443475,0.840778375
0.5,0.25,0.875,0.16002925000000004,0.34063575,0.9065282499999999
0.5,0.25,0.9375,0.14722500000000002,0.34683675,0.972278125
0.5,0.25,1.0,0.13442075000000003,0.35303775000000004,1.038028
0.5,0.3125,0.0,0.40507518750000004,0.3029643125,-0.01697725
0.5,0.3125,0.0625,0.3922709375,0.3091653125,0.048772625
0.5,0.3125,0.125,0.37946668750000007,0.3153663125,0.1145225
0.5,0.3125,0.1875,0.36666243750000005,0.3215673125,0.18027237499999998
0.5,0.3125,0.25,0.35385818750000003,0.3277683125,0.24602225
0.5,0.3125,0.3125,0.3410539375,0.3339693125,0.311772125
0.5,0.3125,0.375,0.32824968750000005,0.3401703125,0.37752199999999997
0.5,0.3125,0.4375,0.31544543750000004,0.3463713125,0.443271875
0.5,0.3125,0.5,0.3026411875,0.3525723125,0.50902175
0.5,0.3125,0.5625,0.28983693750000006,0.3587733125,0.5747716249999999
0.5,0.3125,0.625,0.27703268750000004,0.3649743125,0.6405215
0.5,0.3125,0.6875,0.2642284375,0.3711753125,0.706271375
0.5,0.3125,0.75,0.25142418750000006,0.37737631250000003,0.7720212499999999
0.5,0.3125,0.8125,0.23861993750000005,0.3835773125,0.837771125
0.5,0.3125,0.875,0.22581568750000006,0.3897783125,0.903521
0.5,0.3125,0.9375,0.21301143750000004,0.3959793125,0.9692708750000001
0.5,0.3125,1.0,0.20020718750000005,0.40218031249999997,1.03502075
0.5,0.375,0.0,0.470861625,0.35210687500000004,-0.019984500000000002
0.5,0.375,0.0625,0.458057375,0.35830787500000005,0.045765375
0.5,0.375,0.125,0.445253125,0.36450887500000007,0.11151525
0.5,0.375,0.1875,0.432448875,0.370709875,0.17726512499999997
0.5,0.375,0.25,0.419644625,0.37691087500000003,0.24301499999999998
0.5,0.375,0.3125,0.40684037500000003,0.38311187500000005,0.308764875
0.5,0.375,0.375,0.394036125,0.38931287500000006,0.37451474999999995
0.5,0.375,0.4375,0.381231875,0.395513875,0.44026462499999997
0.5,0.375,0.5,0.36842762500000004,0.401714875,0.5060145
0.5,0.375,0.5625,0.355623375,0.40791587500000004,0.571764375
0.5,0.375,0.625,0.342819125,0.41411687500000005,0.6375142500000001
0.5,0.375,0.6875,0.33001487500000004,0.42031787500000006,0.703264125
0.5,0.375,0.75,0.317210625,0.4265188750000001,0.769014
0.5,0.375,0.8125,0.304406375,0.43271987500000003,0.834763875
0.5,0.375,0.875,0.29160212500000005,0.43892087500000004,0.90051375
0.5,0.375,0.9375,0.278797875,0.44512187500000006,0.9662636250000001
0.5,0.375,1.0,0.265993625,0.451322875,1.0320135
0.5,0.4375,0.0,0.5366480625,0.40124943750000003,-0.02299175
0.5,0.4375,0.0625,0.5238438125,0.40745043750000004,0.042758125
0.5,0.4375,0.125,0.5110395624999999,0.41365143750000005,0.108508
0.5,0.4375,0.1875,0.49823531249999997,0.4198524375,0.17425787499999998
0.5,0.4375,0.25,0.48543106249999995,0.4260534375,0.24000775
0.5,0.4375,0.3125,0.47262681249999994,0.43225443750000003,0.30575762500000003
0.5,0.4375,0.375,0.4598225625,0.43845543750000004,0.3715075
0.5,0.4375,0.4375,0.44701831249999996,0.44465643750000006,0.437257375
0.5,0.4375,0.5,0.43421406249999994,0.4508574375,0.50300725
0.5,0.4375,0.5625,0.4214098125,0.4570584375,0.568757125
0.5,0.4375,0.625,0.40860556249999996,0.46325943750000004,0.634507
0.5,0.4375,0.6875,0.39580131249999995,0.4694604375,0.700256875
0.5,0.4375,0.75,0.3829970625,0.4756614375,0.76600675
0.5,0.4375,0.8125,0.37019281249999997,0.4818624375,0.831756625
0.5,0.4375,0.875,0.35738856249999995,0.48806343750000003,0.8975065
0.5,0.4375,0.9375,0.3445843125,0.49426443750000004,0.963256375
0.5,0.4375,1.0,0.3317800625,0.5004654375,1.02900625
0.5,0.5,0.0,0.6024345,0.450392,-0.025999
0.5,0.5,0.0625,0.58963025,0.456593,0.039750875
0.5,0.5,0.125,0.576826,0.46279400000000004,0.10550075
0.5,0.5,0.1875,0.56402175,0.468995,0.171250625
0.5,0.5,0.25,0.5512175,0.475196,0.2370005
0.5,0.5,0.3125,0.53841325,0.481397,0.302750375
0.5,0.5,0.375,0.525609,0.48759800000000003,0.36850025
0.5,0.5,0.4375,0.51280475,0.493799,0.434250125
0.5,0.5,0.5,0.5000005,0.5,0.5
0.5,0.5,0.5625,0.48719625,0.506201,0.565749875
0.5,0.5,0.625,0.474392,0.512402,0.63149975
0.5,0.5,0.6875,0.46158774999999996,0.518603,0.697249625
0.5,0.5,0.75,0.4487835,0.524804,0.7629994999999999
0.5,0.5,0.8125,0.43597925,0.5310050000000001,0.828749375
0.5,0.5,0.875,0.42317499999999997,0.5372060000000001,0.89449925
0.5,0.5,0.9375,0.41037075,0.543407,0.960249125
0.5,0.5,1.0,0.3975665,0.549608,1.0259989999999999
0.5,0.5625,0.0,0.6682209375,0.4995345625,-0.029006249999999997
0.5,0.5625,0.0625,0.6554166875,0.5057355625,0.036743625
0.5,0.5625,0.125,0.6426124375,0.5119365625,0.1024935
0.5,0.5625,0.1875,0.6298081875,0.5181375625,0.16824337499999997
0.5,0.5625,0.25,0.6170039375,0.5243385625,0.23399324999999999
0.5,0.5625,0.3125,0.6041996875,0.5305395625,0.299743125
0.5,0.5625,0.375,0.5913954375,0.5367405625,0.36549299999999996
0.5,0.5625,0.4375,0.5785911875,0.5429415625,0.43124287499999997
0.5,0.5625,0.5,0.5657869375,0.5491425625,0.49699275
0.5,0.5625,0.5625,0.5529826875,0.5553435625,0.5627426249999999
0.5,0.5625,0.625,0.5401784375,0.5615445625,0.6284925
0.5,0.5625,0.6875,0.5273741875,0.5677455625,0.694242375
0.5,0.5625,0.75,0.5145699375,0.5739465625,0.7599922499999999
0.5,0.5625,0.8125,0.5017656875000001,0.5801475625,0.825742125
0.5,0.5625,0.875,0.4889614375,0.5863485625,0.891492
0.5,0.5625,0.9375,0.4761571875,0.5925495625,0.957241875
0.5,0.5625,1.0,0.4633529375,0.5987505625,1.02299175
0.5,0.625,0.0,0.734007375,0.548677125,-0.0320135
0.5,0.625,0.0625,0.7212031250000001,0.554878125,0.033736375
0.5,0.625,0.125,0.708398875,0.561079125,0.09948625
0.5,0.625,0.1875,0.695594625,0.567280125,0.16523612499999998
0.5,0.625,0.25,0.6827903750000001,0.573481125,0.230986
0.5,0.625,0.3125,0.669986125,0.5796821249999999,0.296735875
0.5,0.625,0.375,0.657181875,0.585883125,0.36248574999999994
0.5,0.625,0.4375,0.6443776250000001,0.592084125,0.428235625
0.5,0.625,0.5,0.631573375,0.598285125,0.49398549999999997
0.5,0.625,0.5625,0.618769125,0.604486125,0.5597353749999999
0.5,0.625,0.625,0.605964875,0.610687125,0.62548525
0.5,0.625,0.6875,0.593160625,0.616888125,0.691235125
0.5,0.625,0.75,0.580356375,0.623089125,0.7569849999999999
0.5,0.625,0.8125,0.567552125,0.629290125,0.822734875
0.5,0.625,0.875,0.554747875,0.6354911249999999,0.8884847499999999
0.5,0.625,0.9375,0.541943625,0.641692125,0.954234625
0.5,0.625,1.0,0.529139375,0.647893125,1.0199845
0.5,0.6875,0.0,0.7997938125,0.5978196875,-0.035020749999999996
0.5,0.6875,0.0625,0.7869895625000001,0.6040206875,0.030729125000000003
0.5,0.6875,0.125,0.7741853125,0.6102216875,0.09647900000000001
0.5,0.6875,0.1875,0.7613810625,0.6164226875000001,0.162228875
0.5,0.6875,0.25,0.7485768125000001,0.6226236875000001,0.22797875
0.5,0.6875,0.3125,0.7357725625,0.6288246875,0.293728625
0.5,0.6875,0.375,0.7229683125,0.6350256875,0.3594785
0.5,0.6875,0.4375,0.7101640625000001,0.6412266875,0.425228375
0.5,0.6875,0.5,0.6973598125,0.6474276875,0.49097825
0.5,0.6875,0.5625,0.6845555625,0.6536286875,0.5567281249999999
0.5,0.6875,0.625,0.6717513125000001,0.6598296875,0.622478
0.5,0.6875,0.6875,0.6589470625,0.6660306875,0.6882278749999999
0.5,0.6875,0.75,0.6461428125,0.6722316875000001,0.7539777499999999
0.5,0.6875,0.8125,0.6333385625000001,0.6784326875000001,0.819727625
0.5,0.6875,0.875,0.6205343125,0.6846336875000001,0.8854774999999999
0.5,0.6875,0.9375,0.6077300625000001,0.6908346875,0.951227375
0.5,0.6875,1.0,0.5949258125000001,0.6970356875,1.01697725
0.5,0.75,0.0,0.8655802499999999,0.6469622500000001,-0.038028
0.5,0.75,0.0625,0.852776,0.6531632500000001,0.027721875
0.5,0.75,0.125,0.8399717499999999,0.6593642500000001,0.09347174999999999
0.5,0.75,0.1875,0.8271674999999999,0.6655652500000001,0.15922162499999998
0.5,0.75,0.25,0.81436325,0.6717662500000001,0.2249715
0.5,0.75,0.3125,0.8015589999999999,0.67796725,0.290721375
0.5,0.75,0.375,0.78875475,0.68416825,0.35647124999999996
0.5,0.75,0.4375,0.7759505,0.69036925,0.422221125
0.5,0.75,0.5,0.7631462499999999,0.6965702500000001,0.487971
0.5,0.75,0.5625,0.750342,0.7027712500000001,0.553720875
0.5,0.75,0.625,0.73753775,0.7089722500000001,0.6194707500000001
0.5,0.75,0.6875,0.7247334999999999,0.7151732500000001,0.685220625
0.5,0.75,0.75,0.71192925,0.7213742500000001,0.7509705
0.5,0.75,0.8125,0.699125,0.7275752500000001,0.816720375
0.5,0.75,0.875,0.6863207499999999,0.73377625,0.88247025
0.5,0.75,0.9375,0.6735165,0.73997725,0.9482201250000001
0.5,0.75,1.0,0.66071225,0.74617825,1.01397
0.5,0.8125,0.0,0.9313666875,0.6961048125,-0.041035249999999995
0.5,0.8125,0.0625,0.9185624375,0.7023058125,0.024714625000000004
0.5,0.8125,0.125,0.9057581874999999,0.7085068125,0.0904645
0.5,0.8125,0.1875,0.8929539375,0.7147078125,0.156214375
0.5,0.8125,0.25,0.8801496875,0.7209088125,0.22196425
0.5,0.8125,0.3125,0.8673454374999999,0.7271098125,0.28771412500000004
0.5,0.8125,0.375,0.8545411875,0.7333108125,0.353464
0.5,0.8125,0.4375,0.8417369375,0.7395118125,0.41921387499999996
0.5,0.8125,0.5,0.8289326874999999,0.7457128125,0.48496375
0.5,0.8125,0.5625,0.8161284375,0.7519138125,0.550713625
0.5,0.8125,0.625,0.8033241874999999,0.7581148125,0.6164635
0.5,0.8125,0.6875,0.7905199374999999,0.7643158125,0.682213375
0.5,0.8125,0.75,0.7777156875,0.7705168125,0.74796325
0.5,0.8125,0.8125,0.7649114374999999,0.7767178125,0.813713125
0.5,0.8125,0.875,0.7521071874999999,0.7829188125,0.879463
0.5,0.8125,0.9375,0.7393029375,0.7891198125,0.9452128750000001
0.5,0.8125,1.0,0.7264986874999999,0.7953208125,1.01096275
0.5,0.875,0.0,0.997153125,0.745247375,-0.0440425
0.5,0.875,0.0625,0.984348875,0.7514483750000001,0.021707375
0.5,0.875,0.125,0.9715446249999999,0.7576493750000001,0.08745725
0.5,0.875,0.1875,0.958740375,0.7638503750000001,0.153207125
0.5,0.875,0.25,0.945936125,0.7700513750000001,0.218957
0.5,0.875,0.3125,0.9331318749999999,0.776252375,0.284706875
0.5,0.875,0.375,0.920327625,0.782453375,0.35045675
0.5,0.875,0.4375,0.907523375,0.788654375,0.416206625
0.5,0.875,0.5,0.894719125,0.794855375,0.4819565
0.5,0.875,0.5625,0.881914875,0.801056375,0.547706375
0.5,0.875,0.625,0.869110625,0.807257375,0.61345625
0.5,0.875,0.6875,0.856306375,0.8134583750000001,0.679206125
0.5,0.875,0.75,0.843502125,0.8196593750000001,0.744956
0.5,0.875,0.8125,0.830697875,0.8258603750000001,0.810705875
0.5,0.875,0.875,0.817893625,0.8320613750000001,0.87645575
0.5,0.875,0.9375,0.805089375,0.838262375,0.942205625
0.5,0.875,1.0,0.792285125,0.844463375,1.0079555
0.5,0.9375,0.0,1.0629395625,0.7943899375,-0.047049749999999994
0.5,0.9375,0.0625,1.0501353125,0.8005909375,0.018700125000000005
0.5,0.9375,0.125,1.0373310625,0.8067919375,0.08445
0.5,0.9375,0.1875,1.0245268125,0.8129929375,0.15019987499999998
0.5,0.9375,0.25,1.0117225625,0.8191939375,0.21594975
0.5,0.9375,0.3125,0.9989183125,0.8253949374999999,0.281699625
0.5,0.9375,0.375,0.9861140625,0.8315959374999999,0.34744949999999997
0.5,0.9375,0.4375,0.9733098125,0.8377969375,0.413199375
0.5,0.9375,0.5,0.9605055625,0.8439979375,0.47894925
0.5,0.9375,0.5625,0.9477013125,0.8501989375,0.544699125
0.5,0.9375,0.625,0.9348970624999999,0.8563999375,0.610449
0.5,0.9375,0.6875,0.9220928125,0.8626009375,0.676198875
0.5,0.9375,0.75,0.9092885625,0.8688019375,0.7419487499999999
0.5,0.9375,0.8125,0.8964843124999999,0.8750029375,0.807698625
0.5,0.9375,0.875,0.8836800625,0.8812039375,0.8734485
0.5,0.9375,0.9375,0.8708758125,0.8874049374999999,0.939198375
0.5,0.9375,1.0,0.8580715624999999,0.8936059375,1.00494825
0.5,1.0,0.0,1.1287260000000001,0.8435325,-0.050057
0.5,1.0,0.0625,1.11592175,0.8497335,0.015692875000000002
0.5,1.0,0.125,1.1031175000000002,0.8559345,0.08144275000000001
0.5,1.0,0.1875,1.0903132500000001,0.8621355,0.147192625
0.5,1.0,0.25,1.077509,0.8683365000000001,0.2129425
0.5,1.0,0.3125,1.0647047500000002,0.8745375,0.278692375
0.5,1.0,0.375,1.0519005000000001,0.8807385,0.34444224999999995
0.5,1.0,0.4375,1.03909625,0.8869395,0.41019212499999996
0.5,1.0,0.5,1.0262920000000002,0.8931405,0.475942
0.5,1.0,0.5625,1.0134877500000001,0.8993415,0.5416918749999999
0.5,1.0,0.625,1.0006835,0.9055425,0.60744175
0.5,1.0,0.6875,0.9878792500000001,0.9117435,0.673191625
0.5,1.0,0.75,0.9750750000000001,0.9179445,0.7389414999999999
0.5,1.0,0.8125,0.9622707500000001,0.9241455000000001,0.804691375
0.5,1.0,0.875,0.9494665000000001,0.9303465,0.8704412499999999
0.5,1.0,0.9375,0.9366622500000001,0.9365475,0.936191125
0.5,1.0,1.0,0.9238580000000001,0.9427485,1.001941
0.5625,0.0,0.0,0.085660875,0.0644079375,-0.002183625
0.5625,0.0,0.0625,0.072856625,0.0706089375,0.06356625
0.5625,0.0,0.125,0.060052375,0.0768099375,0.129316125
0.5625,0.0,0.1875,0.047248125,0.08301093749999999,0.195066
0.5625,0.0,0.25,0.034443875,0.0892119375,0.260815875
0.5625,0.0,0.3125,0.021639624999999996,0.09541293749999999,0.32656575
0.5625,0.0,0.375,0.008835375000000006,0.1016139375,0.39231562499999995
0.5625,0.0,0.4375,-0.003968874999999997,0.1078149375,0.45806549999999996
0.5625,0.0,0.5,-0.016773125,0.1140159375,0.523815375
0.5625,0.0,0.5625,-0.029577375000000003,0.1202169375,0.5895652499999999
0.5625,0.0,0.625,-0.042381625000000006,0.1264179375,0.655315125
0.5625,0.0,0.6875,-0.055185874999999995,0.13261893749999998,0.721065
0.5625,0.0,0.75,-0.06799012499999998,0.1388199375,0.7868148749999999
0.5625,0.0,0.8125,-0.080794375,0.1450209375,0.85256475
0.5625,0.0,0.875,-0.09359862499999999,0.15122193750000001,0.9183146249999999
0.5625,0.0,0.9375,-0.10640287500000001,0.1574229375,0.9840645
0.5625,0.0,1.0,-0.119207125,0.16362393749999998,1.049814375
0.5625,0.0625,0.0,0.1514473125,0.1135505,-0.005190874999999999
0.5625,0.0625,0.0625,0.1386430625,0.1197515,0.060559
0.5625,0.0625,0.125,0.12583881249999998,0.1259525,0.126308875
0.5625,0.0625,0.1875,0.11303456249999999,0.1321535,0.19205874999999997
0.5625,0.0625,0.25,0.10023031249999999,0.1383545,0.257808625
0.5625,0.0625,0.3125,0.08742606249999998,0.1445555,0.3235585
0.5625,0.0625,0.375,0.0746218125,0.15075650000000002,0.389308375
0.5625,0.0625,0.4375,0.06181756249999999,0.1569575,0.45505825
0.5625,0.0625,0.5,0.04901331249999999,0.16315849999999998,0.520808125
0.5625,0.0625,0.5625,0.036209062499999986,0.1693595,0.5865579999999999
0.5625,0.0625,0.625,0.023404812499999983,0.1755605,0.652307875
0.5625,0.0625,0.6875,0.010600562499999994,0.1817615,0.7180577499999999
0.5625,0.0625,0.75,-0.0022036874999999956,0.1879625,0.7838076249999999
0.5625,0.0625,0.8125,-0.015007937500000013,0.1941635,0.8495575
0.5625,0.0625,0.875,-0.027812187500000002,0.2003645,0.9153073749999999
0.5625,0.0625,0.9375,-0.04061643750000002,0.2065655,0.98105725
0.5625,0.0625,1.0,-0.05342068750000001,0.2127665,1.046807125
0.5625,0.125,0.0,0.21723375,0.16269306249999999,-0.008198125
0.5625,0.125,0.0625,0.20442950000000001,0.1688940625,0.05755175
0.5625,0.125,0.125,0.19162525,0.17509506249999998,0.123301625
0.5625,0.125,0.1875,0.178821,0.1812960625,0.18905149999999998
0.5625,0.125,0.25,0.16601675,0.18749706249999998,0.254801375
0.5625,0.125,0.3125,0.1532125,0.1936980625,0.32055125
0.5625,0.125,0.375,0.14040825,0.1998990625,0.38630112499999997
0.5625,0.125,0.4375,0.127604,0.2061000625,0.452051
0.5625,0.125,0.5,0.11479975,0.21230106249999997,0.517800875
0.5625,0.125,0.5625,0.1019955,0.21850206249999998,0.5835507499999999
0.5625,0.125,0.625,0.08919125,0.2247030625,0.649300625
0.5625,0.125,0.6875,0.07638700000000001,0.23090406249999998,0.7150505
0.5625,0.125,0.75,0.06358275000000002,0.2371050625,0.7808003749999999
0.5625,0.125,0.8125,0.050778500000000004,0.24330606249999998,0.84655025
0.5625,0.125,0.875,0.037974250000000015,0.2495070625,0.912300125
0.5625,0.125,0.9375,0.025169999999999998,0.2557080625,0.9780500000000001
0.5625,0.125,1.0,0.012365750000000009,0.2619090625,1.043799875
0.5625,0.1875,0.0,0.2830201875,0.21183562500000003,-0.011205375
0.5625,0.1875,0.0625,0.2702159375,0.21803662500000004,0.054544499999999996
0.5625,0.1875,0.125,0.25741168750000004,0.22423762500000002,0.120294375
0.5625,0.1875,0.1875,0.24460743750000002,0.23043862500000004,0.18604425
0.5625,0.1875,0.25,0.2318031875,0.23663962500000002,0.251794125
0.5625,0.1875,0.3125,0.21899893750000002,0.24284062500000003,0.317544
0.5625,0.1875,0.375,0.20619468750000003,0.24904162500000004,0.38329387499999995
0.5625,0.1875,0.4375,0.1933904375,0.25524262500000006,0.44904374999999996
0.5625,0.1875,0.5,0.18058618750000002,0.261443625,0.514793625
0.5625,0.1875,0.5625,0.16778193750000003,0.267644625,0.5805435
0.5625,0.1875,0.625,0.15497768750000002,0.27384562500000004,0.6462933750000001
0.5625,0.1875,0.6875,0.14217343750000003,0.280046625,0.71204325
0.5625,0.1875,0.75,0.12936918750000004,0.286247625,0.777793125
0.5625,0.1875,0.8125,0.11656493750000002,0.292448625,0.843543
0.5625,0.1875,0.875,0.10376068750000003,0.29864962500000003,0.909292875
0.5625,0.1875,0.9375,0.09095643750000001,0.30485062500000004,0.9750427500000001
0.5625,0.1875,1.0,0.07815218750000003,0.31105162500000005,1.040792625
0.5625,0.25,0.0,0.34880662500000004,0.2609781875,-0.014212625
0.5625,0.25,0.0625,0.336002375,0.2671791875,0.05153725
0.5625,0.25,0.125,0.32319812500000006,0.27338018750000004,0.11728712499999999
0.5625,0.25,0.1875,0.31039387500000004,0.2795811875,0.18303699999999998
0.5625,0.25,0.25,0.297589625,0.2857821875,0.248786875
0.5625,0.25,0.3125,0.284785375,0.2919831875,0.31453675000000003
0.5625,0.25,0.375,0.27198112500000005,0.29818418750000003,0.380286625
0.5625,0.25,0.4375,0.25917687500000003,0.3043851875,0.4460365
0.5625,0.25,0.5,0.24637262500000004,0.3105861875,0.511786375
0.5625,0.25,0.5625,0.23356837500000005,0.3167871875,0.57753625
0.5625,0.25,0.625,0.22076412500000003,0.3229881875,0.643286125
0.5625,0.25,0.6875,0.20795987500000004,0.32918918750000004,0.709036
0.5625,0.25,0.75,0.19515562500000005,0.33539018750000005,0.774785875
0.5625,0.25,0.8125,0.18235137500000004,0.3415911875,0.84053575
0.5625,0.25,0.875,0.16954712500000005,0.3477921875,0.906285625
0.5625,0.25,0.9375,0.15674287500000003,0.35399318750000003,0.9720355
0.5625,0.25,1.0,0.14393862500000004,0.3601941875,1.037785375
0.5625,0.3125,0.0,0.41459306250000005,0.31012075,-0.017219875
0.5625,0.3125,0.0625,0.40178881250000004,0.31632175,0.048530000000000004
0.5625,0.3125,0.125,0.3889845625000001,0.32252275,0.114279875
0.5625,0.3125,0.1875,0.37618031250000006,0.32872375,0.18002975
0.5625,0.3125,0.25,0.36337606250000004,0.33492475,0.245779625
0.5625,0.3125,0.3125,0.3505718125,0.34112575,0.3115295
0.5625,0.3125,0.375,0.33776756250000006,0.34732675,0.377279375
0.5625,0.3125,0.4375,0.32496331250000005,0.35352775000000003,0.44302925
0.5625,0.3125,0.5,0.31215906250000003,0.35972875,0.508779125
0.5625,0.3125,0.5625,0.29935481250000007,0.36592975,0.574529
0.5625,0.3125,0.625,0.28655056250000005,0.37213075,0.640278875
0.5625,0.3125,0.6875,0.27374631250000003,0.37833174999999997,0.70602875
0.5625,0.3125,0.75,0.26094206250000007,0.38453275,0.7717786249999999
0.5625,0.3125,0.8125,0.24813781250000005,0.39073375,0.8375285
0.5625,0.3125,0.875,0.23533356250000007,0.39693475,0.903278375
0.5625,0.3125,0.9375,0.22252931250000005,0.40313575,0.96902825
0.5625,0.3125,1.0,0.20972506250000006,0.40933675,1.0347781249999999
0.5625,0.375,0.0,0.48037949999999996,0.35926331250000004,-0.020227125
0.5625,0.375,0.0625,0.46757524999999994,0.36546431250000005,0.04552275
0.5625,0.375,0.125,0.454771,0.37166531250000007,0.111272625
0.5625,0.375,0.1875,0.44196674999999996,0.3778663125,0.17702249999999997
0.5625,0.375,0.25,0.42916249999999995,0.38406731250000004,0.24277237499999998
0.5625,0.375,0.3125,0.41635824999999993,0.39026831250000005,0.30852225
0.5625,0.375,0.375,0.40355399999999997,0.39646931250000006,0.37427212499999996
0.5625,0.375,0.4375,0.39074974999999995,0.40267031250000007,0.44002199999999997
0.5625,0.375,0.5,0.37794549999999993,0.40887131250000003,0.505771875
0.5625,0.375,0.5625,0.36514125,0.41507231250000004,0.5715217499999999
0.5625,0.375,0.625,0.35233699999999996,0.42127331250000005,0.637271625
0.5625,0.375,0.6875,0.33953274999999994,0.4274743125,0.7030215
0.5625,0.375,0.75,0.3267285,0.4336753125,0.7687713749999999
0.5625,0.375,0.8125,0.31392424999999996,0.43987631250000003,0.83452125
0.5625,0.375,0.875,0.30111999999999994,0.44607731250000004,0.900271125
0.5625,0.375,0.9375,0.28831575,0.45227831250000006,0.966021
0.5625,0.375,1.0,0.27551149999999996,0.45847931250000007,1.031770875
0.5625,0.4375,0.0,0.5461659375,0.40840587500000003,-0.023234375
0.5625,0.4375,0.0625,0.5333616875,0.41460687500000004,0.0425155
0.5625,0.4375,0.125,0.5205574374999999,0.42080787500000005,0.108265375
0.5625,0.4375,0.1875,0.5077531875,0.427008875,0.17401524999999998
0.5625,0.4375,0.25,0.49494893749999996,0.433209875,0.239765125
0.5625,0.4375,0.3125,0.48214468749999995,0.43941087500000003,0.305515
0.5625,0.4375,0.375,0.4693404375,0.44561187500000005,0.37126487499999994
0.5625,0.4375,0.4375,0.45653618749999997,0.451812875,0.43701475
0.5625,0.4375,0.5,0.44373193749999995,0.458013875,0.502764625
0.5625,0.4375,0.5625,0.4309276875,0.464214875,0.5685144999999999
0.5625,0.4375,0.625,0.4181234375,0.47041587500000004,0.634264375
0.5625,0.4375,0.6875,0.40531918749999996,0.47661687500000005,0.70001425
0.5625,0.4375,0.75,0.3925149375,0.48281787500000006,0.7657641249999999
0.5625,0.4375,0.8125,0.3797106875,0.489018875,0.831514
0.5625,0.4375,0.875,0.36690643749999996,0.49521987500000003,0.8972638749999999
0.5625,0.4375,0.9375,0.3541021875,0.501420875,0.96301375
0.5625,0.4375,1.0,0.3412979375,0.507621875,1.028763625
0.5625,0.5,0.0,0.611952375,0.4575484375,-0.026241624999999998
0.5625,0.5,0.0625,0.599148125,0.46374943750000003,0.03950825
0.5625,0.5,0.125,0.586343875,0.46995043750000004,0.10525812500000001
0.5625,0.5,0.1875,0.573539625,0.4761514375,0.171008
0.5625,0.5,0.25,0.560735375,0.4823524375,0.236757875
0.5625,0.5,0.3125,0.547931125,0.4885534375,0.30250775
0.5625,0.5,0.375,0.535126875,0.49475443750000003,0.368257625
0.5625,0.5,0.4375,0.522322625,0.5009554375,0.4340075
0.5625,0.5,0.5,0.509518375,0.5071564375000001,0.499757375
0.5625,0.5,0.5625,0.496714125,0.5133574375000001,0.5655072499999999
0.5625,0.5,0.625,0.483909875,0.5195584375,0.631257125
0.5625,0.5,0.6875,0.471105625,0.5257594375,0.6970069999999999
0.5625,0.5,0.75,0.458301375,0.5319604375,0.7627568749999999
0.5625,0.5,0.8125,0.445497125,0.5381614375,0.82850675
0.5625,0.5,0.875,0.432692875,0.5443624375,0.8942566249999999
0.5625,0.5,0.9375,0.419888625,0.5505634375,0.9600065
0.5625,0.5,1.0,0.407084375,0.5567644375,1.025756375
0.5625,0.5625,0.0,0.6777388125,0.506691,-0.029248875
0.5625,0.5625,0.0625,0.6649345625,0.512892,0.036501
0.5625,0.5625,0.125,0.6521303125,0.519093,0.10225087499999999
0.5625,0.5625,0.1875,0.6393260625,0.525294,0.16800074999999998
0.5625,0.5625,0.25,0.6265218125,0.531495,0.233750625
0.5625,0.5625,0.3125,0.6137175625,0.537696,0.2995005
0.5625,0.5625,0.375,0.6009133125,0.543897,0.36525037499999996
0.5625,0.5625,0.4375,0.5881090625000001,0.550098,0.43100025
0.5625,0.5625,0.5,0.5753048125,0.556299,0.496750125
0.5625,0.5625,0.5625,0.5625005625,0.5625,0.5625
0.5625,0.5625,0.625,0.5496963125000001,0.568701,0.6282498750000001
0.5625,0.5625,0.6875,0.5368920625,0.574902,0.69399975
0.5625,0.5625,0.75,0.5240878125,0.581103,0.759749625
0.5625,0.5625,0.8125,0.5112835625000001,0.587304,0.8254995
0.5625,0.5625,0.875,0.4984793125,0.593505,0.891249375
0.5625,0.5625,0.9375,0.48567506250000003,0.599706,0.9569992500000001
0.5625,0.5625,1.0,0.4728708125,0.605907,1.022749125
0.5625,0.625,0.0,0.74352525,0.5558335624999999,-0.032256125
0.5625,0.625,0.0625,0.7307210000000001,0.5620345625,0.03349375
0.5625,0.625,0.125,0.71791675,0.5682355625,0.099243625
0.5625,0.625,0.1875,0.7051125,0.5744365625,0.1649935
0.5625,0.625,0.25,0.6923082500000001,0.5806375625,0.230743375
0.5625,0.625,0.3125,0.679504,0.5868385624999999,0.29649325000000004
0.5625,0.625,0.375,0.66669975,0.5930395624999999,0.362243125
0.5625,0.625,0.4375,0.6538955000000001,0.5992405624999999,0.42799299999999996
0.5625,0.625,0.5,0.64109125,0.6054415624999999,0.493742875
0.5625,0.625,0.5625,0.628287,0.6116425624999999,0.55949275
0.5625,0.625,0.625,0.61548275,0.6178435624999999,0.625242625
0.5625,0.625,0.6875,0.6026785,0.6240445625,0.6909925
0.5625,0.625,0.75,0.58987425,0.6302455625,0.756742375
0.5625,0.625,0.8125,0.57707,0.6364465625,0.82249225
0.5625,0.625,0.875,0.56426575,0.6426475624999999,0.888242125
0.5625,0.625,0.9375,0.5514615,0.6488485624999999,0.9539920000000001
0.5625,0.625,1.0,0.53865725,0.6550495624999999,1.019741875
0.5625,0.6875,0.0,0.8093116875,0.604976125,-0.035263375
0.5625,0.6875,0.0625,0.7965074375000001,0.611177125,0.0304865
0.5625,0.6875,0.125,0.7837031875,0.617378125,0.096236375
0.5625,0.6875,0.1875,0.7708989375,0.623579125,0.16198625
0.5625,0.6875,0.25,0.7580946875000001,0.629780125,0.227736125
0.5625,0.6875,0.3125,0.7452904375,0.6359811249999999,0.293486
0.5625,0.6875,0.375,0.7324861875,0.6421821249999999,0.359235875
0.5625,0.6875,0.4375,0.7196819375000001,0.648383125,0.42498575
0.5625,0.6875,0.5,0.7068776875,0.654584125,0.490735625
0.5625,0.6875,0.5625,0.6940734375000001,0.660785125,0.5564855
0.5625,0.6875,0.625,0.6812691875000001,0.666986125,0.622235375
0.5625,0.6875,0.6875,0.6684649375,0.673187125,0.68798525
0.5625,0.6875,0.75,0.6556606875000001,0.679388125,0.753735125
0.5625,0.6875,0.8125,0.6428564375000001,0.685589125,0.819485
0.5625,0.6875,0.875,0.6300521875,0.691790125,0.885234875
0.5625,0.6875,0.9375,0.6172479375000001,0.6979911249999999,0.95098475
0.5625,0.6875,1.0,0.6044436875000001,0.704192125,1.016734625
0.5625,0.75,0.0,0.875098125,0.6541186875,-0.038270625
0.5625,0.75,0.0625,0.862293875,0.6603196875,0.027479249999999997
0.5625,0.75,0.125,0.8494896249999999,0.6665206875,0.093229125
0.5625,0.75,0.1875,0.836685375,0.6727216875,0.15897899999999998
0.5625,0.75,0.25,0.823881125,0.6789226875000001,0.224728875
0.5625,0.75,0.3125,0.8110768749999999,0.6851236875,0.29047875
0.5625,0.75,0.375,0.798272625,0.6913246875,0.35622862499999997
0.5625,0.75,0.4375,0.785468375,0.6975256875,0.4219785
0.5625,0.75,0.5,0.7726641249999999,0.7037266875,0.487728375
0.5625,0.75,0.5625,0.759859875,0.7099276875,0.55347825
0.5625,0.75,0.625,0.747055625,0.7161286875,0.619228125
0.5625,0.75,0.6875,0.7342513749999999,0.7223296875,0.684978
0.5625,0.75,0.75,0.721447125,0.7285306875,0.7507278749999999
0.5625,0.75,0.8125,0.708642875,0.7347316875000001,0.81647775
0.5625,0.75,0.875,0.6958386249999999,0.7409326875,0.882227625
0.5625,0.75,0.9375,0.683034375,0.7471336875,0.9479775
0.5625,0.75,1.0,0.670230125,0.7533346875,1.013727375
0.5625,0.8125,0.0,0.9408845625,0.70326125,-0.041277875
0.5625,0.8125,0.0625,0.9280803125,0.70946225,0.024472
0.5625,0.8125,0.125,0.9152760624999999,0.71566325,0.090221875
0.5625,0.8125,0.1875,0.9024718125,0.72186425,0.15597175
0.5625,0.8125,0.25,0.8896675625,0.72806525,0.221721625
0.5625,0.8125,0.3125,0.8768633124999999,0.7342662499999999,0.2874715
0.5625,0.8125,0.375,0.8640590625,0.7404672499999999,0.35322137499999995
0.5625,0.8125,0.4375,0.8512548125,0.7466682499999999,0.41897124999999996
0.5625,0.8125,0.5,0.8384505624999999,0.7528692499999999,0.484721125
0.5625,0.8125,0.5625,0.8256463125,0.75907025,0.5504709999999999
0.5625,0.8125,0.625,0.8128420624999999,0.76527125,0.616220875
0.5625,0.8125,0.6875,0.8000378125,0.77147225,0.68197075
0.5625,0.8125,0.75,0.7872335625,0.77767325,0.7477206249999999
0.5625,0.8125,0.8125,0.7744293124999999,0.78387425,0.8134705
0.5625,0.8125,0.875,0.7616250625,0.7900752499999999,0.8792203749999999
0.5625,0.8125,0.9375,0.7488208125,0.7962762499999999,0.94497025
0.5625,0.8125,1.0,0.7360165624999999,0.8024772499999999,1.010720125
0.5625,0.875,0.0,1.006671,0.7524038125,-0.044285125
0.5625,0.875,0.0625,0.9938667500000001,0.7586048125,0.021464749999999998
0.5625,0.875,0.125,0.9810625000000001,0.7648058125,0.08721462499999999
0.5625,0.875,0.1875,0.9682582500000001,0.7710068125,0.15296449999999998
0.5625,0.875,0.25,0.9554540000000001,0.7772078125,0.218714375
0.5625,0.875,0.3125,0.9426497500000001,0.7834088124999999,0.28446425000000003
0.5625,0.875,0.375,0.9298455000000001,0.7896098125,0.350214125
0.5625,0.875,0.4375,0.9170412500000001,0.7958108125,0.415964
0.5625,0.875,0.5,0.9042370000000001,0.8020118125,0.481713875
0.5625,0.875,0.5625,0.8914327500000001,0.8082128125,0.5474637499999999
0.5625,0.875,0.625,0.8786285,0.8144138125,0.613213625
0.5625,0.875,0.6875,0.8658242500000001,0.8206148125,0.6789634999999999
0.5625,0.875,0.75,0.8530200000000001,0.8268158125,0.7447133749999999
0.5625,0.875,0.8125,0.84021575,0.8330168125,0.81046325
0.5625,0.875,0.875,0.8274115000000001,0.8392178125,0.8762131249999999
0.5625,0.875,0.9375,0.8146072500000001,0.8454188125,0.941963
0.5625,0.875,1.0,0.801803,0.8516198125,1.007712875
0.5625,0.9375,0.0,1.0724574375,0.8015463749999999,-0.047292375
0.5625,0.9375,0.0625,1.0596531875,0.8077473749999999,0.0184575
0.5625,0.9375,0.125,1.0468489375,0.813948375,0.084207375
0.5625,0.9375,0.1875,1.0340446875,0.820149375,0.14995725
0.5625,0.9375,0.25,1.0212404375,0.826350375,0.215707125
0.5625,0.9375,0.3125,1.0084361875,0.8325513749999999,0.281457
0.5625,0.9375,0.375,0.9956319375,0.8387523749999999,0.34720687499999997
0.5625,0.9375,0.4375,0.9828276875,0.8449533749999999,0.41295675
0.5625,0.9375,0.5,0.9700234375,0.8511543749999999,0.478706625
0.5625,0.9375,0.5625,0.9572191875,0.8573553749999999,0.5444564999999999
0.5625,0.9375,0.625,0.9444149374999999,0.8635563749999999,0.610206375
0.5625,0.9375,0.6875,0.9316106875,0.8697573749999999,0.67595625
0.5625,0.9375,0.75,0.9188064375,0.875958375,0.7417061249999999
0.5625,0.9375,0.8125,0.9060021875,0.882159375,0.807456
0.5625,0.9375,0.875,0.8931979375,0.888360375,0.873205875
0.5625,0.9375,0.9375,0.8803936875,0.8945613749999999,0.9389557500000001
0.5625,0.9375,1.0,0.8675894375,0.9007623749999999,1.004705625
0.5625,1.0,0.0,1.1382438750000001,0.8506889375,-0.050299625
0.5625,1.0,0.0625,1.125439625,0.8568899375,0.015450249999999999
0.5625,1.0,0.125,1.1126353750000002,0.8630909375,0.081200125
0.5625,1.0,0.1875,1.0998311250000001,0.8692919375,0.14694999999999997
0.5625,1.0,0.25,1.087026875,0.8754929375,0.21269987499999998
0.5625,1.0,0.3125,1.0742226250000002,0.8816939374999999,0.27844975
0.5625,1.0,0.375,1.0614183750000001,0.8878949374999999,0.34419962499999995
0.5625,1.0,0.4375,1.048614125,0.8940959374999999,0.40994949999999997
0.5625,1.0,0.5,1.0358098750000002,0.9002969375,0.475699375
0.5625,1.0,0.5625,1.0230056250000001,0.9064979375,0.54144925
0.5625,1.0,0.625,1.010201375,0.9126989375,0.6071991250000001
0.5625,1.0,0.6875,0.9973971250000001,0.9188999375,0.672949
0.5625,1.0,0.75,0.9845928750000001,0.9251009375,0.738698875
0.5625,1.0,0.8125,0.9717886250000001,0.9313019375,0.80444875
0.5625,1.0,0.875,0.9589843750000001,0.9375029374999999,0.870198625
0.5625,1.0,0.9375,0.9461801250000001,0.9437039374999999,0.9359485000000001
0.5625,1.0,1.0,0.9333758750000001,0.9499049374999999,1.001698375
0.625,0.0,0.0,0.09517875,0.071564375,-0.00242625
0.625,0.0,0.0625,0.0823745,0.077765375,0.063323625
0.625,0.0,0.125,0.06957025,0.083966375,0.1290735
0.625,0.0,0.1875,0.05676600000000001,0.090167375,0.194823375
0.625,0.0,0.25,0.04396175000000001,0.096368375,0.26057325
0.625,0.0,0.3125,0.031157500000000005,0.10256937499999999,0.326323125
0.625,0.0,0.375,0.018353250000000015,0.108770375,0.39207299999999995
0.625,0.0,0.4375,0.005549000000000012,0.114971375,0.45782287499999996
0.625,0.0,0.5,-0.007255249999999991,0.121172375,0.52357275
0.625,0.0,0.5625,-0.020059499999999994,0.127373375,0.589322625
0.625,0.0,0.625,-0.03286375,0.133574375,0.6550725000000001
0.625,0.0,0.6875,-0.045667999999999986,0.13977537499999998,0.720822375
0.625,0.0,0.75,-0.058472249999999976,0.145976375,0.78657225
0.625,0.0,0.8125,-0.07127649999999999,0.152177375,0.852322125
0.625,0.0,0.875,-0.08408074999999998,0.15837837500000002,0.918072
0.625,0.0,0.9375,-0.096885,0.164579375,0.9838218750000001
0.625,0.0,1.0,-0.10968924999999999,0.17078037499999998,1.04957175
0.625,0.0625,0.0,0.1609651875,0.1207069375,-0.0054335
0.625,0.0625,0.0625,0.1481609375,0.1269079375,0.060316375
0.625,0.0625,0.125,0.1353566875,0.1331089375,0.12606625
0.625,0.0625,0.1875,0.1225524375,0.1393099375,0.19181612499999998
0.625,0.0625,0.25,0.1097481875,0.1455109375,0.257566
0.625,0.0625,0.3125,0.0969439375,0.1517119375,0.32331587500000003
0.625,0.0625,0.375,0.0841396875,0.15791293750000002,0.38906575
0.625,0.0625,0.4375,0.0713354375,0.1641139375,0.454815625
0.625,0.0625,0.5,0.0585311875,0.17031493749999999,0.5205655
0.625,0.0625,0.5625,0.045726937499999995,0.1765159375,0.586315375
0.625,0.0625,0.625,0.03292268749999999,0.1827169375,0.65206525
0.625,0.0625,0.6875,0.020118437500000003,0.1889179375,0.717815125
0.625,0.0625,0.75,0.007314187500000013,0.1951189375,0.783565
0.625,0.0625,0.8125,-0.005490062500000004,0.2013199375,0.849314875
0.625,0.0625,0.875,-0.018294312499999993,0.2075209375,0.91506475
0.625,0.0625,0.9375,-0.03109856250000001,0.21372193750000001,0.980814625
0.625,0.0625,1.0,-0.0439028125,0.2199229375,1.0465645
0.625,0.125,0.0,0.226751625,0.1698495,-0.00844075
0.625,0.125,0.0625,0.21394737500000002,0.1760505,0.057309125
0.625,0.125,0.125,0.201143125,0.18225149999999998,0.123059
0.625,0.125,0.1875,0.18833887500000002,0.1884525,0.188808875
0.625,0.125,0.25,0.175534625,0.19465349999999998,0.25455875
0.625,0.125,0.3125,0.162730375,0.2008545,0.320308625
0.625,0.125,0.375,0.14992612500000002,0.2070555,0.38605849999999997
0.625,0.125,0.4375,0.137121875,0.2132565,0.451808375
0.625,0.125,0.5,0.12431762500000001,0.21945749999999997,0.51755825
0.625,0.125,0.5625,0.11151337500000001,0.22565849999999998,0.583308125
0.625,0.125,0.625,0.09870912500000001,0.2318595,0.649058
0.625,0.125,0.6875,0.08590487500000002,0.23806049999999998,0.714807875
0.625,0.125,0.75,0.07310062500000003,0.2442615,0.7805577499999999
0.625,0.125,0.8125,0.06029637500000001,0.2504625,0.846307625
0.625,0.125,0.875,0.047492125000000024,0.2566635,0.9120575
0.625,0.125,0.9375,0.03468787500000001,0.2628645,0.977807375
0.625,0.125,1.0,0.021883625000000018,0.26906549999999996,1.0435572499999999
0.625,0.1875,0.0,0.29253806250000003,0.21899206250000003,-0.011448
0.625,0.1875,0.0625,0.2797338125,0.22519306250000004,0.054301875
0.625,0.1875,0.125,0.26692956250000005,0.23139406250000003,0.12005175
0.625,0.1875,0.1875,0.25412531250000003,0.23759506250000004,0.18580162499999997
0.625,0.1875,0.25,0.24132106250000002,0.24379606250000002,0.2515515
0.625,0.1875,0.3125,0.22851681250000003,0.24999706250000003,0.317301375
0.625,0.1875,0.375,0.21571256250000004,0.25619806250000005,0.38305124999999995
0.625,0.1875,0.4375,0.20290831250000002,0.2623990625,0.44880112499999997
0.625,0.1875,0.5,0.19010406250000003,0.2686000625,0.514551
0.625,0.1875,0.5625,0.17729981250000004,0.2748010625,0.5803008749999999
0.625,0.1875,0.625,0.16449556250000003,0.28100206250000004,0.64605075
0.625,0.1875,0.6875,0.15169131250000004,0.28720306250000005,0.711800625
0.625,0.1875,0.75,0.13888706250000005,0.29340406250000006,0.7775504999999999
0.625,0.1875,0.8125,0.12608281250000003,0.2996050625,0.843300375
0.625,0.1875,0.875,0.11327856250000004,0.30580606250000003,0.90905025
0.625,0.1875,0.9375,0.10047431250000002,0.31200706250000004,0.974800125
0.625,0.1875,1.0,0.08767006250000003,0.3182080625,1.04055
0.625,0.25,0.0,0.35832450000000005,0.268134625,-0.01445525
0.625,0.25,0.0625,0.34552025000000003,0.274335625,0.051294624999999996
0.625,0.25,0.125,0.33271600000000007,0.28053662500000004,0.1170445
0.625,0.25,0.1875,0.31991175000000005,0.286737625,0.18279437499999998
0.625,0.25,0.25,0.30710750000000003,0.292938625,0.24854425
0.625,0.25,0.3125,0.29430325,0.299139625,0.31429412500000004
0.625,0.25,0.375,0.28149900000000005,0.30534062500000003,0.380044
0.625,0.25,0.4375,0.26869475000000004,0.31154162500000004,0.445793875
0.625,0.25,0.5,0.2558905,0.317742625,0.51154375
0.625,0.25,0.5625,0.24308625000000006,0.323943625,0.5772936249999999
0.625,0.25,0.625,0.23028200000000004,0.330144625,0.6430435
0.625,0.25,0.6875,0.21747775000000005,0.336345625,0.708793375
0.625,0.25,0.75,0.20467350000000006,0.342546625,0.7745432499999999
0.625,0.25,0.8125,0.19186925000000005,0.348747625,0.840293125
0.625,0.25,0.875,0.17906500000000006,0.354948625,0.9060429999999999
0.625,0.25,0.9375,0.16626075000000004,0.36114962500000003,0.971792875
0.625,0.25,1.0,0.15345650000000005,0.36735062500000004,1.03754275
0.625,0.3125,0.0,0.42411093750000006,0.3172771875,-0.0174625
0.625,0.3125,0.0625,0.41130668750000005,0.3234781875,0.048287375
0.625,0.3125,0.125,0.3985024375000001,0.3296791875,0.11403725
0.625,0.3125,0.1875,0.38569818750000007,0.3358801875,0.179787125
0.625,0.3125,0.25,0.37289393750000005,0.3420811875,0.245537
0.625,0.3125,0.3125,0.36008968750000003,0.3482821875,0.311286875
0.625,0.3125,0.375,0.34728543750000007,0.3544831875,0.37703675
0.625,0.3125,0.4375,0.33448118750000005,0.3606841875,0.442786625
0.625,0.3125,0.5,0.32167693750000004,0.3668851875,0.5085365
0.625,0.3125,0.5625,0.3088726875000001,0.3730861875,0.5742863749999999
0.625,0.3125,0.625,0.29606843750000006,0.3792871875,0.64003625
0.625,0.3125,0.6875,0.28326418750000004,0.3854881875,0.7057861249999999
0.625,0.3125,0.75,0.2704599375000001,0.39168918750000004,0.7715359999999999
0.625,0.3125,0.8125,0.25765568750000006,0.3978901875,0.837285875
0.625,0.3125,0.875,0.24485143750000007,0.4040911875,0.9030357499999999
0.625,0.3125,0.9375,0.23204718750000006,0.4102921875,0.968785625
0.625,0.3125,1.0,0.21924293750000007,0.4164931875,1.0345355
0.625,0.375,0.0,0.48989737499999997,0.36641975000000004,-0.020469750000000002
0.625,0.375,0.0625,0.47709312499999995,0.37262075000000006,0.045280125
0.625,0.375,0.125,0.464288875,0.37882175000000007,0.11102999999999999
0.625,0.375,0.1875,0.451484625,0.38502275,0.17677987499999998
0.625,0.375,0.25,0.43868037499999996,0.39122375000000004,0.24252975
0.625,0.375,0.3125,0.42587612499999994,0.39742475000000005,0.308279625
0.625,0.375,0.375,0.413071875,0.40362575000000006,0.37402949999999996
0.625,0.375,0.4375,0.40026762499999996,0.40982675,0.439779375
0.625,0.375,0.5,0.38746337499999994,0.41602775000000003,0.50552925
0.625,0.375,0.5625,0.374659125,0.42222875000000004,0.571279125
0.625,0.375,0.625,0.36185487499999996,0.42842975000000005,0.6370290000000001
0.625,0.375,0.6875,0.34905062499999995,0.43463075000000007,0.702778875
0.625,0.375,0.75,0.336246375,0.4408317500000001,0.76852875
0.625,0.375,0.8125,0.32344212499999997,0.44703275000000003,0.834278625
0.625,0.375,0.875,0.31063787499999995,0.45323375000000005,0.9000285
0.625,0.375,0.9375,0.297833625,0.45943475000000006,0.9657783750000001
0.625,0.375,1.0,0.285029375,0.46563575,1.03152825
0.625,0.4375,0.0,0.5556838125,0.41556231250000003,-0.023477
0.625,0.4375,0.0625,0.5428795625,0.42176331250000004,0.042272875
0.625,0.4375,0.125,0.5300753125,0.42796431250000005,0.10802275
0.625,0.4375,0.1875,0.5172710625,0.4341653125,0.173772625
0.625,0.4375,0.25,0.5044668125,0.4403663125,0.2395225
0.625,0.4375,0.3125,0.49166256249999996,0.44656731250000004,0.305272375
0.625,0.4375,0.375,0.4788583125,0.45276831250000005,0.37102224999999994
0.625,0.4375,0.4375,0.4660540625,0.45896931250000006,0.43677212499999996
0.625,0.4375,0.5,0.45324981249999996,0.4651703125,0.502522
0.625,0.4375,0.5625,0.4404455625,0.47137131250000003,0.568271875
0.625,0.4375,0.625,0.4276413125,0.47757231250000004,0.63402175
0.625,0.4375,0.6875,0.41483706249999996,0.4837733125,0.699771625
0.625,0.4375,0.75,0.4020328125,0.4899743125,0.7655215
0.625,0.4375,0.8125,0.3892285625,0.4961753125,0.831271375
0.625,0.4375,0.875,0.37642431249999997,0.5023763125,0.89702125
0.625,0.4375,0.9375,0.3636200625,0.5085773125,0.9627711250000001
0.625,0.4375,1.0,0.3508158125,0.5147783125000001,1.028521
0.625,0.5,0.0,0.62147025,0.464704875,-0.02648425
0.625,0.5,0.0625,0.608666,0.47090587500000003,0.039265625
0.625,0.5,0.125,0.59586175,0.47710687500000004,0.1050155
0.625,0.5,0.1875,0.5830575,0.483307875,0.170765375
0.625,0.5,0.25,0.57025325,0.489508875,0.23651525
0.625,0.5,0.3125,0.557449,0.495709875,0.302265125
0.625,0.5,0.375,0.54464475,0.501910875,0.368015
0.625,0.5,0.4375,0.5318405,0.508111875,0.433764875
0.625,0.5,0.5,0.51903625,0.514312875,0.49951475
0.625,0.5,0.5625,0.506232,0.520513875,0.565264625
0.625,0.5,0.625,0.49342775,0.526714875,0.6310145
0.625,0.5,0.6875,0.4806235,0.532915875,0.696764375
0.625,0.5,0.75,0.46781925,0.539116875,0.76251425
0.625,0.5,0.8125,0.455015,0.5453178750000001,0.828264125
0.625,0.5,0.875,0.44221075,0.551518875,0.894014
0.625,0.5,0.9375,0.4294065,0.557719875,0.959763875
0.625,0.5,1.0,0.41660225,0.563920875,1.02551375
0.625,0.5625,0.0,0.6872566875,0.5138474375,-0.0294915
0.625,0.5625,0.0625,0.6744524375000001,0.5200484375,0.036258374999999995
0.625,0.5625,0.125,0.6616481875,0.5262494375,0.10200825
0.625,0.5625,0.1875,0.6488439375,0.5324504375,0.16775812499999998
0.625,0.5625,0.25,0.6360396875000001,0.5386514375,0.233508
0.625,0.5625,0.3125,0.6232354375,0.5448524374999999,0.299257875
0.625,0.5625,0.375,0.6104311875,0.5510534374999999,0.36500774999999996
0.625,0.5625,0.4375,0.5976269375000001,0.5572544374999999,0.430757625
0.625,0.5625,0.5,0.5848226875,0.5634554374999999,0.4965075
0.625,0.5625,0.5625,0.5720184375,0.5696564375,0.562257375
0.625,0.5625,0.625,0.5592141875000001,0.5758574375,0.62800725
0.625,0.5625,0.6875,0.5464099375,0.5820584375,0.693757125
0.625,0.5625,0.75,0.5336056875,0.5882594375,0.7595069999999999
0.625,0.5625,0.8125,0.5208014375000001,0.5944604375,0.825256875
0.625,0.5625,0.875,0.5079971875,0.6006614374999999,0.89100675
0.625,0.5625,0.9375,0.49519293750000004,0.6068624374999999,0.956756625
0.625,0.5625,1.0,0.4823886875,0.6130634374999999,1.0225065
0.625,0.625,0.0,0.753043125,0.56299,-0.03249875
0.625,0.625,0.0625,0.7402388750000001,0.569191,0.033251125
0.625,0.625,0.125,0.727434625,0.575392,0.099001
0.625,0.625,0.1875,0.714630375,0.581593,0.164750875
0.625,0.625,0.25,0.7018261250000001,0.587794,0.23050075
0.625,0.625,0.3125,0.689021875,0.5939949999999999,0.296250625
0.625,0.625,0.375,0.676217625,0.600196,0.36200049999999995
0.625,0.625,0.4375,0.6634133750000001,0.606397,0.42775037499999996
0.625,0.625,0.5,0.650609125,0.612598,0.49350025
0.625,0.625,0.5625,0.637804875,0.618799,0.5592501249999999
0.625,0.625,0.625,0.625000625,0.625,0.625
0.625,0.625,0.6875,0.612196375,0.631201,0.690749875
0.625,0.625,0.75,0.599392125,0.637402,0.7564997499999999
0.625,0.625,0.8125,0.586587875,0.643603,0.822249625
0.625,0.625,0.875,0.573783625,0.649804,0.8879994999999999
0.625,0.625,0.9375,0.5609793750000001,0.656005,0.953749375
0.625,0.625,1.0,0.548175125,0.662206,1.01949925
0.625,0.6875,0.0,0.8188295625,0.6121325625,-0.035505999999999996
0.625,0.6875,0.0625,0.8060253125000001,0.6183335625,0.030243875000000003
0.625,0.6875,0.125,0.7932210625,0.6245345625000001,0.09599375
0.625,0.6875,0.1875,0.7804168125000001,0.6307355625000001,0.161743625
0.625,0.6875,0.25,0.7676125625000001,0.6369365625000001,0.22749350000000002
0.625,0.6875,0.3125,0.7548083125,0.6431375625,0.29324337500000003
0.625,0.6875,0.375,0.7420040625000001,0.6493385625,0.35899325
0.625,0.6875,0.4375,0.7291998125000001,0.6555395625,0.424743125
0.625,0.6875,0.5,0.7163955625,0.6617405625,0.490493
0.625,0.6875,0.5625,0.7035913125000001,0.6679415625,0.5562428749999999
0.625,0.6875,0.625,0.6907870625000001,0.6741425625,0.62199275
0.625,0.6875,0.6875,0.6779828125,0.6803435625,0.6877426249999999
0.625,0.6875,0.75,0.6651785625000001,0.6865445625000001,0.7534924999999999
0.625,0.6875,0.8125,0.6523743125000001,0.6927455625000001,0.819242375
0.625,0.6875,0.875,0.6395700625,0.6989465625,0.8849922499999999
0.625,0.6875,0.9375,0.6267658125000001,0.7051475625,0.950742125
0.625,0.6875,1.0,0.6139615625000001,0.7113485625,1.016492
0.625,0.75,0.0,0.884616,0.6612751250000001,-0.03851325
0.625,0.75,0.0625,0.87181175,0.6674761250000001,0.027236625
0.625,0.75,0.125,0.8590074999999999,0.6736771250000001,0.0929865
0.625,0.75,0.1875,0.84620325,0.6798781250000001,0.15873637499999999
0.625,0.75,0.25,0.833399,0.6860791250000001,0.22448625
0.625,0.75,0.3125,0.8205947499999999,0.692280125,0.290236125
0.625,0.75,0.375,0.8077905,0.698481125,0.35598599999999997
0.625,0.75,0.4375,0.79498625,0.704682125,0.421735875
0.625,0.75,0.5,0.7821819999999999,0.7108831250000001,0.48748575
0.625,0.75,0.5625,0.76937775,0.7170841250000001,0.5532356249999999
0.625,0.75,0.625,0.7565735,0.7232851250000001,0.6189855
0.625,0.75,0.6875,0.7437692499999999,0.7294861250000001,0.684735375
0.625,0.75,0.75,0.730965,0.7356871250000001,0.7504852499999999
0.625,0.75,0.8125,0.71816075,0.7418881250000001,0.816235125
0.625,0.75,0.875,0.7053564999999999,0.7480891250000001,0.881985
0.625,0.75,0.9375,0.69255225,0.754290125,0.9477348750000001
0.625,0.75,1.0,0.679748,0.760491125,1.01348475
0.625,0.8125,0.0,0.9504024375,0.7104176875,-0.041520499999999995
0.625,0.8125,0.0625,0.9375981875,0.7166186875,0.024229375000000004
0.625,0.8125,0.125,0.9247939374999999,0.7228196875,0.08997925000000001
0.625,0.8125,0.1875,0.9119896875,0.7290206875,0.155729125
0.625,0.8125,0.25,0.8991854375,0.7352216875,0.221479
0.625,0.8125,0.3125,0.8863811875,0.7414226875,0.287228875
0.625,0.8125,0.375,0.8735769375,0.7476236875,0.35297874999999995
0.625,0.8125,0.4375,0.8607726875,0.7538246875,0.41872862499999997
0.625,0.8125,0.5,0.8479684375,0.7600256875,0.4844785
0.625,0.8125,0.5625,0.8351641875,0.7662266875,0.550228375
0.625,0.8125,0.625,0.8223599374999999,0.7724276875,0.6159782500000001
0.625,0.8125,0.6875,0.8095556875,0.7786286875,0.681728125
0.625,0.8125,0.75,0.7967514375,0.7848296875,0.747478
0.625,0.8125,0.8125,0.7839471874999999,0.7910306875,0.813227875
0.625,0.8125,0.875,0.7711429375,0.7972316875000001,0.87897775
0.625,0.8125,0.9375,0.7583386875,0.8034326875,0.9447276250000001
0.625,0.8125,1.0,0.7455344374999999,0.8096336875,1.0104775
0.625,0.875,0.0,1.016188875,0.75956025,-0.04452775
0.625,0.875,0.0625,1.003384625,0.7657612500000001,0.021222125
0.625,0.875,0.125,0.9905803750000001,0.7719622500000001,0.086972
0.625,0.875,0.1875,0.9777761250000001,0.7781632500000001,0.15272187499999998
0.625,0.875,0.25,0.9649718750000001,0.7843642500000001,0.21847175
0.625,0.875,0.3125,0.9521676250000001,0.79056525,0.28422162500000003
0.625,0.875,0.375,0.9393633750000001,0.79676625,0.3499715
0.625,0.875,0.4375,0.9265591250000001,0.80296725,0.415721375
0.625,0.875,0.5,0.9137548750000001,0.80916825,0.48147125
0.625,0.875,0.5625,0.9009506250000001,0.81536925,0.547221125
0.625,0.875,0.625,0.888146375,0.8215702500000001,0.612971
0.625,0.875,0.6875,0.8753421250000001,0.8277712500000001,0.678720875
0.625,0.875,0.75,0.8625378750000001,0.8339722500000001,0.74447075
0.625,0.875,0.8125,0.849733625,0.8401732500000001,0.810220625
0.625,0.875,0.875,0.8369293750000001,0.84637425,0.8759705
0.625,0.875,0.9375,0.8241251250000001,0.85257525,0.941720375
0.625,0.875,1.0,0.811320875,0.85877625,1.00747025
0.625,0.9375,0.0,1.0819753125,0.8087028125,-0.047534999999999994
0.625,0.9375,0.0625,1.0691710625,0.8149038125,0.018214875000000005
0.625,0.9375,0.125,1.0563668125,0.8211048125,0.08396475
0.625,0.9375,0.1875,1.0435625625,0.8273058125,0.149714625
0.625,0.9375,0.25,1.0307583125,0.8335068125,0.2154645
0.625,0.9375,0.3125,1.0179540625,0.8397078124999999,0.281214375
0.625,0.9375,0.375,1.0051498125,0.8459088124999999,0.34696425
0.625,0.9375,0.4375,0.9923455625000001,0.8521098125,0.412714125
0.625,0.9375,0.5,0.9795413125,0.8583108125,0.478464
0.625,0.9375,0.5625,0.9667370625,0.8645118125,0.544213875
0.625,0.9375,0.625,0.9539328125,0.8707128125,0.60996375
0.625,0.9375,0.6875,0.9411285625,0.8769138125,0.675713625
0.625,0.9375,0.75,0.9283243125,0.8831148125,0.7414634999999999
0.625,0.9375,0.8125,0.9155200625,0.8893158125,0.807213375
0.625,0.9375,0.875,0.9027158125,0.8955168124999999,0.87296325
0.625,0.9375,0.9375,0.8899115625,0.9017178124999999,0.938713125
0.625,0.9375,1.0,0.8771073125,0.9079188125,1.0044629999999999
0.625,1.0,0.0,1.1477617500000001,0.857845375,-0.05054225
0.625,1.0,0.0625,1.1349575,0.864046375,0.015207625000000002
0.625,1.0,0.125,1.1221532500000002,0.870247375,0.0809575
0.625,1.0,0.1875,1.1093490000000001,0.8764483750000001,0.14670737499999997
0.625,1.0,0.25,1.09654475,0.8826493750000001,0.21245725
0.625,1.0,0.3125,1.0837405000000002,0.888850375,0.278207125
0.625,1.0,0.375,1.0709362500000001,0.895051375,0.34395699999999996
0.625,1.0,0.4375,1.058132,0.901252375,0.40970687499999997
0.625,1.0,0.5,1.0453277500000002,0.907453375,0.47545675
0.625,1.0,0.5625,1.0325235000000001,0.913654375,0.5412066249999999
0.625,1.0,0.625,1.01971925,0.919855375,0.6069565
0.625,1.0,0.6875,1.0069150000000002,0.926056375,0.672706375
0.625,1.0,0.75,0.9941107500000002,0.932257375,0.7384562499999999
0.625,1.0,0.8125,0.9813065000000001,0.9384583750000001,0.804206125
0.625,1.0,0.875,0.9685022500000001,0.9446593750000001,0.869956
0.625,1.0,0.9375,0.9556980000000002,0.950860375,0.935705875
0.625,1.0,1.0,0.9428937500000001,0.957061375,1.00145575
0.6875,0.0,0.0,0.104696625,0.0787208125,-0.0026688750000000002
0.6875,0.0,0.0625,0.091892375,0.0849218125,0.063081
0.6875,0.0,0.125,0.07908812500000001,0.0911228125,0.128830875
0.6875,0.0,0.1875,0.066283875,0.0973238125,0.19458075
0.6875,0.0,0.25,0.053479625,0.10352481250000001,0.260330625
0.6875,0.0,0.3125,0.040675375,0.10972581249999999,0.3260805
0.6875,0.0,0.375,0.02787112500000001,0.1159268125,0.39183037499999995
0.6875,0.0,0.4375,0.015066875000000007,0.1221278125,0.45758024999999997
0.6875,0.0,0.5,0.002262625000000004,0.1283288125,0.523330125
0.6875,0.0,0.5625,-0.010541624999999999,0.1345298125,0.5890799999999999
0.6875,0.0,0.625,-0.023345875000000002,0.1407308125,0.654829875
0.6875,0.0,0.6875,-0.03615012499999999,0.14693181249999998,0.72057975
0.6875,0.0,0.75,-0.04895437499999998,0.1531328125,0.7863296249999999
0.6875,0.0,0.8125,-0.061758625,0.1593338125,0.8520795
0.6875,0.0,0.875,-0.07456287499999999,0.16553481250000002,0.917829375
0.6875,0.0,0.9375,-0.087367125,0.1717358125,0.98357925
0.6875,0.0,1.0,-0.10017137499999999,0.17793681249999999,1.049329125
0.6875,0.0625,0.0,0.1704830625,0.127863375,-0.005676125000000001
0.6875,0.0625,0.0625,0.15767881250000002,0.134064375,0.060073749999999995
0.6875,0.0625,0.125,0.1448745625,0.140265375,0.125823625
0.6875,0.0625,0.1875,0.1320703125,0.146466375,0.19157349999999998
0.6875,0.0625,0.25,0.1192660625,0.152667375,0.257323375
0.6875,0.0625,0.3125,0.1064618125,0.158868375,0.32307325000000003
0.6875,0.0625,0.375,0.09365756250000001,0.16506937500000002,0.388823125
0.6875,0.0625,0.4375,0.08085331250000001,0.171270375,0.454573
0.6875,0.0625,0.5,0.06804906250000001,0.177471375,0.520322875
0.6875,0.0625,0.5625,0.055244812500000004,0.183672375,0.5860727499999999
0.6875,0.0625,0.625,0.0424405625,0.189873375,0.651822625
0.6875,0.0625,0.6875,0.02963631250000001,0.196074375,0.7175725
0.6875,0.0625,0.75,0.016832062500000022,0.202275375,0.7833223749999999
0.6875,0.0625,0.8125,0.004027812500000005,0.208476375,0.84907225
0.6875,0.0625,0.875,-0.008776437499999984,0.214677375,0.9148221249999999
0.6875,0.0625,0.9375,-0.0215806875,0.22087837500000002,0.980572
0.6875,0.0625,1.0,-0.03438493749999999,0.227079375,1.046321875
0.6875,0.125,0.0,0.23626950000000002,0.1770059375,-0.008683375
0.6875,0.125,0.0625,0.22346525000000003,0.1832069375,0.0570665
0.6875,0.125,0.125,0.21066100000000001,0.18940793749999998,0.122816375
0.6875,0.125,0.1875,0.19785675000000003,0.1956089375,0.18856625
0.6875,0.125,0.25,0.1850525,0.20180993749999998,0.254316125
0.6875,0.125,0.3125,0.17224825000000002,0.2080109375,0.320066
0.6875,0.125,0.375,0.15944400000000003,0.2142119375,0.385815875
0.6875,0.125,0.4375,0.14663975,0.2204129375,0.45156575
0.6875,0.125,0.5,0.13383550000000002,0.22661393749999997,0.517315625
0.6875,0.125,0.5625,0.12103125000000002,0.23281493749999999,0.5830654999999999
0.6875,0.125,0.625,0.10822700000000002,0.2390159375,0.648815375
0.6875,0.125,0.6875,0.09542275000000003,0.24521693749999998,0.7145652499999999
0.6875,0.125,0.75,0.08261850000000004,0.25141793749999997,0.7803151249999999
0.6875,0.125,0.8125,0.06981425000000002,0.2576189375,0.846065
0.6875,0.125,0.875,0.05701000000000003,0.2638199375,0.9118148749999999
0.6875,0.125,0.9375,0.044205750000000016,0.2700209375,0.97756475
0.6875,0.125,1.0,0.03140150000000003,0.2762219375,1.043314625
0.6875,0.1875,0.0,0.3020559375,0.22614850000000003,-0.011690625
0.6875,0.1875,0.0625,0.28925168749999997,0.23234950000000004,0.05405925
0.6875,0.1875,0.125,0.2764474375,0.23855050000000003,0.119809125
0.6875,0.1875,0.1875,0.2636431875,0.24475150000000004,0.18555899999999997
0.6875,0.1875,0.25,0.25083893749999997,0.2509525,0.251308875
0.6875,0.1875,0.3125,0.23803468749999998,0.25715350000000003,0.31705875
0.6875,0.1875,0.375,0.2252304375,0.26335450000000005,0.38280862499999996
0.6875,0.1875,0.4375,0.21242618749999997,0.26955550000000006,0.44855849999999997
0.6875,0.1875,0.5,0.19962193749999999,0.2757565,0.514308375
0.6875,0.1875,0.5625,0.1868176875,0.2819575,0.58005825
0.6875,0.1875,0.625,0.17401343749999998,0.28815850000000004,0.6458081250000001
0.6875,0.1875,0.6875,0.1612091875,0.2943595,0.711558
0.6875,0.1875,0.75,0.1484049375,0.3005605,0.777307875
0.6875,0.1875,0.8125,0.13560068749999998,0.3067615,0.84305775
0.6875,0.1875,0.875,0.1227964375,0.31296250000000003,0.908807625
0.6875,0.1875,0.9375,0.10999218749999998,0.31916350000000004,0.9745575000000001
0.6875,0.1875,1.0,0.09718793749999999,0.32536450000000006,1.040307375
0.6875,0.25,0.0,0.367842375,0.2752910625,-0.014697875
0.6875,0.25,0.0625,0.355038125,0.28149206250000003,0.051052
0.6875,0.25,0.125,0.342233875,0.28769306250000004,0.116801875
0.6875,0.25,0.1875,0.329429625,0.2938940625,0.18255174999999998
0.6875,0.25,0.25,0.316625375,0.3000950625,0.248301625
0.6875,0.25,0.3125,0.303821125,0.3062960625,0.31405150000000004
0.6875,0.25,0.375,0.291016875,0.31249706250000003,0.379801375
0.6875,0.25,0.4375,0.278212625,0.3186980625,0.44555124999999995
0.6875,0.25,0.5,0.26540837500000003,0.3248990625,0.511301125
0.6875,0.25,0.5625,0.252604125,0.3311000625,0.577051
0.6875,0.25,0.625,0.239799875,0.3373010625,0.642800875
0.6875,0.25,0.6875,0.226995625,0.34350206250000004,0.70855075
0.6875,0.25,0.75,0.21419137500000002,0.34970306250000005,0.774300625
0.6875,0.25,0.8125,0.201387125,0.3559040625,0.8400505
0.6875,0.25,0.875,0.188582875,0.3621050625,0.905800375
0.6875,0.25,0.9375,0.175778625,0.36830606250000003,0.9715502500000001
0.6875,0.25,1.0,0.162974375,0.3745070625,1.037300125
0.6875,0.3125,0.0,0.4336288125,0.324433625,-0.017705125
0.6875,0.3125,0.0625,0.4208245625,0.330634625,0.04804475
0.6875,0.3125,0.125,0.40802031250000004,0.336835625,0.113794625
0.6875,0.3125,0.1875,0.3952160625,0.343036625,0.1795445
0.6875,0.3125,0.25,0.3824118125,0.349237625,0.245294375
0.6875,0.3125,0.3125,0.36960756250000004,0.355438625,0.31104425
0.6875,0.3125,0.375,0.3568033125,0.361639625,0.376794125
0.6875,0.3125,0.4375,0.3439990625,0.36784062500000003,0.442544
0.6875,0.3125,0.5,0.33119481250000005,0.374041625,0.508293875
0.6875,0.3125,0.5625,0.31839056250000003,0.380242625,0.57404375
0.6875,0.3125,0.625,0.3055863125,0.386443625,0.639793625
0.6875,0.3125,0.6875,0.29278206250000005,0.39264462499999997,0.7055435
0.6875,0.3125,0.75,0.27997781250000003,0.398845625,0.771293375
0.6875,0.3125,0.8125,0.2671735625,0.405046625,0.83704325
0.6875,0.3125,0.875,0.25436931250000006,0.411247625,0.902793125
0.6875,0.3125,0.9375,0.2415650625,0.417448625,0.968543
0.6875,0.3125,1.0,0.22876081250000002,0.42364962500000003,1.034292875
0.6875,0.375,0.0,0.49941525,0.37357618750000005,-0.020712375
0.6875,0.375,0.0625,0.48661099999999996,0.37977718750000006,0.045037499999999994
0.6875,0.375,0.125,0.47380675,0.38597818750000007,0.110787375
0.6875,0.375,0.1875,0.4610025,0.3921791875,0.17653724999999998
0.6875,0.375,0.25,0.44819824999999996,0.39838018750000004,0.242287125
0.6875,0.375,0.3125,0.43539399999999995,0.40458118750000005,0.308037
0.6875,0.375,0.375,0.42258975,0.41078218750000006,0.37378687499999996
0.6875,0.375,0.4375,0.40978549999999997,0.4169831875000001,0.43953675
0.6875,0.375,0.5,0.39698124999999995,0.42318418750000003,0.505286625
0.6875,0.375,0.5625,0.384177,0.42938518750000004,0.5710365
0.6875,0.375,0.625,0.37137275,0.43558618750000005,0.636786375
0.6875,0.375,0.6875,0.35856849999999996,0.4417871875,0.70253625
0.6875,0.375,0.75,0.34576425,0.4479881875,0.7682861249999999
0.6875,0.375,0.8125,0.33296,0.45418918750000004,0.834036
0.6875,0.375,0.875,0.32015574999999996,0.46039018750000005,0.899785875
0.6875,0.375,0.9375,0.3073515,0.46659118750000006,0.96553575
0.6875,0.375,1.0,0.29454725,0.47279218750000007,1.031285625
0.6875,0.4375,0.0,0.5652016875,0.42271875000000003,-0.023719625
0.6875,0.4375,0.0625,0.5523974375,0.42891975000000004,0.04203025
0.6875,0.4375,0.125,0.5395931875,0.43512075000000006,0.107780125
0.6875,0.4375,0.1875,0.5267889375,0.44132175,0.17353
0.6875,0.4375,0.25,0.5139846875,0.44752275,0.239279875
0.6875,0.4375,0.3125,0.5011804375,0.45372375000000004,0.30502975
0.6875,0.4375,0.375,0.4883761875,0.45992475000000005,0.37077962499999995
0.6875,0.4375,0.4375,0.4755719375,0.46612575,0.43652949999999996
0.6875,0.4375,0.5,0.46276768749999997,0.47232675,0.502279375
0.6875,0.4375,0.5625,0.4499634375,0.47852775000000003,0.5680292499999999
0.6875,0.4375,0.625,0.4371591875,0.48472875000000004,0.633779125
0.6875,0.4375,0.6875,0.4243549375,0.49092975000000005,0.699529
0.6875,0.4375,0.75,0.4115506875,0.49713075000000007,0.7652788749999999
0.6875,0.4375,0.8125,0.3987464375,0.5033317500000001,0.83102875
0.6875,0.4375,0.875,0.3859421875,0.50953275,0.8967786249999999
0.6875,0.4375,0.9375,0.3731379375,0.51573375,0.9625285
0.6875,0.4375,1.0,0.3603336875,0.52193475,1.028278375
0.6875,0.5,0.0,0.630988125,0.4718613125,-0.026726875
0.6875,0.5,0.0625,0.618183875,0.47806231250000003,0.039023
0.6875,0.5,0.125,0.605379625,0.48426331250000004,0.104772875
0.6875,0.5,0.1875,0.592575375,0.4904643125,0.17052274999999997
0.6875,0.5,0.25,0.579771125,0.4966653125,0.236272625
0.6875,0.5,0.3125,0.566966875,0.5028663125,0.3020225
0.6875,0.5,0.375,0.554162625,0.5090673125,0.367772375
0.6875,0.5,0.4375,0.5413583750000001,0.5152683125,0.43352225
0.6875,0.5,0.5,0.528554125,0.5214693125000001,0.499272125
0.6875,0.5,0.5625,0.515749875,0.5276703125,0.5650219999999999
0.6875,0.5,0.625,0.502945625,0.5338713125,0.630771875
0.6875,0.5,0.6875,0.490141375,0.5400723125,0.6965217499999999
0.6875,0.5,0.75,0.47733712500000003,0.5462733125,0.7622716249999999
0.6875,0.5,0.8125,0.464532875,0.5524743125,0.8280215
0.6875,0.5,0.875,0.451728625,0.5586753125,0.8937713749999999
0.6875,0.5,0.9375,0.43892437500000003,0.5648763125,0.95952125
0.6875,0.5,1.0,0.426120125,0.5710773125,1.025271125
0.6875,0.5625,0.0,0.6967745625,0.521003875,-0.029734125
0.6875,0.5625,0.0625,0.6839703125000001,0.527204875,0.03601575
0.6875,0.5625,0.125,0.6711660625,0.533405875,0.101765625
0.6875,0.5625,0.1875,0.6583618125,0.539606875,0.16751549999999998
0.6875,0.5625,0.25,0.6455575625000001,0.545807875,0.233265375
0.6875,0.5625,0.3125,0.6327533125,0.552008875,0.29901525
0.6875,0.5625,0.375,0.6199490625,0.558209875,0.36476512499999997
0.6875,0.5625,0.4375,0.6071448125000001,0.564410875,0.430515
0.6875,0.5625,0.5,0.5943405625,0.570611875,0.496264875
0.6875,0.5625,0.5625,0.5815363125,0.576812875,0.5620147499999999
0.6875,0.5625,0.625,0.5687320625000001,0.583013875,0.627764625
0.6875,0.5625,0.6875,0.5559278125,0.589214875,0.6935145
0.6875,0.5625,0.75,0.5431235625,0.595415875,0.7592643749999999
0.6875,0.5625,0.8125,0.5303193125000001,0.601616875,0.82501425
0.6875,0.5625,0.875,0.5175150625,0.6078178750000001,0.890764125
0.6875,0.5625,0.9375,0.5047108125,0.614018875,0.9565140000000001
0.6875,0.5625,1.0,0.49190656250000003,0.620219875,1.022263875
0.6875,0.625,0.0,0.762561,0.5701464374999999,-0.032741374999999996
0.6875,0.625,0.0625,0.7497567500000001,0.5763474375,0.0330085
0.6875,0.625,0.125,0.7369525,0.5825484375,0.09875837500000001
0.6875,0.625,0.1875,0.72414825,0.5887494375,0.16450825
0.6875,0.625,0.25,0.7113440000000001,0.5949504375,0.230258125
0.6875,0.625,0.3125,0.69853975,0.6011514374999999,0.296008
0.6875,0.625,0.375,0.6857355,0.6073524374999999,0.36175787499999995
0.6875,0.625,0.4375,0.6729312500000001,0.6135534374999999,0.42750774999999996
0.6875,0.625,0.5,0.660127,0.6197544374999999,0.493257625
0.6875,0.625,0.5625,0.6473227500000001,0.6259554374999999,0.5590075
0.6875,0.625,0.625,0.6345185,0.6321564375,0.6247573750000001
0.6875,0.625,0.6875,0.62171425,0.6383574375,0.69050725
0.6875,0.625,0.75,0.6089100000000001,0.6445584375,0.756257125
0.6875,0.625,0.8125,0.59610575,0.6507594375,0.822007
0.6875,0.625,0.875,0.5833015,0.6569604375,0.887756875
0.6875,0.625,0.9375,0.5704972500000001,0.6631614374999999,0.9535067500000001
0.6875,0.625,1.0,0.557693,0.6693624374999999,1.019256625
0.6875,0.6875,0.0,0.8283474375000001,0.619289,-0.035748625
0.6875,0.6875,0.0625,0.8155431875000001,0.62549,0.03000125
0.6875,0.6875,0.125,0.8027389375,0.631691,0.09575112499999999
0.6875,0.6875,0.1875,0.7899346875000001,0.637892,0.16150099999999998
0.6875,0.6875,0.25,0.7771304375000001,0.644093,0.227250875
0.6875,0.6875,0.3125,0.7643261875,0.6502939999999999,0.29300075000000003
0.6875,0.6875,0.375,0.7515219375000001,0.6564949999999999,0.358750625
0.6875,0.6875,0.4375,0.7387176875000001,0.662696,0.4245005
0.6875,0.6875,0.5,0.7259134375,0.668897,0.490250375
0.6875,0.6875,0.5625,0.7131091875000001,0.675098,0.55600025
0.6875,0.6875,0.625,0.7003049375000001,0.681299,0.621750125
0.6875,0.6875,0.6875,0.6875006875,0.6875,0.6875
0.6875,0.6875,0.75,0.6746964375000001,0.693701,0.753249875
0.6875,0.6875,0.8125,0.6618921875000001,0.699902,0.81899975
0.6875,0.6875,0.875,0.6490879375,0.7061029999999999,0.884749625
0.6875,0.6875,0.9375,0.6362836875000001,0.7123039999999999,0.9504995
0.6875,0.6875,1.0,0.6234794375000001,0.718505,1.016249375
0.6875,0.75,0.0,0.894133875,0.6684315625,-0.038755875
0.6875,0.75,0.0625,0.881329625,0.6746325625,0.026993999999999997
0.6875,0.75,0.125,0.8685253749999999,0.6808335625,0.092743875
0.6875,0.75,0.1875,0.855721125,0.6870345625000001,0.15849375
0.6875,0.75,0.25,0.842916875,0.6932355625000001,0.224243625
0.6875,0.75,0.3125,0.8301126249999999,0.6994365625,0.2899935
0.6875,0.75,0.375,0.817308375,0.7056375625,0.355743375
0.6875,0.75,0.4375,0.804504125,0.7118385625,0.42149325
0.6875,0.75,0.5,0.7916998749999999,0.7180395625,0.487243125
0.6875,0.75,0.5625,0.778895625,0.7242405625,0.552993
0.6875,0.75,0.625,0.766091375,0.7304415625,0.618742875
0.6875,0.75,0.6875,0.753287125,0.7366425625,0.68449275
0.6875,0.75,0.75,0.740482875,0.7428435625,0.7502426249999999
0.6875,0.75,0.8125,0.727678625,0.7490445625000001,0.8159925
0.6875,0.75,0.875,0.714874375,0.7552455625000001,0.881742375
0.6875,0.75,0.9375,0.702070125,0.7614465625,0.94749225
0.6875,0.75,1.0,0.689265875,0.7676475625,1.0132421249999999
0.6875,0.8125,0.0,0.9599203125,0.717574125,-0.041763125
0.6875,0.8125,0.0625,0.9471160625,0.723775125,0.02398675
0.6875,0.8125,0.125,0.9343118125,0.729976125,0.089736625
0.6875,0.8125,0.1875,0.9215075625,0.736177125,0.15548649999999997
0.6875,0.8125,0.25,0.9087033125,0.742378125,0.22123637499999999
0.6875,0.8125,0.3125,0.8958990625,0.7485791249999999,0.28698625
0.6875,0.8125,0.375,0.8830948125,0.7547801249999999,0.35273612499999996
0.6875,0.8125,0.4375,0.8702905625,0.7609811249999999,0.41848599999999997
0.6875,0.8125,0.5,0.8574863125,0.7671821249999999,0.484235875
0.6875,0.8125,0.5625,0.8446820625,0.773383125,0.5499857499999999
0.6875,0.8125,0.625,0.8318778124999999,0.779584125,0.615735625
0.6875,0.8125,0.6875,0.8190735625,0.785785125,0.6814855
0.6875,0.8125,0.75,0.8062693125,0.791986125,0.7472353749999999
0.6875,0.8125,0.8125,0.7934650624999999,0.798187125,0.81298525
0.6875,0.8125,0.875,0.7806608125,0.804388125,0.878735125
0.6875,0.8125,0.9375,0.7678565625,0.8105891249999999,0.944485
0.6875,0.8125,1.0,0.7550523124999999,0.8167901249999999,1.010234875
0.6875,0.875,0.0,1.0257067500000001,0.7667166875,-0.044770375
0.6875,0.875,0.0625,1.0129025,0.7729176875,0.020979499999999998
0.6875,0.875,0.125,1.0000982500000002,0.7791186875,0.086729375
0.6875,0.875,0.1875,0.9872940000000001,0.7853196875,0.15247924999999998
0.6875,0.875,0.25,0.9744897500000002,0.7915206875,0.218229125
0.6875,0.875,0.3125,0.9616855000000001,0.7977216874999999,0.283979
0.6875,0.875,0.375,0.9488812500000001,0.8039226875,0.34972887499999994
0.6875,0.875,0.4375,0.9360770000000002,0.8101236875,0.41547875
0.6875,0.875,0.5,0.9232727500000001,0.8163246875,0.48122862499999997
0.6875,0.875,0.5625,0.9104685000000001,0.8225256875,0.5469784999999999
0.6875,0.875,0.625,0.89766425,0.8287266875,0.612728375
0.6875,0.875,0.6875,0.8848600000000001,0.8349276875,0.67847825
0.6875,0.875,0.75,0.8720557500000001,0.8411286875,0.7442281249999999
0.6875,0.875,0.8125,0.8592515000000001,0.8473296875,0.809978
0.6875,0.875,0.875,0.8464472500000001,0.8535306874999999,0.8757278749999999
0.6875,0.875,0.9375,0.8336430000000001,0.8597316875,0.94147775
0.6875,0.875,1.0,0.8208387500000001,0.8659326875,1.007227625
0.6875,0.9375,0.0,1.0914931875,0.8158592499999999,-0.047777625
0.6875,0.9375,0.0625,1.0786889375,0.8220602499999999,0.017972250000000002
0.6875,0.9375,0.125,1.0658846875,0.82826125,0.08372212500000001
0.6875,0.9375,0.1875,1.0530804375,0.83446225,0.149472
0.6875,0.9375,0.25,1.0402761875,0.84066325,0.215221875
0.6875,0.9375,0.3125,1.0274719375,0.8468642499999999,0.28097175
0.6875,0.9375,0.375,1.0146676875,0.8530652499999999,0.346721625
0.6875,0.9375,0.4375,1.0018634375,0.8592662499999999,0.4124715
0.6875,0.9375,0.5,0.9890591875,0.8654672499999999,0.478221375
0.6875,0.9375,0.5625,0.9762549375,0.8716682499999999,0.5439712499999999
0.6875,0.9375,0.625,0.9634506875,0.8778692499999999,0.609721125
0.6875,0.9375,0.6875,0.9506464375,0.88407025,0.6754709999999999
0.6875,0.9375,0.75,0.9378421875,0.89027125,0.7412208749999999
0.6875,0.9375,0.8125,0.9250379375,0.89647225,0.80697075
0.6875,0.9375,0.875,0.9122336875,0.9026732499999999,0.8727206249999999
0.6875,0.9375,0.9375,0.8994294375,0.9088742499999999,0.9384705
0.6875,0.9375,1.0,0.8866251875,0.9150752499999999,1.004220375
0.6875,1.0,0.0,1.1572796250000001,0.8650018125,-0.050784875
0.6875,1.0,0.0625,1.144475375,0.8712028125,0.014965
0.6875,1.0,0.125,1.1316711250000002,0.8774038125,0.08071487499999999
0.6875,1.0,0.1875,1.1188668750000001,0.8836048125,0.14646474999999998
0.6875,1.0,0.25,1.106062625,0.8898058125,0.212214625
0.6875,1.0,0.3125,1.0932583750000002,0.8960068124999999,0.2779645
0.6875,1.0,0.375,1.0804541250000002,0.9022078124999999,0.34371437499999996
0.6875,1.0,0.4375,1.067649875,0.9084088124999999,0.40946425
0.6875,1.0,0.5,1.0548456250000002,0.9146098125,0.475214125
0.6875,1.0,0.5625,1.0420413750000002,0.9208108125,0.540964
0.6875,1.0,0.625,1.029237125,0.9270118125,0.6067138750000001
0.6875,1.0,0.6875,1.0164328750000002,0.9332128125,0.67246375
0.6875,1.0,0.75,1.0036286250000002,0.9394138125,0.738213625
0.6875,1.0,0.8125,0.9908243750000001,0.9456148125,0.8039635
0.6875,1.0,0.875,0.9780201250000001,0.9518158125,0.869713375
0.6875,1.0,0.9375,0.9652158750000002,0.9580168124999999,0.9354632500000001
0.6875,1.0,1.0,0.9524116250000001,0.9642178124999999,1.001213125
0.75,0.0,0.0,0.1142145,0.08587724999999999,-0.0029115
0.75,0.0,0.0625,0.10141025,0.09207824999999999,0.062838375
0.75,0.0,0.125,0.08860599999999999,0.09827924999999998,0.12858825
0.75,0.0,0.1875,0.07580175,0.10448025,0.19433812499999997
0.75,0.0,0.25,0.0629975,0.11068124999999998,0.260088
0.75,0.0,0.3125,0.050193249999999995,0.11688225,0.325837875
0.75,0.0,0.375,0.037389000000000006,0.12308324999999999,0.39158774999999996
0.75,0.0,0.4375,0.024584750000000002,0.12928425,0.45733762499999997
0.75,0.0,0.5,0.0117805,0.13548525,0.5230875
0.75,0.0,0.5625,-0.0010237500000000038,0.14168624999999999,0.588837375
0.75,0.0,0.625,-0.013828000000000007,0.14788724999999997,0.6545872500000001
0.75,0.0,0.6875,-0.026632249999999996,0.15408824999999998,0.720337125
0.75,0.0,0.75,-0.039436499999999985,0.16028925,0.786087
0.75,0.0,0.8125,-0.05224075,0.16649025,0.851836875
0.75,0.0,0.875,-0.06504499999999999,0.17269125,0.91758675
0.75,0.0,0.9375,-0.07784925000000001,0.17889224999999997,0.9833366250000001
0.75,0.0,1.0,-0.0906535,0.18509325,1.0490865
0.75,0.0625,0.0,0.1800009375,0.1350198125,-0.00591875
0.75,0.0625,0.0625,0.16719668750000002,0.14122081250000001,0.059831125
0.75,0.0625,0.125,0.1543924375,0.1474218125,0.125581
0.75,0.0625,0.1875,0.14158818750000002,0.1536228125,0.19133087499999998
0.75,0.0625,0.25,0.1287839375,0.1598238125,0.25708074999999997
0.75,0.0625,0.3125,0.11597968750000001,0.1660248125,0.32283062500000004
0.75,0.0625,0.375,0.10317543750000002,0.17222581250000002,0.3885805
0.75,0.0625,0.4375,0.09037118750000002,0.1784268125,0.45433037499999995
0.75,0.0625,0.5,0.07756693750000002,0.1846278125,0.52008025
0.75,0.0625,0.5625,0.06476268750000001,0.1908288125,0.585830125
0.75,0.0625,0.625,0.05195843750000001,0.1970298125,0.65158
0.75,0.0625,0.6875,0.03915418750000002,0.2032308125,0.717329875
0.75,0.0625,0.75,0.02634993750000003,0.2094318125,0.78307975
0.75,0.0625,0.8125,0.013545687500000014,0.2156328125,0.848829625
0.75,0.0625,0.875,0.0007414375000000251,0.2218338125,0.9145795
0.75,0.0625,0.9375,-0.012062812499999992,0.22803481250000002,0.9803293750000001
0.75,0.0625,1.0,-0.02486706249999998,0.2342358125,1.04607925
0.75,0.125,0.0,0.245787375,0.184162375,-0.008926
0.75,0.125,0.0625,0.232983125,0.190363375,0.056823874999999996
0.75,0.125,0.125,0.220178875,0.19656437499999999,0.12257375
0.75,0.125,0.1875,0.207374625,0.202765375,0.188323625
0.75,0.125,0.25,0.19457037500000002,0.20896637499999998,0.2540735
0.75,0.125,0.3125,0.181766125,0.215167375,0.319823375
0.75,0.125,0.375,0.168961875,0.221368375,0.38557325
0.75,0.125,0.4375,0.15615762500000002,0.227569375,0.451323125
0.75,0.125,0.5,0.143353375,0.23377037499999997,0.517073
0.75,0.125,0.5625,0.130549125,0.239971375,0.582822875
0.75,0.125,0.625,0.117744875,0.246172375,0.64857275
0.75,0.125,0.6875,0.10494062500000001,0.252373375,0.714322625
0.75,0.125,0.75,0.09213637500000002,0.258574375,0.7800725
0.75,0.125,0.8125,0.079332125,0.264775375,0.845822375
0.75,0.125,0.875,0.06652787500000001,0.270976375,0.91157225
0.75,0.125,0.9375,0.053723625,0.277177375,0.977322125
0.75,0.125,1.0,0.04091937500000001,0.28337837499999996,1.043072
0.75,0.1875,0.0,0.3115738125,0.2333049375,-0.01193325
0.75,0.1875,0.0625,0.2987695625,0.23950593750000002,0.053816625
0.75,0.1875,0.125,0.2859653125,0.2457069375,0.11956649999999999
0.75,0.1875,0.1875,0.2731610625,0.2519079375,0.18531637499999998
0.75,0.1875,0.25,0.2603568125,0.2581089375,0.25106625
0.75,0.1875,0.3125,0.2475525625,0.2643099375,0.316816125
0.75,0.1875,0.375,0.2347483125,0.2705109375,0.38256599999999996
0.75,0.1875,0.4375,0.22194406249999998,0.2767119375,0.448315875
0.75,0.1875,0.5,0.2091398125,0.2829129375,0.51406575
0.75,0.1875,0.5625,0.1963355625,0.28911393750000003,0.579815625
0.75,0.1875,0.625,0.1835313125,0.2953149375,0.6455655
0.75,0.1875,0.6875,0.1707270625,0.3015159375,0.711315375
0.75,0.1875,0.75,0.1579228125,0.3077169375,0.7770652499999999
0.75,0.1875,0.8125,0.1451185625,0.3139179375,0.842815125
0.75,0.1875,0.875,0.1323143125,0.3201189375,0.908565
0.75,0.1875,0.9375,0.11951006249999999,0.3263199375,0.974314875
0.75,0.1875,1.0,0.1067058125,0.3325209375,1.04006475
0.75,0.25,0.0,0.37736025,0.28244749999999996,-0.014940499999999999
0.75,0.25,0.0625,0.364556,0.2886485,0.050809375000000004
0.75,0.25,0.125,0.35175175000000003,0.2948495,0.11655925
0.75,0.25,0.1875,0.3389475,0.30105049999999994,0.182309125
0.75,0.25,0.25,0.32614325,0.30725149999999996,0.248059
0.75,0.25,0.3125,0.31333900000000003,0.31345249999999997,0.313808875
0.75,0.25,0.375,0.30053475,0.3196535,0.37955874999999994
0.75,0.25,0.4375,0.2877305,0.32585449999999994,0.44530862499999996
0.75,0.25,0.5,0.27492625000000004,0.33205549999999995,0.5110585
0.75,0.25,0.5625,0.262122,0.33825649999999996,0.5768083749999999
0.75,0.25,0.625,0.24931775,0.34445749999999997,0.64255825
0.75,0.25,0.6875,0.23651350000000002,0.3506585,0.708308125
0.75,0.25,0.75,0.22370925000000003,0.3568595,0.7740579999999999
0.75,0.25,0.8125,0.210905,0.36306049999999995,0.839807875
0.75,0.25,0.875,0.19810075000000002,0.36926149999999996,0.9055577499999999
0.75,0.25,0.9375,0.1852965,0.3754625,0.971307625
0.75,0.25,1.0,0.17249225,0.38166349999999993,1.0370575
0.75,0.3125,0.0,0.4431466875,0.3315900625,-0.01794775
0.75,0.3125,0.0625,0.4303424375,0.3377910625,0.047802125
0.75,0.3125,0.125,0.41753818750000005,0.34399206250000003,0.113552
0.75,0.3125,0.1875,0.40473393750000003,0.3501930625,0.179301875
0.75,0.3125,0.25,0.3919296875,0.3563940625,0.24505175
0.75,0.3125,0.3125,0.37912543750000005,0.3625950625,0.310801625
0.75,0.3125,0.375,0.36632118750000003,0.3687960625,0.3765515
0.75,0.3125,0.4375,0.3535169375,0.3749970625,0.442301375
0.75,0.3125,0.5,0.34071268750000006,0.3811980625,0.50805125
0.75,0.3125,0.5625,0.32790843750000004,0.3873990625,0.5738011249999999
0.75,0.3125,0.625,0.3151041875,0.3936000625,0.639551
0.75,0.3125,0.6875,0.30229993750000006,0.3998010625,0.7053008749999999
0.75,0.3125,0.75,0.28949568750000004,0.40600206250000004,0.7710507499999999
0.75,0.3125,0.8125,0.2766914375,0.4122030625,0.836800625
0.75,0.3125,0.875,0.26388718750000006,0.4184040625,0.9025504999999999
0.75,0.3125,0.9375,0.2510829375,0.4246050625,0.968300375
0.75,0.3125,1.0,0.23827868750000003,0.4308060625,1.03405025
0.75,0.375,0.0,0.508933125,0.38073262500000005,-0.020955
0.75,0.375,0.0625,0.49612887499999997,0.38693362500000006,0.044794875
0.75,0.375,0.125,0.483324625,0.39313462500000007,0.11054475
0.75,0.375,0.1875,0.470520375,0.399335625,0.17629462499999998
0.75,0.375,0.25,0.457716125,0.40553662500000004,0.2420445
0.75,0.375,0.3125,0.44491187499999996,0.41173762500000005,0.307794375
0.75,0.375,0.375,0.432107625,0.41793862500000006,0.37354424999999997
0.75,0.375,0.4375,0.419303375,0.424139625,0.439294125
0.75,0.375,0.5,0.40649912499999996,0.43034062500000003,0.505044
0.75,0.375,0.5625,0.393694875,0.43654162500000004,0.5707938749999999
0.75,0.375,0.625,0.380890625,0.44274262500000006,0.63654375
0.75,0.375,0.6875,0.36808637499999997,0.44894362500000007,0.702293625
0.75,0.375,0.75,0.355282125,0.4551446250000001,0.7680434999999999
0.75,0.375,0.8125,0.342477875,0.46134562500000004,0.833793375
0.75,0.375,0.875,0.32967362499999997,0.46754662500000005,0.89954325
0.75,0.375,0.9375,0.316869375,0.47374762500000006,0.9652931250000001
0.75,0.375,1.0,0.304065125,0.479948625,1.031043
0.75,0.4375,0.0,0.5747195625,0.4298751875,-0.02396225
0.75,0.4375,0.0625,0.5619153125,0.4360761875,0.041787624999999995
0.75,0.4375,0.125,0.5491110625,0.4422771875,0.1075375
0.75,0.4375,0.1875,0.5363068125,0.44847818749999996,0.173287375
0.75,0.4375,0.25,0.5235025625,0.45467918749999997,0.23903725
0.75,0.4375,0.3125,0.5106983125,0.4608801875,0.304787125
0.75,0.4375,0.375,0.4978940625,0.4670811875,0.37053699999999995
0.75,0.4375,0.4375,0.4850898125,0.47328218749999995,0.43628687499999996
0.75,0.4375,0.5,0.4722855625,0.47948318749999996,0.50203675
0.75,0.4375,0.5625,0.4594813125,0.4856841875,0.567786625
0.75,0.4375,0.625,0.4466770625,0.4918851875,0.6335365000000001
0.75,0.4375,0.6875,0.4338728125,0.4980861875,0.699286375
0.75,0.4375,0.75,0.4210685625,0.5042871875,0.76503625
0.75,0.4375,0.8125,0.4082643125,0.5104881875,0.830786125
0.75,0.4375,0.875,0.3954600625,0.5166891874999999,0.896536
0.75,0.4375,0.9375,0.3826558125,0.5228901874999999,0.9622858750000001
0.75,0.4375,1.0,0.3698515625,0.5290911875,1.02803575
0.75,0.5,0.0,0.640506,0.47901775,-0.0269695
0.75,0.5,0.0625,0.6277017500000001,0.48521875000000003,0.038780375
0.75,0.5,0.125,0.6148975,0.49141975000000004,0.10453024999999999
0.75,0.5,0.1875,0.60209325,0.49762075,0.17028012499999998
0.75,0.5,0.25,0.5892890000000001,0.5038217500000001,0.23603
0.75,0.5,0.3125,0.57648475,0.51002275,0.30177987500000003
0.75,0.5,0.375,0.5636805,0.51622375,0.36752975
0.75,0.5,0.4375,0.5508762500000001,0.52242475,0.433279625
0.75,0.5,0.5,0.538072,0.52862575,0.4990295
0.75,0.5,0.5625,0.52526775,0.53482675,0.564779375
0.75,0.5,0.625,0.5124635,0.54102775,0.63052925
0.75,0.5,0.6875,0.49965925,0.54722875,0.696279125
0.75,0.5,0.75,0.48685500000000004,0.55342975,0.762029
0.75,0.5,0.8125,0.47405075,0.5596307500000001,0.827778875
0.75,0.5,0.875,0.4612465,0.5658317500000001,0.89352875
0.75,0.5,0.9375,0.44844225000000004,0.57203275,0.959278625
0.75,0.5,1.0,0.435638,0.57823375,1.0250285
0.75,0.5625,0.0,0.7062924375,0.5281603125,-0.02997675
0.75,0.5625,0.0625,0.6934881875000001,0.5343613125,0.035773125
0.75,0.5625,0.125,0.6806839375,0.5405623125,0.101523
0.75,0.5625,0.1875,0.6678796875,0.5467633125,0.167272875
0.75,0.5625,0.25,0.6550754375000001,0.5529643125,0.23302275
0.75,0.5625,0.3125,0.6422711875,0.5591653124999999,0.298772625
0.75,0.5625,0.375,0.6294669375,0.5653663124999999,0.36452249999999997
0.75,0.5625,0.4375,0.6166626875000001,0.5715673124999999,0.430272375
0.75,0.5625,0.5,0.6038584375,0.5777683124999999,0.49602225
0.75,0.5625,0.5625,0.5910541875,0.5839693125,0.561772125
0.75,0.5625,0.625,0.5782499375000001,0.5901703125,0.627522
0.75,0.5625,0.6875,0.5654456875,0.5963713125,0.693271875
0.75,0.5625,0.75,0.5526414375,0.6025723125,0.7590217499999999
0.75,0.5625,0.8125,0.5398371875000001,0.6087733125,0.824771625
0.75,0.5625,0.875,0.5270329375,0.6149743125,0.8905215
0.75,0.5625,0.9375,0.5142286875000001,0.6211753124999999,0.956271375
0.75,0.5625,1.0,0.5014244375000001,0.6273763124999999,1.0220212499999999
0.75,0.625,0.0,0.772078875,0.577302875,-0.032984
0.75,0.625,0.0625,0.7592746250000001,0.583503875,0.032765875
0.75,0.625,0.125,0.746470375,0.589704875,0.09851575
0.75,0.625,0.1875,0.7336661250000001,0.595905875,0.16426562499999997
0.75,0.625,0.25,0.7208618750000001,0.602106875,0.23001549999999998
0.75,0.625,0.3125,0.708057625,0.6083078749999999,0.295765375
0.75,0.625,0.375,0.6952533750000001,0.614508875,0.36151524999999995
0.75,0.625,0.4375,0.6824491250000001,0.620709875,0.42726512499999997
0.75,0.625,0.5,0.669644875,0.626910875,0.493015
0.75,0.625,0.5625,0.6568406250000001,0.633111875,0.5587648749999999
0.75,0.625,0.625,0.644036375,0.639312875,0.62451475
0.75,0.625,0.6875,0.631232125,0.645513875,0.690264625
0.75,0.625,0.75,0.6184278750000001,0.651714875,0.7560144999999999
0.75,0.625,0.8125,0.605623625,0.657915875,0.821764375
0.75,0.625,0.875,0.592819375,0.6641168749999999,0.88751425
0.75,0.625,0.9375,0.5800151250000001,0.670317875,0.953264125
0.75,0.625,1.0,0.567210875,0.676518875,1.019014
0.75,0.6875,0.0,0.8378653125000001,0.6264454375,-0.035991249999999995
0.75,0.6875,0.0625,0.8250610625000001,0.6326464375,0.029758625000000004
0.75,0.6875,0.125,0.8122568125,0.6388474375000001,0.0955085
0.75,0.6875,0.1875,0.7994525625000001,0.6450484375000001,0.16125837499999998
0.75,0.6875,0.25,0.7866483125000001,0.6512494375000001,0.22700825
0.75,0.6875,0.3125,0.7738440625,0.6574504375,0.29275812500000004
0.75,0.6875,0.375,0.7610398125000001,0.6636514375,0.358508
0.75,0.6875,0.4375,0.7482355625000001,0.6698524375,0.424257875
0.75,0.6875,0.5,0.7354313125,0.6760534375,0.49000775
0.75,0.6875,0.5625,0.7226270625000001,0.6822544375,0.5557576249999999
0.75,0.6875,0.625,0.7098228125000001,0.6884554375,0.6215075
0.75,0.6875,0.6875,0.6970185625,0.6946564375000001,0.687257375
0.75,0.6875,0.75,0.6842143125000001,0.7008574375000001,0.7530072499999999
0.75,0.6875,0.8125,0.6714100625000001,0.7070584375000001,0.818757125
0.75,0.6875,0.875,0.6586058125,0.7132594375000001,0.8845069999999999
0.75,0.6875,0.9375,0.6458015625000001,0.7194604375,0.950256875
0.75,0.6875,1.0,0.6329973125000001,0.7256614375,1.01600675
0.75,0.75,0.0,0.90365175,0.6755880000000001,-0.0389985
0.75,0.75,0.0625,0.8908475,0.6817890000000001,0.026751375
0.75,0.75,0.125,0.8780432499999999,0.6879900000000001,0.09250125000000001
0.75,0.75,0.1875,0.865239,0.6941910000000001,0.158251125
0.75,0.75,0.25,0.85243475,0.7003920000000001,0.224001
0.75,0.75,0.3125,0.8396305,0.706593,0.289750875
0.75,0.75,0.375,0.82682625,0.712794,0.35550075
0.75,0.75,0.4375,0.814022,0.718995,0.421250625
0.75,0.75,0.5,0.80121775,0.7251960000000001,0.4870005
0.75,0.75,0.5625,0.7884135,0.7313970000000001,0.5527503749999999
0.75,0.75,0.625,0.77560925,0.7375980000000001,0.61850025
0.75,0.75,0.6875,0.762805,0.7437990000000001,0.6842501249999999
0.75,0.75,0.75,0.75000075,0.7500000000000001,0.7499999999999999
0.75,0.75,0.8125,0.7371965,0.7562010000000001,0.815749875
0.75,0.75,0.875,0.72439225,0.762402,0.8814997499999999
0.75,0.75,0.9375,0.711588,0.768603,0.947249625
0.75,0.75,1.0,0.69878375,0.774804,1.0129995
0.75,0.8125,0.0,0.9694381875,0.7247305625,-0.042005749999999994
0.75,0.8125,0.0625,0.9566339375,0.7309315625,0.023744125000000005
0.75,0.8125,0.125,0.9438296875,0.7371325625,0.089494
0.75,0.8125,0.1875,0.9310254375,0.7433335625,0.15524387499999998
0.75,0.8125,0.25,0.9182211875,0.7495345625000001,0.22099375
0.75,0.8125,0.3125,0.9054169375,0.7557355625,0.286743625
0.75,0.8125,0.375,0.8926126875,0.7619365625,0.35249349999999996
0.75,0.8125,0.4375,0.8798084375,0.7681375625,0.418243375
0.75,0.8125,0.5,0.8670041875,0.7743385625,0.48399325
0.75,0.8125,0.5625,0.8541999375,0.7805395625,0.549743125
0.75,0.8125,0.625,0.8413956874999999,0.7867405625,0.6154930000000001
0.75,0.8125,0.6875,0.8285914375,0.7929415625,0.681242875
0.75,0.8125,0.75,0.8157871875,0.7991425625,0.74699275
0.75,0.8125,0.8125,0.8029829374999999,0.8053435625,0.812742625
0.75,0.8125,0.875,0.7901786875,0.8115445625,0.8784925
0.75,0.8125,0.9375,0.7773744375,0.8177455625,0.9442423750000001
0.75,0.8125,1.0,0.7645701874999999,0.8239465625,1.00999225
0.75,0.875,0.0,1.0352246250000001,0.773873125,-0.045013
0.75,0.875,0.0625,1.022420375,0.7800741250000001,0.020736875000000002
0.75,0.875,0.125,1.0096161250000002,0.7862751250000001,0.08648675
0.75,0.875,0.1875,0.9968118750000001,0.7924761250000001,0.152236625
0.75,0.875,0.25,0.9840076250000002,0.7986771250000001,0.2179865
0.75,0.875,0.3125,0.9712033750000001,0.804878125,0.28373637500000004
0.75,0.875,0.375,0.9583991250000001,0.811079125,0.34948625
0.75,0.875,0.4375,0.9455948750000002,0.817280125,0.41523612499999996
0.75,0.875,0.5,0.9327906250000001,0.823481125,0.480986
0.75,0.875,0.5625,0.9199863750000001,0.829682125,0.546735875
0.75,0.875,0.625,0.9071821250000001,0.8358831250000001,0.61248575
0.75,0.875,0.6875,0.8943778750000001,0.8420841250000001,0.678235625
0.75,0.875,0.75,0.8815736250000001,0.8482851250000001,0.7439855
0.75,0.875,0.8125,0.8687693750000001,0.8544861250000001,0.809735375
0.75,0.875,0.875,0.8559651250000001,0.8606871250000001,0.87548525
0.75,0.875,0.9375,0.8431608750000001,0.866888125,0.9412351250000001
0.75,0.875,1.0,0.8303566250000001,0.873089125,1.006985
0.75,0.9375,0.0,1.1010110625,0.8230156875,-0.048020249999999993
0.75,0.9375,0.0625,1.0882068125,0.8292166875,0.017729625000000006
0.75,0.9375,0.125,1.0754025625,0.8354176875,0.08347950000000001
0.75,0.9375,0.1875,1.0625983125,0.8416186875,0.149229375
0.75,0.9375,0.25,1.0497940625,0.8478196875,0.21497925
0.75,0.9375,0.3125,1.0369898125,0.8540206874999999,0.280729125
0.75,0.9375,0.375,1.0241855625,0.8602216874999999,0.346479
0.75,0.9375,0.4375,1.0113813125,0.8664226875,0.412228875
0.75,0.9375,0.5,0.9985770625,0.8726236875,0.47797875
0.75,0.9375,0.5625,0.9857728125,0.8788246875,0.543728625
0.75,0.9375,0.625,0.9729685625,0.8850256875,0.6094785
0.75,0.9375,0.6875,0.9601643125,0.8912266875,0.675228375
0.75,0.9375,0.75,0.9473600625,0.8974276875,0.74097825
0.75,0.9375,0.8125,0.9345558125,0.9036286875,0.806728125
0.75,0.9375,0.875,0.9217515625,0.9098296875,0.872478
0.75,0.9375,0.9375,0.9089473125,0.9160306874999999,0.938227875
0.75,0.9375,1.0,0.8961430625,0.9222316875,1.00397775
0.75,1.0,0.0,1.1667975,0.87215825,-0.051027499999999996
0.75,1.0,0.0625,1.1539932499999999,0.87835925,0.014722375000000003
0.75,1.0,0.125,1.141189,0.88456025,0.08047225
0.75,1.0,0.1875,1.12838475,0.8907612500000001,0.14622212499999998
0.75,1.0,0.25,1.1155804999999999,0.8969622500000001,0.211972
0.75,1.0,0.3125,1.10277625,0.90316325,0.277721875
0.75,1.0,0.375,1.089972,0.90936425,0.34347174999999996
0.75,1.0,0.4375,1.0771677499999999,0.91556525,0.409221625
0.75,1.0,0.5,1.0643635,0.92176625,0.4749715
0.75,1.0,0.5625,1.05155925,0.92796725,0.540721375
0.75,1.0,0.625,1.0387549999999999,0.93416825,0.60647125
0.75,1.0,0.6875,1.02595075,0.94036925,0.672221125
0.75,1.0,0.75,1.0131465,0.9465702500000001,0.7379709999999999
0.75,1.0,0.8125,1.0003422499999999,0.9527712500000001,0.803720875
0.75,1.0,0.875,0.9875379999999999,0.95897225,0.86947075
0.75,1.0,0.9375,0.97473375,0.96517325,0.935220625
0.75,1.0,1.0,0.9619294999999999,0.97137425,1.0009705
0.8125,0.0,0.0,0.123732375,0.09303368749999999,-0.003154125
0.8125,0.0,0.0625,0.110928125,0.09923468749999999,0.06259575
0.8125,0.0,0.125,0.098123875,0.10543568749999999,0.128345625
0.8125,0.0,0.1875,0.08531962500000001,0.1116366875,0.19409549999999998
0.8125,0.0,0.25,0.072515375,0.11783768749999998,0.259845375
0.8125,0.0,0.3125,0.059711125000000004,0.1240386875,0.32559525
0.8125,0.0,0.375,0.046906875000000015,0.13023968749999998,0.39134512499999996
0.8125,0.0,0.4375,0.03410262500000001,0.1364406875,0.457095
0.8125,0.0,0.5,0.02129837500000001,0.1426416875,0.522844875
0.8125,0.0,0.5625,0.008494125000000005,0.1488426875,0.5885947499999999
0.8125,0.0,0.625,-0.004310124999999998,0.15504368749999997,0.654344625
0.8125,0.0,0.6875,-0.017114374999999987,0.16124468749999998,0.7200945
0.8125,0.0,0.75,-0.029918624999999976,0.1674456875,0.7858443749999999
0.8125,0.0,0.8125,-0.042722874999999993,0.1736466875,0.85159425
0.8125,0.0,0.875,-0.05552712499999998,0.1798476875,0.917344125
0.8125,0.0,0.9375,-0.068331375,0.18604868749999998,0.983094
0.8125,0.0,1.0,-0.08113562499999999,0.1922496875,1.048843875
0.8125,0.0625,0.0,0.18951881250000002,0.14217625,-0.006161375
0.8125,0.0625,0.0625,0.17671456250000003,0.14837725000000002,0.0595885
0.8125,0.0625,0.125,0.16391031250000002,0.15457825,0.125338375
0.8125,0.0625,0.1875,0.15110606250000003,0.16077925,0.19108825
0.8125,0.0625,0.25,0.1383018125,0.16698025,0.256838125
0.8125,0.0625,0.3125,0.12549756250000002,0.17318125,0.322588
0.8125,0.0625,0.375,0.11269331250000003,0.17938225000000002,0.38833787499999994
0.8125,0.0625,0.4375,0.09988906250000003,0.18558325,0.45408774999999996
0.8125,0.0625,0.5,0.08708481250000003,0.19178425,0.519837625
0.8125,0.0625,0.5625,0.07428056250000002,0.19798525,0.5855874999999999
0.8125,0.0625,0.625,0.06147631250000002,0.20418625,0.651337375
0.8125,0.0625,0.6875,0.04867206250000003,0.21038725,0.71708725
0.8125,0.0625,0.75,0.03586781250000004,0.21658825,0.7828371249999999
0.8125,0.0625,0.8125,0.023063562500000023,0.22278925,0.848587
0.8125,0.0625,0.875,0.010259312500000034,0.22899025,0.9143368749999999
0.8125,0.0625,0.9375,-0.002544937499999983,0.23519125000000002,0.98008675
0.8125,0.0625,1.0,-0.015349187499999972,0.24139225,1.045836625
0.8125,0.125,0.0,0.25530525000000004,0.1913188125,-0.009168625
0.8125,0.125,0.0625,0.24250100000000005,0.1975198125,0.05658125
0.8125,0.125,0.125,0.22969675000000003,0.2037208125,0.122331125
0.8125,0.125,0.1875,0.21689250000000004,0.2099218125,0.188081
0.8125,0.125,0.25,0.20408825000000003,0.21612281249999998,0.253830875
0.8125,0.125,0.3125,0.19128400000000004,0.2223238125,0.31958075
0.8125,0.125,0.375,0.17847975000000005,0.2285248125,0.385330625
0.8125,0.125,0.4375,0.16567550000000003,0.2347258125,0.4510805
0.8125,0.125,0.5,0.15287125000000004,0.24092681249999998,0.516830375
0.8125,0.125,0.5625,0.14006700000000005,0.2471278125,0.5825802499999999
0.8125,0.125,0.625,0.12726275000000004,0.2533288125,0.648330125
0.8125,0.125,0.6875,0.11445850000000005,0.25952981249999996,0.7140799999999999
0.8125,0.125,0.75,0.10165425000000006,0.26573081249999997,0.7798298749999999
0.8125,0.125,0.8125,0.08885000000000004,0.2719318125,0.84557975
0.8125,0.125,0.875,0.07604575000000005,0.2781328125,0.9113296249999999
0.8125,0.125,0.9375,0.06324150000000003,0.2843338125,0.9770795
0.8125,0.125,1.0,0.050437250000000045,0.2905348125,1.042829375
0.8125,0.1875,0.0,0.3210916875,0.240461375,-0.012175875
0.8125,0.1875,0.0625,0.3082874375,0.24666237500000002,0.053574
0.8125,0.1875,0.125,0.2954831875,0.252863375,0.119323875
0.8125,0.1875,0.1875,0.2826789375,0.259064375,0.18507374999999998
0.8125,0.1875,0.25,0.2698746875,0.265265375,0.250823625
0.8125,0.1875,0.3125,0.2570704375,0.271466375,0.3165735
0.8125,0.1875,0.375,0.2442661875,0.277667375,0.38232337499999997
0.8125,0.1875,0.4375,0.2314619375,0.283868375,0.44807325
0.8125,0.1875,0.5,0.2186576875,0.290069375,0.513823125
0.8125,0.1875,0.5625,0.2058534375,0.296270375,0.579573
0.8125,0.1875,0.625,0.1930491875,0.302471375,0.6453228750000001
0.8125,0.1875,0.6875,0.1802449375,0.308672375,0.71107275
0.8125,0.1875,0.75,0.16744068750000002,0.314873375,0.776822625
0.8125,0.1875,0.8125,0.1546364375,0.321074375,0.8425725000000001
0.8125,0.1875,0.875,0.1418321875,0.32727537500000004,0.908322375
0.8125,0.1875,0.9375,0.1290279375,0.333476375,0.9740722500000001
0.8125,0.1875,1.0,0.1162236875,0.339677375,1.039822125
0.8125,0.25,0.0,0.386878125,0.2896039375,-0.015183124999999999
0.8125,0.25,0.0625,0.374073875,0.29580493750000003,0.05056675
0.8125,0.25,0.125,0.36126962500000004,0.30200593750000004,0.116316625
0.8125,0.25,0.1875,0.348465375,0.3082069375,0.1820665
0.8125,0.25,0.25,0.335661125,0.3144079375,0.247816375
0.8125,0.25,0.3125,0.32285687500000004,0.3206089375,0.31356625
0.8125,0.25,0.375,0.310052625,0.32680993750000004,0.37931612499999995
0.8125,0.25,0.4375,0.297248375,0.3330109375,0.44506599999999996
0.8125,0.25,0.5,0.28444412500000005,0.3392119375,0.510815875
0.8125,0.25,0.5625,0.27163987500000003,0.3454129375,0.57656575
0.8125,0.25,0.625,0.258835625,0.35161393750000003,0.6423156250000001
0.8125,0.25,0.6875,0.24603137500000002,0.35781493750000004,0.7080655
0.8125,0.25,0.75,0.23322712500000004,0.36401593750000005,0.773815375
0.8125,0.25,0.8125,0.22042287500000002,0.3702169375,0.83956525
0.8125,0.25,0.875,0.20761862500000003,0.3764179375,0.905315125
0.8125,0.25,0.9375,0.194814375,0.38261893750000003,0.9710650000000001
0.8125,0.25,1.0,0.18201012500000002,0.3888199375,1.036814875
0.8125,0.3125,0.0,0.45266456250000003,0.33874649999999995,-0.018190374999999998
0.8125,0.3125,0.0625,0.4398603125,0.34494749999999996,0.047559500000000005
0.8125,0.3125,0.125,0.42705606250000006,0.3511485,0.113309375
0.8125,0.3125,0.1875,0.41425181250000004,0.35734949999999993,0.17905924999999998
0.8125,0.3125,0.25,0.4014475625,0.36355049999999994,0.244809125
0.8125,0.3125,0.3125,0.38864331250000006,0.36975149999999996,0.31055900000000003
0.8125,0.3125,0.375,0.37583906250000004,0.37595249999999997,0.376308875
0.8125,0.3125,0.4375,0.3630348125,0.3821534999999999,0.44205875
0.8125,0.3125,0.5,0.35023056250000006,0.38835449999999994,0.507808625
0.8125,0.3125,0.5625,0.33742631250000005,0.39455549999999995,0.5735585
0.8125,0.3125,0.625,0.32462206250000003,0.40075649999999996,0.639308375
0.8125,0.3125,0.6875,0.31181781250000007,0.40695749999999997,0.70505825
0.8125,0.3125,0.75,0.29901356250000005,0.4131585,0.770808125
0.8125,0.3125,0.8125,0.28620931250000003,0.41935949999999994,0.836558
0.8125,0.3125,0.875,0.2734050625000001,0.42556049999999995,0.902307875
0.8125,0.3125,0.9375,0.2606008125,0.43176149999999996,0.96805775
0.8125,0.3125,1.0,0.24779656250000004,0.4379624999999999,1.033807625
0.8125,0.375,0.0,0.518451,0.3878890625,-0.021197625
0.8125,0.375,0.0625,0.50564675,0.3940900625,0.04455225
0.8125,0.375,0.125,0.4928425,0.4002910625,0.110302125
0.8125,0.375,0.1875,0.48003825,0.4064920625,0.176052
0.8125,0.375,0.25,0.467234,0.4126930625,0.241801875
0.8125,0.375,0.3125,0.45442974999999997,0.4188940625,0.30755175
0.8125,0.375,0.375,0.4416255,0.4250950625,0.37330162499999997
0.8125,0.375,0.4375,0.42882125,0.43129606249999997,0.4390515
0.8125,0.375,0.5,0.41601699999999997,0.4374970625,0.504801375
0.8125,0.375,0.5625,0.40321275,0.4436980625,0.57055125
0.8125,0.375,0.625,0.3904085,0.4498990625,0.636301125
0.8125,0.375,0.6875,0.37760425,0.4561000625,0.702051
0.8125,0.375,0.75,0.3648,0.4623010625,0.7678008749999999
0.8125,0.375,0.8125,0.35199575,0.4685020625,0.83355075
0.8125,0.375,0.875,0.3391915,0.4747030625,0.899300625
0.8125,0.375,0.9375,0.32638725,0.4809040625,0.9650505
0.8125,0.375,1.0,0.313583,0.48710506249999996,1.0308003749999999
0.8125,0.4375,0.0,0.5842374375,0.43703162500000003,-0.024204875
0.8125,0.4375,0.0625,0.5714331875,0.44323262500000005,0.041545
0.8125,0.4375,0.125,0.5586289375,0.44943362500000006,0.107294875
0.8125,0.4375,0.1875,0.5458246875,0.455634625,0.17304474999999997
0.8125,0.4375,0.25,0.5330204375,0.461835625,0.23879462499999998
0.8125,0.4375,0.3125,0.5202161875,0.46803662500000004,0.3045445
0.8125,0.4375,0.375,0.5074119375,0.47423762500000005,0.37029437499999995
0.8125,0.4375,0.4375,0.4946076875,0.480438625,0.43604424999999997
0.8125,0.4375,0.5,0.4818034375,0.486639625,0.501794125
0.8125,0.4375,0.5625,0.4689991875,0.49284062500000003,0.5675439999999999
0.8125,0.4375,0.625,0.4561949375,0.49904162500000004,0.633293875
0.8125,0.4375,0.6875,0.4433906875,0.5052426250000001,0.69904375
0.8125,0.4375,0.75,0.43058643750000003,0.5114436250000001,0.7647936249999999
0.8125,0.4375,0.8125,0.4177821875,0.5176446250000001,0.8305435
0.8125,0.4375,0.875,0.4049779375,0.5238456250000001,0.896293375
0.8125,0.4375,0.9375,0.39217368750000003,0.530046625,0.96204325
0.8125,0.4375,1.0,0.3793694375,0.536247625,1.027793125
0.8125,0.5,0.0,0.650023875,0.48617418749999997,-0.027212125
0.8125,0.5,0.0625,0.6372196250000001,0.4923751875,0.038537749999999996
0.8125,0.5,0.125,0.624415375,0.4985761875,0.104287625
0.8125,0.5,0.1875,0.611611125,0.5047771875,0.17003749999999998
0.8125,0.5,0.25,0.5988068750000001,0.5109781875,0.235787375
0.8125,0.5,0.3125,0.586002625,0.5171791874999999,0.30153725000000003
0.8125,0.5,0.375,0.573198375,0.5233801874999999,0.367287125
0.8125,0.5,0.4375,0.5603941250000001,0.5295811874999999,0.433037
0.8125,0.5,0.5,0.547589875,0.5357821875,0.498786875
0.8125,0.5,0.5625,0.534785625,0.5419831875,0.5645367499999999
0.8125,0.5,0.625,0.521981375,0.5481841875,0.630286625
0.8125,0.5,0.6875,0.509177125,0.5543851875,0.6960365
0.8125,0.5,0.75,0.49637287500000005,0.5605861875,0.7617863749999999
0.8125,0.5,0.8125,0.48356862500000003,0.5667871875,0.82753625
0.8125,0.5,0.875,0.470764375,0.5729881875,0.8932861249999999
0.8125,0.5,0.9375,0.45796012500000005,0.5791891874999999,0.959036
0.8125,0.5,1.0,0.44515587500000003,0.5853901874999999,1.024785875
0.8125,0.5625,0.0,0.7158103125,0.53531675,-0.030219375
0.8125,0.5625,0.0625,0.7030060625000001,0.54151775,0.0355305
0.8125,0.5625,0.125,0.6902018125,0.54771875,0.101280375
0.8125,0.5625,0.1875,0.6773975625,0.55391975,0.16703025
0.8125,0.5625,0.25,0.6645933125000001,0.5601207500000001,0.232780125
0.8125,0.5625,0.3125,0.6517890625,0.56632175,0.29853
0.8125,0.5625,0.375,0.6389848125,0.57252275,0.364279875
0.8125,0.5625,0.4375,0.6261805625000001,0.57872375,0.43002975
0.8125,0.5625,0.5,0.6133763125,0.58492475,0.495779625
0.8125,0.5625,0.5625,0.6005720625000001,0.59112575,0.5615294999999999
0.8125,0.5625,0.625,0.5877678125000001,0.59732675,0.627279375
0.8125,0.5625,0.6875,0.5749635625,0.60352775,0.6930292499999999
0.8125,0.5625,0.75,0.5621593125000001,0.60972875,0.7587791249999999
0.8125,0.5625,0.8125,0.5493550625000001,0.61592975,0.824529
0.8125,0.5625,0.875,0.5365508125,0.62213075,0.8902788749999999
0.8125,0.5625,0.9375,0.5237465625000001,0.62833175,0.95602875
0.8125,0.5625,1.0,0.5109423125000001,0.63453275,1.021778625
0.8125,0.625,0.0,0.7815967500000001,0.5844593124999999,-0.033226624999999996
0.8125,0.625,0.0625,0.7687925000000001,0.5906603125,0.032523250000000004
0.8125,0.625,0.125,0.75598825,0.5968613125,0.098273125
0.8125,0.625,0.1875,0.7431840000000001,0.6030623125,0.16402299999999997
0.8125,0.625,0.25,0.7303797500000001,0.6092633125,0.229772875
0.8125,0.625,0.3125,0.7175755,0.6154643124999999,0.29552275
0.8125,0.625,0.375,0.7047712500000001,0.6216653124999999,0.36127262499999996
0.8125,0.625,0.4375,0.6919670000000001,0.6278663124999999,0.42702249999999997
0.8125,0.625,0.5,0.67916275,0.6340673124999999,0.492772375
0.8125,0.625,0.5625,0.6663585000000001,0.6402683124999999,0.55852225
0.8125,0.625,0.625,0.65355425,0.6464693125,0.6242721250000001
0.8125,0.625,0.6875,0.64075,0.6526703125,0.690022
0.8125,0.625,0.75,0.6279457500000001,0.6588713125,0.755771875
0.8125,0.625,0.8125,0.6151415,0.6650723125,0.82152175
0.8125,0.625,0.875,0.60233725,0.6712733124999999,0.887271625
0.8125,0.625,0.9375,0.5895330000000001,0.6774743124999999,0.9530215000000001
0.8125,0.625,1.0,0.57672875,0.6836753124999999,1.018771375
0.8125,0.6875,0.0,0.8473831875000001,0.633601875,-0.036233875
0.8125,0.6875,0.0625,0.8345789375000001,0.639802875,0.029516
0.8125,0.6875,0.125,0.8217746875,0.646003875,0.095265875
0.8125,0.6875,0.1875,0.8089704375000001,0.652204875,0.16101574999999999
0.8125,0.6875,0.25,0.7961661875000001,0.658405875,0.226765625
0.8125,0.6875,0.3125,0.7833619375,0.6646068749999999,0.29251550000000004
0.8125,0.6875,0.375,0.7705576875000001,0.6708078749999999,0.358265375
0.8125,0.6875,0.4375,0.7577534375000001,0.677008875,0.42401524999999995
0.8125,0.6875,0.5,0.7449491875,0.683209875,0.489765125
0.8125,0.6875,0.5625,0.7321449375000001,0.689410875,0.555515
0.8125,0.6875,0.625,0.7193406875000001,0.695611875,0.621264875
0.8125,0.6875,0.6875,0.7065364375000001,0.701812875,0.68701475
0.8125,0.6875,0.75,0.6937321875000001,0.708013875,0.752764625
0.8125,0.6875,0.8125,0.6809279375000001,0.714214875,0.8185145
0.8125,0.6875,0.875,0.6681236875000001,0.720415875,0.884264375
0.8125,0.6875,0.9375,0.6553194375000001,0.7266168749999999,0.9500142500000001
0.8125,0.6875,1.0,0.6425151875000001,0.732817875,1.015764125
0.8125,0.75,0.0,0.913169625,0.6827444375,-0.039241125
0.8125,0.75,0.0625,0.900365375,0.6889454375,0.026508749999999998
0.8125,0.75,0.125,0.887561125,0.6951464375,0.092258625
0.8125,0.75,0.1875,0.874756875,0.7013474375000001,0.1580085
0.8125,0.75,0.25,0.861952625,0.7075484375000001,0.223758375
0.8125,0.75,0.3125,0.849148375,0.7137494375,0.28950825
0.8125,0.75,0.375,0.836344125,0.7199504375,0.355258125
0.8125,0.75,0.4375,0.823539875,0.7261514375,0.421008
0.8125,0.75,0.5,0.810735625,0.7323524375,0.486757875
0.8125,0.75,0.5625,0.797931375,0.7385534375,0.55250775
0.8125,0.75,0.625,0.785127125,0.7447544375,0.618257625
0.8125,0.75,0.6875,0.772322875,0.7509554375,0.6840075
0.8125,0.75,0.75,0.759518625,0.7571564375000001,0.749757375
0.8125,0.75,0.8125,0.746714375,0.7633574375000001,0.81550725
0.8125,0.75,0.875,0.733910125,0.7695584375,0.881257125
0.8125,0.75,0.9375,0.721105875,0.7757594375,0.947007
0.8125,0.75,1.0,0.708301625,0.7819604375,1.012756875
0.8125,0.8125,0.0,0.9789560625,0.731887,-0.042248375
0.8125,0.8125,0.0625,0.9661518125,0.738088,0.0235015
0.8125,0.8125,0.125,0.9533475625,0.744289,0.089251375
0.8125,0.8125,0.1875,0.9405433125,0.75049,0.15500124999999998
0.8125,0.8125,0.25,0.9277390625,0.756691,0.220751125
0.8125,0.8125,0.3125,0.9149348125,0.7628919999999999,0.286501
0.8125,0.8125,0.375,0.9021305625,0.7690929999999999,0.35225087499999996
0.8125,0.8125,0.4375,0.8893263125,0.7752939999999999,0.41800075
0.8125,0.8125,0.5,0.8765220625,0.7814949999999999,0.483750625
0.8125,0.8125,0.5625,0.8637178125,0.787696,0.5495005
0.8125,0.8125,0.625,0.8509135624999999,0.793897,0.615250375
0.8125,0.8125,0.6875,0.8381093125,0.800098,0.68100025
0.8125,0.8125,0.75,0.8253050625,0.806299,0.7467501249999999
0.8125,0.8125,0.8125,0.8125008125,0.8125,0.8125
0.8125,0.8125,0.875,0.7996965625,0.8187009999999999,0.878249875
0.8125,0.8125,0.9375,0.7868923125,0.8249019999999999,0.94399975
0.8125,0.8125,1.0,0.7740880625,0.8311029999999999,1.009749625
0.8125,0.875,0.0,1.0447425,0.7810295625,-0.045255625
0.8125,0.875,0.0625,1.0319382499999998,0.7872305625,0.02049425
0.8125,0.875,0.125,1.019134,0.7934315625,0.086244125
0.8125,0.875,0.1875,1.00632975,0.7996325625,0.151994
0.8125,0.875,0.25,0.9935255,0.8058335625,0.217743875
0.8125,0.875,0.3125,0.9807212499999999,0.8120345625,0.28349375
0.8125,0.875,0.375,0.9679169999999999,0.8182355625,0.34924362499999995
0.8125,0.875,0.4375,0.95511275,0.8244365625,0.41499349999999996
0.8125,0.875,0.5,0.9423084999999999,0.8306375625,0.480743375
0.8125,0.875,0.5625,0.9295042499999999,0.8368385625,0.5464932499999999
0.8125,0.875,0.625,0.9166999999999998,0.8430395625,0.612243125
0.8125,0.875,0.6875,0.9038957499999999,0.8492405625,0.677993
0.8125,0.875,0.75,0.8910914999999999,0.8554415625,0.7437428749999999
0.8125,0.875,0.8125,0.8782872499999999,0.8616425625,0.80949275
0.8125,0.875,0.875,0.8654829999999999,0.8678435625,0.8752426249999999
0.8125,0.875,0.9375,0.8526787499999999,0.8740445625,0.9409925
0.8125,0.875,1.0,0.8398744999999999,0.8802455625,1.006742375
0.8125,0.9375,0.0,1.1105289375,0.8301721249999999,-0.048262875
0.8125,0.9375,0.0625,1.0977246875,0.8363731249999999,0.017487000000000003
0.8125,0.9375,0.125,1.0849204375000001,0.842574125,0.083236875
0.8125,0.9375,0.1875,1.0721161875,0.848775125,0.14898675
0.8125,0.9375,0.25,1.0593119375,0.854976125,0.21473662500000001
0.8125,0.9375,0.3125,1.0465076875000001,0.8611771249999999,0.2804865
0.8125,0.9375,0.375,1.0337034375,0.8673781249999999,0.346236375
0.8125,0.9375,0.4375,1.0208991875,0.8735791249999999,0.41198625
0.8125,0.9375,0.5,1.0080949375000001,0.8797801249999999,0.477736125
0.8125,0.9375,0.5625,0.9952906875,0.8859811249999999,0.5434859999999999
0.8125,0.9375,0.625,0.9824864375,0.8921821249999999,0.609235875
0.8125,0.9375,0.6875,0.9696821875,0.898383125,0.6749857499999999
0.8125,0.9375,0.75,0.9568779375,0.904584125,0.7407356249999999
0.8125,0.9375,0.8125,0.9440736875,0.910785125,0.8064855
0.8125,0.9375,0.875,0.9312694375,0.916986125,0.8722353749999999
0.8125,0.9375,0.9375,0.9184651875000001,0.9231871249999999,0.93798525
0.8125,0.9375,1.0,0.9056609375,0.9293881249999999,1.003735125
0.8125,1.0,0.0,1.1763153750000002,0.8793146875,-0.051270125
0.8125,1.0,0.0625,1.163511125,0.8855156875,0.01447975
0.8125,1.0,0.125,1.1507068750000002,0.8917166875,0.080229625
0.8125,1.0,0.1875,1.1379026250000002,0.8979176875,0.14597949999999998
0.8125,1.0,0.25,1.125098375,0.9041186875,0.211729375
0.8125,1.0,0.3125,1.1122941250000002,0.9103196874999999,0.27747925
0.8125,1.0,0.375,1.0994898750000002,0.9165206874999999,0.34322912499999997
0.8125,1.0,0.4375,1.086685625,0.9227216874999999,0.408979
0.8125,1.0,0.5,1.0738813750000002,0.9289226875,0.474728875
0.8125,1.0,0.5625,1.0610771250000002,0.9351236875,0.5404787499999999
0.8125,1.0,0.625,1.048272875,0.9413246875,0.606228625
0.8125,1.0,0.6875,1.0354686250000003,0.9475256875,0.6719785
0.8125,1.0,0.75,1.0226643750000002,0.9537266875,0.7377283749999999
0.8125,1.0,0.8125,1.009860125,0.9599276875,0.80347825
0.8125,1.0,0.875,0.9970558750000001,0.9661286874999999,0.869228125
0.8125,1.0,0.9375,0.9842516250000002,0.9723296874999999,0.9349780000000001
0.8125,1.0,1.0,0.9714473750000001,0.9785306874999999,1.000727875
0.875,0.0,0.0,0.13325025000000001,0.10019012499999999,-0.00339675
0.875,0.0,0.0625,0.12044600000000001,0.10639112499999999,0.062353125
0.875,0.0,0.125,0.10764175000000001,0.11259212499999999,0.128103
0.875,0.0,0.1875,0.09483750000000002,0.118793125,0.19385287499999998
0.875,0.0,0.25,0.08203325000000002,0.12499412499999998,0.25960275
0.875,0.0,0.3125,0.06922900000000001,0.131195125,0.325352625
0.875,0.0,0.375,0.056424750000000023,0.13739612499999998,0.39110249999999996
0.875,0.0,0.4375,0.04362050000000002,0.143597125,0.456852375
0.875,0.0,0.5,0.030816250000000017,0.149798125,0.52260225
0.875,0.0,0.5625,0.018012000000000014,0.155999125,0.588352125
0.875,0.0,0.625,0.005207750000000011,0.16220012499999997,0.6541020000000001
0.875,0.0,0.6875,-0.007596499999999978,0.16840112499999998,0.719851875
0.875,0.0,0.75,-0.020400749999999968,0.174602125,0.78560175
0.875,0.0,0.8125,-0.033204999999999985,0.180803125,0.8513516250000001
0.875,0.0,0.875,-0.046009249999999974,0.187004125,0.9171015
0.875,0.0,0.9375,-0.05881349999999999,0.19320512499999998,0.9828513750000001
0.875,0.0,1.0,-0.07161774999999998,0.199406125,1.04860125
0.875,0.0625,0.0,0.19903668750000003,0.1493326875,-0.006404
0.875,0.0625,0.0625,0.18623243750000004,0.15553368750000002,0.059345875
0.875,0.0625,0.125,0.17342818750000003,0.1617346875,0.12509575
0.875,0.0625,0.1875,0.16062393750000004,0.1679356875,0.190845625
0.875,0.0625,0.25,0.14781968750000002,0.1741366875,0.2565955
0.875,0.0625,0.3125,0.13501543750000003,0.1803376875,0.322345375
0.875,0.0625,0.375,0.12221118750000004,0.18653868750000002,0.38809524999999995
0.875,0.0625,0.4375,0.10940693750000004,0.1927396875,0.45384512499999996
0.875,0.0625,0.5,0.09660268750000003,0.1989406875,0.519595
0.875,0.0625,0.5625,0.08379843750000003,0.2051416875,0.585344875
0.875,0.0625,0.625,0.07099418750000003,0.21134268750000001,0.65109475
0.875,0.0625,0.6875,0.05818993750000004,0.2175436875,0.716844625
0.875,0.0625,0.75,0.04538568750000005,0.2237446875,0.7825945
0.875,0.0625,0.8125,0.03258143750000003,0.2299456875,0.848344375
0.875,0.0625,0.875,0.019777187500000043,0.2361466875,0.91409425
0.875,0.0625,0.9375,0.006972937500000026,0.24234768750000002,0.9798441250000001
0.875,0.0625,1.0,-0.005831312499999963,0.2485486875,1.045594
0.875,0.125,0.0,0.26482312500000005,0.19847525,-0.00941125
0.875,0.125,0.0625,0.25201887500000003,0.20467625,0.056338625
0.875,0.125,0.125,0.23921462500000004,0.21087725,0.1220885
0.875,0.125,0.1875,0.22641037500000005,0.21707825,0.18783837499999997
0.875,0.125,0.25,0.21360612500000004,0.22327924999999998,0.25358825
0.875,0.125,0.3125,0.20080187500000005,0.22948025,0.31933812500000003
0.875,0.125,0.375,0.18799762500000006,0.23568125,0.385088
0.875,0.125,0.4375,0.17519337500000004,0.24188225,0.450837875
0.875,0.125,0.5,0.16238912500000005,0.24808324999999998,0.51658775
0.875,0.125,0.5625,0.14958487500000006,0.25428425,0.582337625
0.875,0.125,0.625,0.13678062500000004,0.26048525,0.6480875
0.875,0.125,0.6875,0.12397637500000006,0.26668625,0.713837375
0.875,0.125,0.75,0.11117212500000007,0.27288725,0.77958725
0.875,0.125,0.8125,0.09836787500000005,0.27908825,0.845337125
0.875,0.125,0.875,0.08556362500000006,0.28528925,0.911087
0.875,0.125,0.9375,0.07275937500000004,0.29149025,0.976836875
0.875,0.125,1.0,0.059955125000000054,0.29769124999999996,1.04258675
0.875,0.1875,0.0,0.3306095625,0.2476178125,-0.0124185
0.875,0.1875,0.0625,0.3178053125,0.2538188125,0.053331375
0.875,0.1875,0.125,0.30500106250000003,0.2600198125,0.11908125
0.875,0.1875,0.1875,0.2921968125,0.2662208125,0.18483112499999999
0.875,0.1875,0.25,0.2793925625,0.2724218125,0.250581
0.875,0.1875,0.3125,0.26658831250000004,0.2786228125,0.316330875
0.875,0.1875,0.375,0.2537840625,0.2848238125,0.38208074999999997
0.875,0.1875,0.4375,0.2409798125,0.2910248125,0.447830625
0.875,0.1875,0.5,0.2281755625,0.2972258125,0.5135805
0.875,0.1875,0.5625,0.21537131250000002,0.30342681250000003,0.579330375
0.875,0.1875,0.625,0.2025670625,0.3096278125,0.64508025
0.875,0.1875,0.6875,0.18976281250000002,0.3158288125,0.710830125
0.875,0.1875,0.75,0.17695856250000003,0.3220298125,0.7765799999999999
0.875,0.1875,0.8125,0.1641543125,0.3282308125,0.842329875
0.875,0.1875,0.875,0.15135006250000002,0.3344318125,0.90807975
0.875,0.1875,0.9375,0.1385458125,0.3406328125,0.973829625
0.875,0.1875,1.0,0.12574156250000001,0.3468338125,1.0395794999999999
0.875,0.25,0.0,0.396396,0.29676037499999997,-0.01542575
0.875,0.25,0.0625,0.38359175,0.302961375,0.050324125
0.875,0.25,0.125,0.37078750000000005,0.309162375,0.116074
0.875,0.25,0.1875,0.35798325000000003,0.31536337499999995,0.181823875
0.875,0.25,0.25,0.345179,0.32156437499999996,0.24757375
0.875,0.25,0.3125,0.33237475000000005,0.32776537499999997,0.313323625
0.875,0.25,0.375,0.31957050000000004,0.333966375,0.37907349999999995
0.875,0.25,0.4375,0.30676625,0.34016737499999994,0.44482337499999997
0.875,0.25,0.5,0.29396200000000006,0.34636837499999995,0.51057325
0.875,0.25,0.5625,0.28115775000000004,0.35256937499999996,0.5763231249999999
0.875,0.25,0.625,0.2683535,0.358770375,0.642073
0.875,0.25,0.6875,0.25554925000000006,0.364971375,0.707822875
0.875,0.25,0.75,0.24274500000000004,0.371172375,0.7735727499999999
0.875,0.25,0.8125,0.22994075000000003,0.37737337499999996,0.839322625
0.875,0.25,0.875,0.21713650000000004,0.38357437499999997,0.9050725
0.875,0.25,0.9375,0.20433225000000002,0.389775375,0.970822375
0.875,0.25,1.0,0.19152800000000003,0.39597637499999994,1.03657225
0.875,0.3125,0.0,0.46218243750000004,0.3459029375,-0.018432999999999998
0.875,0.3125,0.0625,0.4493781875,0.3521039375,0.047316875
0.875,0.3125,0.125,0.43657393750000006,0.35830493750000003,0.11306675
0.875,0.3125,0.1875,0.42376968750000005,0.3645059375,0.17881662499999998
0.875,0.3125,0.25,0.41096543750000003,0.3707069375,0.2445665
0.875,0.3125,0.3125,0.39816118750000007,0.3769079375,0.31031637500000003
0.875,0.3125,0.375,0.38535693750000005,0.3831089375,0.37606625
0.875,0.3125,0.4375,0.37255268750000003,0.3893099375,0.441816125
0.875,0.3125,0.5,0.3597484375000001,0.3955109375,0.507566
0.875,0.3125,0.5625,0.34694418750000006,0.4017119375,0.5733158749999999
0.875,0.3125,0.625,0.33413993750000004,0.4079129375,0.63906575
0.875,0.3125,0.6875,0.3213356875000001,0.41411393750000003,0.704815625
0.875,0.3125,0.75,0.30853143750000006,0.42031493750000004,0.7705654999999999
0.875,0.3125,0.8125,0.29572718750000004,0.4265159375,0.836315375
0.875,0.3125,0.875,0.2829229375000001,0.4327169375,0.9020652499999999
0.875,0.3125,0.9375,0.2701186875,0.4389179375,0.967815125
0.875,0.3125,1.0,0.25731443750000005,0.4451189375,1.033565
0.875,0.375,0.0,0.527968875,0.39504550000000005,-0.02144025
0.875,0.375,0.0625,0.515164625,0.40124650000000006,0.044309625
0.875,0.375,0.125,0.502360375,0.4074475000000001,0.1100595
0.875,0.375,0.1875,0.489556125,0.41364850000000003,0.175809375
0.875,0.375,0.25,0.476751875,0.41984950000000004,0.24155925
0.875,0.375,0.3125,0.463947625,0.42605050000000005,0.307309125
0.875,0.375,0.375,0.451143375,0.43225150000000007,0.373059
0.875,0.375,0.4375,0.438339125,0.4384525,0.438808875
0.875,0.375,0.5,0.425534875,0.44465350000000003,0.50455875
0.875,0.375,0.5625,0.412730625,0.45085450000000005,0.5703086249999999
0.875,0.375,0.625,0.399926375,0.45705550000000006,0.6360585
0.875,0.375,0.6875,0.387122125,0.46325650000000007,0.7018083749999999
0.875,0.375,0.75,0.374317875,0.4694575000000001,0.7675582499999999
0.875,0.375,0.8125,0.361513625,0.47565850000000004,0.833308125
0.875,0.375,0.875,0.348709375,0.48185950000000005,0.8990579999999999
0.875,0.375,0.9375,0.335905125,0.48806050000000006,0.964807875
0.875,0.375,1.0,0.323100875,0.4942615,1.03055775
0.875,0.4375,0.0,0.5937553125,0.4441880625,-0.0244475
0.875,0.4375,0.0625,0.5809510625000001,0.4503890625,0.041302375
0.875,0.4375,0.125,0.5681468125,0.4565900625,0.10705225
0.875,0.4375,0.1875,0.5553425625,0.46279106249999996,0.17280212499999997
0.875,0.4375,0.25,0.5425383125000001,0.4689920625,0.238552
0.875,0.4375,0.3125,0.5297340625,0.4751930625,0.304301875
0.875,0.4375,0.375,0.5169298125,0.4813940625,0.37005174999999996
0.875,0.4375,0.4375,0.5041255625000001,0.48759506249999995,0.43580162499999997
0.875,0.4375,0.5,0.4913213125,0.49379606249999997,0.5015515
0.875,0.4375,0.5625,0.47851706250000003,0.4999970625,0.567301375
0.875,0.4375,0.625,0.4657128125,0.5061980625,0.6330512500000001
0.875,0.4375,0.6875,0.4529085625,0.5123990625,0.698801125
0.875,0.4375,0.75,0.44010431250000004,0.5186000625,0.764551
0.875,0.4375,0.8125,0.4273000625,0.5248010625,0.830300875
0.875,0.4375,0.875,0.4144958125,0.5310020625,0.89605075
0.875,0.4375,0.9375,0.40169156250000004,0.5372030624999999,0.9618006250000001
0.875,0.4375,1.0,0.3888873125,0.5434040625,1.0275505
0.875,0.5,0.0,0.65954175,0.493330625,-0.02745475
0.875,0.5,0.0625,0.6467375000000001,0.49953162500000003,0.038295125
0.875,0.5,0.125,0.63393325,0.505732625,0.104045
0.875,0.5,0.1875,0.621129,0.5119336250000001,0.16979487499999998
0.875,0.5,0.25,0.6083247500000001,0.5181346250000001,0.23554475
0.875,0.5,0.3125,0.5955205,0.524335625,0.30129462500000004
0.875,0.5,0.375,0.58271625,0.530536625,0.3670445
0.875,0.5,0.4375,0.5699120000000001,0.536737625,0.43279437499999995
0.875,0.5,0.5,0.55710775,0.542938625,0.49854425
0.875,0.5,0.5625,0.5443035,0.549139625,0.564294125
0.875,0.5,0.625,0.53149925,0.555340625,0.630044
0.875,0.5,0.6875,0.518695,0.561541625,0.695793875
0.875,0.5,0.75,0.5058907500000001,0.5677426250000001,0.76154375
0.875,0.5,0.8125,0.49308650000000004,0.5739436250000001,0.827293625
0.875,0.5,0.875,0.48028225,0.580144625,0.8930435
0.875,0.5,0.9375,0.46747800000000006,0.586345625,0.9587933750000001
0.875,0.5,1.0,0.45467375000000004,0.592546625,1.02454325
0.875,0.5625,0.0,0.7253281875,0.5424731875,-0.030462
0.875,0.5625,0.0625,0.7125239375000001,0.5486741875,0.035287874999999996
0.875,0.5625,0.125,0.6997196875,0.5548751875,0.10103775
0.875,0.5625,0.1875,0.6869154375000001,0.5610761875,0.166787625
0.875,0.5625,0.25,0.6741111875000001,0.5672771875,0.2325375
0.875,0.5625,0.3125,0.6613069375,0.5734781874999999,0.298287375
0.875,0.5625,0.375,0.6485026875000001,0.5796791874999999,0.36403725
0.875,0.5625,0.4375,0.6356984375000001,0.5858801874999999,0.429787125
0.875,0.5625,0.5,0.6228941875,0.5920811874999999,0.495537
0.875,0.5625,0.5625,0.6100899375000001,0.5982821875,0.561286875
0.875,0.5625,0.625,0.5972856875000001,0.6044831875,0.62703675
0.875,0.5625,0.6875,0.5844814375,0.6106841875,0.692786625
0.875,0.5625,0.75,0.5716771875000001,0.6168851875,0.7585365
0.875,0.5625,0.8125,0.5588729375000001,0.6230861875,0.824286375
0.875,0.5625,0.875,0.5460686875,0.6292871874999999,0.89003625
0.875,0.5625,0.9375,0.5332644375000001,0.6354881874999999,0.955786125
0.875,0.5625,1.0,0.5204601875000001,0.6416891874999999,1.021536
0.875,0.625,0.0,0.7911146250000001,0.59161575,-0.03346925
0.875,0.625,0.0625,0.7783103750000001,0.59781675,0.032280625
0.875,0.625,0.125,0.765506125,0.60401775,0.09803049999999999
0.875,0.625,0.1875,0.7527018750000001,0.61021875,0.16378037499999998
0.875,0.625,0.25,0.7398976250000001,0.61641975,0.22953025
0.875,0.625,0.3125,0.727093375,0.62262075,0.295280125
0.875,0.625,0.375,0.7142891250000001,0.62882175,0.36102999999999996
0.875,0.625,0.4375,0.7014848750000001,0.63502275,0.426779875
0.875,0.625,0.5,0.688680625,0.64122375,0.49252975
0.875,0.625,0.5625,0.6758763750000001,0.64742475,0.558279625
0.875,0.625,0.625,0.663072125,0.65362575,0.6240295
0.875,0.625,0.6875,0.650267875,0.65982675,0.689779375
0.875,0.625,0.75,0.6374636250000001,0.66602775,0.7555292499999999
0.875,0.625,0.8125,0.624659375,0.67222875,0.821279125
0.875,0.625,0.875,0.611855125,0.67842975,0.887029
0.875,0.625,0.9375,0.5990508750000001,0.68463075,0.952778875
0.875,0.625,1.0,0.586246625,0.69083175,1.01852875
0.875,0.6875,0.0,0.8569010625000001,0.6407583125,-0.036476499999999995
0.875,0.6875,0.0625,0.8440968125000001,0.6469593125,0.029273375000000004
0.875,0.6875,0.125,0.8312925625,0.6531603125000001,0.09502325
0.875,0.6875,0.1875,0.8184883125000001,0.6593613125000001,0.160773125
0.875,0.6875,0.25,0.8056840625000001,0.6655623125000001,0.226523
0.875,0.6875,0.3125,0.7928798125000001,0.6717633125,0.292272875
0.875,0.6875,0.375,0.7800755625000001,0.6779643125,0.35802274999999995
0.875,0.6875,0.4375,0.7672713125000001,0.6841653125,0.423772625
0.875,0.6875,0.5,0.7544670625000001,0.6903663125,0.48952249999999997
0.875,0.6875,0.5625,0.7416628125000001,0.6965673125,0.5552723749999999
0.875,0.6875,0.625,0.7288585625000001,0.7027683125,0.62102225
0.875,0.6875,0.6875,0.7160543125000001,0.7089693125000001,0.686772125
0.875,0.6875,0.75,0.7032500625000001,0.7151703125000001,0.7525219999999999
0.875,0.6875,0.8125,0.6904458125000001,0.7213713125000001,0.818271875
0.875,0.6875,0.875,0.6776415625000001,0.7275723125,0.8840217499999999
0.875,0.6875,0.9375,0.6648373125000001,0.7337733125,0.949771625
0.875,0.6875,1.0,0.6520330625000001,0.7399743125,1.0155215
0.875,0.75,0.0,0.9226875,0.6899008750000001,-0.03948375
0.875,0.75,0.0625,0.90988325,0.6961018750000001,0.026266125
0.875,0.75,0.125,0.897079,0.7023028750000001,0.092016
0.875,0.75,0.1875,0.88427475,0.7085038750000001,0.157765875
0.875,0.75,0.25,0.8714705,0.7147048750000001,0.22351575
0.875,0.75,0.3125,0.85866625,0.720905875,0.289265625
0.875,0.75,0.375,0.845862,0.727106875,0.3550155
0.875,0.75,0.4375,0.83305775,0.733307875,0.420765375
0.875,0.75,0.5,0.8202535,0.7395088750000001,0.48651525
0.875,0.75,0.5625,0.80744925,0.7457098750000001,0.5522651249999999
0.875,0.75,0.625,0.794645,0.7519108750000001,0.618015
0.875,0.75,0.6875,0.78184075,0.7581118750000001,0.6837648749999999
0.875,0.75,0.75,0.7690365,0.7643128750000001,0.7495147499999999
0.875,0.75,0.8125,0.75623225,0.7705138750000001,0.815264625
0.875,0.75,0.875,0.743428,0.7767148750000001,0.8810144999999999
0.875,0.75,0.9375,0.73062375,0.782915875,0.946764375
0.875,0.75,1.0,0.7178195,0.789116875,1.01251425
0.875,0.8125,0.0,0.9884739375,0.7390434375,-0.042490999999999994
0.875,0.8125,0.0625,0.9756696875,0.7452444375,0.023258875000000005
0.875,0.8125,0.125,0.9628654375,0.7514454375,0.08900875
0.875,0.8125,0.1875,0.9500611875,0.7576464375,0.15475862499999998
0.875,0.8125,0.25,0.9372569375,0.7638474375000001,0.2205085
0.875,0.8125,0.3125,0.9244526875,0.7700484375,0.286258375
0.875,0.8125,0.375,0.9116484375,0.7762494375,0.35200824999999997
0.875,0.8125,0.4375,0.8988441875000001,0.7824504375,0.417758125
0.875,0.8125,0.5,0.8860399375,0.7886514375,0.483508
0.875,0.8125,0.5625,0.8732356875,0.7948524375,0.549257875
0.875,0.8125,0.625,0.8604314375,0.8010534375,0.6150077500000001
0.875,0.8125,0.6875,0.8476271875,0.8072544375,0.680757625
0.875,0.8125,0.75,0.8348229375,0.8134554375,0.7465075
0.875,0.8125,0.8125,0.8220186875,0.8196564375000001,0.8122573750000001
0.875,0.8125,0.875,0.8092144375,0.8258574375000001,0.87800725
0.875,0.8125,0.9375,0.7964101875,0.8320584375,0.9437571250000001
0.875,0.8125,1.0,0.7836059375,0.8382594375,1.009507
0.875,0.875,0.0,1.0542603750000001,0.788186,-0.04549825
0.875,0.875,0.0625,1.041456125,0.7943870000000001,0.020251625000000002
0.875,0.875,0.125,1.0286518750000002,0.8005880000000001,0.08600150000000001
0.875,0.875,0.1875,1.0158476250000001,0.8067890000000001,0.151751375
0.875,0.875,0.25,1.003043375,0.8129900000000001,0.21750125
0.875,0.875,0.3125,0.9902391250000001,0.819191,0.283251125
0.875,0.875,0.375,0.9774348750000001,0.825392,0.34900099999999995
0.875,0.875,0.4375,0.9646306250000002,0.831593,0.41475087499999996
0.875,0.875,0.5,0.9518263750000001,0.837794,0.48050075
0.875,0.875,0.5625,0.9390221250000002,0.843995,0.546250625
0.875,0.875,0.625,0.9262178750000001,0.8501960000000001,0.6120005000000001
0.875,0.875,0.6875,0.9134136250000001,0.8563970000000001,0.677750375
0.875,0.875,0.75,0.9006093750000002,0.8625980000000001,0.74350025
0.875,0.875,0.8125,0.8878051250000001,0.8687990000000001,0.809250125
0.875,0.875,0.875,0.8750008750000001,0.875,0.875
0.875,0.875,0.9375,0.8621966250000002,0.881201,0.9407498750000001
0.875,0.875,1.0,0.8493923750000001,0.887402,1.00649975
0.875,0.9375,0.0,1.1200468125,0.8373285625,-0.04850549999999999
0.875,0.9375,0.0625,1.1072425625,0.8435295625,0.017244375000000006
0.875,0.9375,0.125,1.0944383125000001,0.8497305625,0.08299425
0.875,0.9375,0.1875,1.0816340625,0.8559315625,0.148744125
0.875,0.9375,0.25,1.0688298125,0.8621325625,0.21449400000000002
0.875,0.9375,0.3125,1.0560255625000001,0.8683335624999999,0.28024387500000003
0.875,0.9375,0.375,1.0432213125,0.8745345625,0.34599375
0.875,0.9375,0.4375,1.0304170625,0.8807355625,0.411743625
0.875,0.9375,0.5,1.0176128125000001,0.8869365625,0.4774935
0.875,0.9375,0.5625,1.0048085625,0.8931375625,0.543243375
0.875,0.9375,0.625,0.9920043125,0.8993385625,0.60899325
0.875,0.9375,0.6875,0.9792000625,0.9055395625,0.674743125
0.875,0.9375,0.75,0.9663958125000001,0.9117405625,0.740493
0.875,0.9375,0.8125,0.9535915625,0.9179415625,0.806242875
0.875,0.9375,0.875,0.9407873125,0.9241425624999999,0.87199275
0.875,0.9375,0.9375,0.9279830625000001,0.9303435624999999,0.937742625
0.875,0.9375,1.0,0.9151788125,0.9365445625,1.0034925
0.875,1.0,0.0,1.18583325,0.886471125,-0.051512749999999996
0.875,1.0,0.0625,1.1730289999999999,0.892672125,0.014237125000000003
0.875,1.0,0.125,1.16022475,0.898873125,0.079987
0.875,1.0,0.1875,1.1474205,0.9050741250000001,0.145736875
0.875,1.0,0.25,1.1346162499999999,0.9112751250000001,0.21148675
0.875,1.0,0.3125,1.121812,0.917476125,0.277236625
0.875,1.0,0.375,1.10900775,0.923677125,0.34298649999999997
0.875,1.0,0.4375,1.0962034999999999,0.929878125,0.408736375
0.875,1.0,0.5,1.08339925,0.936079125,0.47448625
0.875,1.0,0.5625,1.070595,0.942280125,0.540236125
0.875,1.0,0.625,1.05779075,0.948481125,0.605986
0.875,1.0,0.6875,1.0449865,0.954682125,0.671735875
0.875,1.0,0.75,1.03218225,0.9608831250000001,0.7374857499999999
0.875,1.0,0.8125,1.019378,0.9670841250000001,0.803235625
0.875,1.0,0.875,1.00657375,0.9732851250000001,0.8689855
0.875,1.0,0.9375,0.9937695,0.979486125,0.934735375
0.875,1.0,1.0,0.9809652499999999,0.985687125,1.00048525
0.9375,0.0,0.0,0.142768125,0.10734656249999999,-0.0036393750000000002
0.9375,0.0,0.0625,0.129963875,0.11354756249999999,0.0621105
0.9375,0.0,0.125,0.11715962499999999,0.11974856249999999,0.127860375
0.9375,0.0,0.1875,0.104355375,0.1259495625,0.19361024999999998
0.9375,0.0,0.25,0.091551125,0.13215056249999999,0.259360125
0.9375,0.0,0.3125,0.078746875,0.1383515625,0.32511
0.9375,0.0,0.375,0.065942625,0.14455256249999998,0.39085987499999997
0.9375,0.0,0.4375,0.053138375,0.1507535625,0.45660975
0.9375,0.0,0.5,0.040334125,0.1569545625,0.522359625
0.9375,0.0,0.5625,0.027529874999999995,0.1631555625,0.5881095
0.9375,0.0,0.625,0.014725624999999992,0.16935656249999997,0.653859375
0.9375,0.0,0.6875,0.001921375000000003,0.1755575625,0.71960925
0.9375,0.0,0.75,-0.010882874999999986,0.1817585625,0.7853591249999999
0.9375,0.0,0.8125,-0.023687125000000003,0.1879595625,0.851109
0.9375,0.0,0.875,-0.03649137499999999,0.1941605625,0.916858875
0.9375,0.0,0.9375,-0.04929562500000001,0.20036156249999998,0.98260875
0.9375,0.0,1.0,-0.062099875,0.2065625625,1.048358625
0.9375,0.0625,0.0,0.20855456249999998,0.156489125,-0.006646625
0.9375,0.0625,0.0625,0.1957503125,0.16269012500000002,0.059103249999999996
0.9375,0.0625,0.125,0.18294606249999998,0.168891125,0.124853125
0.9375,0.0625,0.1875,0.1701418125,0.17509212500000002,0.190603
0.9375,0.0625,0.25,0.15733756249999997,0.181293125,0.256352875
0.9375,0.0625,0.3125,0.14453331249999998,0.187494125,0.32210275
0.9375,0.0625,0.375,0.1317290625,0.19369512500000002,0.38785262499999995
0.9375,0.0625,0.4375,0.11892481249999999,0.199896125,0.45360249999999996
0.9375,0.0625,0.5,0.10612056249999999,0.206097125,0.519352375
0.9375,0.0625,0.5625,0.09331631249999998,0.212298125,0.5851022499999999
0.9375,0.0625,0.625,0.08051206249999998,0.21849912500000002,0.650852125
0.9375,0.0625,0.6875,0.06770781249999999,0.224700125,0.716602
0.9375,0.0625,0.75,0.0549035625,0.230901125,0.7823518749999999
0.9375,0.0625,0.8125,0.042099312499999986,0.237102125,0.84810175
0.9375,0.0625,0.875,0.029295062499999996,0.243303125,0.913851625
0.9375,0.0625,0.9375,0.01649081249999998,0.24950412500000002,0.9796015
0.9375,0.0625,1.0,0.00368656249999999,0.255705125,1.045351375
0.9375,0.125,0.0,0.274341,0.2056316875,-0.009653875
0.9375,0.125,0.0625,0.26153675,0.2118326875,0.056096
0.9375,0.125,0.125,0.2487325,0.2180336875,0.12184587499999999
0.9375,0.125,0.1875,0.23592825,0.2242346875,0.18759574999999998
0.9375,0.125,0.25,0.223124,0.23043568749999999,0.253345625
0.9375,0.125,0.3125,0.21031975,0.2366366875,0.31909550000000003
0.9375,0.125,0.375,0.1975155,0.2428376875,0.384845375
0.9375,0.125,0.4375,0.18471125,0.2490386875,0.45059525
0.9375,0.125,0.5,0.171907,0.2552396875,0.516345125
0.9375,0.125,0.5625,0.15910275000000001,0.2614406875,0.5820949999999999
0.9375,0.125,0.625,0.1462985,0.2676416875,0.647844875
0.9375,0.125,0.6875,0.13349425,0.27384268749999996,0.7135947499999999
0.9375,0.125,0.75,0.12069000000000002,0.28004368749999997,0.7793446249999999
0.9375,0.125,0.8125,0.10788575,0.2862446875,0.8450945
0.9375,0.125,0.875,0.09508150000000001,0.2924456875,0.9108443749999999
0.9375,0.125,0.9375,0.08227725,0.2986466875,0.97659425
0.9375,0.125,1.0,0.06947300000000001,0.3048476875,1.042344125
0.9375,0.1875,0.0,0.34012743749999996,0.25477425,-0.012661125
0.9375,0.1875,0.0625,0.32732318749999995,0.26097525,0.05308875
0.9375,0.1875,0.125,0.3145189375,0.26717625,0.118838625
0.9375,0.1875,0.1875,0.30171468749999997,0.27337724999999996,0.1845885
0.9375,0.1875,0.25,0.28891043749999995,0.27957825,0.250338375
0.9375,0.1875,0.3125,0.27610618749999993,0.28577925,0.31608825
0.9375,0.1875,0.375,0.26330193749999997,0.29198025,0.381838125
0.9375,0.1875,0.4375,0.25049768749999995,0.29818124999999995,0.447588
0.9375,0.1875,0.5,0.23769343749999997,0.30438224999999997,0.5133378749999999
0.9375,0.1875,0.5625,0.22488918749999998,0.31058325,0.5790877499999999
0.9375,0.1875,0.625,0.21208493749999996,0.31678425,0.644837625
0.9375,0.1875,0.6875,0.19928068749999997,0.32298525,0.7105874999999999
0.9375,0.1875,0.75,0.18647643749999998,0.32918625,0.7763373749999999
0.9375,0.1875,0.8125,0.17367218749999996,0.33538724999999997,0.84208725
0.9375,0.1875,0.875,0.16086793749999997,0.34158825,0.9078371249999999
0.9375,0.1875,0.9375,0.14806368749999996,0.34778925,0.973587
0.9375,0.1875,1.0,0.13525943749999997,0.35399024999999995,1.039336875
0.9375,0.25,0.0,0.405913875,0.3039168125,-0.015668375
0.9375,0.25,0.0625,0.39310962499999996,0.31011781250000003,0.0500815
0.9375,0.25,0.125,0.380305375,0.31631881250000005,0.115831375
0.9375,0.25,0.1875,0.367501125,0.3225198125,0.18158124999999997
0.9375,0.25,0.25,0.35469687499999997,0.3287208125,0.24733112499999999
0.9375,0.25,0.3125,0.34189262499999995,0.3349218125,0.313081
0.9375,0.25,0.375,0.329088375,0.34112281250000004,0.37883087499999996
0.9375,0.25,0.4375,0.31628412499999997,0.3473238125,0.44458074999999997
0.9375,0.25,0.5,0.30347987499999995,0.3535248125,0.510330625
0.9375,0.25,0.5625,0.290675625,0.3597258125,0.5760805
0.9375,0.25,0.625,0.277871375,0.36592681250000003,0.6418303750000001
0.9375,0.25,0.6875,0.26506712499999996,0.37212781250000004,0.70758025
0.9375,0.25,0.75,0.252262875,0.37832881250000006,0.773330125
0.9375,0.25,0.8125,0.23945862499999998,0.3845298125,0.83908
0.9375,0.25,0.875,0.226654375,0.3907308125,0.904829875
0.9375,0.25,0.9375,0.21385012499999997,0.39693181250000004,0.9705797500000001
0.9375,0.25,1.0,0.20104587499999999,0.4031328125,1.036329625
0.9375,0.3125,0.0,0.4717003125,0.35305937499999995,-0.018675625
0.9375,0.3125,0.0625,0.4588960625,0.35926037499999997,0.04707425
0.9375,0.3125,0.125,0.4460918125,0.365461375,0.112824125
0.9375,0.3125,0.1875,0.4332875625,0.37166237499999993,0.17857399999999998
0.9375,0.3125,0.25,0.4204833125,0.37786337499999995,0.244323875
0.9375,0.3125,0.3125,0.40767906249999997,0.38406437499999996,0.31007375000000004
0.9375,0.3125,0.375,0.3948748125,0.39026537499999997,0.375823625
0.9375,0.3125,0.4375,0.3820705625,0.3964663749999999,0.44157349999999995
0.9375,0.3125,0.5,0.36926631249999997,0.40266737499999994,0.507323375
0.9375,0.3125,0.5625,0.3564620625,0.40886837499999995,0.57307325
0.9375,0.3125,0.625,0.3436578125,0.41506937499999996,0.638823125
0.9375,0.3125,0.6875,0.3308535625,0.421270375,0.704573
0.9375,0.3125,0.75,0.3180493125,0.427471375,0.770322875
0.9375,0.3125,0.8125,0.3052450625,0.43367237499999994,0.83607275
0.9375,0.3125,0.875,0.2924408125,0.43987337499999996,0.901822625
0.9375,0.3125,0.9375,0.2796365625,0.44607437499999997,0.9675725000000001
0.9375,0.3125,1.0,0.2668323125,0.4522753749999999,1.033322375
0.9375,0.375,0.0,0.53748675,0.4022019375,-0.021682875
0.9375,0.375,0.0625,0.5246825,0.4084029375,0.044066999999999995
0.9375,0.375,0.125,0.51187825,0.4146039375,0.109816875
0.9375,0.375,0.1875,0.499074,0.4208049375,0.17556675
0.9375,0.375,0.25,0.48626975,0.4270059375,0.241316625
0.9375,0.375,0.3125,0.4734655,0.4332069375,0.3070665
0.9375,0.375,0.375,0.46066125,0.4394079375,0.372816375
0.9375,0.375,0.4375,0.447857,0.44560893749999997,0.43856625
0.9375,0.375,0.5,0.43505275,0.4518099375,0.504316125
0.9375,0.375,0.5625,0.4222485,0.4580109375,0.570066
0.9375,0.375,0.625,0.40944425,0.4642119375,0.635815875
0.9375,0.375,0.6875,0.39664,0.4704129375,0.70156575
0.9375,0.375,0.75,0.38383575000000003,0.47661393750000003,0.767315625
0.9375,0.375,0.8125,0.3710315,0.4828149375,0.8330655
0.9375,0.375,0.875,0.35822725,0.4890159375,0.898815375
0.9375,0.375,0.9375,0.34542300000000004,0.4952169375,0.96456525
0.9375,0.375,1.0,0.33261875,0.5014179375,1.030315125
0.9375,0.4375,0.0,0.6032731875,0.45134450000000004,-0.024690125
0.9375,0.4375,0.0625,0.5904689375000001,0.45754550000000005,0.04105975
0.9375,0.4375,0.125,0.5776646875,0.46374650000000006,0.10680962499999999
0.9375,0.4375,0.1875,0.5648604375,0.4699475,0.17255949999999998
0.9375,0.4375,0.25,0.5520561875000001,0.47614850000000003,0.238309375
0.9375,0.4375,0.3125,0.5392519375,0.48234950000000004,0.30405925
0.9375,0.4375,0.375,0.5264476875,0.48855050000000005,0.36980912499999996
0.9375,0.4375,0.4375,0.5136434375000001,0.4947515,0.435559
0.9375,0.4375,0.5,0.5008391875,0.5009525,0.501308875
0.9375,0.4375,0.5625,0.48803493750000004,0.5071535,0.56705875
0.9375,0.4375,0.625,0.4752306875,0.5133545,0.632808625
0.9375,0.4375,0.6875,0.4624264375,0.5195555000000001,0.6985585
0.9375,0.4375,0.75,0.44962218750000005,0.5257565000000001,0.7643083749999999
0.9375,0.4375,0.8125,0.43681793750000003,0.5319575000000001,0.83005825
0.9375,0.4375,0.875,0.4240136875,0.5381585,0.895808125
0.9375,0.4375,0.9375,0.41120943750000005,0.5443595,0.961558
0.9375,0.4375,1.0,0.39840518750000004,0.5505605,1.027307875
0.9375,0.5,0.0,0.669059625,0.5004870625,-0.027697375
0.9375,0.5,0.0625,0.6562553750000001,0.5066880625,0.0380525
0.9375,0.5,0.125,0.643451125,0.5128890625,0.103802375
0.9375,0.5,0.1875,0.630646875,0.5190900625,0.16955225
0.9375,0.5,0.25,0.6178426250000001,0.5252910625,0.235302125
0.9375,0.5,0.3125,0.605038375,0.5314920624999999,0.301052
0.9375,0.5,0.375,0.5922341250000001,0.5376930624999999,0.36680187499999994
0.9375,0.5,0.4375,0.5794298750000001,0.5438940624999999,0.43255174999999996
0.9375,0.5,0.5,0.566625625,0.5500950625,0.49830162499999997
0.9375,0.5,0.5625,0.5538213750000001,0.5562960625,0.5640514999999999
0.9375,0.5,0.625,0.541017125,0.5624970625,0.629801375
0.9375,0.5,0.6875,0.528212875,0.5686980625,0.69555125
0.9375,0.5,0.75,0.5154086250000001,0.5748990625,0.7613011249999999
0.9375,0.5,0.8125,0.502604375,0.5811000625,0.827051
0.9375,0.5,0.875,0.48980012500000003,0.5873010624999999,0.8928008749999999
0.9375,0.5,0.9375,0.47699587500000007,0.5935020624999999,0.95855075
0.9375,0.5,1.0,0.46419162500000005,0.5997030624999999,1.024300625
0.9375,0.5625,0.0,0.7348460625000001,0.549629625,-0.030704625
0.9375,0.5625,0.0625,0.7220418125000001,0.555830625,0.03504525
0.9375,0.5625,0.125,0.7092375625,0.562031625,0.100795125
0.9375,0.5625,0.1875,0.6964333125000001,0.568232625,0.166545
0.9375,0.5625,0.25,0.6836290625000001,0.5744336250000001,0.232294875
0.9375,0.5625,0.3125,0.6708248125,0.580634625,0.29804475
0.9375,0.5625,0.375,0.6580205625000001,0.586835625,0.363794625
0.9375,0.5625,0.4375,0.6452163125000001,0.593036625,0.4295445
0.9375,0.5625,0.5,0.6324120625,0.599237625,0.495294375
0.9375,0.5625,0.5625,0.6196078125000001,0.605438625,0.5610442499999999
0.9375,0.5625,0.625,0.6068035625000001,0.611639625,0.626794125
0.9375,0.5625,0.6875,0.5939993125,0.617840625,0.6925439999999999
0.9375,0.5625,0.75,0.5811950625000001,0.624041625,0.7582938749999999
0.9375,0.5625,0.8125,0.5683908125000001,0.6302426250000001,0.82404375
0.9375,0.5625,0.875,0.5555865625,0.6364436250000001,0.8897936249999999
0.9375,0.5625,0.9375,0.5427823125000001,0.642644625,0.9555435
0.9375,0.5625,1.0,0.5299780625000001,0.648845625,1.021293375
0.9375,0.625,0.0,0.8006325000000001,0.5987721874999999,-0.033711875
0.9375,0.625,0.0625,0.7878282500000001,0.6049731875,0.032038
0.9375,0.625,0.125,0.775024,0.6111741875,0.097787875
0.9375,0.625,0.1875,0.7622197500000001,0.6173751875,0.16353774999999998
0.9375,0.625,0.25,0.7494155000000001,0.6235761875,0.229287625
0.9375,0.625,0.3125,0.73661125,0.6297771874999999,0.2950375
0.9375,0.625,0.375,0.7238070000000001,0.6359781874999999,0.36078737499999997
0.9375,0.625,0.4375,0.7110027500000001,0.6421791874999999,0.42653725
0.9375,0.625,0.5,0.6981985,0.6483801874999999,0.492287125
0.9375,0.625,0.5625,0.6853942500000001,0.6545811874999999,0.5580369999999999
0.9375,0.625,0.625,0.67259,0.6607821875,0.623786875
0.9375,0.625,0.6875,0.6597857500000001,0.6669831875,0.68953675
0.9375,0.625,0.75,0.6469815000000001,0.6731841875,0.7552866249999999
0.9375,0.625,0.8125,0.63417725,0.6793851875,0.8210365
0.9375,0.625,0.875,0.6213730000000001,0.6855861875,0.886786375
0.9375,0.625,0.9375,0.6085687500000001,0.6917871874999999,0.9525362500000001
0.9375,0.625,1.0,0.5957645,0.6979881874999999,1.018286125
0.9375,0.6875,0.0,0.8664189375000001,0.64791475,-0.036719125
0.9375,0.6875,0.0625,0.8536146875000001,0.65411575,0.02903075
0.9375,0.6875,0.125,0.8408104375000001,0.66031675,0.09478062500000001
0.9375,0.6875,0.1875,0.8280061875000001,0.66651775,0.1605305
0.9375,0.6875,0.25,0.8152019375000001,0.67271875,0.226280375
0.9375,0.6875,0.3125,0.8023976875000001,0.6789197499999999,0.29203025
0.9375,0.6875,0.375,0.7895934375000001,0.68512075,0.35778012499999995
0.9375,0.6875,0.4375,0.7767891875000001,0.69132175,0.42352999999999996
0.9375,0.6875,0.5,0.7639849375000001,0.69752275,0.489279875
0.9375,0.6875,0.5625,0.7511806875000001,0.70372375,0.55502975
0.9375,0.6875,0.625,0.7383764375000001,0.70992475,0.6207796250000001
0.9375,0.6875,0.6875,0.7255721875000001,0.71612575,0.6865295
0.9375,0.6875,0.75,0.7127679375000001,0.72232675,0.752279375
0.9375,0.6875,0.8125,0.6999636875000002,0.72852775,0.81802925
0.9375,0.6875,0.875,0.6871594375000001,0.7347287499999999,0.883779125
0.9375,0.6875,0.9375,0.6743551875000001,0.7409297499999999,0.9495290000000001
0.9375,0.6875,1.0,0.6615509375000002,0.74713075,1.015278875
0.9375,0.75,0.0,0.932205375,0.6970573125,-0.039726375
0.9375,0.75,0.0625,0.919401125,0.7032583125,0.026023499999999998
0.9375,0.75,0.125,0.906596875,0.7094593125,0.09177337499999999
0.9375,0.75,0.1875,0.893792625,0.7156603125000001,0.15752324999999998
0.9375,0.75,0.25,0.880988375,0.7218613125000001,0.223273125
0.9375,0.75,0.3125,0.868184125,0.7280623125,0.28902300000000003
0.9375,0.75,0.375,0.855379875,0.7342633125,0.354772875
0.9375,0.75,0.4375,0.842575625,0.7404643125,0.42052275
0.9375,0.75,0.5,0.829771375,0.7466653125,0.486272625
0.9375,0.75,0.5625,0.816967125,0.7528663125,0.5520225
0.9375,0.75,0.625,0.804162875,0.7590673125,0.617772375
0.9375,0.75,0.6875,0.791358625,0.7652683125,0.68352225
0.9375,0.75,0.75,0.778554375,0.7714693125000001,0.749272125
0.9375,0.75,0.8125,0.7657501250000001,0.7776703125000001,0.815022
0.9375,0.75,0.875,0.752945875,0.7838713125000001,0.880771875
0.9375,0.75,0.9375,0.740141625,0.7900723125,0.94652175
0.9375,0.75,1.0,0.7273373750000001,0.7962733125,1.012271625
0.9375,0.8125,0.0,0.9979918125,0.746199875,-0.042733625
0.9375,0.8125,0.0625,0.9851875625000001,0.752400875,0.023016250000000002
0.9375,0.8125,0.125,0.9723833125,0.758601875,0.088766125
0.9375,0.8125,0.1875,0.9595790625,0.764802875,0.154516
0.9375,0.8125,0.25,0.9467748125000001,0.771003875,0.220265875
0.9375,0.8125,0.3125,0.9339705625,0.7772048749999999,0.28601575
0.9375,0.8125,0.375,0.9211663125,0.7834058749999999,0.35176562499999997
0.9375,0.8125,0.4375,0.9083620625000001,0.7896068749999999,0.4175155
0.9375,0.8125,0.5,0.8955578125,0.7958078749999999,0.483265375
0.9375,0.8125,0.5625,0.8827535625,0.802008875,0.54901525
0.9375,0.8125,0.625,0.8699493125,0.808209875,0.614765125
0.9375,0.8125,0.6875,0.8571450625,0.814410875,0.680515
0.9375,0.8125,0.75,0.8443408125,0.820611875,0.7462648749999999
0.9375,0.8125,0.8125,0.8315365625,0.826812875,0.81201475
0.9375,0.8125,0.875,0.8187323125,0.833013875,0.877764625
0.9375,0.8125,0.9375,0.8059280625,0.8392148749999999,0.9435145
0.9375,0.8125,1.0,0.7931238125,0.8454158749999999,1.0092643749999999
0.9375,0.875,0.0,1.06377825,0.7953424375,-0.045740875
0.9375,0.875,0.0625,1.0509739999999999,0.8015434375,0.020009
0.9375,0.875,0.125,1.03816975,0.8077444375,0.085758875
0.9375,0.875,0.1875,1.0253655,0.8139454375,0.15150874999999997
0.9375,0.875,0.25,1.0125612499999999,0.8201464375,0.21725862499999998
0.9375,0.875,0.3125,0.9997569999999999,0.8263474375,0.2830085
0.9375,0.875,0.375,0.9869527499999999,0.8325484375,0.34875837499999995
0.9375,0.875,0.4375,0.9741485,0.8387494375,0.41450824999999997
0.9375,0.875,0.5,0.9613442499999999,0.8449504375,0.480258125
0.9375,0.875,0.5625,0.9485399999999999,0.8511514375,0.5460079999999999
0.9375,0.875,0.625,0.9357357499999999,0.8573524375,0.611757875
0.9375,0.875,0.6875,0.9229314999999999,0.8635534375,0.67750775
0.9375,0.875,0.75,0.9101272499999999,0.8697544375,0.7432576249999999
0.9375,0.875,0.8125,0.8973229999999999,0.8759554375,0.8090075
0.9375,0.875,0.875,0.8845187499999999,0.8821564375,0.874757375
0.9375,0.875,0.9375,0.8717145,0.8883574375,0.94050725
0.9375,0.875,1.0,0.8589102499999999,0.8945584375,1.006257125
0.9375,0.9375,0.0,1.1295646875,0.8444849999999999,-0.048748124999999996
0.9375,0.9375,0.0625,1.1167604375,0.8506859999999999,0.017001750000000003
0.9375,0.9375,0.125,1.1039561875000001,0.856887,0.082751625
0.9375,0.9375,0.1875,1.0911519375,0.863088,0.14850149999999998
0.9375,0.9375,0.25,1.0783476875,0.869289,0.214251375
0.9375,0.9375,0.3125,1.0655434375000001,0.8754899999999999,0.28000125000000003
0.9375,0.9375,0.375,1.0527391875,0.8816909999999999,0.345751125
0.9375,0.9375,0.4375,1.0399349375,0.8878919999999999,0.411501
0.9375,0.9375,0.5,1.0271306875000001,0.8940929999999999,0.477250875
0.9375,0.9375,0.5625,1.0143264375,0.9002939999999999,0.5430007499999999
0.9375,0.9375,0.625,1.0015221875,0.9064949999999999,0.608750625
0.9375,0.9375,0.6875,0.9887179375,0.912696,0.6745005
0.9375,0.9375,0.75,0.9759136875000001,0.918897,0.7402503749999999
0.9375,0.9375,0.8125,0.9631094375,0.925098,0.80600025
0.9375,0.9375,0.875,0.9503051875,0.9312989999999999,0.8717501249999999
0.9375,0.9375,0.9375,0.9375009375000001,0.9374999999999999,0.9375
0.9375,0.9375,1.0,0.9246966875,0.9437009999999999,1.003249875
0.9375,1.0,0.0,1.195351125,0.8936275625,-0.051755375
0.9375,1.0,0.0625,1.1825468749999999,0.8998285625,0.0139945
0.9375,1.0,0.125,1.169742625,0.9060295625,0.079744375
0.9375,1.0,0.1875,1.156938375,0.9122305625,0.14549425
0.9375,1.0,0.25,1.144134125,0.9184315625,0.211244125
0.9375,1.0,0.3125,1.131329875,0.9246325624999999,0.276994
0.9375,1.0,0.375,1.118525625,0.9308335624999999,0.342743875
0.9375,1.0,0.4375,1.105721375,0.9370345625,0.40849375
0.9375,1.0,0.5,1.092917125,0.9432355625,0.474243625
0.9375,1.0,0.5625,1.080112875,0.9494365625,0.5399934999999999
0.9375,1.0,0.625,1.067308625,0.9556375625,0.605743375
0.9375,1.0,0.6875,1.054504375,0.9618385625,0.6714932499999999
0.9375,1.0,0.75,1.041700125,0.9680395625,0.7372431249999999
0.9375,1.0,0.8125,1.028895875,0.9742405625,0.802993
0.9375,1.0,0.875,1.016091625,0.9804415625,0.8687428749999999
0.9375,1.0,0.9375,1.003287375,0.9866425624999999,0.93449275
0.9375,1.0,1.0,0.9904831249999999,0.9928435624999999,1.000242625
1.0,0.0,0.0,0.152286,0.114503,-0.003882
1.0,0.0,0.0625,0.13948175000000002,0.12070399999999999,0.061867875
1.0,0.0,0.125,0.1266775,0.126905,0.12761775
1.0,0.0,0.1875,0.11387325000000001,0.133106,0.193367625
1.0,0.0,0.25,0.101069,0.139307,0.2591175
1.0,0.0,0.3125,0.08826475,0.145508,0.324867375
1.0,0.0,0.375,0.07546050000000001,0.15170899999999998,0.39061724999999997
1.0,0.0,0.4375,0.06265625000000001,0.15791,0.456367125
1.0,0.0,0.5,0.04985200000000001,0.164111,0.5221169999999999
1.0,0.0,0.5625,0.037047750000000004,0.170312,0.5878668749999999
1.0,0.0,0.625,0.0242435,0.17651299999999998,0.65361675
1.0,0.0,0.6875,0.011439250000000012,0.182714,0.7193666249999999
1.0,0.0,0.75,-0.0013649999999999773,0.188915,0.7851164999999999
1.0,0.0,0.8125,-0.014169249999999994,0.195116,0.850866375
1.0,0.0,0.875,-0.026973499999999984,0.201317,0.9166162499999999
1.0,0.0,0.9375,-0.03977775,0.20751799999999998,0.982366125
1.0,0.0,1.0,-0.05258199999999999,0.213719,1.048116
1.0,0.0625,0.0,0.2180724375,0.1636455625,-0.0068892499999999995
1.0,0.0625,0.0625,0.2052681875,0.16984656250000002,0.058860625
1.0,0.0625,0.125,0.1924639375,0.1760475625,0.1246105
1.0,0.0625,0.1875,0.1796596875,0.18224856250000002,0.19036037499999997
1.0,0.0625,0.25,0.16685543749999998,0.1884495625,0.25611025
1.0,0.0625,0.3125,0.1540511875,0.1946505625,0.321860125
1.0,0.0625,0.375,0.1412469375,0.20085156250000002,0.38760999999999995
1.0,0.0625,0.4375,0.12844268749999999,0.2070525625,0.45335987499999997
1.0,0.0625,0.5,0.1156384375,0.2132535625,0.51910975
1.0,0.0625,0.5625,0.1028341875,0.2194545625,0.584859625
1.0,0.0625,0.625,0.09002993749999999,0.22565556250000002,0.6506095000000001
1.0,0.0625,0.6875,0.0772256875,0.2318565625,0.716359375
1.0,0.0625,0.75,0.06442143750000001,0.23805756250000001,0.78210925
1.0,0.0625,0.8125,0.051617187499999995,0.2442585625,0.847859125
1.0,0.0625,0.875,0.038812937500000005,0.2504595625,0.913609
1.0,0.0625,0.9375,0.02600868749999999,0.2566605625,0.9793588750000001
1.0,0.0625,1.0,0.0132044375,0.26286156250000003,1.04510875
1.0,0.125,0.0,0.283858875,0.212788125,-0.009896499999999999
1.0,0.125,0.0625,0.271054625,0.218989125,0.055853375
1.0,0.125,0.125,0.25825037500000003,0.225190125,0.12160325
1.0,0.125,0.1875,0.24544612500000001,0.231391125,0.18735312499999998
1.0,0.125,0.25,0.232641875,0.237592125,0.253103
1.0,0.125,0.3125,0.219837625,0.243793125,0.31885287500000004
1.0,0.125,0.375,0.20703337500000002,0.249994125,0.38460275
1.0,0.125,0.4375,0.194229125,0.25619512499999997,0.450352625
1.0,0.125,0.5,0.181424875,0.262396125,0.5161025
1.0,0.125,0.5625,0.16862062500000002,0.268597125,0.581852375
1.0,0.125,0.625,0.155816375,0.274798125,0.64760225
1.0,0.125,0.6875,0.14301212500000002,0.280999125,0.713352125
1.0,0.125,0.75,0.13020787500000003,0.28720012500000003,0.779102
1.0,0.125,0.8125,0.11740362500000001,0.293401125,0.844851875
1.0,0.125,0.875,0.10459937500000002,0.299602125,0.91060175
1.0,0.125,0.9375,0.091795125,0.305803125,0.9763516250000001
1.0,0.125,1.0,0.07899087500000002,0.31200412499999997,1.0421015
1.0,0.1875,0.0,0.34964531249999997,0.26193068750000004,-0.01290375
1.0,0.1875,0.0625,0.33684106249999995,0.26813168750000005,0.052846125
1.0,0.1875,0.125,0.3240368125,0.27433268750000006,0.118596
1.0,0.1875,0.1875,0.3112325625,0.2805336875,0.184345875
1.0,0.1875,0.25,0.29842831249999996,0.28673468750000003,0.25009575
1.0,0.1875,0.3125,0.28562406249999994,0.29293568750000004,0.315845625
1.0,0.1875,0.375,0.2728198125,0.29913668750000005,0.3815955
1.0,0.1875,0.4375,0.26001556249999996,0.3053376875,0.447345375
1.0,0.1875,0.5,0.24721131249999997,0.3115386875,0.51309525
1.0,0.1875,0.5625,0.23440706249999999,0.31773968750000003,0.578845125
1.0,0.1875,0.625,0.22160281249999997,0.32394068750000005,0.644595
1.0,0.1875,0.6875,0.20879856249999998,0.33014168750000006,0.710344875
1.0,0.1875,0.75,0.1959943125,0.33634268750000007,0.7760947499999999
1.0,0.1875,0.8125,0.18319006249999997,0.3425436875,0.841844625
1.0,0.1875,0.875,0.17038581249999998,0.34874468750000004,0.9075945
1.0,0.1875,0.9375,0.15758156249999997,0.35494568750000005,0.973344375
1.0,0.1875,1.0,0.14477731249999998,0.3611466875,1.03909425
1.0,0.25,0.0,0.41543175,0.31107324999999997,-0.015911
1.0,0.25,0.0625,0.40262749999999997,0.31727425,0.049838875
1.0,0.25,0.125,0.38982325,0.32347525,0.11558874999999999
1.0,0.25,0.1875,0.377019,0.32967624999999995,0.18133862499999998
1.0,0.25,0.25,0.36421475,0.33587724999999996,0.2470885
1.0,0.25,0.3125,0.35141049999999996,0.34207825,0.312838375
1.0,0.25,0.375,0.33860625,0.34827925,0.37858824999999996
1.0,0.25,0.4375,0.325802,0.35448024999999994,0.444338125
1.0,0.25,0.5,0.31299774999999996,0.36068124999999995,0.510088
1.0,0.25,0.5625,0.3001935,0.36688224999999997,0.5758378749999999
1.0,0.25,0.625,0.28738925,0.37308325,0.64158775
1.0,0.25,0.6875,0.27458499999999997,0.37928425,0.707337625
1.0,0.25,0.75,0.26178075,0.38548525,0.7730874999999999
1.0,0.25,0.8125,0.2489765,0.39168624999999996,0.838837375
1.0,0.25,0.875,0.23617225,0.39788724999999997,0.90458725
1.0,0.25,0.9375,0.22336799999999998,0.40408825,0.970337125
1.0,0.25,1.0,0.21056375,0.41028924999999994,1.036087
1.0,0.3125,0.0,0.4812181875,0.3602158125,-0.018918249999999998
1.0,0.3125,0.0625,0.4684139375,0.3664168125,0.046831625
1.0,0.3125,0.125,0.4556096875,0.37261781250000003,0.1125815
1.0,0.3125,0.1875,0.4428054375,0.3788188125,0.178331375
1.0,0.3125,0.25,0.4300011875,0.3850198125,0.24408125
1.0,0.3125,0.3125,0.4171969375,0.3912208125,0.309831125
1.0,0.3125,0.375,0.4043926875,0.3974218125,0.37558099999999994
1.0,0.3125,0.4375,0.3915884375,0.4036228125,0.441330875
1.0,0.3125,0.5,0.3787841875,0.4098238125,0.50708075
1.0,0.3125,0.5625,0.3659799375,0.4160248125,0.5728306249999999
1.0,0.3125,0.625,0.3531756875,0.4222258125,0.6385805
1.0,0.3125,0.6875,0.3403714375,0.42842681250000003,0.704330375
1.0,0.3125,0.75,0.3275671875,0.43462781250000004,0.7700802499999999
1.0,0.3125,0.8125,0.3147629375,0.4408288125,0.835830125
1.0,0.3125,0.875,0.3019586875,0.4470298125,0.9015799999999999
1.0,0.3125,0.9375,0.28915443750000003,0.4532308125,0.967329875
1.0,0.3125,1.0,0.2763501875,0.4594318125,1.03307975
1.0,0.375,0.0,0.547004625,0.40935837500000005,-0.0219255
1.0,0.375,0.0625,0.5342003750000001,0.41555937500000006,0.043824375
1.0,0.375,0.125,0.521396125,0.4217603750000001,0.10957425
1.0,0.375,0.1875,0.508591875,0.42796137500000003,0.175324125
1.0,0.375,0.25,0.495787625,0.43416237500000004,0.241074
1.0,0.375,0.3125,0.482983375,0.44036337500000006,0.306823875
1.0,0.375,0.375,0.47017912500000003,0.44656437500000007,0.37257375
1.0,0.375,0.4375,0.457374875,0.452765375,0.438323625
1.0,0.375,0.5,0.444570625,0.45896637500000004,0.5040735
1.0,0.375,0.5625,0.43176637500000004,0.46516737500000005,0.5698233749999999
1.0,0.375,0.625,0.418962125,0.47136837500000006,0.63557325
1.0,0.375,0.6875,0.406157875,0.4775693750000001,0.7013231249999999
1.0,0.375,0.75,0.39335362500000004,0.4837703750000001,0.7670729999999999
1.0,0.375,0.8125,0.380549375,0.48997137500000004,0.832822875
1.0,0.375,0.875,0.367745125,0.49617237500000005,0.8985727499999999
1.0,0.375,0.9375,0.35494087500000004,0.502373375,0.964322625
1.0,0.375,1.0,0.342136625,0.508574375,1.0300725
1.0,0.4375,0.0,0.6127910625,0.4585009375,-0.02493275
1.0,0.4375,0.0625,0.5999868125000001,0.4647019375,0.040817124999999996
1.0,0.4375,0.125,0.5871825625,0.4709029375,0.106567
1.0,0.4375,0.1875,0.5743783125,0.47710393749999996,0.17231687499999998
1.0,0.4375,0.25,0.5615740625000001,0.4833049375,0.23806675
1.0,0.4375,0.3125,0.5487698125,0.4895059375,0.303816625
1.0,0.4375,0.375,0.5359655625,0.4957069375,0.36956649999999996
1.0,0.4375,0.4375,0.5231613125000001,0.5019079375,0.435316375
1.0,0.4375,0.5,0.5103570625,0.5081089375,0.50106625
1.0,0.4375,0.5625,0.49755281250000005,0.5143099375,0.566816125
1.0,0.4375,0.625,0.48474856250000004,0.5205109375,0.6325660000000001
1.0,0.4375,0.6875,0.4719443125,0.5267119375,0.698315875
1.0,0.4375,0.75,0.45914006250000006,0.5329129375,0.76406575
1.0,0.4375,0.8125,0.44633581250000004,0.5391139375,0.8298156250000001
1.0,0.4375,0.875,0.4335315625,0.5453149374999999,0.8955655
1.0,0.4375,0.9375,0.42072731250000006,0.5515159374999999,0.9613153750000001
1.0,0.4375,1.0,0.40792306250000004,0.5577169375,1.02706525
1.0,0.5,0.0,0.6785775000000001,0.5076435,-0.02794
1.0,0.5,0.0625,0.6657732500000001,0.5138445,0.037809875
1.0,0.5,0.125,0.652969,0.5200455,0.10355975
1.0,0.5,0.1875,0.6401647500000001,0.5262465000000001,0.169309625
1.0,0.5,0.25,0.6273605000000001,0.5324475000000001,0.2350595
1.0,0.5,0.3125,0.61455625,0.5386485,0.300809375
1.0,0.5,0.375,0.6017520000000001,0.5448495,0.36655924999999995
1.0,0.5,0.4375,0.5889477500000001,0.5510505,0.43230912499999996
1.0,0.5,0.5,0.5761435,0.5572515,0.498059
1.0,0.5,0.5625,0.5633392500000001,0.5634525,0.563808875
1.0,0.5,0.625,0.550535,0.5696535,0.6295587500000001
1.0,0.5,0.6875,0.53773075,0.5758545,0.695308625
1.0,0.5,0.75,0.5249265000000001,0.5820555000000001,0.7610585
1.0,0.5,0.8125,0.51212225,0.5882565000000001,0.826808375
1.0,0.5,0.875,0.49931800000000004,0.5944575000000001,0.89255825
1.0,0.5,0.9375,0.4865137500000001,0.6006585,0.9583081250000001
1.0,0.5,1.0,0.47370950000000006,0.6068595,1.024058
1.0,0.5625,0.0,0.7443639375000001,0.5567860625,-0.03094725
1.0,0.5625,0.0625,0.7315596875000001,0.5629870625,0.034802625000000004
1.0,0.5625,0.125,0.7187554375,0.5691880625,0.1005525
1.0,0.5625,0.1875,0.7059511875000001,0.5753890625,0.16630237499999997
1.0,0.5625,0.25,0.6931469375000001,0.5815900625,0.23205225
1.0,0.5625,0.3125,0.6803426875,0.5877910624999999,0.29780212500000003
1.0,0.5625,0.375,0.6675384375000001,0.5939920624999999,0.363552
1.0,0.5625,0.4375,0.6547341875000001,0.6001930624999999,0.429301875
1.0,0.5625,0.5,0.6419299375,0.6063940624999999,0.49505175
1.0,0.5625,0.5625,0.6291256875000001,0.6125950625,0.560801625
1.0,0.5625,0.625,0.6163214375000001,0.6187960625,0.6265515
1.0,0.5625,0.6875,0.6035171875,0.6249970625,0.692301375
1.0,0.5625,0.75,0.5907129375000001,0.6311980625,0.75805125
1.0,0.5625,0.8125,0.5779086875000001,0.6373990625,0.823801125
1.0,0.5625,0.875,0.5651044375000001,0.6436000625,0.889551
1.0,0.5625,0.9375,0.5523001875000001,0.6498010624999999,0.955300875
1.0,0.5625,1.0,0.5394959375000001,0.6560020624999999,1.02105075
1.0,0.625,0.0,0.8101503750000001,0.605928625,-0.0339545
1.0,0.625,0.0625,0.7973461250000001,0.612129625,0.031795375
1.0,0.625,0.125,0.784541875,0.618330625,0.09754525
1.0,0.625,0.1875,0.7717376250000001,0.624531625,0.16329512499999999
1.0,0.625,0.25,0.7589333750000001,0.630732625,0.229045
1.0,0.625,0.3125,0.7461291250000001,0.636933625,0.294794875
1.0,0.625,0.375,0.7333248750000001,0.643134625,0.36054474999999997
1.0,0.625,0.4375,0.7205206250000001,0.649335625,0.426294625
1.0,0.625,0.5,0.7077163750000001,0.655536625,0.4920445
1.0,0.625,0.5625,0.6949121250000001,0.661737625,0.557794375
1.0,0.625,0.625,0.682107875,0.667938625,0.62354425
1.0,0.625,0.6875,0.6693036250000001,0.674139625,0.689294125
1.0,0.625,0.75,0.6564993750000001,0.680340625,0.7550439999999999
1.0,0.625,0.8125,0.643695125,0.686541625,0.820793875
1.0,0.625,0.875,0.6308908750000001,0.692742625,0.88654375
1.0,0.625,0.9375,0.6180866250000001,0.698943625,0.952293625
1.0,0.625,1.0,0.605282375,0.705144625,1.0180435
1.0,0.6875,0.0,0.8759368125000001,0.6550711875,-0.03696175
1.0,0.6875,0.0625,0.8631325625000001,0.6612721875,0.028788124999999998
1.0,0.6875,0.125,0.8503283125000001,0.6674731875000001,0.094538
1.0,0.6875,0.1875,0.8375240625000001,0.6736741875000001,0.16028787499999997
1.0,0.6875,0.25,0.8247198125000001,0.6798751875000001,0.22603774999999998
1.0,0.6875,0.3125,0.8119155625000001,0.6860761875,0.291787625
1.0,0.6875,0.375,0.7991113125000001,0.6922771875,0.35753749999999995
1.0,0.6875,0.4375,0.7863070625000002,0.6984781875,0.42328737499999997
1.0,0.6875,0.5,0.7735028125000001,0.7046791875,0.48903725
1.0,0.6875,0.5625,0.7606985625000001,0.7108801875,0.5547871249999999
1.0,0.6875,0.625,0.7478943125000002,0.7170811875,0.620537
1.0,0.6875,0.6875,0.7350900625000001,0.7232821875000001,0.686286875
1.0,0.6875,0.75,0.7222858125000001,0.7294831875000001,0.7520367499999999
1.0,0.6875,0.8125,0.7094815625000002,0.7356841875000001,0.817786625
1.0,0.6875,0.875,0.6966773125000001,0.7418851875000001,0.8835365
1.0,0.6875,0.9375,0.6838730625000001,0.7480861875,0.949286375
1.0,0.6875,1.0,0.6710688125000002,0.7542871875,1.01503625
1.0,0.75,0.0,0.94172325,0.7042137500000001,-0.039969000000000005
1.0,0.75,0.0625,0.928919,0.7104147500000001,0.025780874999999995
1.0,0.75,0.125,0.91611475,0.7166157500000001,0.09153075
1.0,0.75,0.1875,0.9033105,0.7228167500000001,0.15728062499999998
1.0,0.75,0.25,0.89050625,0.7290177500000001,0.2230305
1.0,0.75,0.3125,0.877702,0.73521875,0.288780375
1.0,0.75,0.375,0.86489775,0.74141975,0.35453024999999994
1.0,0.75,0.4375,0.8520935000000001,0.7476207500000001,0.420280125
1.0,0.75,0.5,0.83928925,0.7538217500000001,0.48602999999999996
1.0,0.75,0.5625,0.826485,0.7600227500000001,0.5517798749999999
1.0,0.75,0.625,0.8136807500000001,0.7662237500000001,0.61752975
1.0,0.75,0.6875,0.8008765,0.7724247500000001,0.683279625
1.0,0.75,0.75,0.78807225,0.7786257500000001,0.7490294999999999
1.0,0.75,0.8125,0.7752680000000001,0.7848267500000001,0.814779375
1.0,0.75,0.875,0.76246375,0.79102775,0.8805292499999999
1.0,0.75,0.9375,0.7496595,0.79722875,0.946279125
1.0,0.75,1.0,0.7368552500000001,0.80342975,1.012029
1.0,0.8125,0.0,1.0075096875,0.7533563125,-0.042976249999999994
1.0,0.8125,0.0625,0.9947054375000001,0.7595573125,0.022773625000000006
1.0,0.8125,0.125,0.9819011875,0.7657583125,0.0885235
1.0,0.8125,0.1875,0.9690969375,0.7719593125,0.154273375
1.0,0.8125,0.25,0.9562926875000001,0.7781603125000001,0.22002325
1.0,0.8125,0.3125,0.9434884375,0.7843613125,0.285773125
1.0,0.8125,0.375,0.9306841875,0.7905623125,0.351523
1.0,0.8125,0.4375,0.9178799375000001,0.7967633125,0.417272875
1.0,0.8125,0.5,0.9050756875,0.8029643125,0.48302275
1.0,0.8125,0.5625,0.8922714375,0.8091653125,0.548772625
1.0,0.8125,0.625,0.8794671875,0.8153663125,0.6145225000000001
1.0,0.8125,0.6875,0.8666629375,0.8215673125,0.6802723749999999
1.0,0.8125,0.75,0.8538586875,0.8277683125,0.74602225
1.0,0.8125,0.8125,0.8410544375,0.8339693125000001,0.8117721250000001
1.0,0.8125,0.875,0.8282501875,0.8401703125,0.8775219999999999
1.0,0.8125,0.9375,0.8154459375,0.8463713125,0.943271875
1.0,0.8125,1.0,0.8026416875,0.8525723125,1.00902175
1.0,0.875,0.0,1.073296125,0.8024988750000001,-0.0459835
1.0,0.875,0.0625,1.0604918749999999,0.8086998750000001,0.019766375000000003
1.0,0.875,0.125,1.047687625,0.8149008750000001,0.08551625
1.0,0.875,0.1875,1.034883375,0.8211018750000001,0.15126612499999997
1.0,0.875,0.25,1.0220791249999999,0.8273028750000001,0.217016
1.0,0.875,0.3125,1.009274875,0.833503875,0.282765875
1.0,0.875,0.375,0.9964706249999999,0.839704875,0.34851574999999996
1.0,0.875,0.4375,0.983666375,0.845905875,0.41426562499999997
1.0,0.875,0.5,0.9708621249999999,0.852106875,0.4800155
1.0,0.875,0.5625,0.958057875,0.858307875,0.545765375
1.0,0.875,0.625,0.9452536249999999,0.8645088750000001,0.6115152500000001
1.0,0.875,0.6875,0.9324493749999999,0.8707098750000001,0.677265125
1.0,0.875,0.75,0.919645125,0.8769108750000001,0.743015
1.0,0.875,0.8125,0.9068408749999999,0.8831118750000001,0.808764875
1.0,0.875,0.875,0.8940366249999999,0.8893128750000001,0.87451475
1.0,0.875,0.9375,0.881232375,0.895513875,0.9402646250000001
1.0,0.875,1.0,0.8684281249999999,0.901714875,1.0060145
1.0,0.9375,0.0,1.1390825625,0.8516414375,-0.04899075
1.0,0.9375,0.0625,1.1262783125,0.8578424375,0.016759125
1.0,0.9375,0.125,1.1134740625000001,0.8640434375,0.082509
1.0,0.9375,0.1875,1.1006698125,0.8702444375,0.14825887499999998
1.0,0.9375,0.25,1.0878655625,0.8764454375,0.21400875
1.0,0.9375,0.3125,1.0750613125000001,0.8826464374999999,0.27975862500000004
1.0,0.9375,0.375,1.0622570625,0.8888474375,0.3455085
1.0,0.9375,0.4375,1.0494528125,0.8950484375,0.41125837499999995
1.0,0.9375,0.5,1.0366485625000001,0.9012494375,0.47700825
1.0,0.9375,0.5625,1.0238443125,0.9074504375,0.542758125
1.0,0.9375,0.625,1.0110400625,0.9136514375,0.608508
1.0,0.9375,0.6875,0.9982358125,0.9198524375,0.674257875
1.0,0.9375,0.75,0.9854315625000001,0.9260534375,0.74000775
1.0,0.9375,0.8125,0.9726273125,0.9322544375,0.805757625
1.0,0.9375,0.875,0.9598230625,0.9384554375,0.8715075
1.0,0.9375,0.9375,0.9470188125000001,0.9446564375,0.9372573750000001
1.0,0.9375,1.0,0.9342145625,0.9508574375,1.00300725
1.0,1.0,0.0,1.204869,0.900784,-0.051998
1.0,1.0,0.0625,1.19206475,0.906985,0.013751874999999997
1.0,1.0,0.125,1.1792605,0.913186,0.07950175
1.0,1.0,0.1875,1.16645625,0.9193870000000001,0.145251625
1.0,1.0,0.25,1.153652,0.9255880000000001,0.2110015
1.0,1.0,0.3125,1.14084775,0.931789,0.276751375
1.0,1.0,0.375,1.1280435,0.93799,0.34250125
1.0,1.0,0.4375,1.11523925,0.944191,0.408251125
1.0,1.0,0.5,1.102435,0.950392,0.474001
1.0,1.0,0.5625,1.08963075,0.956593,0.539750875
1.0,1.0,0.625,1.0768265,0.962794,0.60550075
1.0,1.0,0.6875,1.06402225,0.968995,0.671250625
1.0,1.0,0.75,1.051218,0.9751960000000001,0.7370005
1.0,1.0,0.8125,1.03841375,0.9813970000000001,0.802750375
1.0,1.0,0.875,1.0256095,0.987598,0.86850025
1.0,1.0,0.9375,1.01280525,0.993799,0.934250125
1.0,1.0,1.0,1.000001,1.0,1.0
