R,G,B,R_out,G_out,B_out
0.0,0.0,0.0,0.0,0.0,0.0
0.0,0.0,0.0625,-0.01140125,0.00533525,0.065038875
0.0,0.0,0.125,-0.0228025,0.0106705,0.13007775
0.0,0.0,0.1875,-0.03420375,0.01600575,0.195116625
0.0,0.0,0.25,-0.045605,0.021341,0.2601555
0.0,0.0,0.3125,-0.05700625,0.02667625,0.325194375
0.0,0.0,0.375,-0.0684075,0.0320115,0.39023325
0.0,0.0,0.4375,-0.07980875,0.03734675,0.45527212499999997
0.0,0.0,0.5,-0.09121,0.042682,0.520311
0.0,0.0,0.5625,-0.10261125,0.04801725,0.5853498749999999
0.0,0.0,0.625,-0.1140125,0.0533525,0.65038875
0.0,0.0,0.6875,-0.12541375,0.05868775,0.715427625
0.0,0.0,0.75,-0.136815,0.064023,0.7804665
0.0,0.0,0.8125,-0.14821625,0.06935825,0.8455053749999999
0.0,0.0,0.875,-0.1596175,0.0746935,0.9105442499999999
0.0,0.0,0.9375,-0.17101875,0.08002875,0.975583125
0.0,0.0,1.0,-0.18242,0.085364,1.040622
0.0,0.0625,0.0,0.057688,0.05027125,-0.002146625
0.0,0.0625,0.0625,0.04628675,0.0556065,0.06289225
0.0,0.0625,0.125,0.0348855,0.06094175,0.12793112499999998
0.0,0.0625,0.1875,0.023484250000000005,0.066277,0.19296999999999997
0.0,0.0625,0.25,0.012083000000000003,0.07161225,0.25800887499999997
0.0,0.0625,0.3125,0.0006817500000000018,0.0769475,0.32304774999999997
0.0,0.0625,0.375,-0.010719499999999993,0.08228275,0.38808662499999996
0.0,0.0625,0.4375,-0.022120749999999995,0.087618,0.45312549999999996
0.0,0.0625,0.5,-0.033521999999999996,0.09295325,0.518164375
0.0,0.0625,0.5625,-0.04492325,0.0982885,0.58320325
0.0,0.0625,0.625,-0.0563245,0.10362375,0.648242125
0.0,0.0625,0.6875,-0.06772574999999999,0.108959,0.713281
0.0,0.0625,0.75,-0.07912699999999999,0.11429425,0.778319875
0.0,0.0625,0.8125,-0.09052824999999999,0.1196295,0.8433587499999999
0.0,0.0625,0.875,-0.10192949999999999,0.12496475,0.908397625
0.0,0.0625,0.9375,-0.11333075,0.1303,0.9734365
0.0,0.0625,1.0,-0.124732,0.13563524999999998,1.038475375
0.0,0.125,0.0,0.115376,0.1005425,-0.00429325
0.0,0.125,0.0625,0.10397475,0.10587775,0.060745625
0.0,0.125,0.125,0.0925735,0.111213,0.1257845
0.0,0.125,0.1875,0.08117225,0.11654825,0.190823375
0.0,0.125,0.25,0.069771,0.1218835,0.25586224999999996
0.0,0.125,0.3125,0.058369750000000005,0.12721875,0.32090112499999995
0.0,0.125,0.375,0.04696850000000001,0.132554,0.38593999999999995
0.0,0.125,0.4375,0.03556725000000001,0.13788925000000002,0.45097887499999995
0.0,0.125,0.5,0.024166000000000007,0.1432245,0.5160177499999999
0.0,0.125,0.5625,0.012764750000000005,0.14855975,0.5810566249999999
0.0,0.125,0.625,0.0013635000000000036,0.153895,0.6460954999999999
0.0,0.125,0.6875,-0.010037749999999984,0.15923025000000002,0.711134375
0.0,0.125,0.75,-0.021438999999999986,0.1645655,0.7761732499999999
0.0,0.125,0.8125,-0.03284024999999999,0.16990075,0.8412121249999999
0.0,0.125,0.875,-0.04424149999999999,0.175236,0.9062509999999999
0.0,0.125,0.9375,-0.05564274999999999,0.18057125000000002,0.971289875
0.0,0.125,1.0,-0.06704399999999999,0.1859065,1.03632875
0.0,0.1875,0.0,0.173064,0.15081375000000002,-0.006439875
0.0,0.1875,0.0625,0.16166275,0.15614900000000004,0.058599
0.0,0.1875,0.125,0.1502615,0.16148425000000002,0.123637875
0.0,0.1875,0.1875,0.13886025,0.1668195,0.18867674999999998
0.0,0.1875,0.25,0.127459,0.17215475000000002,0.253715625
0.0,0.1875,0.3125,0.11605774999999999,0.17749000000000004,0.3187545
0.0,0.1875,0.375,0.1046565,0.18282525000000002,0.383793375
0.0,0.1875,0.4375,0.09325525,0.1881605,0.44883225
0.0,0.1875,0.5,0.081854,0.19349575000000002,0.513871125
0.0,0.1875,0.5625,0.07045275,0.19883100000000004,0.5789099999999999
0.0,0.1875,0.625,0.05905149999999999,0.20416625000000002,0.643948875
0.0,0.1875,0.6875,0.047650250000000005,0.2095015,0.70898775
0.0,0.1875,0.75,0.036249,0.21483675000000002,0.774026625
0.0,0.1875,0.8125,0.024847750000000002,0.22017200000000003,0.8390654999999999
0.0,0.1875,0.875,0.0134465,0.22550725000000002,0.904104375
0.0,0.1875,0.9375,0.0020452499999999985,0.2308425,0.96914325
0.0,0.1875,1.0,-0.009356000000000003,0.23617775000000002,1.0341821249999998
0.0,0.25,0.0,0.230752,0.201085,-0.0085865
0.0,0.25,0.0625,0.21935075,0.20642025000000003,0.056452375
0.0,0.25,0.125,0.2079495,0.2117555,0.12149125
0.0,0.25,0.1875,0.19654825,0.21709075,0.186530125
0.0,0.25,0.25,0.185147,0.222426,0.251569
0.0,0.25,0.3125,0.17374575,0.22776125000000003,0.316607875
0.0,0.25,0.375,0.1623445,0.2330965,0.38164675
0.0,0.25,0.4375,0.15094325000000003,0.23843175,0.446685625
0.0,0.25,0.5,0.139542,0.243767,0.5117244999999999
0.0,0.25,0.5625,0.12814075000000003,0.24910225000000003,0.5767633749999999
0.0,0.25,0.625,0.11673950000000001,0.2544375,0.6418022499999999
0.0,0.25,0.6875,0.10533825000000002,0.25977275,0.706841125
0.0,0.25,0.75,0.09393700000000002,0.265108,0.7718799999999999
0.0,0.25,0.8125,0.08253575000000002,0.27044325,0.8369188749999998
0.0,0.25,0.875,0.07113450000000002,0.27577850000000004,0.9019577499999999
0.0,0.25,0.9375,0.059733250000000016,0.28111375,0.9669966249999999
0.0,0.25,1.0,0.048332000000000014,0.286449,1.0320354999999999
0.0,0.3125,0.0,0.28844000000000003,0.25135625,-0.010733125
0.0,0.3125,0.0625,0.27703875000000006,0.2566915,0.05430575
0.0,0.3125,0.125,0.2656375,0.26202675,0.119344625
0.0,0.3125,0.1875,0.25423625000000005,0.267362,0.18438349999999998
0.0,0.3125,0.25,0.24283500000000002,0.27269725,0.24942237499999997
0.0,0.3125,0.3125,0.23143375000000002,0.2780325,0.31446124999999997
0.0,0.3125,0.375,0.22003250000000002,0.28336775000000003,0.37950012499999997
0.0,0.3125,0.4375,0.20863125000000005,0.288703,0.44453899999999996
0.0,0.3125,0.5,0.19723000000000002,0.29403825,0.509577875
0.0,0.3125,0.5625,0.18582875000000004,0.2993735,0.5746167499999999
0.0,0.3125,0.625,0.1744275,0.30470875,0.639655625
0.0,0.3125,0.6875,0.16302625000000004,0.310044,0.7046945
0.0,0.3125,0.75,0.15162500000000004,0.31537925,0.7697333749999999
0.0,0.3125,0.8125,0.14022375000000004,0.3207145,0.8347722499999999
0.0,0.3125,0.875,0.12882250000000003,0.32604975,0.8998111249999999
0.0,0.3125,0.9375,0.11742125000000003,0.331385,0.96485
0.0,0.3125,1.0,0.10602000000000003,0.33672025,1.029888875
0.0,0.375,0.0,0.346128,0.30162750000000005,-0.01287975
0.0,0.375,0.0625,0.33472675,0.30696275000000006,0.052159124999999994
0.0,0.375,0.125,0.3233255,0.3122980000000001,0.117198
0.0,0.375,0.1875,0.31192425,0.31763325000000003,0.182236875
0.0,0.375,0.25,0.300523,0.32296850000000005,0.24727575
0.0,0.375,0.3125,0.28912175,0.32830375000000006,0.31231462499999996
0.0,0.375,0.375,0.2777205,0.333639,0.37735349999999995
0.0,0.375,0.4375,0.26631925,0.33897425000000003,0.44239237499999995
0.0,0.375,0.5,0.254918,0.34430950000000005,0.50743125
0.0,0.375,0.5625,0.24351675,0.34964475000000006,0.5724701249999999
0.0,0.375,0.625,0.23211549999999997,0.3549800000000001,0.637509
0.0,0.375,0.6875,0.22071425,0.36031525000000003,0.702547875
0.0,0.375,0.75,0.209313,0.36565050000000004,0.76758675
0.0,0.375,0.8125,0.19791175,0.37098575000000006,0.8326256249999999
0.0,0.375,0.875,0.1865105,0.376321,0.8976645
0.0,0.375,0.9375,0.17510925,0.38165625000000003,0.962703375
0.0,0.375,1.0,0.163708,0.38699150000000004,1.02774225
0.0,0.4375,0.0,0.403816,0.35189875000000004,-0.015026375000000002
0.0,0.4375,0.0625,0.39241475000000003,0.35723400000000005,0.050012499999999994
0.0,0.4375,0.125,0.3810135,0.36256925000000007,0.11505137499999998
0.0,0.4375,0.1875,0.36961225000000003,0.3679045,0.18009024999999998
0.0,0.4375,0.25,0.358211,0.37323975000000004,0.24512912499999998
0.0,0.4375,0.3125,0.34680975,0.37857500000000005,0.310168
0.0,0.4375,0.375,0.3354085,0.38391025,0.375206875
0.0,0.4375,0.4375,0.32400725,0.3892455,0.44024575
0.0,0.4375,0.5,0.312606,0.39458075000000004,0.5052846249999999
0.0,0.4375,0.5625,0.30120475,0.39991600000000005,0.5703234999999999
0.0,0.4375,0.625,0.2898035,0.40525125000000006,0.6353623749999999
0.0,0.4375,0.6875,0.27840225,0.4105865,0.70040125
0.0,0.4375,0.75,0.26700100000000004,0.41592175000000003,0.7654401249999999
0.0,0.4375,0.8125,0.25559975,0.42125700000000005,0.8304789999999999
0.0,0.4375,0.875,0.2441985,0.42659225,0.8955178749999999
0.0,0.4375,0.9375,0.23279725,0.4319275,0.96055675
0.0,0.4375,1.0,0.221396,0.43726275000000003,1.025595625
0.0,0.5,0.0,0.461504,0.40217,-0.017173
0.0,0.5,0.0625,0.45010275000000005,0.40750525000000004,0.047865874999999995
0.0,0.5,0.125,0.4387015,0.41284050000000005,0.11290475
0.0,0.5,0.1875,0.42730025000000005,0.41817575,0.177943625
0.0,0.5,0.25,0.415899,0.423511,0.2429825
0.0,0.5,0.3125,0.40449775000000004,0.42884625000000004,0.308021375
0.0,0.5,0.375,0.3930965,0.4341815,0.37306025
0.0,0.5,0.4375,0.38169525000000004,0.43951675,0.438099125
0.0,0.5,0.5,0.370294,0.444852,0.503138
0.0,0.5,0.5625,0.35889275000000004,0.45018725000000004,0.5681768749999999
0.0,0.5,0.625,0.3474915,0.45552250000000005,0.63321575
0.0,0.5,0.6875,0.33609025000000003,0.46085775,0.698254625
0.0,0.5,0.75,0.324689,0.466193,0.7632935
0.0,0.5,0.8125,0.31328775000000003,0.47152825000000004,0.8283323749999999
0.0,0.5,0.875,0.30188650000000006,0.4768635,0.89337125
0.0,0.5,0.9375,0.29048525000000003,0.48219875,0.958410125
0.0,0.5,1.0,0.279084,0.487534,1.0234489999999998
0.0,0.5625,0.0,0.519192,0.45244125,-0.019319625
0.0,0.5625,0.0625,0.50779075,0.45777650000000003,0.045719249999999996
0.0,0.5625,0.125,0.4963895,0.46311175000000004,0.11075812499999999
0.0,0.5625,0.1875,0.48498825,0.468447,0.17579699999999998
0.0,0.5625,0.25,0.473587,0.47378225,0.24083587499999998
0.0,0.5625,0.3125,0.46218575,0.47911750000000003,0.30587475
0.0,0.5625,0.375,0.4507845,0.48445275,0.37091362499999997
0.0,0.5625,0.4375,0.43938325,0.489788,0.43595249999999997
0.0,0.5625,0.5,0.427982,0.49512325,0.500991375
0.0,0.5625,0.5625,0.41658075,0.5004585,0.56603025
0.0,0.5625,0.625,0.40517949999999997,0.50579375,0.631069125
0.0,0.5625,0.6875,0.39377825,0.5111290000000001,0.6961080000000001
0.0,0.5625,0.75,0.38237699999999997,0.5164642500000001,0.761146875
0.0,0.5625,0.8125,0.37097575,0.5217995,0.8261857499999999
0.0,0.5625,0.875,0.3595745,0.52713475,0.891224625
0.0,0.5625,0.9375,0.34817325,0.53247,0.9562635
0.0,0.5625,1.0,0.33677199999999996,0.53780525,1.0213023749999999
0.0,0.625,0.0,0.5768800000000001,0.5027125,-0.02146625
0.0,0.625,0.0625,0.56547875,0.50804775,0.043572625
0.0,0.625,0.125,0.5540775000000001,0.513383,0.1086115
0.0,0.625,0.1875,0.5426762500000001,0.51871825,0.173650375
0.0,0.625,0.25,0.531275,0.5240535,0.23868925
0.0,0.625,0.3125,0.51987375,0.52938875,0.30372812499999996
0.0,0.625,0.375,0.5084725000000001,0.534724,0.36876699999999996
0.0,0.625,0.4375,0.4970712500000001,0.54005925,0.43380587499999995
0.0,0.625,0.5,0.48567000000000005,0.5453945,0.49884474999999995
0.0,0.625,0.5625,0.47426875000000007,0.55072975,0.5638836249999999
0.0,0.625,0.625,0.46286750000000004,0.556065,0.6289224999999999
0.0,0.625,0.6875,0.45146625000000007,0.56140025,0.693961375
0.0,0.625,0.75,0.44006500000000004,0.5667355000000001,0.7590002499999999
0.0,0.625,0.8125,0.42866375000000007,0.57207075,0.8240391249999999
0.0,0.625,0.875,0.4172625000000001,0.577406,0.8890779999999999
0.0,0.625,0.9375,0.40586125000000006,0.58274125,0.954116875
0.0,0.625,1.0,0.39446000000000003,0.5880765,1.01915575
0.0,0.6875,0.0,0.634568,0.55298375,-0.023612875000000002
0.0,0.6875,0.0625,0.62316675,0.558319,0.04142599999999999
0.0,0.6875,0.125,0.6117655000000001,0.56365425,0.10646487499999999
0.0,0.6875,0.1875,0.60036425,0.5689895,0.17150374999999998
0.0,0.6875,0.25,0.588963,0.5743247499999999,0.23654262499999998
0.0,0.6875,0.3125,0.57756175,0.57966,0.3015815
0.0,0.6875,0.375,0.5661605000000001,0.58499525,0.366620375
0.0,0.6875,0.4375,0.55475925,0.5903305,0.43165925
0.0,0.6875,0.5,0.543358,0.59566575,0.496698125
0.0,0.6875,0.5625,0.53195675,0.601001,0.5617369999999999
0.0,0.6875,0.625,0.5205555000000001,0.60633625,0.626775875
0.0,0.6875,0.6875,0.50915425,0.6116715,0.69181475
0.0,0.6875,0.75,0.497753,0.61700675,0.756853625
0.0,0.6875,0.8125,0.48635175,0.622342,0.8218924999999999
0.0,0.6875,0.875,0.47495050000000005,0.62767725,0.886931375
0.0,0.6875,0.9375,0.46354925,0.6330125,0.95197025
0.0,0.6875,1.0,0.452148,0.63834775,1.017009125
0.0,0.75,0.0,0.692256,0.6032550000000001,-0.0257595
0.0,0.75,0.0625,0.68085475,0.6085902500000001,0.03927937499999999
0.0,0.75,0.125,0.6694535,0.6139255000000001,0.10431824999999999
0.0,0.75,0.1875,0.65805225,0.6192607500000001,0.169357125
0.0,0.75,0.25,0.646651,0.6245960000000002,0.234396
0.0,0.75,0.3125,0.63524975,0.62993125,0.299434875
0.0,0.75,0.375,0.6238485,0.6352665000000001,0.36447375
0.0,0.75,0.4375,0.61244725,0.6406017500000001,0.429512625
0.0,0.75,0.5,0.601046,0.6459370000000001,0.4945515
0.0,0.75,0.5625,0.5896447499999999,0.6512722500000001,0.5595903749999999
0.0,0.75,0.625,0.5782435,0.6566075000000001,0.6246292499999999
0.0,0.75,0.6875,0.56684225,0.6619427500000001,0.689668125
0.0,0.75,0.75,0.555441,0.667278,0.7547069999999999
0.0,0.75,0.8125,0.54403975,0.67261325,0.8197458749999998
0.0,0.75,0.875,0.5326385,0.6779485000000001,0.8847847499999999
0.0,0.75,0.9375,0.52123725,0.6832837500000001,0.949823625
0.0,0.75,1.0,0.509836,0.6886190000000001,1.0148625
0.0,0.8125,0.0,0.749944,0.6535262500000001,-0.027906125
0.0,0.8125,0.0625,0.73854275,0.6588615000000001,0.03713274999999999
0.0,0.8125,0.125,0.7271415000000001,0.6641967500000001,0.10217162499999999
0.0,0.8125,0.1875,0.7157402500000001,0.6695320000000001,0.16721049999999998
0.0,0.8125,0.25,0.704339,0.6748672500000001,0.23224937499999998
0.0,0.8125,0.3125,0.69293775,0.6802025,0.29728825
0.0,0.8125,0.375,0.6815365000000001,0.6855377500000001,0.36232712499999997
0.0,0.8125,0.4375,0.6701352500000001,0.6908730000000001,0.42736599999999997
0.0,0.8125,0.5,0.658734,0.6962082500000001,0.49240487499999996
0.0,0.8125,0.5625,0.64733275,0.7015435000000001,0.5574437499999999
0.0,0.8125,0.625,0.6359315000000001,0.7068787500000001,0.622482625
0.0,0.8125,0.6875,0.6245302500000001,0.7122140000000001,0.6875215
0.0,0.8125,0.75,0.613129,0.71754925,0.752560375
0.0,0.8125,0.8125,0.60172775,0.7228845,0.8175992499999999
0.0,0.8125,0.875,0.5903265000000001,0.72821975,0.8826381249999999
0.0,0.8125,0.9375,0.5789252500000001,0.7335550000000001,0.947677
0.0,0.8125,1.0,0.567524,0.7388902500000001,1.012715875
0.0,0.875,0.0,0.807632,0.7037975000000001,-0.030052750000000003
0.0,0.875,0.0625,0.79623075,0.7091327500000001,0.03498612499999999
0.0,0.875,0.125,0.7848295000000001,0.7144680000000001,0.10002499999999999
0.0,0.875,0.1875,0.77342825,0.7198032500000001,0.16506387499999997
0.0,0.875,0.25,0.762027,0.7251385000000001,0.23010274999999997
0.0,0.875,0.3125,0.75062575,0.73047375,0.29514162499999996
0.0,0.875,0.375,0.7392245000000001,0.735809,0.36018049999999996
0.0,0.875,0.4375,0.72782325,0.7411442500000001,0.42521937499999996
0.0,0.875,0.5,0.716422,0.7464795000000001,0.49025824999999995
0.0,0.875,0.5625,0.70502075,0.7518147500000001,0.555297125
0.0,0.875,0.625,0.6936195,0.7571500000000001,0.620336
0.0,0.875,0.6875,0.68221825,0.7624852500000001,0.685374875
0.0,0.875,0.75,0.670817,0.7678205,0.75041375
0.0,0.875,0.8125,0.65941575,0.77315575,0.8154526249999999
0.0,0.875,0.875,0.6480145,0.778491,0.8804915
0.0,0.875,0.9375,0.63661325,0.7838262500000001,0.945530375
0.0,0.875,1.0,0.625212,0.7891615000000001,1.0105692499999999
0.0,0.9375,0.0,0.8653200000000001,0.7540687500000001,-0.032199375
0.0,0.9375,0.0625,0.8539187500000001,0.7594040000000001,0.032839499999999994
0.0,0.9375,0.125,0.8425175000000001,0.7647392500000001,0.09787837499999999
0.0,0.9375,0.1875,0.8311162500000001,0.7700745000000001,0.16291724999999999
0.0,0.9375,0.25,0.8197150000000001,0.7754097500000001,0.22795612499999998
0.0,0.9375,0.3125,0.80831375,0.780745,0.292995
0.0,0.9375,0.375,0.7969125000000001,0.78608025,0.35803387499999995
0.0,0.9375,0.4375,0.7855112500000001,0.7914155,0.42307275
0.0,0.9375,0.5,0.7741100000000001,0.7967507500000001,0.48811162499999994
0.0,0.9375,0.5625,0.76270875,0.8020860000000001,0.5531504999999999
0.0,0.9375,0.625,0.7513075000000001,0.8074212500000001,0.6181893749999999
0.0,0.9375,0.6875,0.7399062500000001,0.8127565000000001,0.68322825
0.0,0.9375,0.75,0.7285050000000001,0.81809175,0.7482671249999999
0.0,0.9375,0.8125,0.7171037500000002,0.823427,0.8133059999999999
0.0,0.9375,0.875,0.7057025000000001,0.82876225,0.8783448749999999
0.0,0.9375,0.9375,0.6943012500000001,0.8340975,0.94338375
0.0,0.9375,1.0,0.6829000000000001,0.8394327500000001,1.008422625
0.0,1.0,0.0,0.923008,0.80434,-0.034346
0.0,1.0,0.0625,0.91160675,0.8096752500000001,0.030692874999999994
0.0,1.0,0.125,0.9002055000000001,0.8150105000000001,0.09573174999999999
0.0,1.0,0.1875,0.8888042500000001,0.8203457500000001,0.160770625
0.0,1.0,0.25,0.877403,0.8256810000000001,0.2258095
0.0,1.0,0.3125,0.86600175,0.83101625,0.290848375
0.0,1.0,0.375,0.8546005000000001,0.8363515,0.35588725
0.0,1.0,0.4375,0.8431992500000001,0.84168675,0.420926125
0.0,1.0,0.5,0.831798,0.847022,0.485965
0.0,1.0,0.5625,0.82039675,0.8523572500000001,0.5510038749999999
0.0,1.0,0.625,0.8089955000000001,0.8576925000000001,0.61604275
0.0,1.0,0.6875,0.7975942500000001,0.8630277500000001,0.681081625
0.0,1.0,0.75,0.786193,0.868363,0.7461205
0.0,1.0,0.8125,0.7747917500000001,0.87369825,0.8111593749999999
0.0,1.0,0.875,0.7633905000000001,0.8790335,0.87619825
0.0,1.0,0.9375,0.75198925,0.88436875,0.941237125
0.0,1.0,1.0,0.740588,0.889704,1.006276
0.0625,0.0,0.0,0.0162131875,0.0068935,-0.00039225
0.0625,0.0,0.0625,0.0048119375,0.01222875,0.064646625
0.0625,0.0,0.125,-0.0065893125,0.017564,0.12968549999999998
0.0625,0.0,0.1875,-0.017990562499999998,0.02289925,0.19472437499999998
0.0625,0.0,0.25,-0.0293918125,0.0282345,0.25976325
0.0625,0.0,0.3125,-0.040793062500000005,0.033569749999999995,0.324802125
0.0625,0.0,0.375,-0.05219431249999999,0.038904999999999995,0.389841
0.0625,0.0,0.4375,-0.0635955625,0.044240249999999995,0.454879875
0.0625,0.0,0.5,-0.0749968125,0.049575499999999995,0.51991875
0.0625,0.0,0.5625,-0.0863980625,0.054910749999999994,0.5849576249999999
0.0625,0.0,0.625,-0.0977993125,0.060245999999999994,0.6499965
0.0625,0.0,0.6875,-0.10920056249999999,0.06558125,0.715035375
0.0625,0.0,0.75,-0.12060181249999999,0.0709165,0.78007425
0.0625,0.0,0.8125,-0.1320030625,0.07625175,0.8451131249999999
0.0625,0.0,0.875,-0.1434043125,0.08158699999999999,0.910152
0.0625,0.0,0.9375,-0.1548055625,0.08692224999999999,0.975190875
0.0625,0.0,1.0,-0.1662068125,0.09225749999999999,1.04022975
0.0625,0.0625,0.0,0.0739011875,0.05716475,-0.0025388750000000003
0.0625,0.0625,0.0625,0.062499937500000005,0.0625,0.06249999999999999
0.0625,0.0625,0.125,0.051098687500000003,0.06783525,0.127538875
0.0625,0.0625,0.1875,0.03969743750000001,0.0731705,0.19257775
0.0625,0.0625,0.25,0.028296187500000007,0.07850575,0.257616625
0.0625,0.0625,0.3125,0.016894937500000005,0.083841,0.3226555
0.0625,0.0625,0.375,0.005493687500000011,0.08917625,0.387694375
0.0625,0.0625,0.4375,-0.005907562499999991,0.0945115,0.45273325
0.0625,0.0625,0.5,-0.017308812499999993,0.09984675,0.5177721249999999
0.0625,0.0625,0.5625,-0.028710062499999994,0.105182,0.5828109999999999
0.0625,0.0625,0.625,-0.040111312499999996,0.11051725,0.6478498749999999
0.0625,0.0625,0.6875,-0.051512562499999984,0.1158525,0.71288875
0.0625,0.0625,0.75,-0.06291381249999999,0.12118775,0.7779276249999999
0.0625,0.0625,0.8125,-0.07431506249999999,0.126523,0.8429664999999998
0.0625,0.0625,0.875,-0.08571631249999999,0.13185825,0.9080053749999999
0.0625,0.0625,0.9375,-0.09711756249999999,0.1371935,0.9730442499999999
0.0625,0.0625,1.0,-0.10851881249999999,0.14252874999999998,1.038083125
0.0625,0.125,0.0,0.1315891875,0.107436,-0.0046855
0.0625,0.125,0.0625,0.12018793750000001,0.11277125,0.060353374999999994
0.0625,0.125,0.125,0.1087866875,0.1181065,0.12539224999999998
0.0625,0.125,0.1875,0.0973854375,0.12344175,0.19043112499999998
0.0625,0.125,0.25,0.0859841875,0.128777,0.25547
0.0625,0.125,0.3125,0.0745829375,0.13411225,0.32050887499999997
0.0625,0.125,0.375,0.06318168750000001,0.1394475,0.38554774999999997
0.0625,0.125,0.4375,0.05178043750000001,0.14478275000000002,0.45058662499999996
0.0625,0.125,0.5,0.04037918750000001,0.150118,0.5156255
0.0625,0.125,0.5625,0.02897793750000001,0.15545325,0.5806643749999999
0.0625,0.125,0.625,0.017576687500000007,0.1607885,0.64570325
0.0625,0.125,0.6875,0.0061754375000000195,0.16612375000000001,0.710742125
0.0625,0.125,0.75,-0.005225812499999982,0.171459,0.7757809999999999
0.0625,0.125,0.8125,-0.016627062499999984,0.17679425,0.8408198749999999
0.0625,0.125,0.875,-0.028028312499999986,0.1821295,0.9058587499999999
0.0625,0.125,0.9375,-0.03942956249999999,0.18746475,0.970897625
0.0625,0.125,1.0,-0.05083081249999999,0.1928,1.0359365
0.0625,0.1875,0.0,0.1892771875,0.15770725000000002,-0.0068321250000000005
0.0625,0.1875,0.0625,0.1778759375,0.16304250000000003,0.058206749999999995
0.0625,0.1875,0.125,0.1664746875,0.16837775000000002,0.123245625
0.0625,0.1875,0.1875,0.1550734375,0.173713,0.1882845
0.0625,0.1875,0.25,0.1436721875,0.17904825000000002,0.25332337499999996
0.0625,0.1875,0.3125,0.1322709375,0.18438350000000003,0.31836224999999996
0.0625,0.1875,0.375,0.1208696875,0.18971875000000002,0.38340112499999995
0.0625,0.1875,0.4375,0.1094684375,0.195054,0.44843999999999995
0.0625,0.1875,0.5,0.0980671875,0.20038925000000002,0.513478875
0.0625,0.1875,0.5625,0.0866659375,0.20572450000000003,0.5785177499999999
0.0625,0.1875,0.625,0.0752646875,0.21105975000000002,0.643556625
0.0625,0.1875,0.6875,0.06386343750000001,0.216395,0.7085955
0.0625,0.1875,0.75,0.05246218750000001,0.22173025000000002,0.773634375
0.0625,0.1875,0.8125,0.041060937500000005,0.22706550000000003,0.8386732499999999
0.0625,0.1875,0.875,0.029659687500000004,0.23240075000000002,0.903712125
0.0625,0.1875,0.9375,0.018258437500000002,0.237736,0.968751
0.0625,0.1875,1.0,0.0068571875000000004,0.24307125000000002,1.0337898749999999
0.0625,0.25,0.0,0.24696518750000002,0.2079785,-0.00897875
0.0625,0.25,0.0625,0.23556393750000001,0.21331375000000002,0.056060124999999995
0.0625,0.25,0.125,0.2241626875,0.218649,0.12109899999999998
0.0625,0.25,0.1875,0.2127614375,0.22398425,0.18613787499999998
0.0625,0.25,0.25,0.2013601875,0.2293195,0.25117675
0.0625,0.25,0.3125,0.1899589375,0.23465475000000002,0.316215625
0.0625,0.25,0.375,0.1785576875,0.23999,0.3812545
0.0625,0.25,0.4375,0.16715643750000003,0.24532525,0.446293375
0.0625,0.25,0.5,0.1557551875,0.2506605,0.5113322499999999
0.0625,0.25,0.5625,0.14435393750000003,0.25599575,0.5763711249999999
0.0625,0.25,0.625,0.1329526875,0.261331,0.6414099999999999
0.0625,0.25,0.6875,0.12155143750000003,0.26666625,0.706448875
0.0625,0.25,0.75,0.11015018750000002,0.2720015,0.7714877499999999
0.0625,0.25,0.8125,0.09874893750000002,0.27733675,0.8365266249999999
0.0625,0.25,0.875,0.08734768750000002,0.28267200000000003,0.9015654999999999
0.0625,0.25,0.9375,0.07594643750000002,0.28800725,0.966604375
0.0625,0.25,1.0,0.06454518750000002,0.2933425,1.03164325
0.0625,0.3125,0.0,0.30465318750000003,0.25824975,-0.011125375
0.0625,0.3125,0.0625,0.29325193750000006,0.263585,0.053913499999999996
0.0625,0.3125,0.125,0.28185068750000003,0.26892024999999997,0.118952375
0.0625,0.3125,0.1875,0.27044943750000006,0.2742555,0.18399125
0.0625,0.3125,0.25,0.2590481875,0.27959075,0.249030125
0.0625,0.3125,0.3125,0.24764693750000003,0.284926,0.314069
0.0625,0.3125,0.375,0.23624568750000002,0.29026125,0.379107875
0.0625,0.3125,0.4375,0.22484443750000005,0.2955965,0.44414675
0.0625,0.3125,0.5,0.21344318750000002,0.30093175,0.509185625
0.0625,0.3125,0.5625,0.20204193750000005,0.306267,0.5742244999999999
0.0625,0.3125,0.625,0.19064068750000002,0.31160224999999997,0.639263375
0.0625,0.3125,0.6875,0.17923943750000004,0.3169375,0.70430225
0.0625,0.3125,0.75,0.16783818750000004,0.32227275,0.769341125
0.0625,0.3125,0.8125,0.15643693750000004,0.327608,0.8343799999999999
0.0625,0.3125,0.875,0.14503568750000004,0.33294325,0.899418875
0.0625,0.3125,0.9375,0.13363443750000004,0.3382785,0.96445775
0.0625,0.3125,1.0,0.12223318750000003,0.34361375,1.029496625
0.0625,0.375,0.0,0.3623411875,0.30852100000000005,-0.013272
0.0625,0.375,0.0625,0.3509399375,0.31385625000000006,0.051766875
0.0625,0.375,0.125,0.3395386875,0.3191915000000001,0.11680574999999999
0.0625,0.375,0.1875,0.3281374375,0.32452675000000003,0.18184462499999998
0.0625,0.375,0.25,0.3167361875,0.32986200000000004,0.24688349999999998
0.0625,0.375,0.3125,0.3053349375,0.33519725000000006,0.311922375
0.0625,0.375,0.375,0.2939336875,0.3405325,0.37696124999999997
0.0625,0.375,0.4375,0.2825324375,0.34586775000000003,0.44200012499999997
0.0625,0.375,0.5,0.2711311875,0.35120300000000004,0.507039
0.0625,0.375,0.5625,0.2597299375,0.35653825000000006,0.572077875
0.0625,0.375,0.625,0.24832868749999998,0.36187350000000007,0.63711675
0.0625,0.375,0.6875,0.2369274375,0.36720875000000003,0.7021556250000001
0.0625,0.375,0.75,0.2255261875,0.37254400000000004,0.7671945
0.0625,0.375,0.8125,0.2141249375,0.37787925000000006,0.8322333749999999
0.0625,0.375,0.875,0.2027236875,0.3832145,0.89727225
0.0625,0.375,0.9375,0.1913224375,0.38854975,0.962311125
0.0625,0.375,1.0,0.1799211875,0.39388500000000004,1.02735
0.0625,0.4375,0.0,0.4200291875,0.35879225000000003,-0.015418625000000002
0.0625,0.4375,0.0625,0.40862793750000004,0.36412750000000005,0.04962024999999999
0.0625,0.4375,0.125,0.3972266875,0.36946275000000006,0.11465912499999999
0.0625,0.4375,0.1875,0.38582543750000003,0.374798,0.179698
0.0625,0.4375,0.25,0.3744241875,0.38013325000000003,0.244736875
0.0625,0.4375,0.3125,0.36302293750000003,0.38546850000000005,0.30977574999999996
0.0625,0.4375,0.375,0.3516216875,0.39080375,0.37481462499999996
0.0625,0.4375,0.4375,0.34022043750000003,0.396139,0.43985349999999995
0.0625,0.4375,0.5,0.3288191875,0.40147425000000003,0.504892375
0.0625,0.4375,0.5625,0.3174179375,0.40680950000000005,0.5699312499999999
0.0625,0.4375,0.625,0.3060166875,0.41214475000000006,0.6349701249999999
0.0625,0.4375,0.6875,0.2946154375,0.41748,0.700009
0.0625,0.4375,0.75,0.28321418750000005,0.42281525000000003,0.7650478749999999
0.0625,0.4375,0.8125,0.2718129375,0.42815050000000004,0.8300867499999999
0.0625,0.4375,0.875,0.2604116875,0.43348575,0.8951256249999999
0.0625,0.4375,0.9375,0.24901043750000001,0.438821,0.9601645
0.0625,0.4375,1.0,0.2376091875,0.44415625000000003,1.025203375
0.0625,0.5,0.0,0.47771718750000003,0.4090635,-0.01756525
0.0625,0.5,0.0625,0.46631593750000006,0.41439875000000004,0.04747362499999999
0.0625,0.5,0.125,0.4549146875,0.41973400000000005,0.11251249999999999
0.0625,0.5,0.1875,0.44351343750000005,0.42506925,0.17755137499999998
0.0625,0.5,0.25,0.4321121875,0.4304045,0.24259024999999998
0.0625,0.5,0.3125,0.42071093750000005,0.43573975000000004,0.307629125
0.0625,0.5,0.375,0.4093096875,0.441075,0.372668
0.0625,0.5,0.4375,0.39790843750000005,0.44641025,0.437706875
0.0625,0.5,0.5,0.3865071875,0.4517455,0.50274575
0.0625,0.5,0.5625,0.37510593750000004,0.45708075000000004,0.5677846249999999
0.0625,0.5,0.625,0.3637046875,0.46241600000000005,0.6328235
0.0625,0.5,0.6875,0.35230343750000004,0.46775125,0.697862375
0.0625,0.5,0.75,0.3409021875,0.4730865,0.76290125
0.0625,0.5,0.8125,0.32950093750000004,0.47842175000000003,0.8279401249999999
0.0625,0.5,0.875,0.31809968750000006,0.483757,0.892979
0.0625,0.5,0.9375,0.30669843750000003,0.48909225,0.958017875
0.0625,0.5,1.0,0.2952971875,0.4944275,1.0230567499999998
0.0625,0.5625,0.0,0.5354051875,0.45933475,-0.019711875
0.0625,0.5625,0.0625,0.5240039375,0.46467,0.04532699999999999
0.0625,0.5625,0.125,0.5126026875,0.47000525000000004,0.11036587499999999
0.0625,0.5625,0.1875,0.5012014375,0.4753405,0.17540475
0.0625,0.5625,0.25,0.4898001875,0.48067575,0.240443625
0.0625,0.5625,0.3125,0.4783989375,0.486011,0.3054825
0.0625,0.5625,0.375,0.4669976875,0.49134625,0.370521375
0.0625,0.5625,0.4375,0.4555964375,0.4966815,0.43556025
0.0625,0.5625,0.5,0.4441951875,0.50201675,0.5005991249999999
0.0625,0.5625,0.5625,0.4327939375,0.507352,0.5656379999999999
0.0625,0.5625,0.625,0.4213926875,0.51268725,0.6306768749999999
0.0625,0.5625,0.6875,0.4099914375,0.5180225,0.69571575
0.0625,0.5625,0.75,0.39859018749999997,0.52335775,0.7607546249999999
0.0625,0.5625,0.8125,0.3871889375,0.528693,0.8257934999999998
0.0625,0.5625,0.875,0.3757876875,0.53402825,0.8908323749999999
0.0625,0.5625,0.9375,0.3643864375,0.5393635,0.95587125
0.0625,0.5625,1.0,0.35298518749999996,0.54469875,1.020910125
0.0625,0.625,0.0,0.5930931875000001,0.509606,-0.0218585
0.0625,0.625,0.0625,0.5816919375,0.51494125,0.04318037499999999
0.0625,0.625,0.125,0.5702906875000001,0.5202765,0.10821924999999999
0.0625,0.625,0.1875,0.5588894375000001,0.52561175,0.17325812499999999
0.0625,0.625,0.25,0.5474881875000001,0.5309470000000001,0.23829699999999998
0.0625,0.625,0.3125,0.5360869375,0.53628225,0.303335875
0.0625,0.625,0.375,0.5246856875000001,0.5416175,0.36837475
0.0625,0.625,0.4375,0.5132844375000001,0.54695275,0.43341362499999997
0.0625,0.625,0.5,0.5018831875,0.552288,0.49845249999999997
0.0625,0.625,0.5625,0.4904819375000001,0.55762325,0.5634913749999999
0.0625,0.625,0.625,0.47908068750000005,0.5629585,0.62853025
0.0625,0.625,0.6875,0.4676794375000001,0.56829375,0.693569125
0.0625,0.625,0.75,0.45627818750000004,0.573629,0.758608
0.0625,0.625,0.8125,0.44487693750000007,0.57896425,0.8236468749999999
0.0625,0.625,0.875,0.4334756875000001,0.5842995,0.8886857499999999
0.0625,0.625,0.9375,0.42207443750000007,0.58963475,0.953724625
0.0625,0.625,1.0,0.41067318750000004,0.59497,1.0187635
0.0625,0.6875,0.0,0.6507811875,0.55987725,-0.024005125000000002
0.0625,0.6875,0.0625,0.6393799375,0.5652125,0.041033749999999994
0.0625,0.6875,0.125,0.6279786875000001,0.57054775,0.10607262499999999
0.0625,0.6875,0.1875,0.6165774375,0.575883,0.17111149999999997
0.0625,0.6875,0.25,0.6051761875,0.58121825,0.23615037499999997
0.0625,0.6875,0.3125,0.5937749375,0.5865535,0.30118924999999996
0.0625,0.6875,0.375,0.5823736875000001,0.59188875,0.36622812499999996
0.0625,0.6875,0.4375,0.5709724375,0.597224,0.43126699999999996
0.0625,0.6875,0.5,0.5595711875,0.60255925,0.49630587499999995
0.0625,0.6875,0.5625,0.5481699375,0.6078945,0.56134475
0.0625,0.6875,0.625,0.5367686875000001,0.61322975,0.626383625
0.0625,0.6875,0.6875,0.5253674375,0.618565,0.6914225
0.0625,0.6875,0.75,0.5139661875,0.6239002499999999,0.756461375
0.0625,0.6875,0.8125,0.5025649375000001,0.6292355,0.8215002499999999
0.0625,0.6875,0.875,0.49116368750000006,0.63457075,0.886539125
0.0625,0.6875,0.9375,0.4797624375,0.639906,0.951578
0.0625,0.6875,1.0,0.4683611875,0.64524125,1.016616875
0.0625,0.75,0.0,0.7084691875,0.6101485000000001,-0.02615175
0.0625,0.75,0.0625,0.6970679375,0.6154837500000001,0.038887124999999995
0.0625,0.75,0.125,0.6856666875,0.6208190000000001,0.10392599999999999
0.0625,0.75,0.1875,0.6742654375,0.6261542500000001,0.168964875
0.0625,0.75,0.25,0.6628641875,0.6314895,0.23400374999999998
0.0625,0.75,0.3125,0.6514629375,0.63682475,0.299042625
0.0625,0.75,0.375,0.6400616875,0.6421600000000001,0.36408149999999995
0.0625,0.75,0.4375,0.6286604375,0.6474952500000001,0.429120375
0.0625,0.75,0.5,0.6172591875,0.6528305000000001,0.49415924999999994
0.0625,0.75,0.5625,0.6058579374999999,0.6581657500000001,0.5591981249999999
0.0625,0.75,0.625,0.5944566875,0.6635010000000001,0.6242369999999999
0.0625,0.75,0.6875,0.5830554375,0.6688362500000001,0.689275875
0.0625,0.75,0.75,0.5716541875,0.6741715000000001,0.7543147499999999
0.0625,0.75,0.8125,0.5602529375,0.67950675,0.8193536249999999
0.0625,0.75,0.875,0.5488516875,0.6848420000000001,0.8843924999999999
0.0625,0.75,0.9375,0.5374504375,0.6901772500000001,0.949431375
0.0625,0.75,1.0,0.5260491875,0.6955125000000001,1.01447025
0.0625,0.8125,0.0,0.7661571875000001,0.6604197500000001,-0.028298375
0.0625,0.8125,0.0625,0.7547559375,0.6657550000000001,0.036740499999999995
0.0625,0.8125,0.125,0.7433546875000001,0.6710902500000001,0.10177937499999999
0.0625,0.8125,0.1875,0.7319534375000001,0.6764255000000001,0.16681825
0.0625,0.8125,0.25,0.7205521875,0.68176075,0.231857125
0.0625,0.8125,0.3125,0.7091509375,0.687096,0.296896
0.0625,0.8125,0.375,0.6977496875000001,0.69243125,0.361934875
0.0625,0.8125,0.4375,0.6863484375000001,0.6977665000000001,0.42697375
0.0625,0.8125,0.5,0.6749471875,0.7031017500000001,0.492012625
0.0625,0.8125,0.5625,0.6635459375,0.7084370000000001,0.5570514999999999
0.0625,0.8125,0.625,0.6521446875000001,0.7137722500000001,0.622090375
0.0625,0.8125,0.6875,0.6407434375000001,0.7191075000000001,0.68712925
0.0625,0.8125,0.75,0.6293421875,0.7244427500000001,0.752168125
0.0625,0.8125,0.8125,0.6179409375,0.729778,0.8172069999999999
0.0625,0.8125,0.875,0.6065396875000001,0.73511325,0.882245875
0.0625,0.8125,0.9375,0.5951384375000001,0.7404485000000001,0.94728475
0.0625,0.8125,1.0,0.5837371875,0.7457837500000001,1.0123236249999998
0.0625,0.875,0.0,0.8238451875,0.7106910000000001,-0.030445000000000003
0.0625,0.875,0.0625,0.8124439375,0.7160262500000001,0.034593874999999996
0.0625,0.875,0.125,0.8010426875000001,0.7213615000000001,0.09963274999999999
0.0625,0.875,0.1875,0.7896414375,0.7266967500000001,0.164671625
0.0625,0.875,0.25,0.7782401875,0.732032,0.22971049999999998
0.0625,0.875,0.3125,0.7668389375,0.73736725,0.294749375
0.0625,0.875,0.375,0.7554376875000001,0.7427025,0.35978825
0.0625,0.875,0.4375,0.7440364375,0.7480377500000001,0.42482712499999997
0.0625,0.875,0.5,0.7326351875,0.7533730000000001,0.48986599999999997
0.0625,0.875,0.5625,0.7212339375,0.7587082500000001,0.5549048749999999
0.0625,0.875,0.625,0.7098326875000001,0.7640435000000001,0.6199437499999999
0.0625,0.875,0.6875,0.6984314375,0.7693787500000001,0.684982625
0.0625,0.875,0.75,0.6870301875,0.7747140000000001,0.7500214999999999
0.0625,0.875,0.8125,0.6756289375,0.78004925,0.8150603749999998
0.0625,0.875,0.875,0.6642276875,0.7853845,0.8800992499999999
0.0625,0.875,0.9375,0.6528264375,0.79071975,0.9451381249999999
0.0625,0.875,1.0,0.6414251875,0.7960550000000001,1.0101769999999999
0.0625,0.9375,0.0,0.8815331875000001,0.7609622500000001,-0.032591625
0.0625,0.9375,0.0625,0.8701319375000001,0.7662975000000001,0.03244725
0.0625,0.9375,0.125,0.8587306875000001,0.7716327500000001,0.09748612499999999
0.0625,0.9375,0.1875,0.8473294375000001,0.7769680000000001,0.16252499999999998
0.0625,0.9375,0.25,0.8359281875000001,0.78230325,0.22756387499999997
0.0625,0.9375,0.3125,0.8245269375000001,0.7876385,0.29260274999999997
0.0625,0.9375,0.375,0.8131256875000001,0.79297375,0.35764162499999996
0.0625,0.9375,0.4375,0.8017244375000001,0.798309,0.42268049999999996
0.0625,0.9375,0.5,0.7903231875000001,0.8036442500000001,0.48771937499999996
0.0625,0.9375,0.5625,0.7789219375,0.8089795000000001,0.5527582499999999
0.0625,0.9375,0.625,0.7675206875000001,0.8143147500000001,0.617797125
0.0625,0.9375,0.6875,0.7561194375000001,0.8196500000000001,0.682836
0.0625,0.9375,0.75,0.7447181875000001,0.8249852500000001,0.7478748749999999
0.0625,0.9375,0.8125,0.7333169375000002,0.8303205,0.8129137499999999
0.0625,0.9375,0.875,0.7219156875000001,0.83565575,0.8779526249999999
0.0625,0.9375,0.9375,0.7105144375000001,0.840991,0.9429915
0.0625,0.9375,1.0,0.6991131875000001,0.8463262500000001,1.008030375
0.0625,1.0,0.0,0.9392211875,0.8112335,-0.03473825
0.0625,1.0,0.0625,0.9278199375,0.8165687500000001,0.030300624999999998
0.0625,1.0,0.125,0.9164186875000001,0.8219040000000001,0.0953395
0.0625,1.0,0.1875,0.9050174375000001,0.8272392500000001,0.160378375
0.0625,1.0,0.25,0.8936161875,0.8325745,0.22541724999999999
0.0625,1.0,0.3125,0.8822149375,0.83790975,0.29045612499999995
0.0625,1.0,0.375,0.8708136875000001,0.843245,0.355495
0.0625,1.0,0.4375,0.8594124375000001,0.84858025,0.42053387499999995
0.0625,1.0,0.5,0.8480111875,0.8539155,0.48557275
0.0625,1.0,0.5625,0.8366099375,0.8592507500000001,0.5506116249999999
0.0625,1.0,0.625,0.8252086875000001,0.8645860000000001,0.6156505
0.0625,1.0,0.6875,0.8138074375000001,0.8699212500000001,0.680689375
0.0625,1.0,0.75,0.8024061875,0.8752565000000001,0.74572825
0.0625,1.0,0.8125,0.7910049375000001,0.88059175,0.8107671249999999
0.0625,1.0,0.875,0.7796036875000001,0.885927,0.875806
0.0625,1.0,0.9375,0.7682024375000001,0.89126225,0.940844875
0.0625,1.0,1.0,0.7568011875,0.8965975,1.00588375
0.125,0.0,0.0,0.032426375,0.013787,-0.0007845
0.125,0.0,0.0625,0.021025125,0.01912225,0.064254375
0.125,0.0,0.125,0.009623875,0.0244575,0.12929325
0.125,0.0,0.1875,-0.0017773749999999977,0.02979275,0.194332125
0.125,0.0,0.25,-0.013178625,0.035128,0.25937099999999996
0.125,0.0,0.3125,-0.024579875,0.04046325,0.32440987499999996
0.125,0.0,0.375,-0.035981124999999996,0.0457985,0.38944874999999995
0.125,0.0,0.4375,-0.047382375,0.05113375,0.45448762499999995
0.125,0.0,0.5,-0.058783625,0.056469,0.5195265
0.125,0.0,0.5625,-0.07018487500000001,0.06180425,0.5845653749999999
0.125,0.0,0.625,-0.08158612500000001,0.06713949999999999,0.64960425
0.125,0.0,0.6875,-0.09298737499999998,0.07247475,0.714643125
0.125,0.0,0.75,-0.10438862499999998,0.07780999999999999,0.779682
0.125,0.0,0.8125,-0.11578987499999999,0.08314525,0.8447208749999999
0.125,0.0,0.875,-0.127191125,0.08848049999999999,0.90975975
0.125,0.0,0.9375,-0.138592375,0.09381575,0.974798625
0.125,0.0,1.0,-0.149993625,0.09915099999999999,1.0398375
0.125,0.0625,0.0,0.090114375,0.06405825000000001,-0.002931125
0.125,0.0625,0.0625,0.078713125,0.06939350000000001,0.062107749999999996
0.125,0.0625,0.125,0.067311875,0.07472875000000001,0.12714662499999999
0.125,0.0625,0.1875,0.055910625,0.08006400000000001,0.19218549999999998
0.125,0.0625,0.25,0.044509375,0.08539925000000001,0.257224375
0.125,0.0625,0.3125,0.033108124999999995,0.09073450000000001,0.32226325
0.125,0.0625,0.375,0.021706875,0.09606975000000001,0.387302125
0.125,0.0625,0.4375,0.010305624999999999,0.10140500000000001,0.452341
0.125,0.0625,0.5,-0.0010956250000000028,0.10674025000000001,0.5173798749999999
0.125,0.0625,0.5625,-0.012496875000000005,0.11207550000000001,0.5824187499999999
0.125,0.0625,0.625,-0.023898125000000006,0.11741075000000001,0.6474576249999999
0.125,0.0625,0.6875,-0.035299374999999994,0.12274600000000001,0.7124965
0.125,0.0625,0.75,-0.046700624999999996,0.12808125,0.7775353749999999
0.125,0.0625,0.8125,-0.058101875,0.1334165,0.8425742499999999
0.125,0.0625,0.875,-0.069503125,0.13875175,0.9076131249999999
0.125,0.0625,0.9375,-0.080904375,0.14408700000000002,0.972652
0.125,0.0625,1.0,-0.092305625,0.14942225,1.037690875
0.125,0.125,0.0,0.147802375,0.1143295,-0.005077750000000001
0.125,0.125,0.0625,0.136401125,0.11966475,0.059961125
0.125,0.125,0.125,0.12499987500000001,0.125,0.12499999999999999
0.125,0.125,0.1875,0.11359862500000001,0.13033525,0.190038875
0.125,0.125,0.25,0.10219737500000001,0.1356705,0.25507775
0.125,0.125,0.3125,0.090796125,0.14100574999999999,0.320116625
0.125,0.125,0.375,0.07939487500000002,0.146341,0.3851555
0.125,0.125,0.4375,0.06799362500000002,0.15167625,0.450194375
0.125,0.125,0.5,0.056592375000000014,0.1570115,0.51523325
0.125,0.125,0.5625,0.04519112500000001,0.16234674999999998,0.5802721249999999
0.125,0.125,0.625,0.03378987500000001,0.167682,0.645311
0.125,0.125,0.6875,0.022388625000000023,0.17301725,0.710349875
0.125,0.125,0.75,0.010987375000000021,0.1783525,0.77538875
0.125,0.125,0.8125,-0.00041387499999998023,0.18368774999999998,0.8404276249999999
0.125,0.125,0.875,-0.011815124999999982,0.189023,0.9054665
0.125,0.125,0.9375,-0.023216374999999984,0.19435825,0.970505375
0.125,0.125,1.0,-0.034617624999999985,0.1996935,1.0355442499999998
0.125,0.1875,0.0,0.205490375,0.16460075000000002,-0.007224375
0.125,0.1875,0.0625,0.194089125,0.16993600000000003,0.0578145
0.125,0.1875,0.125,0.182687875,0.17527125000000002,0.12285337499999999
0.125,0.1875,0.1875,0.171286625,0.1806065,0.18789224999999998
0.125,0.1875,0.25,0.159885375,0.18594175000000002,0.252931125
0.125,0.1875,0.3125,0.148484125,0.19127700000000003,0.31797
0.125,0.1875,0.375,0.137082875,0.19661225000000002,0.38300887499999997
0.125,0.1875,0.4375,0.12568162500000002,0.2019475,0.44804774999999997
0.125,0.1875,0.5,0.114280375,0.20728275000000002,0.513086625
0.125,0.1875,0.5625,0.102879125,0.21261800000000003,0.5781255
0.125,0.1875,0.625,0.091477875,0.21795325000000002,0.643164375
0.125,0.1875,0.6875,0.08007662500000001,0.2232885,0.7082032500000001
0.125,0.1875,0.75,0.06867537500000001,0.22862375000000001,0.773242125
0.125,0.1875,0.8125,0.05727412500000001,0.23395900000000003,0.8382809999999999
0.125,0.1875,0.875,0.04587287500000001,0.23929425000000001,0.903319875
0.125,0.1875,0.9375,0.034471625000000006,0.2446295,0.96835875
0.125,0.1875,1.0,0.023070375000000004,0.24996475,1.0333976249999999
0.125,0.25,0.0,0.263178375,0.214872,-0.009371
0.125,0.25,0.0625,0.25177712500000005,0.22020725000000002,0.05566787499999999
0.125,0.25,0.125,0.24037587500000002,0.2255425,0.12070674999999999
0.125,0.25,0.1875,0.22897462500000001,0.23087775,0.185745625
0.125,0.25,0.25,0.217573375,0.236213,0.25078449999999997
0.125,0.25,0.3125,0.206172125,0.24154825000000002,0.31582337499999996
0.125,0.25,0.375,0.194770875,0.2468835,0.38086224999999996
0.125,0.25,0.4375,0.18336962500000004,0.25221875,0.44590112499999995
0.125,0.25,0.5,0.171968375,0.257554,0.51094
0.125,0.25,0.5625,0.16056712500000003,0.26288925,0.5759788749999999
0.125,0.25,0.625,0.149165875,0.2682245,0.6410177499999999
0.125,0.25,0.6875,0.13776462500000003,0.27355975,0.706056625
0.125,0.25,0.75,0.12636337500000003,0.278895,0.7710954999999999
0.125,0.25,0.8125,0.11496212500000003,0.28423025,0.8361343749999999
0.125,0.25,0.875,0.10356087500000002,0.28956550000000003,0.9011732499999999
0.125,0.25,0.9375,0.09215962500000002,0.29490075,0.966212125
0.125,0.25,1.0,0.08075837500000002,0.300236,1.031251
0.125,0.3125,0.0,0.32086637500000004,0.26514325,-0.011517625
0.125,0.3125,0.0625,0.30946512500000006,0.2704785,0.05352124999999999
0.125,0.3125,0.125,0.29806387500000003,0.27581374999999997,0.11856012499999999
0.125,0.3125,0.1875,0.28666262500000006,0.281149,0.18359899999999998
0.125,0.3125,0.25,0.27526137500000003,0.28648425,0.24863787499999998
0.125,0.3125,0.3125,0.26386012500000006,0.2918195,0.31367675
0.125,0.3125,0.375,0.252458875,0.29715475,0.378715625
0.125,0.3125,0.4375,0.24105762500000005,0.30249,0.4437545
0.125,0.3125,0.5,0.22965637500000002,0.30782525,0.508793375
0.125,0.3125,0.5625,0.21825512500000005,0.3131605,0.5738322499999999
0.125,0.3125,0.625,0.20685387500000002,0.31849574999999997,0.638871125
0.125,0.3125,0.6875,0.19545262500000005,0.323831,0.70391
0.125,0.3125,0.75,0.18405137500000004,0.32916625,0.768948875
0.125,0.3125,0.8125,0.17265012500000004,0.3345015,0.8339877499999999
0.125,0.3125,0.875,0.16124887500000004,0.33983675,0.899026625
0.125,0.3125,0.9375,0.14984762500000004,0.345172,0.9640655
0.125,0.3125,1.0,0.13844637500000004,0.35050725,1.029104375
0.125,0.375,0.0,0.378554375,0.31541450000000004,-0.013664250000000001
0.125,0.375,0.0625,0.367153125,0.32074975000000006,0.05137462499999999
0.125,0.375,0.125,0.355751875,0.32608500000000007,0.11641349999999999
0.125,0.375,0.1875,0.344350625,0.33142025,0.181452375
0.125,0.375,0.25,0.332949375,0.33675550000000004,0.24649125
0.125,0.375,0.3125,0.321548125,0.34209075000000005,0.311530125
0.125,0.375,0.375,0.310146875,0.347426,0.376569
0.125,0.375,0.4375,0.298745625,0.35276125,0.441607875
0.125,0.375,0.5,0.287344375,0.35809650000000004,0.5066467499999999
0.125,0.375,0.5625,0.275943125,0.36343175000000005,0.5716856249999999
0.125,0.375,0.625,0.264541875,0.36876700000000007,0.6367244999999999
0.125,0.375,0.6875,0.253140625,0.37410225,0.701763375
0.125,0.375,0.75,0.241739375,0.37943750000000004,0.7668022499999999
0.125,0.375,0.8125,0.230338125,0.38477275000000005,0.8318411249999998
0.125,0.375,0.875,0.218936875,0.390108,0.8968799999999999
0.125,0.375,0.9375,0.207535625,0.39544325,0.961918875
0.125,0.375,1.0,0.196134375,0.40077850000000004,1.02695775
0.125,0.4375,0.0,0.436242375,0.36568575000000003,-0.015810875000000002
0.125,0.4375,0.0625,0.42484112500000004,0.37102100000000005,0.049227999999999994
0.125,0.4375,0.125,0.413439875,0.37635625000000006,0.11426687499999999
0.125,0.4375,0.1875,0.40203862500000004,0.3816915,0.17930574999999999
0.125,0.4375,0.25,0.390637375,0.38702675000000003,0.24434462499999998
0.125,0.4375,0.3125,0.37923612500000004,0.39236200000000004,0.3093835
0.125,0.4375,0.375,0.367834875,0.39769725,0.374422375
0.125,0.4375,0.4375,0.35643362500000003,0.4030325,0.43946124999999997
0.125,0.4375,0.5,0.345032375,0.40836775000000003,0.504500125
0.125,0.4375,0.5625,0.33363112500000003,0.41370300000000004,0.5695389999999999
0.125,0.4375,0.625,0.322229875,0.41903825000000006,0.634577875
0.125,0.4375,0.6875,0.310828625,0.4243735,0.69961675
0.125,0.4375,0.75,0.29942737500000005,0.42970875000000003,0.764655625
0.125,0.4375,0.8125,0.288026125,0.43504400000000004,0.8296944999999999
0.125,0.4375,0.875,0.276624875,0.44037925,0.8947333749999999
0.125,0.4375,0.9375,0.265223625,0.4457145,0.95977225
0.125,0.4375,1.0,0.25382237500000004,0.45104975,1.0248111249999998
0.125,0.5,0.0,0.49393037500000003,0.415957,-0.0179575
0.125,0.5,0.0625,0.48252912500000006,0.42129225000000003,0.047081374999999995
0.125,0.5,0.125,0.47112787500000003,0.42662750000000005,0.11212024999999999
0.125,0.5,0.1875,0.45972662500000006,0.43196275,0.17715912499999997
0.125,0.5,0.25,0.448325375,0.437298,0.24219799999999997
0.125,0.5,0.3125,0.43692412500000005,0.44263325000000003,0.30723687499999996
0.125,0.5,0.375,0.425522875,0.4479685,0.37227574999999996
0.125,0.5,0.4375,0.41412162500000005,0.45330375,0.43731462499999996
0.125,0.5,0.5,0.402720375,0.458639,0.5023535
0.125,0.5,0.5625,0.39131912500000005,0.46397425000000003,0.567392375
0.125,0.5,0.625,0.379917875,0.46930950000000005,0.63243125
0.125,0.5,0.6875,0.36851662500000004,0.47464475,0.697470125
0.125,0.5,0.75,0.357115375,0.47998,0.762509
0.125,0.5,0.8125,0.34571412500000004,0.48531525000000003,0.8275478749999999
0.125,0.5,0.875,0.33431287500000006,0.4906505,0.89258675
0.125,0.5,0.9375,0.32291162500000004,0.49598575,0.957625625
0.125,0.5,1.0,0.311510375,0.501321,1.0226644999999999
0.125,0.5625,0.0,0.551618375,0.46622825,-0.020104125
0.125,0.5625,0.0625,0.540217125,0.4715635,0.044934749999999996
0.125,0.5625,0.125,0.528815875,0.47689875000000004,0.10997362499999999
0.125,0.5625,0.1875,0.517414625,0.482234,0.1750125
0.125,0.5625,0.25,0.506013375,0.48756925,0.24005137499999998
0.125,0.5625,0.3125,0.494612125,0.4929045,0.30509025
0.125,0.5625,0.375,0.483210875,0.49823975,0.37012912499999995
0.125,0.5625,0.4375,0.471809625,0.503575,0.435168
0.125,0.5625,0.5,0.460408375,0.50891025,0.5002068749999999
0.125,0.5625,0.5625,0.449007125,0.5142455,0.5652457499999999
0.125,0.5625,0.625,0.437605875,0.51958075,0.6302846249999999
0.125,0.5625,0.6875,0.426204625,0.524916,0.6953235
0.125,0.5625,0.75,0.414803375,0.5302512500000001,0.7603623749999999
0.125,0.5625,0.8125,0.403402125,0.5355865,0.8254012499999999
0.125,0.5625,0.875,0.392000875,0.54092175,0.8904401249999999
0.125,0.5625,0.9375,0.380599625,0.546257,0.955479
0.125,0.5625,1.0,0.36919837499999997,0.55159225,1.020517875
0.125,0.625,0.0,0.6093063750000001,0.5164995,-0.02225075
0.125,0.625,0.0625,0.597905125,0.52183475,0.042788124999999996
0.125,0.625,0.125,0.5865038750000001,0.52717,0.10782699999999999
0.125,0.625,0.1875,0.5751026250000001,0.53250525,0.172865875
0.125,0.625,0.25,0.5637013750000001,0.5378404999999999,0.23790475
0.125,0.625,0.3125,0.552300125,0.54317575,0.302943625
0.125,0.625,0.375,0.5408988750000001,0.548511,0.3679825
0.125,0.625,0.4375,0.5294976250000001,0.55384625,0.433021375
0.125,0.625,0.5,0.518096375,0.5591815,0.49806025
0.125,0.625,0.5625,0.506695125,0.56451675,0.5630991249999999
0.125,0.625,0.625,0.49529387500000005,0.569852,0.628138
0.125,0.625,0.6875,0.4838926250000001,0.57518725,0.693176875
0.125,0.625,0.75,0.47249137500000005,0.5805225,0.75821575
0.125,0.625,0.8125,0.4610901250000001,0.58585775,0.8232546249999999
0.125,0.625,0.875,0.4496888750000001,0.591193,0.8882935
0.125,0.625,0.9375,0.43828762500000007,0.59652825,0.953332375
0.125,0.625,1.0,0.42688637500000004,0.6018635,1.01837125
0.125,0.6875,0.0,0.666994375,0.56677075,-0.024397375000000002
0.125,0.6875,0.0625,0.655593125,0.572106,0.0406415
0.125,0.6875,0.125,0.6441918750000001,0.57744125,0.105680375
0.125,0.6875,0.1875,0.632790625,0.5827765,0.17071925
0.125,0.6875,0.25,0.621389375,0.5881117499999999,0.23575812499999999
0.125,0.6875,0.3125,0.609988125,0.593447,0.300797
0.125,0.6875,0.375,0.5985868750000001,0.59878225,0.365835875
0.125,0.6875,0.4375,0.587185625,0.6041175,0.43087475
0.125,0.6875,0.5,0.575784375,0.60945275,0.49591362499999997
0.125,0.6875,0.5625,0.564383125,0.614788,0.5609524999999999
0.125,0.6875,0.625,0.5529818750000001,0.62012325,0.6259913749999999
0.125,0.6875,0.6875,0.541580625,0.6254585,0.69103025
0.125,0.6875,0.75,0.530179375,0.63079375,0.7560691249999999
0.125,0.6875,0.8125,0.5187781250000001,0.636129,0.8211079999999998
0.125,0.6875,0.875,0.5073768750000001,0.64146425,0.8861468749999999
0.125,0.6875,0.9375,0.49597562500000003,0.6467995,0.9511857499999999
0.125,0.6875,1.0,0.484574375,0.65213475,1.016224625
0.125,0.75,0.0,0.724682375,0.6170420000000001,-0.026544
0.125,0.75,0.0625,0.713281125,0.6223772500000001,0.038494875
0.125,0.75,0.125,0.701879875,0.6277125000000001,0.10353375
0.125,0.75,0.1875,0.690478625,0.6330477500000001,0.16857262499999998
0.125,0.75,0.25,0.679077375,0.6383830000000001,0.23361149999999997
0.125,0.75,0.3125,0.667676125,0.64371825,0.29865037499999997
0.125,0.75,0.375,0.656274875,0.6490535000000001,0.36368924999999996
0.125,0.75,0.4375,0.644873625,0.6543887500000001,0.42872812499999996
0.125,0.75,0.5,0.633472375,0.6597240000000001,0.49376699999999996
0.125,0.75,0.5625,0.622071125,0.6650592500000001,0.5588058749999999
0.125,0.75,0.625,0.610669875,0.6703945000000001,0.62384475
0.125,0.75,0.6875,0.599268625,0.6757297500000001,0.688883625
0.125,0.75,0.75,0.587867375,0.681065,0.7539224999999999
0.125,0.75,0.8125,0.576466125,0.68640025,0.8189613749999999
0.125,0.75,0.875,0.565064875,0.6917355000000001,0.8840002499999999
0.125,0.75,0.9375,0.553663625,0.6970707500000001,0.949039125
0.125,0.75,1.0,0.542262375,0.7024060000000001,1.014078
0.125,0.8125,0.0,0.7823703750000001,0.6673132500000001,-0.028690625
0.125,0.8125,0.0625,0.770969125,0.6726485000000001,0.03634825
0.125,0.8125,0.125,0.7595678750000001,0.6779837500000001,0.101387125
0.125,0.8125,0.1875,0.7481666250000001,0.6833190000000001,0.166426
0.125,0.8125,0.25,0.7367653750000001,0.6886542500000001,0.231464875
0.125,0.8125,0.3125,0.725364125,0.6939895,0.29650374999999995
0.125,0.8125,0.375,0.7139628750000001,0.69932475,0.36154262499999995
0.125,0.8125,0.4375,0.7025616250000001,0.7046600000000001,0.42658149999999995
0.125,0.8125,0.5,0.691160375,0.7099952500000001,0.49162037499999994
0.125,0.8125,0.5625,0.679759125,0.7153305000000001,0.5566592499999999
0.125,0.8125,0.625,0.6683578750000001,0.7206657500000001,0.621698125
0.125,0.8125,0.6875,0.6569566250000001,0.7260010000000001,0.686737
0.125,0.8125,0.75,0.645555375,0.73133625,0.751775875
0.125,0.8125,0.8125,0.634154125,0.7366715,0.8168147499999999
0.125,0.8125,0.875,0.6227528750000001,0.74200675,0.881853625
0.125,0.8125,0.9375,0.6113516250000001,0.7473420000000001,0.9468925
0.125,0.8125,1.0,0.599950375,0.7526772500000001,1.0119313749999999
0.125,0.875,0.0,0.840058375,0.7175845000000001,-0.030837250000000004
0.125,0.875,0.0625,0.828657125,0.7229197500000001,0.03420162499999999
0.125,0.875,0.125,0.8172558750000001,0.7282550000000001,0.09924049999999998
0.125,0.875,0.1875,0.805854625,0.7335902500000001,0.16427937499999998
0.125,0.875,0.25,0.794453375,0.7389255000000001,0.22931824999999997
0.125,0.875,0.3125,0.783052125,0.74426075,0.294357125
0.125,0.875,0.375,0.7716508750000001,0.749596,0.359396
0.125,0.875,0.4375,0.760249625,0.75493125,0.424434875
0.125,0.875,0.5,0.748848375,0.7602665000000001,0.48947375
0.125,0.875,0.5625,0.737447125,0.7656017500000001,0.5545126249999999
0.125,0.875,0.625,0.7260458750000001,0.7709370000000001,0.6195514999999999
0.125,0.875,0.6875,0.714644625,0.7762722500000001,0.684590375
0.125,0.875,0.75,0.703243375,0.7816075,0.7496292499999999
0.125,0.875,0.8125,0.691842125,0.78694275,0.8146681249999999
0.125,0.875,0.875,0.6804408750000001,0.792278,0.8797069999999999
0.125,0.875,0.9375,0.669039625,0.79761325,0.944745875
0.125,0.875,1.0,0.657638375,0.8029485000000001,1.00978475
0.125,0.9375,0.0,0.8977463750000001,0.7678557500000001,-0.032983875
0.125,0.9375,0.0625,0.8863451250000001,0.7731910000000001,0.03205499999999999
0.125,0.9375,0.125,0.8749438750000001,0.7785262500000001,0.097093875
0.125,0.9375,0.1875,0.8635426250000001,0.7838615000000001,0.16213275
0.125,0.9375,0.25,0.8521413750000001,0.7891967500000001,0.227171625
0.125,0.9375,0.3125,0.8407401250000001,0.794532,0.2922105
0.125,0.9375,0.375,0.8293388750000001,0.79986725,0.357249375
0.125,0.9375,0.4375,0.8179376250000001,0.8052025,0.42228825
0.125,0.9375,0.5,0.8065363750000001,0.8105377500000001,0.48732712499999997
0.125,0.9375,0.5625,0.795135125,0.8158730000000001,0.5523659999999999
0.125,0.9375,0.625,0.7837338750000001,0.8212082500000001,0.617404875
0.125,0.9375,0.6875,0.7723326250000001,0.8265435000000001,0.68244375
0.125,0.9375,0.75,0.7609313750000001,0.83187875,0.747482625
0.125,0.9375,0.8125,0.7495301250000002,0.837214,0.8125214999999999
0.125,0.9375,0.875,0.7381288750000001,0.84254925,0.877560375
0.125,0.9375,0.9375,0.7267276250000001,0.8478845,0.94259925
0.125,0.9375,1.0,0.7153263750000001,0.85321975,1.007638125
0.125,1.0,0.0,0.9554343750000001,0.818127,-0.0351305
0.125,1.0,0.0625,0.944033125,0.8234622500000001,0.029908374999999994
0.125,1.0,0.125,0.9326318750000001,0.8287975000000001,0.09494724999999998
0.125,1.0,0.1875,0.9212306250000001,0.8341327500000001,0.15998612499999998
0.125,1.0,0.25,0.909829375,0.8394680000000001,0.22502499999999998
0.125,1.0,0.3125,0.898428125,0.84480325,0.29006387499999997
0.125,1.0,0.375,0.8870268750000001,0.8501385,0.35510274999999997
0.125,1.0,0.4375,0.8756256250000001,0.85547375,0.42014162499999996
0.125,1.0,0.5,0.864224375,0.860809,0.48518049999999996
0.125,1.0,0.5625,0.852823125,0.8661442500000001,0.550219375
0.125,1.0,0.625,0.8414218750000001,0.8714795000000001,0.61525825
0.125,1.0,0.6875,0.8300206250000001,0.8768147500000001,0.6802971250000001
0.125,1.0,0.75,0.818619375,0.88215,0.745336
0.125,1.0,0.8125,0.8072181250000001,0.88748525,0.8103748749999999
0.125,1.0,0.875,0.7958168750000001,0.8928205,0.87541375
0.125,1.0,0.9375,0.7844156250000001,0.89815575,0.940452625
0.125,1.0,1.0,0.773014375,0.903491,1.0054915
0.1875,0.0,0.0,0.0486395625,0.0206805,-0.00117675
0.1875,0.0,0.0625,0.037238312499999995,0.02601575,0.06386212499999999
0.1875,0.0,0.125,0.025837062499999997,0.031351000000000004,0.128901
0.1875,0.0,0.1875,0.014435812499999999,0.036686250000000004,0.19393987499999998
0.1875,0.0,0.25,0.0030345624999999973,0.0420215,0.25897875
0.1875,0.0,0.3125,-0.008366687500000004,0.04735675,0.324017625
0.1875,0.0,0.375,-0.0197679375,0.052692,0.38905649999999997
0.1875,0.0,0.4375,-0.0311691875,0.05802725,0.45409537499999997
0.1875,0.0,0.5,-0.0425704375,0.0633625,0.51913425
0.1875,0.0,0.5625,-0.053971687500000004,0.06869775,0.584173125
0.1875,0.0,0.625,-0.0653729375,0.074033,0.649212
0.1875,0.0,0.6875,-0.0767741875,0.07936825,0.7142508750000001
0.1875,0.0,0.75,-0.0881754375,0.0847035,0.77928975
0.1875,0.0,0.8125,-0.0995766875,0.09003875,0.8443286249999999
0.1875,0.0,0.875,-0.1109779375,0.095374,0.9093675
0.1875,0.0,0.9375,-0.1223791875,0.10070925,0.974406375
0.1875,0.0,1.0,-0.13378043750000002,0.1060445,1.03944525
0.1875,0.0625,0.0,0.1063275625,0.07095175000000001,-0.003323375
0.1875,0.0625,0.0625,0.0949263125,0.07628700000000001,0.06171549999999999
0.1875,0.0625,0.125,0.0835250625,0.08162225000000001,0.126754375
0.1875,0.0625,0.1875,0.0721238125,0.08695750000000001,0.19179325
0.1875,0.0625,0.25,0.0607225625,0.09229275,0.25683212499999997
0.1875,0.0625,0.3125,0.0493213125,0.097628,0.32187099999999996
0.1875,0.0625,0.375,0.037920062500000004,0.10296325,0.38690987499999996
0.1875,0.0625,0.4375,0.026518812500000002,0.1082985,0.45194874999999995
0.1875,0.0625,0.5,0.0151175625,0.11363375,0.516987625
0.1875,0.0625,0.5625,0.003716312499999999,0.118969,0.5820264999999999
0.1875,0.0625,0.625,-0.0076849375000000025,0.12430425,0.6470653749999999
0.1875,0.0625,0.6875,-0.01908618749999999,0.12963950000000002,0.71210425
0.1875,0.0625,0.75,-0.030487437499999992,0.13497475,0.7771431249999999
0.1875,0.0625,0.8125,-0.041888687499999994,0.14031,0.8421819999999999
0.1875,0.0625,0.875,-0.053289937499999995,0.14564525,0.9072208749999999
0.1875,0.0625,0.9375,-0.0646911875,0.15098050000000002,0.97225975
0.1875,0.0625,1.0,-0.0760924375,0.15631575,1.037298625
0.1875,0.125,0.0,0.1640155625,0.12122300000000001,-0.00547
0.1875,0.125,0.0625,0.1526143125,0.12655825,0.05956887499999999
0.1875,0.125,0.125,0.1412130625,0.1318935,0.12460774999999999
0.1875,0.125,0.1875,0.12981181249999998,0.13722875,0.18964662499999999
0.1875,0.125,0.25,0.11841056249999998,0.14256400000000002,0.2546855
0.1875,0.125,0.3125,0.10700931249999998,0.14789925,0.319724375
0.1875,0.125,0.375,0.0956080625,0.1532345,0.38476325
0.1875,0.125,0.4375,0.08420681249999999,0.15856975,0.449802125
0.1875,0.125,0.5,0.07280556249999999,0.16390500000000002,0.514841
0.1875,0.125,0.5625,0.06140431249999999,0.16924025,0.5798798749999999
0.1875,0.125,0.625,0.05000306249999999,0.1745755,0.64491875
0.1875,0.125,0.6875,0.0386018125,0.17991075,0.709957625
0.1875,0.125,0.75,0.027200562499999997,0.18524600000000002,0.7749965
0.1875,0.125,0.8125,0.015799312499999996,0.19058125,0.8400353749999999
0.1875,0.125,0.875,0.004398062499999994,0.1959165,0.90507425
0.1875,0.125,0.9375,-0.007003187500000008,0.20125175,0.970113125
0.1875,0.125,1.0,-0.01840443750000001,0.20658700000000002,1.0351519999999999
0.1875,0.1875,0.0,0.2217035625,0.17149425000000001,-0.007616625
0.1875,0.1875,0.0625,0.2103023125,0.17682950000000003,0.057422249999999994
0.1875,0.1875,0.125,0.1989010625,0.18216475000000001,0.12246112499999999
0.1875,0.1875,0.1875,0.1874998125,0.1875,0.1875
0.1875,0.1875,0.25,0.1760985625,0.19283525,0.252538875
0.1875,0.1875,0.3125,0.1646973125,0.19817050000000003,0.31757775
0.1875,0.1875,0.375,0.1532960625,0.20350575,0.382616625
0.1875,0.1875,0.4375,0.14189481250000002,0.208841,0.4476555
0.1875,0.1875,0.5,0.1304935625,0.21417625,0.5126943749999999
0.1875,0.1875,0.5625,0.1190923125,0.21951150000000003,0.5777332499999999
0.1875,0.1875,0.625,0.1076910625,0.22484675,0.6427721249999999
0.1875,0.1875,0.6875,0.09628981250000002,0.230182,0.707811
0.1875,0.1875,0.75,0.08488856250000001,0.23551725,0.7728498749999999
0.1875,0.1875,0.8125,0.07348731250000001,0.24085250000000002,0.8378887499999998
0.1875,0.1875,0.875,0.06208606250000001,0.24618775,0.9029276249999999
0.1875,0.1875,0.9375,0.05068481250000001,0.251523,0.9679665
0.1875,0.1875,1.0,0.03928356250000001,0.25685825,1.033005375
0.1875,0.25,0.0,0.2793915625,0.2217655,-0.009763250000000001
0.1875,0.25,0.0625,0.26799031250000005,0.22710075000000002,0.055275624999999995
0.1875,0.25,0.125,0.2565890625,0.232436,0.12031449999999999
0.1875,0.25,0.1875,0.24518781250000002,0.23777125,0.185353375
0.1875,0.25,0.25,0.23378656250000002,0.2431065,0.25039225
0.1875,0.25,0.3125,0.22238531250000002,0.24844175000000002,0.315431125
0.1875,0.25,0.375,0.2109840625,0.25377700000000003,0.38047
0.1875,0.25,0.4375,0.19958281250000004,0.25911225,0.44550887499999997
0.1875,0.25,0.5,0.1881815625,0.2644475,0.51054775
0.1875,0.25,0.5625,0.17678031250000004,0.26978275,0.5755866249999999
0.1875,0.25,0.625,0.1653790625,0.275118,0.6406255
0.1875,0.25,0.6875,0.15397781250000003,0.28045325,0.705664375
0.1875,0.25,0.75,0.14257656250000003,0.2857885,0.77070325
0.1875,0.25,0.8125,0.13117531250000003,0.29112375,0.8357421249999999
0.1875,0.25,0.875,0.11977406250000003,0.29645900000000003,0.9007809999999999
0.1875,0.25,0.9375,0.10837281250000003,0.30179425,0.965819875
0.1875,0.25,1.0,0.09697156250000002,0.3071295,1.03085875
0.1875,0.3125,0.0,0.33707956250000004,0.27203675,-0.011909875
0.1875,0.3125,0.0625,0.32567831250000007,0.277372,0.053128999999999996
0.1875,0.3125,0.125,0.31427706250000004,0.28270724999999997,0.11816787499999999
0.1875,0.3125,0.1875,0.30287581250000006,0.2880425,0.18320674999999997
0.1875,0.3125,0.25,0.29147456250000003,0.29337775,0.24824562499999997
0.1875,0.3125,0.3125,0.28007331250000006,0.298713,0.31328449999999997
0.1875,0.3125,0.375,0.26867206250000003,0.30404825,0.37832337499999996
0.1875,0.3125,0.4375,0.25727081250000006,0.3093835,0.44336224999999996
0.1875,0.3125,0.5,0.24586956250000003,0.31471875,0.508401125
0.1875,0.3125,0.5625,0.23446831250000005,0.320054,0.57344
0.1875,0.3125,0.625,0.22306706250000002,0.32538924999999996,0.638478875
0.1875,0.3125,0.6875,0.21166581250000005,0.3307245,0.70351775
0.1875,0.3125,0.75,0.20026456250000005,0.33605975,0.768556625
0.1875,0.3125,0.8125,0.18886331250000005,0.341395,0.8335954999999999
0.1875,0.3125,0.875,0.17746206250000005,0.34673025,0.898634375
0.1875,0.3125,0.9375,0.16606081250000004,0.3520655,0.96367325
0.1875,0.3125,1.0,0.15465956250000004,0.35740075,1.028712125
0.1875,0.375,0.0,0.3947675625,0.32230800000000004,-0.014056500000000001
0.1875,0.375,0.0625,0.38336631250000003,0.32764325000000005,0.050982374999999996
0.1875,0.375,0.125,0.3719650625,0.33297850000000007,0.11602124999999999
0.1875,0.375,0.1875,0.3605638125,0.33831375,0.181060125
0.1875,0.375,0.25,0.3491625625,0.34364900000000004,0.24609899999999998
0.1875,0.375,0.3125,0.3377613125,0.34898425000000005,0.31113787499999995
0.1875,0.375,0.375,0.3263600625,0.3543195,0.37617674999999995
0.1875,0.375,0.4375,0.3149588125,0.35965475,0.44121562499999994
0.1875,0.375,0.5,0.3035575625,0.36499000000000004,0.5062544999999999
0.1875,0.375,0.5625,0.2921563125,0.37032525000000005,0.5712933749999999
0.1875,0.375,0.625,0.2807550625,0.37566050000000006,0.6363322499999999
0.1875,0.375,0.6875,0.2693538125,0.38099575,0.701371125
0.1875,0.375,0.75,0.2579525625,0.38633100000000004,0.7664099999999999
0.1875,0.375,0.8125,0.2465513125,0.39166625000000005,0.8314488749999999
0.1875,0.375,0.875,0.2351500625,0.3970015,0.8964877499999999
0.1875,0.375,0.9375,0.2237488125,0.40233675,0.961526625
0.1875,0.375,1.0,0.2123475625,0.40767200000000003,1.0265655
0.1875,0.4375,0.0,0.4524555625,0.37257925000000003,-0.016203125000000002
0.1875,0.4375,0.0625,0.44105431250000005,0.37791450000000004,0.04883575
0.1875,0.4375,0.125,0.4296530625,0.38324975000000006,0.113874625
0.1875,0.4375,0.1875,0.41825181250000004,0.388585,0.17891349999999998
0.1875,0.4375,0.25,0.4068505625,0.39392025,0.24395237499999997
0.1875,0.4375,0.3125,0.39544931250000004,0.39925550000000004,0.30899125
0.1875,0.4375,0.375,0.3840480625,0.40459075,0.374030125
0.1875,0.4375,0.4375,0.37264681250000004,0.409926,0.439069
0.1875,0.4375,0.5,0.3612455625,0.41526125,0.504107875
0.1875,0.4375,0.5625,0.34984431250000003,0.42059650000000004,0.5691467499999999
0.1875,0.4375,0.625,0.3384430625,0.42593175000000005,0.634185625
0.1875,0.4375,0.6875,0.32704181250000003,0.431267,0.6992245
0.1875,0.4375,0.75,0.31564056250000005,0.43660225,0.764263375
0.1875,0.4375,0.8125,0.3042393125,0.44193750000000004,0.8293022499999999
0.1875,0.4375,0.875,0.2928380625,0.44727275,0.894341125
0.1875,0.4375,0.9375,0.2814368125,0.452608,0.95938
0.1875,0.4375,1.0,0.27003556250000005,0.45794325,1.0244188749999998
0.1875,0.5,0.0,0.5101435625,0.4228505,-0.01834975
0.1875,0.5,0.0625,0.49874231250000006,0.42818575000000003,0.046689125
0.1875,0.5,0.125,0.48734106250000003,0.43352100000000005,0.111728
0.1875,0.5,0.1875,0.47593981250000006,0.43885625,0.176766875
0.1875,0.5,0.25,0.46453856250000003,0.4441915,0.24180574999999999
0.1875,0.5,0.3125,0.45313731250000006,0.44952675000000003,0.306844625
0.1875,0.5,0.375,0.4417360625,0.454862,0.3718835
0.1875,0.5,0.4375,0.43033481250000005,0.46019725,0.436922375
0.1875,0.5,0.5,0.4189335625,0.4655325,0.5019612499999999
0.1875,0.5,0.5625,0.40753231250000005,0.47086775000000003,0.5670001249999999
0.1875,0.5,0.625,0.3961310625,0.47620300000000004,0.6320389999999999
0.1875,0.5,0.6875,0.38472981250000005,0.48153825,0.697077875
0.1875,0.5,0.75,0.3733285625,0.4868735,0.7621167499999999
0.1875,0.5,0.8125,0.36192731250000004,0.49220875000000003,0.8271556249999998
0.1875,0.5,0.875,0.35052606250000007,0.497544,0.8921944999999999
0.1875,0.5,0.9375,0.33912481250000004,0.50287925,0.9572333749999999
0.1875,0.5,1.0,0.3277235625,0.5082145,1.0222722499999999
0.1875,0.5625,0.0,0.5678315625,0.47312175,-0.020496375
0.1875,0.5625,0.0625,0.5564303125,0.478457,0.0445425
0.1875,0.5625,0.125,0.5450290625,0.48379225000000003,0.109581375
0.1875,0.5625,0.1875,0.5336278125,0.4891275,0.17462024999999998
0.1875,0.5625,0.25,0.5222265625,0.49446275,0.23965912499999997
0.1875,0.5625,0.3125,0.5108253125,0.499798,0.30469799999999997
0.1875,0.5625,0.375,0.4994240625,0.50513325,0.36973687499999996
0.1875,0.5625,0.4375,0.4880228125,0.5104685,0.43477574999999996
0.1875,0.5625,0.5,0.4766215625,0.51580375,0.49981462499999996
0.1875,0.5625,0.5625,0.4652203125,0.521139,0.5648534999999999
0.1875,0.5625,0.625,0.4538190625,0.52647425,0.629892375
0.1875,0.5625,0.6875,0.4424178125,0.5318095,0.69493125
0.1875,0.5625,0.75,0.4310165625,0.53714475,0.7599701249999999
0.1875,0.5625,0.8125,0.4196153125,0.54248,0.8250089999999999
0.1875,0.5625,0.875,0.40821406250000003,0.54781525,0.8900478749999999
0.1875,0.5625,0.9375,0.3968128125,0.5531505,0.95508675
0.1875,0.5625,1.0,0.38541156249999997,0.55848575,1.020125625
0.1875,0.625,0.0,0.6255195625000001,0.523393,-0.022643
0.1875,0.625,0.0625,0.6141183125,0.52872825,0.042395875
0.1875,0.625,0.125,0.6027170625000001,0.5340635,0.10743475
0.1875,0.625,0.1875,0.5913158125000001,0.53939875,0.172473625
0.1875,0.625,0.25,0.5799145625000001,0.544734,0.2375125
0.1875,0.625,0.3125,0.5685133125,0.55006925,0.30255137499999996
0.1875,0.625,0.375,0.5571120625000001,0.5554045,0.36759024999999995
0.1875,0.625,0.4375,0.5457108125000001,0.56073975,0.43262912499999995
0.1875,0.625,0.5,0.5343095625000001,0.566075,0.49766799999999994
0.1875,0.625,0.5625,0.5229083125,0.57141025,0.5627068749999999
0.1875,0.625,0.625,0.5115070625000001,0.5767455,0.62774575
0.1875,0.625,0.6875,0.5001058125000001,0.58208075,0.692784625
0.1875,0.625,0.75,0.48870456250000005,0.5874159999999999,0.7578235
0.1875,0.625,0.8125,0.4773033125000001,0.59275125,0.8228623749999999
0.1875,0.625,0.875,0.4659020625000001,0.5980865,0.88790125
0.1875,0.625,0.9375,0.4545008125000001,0.60342175,0.952940125
0.1875,0.625,1.0,0.44309956250000004,0.608757,1.017979
0.1875,0.6875,0.0,0.6832075625,0.57366425,-0.024789625000000003
0.1875,0.6875,0.0625,0.6718063125,0.5789995,0.04024924999999999
0.1875,0.6875,0.125,0.6604050625000001,0.58433475,0.10528812499999998
0.1875,0.6875,0.1875,0.6490038125,0.58967,0.17032699999999998
0.1875,0.6875,0.25,0.6376025625,0.59500525,0.23536587499999997
0.1875,0.6875,0.3125,0.6262013125,0.6003404999999999,0.30040475
0.1875,0.6875,0.375,0.6148000625000001,0.60567575,0.365443625
0.1875,0.6875,0.4375,0.6033988125,0.611011,0.4304825
0.1875,0.6875,0.5,0.5919975625,0.61634625,0.495521375
0.1875,0.6875,0.5625,0.5805963125,0.6216815,0.5605602499999999
0.1875,0.6875,0.625,0.5691950625000001,0.62701675,0.6255991249999999
0.1875,0.6875,0.6875,0.5577938125,0.632352,0.690638
0.1875,0.6875,0.75,0.5463925625,0.6376872499999999,0.7556768749999999
0.1875,0.6875,0.8125,0.5349913125000001,0.6430224999999999,0.8207157499999999
0.1875,0.6875,0.875,0.5235900625000001,0.64835775,0.8857546249999999
0.1875,0.6875,0.9375,0.5121888125,0.653693,0.9507935
0.1875,0.6875,1.0,0.5007875625,0.65902825,1.015832375
0.1875,0.75,0.0,0.7408955625,0.6239355000000001,-0.026936250000000002
0.1875,0.75,0.0625,0.7294943125,0.6292707500000001,0.038102624999999994
0.1875,0.75,0.125,0.7180930625,0.6346060000000001,0.1031415
0.1875,0.75,0.1875,0.7066918125,0.6399412500000001,0.168180375
0.1875,0.75,0.25,0.6952905625,0.6452765,0.23321925
0.1875,0.75,0.3125,0.6838893125,0.65061175,0.298258125
0.1875,0.75,0.375,0.6724880625,0.6559470000000001,0.363297
0.1875,0.75,0.4375,0.6610868125,0.6612822500000001,0.428335875
0.1875,0.75,0.5,0.6496855625,0.6666175000000001,0.49337475
0.1875,0.75,0.5625,0.6382843125,0.6719527500000001,0.5584136249999999
0.1875,0.75,0.625,0.6268830625,0.6772880000000001,0.6234525
0.1875,0.75,0.6875,0.6154818125,0.6826232500000001,0.688491375
0.1875,0.75,0.75,0.6040805625,0.6879585000000001,0.75353025
0.1875,0.75,0.8125,0.5926793125,0.69329375,0.8185691249999999
0.1875,0.75,0.875,0.5812780625,0.6986290000000001,0.883608
0.1875,0.75,0.9375,0.5698768125,0.7039642500000001,0.948646875
0.1875,0.75,1.0,0.5584755625,0.7092995000000001,1.0136857499999998
0.1875,0.8125,0.0,0.7985835625000001,0.6742067500000001,-0.029082875
0.1875,0.8125,0.0625,0.7871823125,0.6795420000000001,0.035955999999999995
0.1875,0.8125,0.125,0.7757810625000001,0.6848772500000001,0.10099487499999998
0.1875,0.8125,0.1875,0.7643798125000001,0.6902125000000001,0.16603374999999998
0.1875,0.8125,0.25,0.7529785625000001,0.69554775,0.23107262499999998
0.1875,0.8125,0.3125,0.7415773125,0.700883,0.29611149999999997
0.1875,0.8125,0.375,0.7301760625000001,0.70621825,0.36115037499999997
0.1875,0.8125,0.4375,0.7187748125000001,0.7115535000000001,0.42618924999999996
0.1875,0.8125,0.5,0.7073735625,0.7168887500000001,0.49122812499999996
0.1875,0.8125,0.5625,0.6959723125,0.7222240000000001,0.556267
0.1875,0.8125,0.625,0.6845710625000001,0.7275592500000001,0.621305875
0.1875,0.8125,0.6875,0.6731698125000001,0.7328945000000001,0.6863447500000001
0.1875,0.8125,0.75,0.6617685625,0.7382297500000001,0.751383625
0.1875,0.8125,0.8125,0.6503673125,0.743565,0.8164224999999999
0.1875,0.8125,0.875,0.6389660625000001,0.74890025,0.881461375
0.1875,0.8125,0.9375,0.6275648125000001,0.7542355000000001,0.94650025
0.1875,0.8125,1.0,0.6161635625,0.7595707500000001,1.0115391249999999
0.1875,0.875,0.0,0.8562715625,0.7244780000000001,-0.031229500000000004
0.1875,0.875,0.0625,0.8448703125,0.7298132500000001,0.03380937499999999
0.1875,0.875,0.125,0.8334690625000001,0.7351485000000001,0.09884824999999998
0.1875,0.875,0.1875,0.8220678125,0.7404837500000001,0.163887125
0.1875,0.875,0.25,0.8106665625,0.745819,0.228926
0.1875,0.875,0.3125,0.7992653125,0.75115425,0.29396487499999996
0.1875,0.875,0.375,0.7878640625000001,0.7564895,0.35900374999999995
0.1875,0.875,0.4375,0.7764628125,0.76182475,0.42404262499999995
0.1875,0.875,0.5,0.7650615625,0.7671600000000001,0.48908149999999995
0.1875,0.875,0.5625,0.7536603125,0.7724952500000001,0.5541203749999999
0.1875,0.875,0.625,0.7422590625000001,0.7778305000000001,0.6191592499999999
0.1875,0.875,0.6875,0.7308578125,0.7831657500000001,0.684198125
0.1875,0.875,0.75,0.7194565625,0.7885010000000001,0.7492369999999999
0.1875,0.875,0.8125,0.7080553125,0.79383625,0.8142758749999999
0.1875,0.875,0.875,0.6966540625000001,0.7991715,0.8793147499999999
0.1875,0.875,0.9375,0.6852528125,0.80450675,0.944353625
0.1875,0.875,1.0,0.6738515625,0.8098420000000001,1.0093925
0.1875,0.9375,0.0,0.9139595625000001,0.7747492500000001,-0.033376125
0.1875,0.9375,0.0625,0.9025583125000001,0.7800845000000001,0.031662749999999996
0.1875,0.9375,0.125,0.8911570625000002,0.7854197500000001,0.09670162499999999
0.1875,0.9375,0.1875,0.8797558125000001,0.7907550000000001,0.16174049999999998
0.1875,0.9375,0.25,0.8683545625000001,0.79609025,0.22677937499999998
0.1875,0.9375,0.3125,0.8569533125000001,0.8014255,0.29181825
0.1875,0.9375,0.375,0.8455520625000001,0.80676075,0.356857125
0.1875,0.9375,0.4375,0.8341508125000001,0.812096,0.421896
0.1875,0.9375,0.5,0.8227495625000001,0.81743125,0.486934875
0.1875,0.9375,0.5625,0.8113483125000001,0.8227665000000001,0.5519737499999999
0.1875,0.9375,0.625,0.7999470625000001,0.8281017500000001,0.617012625
0.1875,0.9375,0.6875,0.7885458125000001,0.8334370000000001,0.6820515
0.1875,0.9375,0.75,0.7771445625000001,0.8387722500000001,0.747090375
0.1875,0.9375,0.8125,0.7657433125000002,0.8441075,0.8121292499999999
0.1875,0.9375,0.875,0.7543420625000001,0.84944275,0.877168125
0.1875,0.9375,0.9375,0.7429408125000001,0.854778,0.942207
0.1875,0.9375,1.0,0.7315395625000001,0.86011325,1.007245875
0.1875,1.0,0.0,0.9716475625000001,0.8250205,-0.03552275
0.1875,1.0,0.0625,0.9602463125,0.8303557500000001,0.029516124999999997
0.1875,1.0,0.125,0.9488450625000001,0.8356910000000001,0.094555
0.1875,1.0,0.1875,0.9374438125000001,0.8410262500000001,0.159593875
0.1875,1.0,0.25,0.9260425625,0.8463615,0.22463275
0.1875,1.0,0.3125,0.9146413125,0.85169675,0.289671625
0.1875,1.0,0.375,0.9032400625000001,0.857032,0.3547105
0.1875,1.0,0.4375,0.8918388125000001,0.86236725,0.419749375
0.1875,1.0,0.5,0.8804375625,0.8677025,0.48478825
0.1875,1.0,0.5625,0.8690363125,0.8730377500000001,0.5498271249999999
0.1875,1.0,0.625,0.8576350625000001,0.8783730000000001,0.6148659999999999
0.1875,1.0,0.6875,0.8462338125000001,0.8837082500000001,0.679904875
0.1875,1.0,0.75,0.8348325625,0.8890435000000001,0.7449437499999999
0.1875,1.0,0.8125,0.8234313125000001,0.89437875,0.8099826249999998
0.1875,1.0,0.875,0.8120300625000001,0.899714,0.8750214999999999
0.1875,1.0,0.9375,0.8006288125000001,0.90504925,0.940060375
0.1875,1.0,1.0,0.7892275625,0.9103845,1.00509925
0.25,0.0,0.0,0.06485275,0.027574,-0.001569
0.25,0.0,0.0625,0.0534515,0.03290925,0.063469875
0.25,0.0,0.125,0.04205025,0.0382445,0.12850875
0.25,0.0,0.1875,0.030649000000000003,0.04357975,0.193547625
0.25,0.0,0.25,0.01924775,0.048915,0.2585865
0.25,0.0,0.3125,0.0078465,0.05425025,0.323625375
0.25,0.0,0.375,-0.0035547499999999954,0.0595855,0.38866425
0.25,0.0,0.4375,-0.014955999999999997,0.06492075,0.453703125
0.25,0.0,0.5,-0.02635725,0.070256,0.5187419999999999
0.25,0.0,0.5625,-0.0377585,0.07559125,0.5837808749999999
0.25,0.0,0.625,-0.04915975,0.0809265,0.6488197499999999
0.25,0.0,0.6875,-0.06056099999999999,0.08626175,0.713858625
0.25,0.0,0.75,-0.07196224999999999,0.091597,0.7788974999999999
0.25,0.0,0.8125,-0.0833635,0.09693225,0.8439363749999998
0.25,0.0,0.875,-0.09476475,0.1022675,0.9089752499999999
0.25,0.0,0.9375,-0.106166,0.10760275,0.974014125
0.25,0.0,1.0,-0.11756725,0.112938,1.039053
0.25,0.0625,0.0,0.12254075,0.07784525,-0.003715625
0.25,0.0625,0.0625,0.1111395,0.0831805,0.061323249999999996
0.25,0.0625,0.125,0.09973825,0.08851575,0.126362125
0.25,0.0625,0.1875,0.088337,0.093851,0.191401
0.25,0.0625,0.25,0.07693575,0.09918625,0.256439875
0.25,0.0625,0.3125,0.0655345,0.1045215,0.32147875
0.25,0.0625,0.375,0.05413325000000001,0.10985675,0.386517625
0.25,0.0625,0.4375,0.042732000000000006,0.115192,0.45155649999999997
0.25,0.0625,0.5,0.031330750000000004,0.12052725,0.516595375
0.25,0.0625,0.5625,0.019929500000000003,0.1258625,0.5816342499999999
0.25,0.0625,0.625,0.008528250000000001,0.13119775,0.646673125
0.25,0.0625,0.6875,-0.0028729999999999867,0.13653300000000002,0.711712
0.25,0.0625,0.75,-0.014274249999999988,0.14186825,0.776750875
0.25,0.0625,0.8125,-0.02567549999999999,0.1472035,0.8417897499999999
0.25,0.0625,0.875,-0.03707674999999999,0.15253875,0.9068286249999999
0.25,0.0625,0.9375,-0.04847799999999999,0.15787400000000001,0.9718675
0.25,0.0625,1.0,-0.059879249999999995,0.16320925,1.036906375
0.25,0.125,0.0,0.18022875,0.12811650000000002,-0.00586225
0.25,0.125,0.0625,0.1688275,0.13345175000000004,0.059176625
0.25,0.125,0.125,0.15742625,0.13878700000000002,0.12421549999999999
0.25,0.125,0.1875,0.146025,0.14412225,0.18925437499999997
0.25,0.125,0.25,0.13462375,0.14945750000000002,0.25429324999999997
0.25,0.125,0.3125,0.12322249999999998,0.15479275000000003,0.31933212499999997
0.25,0.125,0.375,0.11182125,0.16012800000000002,0.38437099999999996
0.25,0.125,0.4375,0.10042,0.16546325,0.44940987499999996
0.25,0.125,0.5,0.08901875,0.17079850000000002,0.51444875
0.25,0.125,0.5625,0.07761749999999999,0.17613375000000003,0.579487625
0.25,0.125,0.625,0.06621624999999999,0.18146900000000002,0.6445265
0.25,0.125,0.6875,0.054815,0.18680425,0.709565375
0.25,0.125,0.75,0.04341375,0.19213950000000002,0.77460425
0.25,0.125,0.8125,0.0320125,0.19747475000000003,0.8396431249999999
0.25,0.125,0.875,0.020611249999999998,0.20281000000000002,0.904682
0.25,0.125,0.9375,0.009209999999999996,0.20814525,0.969720875
0.25,0.125,1.0,-0.0021912500000000057,0.21348050000000002,1.0347597499999999
0.25,0.1875,0.0,0.23791675,0.17838775,-0.008008875
0.25,0.1875,0.0625,0.2265155,0.18372300000000003,0.05703
0.25,0.1875,0.125,0.21511425,0.18905825,0.122068875
0.25,0.1875,0.1875,0.203713,0.1943935,0.18710775
0.25,0.1875,0.25,0.19231175,0.19972875,0.25214662499999996
0.25,0.1875,0.3125,0.1809105,0.20506400000000002,0.31718549999999995
0.25,0.1875,0.375,0.16950925,0.21039925,0.38222437499999995
0.25,0.1875,0.4375,0.15810800000000003,0.2157345,0.44726324999999995
0.25,0.1875,0.5,0.14670675,0.22106975,0.5123021249999999
0.25,0.1875,0.5625,0.13530550000000002,0.22640500000000002,0.5773409999999999
0.25,0.1875,0.625,0.12390425000000001,0.23174025,0.6423798749999999
0.25,0.1875,0.6875,0.11250300000000002,0.2370755,0.70741875
0.25,0.1875,0.75,0.10110175000000002,0.24241075,0.7724576249999999
0.25,0.1875,0.8125,0.08970050000000002,0.24774600000000002,0.8374964999999999
0.25,0.1875,0.875,0.07829925000000001,0.25308125000000004,0.9025353749999999
0.25,0.1875,0.9375,0.06689800000000001,0.2584165,0.96757425
0.25,0.1875,1.0,0.05549675000000001,0.26375175,1.032613125
0.25,0.25,0.0,0.29560475,0.228659,-0.010155500000000001
0.25,0.25,0.0625,0.28420350000000005,0.23399425000000001,0.054883375
0.25,0.25,0.125,0.27280225,0.2393295,0.11992225
0.25,0.25,0.1875,0.26140100000000005,0.24466475,0.18496112499999998
0.25,0.25,0.25,0.24999975000000002,0.25,0.24999999999999997
0.25,0.25,0.3125,0.23859850000000002,0.25533525,0.315038875
0.25,0.25,0.375,0.22719725000000002,0.2606705,0.38007775
0.25,0.25,0.4375,0.21579600000000004,0.26600575,0.445116625
0.25,0.25,0.5,0.20439475000000001,0.271341,0.5101555
0.25,0.25,0.5625,0.19299350000000004,0.27667625,0.5751943749999999
0.25,0.25,0.625,0.18159225,0.28201149999999997,0.64023325
0.25,0.25,0.6875,0.17019100000000004,0.28734675,0.705272125
0.25,0.25,0.75,0.15878975000000004,0.292682,0.770311
0.25,0.25,0.8125,0.14738850000000003,0.29801725,0.8353498749999999
0.25,0.25,0.875,0.13598725000000003,0.3033525,0.90038875
0.25,0.25,0.9375,0.12458600000000003,0.30868775,0.965427625
0.25,0.25,1.0,0.11318475000000003,0.314023,1.0304665
0.25,0.3125,0.0,0.35329275000000004,0.27893025,-0.012302125
0.25,0.3125,0.0625,0.34189150000000007,0.2842655,0.05273675
0.25,0.3125,0.125,0.33049025000000004,0.28960074999999996,0.117775625
0.25,0.3125,0.1875,0.31908900000000007,0.294936,0.1828145
0.25,0.3125,0.25,0.30768775000000004,0.30027125,0.247853375
0.25,0.3125,0.3125,0.29628650000000006,0.3056065,0.31289225
0.25,0.3125,0.375,0.28488525000000003,0.31094175,0.377931125
0.25,0.3125,0.4375,0.27348400000000006,0.316277,0.44297
0.25,0.3125,0.5,0.26208275000000003,0.32161225,0.5080088749999999
0.25,0.3125,0.5625,0.25068150000000006,0.3269475,0.5730477499999999
0.25,0.3125,0.625,0.23928025000000003,0.33228274999999996,0.6380866249999999
0.25,0.3125,0.6875,0.22787900000000005,0.337618,0.7031255
0.25,0.3125,0.75,0.21647775000000005,0.34295325,0.7681643749999999
0.25,0.3125,0.8125,0.20507650000000005,0.3482885,0.8332032499999998
0.25,0.3125,0.875,0.19367525000000005,0.35362375,0.8982421249999999
0.25,0.3125,0.9375,0.18227400000000005,0.358959,0.9632809999999999
0.25,0.3125,1.0,0.17087275000000005,0.36429425,1.028319875
0.25,0.375,0.0,0.41098075,0.32920150000000004,-0.01444875
0.25,0.375,0.0625,0.39957950000000003,0.33453675000000005,0.050590125
0.25,0.375,0.125,0.38817825,0.33987200000000006,0.115629
0.25,0.375,0.1875,0.37677700000000003,0.34520725,0.18066787499999998
0.25,0.375,0.25,0.36537575,0.35054250000000003,0.24570674999999997
0.25,0.375,0.3125,0.3539745,0.35587775000000005,0.31074562499999997
0.25,0.375,0.375,0.34257325,0.361213,0.37578449999999997
0.25,0.375,0.4375,0.331172,0.36654825,0.44082337499999996
0.25,0.375,0.5,0.31977075,0.37188350000000003,0.50586225
0.25,0.375,0.5625,0.3083695,0.37721875000000005,0.5709011249999999
0.25,0.375,0.625,0.29696825,0.38255400000000006,0.63594
0.25,0.375,0.6875,0.285567,0.38788925,0.700978875
0.25,0.375,0.75,0.27416575,0.39322450000000003,0.7660177499999999
0.25,0.375,0.8125,0.2627645,0.39855975000000005,0.8310566249999999
0.25,0.375,0.875,0.25136325000000004,0.403895,0.8960954999999999
0.25,0.375,0.9375,0.239962,0.40923025,0.961134375
0.25,0.375,1.0,0.22856075,0.41456550000000003,1.02617325
0.25,0.4375,0.0,0.46866875,0.37947275,-0.016595375000000002
0.25,0.4375,0.0625,0.45726750000000005,0.38480800000000004,0.048443499999999994
0.25,0.4375,0.125,0.44586625,0.39014325000000005,0.113482375
0.25,0.4375,0.1875,0.43446500000000005,0.3954785,0.17852125
0.25,0.4375,0.25,0.42306375,0.40081375,0.243560125
0.25,0.4375,0.3125,0.41166250000000004,0.40614900000000004,0.30859899999999996
0.25,0.4375,0.375,0.40026125,0.41148425,0.37363787499999995
0.25,0.4375,0.4375,0.38886000000000004,0.4168195,0.43867674999999995
0.25,0.4375,0.5,0.37745875,0.42215475,0.503715625
0.25,0.4375,0.5625,0.36605750000000004,0.42749000000000004,0.5687544999999999
0.25,0.4375,0.625,0.35465625,0.43282525000000005,0.633793375
0.25,0.4375,0.6875,0.34325500000000003,0.4381605,0.69883225
0.25,0.4375,0.75,0.33185375000000006,0.44349575,0.763871125
0.25,0.4375,0.8125,0.32045250000000003,0.44883100000000004,0.8289099999999999
0.25,0.4375,0.875,0.30905125,0.45416625,0.893948875
0.25,0.4375,0.9375,0.29765,0.4595015,0.95898775
0.25,0.4375,1.0,0.28624875000000005,0.46483675,1.0240266249999999
0.25,0.5,0.0,0.52635675,0.429744,-0.018742
0.25,0.5,0.0625,0.5149555,0.43507925000000003,0.046296874999999994
0.25,0.5,0.125,0.5035542500000001,0.44041450000000004,0.11133574999999998
0.25,0.5,0.1875,0.49215300000000006,0.44574975,0.17637462499999998
0.25,0.5,0.25,0.48075175000000003,0.451085,0.24141349999999998
0.25,0.5,0.3125,0.46935050000000006,0.45642025,0.306452375
0.25,0.5,0.375,0.45794925000000003,0.4617555,0.37149125
0.25,0.5,0.4375,0.44654800000000006,0.46709075,0.436530125
0.25,0.5,0.5,0.43514675,0.472426,0.5015689999999999
0.25,0.5,0.5625,0.42374550000000005,0.47776125,0.5666078749999999
0.25,0.5,0.625,0.41234425,0.48309650000000004,0.6316467499999999
0.25,0.5,0.6875,0.40094300000000005,0.48843175,0.696685625
0.25,0.5,0.75,0.38954175,0.493767,0.7617244999999999
0.25,0.5,0.8125,0.37814050000000005,0.49910225,0.8267633749999999
0.25,0.5,0.875,0.36673925000000007,0.5044375,0.8918022499999999
0.25,0.5,0.9375,0.35533800000000004,0.50977275,0.956841125
0.25,0.5,1.0,0.34393675,0.515108,1.02188
0.25,0.5625,0.0,0.58404475,0.48001525,-0.020888625
0.25,0.5625,0.0625,0.5726435,0.4853505,0.044150249999999995
0.25,0.5625,0.125,0.56124225,0.49068575000000003,0.109189125
0.25,0.5625,0.1875,0.549841,0.496021,0.174228
0.25,0.5625,0.25,0.53843975,0.50135625,0.239266875
0.25,0.5625,0.3125,0.5270385,0.5066915,0.30430575
0.25,0.5625,0.375,0.51563725,0.51202675,0.369344625
0.25,0.5625,0.4375,0.504236,0.517362,0.4343835
0.25,0.5625,0.5,0.49283475,0.52269725,0.499422375
0.25,0.5625,0.5625,0.4814335,0.5280325,0.5644612499999999
0.25,0.5625,0.625,0.47003225,0.53336775,0.629500125
0.25,0.5625,0.6875,0.458631,0.538703,0.694539
0.25,0.5625,0.75,0.44722975,0.5440382500000001,0.759577875
0.25,0.5625,0.8125,0.4358285,0.5493735,0.8246167499999999
0.25,0.5625,0.875,0.42442725000000003,0.55470875,0.889655625
0.25,0.5625,0.9375,0.413026,0.560044,0.9546945
0.25,0.5625,1.0,0.40162475,0.56537925,1.019733375
0.25,0.625,0.0,0.6417327500000001,0.5302865,-0.02303525
0.25,0.625,0.0625,0.6303315,0.53562175,0.042003624999999996
0.25,0.625,0.125,0.6189302500000001,0.540957,0.10704249999999998
0.25,0.625,0.1875,0.6075290000000001,0.54629225,0.17208137499999998
0.25,0.625,0.25,0.5961277500000001,0.5516274999999999,0.23712024999999998
0.25,0.625,0.3125,0.5847265,0.55696275,0.302159125
0.25,0.625,0.375,0.5733252500000001,0.562298,0.36719799999999997
0.25,0.625,0.4375,0.5619240000000001,0.56763325,0.43223687499999996
0.25,0.625,0.5,0.5505227500000001,0.5729685,0.49727574999999996
0.25,0.625,0.5625,0.5391215,0.57830375,0.562314625
0.25,0.625,0.625,0.5277202500000001,0.583639,0.6273535
0.25,0.625,0.6875,0.5163190000000001,0.58897425,0.6923923750000001
0.25,0.625,0.75,0.50491775,0.5943095,0.75743125
0.25,0.625,0.8125,0.4935165000000001,0.59964475,0.8224701249999999
0.25,0.625,0.875,0.4821152500000001,0.60498,0.887509
0.25,0.625,0.9375,0.4707140000000001,0.61031525,0.952547875
0.25,0.625,1.0,0.45931275000000005,0.6156505,1.01758675
0.25,0.6875,0.0,0.69942075,0.58055775,-0.025181875000000003
0.25,0.6875,0.0625,0.6880195,0.585893,0.03985699999999999
0.25,0.6875,0.125,0.6766182500000001,0.59122825,0.10489587499999999
0.25,0.6875,0.1875,0.6652170000000001,0.5965635,0.16993475
0.25,0.6875,0.25,0.65381575,0.6018987499999999,0.234973625
0.25,0.6875,0.3125,0.6424145,0.6072339999999999,0.30001249999999996
0.25,0.6875,0.375,0.6310132500000001,0.61256925,0.36505137499999996
0.25,0.6875,0.4375,0.619612,0.6179045,0.43009024999999995
0.25,0.6875,0.5,0.60821075,0.62323975,0.49512912499999995
0.25,0.6875,0.5625,0.5968095,0.628575,0.5601679999999999
0.25,0.6875,0.625,0.5854082500000001,0.63391025,0.6252068749999999
0.25,0.6875,0.6875,0.574007,0.6392455,0.69024575
0.25,0.6875,0.75,0.56260575,0.64458075,0.7552846249999999
0.25,0.6875,0.8125,0.5512045000000001,0.6499159999999999,0.8203234999999999
0.25,0.6875,0.875,0.5398032500000001,0.65525125,0.8853623749999999
0.25,0.6875,0.9375,0.528402,0.6605865,0.95040125
0.25,0.6875,1.0,0.51700075,0.66592175,1.015440125
0.25,0.75,0.0,0.75710875,0.6308290000000001,-0.027328500000000002
0.25,0.75,0.0625,0.7457075,0.6361642500000001,0.03771037499999999
0.25,0.75,0.125,0.73430625,0.6414995000000001,0.10274924999999999
0.25,0.75,0.1875,0.722905,0.6468347500000001,0.16778812499999998
0.25,0.75,0.25,0.71150375,0.6521700000000001,0.23282699999999998
0.25,0.75,0.3125,0.7001025,0.65750525,0.297865875
0.25,0.75,0.375,0.68870125,0.6628405,0.36290475
0.25,0.75,0.4375,0.6773,0.6681757500000001,0.427943625
0.25,0.75,0.5,0.66589875,0.6735110000000001,0.4929825
0.25,0.75,0.5625,0.6544975,0.6788462500000001,0.5580213749999999
0.25,0.75,0.625,0.64309625,0.6841815000000001,0.62306025
0.25,0.75,0.6875,0.631695,0.6895167500000001,0.688099125
0.25,0.75,0.75,0.62029375,0.694852,0.753138
0.25,0.75,0.8125,0.6088925000000001,0.70018725,0.8181768749999999
0.25,0.75,0.875,0.59749125,0.7055225,0.88321575
0.25,0.75,0.9375,0.58609,0.7108577500000001,0.948254625
0.25,0.75,1.0,0.57468875,0.7161930000000001,1.0132934999999998
0.25,0.8125,0.0,0.8147967500000001,0.6811002500000001,-0.029475125
0.25,0.8125,0.0625,0.8033955,0.6864355000000001,0.03556374999999999
0.25,0.8125,0.125,0.7919942500000001,0.6917707500000001,0.10060262499999999
0.25,0.8125,0.1875,0.7805930000000001,0.6971060000000001,0.1656415
0.25,0.8125,0.25,0.7691917500000001,0.7024412500000001,0.230680375
0.25,0.8125,0.3125,0.7577905,0.7077765,0.29571925
0.25,0.8125,0.375,0.7463892500000001,0.71311175,0.360758125
0.25,0.8125,0.4375,0.7349880000000001,0.7184470000000001,0.425797
0.25,0.8125,0.5,0.7235867500000001,0.7237822500000001,0.490835875
0.25,0.8125,0.5625,0.7121855,0.7291175000000001,0.5558747499999999
0.25,0.8125,0.625,0.7007842500000001,0.7344527500000001,0.6209136249999999
0.25,0.8125,0.6875,0.6893830000000001,0.7397880000000001,0.6859525
0.25,0.8125,0.75,0.67798175,0.74512325,0.7509913749999999
0.25,0.8125,0.8125,0.6665805,0.7504585,0.8160302499999998
0.25,0.8125,0.875,0.6551792500000001,0.75579375,0.8810691249999999
0.25,0.8125,0.9375,0.6437780000000001,0.7611290000000001,0.946108
0.25,0.8125,1.0,0.63237675,0.7664642500000001,1.011146875
0.25,0.875,0.0,0.87248475,0.7313715000000001,-0.031621750000000004
0.25,0.875,0.0625,0.8610835,0.7367067500000001,0.03341712499999999
0.25,0.875,0.125,0.8496822500000001,0.7420420000000001,0.09845599999999999
0.25,0.875,0.1875,0.838281,0.7473772500000001,0.16349487499999998
0.25,0.875,0.25,0.82687975,0.7527125000000001,0.22853374999999998
0.25,0.875,0.3125,0.8154785,0.75804775,0.293572625
0.25,0.875,0.375,0.8040772500000001,0.763383,0.35861149999999997
0.25,0.875,0.4375,0.792676,0.76871825,0.42365037499999997
0.25,0.875,0.5,0.78127475,0.7740535000000001,0.48868924999999996
0.25,0.875,0.5625,0.7698735,0.7793887500000001,0.5537281249999999
0.25,0.875,0.625,0.7584722500000001,0.7847240000000001,0.618767
0.25,0.875,0.6875,0.747071,0.7900592500000001,0.683805875
0.25,0.875,0.75,0.73566975,0.7953945,0.74884475
0.25,0.875,0.8125,0.7242685,0.80072975,0.8138836249999999
0.25,0.875,0.875,0.7128672500000001,0.806065,0.8789224999999999
0.25,0.875,0.9375,0.701466,0.81140025,0.943961375
0.25,0.875,1.0,0.69006475,0.8167355000000001,1.00900025
0.25,0.9375,0.0,0.9301727500000001,0.78164275,-0.033768375
0.25,0.9375,0.0625,0.9187715000000001,0.7869780000000001,0.03127049999999999
0.25,0.9375,0.125,0.9073702500000002,0.7923132500000001,0.09630937499999999
0.25,0.9375,0.1875,0.8959690000000001,0.7976485000000001,0.16134824999999997
0.25,0.9375,0.25,0.8845677500000001,0.8029837500000001,0.22638712499999997
0.25,0.9375,0.3125,0.8731665000000001,0.808319,0.29142599999999996
0.25,0.9375,0.375,0.8617652500000001,0.81365425,0.35646487499999996
0.25,0.9375,0.4375,0.8503640000000001,0.8189895,0.42150374999999995
0.25,0.9375,0.5,0.8389627500000001,0.82432475,0.48654262499999995
0.25,0.9375,0.5625,0.8275615000000001,0.8296600000000001,0.5515815
0.25,0.9375,0.625,0.8161602500000001,0.8349952500000001,0.616620375
0.25,0.9375,0.6875,0.8047590000000001,0.8403305000000001,0.68165925
0.25,0.9375,0.75,0.7933577500000001,0.84566575,0.746698125
0.25,0.9375,0.8125,0.7819565000000002,0.851001,0.8117369999999999
0.25,0.9375,0.875,0.7705552500000001,0.85633625,0.876775875
0.25,0.9375,0.9375,0.7591540000000001,0.8616715,0.94181475
0.25,0.9375,1.0,0.7477527500000001,0.86700675,1.006853625
0.25,1.0,0.0,0.9878607500000001,0.831914,-0.035915
0.25,1.0,0.0625,0.9764595,0.8372492500000001,0.029123874999999994
0.25,1.0,0.125,0.9650582500000001,0.8425845000000001,0.09416274999999999
0.25,1.0,0.1875,0.9536570000000001,0.8479197500000001,0.15920162499999999
0.25,1.0,0.25,0.9422557500000001,0.8532550000000001,0.22424049999999998
0.25,1.0,0.3125,0.9308545,0.85859025,0.289279375
0.25,1.0,0.375,0.9194532500000001,0.8639255,0.35431824999999995
0.25,1.0,0.4375,0.9080520000000001,0.86926075,0.419357125
0.25,1.0,0.5,0.89665075,0.874596,0.48439599999999994
0.25,1.0,0.5625,0.8852495,0.87993125,0.5494348749999999
0.25,1.0,0.625,0.8738482500000001,0.8852665000000001,0.6144737499999999
0.25,1.0,0.6875,0.8624470000000001,0.8906017500000001,0.679512625
0.25,1.0,0.75,0.85104575,0.895937,0.7445514999999999
0.25,1.0,0.8125,0.8396445000000001,0.90127225,0.8095903749999999
0.25,1.0,0.875,0.8282432500000001,0.9066075,0.8746292499999999
0.25,1.0,0.9375,0.8168420000000001,0.91194275,0.939668125
0.25,1.0,1.0,0.80544075,0.917278,1.004707
0.3125,0.0,0.0,0.0810659375,0.0344675,-0.0019612500000000003
0.3125,0.0,0.0625,0.0696646875,0.03980275,0.063077625
0.3125,0.0,0.125,0.0582634375,0.045138,0.1281165
0.3125,0.0,0.1875,0.046862187500000006,0.05047325,0.193155375
0.3125,0.0,0.25,0.035460937500000005,0.0558085,0.25819424999999996
0.3125,0.0,0.3125,0.024059687500000003,0.06114375,0.32323312499999995
0.3125,0.0,0.375,0.012658437500000008,0.066479,0.38827199999999995
0.3125,0.0,0.4375,0.0012571875000000066,0.07181425,0.45331087499999995
0.3125,0.0,0.5,-0.010144062499999995,0.0771495,0.5183497499999999
0.3125,0.0,0.5625,-0.021545312499999997,0.08248475,0.5833886249999999
0.3125,0.0,0.625,-0.0329465625,0.08782,0.6484274999999999
0.3125,0.0,0.6875,-0.044347812499999986,0.09315525,0.713466375
0.3125,0.0,0.75,-0.05574906249999999,0.0984905,0.7785052499999999
0.3125,0.0,0.8125,-0.06715031249999999,0.10382575,0.8435441249999999
0.3125,0.0,0.875,-0.07855156249999999,0.109161,0.9085829999999999
0.3125,0.0,0.9375,-0.08995281249999999,0.11449625,0.973621875
0.3125,0.0,1.0,-0.1013540625,0.1198315,1.03866075
0.3125,0.0625,0.0,0.1387539375,0.08473875,-0.004107875
0.3125,0.0625,0.0625,0.1273526875,0.090074,0.060931
0.3125,0.0625,0.125,0.1159514375,0.09540925,0.12596987499999998
0.3125,0.0625,0.1875,0.1045501875,0.1007445,0.19100874999999998
0.3125,0.0625,0.25,0.0931489375,0.10607975,0.256047625
0.3125,0.0625,0.3125,0.0817476875,0.111415,0.3210865
0.3125,0.0625,0.375,0.07034643750000001,0.11675025,0.386125375
0.3125,0.0625,0.4375,0.05894518750000001,0.1220855,0.45116425
0.3125,0.0625,0.5,0.04754393750000001,0.12742075,0.516203125
0.3125,0.0625,0.5625,0.036142687500000006,0.13275599999999999,0.5812419999999999
0.3125,0.0625,0.625,0.024741437500000005,0.13809125,0.646280875
0.3125,0.0625,0.6875,0.013340187500000017,0.1434265,0.71131975
0.3125,0.0625,0.75,0.0019389375000000153,0.14876175,0.776358625
0.3125,0.0625,0.8125,-0.009462312499999986,0.15409699999999998,0.8413974999999999
0.3125,0.0625,0.875,-0.020863562499999988,0.15943225,0.906436375
0.3125,0.0625,0.9375,-0.03226481249999999,0.1647675,0.97147525
0.3125,0.0625,1.0,-0.04366606249999999,0.17010275,1.0365141249999998
0.3125,0.125,0.0,0.1964419375,0.13501000000000002,-0.0062545000000000005
0.3125,0.125,0.0625,0.1850406875,0.14034525000000003,0.05878437499999999
0.3125,0.125,0.125,0.1736394375,0.14568050000000002,0.12382325
0.3125,0.125,0.1875,0.1622381875,0.15101575,0.188862125
0.3125,0.125,0.25,0.1508369375,0.15635100000000002,0.253901
0.3125,0.125,0.3125,0.1394356875,0.16168625000000003,0.318939875
0.3125,0.125,0.375,0.1280344375,0.16702150000000002,0.38397875
0.3125,0.125,0.4375,0.1166331875,0.17235675,0.449017625
0.3125,0.125,0.5,0.1052319375,0.17769200000000002,0.5140564999999999
0.3125,0.125,0.5625,0.0938306875,0.18302725000000003,0.5790953749999999
0.3125,0.125,0.625,0.0824294375,0.18836250000000002,0.6441342499999999
0.3125,0.125,0.6875,0.0710281875,0.19369775,0.709173125
0.3125,0.125,0.75,0.059626937500000005,0.19903300000000002,0.7742119999999999
0.3125,0.125,0.8125,0.0482256875,0.20436825000000003,0.8392508749999998
0.3125,0.125,0.875,0.0368244375,0.20970350000000001,0.9042897499999999
0.3125,0.125,0.9375,0.0254231875,0.21503875,0.9693286249999999
0.3125,0.125,1.0,0.014021937499999998,0.22037400000000001,1.0343674999999999
0.3125,0.1875,0.0,0.2541299375,0.18528125,-0.008401125
0.3125,0.1875,0.0625,0.2427286875,0.19061650000000002,0.056637749999999994
0.3125,0.1875,0.125,0.2313274375,0.19595175,0.121676625
0.3125,0.1875,0.1875,0.2199261875,0.201287,0.18671549999999998
0.3125,0.1875,0.25,0.2085249375,0.20662225,0.251754375
0.3125,0.1875,0.3125,0.1971236875,0.21195750000000002,0.31679324999999997
0.3125,0.1875,0.375,0.1857224375,0.21729275,0.38183212499999997
0.3125,0.1875,0.4375,0.17432118750000003,0.222628,0.44687099999999996
0.3125,0.1875,0.5,0.1629199375,0.22796325,0.511909875
0.3125,0.1875,0.5625,0.15151868750000003,0.23329850000000002,0.5769487499999999
0.3125,0.1875,0.625,0.1401174375,0.23863375,0.641987625
0.3125,0.1875,0.6875,0.12871618750000002,0.243969,0.7070265
0.3125,0.1875,0.75,0.11731493750000002,0.24930425,0.7720653749999999
0.3125,0.1875,0.8125,0.10591368750000002,0.2546395,0.8371042499999999
0.3125,0.1875,0.875,0.09451243750000002,0.25997475000000003,0.9021431249999999
0.3125,0.1875,0.9375,0.08311118750000002,0.26531,0.967182
0.3125,0.1875,1.0,0.07170993750000001,0.27064525,1.032220875
0.3125,0.25,0.0,0.31181793750000003,0.2355525,-0.010547750000000002
0.3125,0.25,0.0625,0.30041668750000006,0.24088775,0.054491124999999994
0.3125,0.25,0.125,0.2890154375,0.246223,0.11953
0.3125,0.25,0.1875,0.27761418750000005,0.25155825,0.184568875
0.3125,0.25,0.25,0.2662129375,0.2568935,0.24960775
0.3125,0.25,0.3125,0.25481168750000005,0.26222875,0.31464662499999996
0.3125,0.25,0.375,0.24341043750000002,0.267564,0.37968549999999995
0.3125,0.25,0.4375,0.23200918750000005,0.27289925,0.44472437499999995
0.3125,0.25,0.5,0.22060793750000002,0.2782345,0.50976325
0.3125,0.25,0.5625,0.20920668750000004,0.28356975,0.5748021249999999
0.3125,0.25,0.625,0.19780543750000001,0.28890499999999997,0.639841
0.3125,0.25,0.6875,0.18640418750000004,0.29424025,0.704879875
0.3125,0.25,0.75,0.17500293750000004,0.2995755,0.76991875
0.3125,0.25,0.8125,0.16360168750000004,0.30491075,0.8349576249999999
0.3125,0.25,0.875,0.15220043750000004,0.310246,0.8999965
0.3125,0.25,0.9375,0.14079918750000003,0.31558125,0.965035375
0.3125,0.25,1.0,0.12939793750000003,0.3209165,1.03007425
0.3125,0.3125,0.0,0.36950593750000005,0.28582375,-0.012694375
0.3125,0.3125,0.0625,0.3581046875000001,0.291159,0.052344499999999995
0.3125,0.3125,0.125,0.34670343750000004,0.29649424999999996,0.11738337499999998
0.3125,0.3125,0.1875,0.33530218750000007,0.3018295,0.18242224999999998
0.3125,0.3125,0.25,0.32390093750000004,0.30716475,0.24746112499999998
0.3125,0.3125,0.3125,0.31249968750000007,0.3125,0.3125
0.3125,0.3125,0.375,0.30109843750000004,0.31783525,0.377538875
0.3125,0.3125,0.4375,0.28969718750000006,0.32317049999999997,0.44257775
0.3125,0.3125,0.5,0.27829593750000003,0.32850575,0.5076166249999999
0.3125,0.3125,0.5625,0.26689468750000006,0.333841,0.5726554999999999
0.3125,0.3125,0.625,0.25549343750000003,0.33917624999999996,0.6376943749999999
0.3125,0.3125,0.6875,0.24409218750000006,0.34451149999999997,0.70273325
0.3125,0.3125,0.75,0.23269093750000006,0.34984675,0.7677721249999999
0.3125,0.3125,0.8125,0.22128968750000005,0.355182,0.8328109999999999
0.3125,0.3125,0.875,0.20988843750000005,0.36051725,0.8978498749999999
0.3125,0.3125,0.9375,0.19848718750000005,0.36585249999999997,0.96288875
0.3125,0.3125,1.0,0.18708593750000005,0.37118775,1.027927625
0.3125,0.375,0.0,0.4271939375,0.33609500000000003,-0.014841
0.3125,0.375,0.0625,0.41579268750000004,0.34143025000000005,0.050197874999999996
0.3125,0.375,0.125,0.4043914375,0.34676550000000006,0.11523675
0.3125,0.375,0.1875,0.39299018750000003,0.35210075,0.180275625
0.3125,0.375,0.25,0.3815889375,0.35743600000000003,0.2453145
0.3125,0.375,0.3125,0.37018768750000003,0.36277125000000005,0.310353375
0.3125,0.375,0.375,0.3587864375,0.3681065,0.37539225
0.3125,0.375,0.4375,0.3473851875,0.37344175,0.440431125
0.3125,0.375,0.5,0.3359839375,0.37877700000000003,0.50547
0.3125,0.375,0.5625,0.3245826875,0.38411225000000004,0.5705088749999999
0.3125,0.375,0.625,0.3131814375,0.38944750000000006,0.63554775
0.3125,0.375,0.6875,0.3017801875,0.39478275,0.700586625
0.3125,0.375,0.75,0.2903789375,0.40011800000000003,0.7656255
0.3125,0.375,0.8125,0.2789776875,0.40545325000000004,0.8306643749999999
0.3125,0.375,0.875,0.26757643750000004,0.4107885,0.89570325
0.3125,0.375,0.9375,0.2561751875,0.41612375,0.960742125
0.3125,0.375,1.0,0.2447739375,0.42145900000000003,1.0257809999999998
0.3125,0.4375,0.0,0.4848819375,0.38636625,-0.016987625000000003
0.3125,0.4375,0.0625,0.47348068750000005,0.39170150000000004,0.04805124999999999
0.3125,0.4375,0.125,0.4620794375,0.39703675000000005,0.11309012499999999
0.3125,0.4375,0.1875,0.45067818750000005,0.402372,0.17812899999999998
0.3125,0.4375,0.25,0.4392769375,0.40770725,0.24316787499999998
0.3125,0.4375,0.3125,0.42787568750000005,0.41304250000000003,0.30820675
0.3125,0.4375,0.375,0.4164744375,0.41837775,0.37324562499999997
0.3125,0.4375,0.4375,0.40507318750000004,0.423713,0.43828449999999997
0.3125,0.4375,0.5,0.3936719375,0.42904825,0.503323375
0.3125,0.4375,0.5625,0.38227068750000004,0.43438350000000003,0.56836225
0.3125,0.4375,0.625,0.3708694375,0.43971875000000005,0.633401125
0.3125,0.4375,0.6875,0.35946818750000004,0.445054,0.6984400000000001
0.3125,0.4375,0.75,0.34806693750000006,0.45038925,0.763478875
0.3125,0.4375,0.8125,0.33666568750000003,0.45572450000000003,0.8285177499999999
0.3125,0.4375,0.875,0.3252644375,0.46105975,0.893556625
0.3125,0.4375,0.9375,0.31386318750000003,0.466395,0.9585955
0.3125,0.4375,1.0,0.30246193750000006,0.47173025,1.0236343749999999
0.3125,0.5,0.0,0.5425699375,0.4366375,-0.019134250000000002
0.3125,0.5,0.0625,0.5311686875,0.44197275,0.04590462499999999
0.3125,0.5,0.125,0.5197674375000001,0.44730800000000004,0.11094349999999999
0.3125,0.5,0.1875,0.5083661875000001,0.45264325,0.175982375
0.3125,0.5,0.25,0.49696493750000004,0.4579785,0.24102125
0.3125,0.5,0.3125,0.48556368750000006,0.46331375,0.30606012499999996
0.3125,0.5,0.375,0.47416243750000003,0.468649,0.37109899999999996
0.3125,0.5,0.4375,0.46276118750000006,0.47398425,0.43613787499999995
0.3125,0.5,0.5,0.45135993750000003,0.4793195,0.50117675
0.3125,0.5,0.5625,0.43995868750000006,0.48465475,0.5662156249999999
0.3125,0.5,0.625,0.4285574375,0.48999000000000004,0.6312544999999999
0.3125,0.5,0.6875,0.41715618750000005,0.49532525,0.696293375
0.3125,0.5,0.75,0.4057549375,0.5006605,0.7613322499999999
0.3125,0.5,0.8125,0.39435368750000005,0.50599575,0.8263711249999999
0.3125,0.5,0.875,0.3829524375000001,0.511331,0.8914099999999999
0.3125,0.5,0.9375,0.37155118750000005,0.51666625,0.956448875
0.3125,0.5,1.0,0.3601499375,0.5220015,1.02148775
0.3125,0.5625,0.0,0.6002579375,0.48690875,-0.021280875
0.3125,0.5625,0.0625,0.5888566875,0.492244,0.04375799999999999
0.3125,0.5625,0.125,0.5774554375000001,0.49757925000000003,0.10879687499999999
0.3125,0.5625,0.1875,0.5660541875,0.5029145,0.17383574999999998
0.3125,0.5625,0.25,0.5546529375,0.5082497500000001,0.23887462499999998
0.3125,0.5625,0.3125,0.5432516875,0.513585,0.3039135
0.3125,0.5625,0.375,0.5318504375,0.51892025,0.368952375
0.3125,0.5625,0.4375,0.5204491875,0.5242555,0.43399125
0.3125,0.5625,0.5,0.5090479375,0.52959075,0.499030125
0.3125,0.5625,0.5625,0.4976466875,0.534926,0.5640689999999999
0.3125,0.5625,0.625,0.4862454375,0.54026125,0.629107875
0.3125,0.5625,0.6875,0.4748441875,0.5455965,0.69414675
0.3125,0.5625,0.75,0.4634429375,0.5509317499999999,0.759185625
0.3125,0.5625,0.8125,0.4520416875,0.556267,0.8242244999999999
0.3125,0.5625,0.875,0.44064043750000004,0.56160225,0.889263375
0.3125,0.5625,0.9375,0.4292391875,0.5669375,0.95430225
0.3125,0.5625,1.0,0.4178379375,0.57227275,1.019341125
0.3125,0.625,0.0,0.6579459375000001,0.53718,-0.0234275
0.3125,0.625,0.0625,0.6465446875,0.54251525,0.04161137499999999
0.3125,0.625,0.125,0.6351434375000001,0.5478505,0.10665024999999999
0.3125,0.625,0.1875,0.6237421875000001,0.55318575,0.171689125
0.3125,0.625,0.25,0.6123409375000001,0.558521,0.236728
0.3125,0.625,0.3125,0.6009396875,0.56385625,0.301766875
0.3125,0.625,0.375,0.5895384375000001,0.5691915,0.36680575
0.3125,0.625,0.4375,0.5781371875000001,0.57452675,0.431844625
0.3125,0.625,0.5,0.5667359375000001,0.579862,0.4968835
0.3125,0.625,0.5625,0.5553346875,0.58519725,0.5619223749999999
0.3125,0.625,0.625,0.5439334375000001,0.5905325,0.6269612499999999
0.3125,0.625,0.6875,0.5325321875000001,0.59586775,0.692000125
0.3125,0.625,0.75,0.5211309375000001,0.6012029999999999,0.7570389999999999
0.3125,0.625,0.8125,0.5097296875000001,0.60653825,0.8220778749999998
0.3125,0.625,0.875,0.4983284375000001,0.6118735,0.8871167499999999
0.3125,0.625,0.9375,0.4869271875000001,0.61720875,0.952155625
0.3125,0.625,1.0,0.47552593750000005,0.622544,1.0171945
0.3125,0.6875,0.0,0.7156339375,0.58745125,-0.025574125000000003
0.3125,0.6875,0.0625,0.7042326875,0.5927865,0.03946474999999999
0.3125,0.6875,0.125,0.6928314375000001,0.59812175,0.10450362499999999
0.3125,0.6875,0.1875,0.6814301875000001,0.603457,0.16954249999999998
0.3125,0.6875,0.25,0.6700289375,0.60879225,0.23458137499999998
0.3125,0.6875,0.3125,0.6586276875,0.6141274999999999,0.29962025
0.3125,0.6875,0.375,0.6472264375000001,0.61946275,0.364659125
0.3125,0.6875,0.4375,0.6358251875,0.624798,0.42969799999999997
0.3125,0.6875,0.5,0.6244239375,0.63013325,0.49473687499999996
0.3125,0.6875,0.5625,0.6130226875,0.6354685,0.5597757499999999
0.3125,0.6875,0.625,0.6016214375000001,0.64080375,0.624814625
0.3125,0.6875,0.6875,0.5902201875,0.646139,0.6898535
0.3125,0.6875,0.75,0.5788189375,0.6514742499999999,0.754892375
0.3125,0.6875,0.8125,0.5674176875000001,0.6568094999999999,0.8199312499999999
0.3125,0.6875,0.875,0.5560164375000001,0.66214475,0.8849701249999999
0.3125,0.6875,0.9375,0.5446151875,0.66748,0.950009
0.3125,0.6875,1.0,0.5332139375,0.67281525,1.015047875
0.3125,0.75,0.0,0.7733219375,0.6377225000000001,-0.027720750000000002
0.3125,0.75,0.0625,0.7619206875,0.6430577500000001,0.037318124999999994
0.3125,0.75,0.125,0.7505194375,0.6483930000000001,0.10235699999999999
0.3125,0.75,0.1875,0.7391181875,0.6537282500000001,0.16739587499999997
0.3125,0.75,0.25,0.7277169375,0.6590635,0.23243474999999997
0.3125,0.75,0.3125,0.7163156875,0.66439875,0.29747362499999996
0.3125,0.75,0.375,0.7049144375,0.669734,0.36251249999999996
0.3125,0.75,0.4375,0.6935131875,0.6750692500000001,0.42755137499999996
0.3125,0.75,0.5,0.6821119375,0.6804045000000001,0.49259024999999995
0.3125,0.75,0.5625,0.6707106875,0.6857397500000001,0.557629125
0.3125,0.75,0.625,0.6593094375,0.6910750000000001,0.622668
0.3125,0.75,0.6875,0.6479081875,0.6964102500000001,0.687706875
0.3125,0.75,0.75,0.6365069375,0.7017455000000001,0.75274575
0.3125,0.75,0.8125,0.6251056875000001,0.70708075,0.8177846249999999
0.3125,0.75,0.875,0.6137044375,0.712416,0.8828235
0.3125,0.75,0.9375,0.6023031875,0.7177512500000001,0.947862375
0.3125,0.75,1.0,0.5909019375,0.7230865000000001,1.0129012499999999
0.3125,0.8125,0.0,0.8310099375000001,0.6879937500000001,-0.029867375
0.3125,0.8125,0.0625,0.8196086875,0.6933290000000001,0.035171499999999994
0.3125,0.8125,0.125,0.8082074375000001,0.6986642500000001,0.10021037499999999
0.3125,0.8125,0.1875,0.7968061875000001,0.7039995000000001,0.16524925
0.3125,0.8125,0.25,0.7854049375000001,0.70933475,0.23028812499999998
0.3125,0.8125,0.3125,0.7740036875,0.71467,0.295327
0.3125,0.8125,0.375,0.7626024375000001,0.72000525,0.36036587499999995
0.3125,0.8125,0.4375,0.7512011875000001,0.7253405,0.42540475
0.3125,0.8125,0.5,0.7397999375000001,0.7306757500000001,0.49044362499999994
0.3125,0.8125,0.5625,0.7283986875,0.7360110000000001,0.5554824999999999
0.3125,0.8125,0.625,0.7169974375000001,0.7413462500000001,0.6205213749999999
0.3125,0.8125,0.6875,0.7055961875000001,0.7466815000000001,0.68556025
0.3125,0.8125,0.75,0.6941949375,0.7520167500000001,0.7505991249999999
0.3125,0.8125,0.8125,0.6827936875,0.757352,0.8156379999999999
0.3125,0.8125,0.875,0.6713924375000001,0.76268725,0.8806768749999999
0.3125,0.8125,0.9375,0.6599911875000001,0.7680225,0.94571575
0.3125,0.8125,1.0,0.6485899375,0.7733577500000001,1.010754625
0.3125,0.875,0.0,0.8886979375,0.7382650000000001,-0.032014
0.3125,0.875,0.0625,0.8772966875,0.7436002500000001,0.033024874999999995
0.3125,0.875,0.125,0.8658954375000001,0.7489355000000001,0.09806374999999999
0.3125,0.875,0.1875,0.8544941875000001,0.7542707500000001,0.163102625
0.3125,0.875,0.25,0.8430929375,0.759606,0.2281415
0.3125,0.875,0.3125,0.8316916875,0.76494125,0.293180375
0.3125,0.875,0.375,0.8202904375000001,0.7702765,0.35821925
0.3125,0.875,0.4375,0.8088891875,0.77561175,0.423258125
0.3125,0.875,0.5,0.7974879375,0.7809470000000001,0.488297
0.3125,0.875,0.5625,0.7860866875,0.7862822500000001,0.5533358749999999
0.3125,0.875,0.625,0.7746854375000001,0.7916175000000001,0.61837475
0.3125,0.875,0.6875,0.7632841875,0.7969527500000001,0.683413625
0.3125,0.875,0.75,0.7518829375,0.8022880000000001,0.7484525
0.3125,0.875,0.8125,0.7404816875,0.80762325,0.8134913749999999
0.3125,0.875,0.875,0.7290804375000001,0.8129585,0.87853025
0.3125,0.875,0.9375,0.7176791875,0.81829375,0.943569125
0.3125,0.875,1.0,0.7062779375,0.8236290000000001,1.008608
0.3125,0.9375,0.0,0.9463859375000001,0.78853625,-0.034160625
0.3125,0.9375,0.0625,0.9349846875000001,0.7938715000000001,0.030878249999999996
0.3125,0.9375,0.125,0.9235834375000002,0.7992067500000001,0.09591712499999999
0.3125,0.9375,0.1875,0.9121821875000001,0.8045420000000001,0.160956
0.3125,0.9375,0.25,0.9007809375000001,0.80987725,0.22599487499999998
0.3125,0.9375,0.3125,0.8893796875000001,0.8152125,0.29103375
0.3125,0.9375,0.375,0.8779784375000002,0.82054775,0.356072625
0.3125,0.9375,0.4375,0.8665771875000001,0.825883,0.42111149999999997
0.3125,0.9375,0.5,0.8551759375000001,0.83121825,0.48615037499999997
0.3125,0.9375,0.5625,0.8437746875000001,0.8365535000000001,0.55118925
0.3125,0.9375,0.625,0.8323734375000001,0.8418887500000001,0.6162281249999999
0.3125,0.9375,0.6875,0.8209721875000001,0.8472240000000001,0.6812670000000001
0.3125,0.9375,0.75,0.8095709375000001,0.8525592500000001,0.746305875
0.3125,0.9375,0.8125,0.7981696875000002,0.8578945,0.81134475
0.3125,0.9375,0.875,0.7867684375000001,0.86322975,0.8763836249999999
0.3125,0.9375,0.9375,0.7753671875000001,0.868565,0.9414225
0.3125,0.9375,1.0,0.7639659375000001,0.87390025,1.006461375
0.3125,1.0,0.0,1.0040739375,0.8388075,-0.03630725
0.3125,1.0,0.0625,0.9926726875,0.84414275,0.028731624999999997
0.3125,1.0,0.125,0.9812714375000001,0.8494780000000001,0.09377049999999999
0.3125,1.0,0.1875,0.9698701875000001,0.8548132500000001,0.15880937499999997
0.3125,1.0,0.25,0.9584689375000001,0.8601485,0.22384824999999997
0.3125,1.0,0.3125,0.9470676875,0.86548375,0.28888712499999997
0.3125,1.0,0.375,0.9356664375000001,0.870819,0.35392599999999996
0.3125,1.0,0.4375,0.9242651875000001,0.87615425,0.41896487499999996
0.3125,1.0,0.5,0.9128639375000001,0.8814895,0.48400374999999995
0.3125,1.0,0.5625,0.9014626875,0.88682475,0.5490426249999999
0.3125,1.0,0.625,0.8900614375000001,0.8921600000000001,0.6140815
0.3125,1.0,0.6875,0.8786601875000001,0.8974952500000001,0.679120375
0.3125,1.0,0.75,0.8672589375,0.9028305000000001,0.7441592499999999
0.3125,1.0,0.8125,0.8558576875000001,0.90816575,0.8091981249999999
0.3125,1.0,0.875,0.8444564375000001,0.913501,0.8742369999999999
0.3125,1.0,0.9375,0.8330551875000001,0.91883625,0.939275875
0.3125,1.0,1.0,0.8216539375,0.9241715,1.00431475
0.375,0.0,0.0,0.097279125,0.041361,-0.0023535
0.375,0.0,0.0625,0.08587787499999999,0.04669625,0.062685375
0.375,0.0,0.125,0.07447662499999999,0.0520315,0.12772424999999998
0.375,0.0,0.1875,0.06307537499999999,0.05736675,0.19276312499999998
0.375,0.0,0.25,0.051674124999999994,0.06270200000000001,0.257802
0.375,0.0,0.3125,0.04027287499999999,0.06803725,0.32284087499999997
0.375,0.0,0.375,0.028871624999999998,0.07337250000000001,0.38787974999999997
0.375,0.0,0.4375,0.017470374999999996,0.07870774999999999,0.45291862499999996
0.375,0.0,0.5,0.006069124999999995,0.084043,0.5179575
0.375,0.0,0.5625,-0.005332125000000007,0.08937824999999999,0.5829963749999999
0.375,0.0,0.625,-0.01673337500000001,0.0947135,0.64803525
0.375,0.0,0.6875,-0.028134624999999996,0.10004874999999999,0.713074125
0.375,0.0,0.75,-0.039535875,0.105384,0.7781129999999999
0.375,0.0,0.8125,-0.050937125,0.11071924999999999,0.8431518749999999
0.375,0.0,0.875,-0.062338375,0.1160545,0.9081907499999999
0.375,0.0,0.9375,-0.073739625,0.12138974999999999,0.973229625
0.375,0.0,1.0,-0.085140875,0.126725,1.0382685
0.375,0.0625,0.0,0.15496712499999998,0.09163225,-0.004500125000000001
0.375,0.0625,0.0625,0.14356587499999998,0.0969675,0.060538749999999995
0.375,0.0625,0.125,0.13216462499999998,0.10230275,0.125577625
0.375,0.0625,0.1875,0.12076337499999998,0.107638,0.1906165
0.375,0.0625,0.25,0.10936212499999998,0.11297325,0.25565537499999996
0.375,0.0625,0.3125,0.09796087499999998,0.1183085,0.32069424999999996
0.375,0.0625,0.375,0.08655962499999999,0.12364375,0.38573312499999995
0.375,0.0625,0.4375,0.07515837499999999,0.128979,0.45077199999999995
0.375,0.0625,0.5,0.06375712499999998,0.13431425,0.515810875
0.375,0.0625,0.5625,0.05235587499999998,0.13964949999999998,0.5808497499999999
0.375,0.0625,0.625,0.04095462499999998,0.14498475,0.645888625
0.375,0.0625,0.6875,0.029553374999999993,0.15032,0.7109275
0.375,0.0625,0.75,0.01815212499999999,0.15565525,0.775966375
0.375,0.0625,0.8125,0.0067508749999999895,0.16099049999999998,0.8410052499999999
0.375,0.0625,0.875,-0.004650375000000012,0.16632575,0.906044125
0.375,0.0625,0.9375,-0.016051625000000014,0.171661,0.971083
0.375,0.0625,1.0,-0.027452875000000015,0.17699625,1.0361218749999999
0.375,0.125,0.0,0.212655125,0.14190350000000002,-0.00664675
0.375,0.125,0.0625,0.201253875,0.14723875000000003,0.058392124999999996
0.375,0.125,0.125,0.189852625,0.15257400000000002,0.12343099999999999
0.375,0.125,0.1875,0.178451375,0.15790925,0.18846987499999998
0.375,0.125,0.25,0.167050125,0.16324450000000001,0.25350875
0.375,0.125,0.3125,0.155648875,0.16857975000000003,0.318547625
0.375,0.125,0.375,0.144247625,0.17391500000000001,0.3835865
0.375,0.125,0.4375,0.13284637500000002,0.17925025,0.448625375
0.375,0.125,0.5,0.121445125,0.1845855,0.5136642499999999
0.375,0.125,0.5625,0.110043875,0.18992075000000003,0.5787031249999999
0.375,0.125,0.625,0.098642625,0.195256,0.6437419999999999
0.375,0.125,0.6875,0.08724137500000001,0.20059125,0.708780875
0.375,0.125,0.75,0.07584012500000001,0.2059265,0.7738197499999999
0.375,0.125,0.8125,0.064438875,0.21126175000000003,0.8388586249999999
0.375,0.125,0.875,0.053037625000000005,0.216597,0.9038974999999999
0.375,0.125,0.9375,0.041636375,0.22193225,0.968936375
0.375,0.125,1.0,0.030235125,0.2272675,1.03397525
0.375,0.1875,0.0,0.270343125,0.19217475000000003,-0.008793375
0.375,0.1875,0.0625,0.25894187500000004,0.19751000000000002,0.0562455
0.375,0.1875,0.125,0.24754062500000001,0.20284525000000003,0.12128437499999999
0.375,0.1875,0.1875,0.236139375,0.20818050000000005,0.18632325
0.375,0.1875,0.25,0.224738125,0.21351575000000003,0.251362125
0.375,0.1875,0.3125,0.213336875,0.21885100000000002,0.316401
0.375,0.1875,0.375,0.201935625,0.22418625000000003,0.381439875
0.375,0.1875,0.4375,0.19053437500000003,0.22952150000000004,0.44647875
0.375,0.1875,0.5,0.179133125,0.23485675000000003,0.511517625
0.375,0.1875,0.5625,0.16773187500000003,0.24019200000000002,0.5765564999999999
0.375,0.1875,0.625,0.156330625,0.24552725000000003,0.641595375
0.375,0.1875,0.6875,0.14492937500000003,0.25086250000000004,0.70663425
0.375,0.1875,0.75,0.13352812500000003,0.25619775,0.771673125
0.375,0.1875,0.8125,0.12212687500000002,0.261533,0.8367119999999999
0.375,0.1875,0.875,0.11072562500000002,0.26686825000000003,0.901750875
0.375,0.1875,0.9375,0.09932437500000002,0.27220350000000004,0.96678975
0.375,0.1875,1.0,0.08792312500000002,0.27753875000000006,1.031828625
0.375,0.25,0.0,0.328031125,0.24244600000000002,-0.01094
0.375,0.25,0.0625,0.316629875,0.24778125,0.054098875
0.375,0.25,0.125,0.305228625,0.2531165,0.11913774999999999
0.375,0.25,0.1875,0.293827375,0.25845175000000004,0.18417662499999998
0.375,0.25,0.25,0.282426125,0.263787,0.24921549999999998
0.375,0.25,0.3125,0.271024875,0.26912225,0.314254375
0.375,0.25,0.375,0.25962362499999997,0.2744575,0.37929324999999997
0.375,0.25,0.4375,0.248222375,0.27979275000000003,0.44433212499999997
0.375,0.25,0.5,0.23682112499999997,0.28512800000000005,0.509371
0.375,0.25,0.5625,0.225419875,0.29046325,0.574409875
0.375,0.25,0.625,0.21401862499999996,0.2957985,0.63944875
0.375,0.25,0.6875,0.202617375,0.30113375000000003,0.7044876250000001
0.375,0.25,0.75,0.191216125,0.306469,0.7695265
0.375,0.25,0.8125,0.17981487499999999,0.31180425,0.8345653749999999
0.375,0.25,0.875,0.16841362499999998,0.3171395,0.89960425
0.375,0.25,0.9375,0.15701237499999998,0.32247475000000003,0.964643125
0.375,0.25,1.0,0.14561112499999998,0.32781000000000005,1.029682
0.375,0.3125,0.0,0.38571912500000005,0.29271725,-0.013086625
0.375,0.3125,0.0625,0.3743178750000001,0.2980525,0.05195225
0.375,0.3125,0.125,0.36291662500000005,0.30338774999999996,0.11699112499999999
0.375,0.3125,0.1875,0.3515153750000001,0.30872299999999997,0.18203
0.375,0.3125,0.25,0.34011412500000004,0.31405825,0.247068875
0.375,0.3125,0.3125,0.32871287500000007,0.3193935,0.31210774999999996
0.375,0.3125,0.375,0.31731162500000004,0.32472875,0.37714662499999996
0.375,0.3125,0.4375,0.30591037500000007,0.33006399999999997,0.44218549999999995
0.375,0.3125,0.5,0.29450912500000004,0.33539925,0.507224375
0.375,0.3125,0.5625,0.28310787500000006,0.3407345,0.5722632499999999
0.375,0.3125,0.625,0.27170662500000003,0.34606974999999995,0.6373021249999999
0.375,0.3125,0.6875,0.26030537500000006,0.35140499999999997,0.702341
0.375,0.3125,0.75,0.24890412500000006,0.35674025,0.7673798749999999
0.375,0.3125,0.8125,0.23750287500000006,0.3620755,0.8324187499999999
0.375,0.3125,0.875,0.22610162500000006,0.36741075,0.8974576249999999
0.375,0.3125,0.9375,0.21470037500000005,0.37274599999999997,0.9624965
0.375,0.3125,1.0,0.20329912500000005,0.37808125,1.027535375
0.375,0.375,0.0,0.443407125,0.34298850000000003,-0.01523325
0.375,0.375,0.0625,0.43200587500000004,0.34832375000000004,0.04980562499999999
0.375,0.375,0.125,0.420604625,0.35365900000000006,0.11484449999999999
0.375,0.375,0.1875,0.40920337500000004,0.35899425,0.17988337499999998
0.375,0.375,0.25,0.397802125,0.36432950000000003,0.24492224999999998
0.375,0.375,0.3125,0.38640087500000003,0.36966475000000004,0.309961125
0.375,0.375,0.375,0.374999625,0.375,0.375
0.375,0.375,0.4375,0.36359837500000003,0.38033525,0.440038875
0.375,0.375,0.5,0.352197125,0.3856705,0.50507775
0.375,0.375,0.5625,0.340795875,0.39100575000000004,0.5701166249999999
0.375,0.375,0.625,0.329394625,0.39634100000000005,0.6351555
0.375,0.375,0.6875,0.317993375,0.40167625,0.700194375
0.375,0.375,0.75,0.306592125,0.4070115,0.76523325
0.375,0.375,0.8125,0.295190875,0.41234675000000004,0.8302721249999999
0.375,0.375,0.875,0.28378962500000005,0.417682,0.895311
0.375,0.375,0.9375,0.272388375,0.42301725,0.960349875
0.375,0.375,1.0,0.260987125,0.4283525,1.0253887499999998
0.375,0.4375,0.0,0.501095125,0.39325975,-0.017379875000000003
0.375,0.4375,0.0625,0.489693875,0.39859500000000003,0.04765899999999999
0.375,0.4375,0.125,0.47829262499999997,0.40393025000000005,0.11269787499999999
0.375,0.4375,0.1875,0.466891375,0.4092655,0.17773675
0.375,0.4375,0.25,0.45549012499999997,0.41460075,0.242775625
0.375,0.4375,0.3125,0.444088875,0.41993600000000003,0.3078145
0.375,0.4375,0.375,0.43268762499999996,0.42527125,0.372853375
0.375,0.4375,0.4375,0.421286375,0.4306065,0.43789225
0.375,0.4375,0.5,0.40988512499999996,0.43594175,0.5029311249999999
0.375,0.4375,0.5625,0.398483875,0.44127700000000003,0.5679699999999999
0.375,0.4375,0.625,0.38708262499999996,0.44661225000000004,0.6330088749999999
0.375,0.4375,0.6875,0.375681375,0.4519475,0.69804775
0.375,0.4375,0.75,0.36428012499999995,0.45728275,0.7630866249999999
0.375,0.4375,0.8125,0.352878875,0.46261800000000003,0.8281254999999998
0.375,0.4375,0.875,0.341477625,0.46795325,0.8931643749999999
0.375,0.4375,0.9375,0.330076375,0.4732885,0.95820325
0.375,0.4375,1.0,0.31867512499999995,0.47862375,1.023242125
0.375,0.5,0.0,0.558783125,0.443531,-0.019526500000000002
0.375,0.5,0.0625,0.547381875,0.44886625,0.045512374999999994
0.375,0.5,0.125,0.5359806250000001,0.45420150000000004,0.11055124999999999
0.375,0.5,0.1875,0.5245793750000001,0.45953675,0.17559012499999999
0.375,0.5,0.25,0.513178125,0.464872,0.24062899999999998
0.375,0.5,0.3125,0.501776875,0.47020725,0.305667875
0.375,0.5,0.375,0.49037562500000004,0.4755425,0.37070675
0.375,0.5,0.4375,0.47897437500000006,0.48087775,0.43574562499999997
0.375,0.5,0.5,0.46757312500000003,0.486213,0.5007845
0.375,0.5,0.5625,0.45617187500000006,0.49154825,0.5658233749999999
0.375,0.5,0.625,0.44477062500000003,0.49688350000000003,0.63086225
0.375,0.5,0.6875,0.43336937500000006,0.50221875,0.695901125
0.375,0.5,0.75,0.421968125,0.5075540000000001,0.76094
0.375,0.5,0.8125,0.41056687500000005,0.51288925,0.8259788749999999
0.375,0.5,0.875,0.3991656250000001,0.5182245,0.8910177499999999
0.375,0.5,0.9375,0.38776437500000005,0.52355975,0.956056625
0.375,0.5,1.0,0.376363125,0.528895,1.0210955
0.375,0.5625,0.0,0.616471125,0.49380225,-0.021673125
0.375,0.5625,0.0625,0.605069875,0.4991375,0.043365749999999995
0.375,0.5625,0.125,0.5936686250000001,0.50447275,0.10840462499999999
0.375,0.5625,0.1875,0.582267375,0.509808,0.17344349999999997
0.375,0.5625,0.25,0.570866125,0.5151432499999999,0.23848237499999997
0.375,0.5625,0.3125,0.559464875,0.5204785,0.30352124999999996
0.375,0.5625,0.375,0.548063625,0.52581375,0.36856012499999996
0.375,0.5625,0.4375,0.536662375,0.531149,0.43359899999999996
0.375,0.5625,0.5,0.525261125,0.53648425,0.49863787499999995
0.375,0.5625,0.5625,0.513859875,0.5418195,0.56367675
0.375,0.5625,0.625,0.502458625,0.54715475,0.628715625
0.375,0.5625,0.6875,0.491057375,0.55249,0.6937545
0.375,0.5625,0.75,0.479656125,0.55782525,0.758793375
0.375,0.5625,0.8125,0.468254875,0.5631605,0.8238322499999999
0.375,0.5625,0.875,0.45685362500000004,0.56849575,0.888871125
0.375,0.5625,0.9375,0.445452375,0.573831,0.95391
0.375,0.5625,1.0,0.434051125,0.57916625,1.018948875
0.375,0.625,0.0,0.6741591250000001,0.5440735,-0.02381975
0.375,0.625,0.0625,0.662757875,0.54940875,0.041219124999999995
0.375,0.625,0.125,0.6513566250000001,0.554744,0.10625799999999999
0.375,0.625,0.1875,0.6399553750000001,0.56007925,0.171296875
0.375,0.625,0.25,0.6285541250000001,0.5654144999999999,0.23633574999999998
0.375,0.625,0.3125,0.617152875,0.57074975,0.301374625
0.375,0.625,0.375,0.6057516250000001,0.576085,0.36641349999999995
0.375,0.625,0.4375,0.5943503750000001,0.58142025,0.431452375
0.375,0.625,0.5,0.5829491250000001,0.5867555,0.49649124999999994
0.375,0.625,0.5625,0.571547875,0.59209075,0.5615301249999999
0.375,0.625,0.625,0.5601466250000001,0.597426,0.6265689999999999
0.375,0.625,0.6875,0.5487453750000001,0.60276125,0.691607875
0.375,0.625,0.75,0.5373441250000001,0.6080965,0.7566467499999999
0.375,0.625,0.8125,0.5259428750000001,0.6134317499999999,0.8216856249999999
0.375,0.625,0.875,0.5145416250000001,0.618767,0.8867244999999999
0.375,0.625,0.9375,0.5031403750000001,0.62410225,0.951763375
0.375,0.625,1.0,0.49173912500000005,0.6294375,1.01680225
0.375,0.6875,0.0,0.731847125,0.59434475,-0.025966375000000003
0.375,0.6875,0.0625,0.720445875,0.59968,0.039072499999999996
0.375,0.6875,0.125,0.7090446250000001,0.60501525,0.10411137499999999
0.375,0.6875,0.1875,0.6976433750000001,0.6103505,0.16915024999999997
0.375,0.6875,0.25,0.686242125,0.6156857499999999,0.23418912499999997
0.375,0.6875,0.3125,0.674840875,0.6210209999999999,0.299228
0.375,0.6875,0.375,0.6634396250000001,0.62635625,0.364266875
0.375,0.6875,0.4375,0.6520383750000001,0.6316915,0.42930575
0.375,0.6875,0.5,0.640637125,0.63702675,0.494344625
0.375,0.6875,0.5625,0.629235875,0.642362,0.5593834999999999
0.375,0.6875,0.625,0.6178346250000001,0.64769725,0.624422375
0.375,0.6875,0.6875,0.606433375,0.6530325,0.68946125
0.375,0.6875,0.75,0.595032125,0.65836775,0.754500125
0.375,0.6875,0.8125,0.5836308750000001,0.6637029999999999,0.8195389999999999
0.375,0.6875,0.875,0.5722296250000001,0.66903825,0.884577875
0.375,0.6875,0.9375,0.560828375,0.6743735,0.94961675
0.375,0.6875,1.0,0.549427125,0.67970875,1.0146556249999998
0.375,0.75,0.0,0.789535125,0.6446160000000001,-0.028113000000000003
0.375,0.75,0.0625,0.778133875,0.6499512500000001,0.036925875
0.375,0.75,0.125,0.7667326250000001,0.6552865000000001,0.10196474999999999
0.375,0.75,0.1875,0.755331375,0.6606217500000001,0.167003625
0.375,0.75,0.25,0.743930125,0.6659570000000001,0.23204249999999998
0.375,0.75,0.3125,0.732528875,0.67129225,0.297081375
0.375,0.75,0.375,0.721127625,0.6766275,0.36212025
0.375,0.75,0.4375,0.709726375,0.6819627500000001,0.427159125
0.375,0.75,0.5,0.698325125,0.6872980000000001,0.49219799999999997
0.375,0.75,0.5625,0.686923875,0.6926332500000001,0.5572368749999999
0.375,0.75,0.625,0.675522625,0.6979685000000001,0.6222757499999999
0.375,0.75,0.6875,0.664121375,0.7033037500000001,0.687314625
0.375,0.75,0.75,0.652720125,0.708639,0.7523534999999999
0.375,0.75,0.8125,0.6413188750000001,0.71397425,0.8173923749999998
0.375,0.75,0.875,0.629917625,0.7193095,0.8824312499999999
0.375,0.75,0.9375,0.618516375,0.7246447500000001,0.9474701249999999
0.375,0.75,1.0,0.607115125,0.7299800000000001,1.0125089999999999
0.375,0.8125,0.0,0.8472231250000001,0.6948872500000001,-0.030259625000000002
0.375,0.8125,0.0625,0.835821875,0.7002225000000001,0.03477925
0.375,0.8125,0.125,0.8244206250000001,0.7055577500000001,0.099818125
0.375,0.8125,0.1875,0.8130193750000001,0.7108930000000001,0.16485699999999998
0.375,0.8125,0.25,0.8016181250000001,0.7162282500000001,0.22989587499999997
0.375,0.8125,0.3125,0.790216875,0.7215635,0.29493474999999997
0.375,0.8125,0.375,0.7788156250000001,0.72689875,0.35997362499999996
0.375,0.8125,0.4375,0.7674143750000001,0.732234,0.42501249999999996
0.375,0.8125,0.5,0.7560131250000001,0.7375692500000001,0.49005137499999996
0.375,0.8125,0.5625,0.744611875,0.7429045000000001,0.5550902499999999
0.375,0.8125,0.625,0.7332106250000001,0.7482397500000001,0.620129125
0.375,0.8125,0.6875,0.7218093750000001,0.7535750000000001,0.685168
0.375,0.8125,0.75,0.7104081250000001,0.75891025,0.7502068749999999
0.375,0.8125,0.8125,0.699006875,0.7642455,0.8152457499999999
0.375,0.8125,0.875,0.6876056250000001,0.76958075,0.8802846249999999
0.375,0.8125,0.9375,0.6762043750000001,0.774916,0.9453235
0.375,0.8125,1.0,0.664803125,0.7802512500000001,1.010362375
0.375,0.875,0.0,0.904911125,0.7451585000000001,-0.032406250000000004
0.375,0.875,0.0625,0.893509875,0.7504937500000001,0.03263262499999999
0.375,0.875,0.125,0.8821086250000001,0.7558290000000001,0.0976715
0.375,0.875,0.1875,0.8707073750000001,0.7611642500000001,0.162710375
0.375,0.875,0.25,0.859306125,0.7664995000000001,0.22774925
0.375,0.875,0.3125,0.847904875,0.77183475,0.29278812499999995
0.375,0.875,0.375,0.8365036250000001,0.77717,0.35782699999999995
0.375,0.875,0.4375,0.825102375,0.78250525,0.42286587499999995
0.375,0.875,0.5,0.813701125,0.7878405,0.48790474999999994
0.375,0.875,0.5625,0.802299875,0.7931757500000001,0.5529436249999999
0.375,0.875,0.625,0.7908986250000001,0.7985110000000001,0.6179825
0.375,0.875,0.6875,0.779497375,0.8038462500000001,0.683021375
0.375,0.875,0.75,0.768096125,0.8091815,0.74806025
0.375,0.875,0.8125,0.756694875,0.81451675,0.8130991249999999
0.375,0.875,0.875,0.7452936250000001,0.819852,0.878138
0.375,0.875,0.9375,0.733892375,0.82518725,0.943176875
0.375,0.875,1.0,0.722491125,0.8305225,1.00821575
0.375,0.9375,0.0,0.9625991250000001,0.79542975,-0.034552875000000004
0.375,0.9375,0.0625,0.9511978750000001,0.8007650000000001,0.030485999999999992
0.375,0.9375,0.125,0.9397966250000002,0.8061002500000001,0.09552487499999998
0.375,0.9375,0.1875,0.9283953750000001,0.8114355000000001,0.16056374999999998
0.375,0.9375,0.25,0.9169941250000001,0.8167707500000001,0.22560262499999997
0.375,0.9375,0.3125,0.9055928750000001,0.822106,0.2906415
0.375,0.9375,0.375,0.8941916250000002,0.82744125,0.355680375
0.375,0.9375,0.4375,0.8827903750000001,0.8327765,0.42071925
0.375,0.9375,0.5,0.8713891250000001,0.83811175,0.485758125
0.375,0.9375,0.5625,0.8599878750000001,0.8434470000000001,0.5507969999999999
0.375,0.9375,0.625,0.8485866250000001,0.8487822500000001,0.6158358749999999
0.375,0.9375,0.6875,0.8371853750000001,0.8541175000000001,0.68087475
0.375,0.9375,0.75,0.8257841250000001,0.85945275,0.7459136249999999
0.375,0.9375,0.8125,0.8143828750000002,0.864788,0.8109524999999999
0.375,0.9375,0.875,0.8029816250000001,0.87012325,0.8759913749999999
0.375,0.9375,0.9375,0.7915803750000001,0.8754585,0.94103025
0.375,0.9375,1.0,0.7801791250000001,0.88079375,1.006069125
0.375,1.0,0.0,1.020287125,0.845701,-0.0366995
0.375,1.0,0.0625,1.008885875,0.85103625,0.028339374999999993
0.375,1.0,0.125,0.9974846250000001,0.8563715000000001,0.09337825
0.375,1.0,0.1875,0.9860833750000001,0.8617067500000001,0.158417125
0.375,1.0,0.25,0.9746821250000001,0.8670420000000001,0.223456
0.375,1.0,0.3125,0.963280875,0.87237725,0.288494875
0.375,1.0,0.375,0.9518796250000001,0.8777125,0.35353375
0.375,1.0,0.4375,0.9404783750000001,0.88304775,0.418572625
0.375,1.0,0.5,0.9290771250000001,0.888383,0.48361149999999997
0.375,1.0,0.5625,0.917675875,0.89371825,0.5486503749999999
0.375,1.0,0.625,0.9062746250000001,0.8990535000000001,0.61368925
0.375,1.0,0.6875,0.8948733750000001,0.9043887500000001,0.678728125
0.375,1.0,0.75,0.883472125,0.909724,0.743767
0.375,1.0,0.8125,0.8720708750000001,0.91505925,0.8088058749999999
0.375,1.0,0.875,0.8606696250000001,0.9203945,0.87384475
0.375,1.0,0.9375,0.8492683750000001,0.92572975,0.938883625
0.375,1.0,1.0,0.837867125,0.931065,1.0039224999999998
0.4375,0.0,0.0,0.1134923125,0.048254500000000006,-0.00274575
0.4375,0.0,0.0625,0.1020910625,0.053589750000000005,0.062293125
0.4375,0.0,0.125,0.0906898125,0.058925000000000005,0.127332
0.4375,0.0,0.1875,0.07928856249999999,0.06426025,0.192370875
0.4375,0.0,0.25,0.06788731249999999,0.0695955,0.25740975
0.4375,0.0,0.3125,0.056486062499999996,0.07493075,0.322448625
0.4375,0.0,0.375,0.0450848125,0.080266,0.3874875
0.4375,0.0,0.4375,0.0336835625,0.08560125,0.452526375
0.4375,0.0,0.5,0.0222823125,0.0909365,0.51756525
0.4375,0.0,0.5625,0.010881062499999997,0.09627175,0.5826041249999999
0.4375,0.0,0.625,-0.000520187500000005,0.101607,0.647643
0.4375,0.0,0.6875,-0.011921437499999993,0.10694225,0.712681875
0.4375,0.0,0.75,-0.023322687499999994,0.1122775,0.77772075
0.4375,0.0,0.8125,-0.034723937499999996,0.11761275,0.8427596249999999
0.4375,0.0,0.875,-0.0461251875,0.122948,0.9077985
0.4375,0.0,0.9375,-0.0575264375,0.12828325000000002,0.972837375
0.4375,0.0,1.0,-0.0689276875,0.1336185,1.0378762499999998
0.4375,0.0625,0.0,0.1711803125,0.09852575000000001,-0.004892375
0.4375,0.0625,0.0625,0.15977906249999999,0.10386100000000001,0.0601465
0.4375,0.0625,0.125,0.14837781249999998,0.10919625000000001,0.125185375
0.4375,0.0625,0.1875,0.13697656249999998,0.11453150000000001,0.19022424999999998
0.4375,0.0625,0.25,0.12557531249999998,0.11986675000000001,0.255263125
0.4375,0.0625,0.3125,0.11417406249999998,0.125202,0.320302
0.4375,0.0625,0.375,0.10277281249999999,0.13053725,0.38534087499999997
0.4375,0.0625,0.4375,0.09137156249999999,0.1358725,0.45037974999999997
0.4375,0.0625,0.5,0.07997031249999999,0.14120775000000002,0.515418625
0.4375,0.0625,0.5625,0.06856906249999999,0.146543,0.5804575
0.4375,0.0625,0.625,0.057167812499999984,0.15187825,0.645496375
0.4375,0.0625,0.6875,0.045766562499999996,0.1572135,0.7105352500000001
0.4375,0.0625,0.75,0.034365312499999995,0.16254875000000002,0.775574125
0.4375,0.0625,0.8125,0.022964062499999993,0.167884,0.8406129999999999
0.4375,0.0625,0.875,0.011562812499999992,0.17321925,0.905651875
0.4375,0.0625,0.9375,0.00016156249999998984,0.1785545,0.97069075
0.4375,0.0625,1.0,-0.011239687500000012,0.18388975000000002,1.0357296249999999
0.4375,0.125,0.0,0.2288683125,0.148797,-0.007039
0.4375,0.125,0.0625,0.2174670625,0.15413225000000003,0.05799987499999999
0.4375,0.125,0.125,0.2060658125,0.1594675,0.12303874999999999
0.4375,0.125,0.1875,0.1946645625,0.16480275,0.188077625
0.4375,0.125,0.25,0.1832633125,0.170138,0.25311649999999997
0.4375,0.125,0.3125,0.1718620625,0.17547325000000003,0.31815537499999996
0.4375,0.125,0.375,0.1604608125,0.1808085,0.38319424999999996
0.4375,0.125,0.4375,0.14905956250000002,0.18614375,0.44823312499999995
0.4375,0.125,0.5,0.1376583125,0.191479,0.513272
0.4375,0.125,0.5625,0.12625706250000002,0.19681425000000002,0.5783108749999999
0.4375,0.125,0.625,0.1148558125,0.2021495,0.6433497499999999
0.4375,0.125,0.6875,0.10345456250000001,0.20748475,0.708388625
0.4375,0.125,0.75,0.09205331250000001,0.21282,0.7734274999999999
0.4375,0.125,0.8125,0.08065206250000001,0.21815525000000002,0.8384663749999999
0.4375,0.125,0.875,0.06925081250000001,0.2234905,0.9035052499999999
0.4375,0.125,0.9375,0.05784956250000001,0.22882575,0.968544125
0.4375,0.125,1.0,0.046448312500000005,0.234161,1.033583
0.4375,0.1875,0.0,0.2865563125,0.19906825000000003,-0.009185625
0.4375,0.1875,0.0625,0.27515506250000005,0.20440350000000002,0.05585324999999999
0.4375,0.1875,0.125,0.2637538125,0.20973875000000003,0.12089212499999999
0.4375,0.1875,0.1875,0.25235256250000004,0.21507400000000004,0.18593099999999999
0.4375,0.1875,0.25,0.24095131250000001,0.22040925000000003,0.250969875
0.4375,0.1875,0.3125,0.2295500625,0.22574450000000001,0.31600875
0.4375,0.1875,0.375,0.2181488125,0.23107975000000003,0.381047625
0.4375,0.1875,0.4375,0.20674756250000004,0.23641500000000004,0.4460865
0.4375,0.1875,0.5,0.1953463125,0.24175025000000003,0.511125375
0.4375,0.1875,0.5625,0.18394506250000003,0.2470855,0.5761642499999999
0.4375,0.1875,0.625,0.1725438125,0.25242075,0.641203125
0.4375,0.1875,0.6875,0.16114256250000003,0.25775600000000004,0.706242
0.4375,0.1875,0.75,0.14974131250000003,0.26309125,0.771280875
0.4375,0.1875,0.8125,0.13834006250000003,0.2684265,0.8363197499999999
0.4375,0.1875,0.875,0.12693881250000003,0.27376175,0.901358625
0.4375,0.1875,0.9375,0.11553756250000002,0.27909700000000004,0.9663975
0.4375,0.1875,1.0,0.10413631250000002,0.28443225000000005,1.031436375
0.4375,0.25,0.0,0.3442443125,0.24933950000000002,-0.01133225
0.4375,0.25,0.0625,0.3328430625,0.25467475,0.053706624999999994
0.4375,0.25,0.125,0.3214418125,0.26001,0.11874549999999999
0.4375,0.25,0.1875,0.3100405625,0.26534525000000003,0.183784375
0.4375,0.25,0.25,0.2986393125,0.2706805,0.24882325
0.4375,0.25,0.3125,0.2872380625,0.27601575,0.313862125
0.4375,0.25,0.375,0.2758368125,0.281351,0.378901
0.4375,0.25,0.4375,0.2644355625,0.28668625000000003,0.443939875
0.4375,0.25,0.5,0.25303431249999997,0.29202150000000004,0.5089787499999999
0.4375,0.25,0.5625,0.2416330625,0.29735675,0.5740176249999999
0.4375,0.25,0.625,0.23023181249999997,0.302692,0.6390564999999999
0.4375,0.25,0.6875,0.2188305625,0.30802725000000003,0.704095375
0.4375,0.25,0.75,0.2074293125,0.3133625,0.7691342499999999
0.4375,0.25,0.8125,0.1960280625,0.31869775,0.8341731249999998
0.4375,0.25,0.875,0.1846268125,0.324033,0.8992119999999999
0.4375,0.25,0.9375,0.17322556249999999,0.32936825000000003,0.964250875
0.4375,0.25,1.0,0.16182431249999998,0.33470350000000004,1.02928975
0.4375,0.3125,0.0,0.40193231250000006,0.29961075000000004,-0.013478875
0.4375,0.3125,0.0625,0.3905310625000001,0.30494600000000005,0.051559999999999995
0.4375,0.3125,0.125,0.37912981250000005,0.31028125000000006,0.11659887499999999
0.4375,0.3125,0.1875,0.3677285625000001,0.3156165,0.18163775
0.4375,0.3125,0.25,0.35632731250000005,0.32095175000000004,0.24667662499999998
0.4375,0.3125,0.3125,0.3449260625000001,0.32628700000000005,0.3117155
0.4375,0.3125,0.375,0.33352481250000005,0.33162225,0.376754375
0.4375,0.3125,0.4375,0.32212356250000007,0.3369575,0.44179324999999997
0.4375,0.3125,0.5,0.31072231250000004,0.34229275000000003,0.506832125
0.4375,0.3125,0.5625,0.29932106250000007,0.34762800000000005,0.5718709999999999
0.4375,0.3125,0.625,0.28791981250000004,0.35296325000000006,0.636909875
0.4375,0.3125,0.6875,0.27651856250000006,0.3582985,0.70194875
0.4375,0.3125,0.75,0.26511731250000004,0.36363375000000003,0.766987625
0.4375,0.3125,0.8125,0.25371606250000006,0.36896900000000005,0.8320264999999999
0.4375,0.3125,0.875,0.24231481250000006,0.37430425,0.8970653749999999
0.4375,0.3125,0.9375,0.23091356250000006,0.3796395,0.96210425
0.4375,0.3125,1.0,0.21951231250000006,0.38497475000000003,1.027143125
0.4375,0.375,0.0,0.4596203125,0.349882,-0.0156255
0.4375,0.375,0.0625,0.44821906250000004,0.35521725000000004,0.049413374999999995
0.4375,0.375,0.125,0.4368178125,0.36055250000000005,0.11445224999999999
0.4375,0.375,0.1875,0.42541656250000004,0.36588775,0.17949112499999997
0.4375,0.375,0.25,0.4140153125,0.371223,0.24452999999999997
0.4375,0.375,0.3125,0.40261406250000004,0.37655825000000004,0.30956887499999997
0.4375,0.375,0.375,0.3912128125,0.3818935,0.37460774999999996
0.4375,0.375,0.4375,0.37981156250000003,0.38722875,0.43964662499999996
0.4375,0.375,0.5,0.3684103125,0.392564,0.5046855
0.4375,0.375,0.5625,0.35700906250000003,0.39789925000000004,0.569724375
0.4375,0.375,0.625,0.3456078125,0.40323450000000005,0.63476325
0.4375,0.375,0.6875,0.3342065625,0.40856975,0.699802125
0.4375,0.375,0.75,0.3228053125,0.413905,0.764841
0.4375,0.375,0.8125,0.3114040625,0.41924025000000004,0.8298798749999999
0.4375,0.375,0.875,0.30000281250000005,0.4245755,0.89491875
0.4375,0.375,0.9375,0.2886015625,0.42991075,0.959957625
0.4375,0.375,1.0,0.2772003125,0.435246,1.0249964999999999
0.4375,0.4375,0.0,0.5173083125,0.40015325,-0.017772125
0.4375,0.4375,0.0625,0.5059070625,0.40548850000000003,0.047266749999999996
0.4375,0.4375,0.125,0.4945058125,0.41082375000000004,0.11230562499999999
0.4375,0.4375,0.1875,0.4831045625,0.416159,0.1773445
0.4375,0.4375,0.25,0.47170331249999997,0.42149425,0.24238337499999998
0.4375,0.4375,0.3125,0.4603020625,0.42682950000000003,0.30742225
0.4375,0.4375,0.375,0.44890081249999997,0.43216475,0.37246112499999995
0.4375,0.4375,0.4375,0.4374995625,0.4375,0.4375
0.4375,0.4375,0.5,0.42609831249999996,0.44283525,0.5025388749999999
0.4375,0.4375,0.5625,0.4146970625,0.4481705,0.5675777499999999
0.4375,0.4375,0.625,0.40329581249999996,0.45350575000000004,0.6326166249999999
0.4375,0.4375,0.6875,0.3918945625,0.458841,0.6976555
0.4375,0.4375,0.75,0.38049331249999996,0.46417625,0.7626943749999999
0.4375,0.4375,0.8125,0.3690920625,0.4695115,0.8277332499999999
0.4375,0.4375,0.875,0.3576908125,0.47484675,0.8927721249999999
0.4375,0.4375,0.9375,0.3462895625,0.480182,0.957811
0.4375,0.4375,1.0,0.33488831249999995,0.48551725,1.022849875
0.4375,0.5,0.0,0.5749963125,0.4504245,-0.01991875
0.4375,0.5,0.0625,0.5635950625,0.45575975,0.045120125
0.4375,0.5,0.125,0.5521938125000001,0.46109500000000003,0.11015899999999999
0.4375,0.5,0.1875,0.5407925625000001,0.46643025,0.175197875
0.4375,0.5,0.25,0.5293913125,0.4717655,0.24023675
0.4375,0.5,0.3125,0.5179900625,0.47710075,0.305275625
0.4375,0.5,0.375,0.5065888125000001,0.482436,0.3703145
0.4375,0.5,0.4375,0.49518756250000007,0.48777125,0.435353375
0.4375,0.5,0.5,0.48378631250000004,0.4931065,0.50039225
0.4375,0.5,0.5625,0.47238506250000006,0.49844175,0.5654311249999999
0.4375,0.5,0.625,0.46098381250000003,0.503777,0.63047
0.4375,0.5,0.6875,0.44958256250000006,0.50911225,0.695508875
0.4375,0.5,0.75,0.43818131250000003,0.5144475,0.76054775
0.4375,0.5,0.8125,0.42678006250000006,0.51978275,0.8255866249999999
0.4375,0.5,0.875,0.4153788125000001,0.525118,0.8906255
0.4375,0.5,0.9375,0.40397756250000005,0.53045325,0.955664375
0.4375,0.5,1.0,0.3925763125,0.5357885,1.02070325
0.4375,0.5625,0.0,0.6326843125,0.50069575,-0.022065374999999998
0.4375,0.5625,0.0625,0.6212830625,0.506031,0.0429735
0.4375,0.5625,0.125,0.6098818125000001,0.51136625,0.108012375
0.4375,0.5625,0.1875,0.5984805625,0.5167015,0.17305125
0.4375,0.5625,0.25,0.5870793125,0.52203675,0.23809012499999999
0.4375,0.5625,0.3125,0.5756780625,0.527372,0.303129
0.4375,0.5625,0.375,0.5642768125000001,0.53270725,0.368167875
0.4375,0.5625,0.4375,0.5528755625,0.5380425,0.43320675
0.4375,0.5625,0.5,0.5414743125,0.54337775,0.49824562499999997
0.4375,0.5625,0.5625,0.5300730625,0.548713,0.5632845
0.4375,0.5625,0.625,0.5186718125,0.55404825,0.6283233749999999
0.4375,0.5625,0.6875,0.5072705625,0.5593835,0.6933622500000001
0.4375,0.5625,0.75,0.4958693125,0.5647187499999999,0.758401125
0.4375,0.5625,0.8125,0.4844680625,0.570054,0.82344
0.4375,0.5625,0.875,0.47306681250000004,0.57538925,0.8884788749999999
0.4375,0.5625,0.9375,0.4616655625,0.5807245,0.95351775
0.4375,0.5625,1.0,0.4502643125,0.58605975,1.018556625
0.4375,0.625,0.0,0.6903723125000001,0.550967,-0.024211999999999997
0.4375,0.625,0.0625,0.6789710625,0.55630225,0.040826875
0.4375,0.625,0.125,0.6675698125000001,0.5616375,0.10586575
0.4375,0.625,0.1875,0.6561685625000001,0.56697275,0.17090462499999998
0.4375,0.625,0.25,0.6447673125000001,0.572308,0.23594349999999997
0.4375,0.625,0.3125,0.6333660625,0.5776432499999999,0.30098237499999997
0.4375,0.625,0.375,0.6219648125000001,0.5829785,0.36602124999999996
0.4375,0.625,0.4375,0.6105635625000001,0.58831375,0.43106012499999996
0.4375,0.625,0.5,0.5991623125000001,0.593649,0.49609899999999996
0.4375,0.625,0.5625,0.5877610625,0.59898425,0.5611378749999999
0.4375,0.625,0.625,0.5763598125000001,0.6043195,0.62617675
0.4375,0.625,0.6875,0.5649585625000001,0.60965475,0.691215625
0.4375,0.625,0.75,0.5535573125000001,0.6149899999999999,0.7562544999999999
0.4375,0.625,0.8125,0.5421560625000001,0.6203252499999999,0.8212933749999999
0.4375,0.625,0.875,0.5307548125000001,0.6256605,0.8863322499999999
0.4375,0.625,0.9375,0.5193535625000001,0.63099575,0.951371125
0.4375,0.625,1.0,0.5079523125000001,0.636331,1.01641
0.4375,0.6875,0.0,0.7480603125,0.60123825,-0.026358625000000004
0.4375,0.6875,0.0625,0.7366590625,0.6065735,0.03868024999999999
0.4375,0.6875,0.125,0.7252578125000001,0.61190875,0.103719125
0.4375,0.6875,0.1875,0.7138565625000001,0.617244,0.168758
0.4375,0.6875,0.25,0.7024553125,0.62257925,0.233796875
0.4375,0.6875,0.3125,0.6910540625,0.6279144999999999,0.29883574999999996
0.4375,0.6875,0.375,0.6796528125000001,0.63324975,0.36387462499999995
0.4375,0.6875,0.4375,0.6682515625000001,0.638585,0.42891349999999995
0.4375,0.6875,0.5,0.6568503125,0.64392025,0.49395237499999994
0.4375,0.6875,0.5625,0.6454490625,0.6492555,0.5589912499999999
0.4375,0.6875,0.625,0.6340478125000001,0.65459075,0.624030125
0.4375,0.6875,0.6875,0.6226465625000001,0.659926,0.689069
0.4375,0.6875,0.75,0.6112453125,0.6652612499999999,0.754107875
0.4375,0.6875,0.8125,0.5998440625000001,0.6705964999999999,0.8191467499999999
0.4375,0.6875,0.875,0.5884428125000001,0.6759317499999999,0.884185625
0.4375,0.6875,0.9375,0.5770415625,0.681267,0.9492245
0.4375,0.6875,1.0,0.5656403125,0.68660225,1.0142633749999999
0.4375,0.75,0.0,0.8057483125,0.6515095000000001,-0.028505250000000003
0.4375,0.75,0.0625,0.7943470625,0.6568447500000001,0.03653362499999999
0.4375,0.75,0.125,0.7829458125000001,0.6621800000000001,0.10157249999999998
0.4375,0.75,0.1875,0.7715445625,0.6675152500000001,0.16661137499999998
0.4375,0.75,0.25,0.7601433125,0.6728505,0.23165024999999997
0.4375,0.75,0.3125,0.7487420625,0.67818575,0.296689125
0.4375,0.75,0.375,0.7373408125,0.683521,0.361728
0.4375,0.75,0.4375,0.7259395625,0.6888562500000001,0.426766875
0.4375,0.75,0.5,0.7145383125,0.6941915000000001,0.49180575
0.4375,0.75,0.5625,0.7031370625,0.6995267500000001,0.5568446249999999
0.4375,0.75,0.625,0.6917358125,0.7048620000000001,0.6218834999999999
0.4375,0.75,0.6875,0.6803345625,0.7101972500000001,0.686922375
0.4375,0.75,0.75,0.6689333125,0.7155325000000001,0.7519612499999999
0.4375,0.75,0.8125,0.6575320625000001,0.72086775,0.8170001249999999
0.4375,0.75,0.875,0.6461308125,0.726203,0.8820389999999999
0.4375,0.75,0.9375,0.6347295625,0.7315382500000001,0.947077875
0.4375,0.75,1.0,0.6233283125,0.7368735000000001,1.01211675
0.4375,0.8125,0.0,0.8634363125000001,0.7017807500000001,-0.030651875000000002
0.4375,0.8125,0.0625,0.8520350625,0.7071160000000001,0.034386999999999994
0.4375,0.8125,0.125,0.8406338125000001,0.7124512500000001,0.099425875
0.4375,0.8125,0.1875,0.8292325625000001,0.7177865000000001,0.16446475
0.4375,0.8125,0.25,0.8178313125000001,0.72312175,0.229503625
0.4375,0.8125,0.3125,0.8064300625,0.728457,0.2945425
0.4375,0.8125,0.375,0.7950288125000001,0.73379225,0.359581375
0.4375,0.8125,0.4375,0.7836275625000001,0.7391275,0.42462025
0.4375,0.8125,0.5,0.7722263125000001,0.7444627500000001,0.489659125
0.4375,0.8125,0.5625,0.7608250625,0.7497980000000001,0.5546979999999999
0.4375,0.8125,0.625,0.7494238125000001,0.7551332500000001,0.619736875
0.4375,0.8125,0.6875,0.7380225625000001,0.7604685000000001,0.68477575
0.4375,0.8125,0.75,0.7266213125000001,0.7658037500000001,0.749814625
0.4375,0.8125,0.8125,0.7152200625,0.771139,0.8148534999999999
0.4375,0.8125,0.875,0.7038188125000001,0.77647425,0.879892375
0.4375,0.8125,0.9375,0.6924175625000001,0.7818095,0.94493125
0.4375,0.8125,1.0,0.6810163125,0.7871447500000001,1.009970125
0.4375,0.875,0.0,0.9211243125,0.752052,-0.0327985
0.4375,0.875,0.0625,0.9097230625,0.7573872500000001,0.032240374999999995
0.4375,0.875,0.125,0.8983218125000001,0.7627225000000001,0.09727924999999998
0.4375,0.875,0.1875,0.8869205625000001,0.7680577500000001,0.16231812499999998
0.4375,0.875,0.25,0.8755193125,0.773393,0.22735699999999998
0.4375,0.875,0.3125,0.8641180625,0.77872825,0.29239587499999997
0.4375,0.875,0.375,0.8527168125000001,0.7840635,0.35743474999999997
0.4375,0.875,0.4375,0.8413155625000001,0.78939875,0.42247362499999996
0.4375,0.875,0.5,0.8299143125,0.794734,0.48751249999999996
0.4375,0.875,0.5625,0.8185130625,0.8000692500000001,0.552551375
0.4375,0.875,0.625,0.8071118125000001,0.8054045000000001,0.61759025
0.4375,0.875,0.6875,0.7957105625,0.8107397500000001,0.6826291250000001
0.4375,0.875,0.75,0.7843093125,0.8160750000000001,0.747668
0.4375,0.875,0.8125,0.7729080625,0.82141025,0.8127068749999999
0.4375,0.875,0.875,0.7615068125000001,0.8267455,0.87774575
0.4375,0.875,0.9375,0.7501055625,0.83208075,0.942784625
0.4375,0.875,1.0,0.7387043125,0.837416,1.0078235
0.4375,0.9375,0.0,0.9788123125000001,0.80232325,-0.034945125
0.4375,0.9375,0.0625,0.9674110625000001,0.8076585000000001,0.030093749999999996
0.4375,0.9375,0.125,0.9560098125000002,0.8129937500000001,0.095132625
0.4375,0.9375,0.1875,0.9446085625000001,0.8183290000000001,0.1601715
0.4375,0.9375,0.25,0.9332073125000001,0.82366425,0.225210375
0.4375,0.9375,0.3125,0.9218060625000001,0.8289995,0.29024924999999996
0.4375,0.9375,0.375,0.9104048125000002,0.83433475,0.35528812499999995
0.4375,0.9375,0.4375,0.8990035625000001,0.83967,0.42032699999999995
0.4375,0.9375,0.5,0.8876023125000001,0.84500525,0.48536587499999995
0.4375,0.9375,0.5625,0.8762010625000001,0.8503405,0.5504047499999999
0.4375,0.9375,0.625,0.8647998125000002,0.8556757500000001,0.6154436249999999
0.4375,0.9375,0.6875,0.8533985625000001,0.8610110000000001,0.6804825
0.4375,0.9375,0.75,0.8419973125000001,0.8663462500000001,0.7455213749999999
0.4375,0.9375,0.8125,0.8305960625000002,0.8716815,0.8105602499999999
0.4375,0.9375,0.875,0.8191948125000001,0.87701675,0.8755991249999999
0.4375,0.9375,0.9375,0.8077935625000001,0.882352,0.940638
0.4375,0.9375,1.0,0.7963923125000001,0.88768725,1.005676875
0.4375,1.0,0.0,1.0365003125,0.8525945,-0.03709175
0.4375,1.0,0.0625,1.0250990625,0.85792975,0.027947124999999996
0.4375,1.0,0.125,1.0136978125,0.8632650000000001,0.09298599999999999
0.4375,1.0,0.1875,1.0022965625,0.8686002500000001,0.15802487499999998
0.4375,1.0,0.25,0.9908953125000001,0.8739355,0.22306374999999998
0.4375,1.0,0.3125,0.9794940625,0.87927075,0.288102625
0.4375,1.0,0.375,0.9680928125000001,0.884606,0.3531415
0.4375,1.0,0.4375,0.9566915625000001,0.88994125,0.418180375
0.4375,1.0,0.5,0.9452903125000001,0.8952765,0.48321925
0.4375,1.0,0.5625,0.9338890625,0.90061175,0.5482581249999999
0.4375,1.0,0.625,0.9224878125000001,0.9059470000000001,0.613297
0.4375,1.0,0.6875,0.9110865625000001,0.9112822500000001,0.678335875
0.4375,1.0,0.75,0.8996853125000001,0.9166175000000001,0.74337475
0.4375,1.0,0.8125,0.8882840625000001,0.92195275,0.8084136249999999
0.4375,1.0,0.875,0.8768828125000001,0.927288,0.8734525
0.4375,1.0,0.9375,0.8654815625000001,0.93262325,0.938491375
0.4375,1.0,1.0,0.8540803125,0.9379585,1.0035302499999998
0.5,0.0,0.0,0.1297055,0.055148,-0.003138
0.5,0.0,0.0625,0.11830425,0.06048325,0.061900874999999994
0.5,0.0,0.125,0.106903,0.0658185,0.12693975
0.5,0.0,0.1875,0.09550175,0.07115375,0.19197862499999999
0.5,0.0,0.25,0.0841005,0.076489,0.2570175
0.5,0.0,0.3125,0.07269924999999999,0.08182425,0.322056375
0.5,0.0,0.375,0.061298000000000005,0.0871595,0.38709525
0.5,0.0,0.4375,0.049896750000000004,0.09249475,0.452134125
0.5,0.0,0.5,0.0384955,0.09783,0.517173
0.5,0.0,0.5625,0.02709425,0.10316525,0.5822118749999999
0.5,0.0,0.625,0.015693,0.1085005,0.64725075
0.5,0.0,0.6875,0.004291750000000011,0.11383575,0.712289625
0.5,0.0,0.75,-0.007109499999999991,0.119171,0.7773285
0.5,0.0,0.8125,-0.018510749999999992,0.12450625,0.8423673749999999
0.5,0.0,0.875,-0.029911999999999994,0.1298415,0.90740625
0.5,0.0,0.9375,-0.041313249999999996,0.13517675,0.972445125
0.5,0.0,1.0,-0.0527145,0.140512,1.0374839999999999
0.5,0.0625,0.0,0.1873935,0.10541925,-0.005284625
0.5,0.0625,0.0625,0.17599225,0.1107545,0.059754249999999995
0.5,0.0625,0.125,0.164591,0.11608975,0.12479312499999999
0.5,0.0625,0.1875,0.15318974999999999,0.121425,0.189832
0.5,0.0625,0.25,0.14178849999999998,0.12676025000000002,0.254870875
0.5,0.0625,0.3125,0.13038724999999998,0.1320955,0.31990975
0.5,0.0625,0.375,0.118986,0.13743075,0.384948625
0.5,0.0625,0.4375,0.10758474999999999,0.142766,0.4499875
0.5,0.0625,0.5,0.09618349999999999,0.14810125000000002,0.5150263749999999
0.5,0.0625,0.5625,0.08478224999999999,0.1534365,0.5800652499999999
0.5,0.0625,0.625,0.07338099999999999,0.15877175,0.6451041249999999
0.5,0.0625,0.6875,0.06197975,0.164107,0.710143
0.5,0.0625,0.75,0.0505785,0.16944225000000002,0.7751818749999999
0.5,0.0625,0.8125,0.03917725,0.1747775,0.8402207499999998
0.5,0.0625,0.875,0.027775999999999995,0.18011275,0.9052596249999999
0.5,0.0625,0.9375,0.016374749999999993,0.185448,0.9702985
0.5,0.0625,1.0,0.004973499999999992,0.19078325000000002,1.035337375
0.5,0.125,0.0,0.2450815,0.1556905,-0.00743125
0.5,0.125,0.0625,0.23368025,0.16102575000000002,0.057607624999999996
0.5,0.125,0.125,0.222279,0.166361,0.12264649999999999
0.5,0.125,0.1875,0.21087775,0.17169625,0.187685375
0.5,0.125,0.25,0.1994765,0.1770315,0.25272425
0.5,0.125,0.3125,0.18807525,0.18236675000000002,0.317763125
0.5,0.125,0.375,0.176674,0.187702,0.382802
0.5,0.125,0.4375,0.16527275000000002,0.19303725,0.44784087499999997
0.5,0.125,0.5,0.1538715,0.1983725,0.51287975
0.5,0.125,0.5625,0.14247025000000002,0.20370775000000002,0.5779186249999999
0.5,0.125,0.625,0.131069,0.209043,0.6429575
0.5,0.125,0.6875,0.11966775000000002,0.21437825,0.707996375
0.5,0.125,0.75,0.10826650000000002,0.2197135,0.77303525
0.5,0.125,0.8125,0.09686525000000001,0.22504875000000002,0.8380741249999999
0.5,0.125,0.875,0.08546400000000001,0.230384,0.9031129999999999
0.5,0.125,0.9375,0.07406275000000001,0.23571925,0.968151875
0.5,0.125,1.0,0.06266150000000001,0.2410545,1.03319075
0.5,0.1875,0.0,0.3027695,0.20596175000000003,-0.009577875
0.5,0.1875,0.0625,0.29136825000000005,0.211297,0.055460999999999996
0.5,0.1875,0.125,0.279967,0.21663225000000003,0.12049987499999999
0.5,0.1875,0.1875,0.26856575000000005,0.22196750000000004,0.18553874999999997
0.5,0.1875,0.25,0.2571645,0.22730275000000003,0.25057762499999997
0.5,0.1875,0.3125,0.24576325000000002,0.232638,0.31561649999999997
0.5,0.1875,0.375,0.23436200000000001,0.23797325000000003,0.38065537499999996
0.5,0.1875,0.4375,0.22296075000000004,0.24330850000000004,0.44569424999999996
0.5,0.1875,0.5,0.2115595,0.24864375000000002,0.510733125
0.5,0.1875,0.5625,0.20015825000000004,0.253979,0.575772
0.5,0.1875,0.625,0.188757,0.25931425,0.640810875
0.5,0.1875,0.6875,0.17735575000000003,0.26464950000000004,0.70584975
0.5,0.1875,0.75,0.16595450000000003,0.26998475,0.770888625
0.5,0.1875,0.8125,0.15455325000000003,0.27532,0.8359274999999999
0.5,0.1875,0.875,0.14315200000000003,0.28065525,0.900966375
0.5,0.1875,0.9375,0.13175075000000003,0.28599050000000004,0.96600525
0.5,0.1875,1.0,0.12034950000000003,0.29132575000000005,1.031044125
0.5,0.25,0.0,0.3604575,0.25623300000000004,-0.0117245
0.5,0.25,0.0625,0.34905625,0.26156825000000006,0.053314375
0.5,0.25,0.125,0.337655,0.26690350000000007,0.11835325
0.5,0.25,0.1875,0.32625375,0.27223875000000003,0.183392125
0.5,0.25,0.25,0.3148525,0.27757400000000004,0.24843099999999999
0.5,0.25,0.3125,0.30345125,0.28290925000000006,0.31346987499999995
0.5,0.25,0.375,0.29205,0.2882445,0.37850874999999995
0.5,0.25,0.4375,0.28064875,0.29357975000000003,0.44354762499999995
0.5,0.25,0.5,0.2692475,0.29891500000000004,0.5085864999999999
0.5,0.25,0.5625,0.25784625,0.30425025000000006,0.5736253749999999
0.5,0.25,0.625,0.24644499999999997,0.30958550000000007,0.6386642499999999
0.5,0.25,0.6875,0.23504375,0.31492075,0.703703125
0.5,0.25,0.75,0.2236425,0.32025600000000004,0.7687419999999999
0.5,0.25,0.8125,0.21224125,0.32559125000000005,0.8337808749999999
0.5,0.25,0.875,0.20084,0.3309265,0.8988197499999999
0.5,0.25,0.9375,0.18943875,0.33626175,0.963858625
0.5,0.25,1.0,0.1780375,0.34159700000000004,1.0288975
0.5,0.3125,0.0,0.41814550000000006,0.30650425000000003,-0.013871125
0.5,0.3125,0.0625,0.4067442500000001,0.31183950000000005,0.05116775
0.5,0.3125,0.125,0.39534300000000006,0.31717475000000006,0.116206625
0.5,0.3125,0.1875,0.3839417500000001,0.32251,0.18124549999999998
0.5,0.3125,0.25,0.37254050000000005,0.32784525000000003,0.24628437499999997
0.5,0.3125,0.3125,0.3611392500000001,0.33318050000000005,0.31132325
0.5,0.3125,0.375,0.34973800000000005,0.33851575,0.376362125
0.5,0.3125,0.4375,0.3383367500000001,0.343851,0.441401
0.5,0.3125,0.5,0.32693550000000005,0.34918625000000003,0.506439875
0.5,0.3125,0.5625,0.31553425000000007,0.35452150000000004,0.5714787499999999
0.5,0.3125,0.625,0.30413300000000004,0.35985675000000006,0.636517625
0.5,0.3125,0.6875,0.29273175000000007,0.365192,0.7015565
0.5,0.3125,0.75,0.28133050000000004,0.37052725000000003,0.766595375
0.5,0.3125,0.8125,0.26992925000000006,0.37586250000000004,0.8316342499999999
0.5,0.3125,0.875,0.2585280000000001,0.38119775,0.896673125
0.5,0.3125,0.9375,0.24712675000000006,0.386533,0.961712
0.5,0.3125,1.0,0.23572550000000006,0.39186825000000003,1.0267508749999998
0.5,0.375,0.0,0.4758335,0.3567755,-0.01601775
0.5,0.375,0.0625,0.46443225000000005,0.36211075000000004,0.049021125
0.5,0.375,0.125,0.453031,0.36744600000000005,0.11406
0.5,0.375,0.1875,0.44162975000000004,0.37278125,0.179098875
0.5,0.375,0.25,0.4302285,0.3781165,0.24413775
0.5,0.375,0.3125,0.41882725000000004,0.38345175000000004,0.309176625
0.5,0.375,0.375,0.407426,0.388787,0.3742155
0.5,0.375,0.4375,0.39602475000000004,0.39412225,0.439254375
0.5,0.375,0.5,0.3846235,0.3994575,0.5042932499999999
0.5,0.375,0.5625,0.37322225000000003,0.40479275000000003,0.5693321249999999
0.5,0.375,0.625,0.361821,0.41012800000000005,0.6343709999999999
0.5,0.375,0.6875,0.35041975000000003,0.41546325,0.699409875
0.5,0.375,0.75,0.3390185,0.4207985,0.7644487499999999
0.5,0.375,0.8125,0.32761725,0.42613375000000003,0.8294876249999998
0.5,0.375,0.875,0.31621600000000005,0.431469,0.8945264999999999
0.5,0.375,0.9375,0.30481475,0.43680425,0.9595653749999999
0.5,0.375,1.0,0.2934135,0.4421395,1.0246042499999999
0.5,0.4375,0.0,0.5335215,0.40704675,-0.018164375000000003
0.5,0.4375,0.0625,0.52212025,0.412382,0.04687449999999999
0.5,0.4375,0.125,0.510719,0.41771725000000004,0.11191337499999998
0.5,0.4375,0.1875,0.49931775,0.4230525,0.17695224999999998
0.5,0.4375,0.25,0.4879165,0.42838775,0.24199112499999997
0.5,0.4375,0.3125,0.47651525,0.433723,0.30702999999999997
0.5,0.4375,0.375,0.46511399999999997,0.43905825,0.37206887499999997
0.5,0.4375,0.4375,0.45371275,0.4443935,0.43710774999999996
0.5,0.4375,0.5,0.44231149999999997,0.44972875,0.502146625
0.5,0.4375,0.5625,0.43091025,0.455064,0.5671854999999999
0.5,0.4375,0.625,0.41950899999999997,0.46039925000000004,0.632224375
0.5,0.4375,0.6875,0.40810775,0.4657345,0.69726325
0.5,0.4375,0.75,0.39670649999999996,0.47106975,0.7623021249999999
0.5,0.4375,0.8125,0.38530525,0.476405,0.8273409999999999
0.5,0.4375,0.875,0.373904,0.48174025,0.8923798749999999
0.5,0.4375,0.9375,0.36250275,0.4870755,0.95741875
0.5,0.4375,1.0,0.35110149999999996,0.49241075,1.022457625
0.5,0.5,0.0,0.5912095,0.457318,-0.020311000000000003
0.5,0.5,0.0625,0.57980825,0.46265325,0.04472787499999999
0.5,0.5,0.125,0.5684070000000001,0.46798850000000003,0.10976675
0.5,0.5,0.1875,0.5570057500000001,0.47332375,0.174805625
0.5,0.5,0.25,0.5456045,0.478659,0.2398445
0.5,0.5,0.3125,0.53420325,0.48399425,0.30488337499999996
0.5,0.5,0.375,0.5228020000000001,0.4893295,0.36992224999999995
0.5,0.5,0.4375,0.5114007500000001,0.49466475,0.43496112499999995
0.5,0.5,0.5,0.49999950000000004,0.5,0.49999999999999994
0.5,0.5,0.5625,0.48859825000000007,0.50533525,0.5650388749999999
0.5,0.5,0.625,0.47719700000000004,0.5106705,0.63007775
0.5,0.5,0.6875,0.46579575000000006,0.51600575,0.695116625
0.5,0.5,0.75,0.45439450000000003,0.521341,0.7601555
0.5,0.5,0.8125,0.44299325000000006,0.52667625,0.8251943749999999
0.5,0.5,0.875,0.4315920000000001,0.5320115,0.89023325
0.5,0.5,0.9375,0.42019075000000006,0.53734675,0.955272125
0.5,0.5,1.0,0.40878950000000003,0.542682,1.020311
0.5,0.5625,0.0,0.6488975,0.50758925,-0.022457625000000002
0.5,0.5625,0.0625,0.63749625,0.5129245,0.042581249999999994
0.5,0.5625,0.125,0.6260950000000001,0.51825975,0.10762012499999998
0.5,0.5625,0.1875,0.61469375,0.523595,0.17265899999999998
0.5,0.5625,0.25,0.6032925,0.5289302499999999,0.23769787499999998
0.5,0.5625,0.3125,0.59189125,0.5342655,0.30273675
0.5,0.5625,0.375,0.5804900000000001,0.53960075,0.367775625
0.5,0.5625,0.4375,0.56908875,0.544936,0.4328145
0.5,0.5625,0.5,0.5576875,0.55027125,0.497853375
0.5,0.5625,0.5625,0.54628625,0.5556065,0.5628922499999999
0.5,0.5625,0.625,0.534885,0.56094175,0.6279311249999999
0.5,0.5625,0.6875,0.52348375,0.566277,0.69297
0.5,0.5625,0.75,0.5120825,0.57161225,0.7580088749999999
0.5,0.5625,0.8125,0.50068125,0.5769475,0.8230477499999999
0.5,0.5625,0.875,0.48928000000000005,0.58228275,0.8880866249999999
0.5,0.5625,0.9375,0.47787875,0.587618,0.9531255
0.5,0.5625,1.0,0.4664775,0.59295325,1.018164375
0.5,0.625,0.0,0.7065855000000001,0.5578605,-0.02460425
0.5,0.625,0.0625,0.6951842500000001,0.56319575,0.040434624999999995
0.5,0.625,0.125,0.6837830000000001,0.568531,0.1054735
0.5,0.625,0.1875,0.6723817500000001,0.57386625,0.170512375
0.5,0.625,0.25,0.6609805000000001,0.5792014999999999,0.23555125
0.5,0.625,0.3125,0.64957925,0.5845367499999999,0.300590125
0.5,0.625,0.375,0.6381780000000001,0.589872,0.365629
0.5,0.625,0.4375,0.6267767500000001,0.59520725,0.430667875
0.5,0.625,0.5,0.6153755000000001,0.6005425,0.49570675
0.5,0.625,0.5625,0.60397425,0.60587775,0.5607456249999999
0.5,0.625,0.625,0.5925730000000001,0.611213,0.6257845
0.5,0.625,0.6875,0.5811717500000001,0.61654825,0.690823375
0.5,0.625,0.75,0.5697705000000001,0.6218835,0.75586225
0.5,0.625,0.8125,0.5583692500000002,0.6272187499999999,0.8209011249999999
0.5,0.625,0.875,0.5469680000000001,0.632554,0.88594
0.5,0.625,0.9375,0.5355667500000001,0.63788925,0.950978875
0.5,0.625,1.0,0.5241655000000001,0.6432245,1.0160177499999998
0.5,0.6875,0.0,0.7642735,0.60813175,-0.026750875
0.5,0.6875,0.0625,0.75287225,0.613467,0.038287999999999996
0.5,0.6875,0.125,0.7414710000000001,0.61880225,0.10332687499999998
0.5,0.6875,0.1875,0.7300697500000001,0.6241375,0.16836574999999998
0.5,0.6875,0.25,0.7186685,0.6294727499999999,0.23340462499999998
0.5,0.6875,0.3125,0.70726725,0.6348079999999999,0.2984435
0.5,0.6875,0.375,0.6958660000000001,0.6401432499999999,0.36348237499999997
0.5,0.6875,0.4375,0.6844647500000001,0.6454785,0.42852124999999996
0.5,0.6875,0.5,0.6730635,0.65081375,0.49356012499999996
0.5,0.6875,0.5625,0.66166225,0.656149,0.558599
0.5,0.6875,0.625,0.6502610000000001,0.66148425,0.623637875
0.5,0.6875,0.6875,0.6388597500000001,0.6668195,0.6886767500000001
0.5,0.6875,0.75,0.6274585,0.67215475,0.753715625
0.5,0.6875,0.8125,0.6160572500000001,0.6774899999999999,0.8187544999999999
0.5,0.6875,0.875,0.6046560000000001,0.6828252499999999,0.883793375
0.5,0.6875,0.9375,0.59325475,0.6881605,0.94883225
0.5,0.6875,1.0,0.5818535,0.69349575,1.0138711249999999
0.5,0.75,0.0,0.8219615,0.6584030000000001,-0.0288975
0.5,0.75,0.0625,0.81056025,0.6637382500000001,0.036141374999999996
0.5,0.75,0.125,0.7991590000000001,0.6690735000000001,0.10118025
0.5,0.75,0.1875,0.78775775,0.6744087500000001,0.166219125
0.5,0.75,0.25,0.7763565,0.6797440000000001,0.231258
0.5,0.75,0.3125,0.76495525,0.68507925,0.29629687499999996
0.5,0.75,0.375,0.7535540000000001,0.6904145,0.36133574999999996
0.5,0.75,0.4375,0.74215275,0.6957497500000001,0.42637462499999995
0.5,0.75,0.5,0.7307515,0.7010850000000001,0.49141349999999995
0.5,0.75,0.5625,0.71935025,0.7064202500000001,0.5564523749999999
0.5,0.75,0.625,0.707949,0.7117555000000001,0.6214912499999999
0.5,0.75,0.6875,0.69654775,0.7170907500000001,0.686530125
0.5,0.75,0.75,0.6851465,0.722426,0.7515689999999999
0.5,0.75,0.8125,0.6737452500000001,0.72776125,0.8166078749999999
0.5,0.75,0.875,0.662344,0.7330965,0.8816467499999999
0.5,0.75,0.9375,0.65094275,0.73843175,0.946685625
0.5,0.75,1.0,0.6395415,0.7437670000000001,1.0117245
0.5,0.8125,0.0,0.8796495000000001,0.7086742500000001,-0.031044125
0.5,0.8125,0.0625,0.86824825,0.7140095000000001,0.03399475
0.5,0.8125,0.125,0.8568470000000001,0.7193447500000001,0.09903362499999999
0.5,0.8125,0.1875,0.8454457500000001,0.7246800000000001,0.16407249999999998
0.5,0.8125,0.25,0.8340445000000001,0.7300152500000001,0.22911137499999998
0.5,0.8125,0.3125,0.82264325,0.7353505,0.29415025
0.5,0.8125,0.375,0.8112420000000001,0.74068575,0.359189125
0.5,0.8125,0.4375,0.7998407500000001,0.746021,0.424228
0.5,0.8125,0.5,0.7884395000000001,0.7513562500000001,0.489266875
0.5,0.8125,0.5625,0.77703825,0.7566915000000001,0.5543057499999999
0.5,0.8125,0.625,0.7656370000000001,0.7620267500000001,0.619344625
0.5,0.8125,0.6875,0.7542357500000001,0.7673620000000001,0.6843835
0.5,0.8125,0.75,0.7428345000000001,0.77269725,0.749422375
0.5,0.8125,0.8125,0.73143325,0.7780325,0.8144612499999999
0.5,0.8125,0.875,0.7200320000000001,0.78336775,0.879500125
0.5,0.8125,0.9375,0.7086307500000001,0.788703,0.944539
0.5,0.8125,1.0,0.6972295000000001,0.7940382500000001,1.009577875
0.5,0.875,0.0,0.9373375,0.7589455,-0.033190750000000005
0.5,0.875,0.0625,0.92593625,0.7642807500000001,0.03184812499999999
0.5,0.875,0.125,0.9145350000000001,0.7696160000000001,0.09688699999999999
0.5,0.875,0.1875,0.9031337500000001,0.7749512500000001,0.161925875
0.5,0.875,0.25,0.8917325,0.7802865000000001,0.22696475
0.5,0.875,0.3125,0.88033125,0.78562175,0.292003625
0.5,0.875,0.375,0.8689300000000001,0.790957,0.3570425
0.5,0.875,0.4375,0.8575287500000001,0.79629225,0.422081375
0.5,0.875,0.5,0.8461275,0.8016275,0.48712025
0.5,0.875,0.5625,0.83472625,0.8069627500000001,0.5521591249999999
0.5,0.875,0.625,0.8233250000000001,0.8122980000000001,0.6171979999999999
0.5,0.875,0.6875,0.81192375,0.8176332500000001,0.682236875
0.5,0.875,0.75,0.8005225,0.8229685,0.7472757499999999
0.5,0.875,0.8125,0.78912125,0.82830375,0.8123146249999998
0.5,0.875,0.875,0.7777200000000001,0.833639,0.8773534999999999
0.5,0.875,0.9375,0.76631875,0.83897425,0.942392375
0.5,0.875,1.0,0.7549175,0.8443095,1.00743125
0.5,0.9375,0.0,0.9950255000000001,0.80921675,-0.035337375000000004
0.5,0.9375,0.0625,0.9836242500000001,0.814552,0.029701499999999992
0.5,0.9375,0.125,0.9722230000000002,0.8198872500000001,0.09474037499999999
0.5,0.9375,0.1875,0.9608217500000001,0.8252225000000001,0.15977924999999998
0.5,0.9375,0.25,0.9494205000000001,0.8305577500000001,0.22481812499999998
0.5,0.9375,0.3125,0.9380192500000001,0.835893,0.289857
0.5,0.9375,0.375,0.9266180000000002,0.84122825,0.35489587499999997
0.5,0.9375,0.4375,0.9152167500000001,0.8465635,0.41993474999999997
0.5,0.9375,0.5,0.9038155000000001,0.85189875,0.48497362499999996
0.5,0.9375,0.5625,0.8924142500000001,0.857234,0.5500124999999999
0.5,0.9375,0.625,0.8810130000000002,0.8625692500000001,0.615051375
0.5,0.9375,0.6875,0.8696117500000001,0.8679045000000001,0.68009025
0.5,0.9375,0.75,0.8582105000000001,0.87323975,0.745129125
0.5,0.9375,0.8125,0.8468092500000002,0.878575,0.8101679999999999
0.5,0.9375,0.875,0.8354080000000002,0.88391025,0.8752068749999999
0.5,0.9375,0.9375,0.8240067500000001,0.8892455,0.94024575
0.5,0.9375,1.0,0.8126055000000001,0.89458075,1.0052846249999998
0.5,1.0,0.0,1.0527135,0.859488,-0.037484
0.5,1.0,0.0625,1.04131225,0.86482325,0.027554874999999993
0.5,1.0,0.125,1.029911,0.8701585000000001,0.09259374999999999
0.5,1.0,0.1875,1.01850975,0.8754937500000001,0.15763262499999997
0.5,1.0,0.25,1.0071085000000002,0.8808290000000001,0.22267149999999997
0.5,1.0,0.3125,0.99570725,0.88616425,0.28771037499999996
0.5,1.0,0.375,0.9843060000000001,0.8914995,0.35274924999999996
0.5,1.0,0.4375,0.9729047500000001,0.89683475,0.41778812499999995
0.5,1.0,0.5,0.9615035000000001,0.90217,0.48282699999999995
0.5,1.0,0.5625,0.95010225,0.90750525,0.547865875
0.5,1.0,0.625,0.9387010000000001,0.9128405,0.61290475
0.5,1.0,0.6875,0.9272997500000001,0.9181757500000001,0.677943625
0.5,1.0,0.75,0.9158985000000001,0.923511,0.7429825
0.5,1.0,0.8125,0.9044972500000001,0.92884625,0.8080213749999999
0.5,1.0,0.875,0.8930960000000001,0.9341815,0.87306025
0.5,1.0,0.9375,0.8816947500000001,0.93951675,0.938099125
0.5,1.0,1.0,0.8702935,0.944852,1.0031379999999999
0.5625,0.0,0.0,0.1459186875,0.0620415,-0.0035302500000000004
0.5625,0.0,0.0625,0.1345174375,0.06737675,0.061508625
0.5625,0.0,0.125,0.1231161875,0.072712,0.12654749999999998
0.5625,0.0,0.1875,0.1117149375,0.07804725,0.19158637499999998
0.5625,0.0,0.25,0.1003136875,0.0833825,0.25662524999999997
0.5625,0.0,0.3125,0.0889124375,0.08871775,0.32166412499999997
0.5625,0.0,0.375,0.07751118750000001,0.094053,0.38670299999999996
0.5625,0.0,0.4375,0.06610993750000001,0.09938825,0.45174187499999996
0.5625,0.0,0.5,0.054708687500000006,0.1047235,0.51678075
0.5625,0.0,0.5625,0.043307437500000004,0.11005875,0.581819625
0.5625,0.0,0.625,0.0319061875,0.115394,0.6468585
0.5625,0.0,0.6875,0.020504937500000014,0.12072925,0.711897375
0.5625,0.0,0.75,0.009103687500000013,0.1260645,0.77693625
0.5625,0.0,0.8125,-0.002297562499999989,0.13139974999999998,0.8419751249999999
0.5625,0.0,0.875,-0.01369881249999999,0.136735,0.907014
0.5625,0.0,0.9375,-0.025100062499999992,0.14207025,0.972052875
0.5625,0.0,1.0,-0.036501312499999994,0.1474055,1.0370917499999999
0.5625,0.0625,0.0,0.2036066875,0.11231275,-0.0056768750000000005
0.5625,0.0625,0.0625,0.1922054375,0.117648,0.059362
0.5625,0.0625,0.125,0.1808041875,0.12298325,0.124400875
0.5625,0.0625,0.1875,0.1694029375,0.1283185,0.18943975
0.5625,0.0625,0.25,0.1580016875,0.13365375000000002,0.25447862499999996
0.5625,0.0625,0.3125,0.14660043749999999,0.138989,0.31951749999999995
0.5625,0.0625,0.375,0.13519918749999998,0.14432425,0.38455637499999995
0.5625,0.0625,0.4375,0.1237979375,0.1496595,0.44959524999999995
0.5625,0.0625,0.5,0.1123966875,0.15499475000000001,0.5146341249999999
0.5625,0.0625,0.5625,0.1009954375,0.16033,0.5796729999999999
0.5625,0.0625,0.625,0.08959418749999999,0.16566525,0.6447118749999999
0.5625,0.0625,0.6875,0.0781929375,0.1710005,0.70975075
0.5625,0.0625,0.75,0.0667916875,0.17633575,0.7747896249999999
0.5625,0.0625,0.8125,0.0553904375,0.181671,0.8398284999999999
0.5625,0.0625,0.875,0.0439891875,0.18700624999999998,0.9048673749999999
0.5625,0.0625,0.9375,0.0325879375,0.1923415,0.96990625
0.5625,0.0625,1.0,0.021186687499999995,0.19767675,1.034945125
0.5625,0.125,0.0,0.2612946875,0.162584,-0.0078235
0.5625,0.125,0.0625,0.2498934375,0.16791925000000002,0.057215375
0.5625,0.125,0.125,0.2384921875,0.1732545,0.12225425
0.5625,0.125,0.1875,0.2270909375,0.17858975,0.18729312499999998
0.5625,0.125,0.25,0.2156896875,0.183925,0.252332
0.5625,0.125,0.3125,0.2042884375,0.18926025000000002,0.317370875
0.5625,0.125,0.375,0.1928871875,0.1945955,0.38240975
0.5625,0.125,0.4375,0.18148593750000003,0.19993075,0.447448625
0.5625,0.125,0.5,0.1700846875,0.205266,0.5124875
0.5625,0.125,0.5625,0.15868343750000002,0.21060125000000002,0.5775263749999999
0.5625,0.125,0.625,0.1472821875,0.2159365,0.64256525
0.5625,0.125,0.6875,0.13588093750000002,0.22127175,0.707604125
0.5625,0.125,0.75,0.12447968750000002,0.226607,0.772643
0.5625,0.125,0.8125,0.11307843750000002,0.23194225000000002,0.8376818749999999
0.5625,0.125,0.875,0.10167718750000002,0.2372775,0.90272075
0.5625,0.125,0.9375,0.09027593750000001,0.24261275,0.967759625
0.5625,0.125,1.0,0.07887468750000001,0.247948,1.0327985
0.5625,0.1875,0.0,0.31898268750000003,0.21285525000000002,-0.009970125
0.5625,0.1875,0.0625,0.30758143750000005,0.2181905,0.05506875
0.5625,0.1875,0.125,0.2961801875,0.22352575000000002,0.120107625
0.5625,0.1875,0.1875,0.28477893750000005,0.22886100000000004,0.1851465
0.5625,0.1875,0.25,0.2733776875,0.23419625000000002,0.250185375
0.5625,0.1875,0.3125,0.26197643750000005,0.2395315,0.31522425
0.5625,0.1875,0.375,0.2505751875,0.24486675000000002,0.380263125
0.5625,0.1875,0.4375,0.23917393750000004,0.25020200000000004,0.445302
0.5625,0.1875,0.5,0.22777268750000002,0.25553725000000005,0.5103408749999999
0.5625,0.1875,0.5625,0.21637143750000004,0.2608725,0.5753797499999999
0.5625,0.1875,0.625,0.2049701875,0.26620775,0.6404186249999999
0.5625,0.1875,0.6875,0.19356893750000004,0.27154300000000003,0.7054575
0.5625,0.1875,0.75,0.18216768750000004,0.27687825,0.7704963749999999
0.5625,0.1875,0.8125,0.17076643750000003,0.2822135,0.8355352499999998
0.5625,0.1875,0.875,0.15936518750000003,0.28754875,0.9005741249999999
0.5625,0.1875,0.9375,0.14796393750000003,0.29288400000000003,0.9656129999999999
0.5625,0.1875,1.0,0.13656268750000003,0.29821925000000005,1.030651875
0.5625,0.25,0.0,0.3766706875,0.26312650000000004,-0.01211675
0.5625,0.25,0.0625,0.3652694375,0.26846175000000005,0.052922124999999993
0.5625,0.25,0.125,0.3538681875,0.27379700000000007,0.117961
0.5625,0.25,0.1875,0.3424669375,0.27913225,0.18299987499999998
0.5625,0.25,0.25,0.3310656875,0.28446750000000004,0.24803874999999997
0.5625,0.25,0.3125,0.3196644375,0.28980275000000005,0.31307762499999997
0.5625,0.25,0.375,0.3082631875,0.295138,0.37811649999999997
0.5625,0.25,0.4375,0.2968619375,0.30047325,0.44315537499999996
0.5625,0.25,0.5,0.2854606875,0.30580850000000004,0.50819425
0.5625,0.25,0.5625,0.2740594375,0.31114375000000005,0.5732331249999999
0.5625,0.25,0.625,0.2626581875,0.31647900000000007,0.638272
0.5625,0.25,0.6875,0.2512569375,0.32181425,0.703310875
0.5625,0.25,0.75,0.2398556875,0.32714950000000004,0.7683497499999999
0.5625,0.25,0.8125,0.2284544375,0.33248475000000005,0.8333886249999999
0.5625,0.25,0.875,0.2170531875,0.33782,0.8984274999999999
0.5625,0.25,0.9375,0.2056519375,0.34315525,0.963466375
0.5625,0.25,1.0,0.1942506875,0.34849050000000004,1.02850525
0.5625,0.3125,0.0,0.43435868750000006,0.31339775000000003,-0.014263375
0.5625,0.3125,0.0625,0.4229574375000001,0.31873300000000004,0.050775499999999994
0.5625,0.3125,0.125,0.41155618750000006,0.32406825000000006,0.115814375
0.5625,0.3125,0.1875,0.4001549375000001,0.3294035,0.18085325
0.5625,0.3125,0.25,0.38875368750000006,0.33473875000000003,0.245892125
0.5625,0.3125,0.3125,0.3773524375000001,0.34007400000000004,0.31093099999999996
0.5625,0.3125,0.375,0.36595118750000005,0.34540925,0.37596987499999995
0.5625,0.3125,0.4375,0.3545499375000001,0.3507445,0.44100874999999995
0.5625,0.3125,0.5,0.34314868750000005,0.35607975000000003,0.506047625
0.5625,0.3125,0.5625,0.3317474375000001,0.36141500000000004,0.5710864999999999
0.5625,0.3125,0.625,0.32034618750000005,0.36675025000000006,0.636125375
0.5625,0.3125,0.6875,0.30894493750000007,0.3720855,0.70116425
0.5625,0.3125,0.75,0.29754368750000004,0.37742075,0.766203125
0.5625,0.3125,0.8125,0.28614243750000007,0.38275600000000004,0.8312419999999999
0.5625,0.3125,0.875,0.2747411875000001,0.38809125,0.896280875
0.5625,0.3125,0.9375,0.26333993750000007,0.3934265,0.96131975
0.5625,0.3125,1.0,0.25193868750000004,0.39876175,1.0263586249999999
0.5625,0.375,0.0,0.4920466875,0.363669,-0.01641
0.5625,0.375,0.0625,0.48064543750000005,0.36900425000000003,0.048628874999999995
0.5625,0.375,0.125,0.4692441875,0.37433950000000005,0.11366774999999998
0.5625,0.375,0.1875,0.45784293750000005,0.37967475,0.17870662499999998
0.5625,0.375,0.25,0.4464416875,0.38501,0.24374549999999998
0.5625,0.375,0.3125,0.43504043750000004,0.39034525000000003,0.308784375
0.5625,0.375,0.375,0.4236391875,0.3956805,0.37382325
0.5625,0.375,0.4375,0.41223793750000004,0.40101575,0.438862125
0.5625,0.375,0.5,0.4008366875,0.406351,0.5039009999999999
0.5625,0.375,0.5625,0.38943543750000004,0.41168625000000003,0.5689398749999999
0.5625,0.375,0.625,0.3780341875,0.41702150000000004,0.6339787499999999
0.5625,0.375,0.6875,0.36663293750000003,0.42235675,0.699017625
0.5625,0.375,0.75,0.3552316875,0.427692,0.7640564999999999
0.5625,0.375,0.8125,0.34383043750000003,0.43302725000000003,0.8290953749999999
0.5625,0.375,0.875,0.33242918750000006,0.4383625,0.8941342499999999
0.5625,0.375,0.9375,0.3210279375,0.44369775,0.959173125
0.5625,0.375,1.0,0.3096266875,0.449033,1.024212
0.5625,0.4375,0.0,0.5497346875,0.41394025,-0.018556625
0.5625,0.4375,0.0625,0.5383334375,0.4192755,0.046482249999999996
0.5625,0.4375,0.125,0.5269321875,0.42461075000000004,0.111521125
0.5625,0.4375,0.1875,0.5155309375,0.429946,0.17656
0.5625,0.4375,0.25,0.5041296875,0.43528125,0.241598875
0.5625,0.4375,0.3125,0.4927284375,0.4406165,0.30663775
0.5625,0.4375,0.375,0.4813271875,0.44595175,0.371676625
0.5625,0.4375,0.4375,0.4699259375,0.451287,0.4367155
0.5625,0.4375,0.5,0.45852468749999997,0.45662225,0.501754375
0.5625,0.4375,0.5625,0.4471234375,0.4619575,0.5667932499999999
0.5625,0.4375,0.625,0.43572218749999997,0.46729275000000003,0.631832125
0.5625,0.4375,0.6875,0.4243209375,0.472628,0.696871
0.5625,0.4375,0.75,0.41291968749999997,0.47796325,0.761909875
0.5625,0.4375,0.8125,0.4015184375,0.4832985,0.8269487499999999
0.5625,0.4375,0.875,0.3901171875,0.48863375,0.891987625
0.5625,0.4375,0.9375,0.3787159375,0.493969,0.9570265
0.5625,0.4375,1.0,0.36731468749999996,0.49930425,1.022065375
0.5625,0.5,0.0,0.6074226875000001,0.4642115,-0.02070325
0.5625,0.5,0.0625,0.5960214375,0.46954675,0.044335625
0.5625,0.5,0.125,0.5846201875000001,0.474882,0.10937449999999999
0.5625,0.5,0.1875,0.5732189375000001,0.48021725,0.17441337499999998
0.5625,0.5,0.25,0.5618176875,0.4855525,0.23945224999999998
0.5625,0.5,0.3125,0.5504164375,0.49088775,0.304491125
0.5625,0.5,0.375,0.5390151875000001,0.49622299999999997,0.36952999999999997
0.5625,0.5,0.4375,0.5276139375000001,0.50155825,0.43456887499999997
0.5625,0.5,0.5,0.5162126875,0.5068935,0.49960774999999996
0.5625,0.5,0.5625,0.5048114375,0.51222875,0.564646625
0.5625,0.5,0.625,0.49341018750000004,0.517564,0.6296855
0.5625,0.5,0.6875,0.48200893750000007,0.52289925,0.6947243750000001
0.5625,0.5,0.75,0.47060768750000004,0.5282344999999999,0.75976325
0.5625,0.5,0.8125,0.45920643750000006,0.53356975,0.8248021249999999
0.5625,0.5,0.875,0.4478051875000001,0.538905,0.889841
0.5625,0.5,0.9375,0.43640393750000006,0.54424025,0.954879875
0.5625,0.5,1.0,0.42500268750000003,0.5495755,1.01991875
0.5625,0.5625,0.0,0.6651106875,0.51448275,-0.022849875
0.5625,0.5625,0.0625,0.6537094375,0.519818,0.042189
0.5625,0.5625,0.125,0.6423081875000001,0.52515325,0.107227875
0.5625,0.5625,0.1875,0.6309069375,0.5304885,0.17226675
0.5625,0.5625,0.25,0.6195056875,0.53582375,0.237305625
0.5625,0.5625,0.3125,0.6081044375,0.541159,0.30234449999999996
0.5625,0.5625,0.375,0.5967031875000001,0.54649425,0.36738337499999996
0.5625,0.5625,0.4375,0.5853019375,0.5518295,0.43242224999999995
0.5625,0.5625,0.5,0.5739006875,0.55716475,0.49746112499999995
0.5625,0.5625,0.5625,0.5624994375,0.5625,0.5624999999999999
0.5625,0.5625,0.625,0.5510981875000001,0.56783525,0.6275388749999999
0.5625,0.5625,0.6875,0.5396969375,0.5731705,0.69257775
0.5625,0.5625,0.75,0.5282956875,0.5785057499999999,0.7576166249999999
0.5625,0.5625,0.8125,0.5168944375,0.5838409999999999,0.8226554999999999
0.5625,0.5625,0.875,0.5054931875,0.58917625,0.8876943749999999
0.5625,0.5625,0.9375,0.4940919375,0.5945115,0.95273325
0.5625,0.5625,1.0,0.4826906875,0.59984675,1.017772125
0.5625,0.625,0.0,0.7227986875000001,0.564754,-0.024996499999999998
0.5625,0.625,0.0625,0.7113974375000001,0.57008925,0.040042375
0.5625,0.625,0.125,0.6999961875000001,0.5754245,0.10508124999999999
0.5625,0.625,0.1875,0.6885949375000001,0.58075975,0.17012012499999998
0.5625,0.625,0.25,0.6771936875000001,0.586095,0.23515899999999998
0.5625,0.625,0.3125,0.6657924375000001,0.5914302499999999,0.300197875
0.5625,0.625,0.375,0.6543911875000001,0.5967655,0.36523675
0.5625,0.625,0.4375,0.6429899375000001,0.60210075,0.430275625
0.5625,0.625,0.5,0.6315886875000001,0.607436,0.4953145
0.5625,0.625,0.5625,0.6201874375,0.61277125,0.5603533749999999
0.5625,0.625,0.625,0.6087861875000001,0.6181065,0.62539225
0.5625,0.625,0.6875,0.5973849375000001,0.62344175,0.690431125
0.5625,0.625,0.75,0.5859836875000001,0.6287769999999999,0.75547
0.5625,0.625,0.8125,0.5745824375000002,0.6341122499999999,0.8205088749999999
0.5625,0.625,0.875,0.5631811875000001,0.6394475,0.88554775
0.5625,0.625,0.9375,0.5517799375000001,0.64478275,0.950586625
0.5625,0.625,1.0,0.5403786875000001,0.650118,1.0156254999999998
0.5625,0.6875,0.0,0.7804866875,0.61502525,-0.027143125000000004
0.5625,0.6875,0.0625,0.7690854375,0.6203605,0.03789574999999999
0.5625,0.6875,0.125,0.7576841875000001,0.62569575,0.10293462499999999
0.5625,0.6875,0.1875,0.7462829375000001,0.631031,0.1679735
0.5625,0.6875,0.25,0.7348816875,0.63636625,0.233012375
0.5625,0.6875,0.3125,0.7234804375,0.6417014999999999,0.29805125
0.5625,0.6875,0.375,0.7120791875000001,0.6470367499999999,0.363090125
0.5625,0.6875,0.4375,0.7006779375000001,0.652372,0.428129
0.5625,0.6875,0.5,0.6892766875,0.65770725,0.493167875
0.5625,0.6875,0.5625,0.6778754375,0.6630425,0.5582067499999999
0.5625,0.6875,0.625,0.6664741875000001,0.66837775,0.6232456249999999
0.5625,0.6875,0.6875,0.6550729375000001,0.673713,0.6882845
0.5625,0.6875,0.75,0.6436716875,0.6790482499999999,0.7533233749999999
0.5625,0.6875,0.8125,0.6322704375000001,0.6843834999999999,0.8183622499999998
0.5625,0.6875,0.875,0.6208691875000001,0.6897187499999999,0.8834011249999999
0.5625,0.6875,0.9375,0.6094679375000001,0.695054,0.94844
0.5625,0.6875,1.0,0.5980666875,0.70038925,1.013478875
0.5625,0.75,0.0,0.8381746875,0.6652965000000001,-0.029289750000000003
0.5625,0.75,0.0625,0.8267734375,0.6706317500000001,0.03574912499999999
0.5625,0.75,0.125,0.8153721875000001,0.6759670000000001,0.10078799999999999
0.5625,0.75,0.1875,0.8039709375,0.6813022500000001,0.16582687499999998
0.5625,0.75,0.25,0.7925696875,0.6866375,0.23086574999999998
0.5625,0.75,0.3125,0.7811684375,0.69197275,0.295904625
0.5625,0.75,0.375,0.7697671875000001,0.697308,0.3609435
0.5625,0.75,0.4375,0.7583659375,0.70264325,0.42598237499999997
0.5625,0.75,0.5,0.7469646875,0.7079785000000001,0.49102124999999996
0.5625,0.75,0.5625,0.7355634375,0.7133137500000001,0.5560601249999999
0.5625,0.75,0.625,0.7241621875,0.7186490000000001,0.621099
0.5625,0.75,0.6875,0.7127609375,0.7239842500000001,0.686137875
0.5625,0.75,0.75,0.7013596875,0.7293195000000001,0.75117675
0.5625,0.75,0.8125,0.6899584375000001,0.73465475,0.8162156249999999
0.5625,0.75,0.875,0.6785571875,0.73999,0.8812544999999999
0.5625,0.75,0.9375,0.6671559375,0.74532525,0.946293375
0.5625,0.75,1.0,0.6557546875,0.7506605000000001,1.01133225
0.5625,0.8125,0.0,0.8958626875000001,0.7155677500000001,-0.031436375
0.5625,0.8125,0.0625,0.8844614375000001,0.7209030000000001,0.033602499999999993
0.5625,0.8125,0.125,0.8730601875000001,0.7262382500000001,0.09864137499999999
0.5625,0.8125,0.1875,0.8616589375000001,0.7315735000000001,0.16368024999999997
0.5625,0.8125,0.25,0.8502576875000001,0.73690875,0.22871912499999997
0.5625,0.8125,0.3125,0.8388564375,0.742244,0.29375799999999996
0.5625,0.8125,0.375,0.8274551875000001,0.74757925,0.35879687499999996
0.5625,0.8125,0.4375,0.8160539375000001,0.7529145,0.42383574999999996
0.5625,0.8125,0.5,0.8046526875000001,0.7582497500000001,0.48887462499999995
0.5625,0.8125,0.5625,0.7932514375,0.7635850000000001,0.5539135
0.5625,0.8125,0.625,0.7818501875000001,0.7689202500000001,0.618952375
0.5625,0.8125,0.6875,0.7704489375000001,0.7742555000000001,0.68399125
0.5625,0.8125,0.75,0.7590476875000001,0.7795907500000001,0.749030125
0.5625,0.8125,0.8125,0.7476464375,0.784926,0.8140689999999999
0.5625,0.8125,0.875,0.7362451875000001,0.79026125,0.879107875
0.5625,0.8125,0.9375,0.7248439375000001,0.7955965,0.94414675
0.5625,0.8125,1.0,0.7134426875000001,0.80093175,1.009185625
0.5625,0.875,0.0,0.9535506875,0.765839,-0.033583
0.5625,0.875,0.0625,0.9421494375,0.7711742500000001,0.031455874999999994
0.5625,0.875,0.125,0.9307481875000001,0.7765095000000001,0.09649474999999999
0.5625,0.875,0.1875,0.9193469375000001,0.7818447500000001,0.161533625
0.5625,0.875,0.25,0.9079456875,0.78718,0.22657249999999998
0.5625,0.875,0.3125,0.8965444375,0.79251525,0.291611375
0.5625,0.875,0.375,0.8851431875000001,0.7978505,0.35665024999999995
0.5625,0.875,0.4375,0.8737419375000001,0.80318575,0.421689125
0.5625,0.875,0.5,0.8623406875,0.808521,0.48672799999999994
0.5625,0.875,0.5625,0.8509394375,0.8138562500000001,0.5517668749999999
0.5625,0.875,0.625,0.8395381875000001,0.8191915000000001,0.6168057499999999
0.5625,0.875,0.6875,0.8281369375000001,0.8245267500000001,0.681844625
0.5625,0.875,0.75,0.8167356875,0.8298620000000001,0.7468834999999999
0.5625,0.875,0.8125,0.8053344375,0.83519725,0.8119223749999999
0.5625,0.875,0.875,0.7939331875000001,0.8405325,0.8769612499999999
0.5625,0.875,0.9375,0.7825319375,0.84586775,0.942000125
0.5625,0.875,1.0,0.7711306875,0.851203,1.007039
0.5625,0.9375,0.0,1.0112386875000001,0.81611025,-0.035729625
0.5625,0.9375,0.0625,0.9998374375000001,0.8214455,0.029309249999999995
0.5625,0.9375,0.125,0.9884361875000002,0.8267807500000001,0.09434812499999999
0.5625,0.9375,0.1875,0.9770349375000001,0.8321160000000001,0.159387
0.5625,0.9375,0.25,0.9656336875000001,0.83745125,0.224425875
0.5625,0.9375,0.3125,0.9542324375000001,0.8427865,0.28946475
0.5625,0.9375,0.375,0.9428311875000002,0.84812175,0.354503625
0.5625,0.9375,0.4375,0.9314299375000001,0.853457,0.4195425
0.5625,0.9375,0.5,0.9200286875000001,0.85879225,0.484581375
0.5625,0.9375,0.5625,0.9086274375000001,0.8641275,0.5496202499999999
0.5625,0.9375,0.625,0.8972261875000002,0.8694627500000001,0.614659125
0.5625,0.9375,0.6875,0.8858249375000001,0.8747980000000001,0.679698
0.5625,0.9375,0.75,0.8744236875000001,0.8801332500000001,0.744736875
0.5625,0.9375,0.8125,0.8630224375000002,0.8854685,0.8097757499999999
0.5625,0.9375,0.875,0.8516211875000002,0.89080375,0.874814625
0.5625,0.9375,0.9375,0.8402199375000001,0.896139,0.9398535
0.5625,0.9375,1.0,0.8288186875000001,0.90147425,1.0048923749999998
0.5625,1.0,0.0,1.0689266875,0.8663815,-0.03787625
0.5625,1.0,0.0625,1.0575254375,0.87171675,0.027162624999999996
0.5625,1.0,0.125,1.0461241875,0.877052,0.09220149999999999
0.5625,1.0,0.1875,1.0347229375,0.8823872500000001,0.157240375
0.5625,1.0,0.25,1.0233216875000002,0.8877225,0.22227924999999998
0.5625,1.0,0.3125,1.0119204375000002,0.89305775,0.287318125
0.5625,1.0,0.375,1.0005191875000001,0.898393,0.352357
0.5625,1.0,0.4375,0.9891179375000001,0.90372825,0.41739587499999997
0.5625,1.0,0.5,0.9777166875000001,0.9090635,0.48243474999999997
0.5625,1.0,0.5625,0.9663154375,0.91439875,0.5474736249999999
0.5625,1.0,0.625,0.9549141875000001,0.919734,0.6125125
0.5625,1.0,0.6875,0.9435129375000001,0.9250692500000001,0.677551375
0.5625,1.0,0.75,0.9321116875000001,0.9304045000000001,0.7425902499999999
0.5625,1.0,0.8125,0.9207104375000001,0.93573975,0.8076291249999998
0.5625,1.0,0.875,0.9093091875000001,0.941075,0.872668
0.5625,1.0,0.9375,0.8979079375000001,0.94641025,0.9377068749999999
0.5625,1.0,1.0,0.8865066875000001,0.9517455,1.0027457499999999
0.625,0.0,0.0,0.162131875,0.068935,-0.003922500000000001
0.625,0.0,0.0625,0.150730625,0.07427025,0.061116374999999994
0.625,0.0,0.125,0.139329375,0.0796055,0.12615525
0.625,0.0,0.1875,0.127928125,0.08494075,0.191194125
0.625,0.0,0.25,0.116526875,0.090276,0.256233
0.625,0.0,0.3125,0.105125625,0.09561125,0.321271875
0.625,0.0,0.375,0.09372437500000001,0.1009465,0.38631075
0.625,0.0,0.4375,0.08232312500000001,0.10628175,0.451349625
0.625,0.0,0.5,0.07092187500000001,0.111617,0.5163884999999999
0.625,0.0,0.5625,0.05952062500000001,0.11695225,0.5814273749999999
0.625,0.0,0.625,0.048119375000000006,0.1222875,0.6464662499999999
0.625,0.0,0.6875,0.03671812500000002,0.12762275,0.711505125
0.625,0.0,0.75,0.025316875000000016,0.132958,0.7765439999999999
0.625,0.0,0.8125,0.013915625000000015,0.13829324999999998,0.8415828749999998
0.625,0.0,0.875,0.002514375000000013,0.1436285,0.9066217499999999
0.625,0.0,0.9375,-0.008886874999999989,0.14896375,0.971660625
0.625,0.0,1.0,-0.02028812499999999,0.154299,1.0366994999999999
0.625,0.0625,0.0,0.219819875,0.11920625,-0.006069125000000001
0.625,0.0625,0.0625,0.208418625,0.1245415,0.058969749999999994
0.625,0.0625,0.125,0.197017375,0.12987674999999999,0.124008625
0.625,0.0625,0.1875,0.185616125,0.135212,0.18904749999999998
0.625,0.0625,0.25,0.174214875,0.14054725,0.254086375
0.625,0.0625,0.3125,0.162813625,0.1458825,0.31912524999999997
0.625,0.0625,0.375,0.151412375,0.15121774999999998,0.38416412499999997
0.625,0.0625,0.4375,0.14001112500000001,0.156553,0.44920299999999996
0.625,0.0625,0.5,0.12860987499999998,0.16188825,0.514241875
0.625,0.0625,0.5625,0.117208625,0.1672235,0.5792807499999999
0.625,0.0625,0.625,0.105807375,0.17255874999999998,0.644319625
0.625,0.0625,0.6875,0.09440612500000001,0.177894,0.7093585
0.625,0.0625,0.75,0.083004875,0.18322925,0.7743973749999999
0.625,0.0625,0.8125,0.071603625,0.1885645,0.8394362499999999
0.625,0.0625,0.875,0.060202375,0.19389974999999998,0.9044751249999999
0.625,0.0625,0.9375,0.048801125,0.199235,0.969514
0.625,0.0625,1.0,0.037399875,0.20457025,1.034552875
0.625,0.125,0.0,0.277507875,0.1694775,-0.00821575
0.625,0.125,0.0625,0.26610662500000004,0.17481275000000002,0.056823124999999995
0.625,0.125,0.125,0.254705375,0.180148,0.121862
0.625,0.125,0.1875,0.243304125,0.18548325,0.186900875
0.625,0.125,0.25,0.231902875,0.1908185,0.25193974999999996
0.625,0.125,0.3125,0.220501625,0.19615375000000002,0.31697862499999996
0.625,0.125,0.375,0.209100375,0.201489,0.38201749999999995
0.625,0.125,0.4375,0.19769912500000003,0.20682425,0.44705637499999995
0.625,0.125,0.5,0.186297875,0.2121595,0.51209525
0.625,0.125,0.5625,0.17489662500000003,0.21749475000000001,0.5771341249999999
0.625,0.125,0.625,0.163495375,0.22283,0.642173
0.625,0.125,0.6875,0.15209412500000002,0.22816525,0.707211875
0.625,0.125,0.75,0.14069287500000002,0.2335005,0.77225075
0.625,0.125,0.8125,0.12929162500000002,0.23883575,0.8372896249999999
0.625,0.125,0.875,0.11789037500000002,0.244171,0.9023285
0.625,0.125,0.9375,0.10648912500000002,0.24950624999999998,0.967367375
0.625,0.125,1.0,0.09508787500000002,0.2548415,1.03240625
0.625,0.1875,0.0,0.33519587500000003,0.21974875000000002,-0.010362375
0.625,0.1875,0.0625,0.32379462500000006,0.225084,0.054676499999999996
0.625,0.1875,0.125,0.31239337500000003,0.23041925000000002,0.11971537499999998
0.625,0.1875,0.1875,0.30099212500000005,0.23575450000000003,0.18475424999999998
0.625,0.1875,0.25,0.289590875,0.24108975000000002,0.24979312499999998
0.625,0.1875,0.3125,0.27818962500000005,0.246425,0.314832
0.625,0.1875,0.375,0.266788375,0.25176025,0.379870875
0.625,0.1875,0.4375,0.25538712500000005,0.25709550000000003,0.44490975
0.625,0.1875,0.5,0.24398587500000002,0.26243075000000005,0.5099486249999999
0.625,0.1875,0.5625,0.23258462500000004,0.267766,0.5749874999999999
0.625,0.1875,0.625,0.22118337500000002,0.27310125,0.6400263749999999
0.625,0.1875,0.6875,0.20978212500000004,0.27843650000000003,0.70506525
0.625,0.1875,0.75,0.19838087500000004,0.28377175,0.7701041249999999
0.625,0.1875,0.8125,0.18697962500000004,0.289107,0.8351429999999999
0.625,0.1875,0.875,0.17557837500000004,0.29444225,0.9001818749999999
0.625,0.1875,0.9375,0.16417712500000003,0.29977750000000003,0.96522075
0.625,0.1875,1.0,0.15277587500000003,0.30511275000000004,1.030259625
0.625,0.25,0.0,0.392883875,0.27002000000000004,-0.012509000000000001
0.625,0.25,0.0625,0.381482625,0.27535525000000005,0.052529875
0.625,0.25,0.125,0.370081375,0.28069050000000006,0.11756874999999999
0.625,0.25,0.1875,0.358680125,0.28602575,0.182607625
0.625,0.25,0.25,0.347278875,0.29136100000000004,0.2476465
0.625,0.25,0.3125,0.335877625,0.29669625000000005,0.312685375
0.625,0.25,0.375,0.324476375,0.3020315,0.37772425
0.625,0.25,0.4375,0.313075125,0.30736675,0.442763125
0.625,0.25,0.5,0.301673875,0.31270200000000004,0.507802
0.625,0.25,0.5625,0.290272625,0.31803725000000005,0.5728408749999999
0.625,0.25,0.625,0.278871375,0.32337250000000006,0.63787975
0.625,0.25,0.6875,0.267470125,0.32870775,0.702918625
0.625,0.25,0.75,0.256068875,0.33404300000000003,0.7679575
0.625,0.25,0.8125,0.244667625,0.33937825000000005,0.8329963749999999
0.625,0.25,0.875,0.233266375,0.3447135,0.89803525
0.625,0.25,0.9375,0.221865125,0.35004875,0.963074125
0.625,0.25,1.0,0.210463875,0.35538400000000003,1.0281129999999998
0.625,0.3125,0.0,0.45057187500000007,0.32029125,-0.014655625
0.625,0.3125,0.0625,0.4391706250000001,0.32562650000000004,0.05038325
0.625,0.3125,0.125,0.42776937500000006,0.33096175000000005,0.11542212499999999
0.625,0.3125,0.1875,0.4163681250000001,0.336297,0.18046099999999998
0.625,0.3125,0.25,0.40496687500000006,0.34163225,0.24549987499999998
0.625,0.3125,0.3125,0.3935656250000001,0.34696750000000004,0.31053875
0.625,0.3125,0.375,0.38216437500000006,0.35230275,0.37557762499999997
0.625,0.3125,0.4375,0.3707631250000001,0.357638,0.44061649999999997
0.625,0.3125,0.5,0.35936187500000005,0.36297325,0.505655375
0.625,0.3125,0.5625,0.3479606250000001,0.36830850000000004,0.57069425
0.625,0.3125,0.625,0.33655937500000005,0.37364375000000005,0.635733125
0.625,0.3125,0.6875,0.3251581250000001,0.378979,0.7007720000000001
0.625,0.3125,0.75,0.31375687500000005,0.38431425,0.765810875
0.625,0.3125,0.8125,0.3023556250000001,0.38964950000000004,0.8308497499999999
0.625,0.3125,0.875,0.2909543750000001,0.39498475,0.895888625
0.625,0.3125,0.9375,0.27955312500000007,0.40032,0.9609275
0.625,0.3125,1.0,0.26815187500000004,0.40565525,1.0259663749999999
0.625,0.375,0.0,0.508259875,0.3705625,-0.01680225
0.625,0.375,0.0625,0.49685862500000005,0.37589775000000003,0.04823662499999999
0.625,0.375,0.125,0.485457375,0.38123300000000004,0.11327549999999999
0.625,0.375,0.1875,0.47405612500000005,0.38656825,0.178314375
0.625,0.375,0.25,0.462654875,0.3919035,0.24335325
0.625,0.375,0.3125,0.45125362500000005,0.39723875000000003,0.30839212499999996
0.625,0.375,0.375,0.439852375,0.402574,0.37343099999999996
0.625,0.375,0.4375,0.42845112500000004,0.40790925,0.43846987499999995
0.625,0.375,0.5,0.417049875,0.4132445,0.50350875
0.625,0.375,0.5625,0.40564862500000004,0.41857975000000003,0.5685476249999999
0.625,0.375,0.625,0.394247375,0.42391500000000004,0.6335864999999999
0.625,0.375,0.6875,0.38284612500000004,0.42925025,0.698625375
0.625,0.375,0.75,0.371444875,0.4345855,0.7636642499999999
0.625,0.375,0.8125,0.36004362500000003,0.43992075,0.8287031249999999
0.625,0.375,0.875,0.34864237500000006,0.445256,0.8937419999999999
0.625,0.375,0.9375,0.33724112500000003,0.45059125,0.958780875
0.625,0.375,1.0,0.325839875,0.4559265,1.02381975
0.625,0.4375,0.0,0.565947875,0.42083375,-0.018948875000000004
0.625,0.4375,0.0625,0.554546625,0.426169,0.04608999999999999
0.625,0.4375,0.125,0.543145375,0.43150425000000003,0.11112887499999999
0.625,0.4375,0.1875,0.531744125,0.4368395,0.17616774999999998
0.625,0.4375,0.25,0.520342875,0.44217475,0.24120662499999998
0.625,0.4375,0.3125,0.508941625,0.44751,0.30624549999999995
0.625,0.4375,0.375,0.497540375,0.45284525,0.371284375
0.625,0.4375,0.4375,0.486139125,0.4581805,0.43632324999999994
0.625,0.4375,0.5,0.474737875,0.46351575,0.501362125
0.625,0.4375,0.5625,0.463336625,0.468851,0.5664009999999999
0.625,0.4375,0.625,0.451935375,0.47418625000000003,0.631439875
0.625,0.4375,0.6875,0.440534125,0.4795215,0.69647875
0.625,0.4375,0.75,0.42913287499999997,0.48485675,0.761517625
0.625,0.4375,0.8125,0.417731625,0.490192,0.8265564999999999
0.625,0.4375,0.875,0.406330375,0.49552725,0.891595375
0.625,0.4375,0.9375,0.394929125,0.5008625,0.95663425
0.625,0.4375,1.0,0.38352787499999996,0.50619775,1.021673125
0.625,0.5,0.0,0.6236358750000001,0.471105,-0.021095500000000003
0.625,0.5,0.0625,0.612234625,0.47644025,0.04394337499999999
0.625,0.5,0.125,0.6008333750000001,0.4817755,0.10898224999999999
0.625,0.5,0.1875,0.5894321250000001,0.48711075,0.174021125
0.625,0.5,0.25,0.578030875,0.492446,0.23906
0.625,0.5,0.3125,0.566629625,0.49778125,0.304098875
0.625,0.5,0.375,0.5552283750000001,0.5031165,0.36913775
0.625,0.5,0.4375,0.5438271250000001,0.50845175,0.434176625
0.625,0.5,0.5,0.532425875,0.513787,0.4992155
0.625,0.5,0.5625,0.521024625,0.51912225,0.5642543749999999
0.625,0.5,0.625,0.5096233750000001,0.5244575,0.6292932499999999
0.625,0.5,0.6875,0.49822212500000007,0.52979275,0.694332125
0.625,0.5,0.75,0.48682087500000004,0.535128,0.7593709999999999
0.625,0.5,0.8125,0.47541962500000007,0.54046325,0.8244098749999998
0.625,0.5,0.875,0.4640183750000001,0.5457985,0.8894487499999999
0.625,0.5,0.9375,0.45261712500000006,0.55113375,0.954487625
0.625,0.5,1.0,0.44121587500000004,0.556469,1.0195265
0.625,0.5625,0.0,0.681323875,0.52137625,-0.023242125000000002
0.625,0.5625,0.0625,0.669922625,0.5267115,0.041796749999999994
0.625,0.5625,0.125,0.6585213750000001,0.53204675,0.10683562499999999
0.625,0.5625,0.1875,0.647120125,0.537382,0.17187449999999999
0.625,0.5625,0.25,0.635718875,0.5427172499999999,0.23691337499999998
0.625,0.5625,0.3125,0.624317625,0.5480524999999999,0.30195225
0.625,0.5625,0.375,0.6129163750000001,0.55338775,0.366991125
0.625,0.5625,0.4375,0.601515125,0.558723,0.43202999999999997
0.625,0.5625,0.5,0.590113875,0.56405825,0.49706887499999997
0.625,0.5625,0.5625,0.578712625,0.5693935,0.5621077499999999
0.625,0.5625,0.625,0.5673113750000001,0.57472875,0.627146625
0.625,0.5625,0.6875,0.555910125,0.580064,0.6921855
0.625,0.5625,0.75,0.544508875,0.58539925,0.757224375
0.625,0.5625,0.8125,0.533107625,0.5907344999999999,0.8222632499999999
0.625,0.5625,0.875,0.521706375,0.59606975,0.8873021249999999
0.625,0.5625,0.9375,0.510305125,0.601405,0.952341
0.625,0.5625,1.0,0.498903875,0.60674025,1.017379875
0.625,0.625,0.0,0.7390118750000001,0.5716475,-0.02538875
0.625,0.625,0.0625,0.7276106250000001,0.57698275,0.039650124999999994
0.625,0.625,0.125,0.7162093750000001,0.582318,0.10468899999999999
0.625,0.625,0.1875,0.7048081250000001,0.58765325,0.16972787499999997
0.625,0.625,0.25,0.6934068750000001,0.5929884999999999,0.23476674999999997
0.625,0.625,0.3125,0.6820056250000001,0.5983237499999999,0.29980562499999996
0.625,0.625,0.375,0.6706043750000001,0.603659,0.36484449999999996
0.625,0.625,0.4375,0.6592031250000001,0.60899425,0.42988337499999996
0.625,0.625,0.5,0.6478018750000001,0.6143295,0.49492224999999995
0.625,0.625,0.5625,0.636400625,0.61966475,0.559961125
0.625,0.625,0.625,0.6249993750000001,0.625,0.625
0.625,0.625,0.6875,0.6135981250000001,0.63033525,0.690038875
0.625,0.625,0.75,0.6021968750000001,0.6356705,0.75507775
0.625,0.625,0.8125,0.5907956250000002,0.6410057499999999,0.8201166249999999
0.625,0.625,0.875,0.5793943750000001,0.6463409999999999,0.8851555
0.625,0.625,0.9375,0.5679931250000001,0.65167625,0.950194375
0.625,0.625,1.0,0.5565918750000001,0.6570115,1.0152332499999999
0.625,0.6875,0.0,0.7966998750000001,0.62191875,-0.027535375
0.625,0.6875,0.0625,0.785298625,0.627254,0.037503499999999995
0.625,0.6875,0.125,0.7738973750000001,0.63258925,0.10254237499999999
0.625,0.6875,0.1875,0.7624961250000001,0.6379245,0.16758125
0.625,0.6875,0.25,0.751094875,0.6432597499999999,0.23262012499999998
0.625,0.6875,0.3125,0.739693625,0.6485949999999999,0.297659
0.625,0.6875,0.375,0.7282923750000001,0.6539302499999999,0.36269787499999995
0.625,0.6875,0.4375,0.7168911250000001,0.6592655,0.42773675
0.625,0.6875,0.5,0.705489875,0.66460075,0.49277562499999994
0.625,0.6875,0.5625,0.694088625,0.669936,0.5578144999999999
0.625,0.6875,0.625,0.6826873750000001,0.67527125,0.6228533749999999
0.625,0.6875,0.6875,0.6712861250000001,0.6806065,0.68789225
0.625,0.6875,0.75,0.659884875,0.68594175,0.7529311249999999
0.625,0.6875,0.8125,0.6484836250000001,0.6912769999999999,0.8179699999999999
0.625,0.6875,0.875,0.6370823750000001,0.6966122499999999,0.8830088749999999
0.625,0.6875,0.9375,0.6256811250000001,0.7019475,0.94804775
0.625,0.6875,1.0,0.614279875,0.70728275,1.013086625
0.625,0.75,0.0,0.854387875,0.6721900000000001,-0.029682
0.625,0.75,0.0625,0.842986625,0.6775252500000001,0.035356874999999996
0.625,0.75,0.125,0.8315853750000001,0.6828605000000001,0.10039574999999999
0.625,0.75,0.1875,0.820184125,0.6881957500000001,0.165434625
0.625,0.75,0.25,0.808782875,0.6935310000000001,0.2304735
0.625,0.75,0.3125,0.797381625,0.69886625,0.295512375
0.625,0.75,0.375,0.7859803750000001,0.7042015,0.36055125
0.625,0.75,0.4375,0.774579125,0.70953675,0.425590125
0.625,0.75,0.5,0.763177875,0.7148720000000001,0.490629
0.625,0.75,0.5625,0.751776625,0.7202072500000001,0.5556678749999999
0.625,0.75,0.625,0.7403753750000001,0.7255425000000001,0.62070675
0.625,0.75,0.6875,0.728974125,0.7308777500000001,0.685745625
0.625,0.75,0.75,0.717572875,0.736213,0.7507845
0.625,0.75,0.8125,0.7061716250000001,0.74154825,0.8158233749999999
0.625,0.75,0.875,0.694770375,0.7468835,0.88086225
0.625,0.75,0.9375,0.683369125,0.75221875,0.945901125
0.625,0.75,1.0,0.671967875,0.7575540000000001,1.01094
0.625,0.8125,0.0,0.9120758750000001,0.72246125,-0.031828625
0.625,0.8125,0.0625,0.9006746250000001,0.7277965000000001,0.03321025
0.625,0.8125,0.125,0.8892733750000001,0.7331317500000001,0.09824912499999999
0.625,0.8125,0.1875,0.8778721250000001,0.7384670000000001,0.163288
0.625,0.8125,0.25,0.8664708750000001,0.7438022500000001,0.22832687499999998
0.625,0.8125,0.3125,0.855069625,0.7491375,0.29336575
0.625,0.8125,0.375,0.8436683750000001,0.75447275,0.358404625
0.625,0.8125,0.4375,0.8322671250000001,0.759808,0.4234435
0.625,0.8125,0.5,0.8208658750000001,0.76514325,0.48848237499999997
0.625,0.8125,0.5625,0.809464625,0.7704785000000001,0.55352125
0.625,0.8125,0.625,0.7980633750000001,0.7758137500000001,0.6185601249999999
0.625,0.8125,0.6875,0.7866621250000001,0.7811490000000001,0.6835990000000001
0.625,0.8125,0.75,0.7752608750000001,0.78648425,0.748637875
0.625,0.8125,0.8125,0.763859625,0.7918195,0.81367675
0.625,0.8125,0.875,0.7524583750000001,0.79715475,0.8787156249999999
0.625,0.8125,0.9375,0.7410571250000001,0.80249,0.9437545
0.625,0.8125,1.0,0.7296558750000001,0.80782525,1.008793375
0.625,0.875,0.0,0.969763875,0.7727325,-0.033975250000000005
0.625,0.875,0.0625,0.958362625,0.7780677500000001,0.03106362499999999
0.625,0.875,0.125,0.9469613750000001,0.7834030000000001,0.09610249999999998
0.625,0.875,0.1875,0.9355601250000001,0.7887382500000001,0.16114137499999998
0.625,0.875,0.25,0.924158875,0.7940735000000001,0.22618024999999997
0.625,0.875,0.3125,0.912757625,0.79940875,0.29121912499999997
0.625,0.875,0.375,0.9013563750000001,0.804744,0.35625799999999996
0.625,0.875,0.4375,0.8899551250000001,0.81007925,0.42129687499999996
0.625,0.875,0.5,0.878553875,0.8154145,0.48633574999999996
0.625,0.875,0.5625,0.867152625,0.8207497500000001,0.5513746249999999
0.625,0.875,0.625,0.8557513750000001,0.8260850000000001,0.6164135
0.625,0.875,0.6875,0.8443501250000001,0.8314202500000001,0.681452375
0.625,0.875,0.75,0.832948875,0.8367555,0.7464912499999999
0.625,0.875,0.8125,0.821547625,0.84209075,0.8115301249999999
0.625,0.875,0.875,0.8101463750000001,0.847426,0.8765689999999999
0.625,0.875,0.9375,0.7987451250000001,0.85276125,0.941607875
0.625,0.875,1.0,0.787343875,0.8580965,1.00664675
0.625,0.9375,0.0,1.0274518750000001,0.82300375,-0.036121875000000005
0.625,0.9375,0.0625,1.016050625,0.828339,0.02891699999999999
0.625,0.9375,0.125,1.004649375,0.8336742500000001,0.093955875
0.625,0.9375,0.1875,0.9932481250000001,0.8390095000000001,0.15899475
0.625,0.9375,0.25,0.9818468750000001,0.8443447500000001,0.224033625
0.625,0.9375,0.3125,0.9704456250000001,0.84968,0.28907249999999995
0.625,0.9375,0.375,0.9590443750000002,0.85501525,0.35411137499999995
0.625,0.9375,0.4375,0.9476431250000001,0.8603505,0.41915024999999995
0.625,0.9375,0.5,0.9362418750000001,0.86568575,0.48418912499999994
0.625,0.9375,0.5625,0.9248406250000001,0.871021,0.5492279999999999
0.625,0.9375,0.625,0.9134393750000002,0.8763562500000001,0.614266875
0.625,0.9375,0.6875,0.9020381250000001,0.8816915000000001,0.67930575
0.625,0.9375,0.75,0.8906368750000001,0.88702675,0.744344625
0.625,0.9375,0.8125,0.8792356250000002,0.892362,0.8093834999999999
0.625,0.9375,0.875,0.8678343750000002,0.89769725,0.874422375
0.625,0.9375,0.9375,0.8564331250000001,0.9030325,0.93946125
0.625,0.9375,1.0,0.8450318750000001,0.90836775,1.0045001249999999
0.625,1.0,0.0,1.085139875,0.873275,-0.038268500000000004
0.625,1.0,0.0625,1.073738625,0.87861025,0.026770374999999992
0.625,1.0,0.125,1.062337375,0.8839455,0.09180924999999998
0.625,1.0,0.1875,1.050936125,0.8892807500000001,0.15684812499999998
0.625,1.0,0.25,1.0395348750000002,0.8946160000000001,0.22188699999999997
0.625,1.0,0.3125,1.0281336250000002,0.89995125,0.286925875
0.625,1.0,0.375,1.0167323750000001,0.9052865,0.35196475
0.625,1.0,0.4375,1.005331125,0.91062175,0.417003625
0.625,1.0,0.5,0.9939298750000001,0.915957,0.4820425
0.625,1.0,0.5625,0.982528625,0.92129225,0.5470813749999999
0.625,1.0,0.625,0.9711273750000001,0.9266275,0.6121202499999999
0.625,1.0,0.6875,0.9597261250000001,0.9319627500000001,0.677159125
0.625,1.0,0.75,0.9483248750000001,0.937298,0.7421979999999999
0.625,1.0,0.8125,0.9369236250000001,0.94263325,0.8072368749999999
0.625,1.0,0.875,0.9255223750000001,0.9479685,0.8722757499999999
0.625,1.0,0.9375,0.9141211250000001,0.95330375,0.937314625
0.625,1.0,1.0,0.9027198750000001,0.958639,1.0023535
0.6875,0.0,0.0,0.1783450625,0.07582850000000001,-0.00431475
0.6875,0.0,0.0625,0.1669438125,0.08116375,0.060724125
0.6875,0.0,0.125,0.1555425625,0.086499,0.12576299999999999
0.6875,0.0,0.1875,0.1441413125,0.09183425,0.19080187499999998
0.6875,0.0,0.25,0.1327400625,0.0971695,0.25584075
0.6875,0.0,0.3125,0.1213388125,0.10250475,0.320879625
0.6875,0.0,0.375,0.10993756250000002,0.10784,0.3859185
0.6875,0.0,0.4375,0.09853631250000001,0.11317525,0.450957375
0.6875,0.0,0.5,0.08713506250000001,0.1185105,0.5159962499999999
0.6875,0.0,0.5625,0.07573381250000001,0.12384575,0.5810351249999999
0.6875,0.0,0.625,0.06433256250000001,0.129181,0.6460739999999999
0.6875,0.0,0.6875,0.05293131250000002,0.13451625,0.711112875
0.6875,0.0,0.75,0.04153006250000002,0.13985150000000002,0.7761517499999999
0.6875,0.0,0.8125,0.03012881250000002,0.14518675,0.8411906249999999
0.6875,0.0,0.875,0.018727562500000017,0.150522,0.9062294999999999
0.6875,0.0,0.9375,0.007326312500000015,0.15585725,0.971268375
0.6875,0.0,1.0,-0.0040749374999999866,0.16119250000000002,1.03630725
0.6875,0.0625,0.0,0.2360330625,0.12609975,-0.006461375
0.6875,0.0625,0.0625,0.2246318125,0.13143500000000002,0.0585775
0.6875,0.0625,0.125,0.2132305625,0.13677025,0.12361637499999999
0.6875,0.0625,0.1875,0.2018293125,0.1421055,0.18865525
0.6875,0.0625,0.25,0.1904280625,0.14744075,0.253694125
0.6875,0.0625,0.3125,0.1790268125,0.15277600000000002,0.318733
0.6875,0.0625,0.375,0.1676255625,0.15811125,0.383771875
0.6875,0.0625,0.4375,0.15622431250000002,0.1634465,0.44881075
0.6875,0.0625,0.5,0.1448230625,0.16878175,0.513849625
0.6875,0.0625,0.5625,0.13342181250000001,0.17411700000000002,0.5788884999999999
0.6875,0.0625,0.625,0.1220205625,0.17945225,0.643927375
0.6875,0.0625,0.6875,0.11061931250000001,0.1847875,0.70896625
0.6875,0.0625,0.75,0.09921806250000001,0.19012275,0.774005125
0.6875,0.0625,0.8125,0.08781681250000001,0.19545800000000002,0.8390439999999999
0.6875,0.0625,0.875,0.0764155625,0.20079325,0.904082875
0.6875,0.0625,0.9375,0.0650143125,0.2061285,0.96912175
0.6875,0.0625,1.0,0.0536130625,0.21146375,1.034160625
0.6875,0.125,0.0,0.2937210625,0.176371,-0.008608000000000001
0.6875,0.125,0.0625,0.28231981250000004,0.18170625,0.05643087499999999
0.6875,0.125,0.125,0.2709185625,0.1870415,0.12146974999999999
0.6875,0.125,0.1875,0.25951731250000004,0.19237674999999999,0.18650862499999998
0.6875,0.125,0.25,0.2481160625,0.197712,0.2515475
0.6875,0.125,0.3125,0.2367148125,0.20304725,0.316586375
0.6875,0.125,0.375,0.2253135625,0.2083825,0.38162524999999997
0.6875,0.125,0.4375,0.21391231250000003,0.21371774999999998,0.44666412499999997
0.6875,0.125,0.5,0.2025110625,0.219053,0.511703
0.6875,0.125,0.5625,0.19110981250000003,0.22438825,0.576741875
0.6875,0.125,0.625,0.1797085625,0.2297235,0.64178075
0.6875,0.125,0.6875,0.16830731250000003,0.23505874999999998,0.7068196250000001
0.6875,0.125,0.75,0.15690606250000003,0.240394,0.7718585
0.6875,0.125,0.8125,0.14550481250000002,0.24572925,0.8368973749999999
0.6875,0.125,0.875,0.13410356250000002,0.2510645,0.90193625
0.6875,0.125,0.9375,0.12270231250000002,0.25639975,0.966975125
0.6875,0.125,1.0,0.11130106250000002,0.261735,1.032014
0.6875,0.1875,0.0,0.35140906250000004,0.22664225000000005,-0.010754625
0.6875,0.1875,0.0625,0.34000781250000006,0.23197750000000006,0.05428424999999999
0.6875,0.1875,0.125,0.32860656250000003,0.23731275000000004,0.11932312499999999
0.6875,0.1875,0.1875,0.31720531250000006,0.24264800000000003,0.184362
0.6875,0.1875,0.25,0.30580406250000003,0.24798325000000004,0.249400875
0.6875,0.1875,0.3125,0.29440281250000006,0.25331850000000006,0.31443974999999996
0.6875,0.1875,0.375,0.2830015625,0.25865375,0.37947862499999996
0.6875,0.1875,0.4375,0.27160031250000005,0.26398900000000003,0.44451749999999995
0.6875,0.1875,0.5,0.2601990625,0.26932425000000004,0.509556375
0.6875,0.1875,0.5625,0.24879781250000005,0.27465950000000006,0.5745952499999999
0.6875,0.1875,0.625,0.23739656250000002,0.27999475000000007,0.6396341249999999
0.6875,0.1875,0.6875,0.22599531250000005,0.28533000000000003,0.704673
0.6875,0.1875,0.75,0.21459406250000004,0.29066525000000004,0.7697118749999999
0.6875,0.1875,0.8125,0.20319281250000004,0.29600050000000006,0.8347507499999999
0.6875,0.1875,0.875,0.19179156250000004,0.30133575,0.8997896249999999
0.6875,0.1875,0.9375,0.18039031250000004,0.306671,0.9648285
0.6875,0.1875,1.0,0.16898906250000004,0.31200625000000004,1.029867375
0.6875,0.25,0.0,0.4090970625,0.27691350000000003,-0.01290125
0.6875,0.25,0.0625,0.3976958125,0.28224875000000005,0.05213762499999999
0.6875,0.25,0.125,0.3862945625,0.28758400000000006,0.11717649999999999
0.6875,0.25,0.1875,0.3748933125,0.29291925,0.18221537499999998
0.6875,0.25,0.25,0.3634920625,0.29825450000000003,0.24725424999999998
0.6875,0.25,0.3125,0.3520908125,0.30358975000000005,0.312293125
0.6875,0.25,0.375,0.3406895625,0.308925,0.377332
0.6875,0.25,0.4375,0.3292883125,0.31426025,0.442370875
0.6875,0.25,0.5,0.3178870625,0.31959550000000003,0.50740975
0.6875,0.25,0.5625,0.3064858125,0.32493075000000005,0.5724486249999999
0.6875,0.25,0.625,0.2950845625,0.33026600000000006,0.6374875
0.6875,0.25,0.6875,0.2836833125,0.33560125,0.702526375
0.6875,0.25,0.75,0.2722820625,0.34093650000000003,0.76756525
0.6875,0.25,0.8125,0.2608808125,0.34627175000000004,0.8326041249999999
0.6875,0.25,0.875,0.2494795625,0.351607,0.897643
0.6875,0.25,0.9375,0.2380783125,0.35694225,0.962681875
0.6875,0.25,1.0,0.2266770625,0.36227750000000003,1.0277207499999998
0.6875,0.3125,0.0,0.46678506250000007,0.32718475,-0.015047874999999999
0.6875,0.3125,0.0625,0.4553838125000001,0.33252000000000004,0.049990999999999994
0.6875,0.3125,0.125,0.44398256250000007,0.33785525000000005,0.11502987499999999
0.6875,0.3125,0.1875,0.4325813125000001,0.3431905,0.18006875
0.6875,0.3125,0.25,0.42118006250000006,0.34852575,0.245107625
0.6875,0.3125,0.3125,0.4097788125000001,0.35386100000000004,0.3101465
0.6875,0.3125,0.375,0.39837756250000006,0.35919625,0.375185375
0.6875,0.3125,0.4375,0.3869763125000001,0.3645315,0.44022425
0.6875,0.3125,0.5,0.37557506250000006,0.36986675,0.5052631249999999
0.6875,0.3125,0.5625,0.3641738125000001,0.37520200000000004,0.5703019999999999
0.6875,0.3125,0.625,0.35277256250000005,0.38053725000000005,0.6353408749999999
0.6875,0.3125,0.6875,0.3413713125000001,0.3858725,0.70037975
0.6875,0.3125,0.75,0.32997006250000005,0.39120775,0.7654186249999999
0.6875,0.3125,0.8125,0.3185688125000001,0.39654300000000003,0.8304574999999998
0.6875,0.3125,0.875,0.3071675625000001,0.40187825,0.8954963749999999
0.6875,0.3125,0.9375,0.2957663125000001,0.4072135,0.96053525
0.6875,0.3125,1.0,0.28436506250000004,0.41254875,1.025574125
0.6875,0.375,0.0,0.5244730625,0.37745600000000007,-0.0171945
0.6875,0.375,0.0625,0.5130718125,0.3827912500000001,0.047844374999999995
0.6875,0.375,0.125,0.5016705625000001,0.38812650000000004,0.11288324999999999
0.6875,0.375,0.1875,0.49026931250000005,0.39346175000000005,0.177922125
0.6875,0.375,0.25,0.4788680625,0.39879700000000007,0.24296099999999998
0.6875,0.375,0.3125,0.46746681250000005,0.4041322500000001,0.307999875
0.6875,0.375,0.375,0.4560655625,0.4094675000000001,0.37303875
0.6875,0.375,0.4375,0.44466431250000005,0.41480275000000005,0.43807762499999997
0.6875,0.375,0.5,0.4332630625,0.42013800000000007,0.5031165
0.6875,0.375,0.5625,0.42186181250000004,0.4254732500000001,0.5681553749999999
0.6875,0.375,0.625,0.4104605625,0.43080850000000004,0.63319425
0.6875,0.375,0.6875,0.39905931250000004,0.43614375000000005,0.698233125
0.6875,0.375,0.75,0.3876580625,0.44147900000000007,0.763272
0.6875,0.375,0.8125,0.37625681250000004,0.4468142500000001,0.8283108749999999
0.6875,0.375,0.875,0.36485556250000006,0.4521495000000001,0.8933497499999999
0.6875,0.375,0.9375,0.35345431250000003,0.45748475000000005,0.958388625
0.6875,0.375,1.0,0.3420530625,0.46282000000000006,1.0234275
0.6875,0.4375,0.0,0.5821610625,0.42772725000000006,-0.019341125
0.6875,0.4375,0.0625,0.5707598125,0.4330625000000001,0.045697749999999995
0.6875,0.4375,0.125,0.5593585625,0.43839775000000003,0.11073662499999999
0.6875,0.4375,0.1875,0.5479573125,0.44373300000000004,0.17577549999999997
0.6875,0.4375,0.25,0.5365560625,0.44906825000000006,0.24081437499999997
0.6875,0.4375,0.3125,0.5251548125,0.45440350000000007,0.30585324999999997
0.6875,0.4375,0.375,0.5137535625,0.4597387500000001,0.37089212499999996
0.6875,0.4375,0.4375,0.5023523125,0.46507400000000004,0.43593099999999996
0.6875,0.4375,0.5,0.4909510625,0.47040925000000006,0.500969875
0.6875,0.4375,0.5625,0.4795498125,0.47574450000000007,0.56600875
0.6875,0.4375,0.625,0.4681485625,0.48107975000000003,0.631047625
0.6875,0.4375,0.6875,0.4567473125,0.48641500000000004,0.6960865
0.6875,0.4375,0.75,0.4453460625,0.49175025000000006,0.761125375
0.6875,0.4375,0.8125,0.4339448125,0.49708550000000007,0.8261642499999999
0.6875,0.4375,0.875,0.4225435625,0.5024207500000001,0.891203125
0.6875,0.4375,0.9375,0.4111423125,0.5077560000000001,0.956242
0.6875,0.4375,1.0,0.39974106249999997,0.51309125,1.021280875
0.6875,0.5,0.0,0.6398490625000001,0.47799850000000005,-0.02148775
0.6875,0.5,0.0625,0.6284478125,0.48333375000000006,0.043551124999999996
0.6875,0.5,0.125,0.6170465625000001,0.488669,0.10858999999999999
0.6875,0.5,0.1875,0.6056453125000001,0.49400425000000003,0.173628875
0.6875,0.5,0.25,0.5942440625000001,0.49933950000000005,0.23866774999999998
0.6875,0.5,0.3125,0.5828428125,0.5046747500000001,0.303706625
0.6875,0.5,0.375,0.5714415625000001,0.5100100000000001,0.36874549999999995
0.6875,0.5,0.4375,0.5600403125000001,0.5153452500000001,0.433784375
0.6875,0.5,0.5,0.5486390625,0.5206805000000001,0.49882324999999994
0.6875,0.5,0.5625,0.5372378125,0.52601575,0.5638621249999999
0.6875,0.5,0.625,0.5258365625000001,0.531351,0.6289009999999999
0.6875,0.5,0.6875,0.5144353125000001,0.53668625,0.693939875
0.6875,0.5,0.75,0.5030340625,0.5420215,0.7589787499999999
0.6875,0.5,0.8125,0.49163281250000007,0.5473567500000001,0.8240176249999999
0.6875,0.5,0.875,0.4802315625000001,0.5526920000000001,0.8890564999999999
0.6875,0.5,0.9375,0.46883031250000007,0.5580272500000001,0.954095375
0.6875,0.5,1.0,0.45742906250000004,0.5633625,1.01913425
0.6875,0.5625,0.0,0.6975370625,0.52826975,-0.023634375
0.6875,0.5625,0.0625,0.6861358125,0.533605,0.0414045
0.6875,0.5625,0.125,0.6747345625000001,0.53894025,0.10644337499999999
0.6875,0.5625,0.1875,0.6633333125,0.5442755,0.17148225
0.6875,0.5625,0.25,0.6519320625,0.54961075,0.236521125
0.6875,0.5625,0.3125,0.6405308125,0.5549459999999999,0.30156
0.6875,0.5625,0.375,0.6291295625000001,0.56028125,0.366598875
0.6875,0.5625,0.4375,0.6177283125,0.5656165,0.43163775
0.6875,0.5625,0.5,0.6063270625,0.57095175,0.496676625
0.6875,0.5625,0.5625,0.5949258125,0.576287,0.5617154999999999
0.6875,0.5625,0.625,0.5835245625000001,0.58162225,0.626754375
0.6875,0.5625,0.6875,0.5721233125,0.5869575,0.69179325
0.6875,0.5625,0.75,0.5607220625,0.5922927499999999,0.756832125
0.6875,0.5625,0.8125,0.5493208125,0.5976279999999999,0.8218709999999999
0.6875,0.5625,0.875,0.5379195625000001,0.60296325,0.886909875
0.6875,0.5625,0.9375,0.5265183125,0.6082985,0.95194875
0.6875,0.5625,1.0,0.5151170625,0.61363375,1.0169876249999998
0.6875,0.625,0.0,0.7552250625000001,0.578541,-0.025781
0.6875,0.625,0.0625,0.7438238125000001,0.58387625,0.039257875
0.6875,0.625,0.125,0.7324225625000002,0.5892115,0.10429675
0.6875,0.625,0.1875,0.7210213125000001,0.59454675,0.169335625
0.6875,0.625,0.25,0.7096200625000001,0.599882,0.23437449999999999
0.6875,0.625,0.3125,0.6982188125000001,0.6052172499999999,0.299413375
0.6875,0.625,0.375,0.6868175625000001,0.6105524999999999,0.36445225
0.6875,0.625,0.4375,0.6754163125000001,0.61588775,0.429491125
0.6875,0.625,0.5,0.6640150625000001,0.621223,0.49452999999999997
0.6875,0.625,0.5625,0.6526138125000001,0.62655825,0.5595688749999999
0.6875,0.625,0.625,0.6412125625000001,0.6318935,0.62460775
0.6875,0.625,0.6875,0.6298113125000001,0.63722875,0.689646625
0.6875,0.625,0.75,0.6184100625000001,0.6425639999999999,0.7546854999999999
0.6875,0.625,0.8125,0.6070088125000002,0.6478992499999999,0.8197243749999998
0.6875,0.625,0.875,0.5956075625000001,0.6532344999999999,0.88476325
0.6875,0.625,0.9375,0.5842063125000001,0.65856975,0.9498021249999999
0.6875,0.625,1.0,0.5728050625000001,0.663905,1.0148409999999999
0.6875,0.6875,0.0,0.8129130625000001,0.62881225,-0.027927625
0.6875,0.6875,0.0625,0.8015118125,0.6341475,0.03711125
0.6875,0.6875,0.125,0.7901105625000001,0.63948275,0.102150125
0.6875,0.6875,0.1875,0.7787093125000001,0.644818,0.16718899999999998
0.6875,0.6875,0.25,0.7673080625,0.65015325,0.23222787499999997
0.6875,0.6875,0.3125,0.7559068125,0.6554884999999999,0.29726674999999997
0.6875,0.6875,0.375,0.7445055625000001,0.6608237499999999,0.36230562499999996
0.6875,0.6875,0.4375,0.7331043125000001,0.666159,0.42734449999999996
0.6875,0.6875,0.5,0.7217030625,0.67149425,0.49238337499999996
0.6875,0.6875,0.5625,0.7103018125,0.6768295,0.5574222499999999
0.6875,0.6875,0.625,0.6989005625000001,0.68216475,0.622461125
0.6875,0.6875,0.6875,0.6874993125000001,0.6875,0.6875
0.6875,0.6875,0.75,0.6760980625,0.6928352499999999,0.7525388749999999
0.6875,0.6875,0.8125,0.6646968125000001,0.6981704999999999,0.8175777499999999
0.6875,0.6875,0.875,0.6532955625000001,0.7035057499999999,0.8826166249999999
0.6875,0.6875,0.9375,0.6418943125000001,0.7088409999999999,0.9476555
0.6875,0.6875,1.0,0.6304930625,0.71417625,1.012694375
0.6875,0.75,0.0,0.8706010625,0.6790835000000001,-0.03007425
0.6875,0.75,0.0625,0.8591998125,0.6844187500000001,0.034964625
0.6875,0.75,0.125,0.8477985625000001,0.6897540000000001,0.1000035
0.6875,0.75,0.1875,0.8363973125,0.6950892500000001,0.165042375
0.6875,0.75,0.25,0.8249960625,0.7004245,0.23008125
0.6875,0.75,0.3125,0.8135948125,0.70575975,0.29512012499999996
0.6875,0.75,0.375,0.8021935625000001,0.711095,0.36015899999999995
0.6875,0.75,0.4375,0.7907923125,0.71643025,0.42519787499999995
0.6875,0.75,0.5,0.7793910625,0.7217655000000001,0.49023674999999994
0.6875,0.75,0.5625,0.7679898125,0.7271007500000001,0.5552756249999999
0.6875,0.75,0.625,0.7565885625000001,0.7324360000000001,0.6203145
0.6875,0.75,0.6875,0.7451873125,0.7377712500000001,0.685353375
0.6875,0.75,0.75,0.7337860625,0.7431065000000001,0.75039225
0.6875,0.75,0.8125,0.7223848125000001,0.74844175,0.8154311249999999
0.6875,0.75,0.875,0.7109835625,0.753777,0.88047
0.6875,0.75,0.9375,0.6995823125,0.75911225,0.945508875
0.6875,0.75,1.0,0.6881810625,0.7644475000000001,1.01054775
0.6875,0.8125,0.0,0.9282890625000001,0.72935475,-0.032220875
0.6875,0.8125,0.0625,0.9168878125000001,0.7346900000000001,0.03281799999999999
0.6875,0.8125,0.125,0.9054865625000001,0.7400252500000001,0.09785687499999998
0.6875,0.8125,0.1875,0.8940853125000001,0.7453605000000001,0.16289574999999998
0.6875,0.8125,0.25,0.8826840625000001,0.75069575,0.22793462499999997
0.6875,0.8125,0.3125,0.8712828125000001,0.756031,0.2929735
0.6875,0.8125,0.375,0.8598815625000001,0.76136625,0.358012375
0.6875,0.8125,0.4375,0.8484803125000001,0.7667015,0.42305125
0.6875,0.8125,0.5,0.8370790625000001,0.77203675,0.488090125
0.6875,0.8125,0.5625,0.8256778125,0.7773720000000001,0.5531289999999999
0.6875,0.8125,0.625,0.8142765625000001,0.7827072500000001,0.6181678749999999
0.6875,0.8125,0.6875,0.8028753125000001,0.7880425000000001,0.68320675
0.6875,0.8125,0.75,0.7914740625000001,0.7933777500000001,0.7482456249999999
0.6875,0.8125,0.8125,0.7800728125,0.798713,0.8132844999999999
0.6875,0.8125,0.875,0.7686715625000001,0.80404825,0.8783233749999999
0.6875,0.8125,0.9375,0.7572703125000001,0.8093835,0.94336225
0.6875,0.8125,1.0,0.7458690625000001,0.81471875,1.008401125
0.6875,0.875,0.0,0.9859770625000001,0.779626,-0.0343675
0.6875,0.875,0.0625,0.9745758125,0.78496125,0.030671374999999994
0.6875,0.875,0.125,0.9631745625000001,0.7902965000000001,0.09571025
0.6875,0.875,0.1875,0.9517733125000001,0.7956317500000001,0.160749125
0.6875,0.875,0.25,0.9403720625,0.800967,0.225788
0.6875,0.875,0.3125,0.9289708125,0.80630225,0.290826875
0.6875,0.875,0.375,0.9175695625000001,0.8116375,0.35586575
0.6875,0.875,0.4375,0.9061683125000001,0.81697275,0.420904625
0.6875,0.875,0.5,0.8947670625,0.822308,0.4859435
0.6875,0.875,0.5625,0.8833658125,0.82764325,0.5509823749999999
0.6875,0.875,0.625,0.8719645625000001,0.8329785000000001,0.61602125
0.6875,0.875,0.6875,0.8605633125000001,0.8383137500000001,0.681060125
0.6875,0.875,0.75,0.8491620625,0.8436490000000001,0.746099
0.6875,0.875,0.8125,0.8377608125,0.84898425,0.8111378749999999
0.6875,0.875,0.875,0.8263595625000001,0.8543195,0.87617675
0.6875,0.875,0.9375,0.8149583125000001,0.85965475,0.941215625
0.6875,0.875,1.0,0.8035570625,0.86499,1.0062544999999998
0.6875,0.9375,0.0,1.0436650625000001,0.82989725,-0.036514125
0.6875,0.9375,0.0625,1.0322638125,0.8352325,0.028524749999999995
0.6875,0.9375,0.125,1.0208625625,0.8405677500000001,0.09356362499999998
0.6875,0.9375,0.1875,1.0094613125,0.8459030000000001,0.15860249999999998
0.6875,0.9375,0.25,0.9980600625000001,0.85123825,0.22364137499999998
0.6875,0.9375,0.3125,0.9866588125000001,0.8565735,0.28868024999999997
0.6875,0.9375,0.375,0.9752575625000002,0.86190875,0.35371912499999997
0.6875,0.9375,0.4375,0.9638563125000001,0.867244,0.41875799999999996
0.6875,0.9375,0.5,0.9524550625000001,0.87257925,0.48379687499999996
0.6875,0.9375,0.5625,0.9410538125000001,0.8779145,0.54883575
0.6875,0.9375,0.625,0.9296525625000002,0.8832497500000001,0.613874625
0.6875,0.9375,0.6875,0.9182513125000001,0.8885850000000001,0.6789135000000001
0.6875,0.9375,0.75,0.9068500625000001,0.8939202500000001,0.743952375
0.6875,0.9375,0.8125,0.8954488125000002,0.8992555,0.8089912499999999
0.6875,0.9375,0.875,0.8840475625000002,0.90459075,0.874030125
0.6875,0.9375,0.9375,0.8726463125000001,0.909926,0.939069
0.6875,0.9375,1.0,0.8612450625000001,0.91526125,1.0041078749999999
0.6875,1.0,0.0,1.1013530625,0.8801685,-0.03866075
0.6875,1.0,0.0625,1.0899518125,0.88550375,0.026378124999999995
0.6875,1.0,0.125,1.0785505625,0.890839,0.091417
0.6875,1.0,0.1875,1.0671493125,0.8961742500000001,0.156455875
0.6875,1.0,0.25,1.0557480625000002,0.9015095,0.22149475
0.6875,1.0,0.3125,1.0443468125000002,0.90684475,0.28653362499999996
0.6875,1.0,0.375,1.0329455625000001,0.91218,0.35157249999999995
0.6875,1.0,0.4375,1.0215443125,0.91751525,0.41661137499999995
0.6875,1.0,0.5,1.0101430625,0.9228505,0.48165024999999995
0.6875,1.0,0.5625,0.9987418125,0.92818575,0.5466891249999999
0.6875,1.0,0.625,0.9873405625000001,0.933521,0.6117279999999999
0.6875,1.0,0.6875,0.9759393125000001,0.9388562500000001,0.676766875
0.6875,1.0,0.75,0.9645380625000001,0.9441915000000001,0.7418057499999999
0.6875,1.0,0.8125,0.9531368125000002,0.94952675,0.8068446249999999
0.6875,1.0,0.875,0.9417355625000001,0.954862,0.8718834999999999
0.6875,1.0,0.9375,0.9303343125000001,0.96019725,0.936922375
0.6875,1.0,1.0,0.9189330625000001,0.9655325,1.00196125
0.75,0.0,0.0,0.19455825,0.082722,-0.004707
0.75,0.0,0.0625,0.183157,0.08805725,0.06033187499999999
0.75,0.0,0.125,0.17175574999999998,0.0933925,0.12537075
0.75,0.0,0.1875,0.16035449999999998,0.09872775,0.190409625
0.75,0.0,0.25,0.14895324999999998,0.104063,0.25544849999999997
0.75,0.0,0.3125,0.13755199999999998,0.10939825,0.32048737499999996
0.75,0.0,0.375,0.12615074999999998,0.1147335,0.38552624999999996
0.75,0.0,0.4375,0.11474949999999999,0.12006875,0.45056512499999996
0.75,0.0,0.5,0.10334824999999999,0.12540400000000002,0.515604
0.75,0.0,0.5625,0.09194699999999999,0.13073925,0.5806428749999999
0.75,0.0,0.625,0.08054574999999999,0.1360745,0.6456817499999999
0.75,0.0,0.6875,0.0691445,0.14140975,0.710720625
0.75,0.0,0.75,0.057743249999999996,0.14674500000000001,0.7757594999999999
0.75,0.0,0.8125,0.046341999999999994,0.15208025,0.8407983749999999
0.75,0.0,0.875,0.03494074999999999,0.15741549999999999,0.9058372499999999
0.75,0.0,0.9375,0.02353949999999999,0.16275075,0.970876125
0.75,0.0,1.0,0.01213824999999999,0.168086,1.035915
0.75,0.0625,0.0,0.25224625,0.13299325,-0.006853625
0.75,0.0625,0.0625,0.240845,0.13832850000000002,0.058185249999999994
0.75,0.0625,0.125,0.22944375,0.14366375,0.12322412499999999
0.75,0.0625,0.1875,0.2180425,0.148999,0.18826299999999999
0.75,0.0625,0.25,0.20664125,0.15433425,0.253301875
0.75,0.0625,0.3125,0.19524,0.15966950000000002,0.31834075
0.75,0.0625,0.375,0.18383875,0.16500475,0.383379625
0.75,0.0625,0.4375,0.17243750000000002,0.17034,0.4484185
0.75,0.0625,0.5,0.16103625,0.17567525,0.513457375
0.75,0.0625,0.5625,0.14963500000000002,0.18101050000000002,0.5784962499999999
0.75,0.0625,0.625,0.13823375,0.18634575,0.643535125
0.75,0.0625,0.6875,0.12683250000000001,0.191681,0.708574
0.75,0.0625,0.75,0.11543125000000001,0.19701625,0.773612875
0.75,0.0625,0.8125,0.10403000000000001,0.20235150000000002,0.8386517499999999
0.75,0.0625,0.875,0.09262875000000001,0.20768675,0.903690625
0.75,0.0625,0.9375,0.08122750000000001,0.213022,0.9687295
0.75,0.0625,1.0,0.06982625,0.21835725,1.033768375
0.75,0.125,0.0,0.30993424999999997,0.1832645,-0.009000250000000001
0.75,0.125,0.0625,0.298533,0.18859975,0.056038624999999995
0.75,0.125,0.125,0.28713174999999996,0.193935,0.12107749999999999
0.75,0.125,0.1875,0.2757305,0.19927024999999998,0.186116375
0.75,0.125,0.25,0.26432924999999996,0.2046055,0.25115525
0.75,0.125,0.3125,0.252928,0.20994075,0.316194125
0.75,0.125,0.375,0.24152674999999996,0.215276,0.381233
0.75,0.125,0.4375,0.23012549999999998,0.22061124999999998,0.446271875
0.75,0.125,0.5,0.21872424999999995,0.2259465,0.5113107499999999
0.75,0.125,0.5625,0.20732299999999998,0.23128175,0.5763496249999999
0.75,0.125,0.625,0.19592174999999995,0.236617,0.6413884999999999
0.75,0.125,0.6875,0.18452049999999998,0.24195224999999998,0.706427375
0.75,0.125,0.75,0.17311924999999997,0.2472875,0.7714662499999999
0.75,0.125,0.8125,0.16171799999999997,0.25262275,0.8365051249999998
0.75,0.125,0.875,0.15031674999999997,0.257958,0.9015439999999999
0.75,0.125,0.9375,0.13891549999999997,0.26329325,0.966582875
0.75,0.125,1.0,0.12751424999999997,0.2686285,1.03162175
0.75,0.1875,0.0,0.36762225,0.23353575000000004,-0.011146875
0.75,0.1875,0.0625,0.356221,0.23887100000000006,0.053891999999999995
0.75,0.1875,0.125,0.34481975,0.24420625000000004,0.11893087499999999
0.75,0.1875,0.1875,0.3334185,0.24954150000000003,0.18396975
0.75,0.1875,0.25,0.32201725,0.25487675000000004,0.24900862499999998
0.75,0.1875,0.3125,0.310616,0.26021200000000005,0.3140475
0.75,0.1875,0.375,0.29921475,0.26554725,0.379086375
0.75,0.1875,0.4375,0.2878135,0.2708825,0.44412524999999997
0.75,0.1875,0.5,0.27641224999999997,0.27621775000000004,0.509164125
0.75,0.1875,0.5625,0.265011,0.28155300000000005,0.5742029999999999
0.75,0.1875,0.625,0.25360974999999997,0.28688825000000007,0.639241875
0.75,0.1875,0.6875,0.2422085,0.2922235,0.70428075
0.75,0.1875,0.75,0.23080725,0.29755875000000004,0.769319625
0.75,0.1875,0.8125,0.219406,0.30289400000000005,0.8343584999999999
0.75,0.1875,0.875,0.20800475,0.30822925,0.8993973749999999
0.75,0.1875,0.9375,0.1966035,0.3135645,0.96443625
0.75,0.1875,1.0,0.18520224999999998,0.31889975000000004,1.0294751249999998
0.75,0.25,0.0,0.42531025,0.28380700000000003,-0.0132935
0.75,0.25,0.0625,0.413909,0.28914225000000005,0.051745374999999996
0.75,0.25,0.125,0.40250775,0.29447750000000006,0.11678424999999999
0.75,0.25,0.1875,0.3911065,0.29981275,0.18182312499999997
0.75,0.25,0.25,0.37970525,0.30514800000000003,0.24686199999999997
0.75,0.25,0.3125,0.368304,0.31048325000000004,0.31190087499999997
0.75,0.25,0.375,0.35690275,0.3158185,0.37693974999999996
0.75,0.25,0.4375,0.3455015,0.32115375,0.44197862499999996
0.75,0.25,0.5,0.33410025,0.32648900000000003,0.5070175
0.75,0.25,0.5625,0.322699,0.33182425000000004,0.572056375
0.75,0.25,0.625,0.31129775,0.33715950000000006,0.63709525
0.75,0.25,0.6875,0.2998965,0.34249475,0.702134125
0.75,0.25,0.75,0.28849525,0.34783000000000003,0.767173
0.75,0.25,0.8125,0.277094,0.35316525000000004,0.8322118749999999
0.75,0.25,0.875,0.26569275000000003,0.3585005,0.89725075
0.75,0.25,0.9375,0.2542915,0.36383575,0.962289625
0.75,0.25,1.0,0.24289025,0.369171,1.0273284999999999
0.75,0.3125,0.0,0.48299825,0.33407825,-0.015440124999999999
0.75,0.3125,0.0625,0.47159700000000004,0.33941350000000003,0.04959875
0.75,0.3125,0.125,0.46019575,0.34474875000000005,0.11463762499999999
0.75,0.3125,0.1875,0.44879450000000004,0.350084,0.1796765
0.75,0.3125,0.25,0.43739325,0.35541925,0.24471537499999998
0.75,0.3125,0.3125,0.42599200000000004,0.36075450000000003,0.30975425
0.75,0.3125,0.375,0.41459075,0.36608975,0.37479312499999995
0.75,0.3125,0.4375,0.40318950000000003,0.371425,0.439832
0.75,0.3125,0.5,0.39178825,0.37676025,0.5048708749999999
0.75,0.3125,0.5625,0.38038700000000003,0.38209550000000003,0.5699097499999999
0.75,0.3125,0.625,0.36898575,0.38743075000000005,0.6349486249999999
0.75,0.3125,0.6875,0.3575845,0.392766,0.6999875
0.75,0.3125,0.75,0.34618325000000005,0.39810125,0.7650263749999999
0.75,0.3125,0.8125,0.334782,0.40343650000000003,0.8300652499999999
0.75,0.3125,0.875,0.32338075,0.40877175,0.8951041249999999
0.75,0.3125,0.9375,0.3119795,0.414107,0.960143
0.75,0.3125,1.0,0.30057825000000005,0.41944225,1.025181875
0.75,0.375,0.0,0.54068625,0.38434950000000007,-0.01758675
0.75,0.375,0.0625,0.529285,0.3896847500000001,0.047452125
0.75,0.375,0.125,0.5178837500000001,0.39502000000000004,0.112491
0.75,0.375,0.1875,0.5064825000000001,0.40035525000000005,0.17752987499999998
0.75,0.375,0.25,0.49508125000000003,0.40569050000000006,0.24256874999999997
0.75,0.375,0.3125,0.48368000000000005,0.4110257500000001,0.307607625
0.75,0.375,0.375,0.47227875,0.4163610000000001,0.3726465
0.75,0.375,0.4375,0.46087750000000005,0.42169625000000005,0.437685375
0.75,0.375,0.5,0.44947625,0.42703150000000006,0.50272425
0.75,0.375,0.5625,0.43807500000000005,0.4323667500000001,0.5677631249999999
0.75,0.375,0.625,0.42667375,0.43770200000000004,0.632802
0.75,0.375,0.6875,0.41527250000000004,0.44303725000000005,0.697840875
0.75,0.375,0.75,0.40387125,0.44837250000000006,0.76287975
0.75,0.375,0.8125,0.39247000000000004,0.4537077500000001,0.8279186249999999
0.75,0.375,0.875,0.38106875000000007,0.4590430000000001,0.8929575
0.75,0.375,0.9375,0.36966750000000004,0.46437825000000005,0.957996375
0.75,0.375,1.0,0.35826625,0.46971350000000006,1.02303525
0.75,0.4375,0.0,0.59837425,0.43462075000000006,-0.019733375
0.75,0.4375,0.0625,0.586973,0.43995600000000007,0.0453055
0.75,0.4375,0.125,0.57557175,0.44529125,0.110344375
0.75,0.4375,0.1875,0.5641705,0.45062650000000004,0.17538325
0.75,0.4375,0.25,0.55276925,0.45596175000000005,0.240422125
0.75,0.4375,0.3125,0.541368,0.46129700000000007,0.305461
0.75,0.4375,0.375,0.52996675,0.4666322500000001,0.370499875
0.75,0.4375,0.4375,0.5185655,0.47196750000000004,0.43553875
0.75,0.4375,0.5,0.50716425,0.47730275000000005,0.5005776249999999
0.75,0.4375,0.5625,0.495763,0.48263800000000007,0.5656164999999999
0.75,0.4375,0.625,0.48436175,0.48797325,0.6306553749999999
0.75,0.4375,0.6875,0.4729605,0.49330850000000004,0.69569425
0.75,0.4375,0.75,0.46155925,0.49864375000000005,0.7607331249999999
0.75,0.4375,0.8125,0.450158,0.5039790000000001,0.8257719999999998
0.75,0.4375,0.875,0.43875675000000003,0.5093142500000001,0.8908108749999999
0.75,0.4375,0.9375,0.4273555,0.5146495000000001,0.9558497499999999
0.75,0.4375,1.0,0.41595424999999997,0.5199847500000001,1.020888625
0.75,0.5,0.0,0.65606225,0.48489200000000005,-0.02188
0.75,0.5,0.0625,0.6446609999999999,0.49022725000000006,0.043158875
0.75,0.5,0.125,0.63325975,0.4955625,0.10819775
0.75,0.5,0.1875,0.6218585,0.50089775,0.17323662499999998
0.75,0.5,0.25,0.61045725,0.506233,0.23827549999999997
0.75,0.5,0.3125,0.5990559999999999,0.5115682500000001,0.30331437499999997
0.75,0.5,0.375,0.58765475,0.5169035000000001,0.36835324999999997
0.75,0.5,0.4375,0.5762535,0.5222387500000001,0.43339212499999996
0.75,0.5,0.5,0.56485225,0.527574,0.49843099999999996
0.75,0.5,0.5625,0.5534509999999999,0.53290925,0.5634698749999999
0.75,0.5,0.625,0.54204975,0.5382445,0.62850875
0.75,0.5,0.6875,0.5306485,0.54357975,0.693547625
0.75,0.5,0.75,0.5192472499999999,0.548915,0.7585864999999999
0.75,0.5,0.8125,0.507846,0.55425025,0.8236253749999999
0.75,0.5,0.875,0.49644475,0.5595855000000001,0.8886642499999999
0.75,0.5,0.9375,0.48504349999999996,0.5649207500000001,0.953703125
0.75,0.5,1.0,0.47364224999999993,0.5702560000000001,1.018742
0.75,0.5625,0.0,0.7137502499999999,0.53516325,-0.024026625
0.75,0.5625,0.0625,0.7023489999999999,0.5404985,0.04101225
0.75,0.5625,0.125,0.69094775,0.54583375,0.106051125
0.75,0.5625,0.1875,0.6795464999999999,0.551169,0.17109
0.75,0.5625,0.25,0.6681452499999999,0.5565042499999999,0.236128875
0.75,0.5625,0.3125,0.6567439999999999,0.5618394999999999,0.30116774999999996
0.75,0.5625,0.375,0.64534275,0.56717475,0.36620662499999995
0.75,0.5625,0.4375,0.6339414999999999,0.57251,0.43124549999999995
0.75,0.5625,0.5,0.6225402499999999,0.57784525,0.49628437499999994
0.75,0.5625,0.5625,0.6111389999999999,0.5831805,0.5613232499999999
0.75,0.5625,0.625,0.59973775,0.58851575,0.626362125
0.75,0.5625,0.6875,0.5883364999999999,0.593851,0.691401
0.75,0.5625,0.75,0.5769352499999999,0.59918625,0.756439875
0.75,0.5625,0.8125,0.565534,0.6045214999999999,0.8214787499999999
0.75,0.5625,0.875,0.55413275,0.60985675,0.886517625
0.75,0.5625,0.9375,0.5427314999999999,0.615192,0.9515565
0.75,0.5625,1.0,0.5313302499999999,0.62052725,1.0165953749999999
0.75,0.625,0.0,0.7714382500000001,0.5854345,-0.02617325
0.75,0.625,0.0625,0.7600370000000001,0.59076975,0.038865625
0.75,0.625,0.125,0.7486357500000002,0.596105,0.1039045
0.75,0.625,0.1875,0.7372345000000001,0.60144025,0.16894337499999998
0.75,0.625,0.25,0.7258332500000001,0.6067754999999999,0.23398224999999997
0.75,0.625,0.3125,0.7144320000000001,0.6121107499999999,0.299021125
0.75,0.625,0.375,0.7030307500000001,0.6174459999999999,0.36406
0.75,0.625,0.4375,0.6916295000000001,0.62278125,0.429098875
0.75,0.625,0.5,0.6802282500000001,0.6281165,0.49413775
0.75,0.625,0.5625,0.6688270000000001,0.63345175,0.5591766249999999
0.75,0.625,0.625,0.6574257500000001,0.638787,0.6242154999999999
0.75,0.625,0.6875,0.6460245000000001,0.64412225,0.689254375
0.75,0.625,0.75,0.6346232500000001,0.6494575,0.7542932499999999
0.75,0.625,0.8125,0.6232220000000002,0.6547927499999999,0.8193321249999999
0.75,0.625,0.875,0.6118207500000001,0.6601279999999999,0.8843709999999999
0.75,0.625,0.9375,0.6004195000000001,0.66546325,0.949409875
0.75,0.625,1.0,0.5890182500000001,0.6707985,1.01444875
0.75,0.6875,0.0,0.8291262500000001,0.63570575,-0.028319875
0.75,0.6875,0.0625,0.817725,0.641041,0.036718999999999995
0.75,0.6875,0.125,0.8063237500000001,0.64637625,0.101757875
0.75,0.6875,0.1875,0.7949225000000001,0.6517115,0.16679675
0.75,0.6875,0.25,0.7835212500000001,0.6570467499999999,0.231835625
0.75,0.6875,0.3125,0.77212,0.6623819999999999,0.2968745
0.75,0.6875,0.375,0.7607187500000001,0.6677172499999999,0.361913375
0.75,0.6875,0.4375,0.7493175000000001,0.6730524999999999,0.42695225
0.75,0.6875,0.5,0.73791625,0.67838775,0.491991125
0.75,0.6875,0.5625,0.726515,0.683723,0.5570299999999999
0.75,0.6875,0.625,0.7151137500000001,0.68905825,0.622068875
0.75,0.6875,0.6875,0.7037125000000001,0.6943935,0.68710775
0.75,0.6875,0.75,0.69231125,0.69972875,0.752146625
0.75,0.6875,0.8125,0.6809100000000001,0.7050639999999999,0.8171854999999999
0.75,0.6875,0.875,0.6695087500000001,0.7103992499999999,0.882224375
0.75,0.6875,0.9375,0.6581075000000001,0.7157344999999999,0.94726325
0.75,0.6875,1.0,0.64670625,0.72106975,1.012302125
0.75,0.75,0.0,0.88681425,0.6859770000000001,-0.0304665
0.75,0.75,0.0625,0.875413,0.6913122500000001,0.034572374999999995
0.75,0.75,0.125,0.8640117500000001,0.6966475000000001,0.09961124999999998
0.75,0.75,0.1875,0.8526105,0.7019827500000001,0.16465012499999998
0.75,0.75,0.25,0.84120925,0.7073180000000001,0.22968899999999998
0.75,0.75,0.3125,0.829808,0.71265325,0.294727875
0.75,0.75,0.375,0.8184067500000001,0.7179885,0.35976674999999997
0.75,0.75,0.4375,0.8070055,0.72332375,0.42480562499999996
0.75,0.75,0.5,0.79560425,0.7286590000000001,0.48984449999999996
0.75,0.75,0.5625,0.784203,0.7339942500000001,0.554883375
0.75,0.75,0.625,0.7728017500000001,0.7393295000000001,0.61992225
0.75,0.75,0.6875,0.7614005,0.7446647500000001,0.6849611250000001
0.75,0.75,0.75,0.74999925,0.75,0.75
0.75,0.75,0.8125,0.7385980000000001,0.75533525,0.8150388749999999
0.75,0.75,0.875,0.7271967500000001,0.7606705,0.88007775
0.75,0.75,0.9375,0.7157955,0.76600575,0.945116625
0.75,0.75,1.0,0.70439425,0.771341,1.0101555
0.75,0.8125,0.0,0.94450225,0.73624825,-0.032613125
0.75,0.8125,0.0625,0.933101,0.7415835000000001,0.032425749999999996
0.75,0.8125,0.125,0.92169975,0.7469187500000001,0.097464625
0.75,0.8125,0.1875,0.9102985,0.7522540000000001,0.1625035
0.75,0.8125,0.25,0.89889725,0.7575892500000001,0.227542375
0.75,0.8125,0.3125,0.887496,0.7629245,0.29258124999999996
0.75,0.8125,0.375,0.87609475,0.76825975,0.35762012499999996
0.75,0.8125,0.4375,0.8646935,0.773595,0.42265899999999995
0.75,0.8125,0.5,0.85329225,0.77893025,0.48769787499999995
0.75,0.8125,0.5625,0.841891,0.7842655000000001,0.5527367499999999
0.75,0.8125,0.625,0.83048975,0.7896007500000001,0.6177756249999999
0.75,0.8125,0.6875,0.8190885,0.7949360000000001,0.6828145
0.75,0.8125,0.75,0.80768725,0.80027125,0.7478533749999999
0.75,0.8125,0.8125,0.796286,0.8056065,0.8128922499999999
0.75,0.8125,0.875,0.78488475,0.81094175,0.8779311249999999
0.75,0.8125,0.9375,0.7734835,0.816277,0.94297
0.75,0.8125,1.0,0.76208225,0.82161225,1.008008875
0.75,0.875,0.0,1.00219025,0.7865195,-0.034759750000000006
0.75,0.875,0.0625,0.9907889999999999,0.79185475,0.03027912499999999
0.75,0.875,0.125,0.97938775,0.7971900000000001,0.09531799999999999
0.75,0.875,0.1875,0.9679865,0.8025252500000001,0.16035687499999998
0.75,0.875,0.25,0.9565852499999999,0.8078605000000001,0.22539574999999998
0.75,0.875,0.3125,0.9451839999999999,0.81319575,0.29043462499999995
0.75,0.875,0.375,0.93378275,0.818531,0.3554735
0.75,0.875,0.4375,0.9223815,0.82386625,0.42051237499999994
0.75,0.875,0.5,0.9109802499999999,0.8292015,0.48555125
0.75,0.875,0.5625,0.8995789999999999,0.83453675,0.5505901249999999
0.75,0.875,0.625,0.88817775,0.8398720000000001,0.615629
0.75,0.875,0.6875,0.8767765,0.8452072500000001,0.680667875
0.75,0.875,0.75,0.8653752499999999,0.8505425,0.74570675
0.75,0.875,0.8125,0.853974,0.85587775,0.8107456249999999
0.75,0.875,0.875,0.84257275,0.861213,0.8757845
0.75,0.875,0.9375,0.8311715,0.86654825,0.940823375
0.75,0.875,1.0,0.8197702499999999,0.8718835,1.0058622499999998
0.75,0.9375,0.0,1.0598782500000001,0.83679075,-0.036906375000000005
0.75,0.9375,0.0625,1.048477,0.842126,0.02813249999999999
0.75,0.9375,0.125,1.03707575,0.84746125,0.09317137499999999
0.75,0.9375,0.1875,1.0256745,0.8527965000000001,0.15821025
0.75,0.9375,0.25,1.0142732500000002,0.8581317500000001,0.223249125
0.75,0.9375,0.3125,1.0028720000000002,0.863467,0.288288
0.75,0.9375,0.375,0.9914707500000002,0.86880225,0.353326875
0.75,0.9375,0.4375,0.9800695000000001,0.8741375,0.41836575
0.75,0.9375,0.5,0.9686682500000001,0.87947275,0.483404625
0.75,0.9375,0.5625,0.9572670000000001,0.884808,0.5484434999999999
0.75,0.9375,0.625,0.9458657500000002,0.89014325,0.6134823749999999
0.75,0.9375,0.6875,0.9344645000000001,0.8954785000000001,0.67852125
0.75,0.9375,0.75,0.9230632500000001,0.90081375,0.7435601249999999
0.75,0.9375,0.8125,0.9116620000000002,0.906149,0.8085989999999998
0.75,0.9375,0.875,0.9002607500000002,0.91148425,0.8736378749999999
0.75,0.9375,0.9375,0.8888595000000001,0.9168195,0.93867675
0.75,0.9375,1.0,0.8774582500000001,0.92215475,1.003715625
0.75,1.0,0.0,1.11756625,0.887062,-0.039053000000000004
0.75,1.0,0.0625,1.106165,0.89239725,0.02598587499999999
0.75,1.0,0.125,1.09476375,0.8977325,0.09102474999999999
0.75,1.0,0.1875,1.0833625,0.9030677500000001,0.15606362499999998
0.75,1.0,0.25,1.0719612500000002,0.9084030000000001,0.22110249999999998
0.75,1.0,0.3125,1.0605600000000002,0.91373825,0.286141375
0.75,1.0,0.375,1.0491587500000001,0.9190735,0.35118024999999997
0.75,1.0,0.4375,1.0377575,0.92440875,0.41621912499999997
0.75,1.0,0.5,1.02635625,0.929744,0.48125799999999996
0.75,1.0,0.5625,1.014955,0.93507925,0.5462968749999999
0.75,1.0,0.625,1.00355375,0.9404145,0.61133575
0.75,1.0,0.6875,0.9921525000000001,0.9457497500000001,0.676374625
0.75,1.0,0.75,0.9807512500000001,0.951085,0.7414135
0.75,1.0,0.8125,0.9693500000000002,0.95642025,0.8064523749999999
0.75,1.0,0.875,0.9579487500000001,0.9617555,0.8714912499999999
0.75,1.0,0.9375,0.9465475000000001,0.96709075,0.936530125
0.75,1.0,1.0,0.9351462500000001,0.972426,1.001569
0.8125,0.0,0.0,0.2107714375,0.0896155,-0.0050992500000000005
0.8125,0.0,0.0625,0.1993701875,0.09495075,0.059939624999999996
0.8125,0.0,0.125,0.1879689375,0.100286,0.12497849999999999
0.8125,0.0,0.1875,0.1765676875,0.10562125,0.190017375
0.8125,0.0,0.25,0.16516643749999999,0.1109565,0.25505625
0.8125,0.0,0.3125,0.15376518749999998,0.11629175,0.320095125
0.8125,0.0,0.375,0.14236393749999998,0.121627,0.385134
0.8125,0.0,0.4375,0.1309626875,0.12696225,0.450172875
0.8125,0.0,0.5,0.11956143749999999,0.1322975,0.51521175
0.8125,0.0,0.5625,0.10816018749999999,0.13763275,0.5802506249999999
0.8125,0.0,0.625,0.09675893749999999,0.14296799999999998,0.6452895
0.8125,0.0,0.6875,0.0853576875,0.14830325,0.710328375
0.8125,0.0,0.75,0.0739564375,0.1536385,0.77536725
0.8125,0.0,0.8125,0.0625551875,0.15897375,0.8404061249999999
0.8125,0.0,0.875,0.051153937499999996,0.16430899999999998,0.9054449999999999
0.8125,0.0,0.9375,0.039752687499999995,0.16964425,0.970483875
0.8125,0.0,1.0,0.028351437499999993,0.1749795,1.03552275
0.8125,0.0625,0.0,0.2684594375,0.13988675,-0.007245875000000001
0.8125,0.0625,0.0625,0.25705818750000003,0.14522200000000002,0.057793
0.8125,0.0625,0.125,0.2456569375,0.15055725,0.122831875
0.8125,0.0625,0.1875,0.2342556875,0.1558925,0.18787074999999998
0.8125,0.0625,0.25,0.2228544375,0.16122775,0.25290962499999997
0.8125,0.0625,0.3125,0.2114531875,0.16656300000000002,0.31794849999999997
0.8125,0.0625,0.375,0.2000519375,0.17189825,0.38298737499999996
0.8125,0.0625,0.4375,0.18865068750000002,0.1772335,0.44802624999999996
0.8125,0.0625,0.5,0.1772494375,0.18256875,0.513065125
0.8125,0.0625,0.5625,0.16584818750000002,0.18790400000000002,0.578104
0.8125,0.0625,0.625,0.1544469375,0.19323925,0.643142875
0.8125,0.0625,0.6875,0.14304568750000002,0.1985745,0.70818175
0.8125,0.0625,0.75,0.13164443750000002,0.20390975,0.773220625
0.8125,0.0625,0.8125,0.12024318750000001,0.20924500000000001,0.8382594999999999
0.8125,0.0625,0.875,0.10884193750000001,0.21458025,0.903298375
0.8125,0.0625,0.9375,0.09744068750000001,0.21991549999999999,0.96833725
0.8125,0.0625,1.0,0.08603943750000001,0.22525075,1.033376125
0.8125,0.125,0.0,0.32614743749999997,0.190158,-0.009392500000000002
0.8125,0.125,0.0625,0.3147461875,0.19549325,0.055646375
0.8125,0.125,0.125,0.30334493749999997,0.2008285,0.12068525
0.8125,0.125,0.1875,0.2919436875,0.20616374999999998,0.185724125
0.8125,0.125,0.25,0.28054243749999996,0.211499,0.25076299999999996
0.8125,0.125,0.3125,0.2691411875,0.21683425,0.31580187499999995
0.8125,0.125,0.375,0.25773993749999996,0.2221695,0.38084074999999995
0.8125,0.125,0.4375,0.2463386875,0.22750474999999998,0.44587962499999995
0.8125,0.125,0.5,0.23493743749999996,0.23284,0.5109184999999999
0.8125,0.125,0.5625,0.22353618749999998,0.23817525,0.5759573749999999
0.8125,0.125,0.625,0.21213493749999995,0.2435105,0.6409962499999999
0.8125,0.125,0.6875,0.20073368749999998,0.24884574999999998,0.706035125
0.8125,0.125,0.75,0.18933243749999998,0.254181,0.7710739999999999
0.8125,0.125,0.8125,0.17793118749999998,0.25951625,0.8361128749999999
0.8125,0.125,0.875,0.16652993749999997,0.2648515,0.9011517499999999
0.8125,0.125,0.9375,0.15512868749999997,0.27018675,0.966190625
0.8125,0.125,1.0,0.14372743749999997,0.275522,1.0312295
0.8125,0.1875,0.0,0.3838354375,0.24042925000000004,-0.011539125
0.8125,0.1875,0.0625,0.3724341875,0.24576450000000005,0.05349975
0.8125,0.1875,0.125,0.3610329375,0.25109975000000007,0.118538625
0.8125,0.1875,0.1875,0.3496316875,0.256435,0.18357749999999998
0.8125,0.1875,0.25,0.3382304375,0.26177025000000004,0.24861637499999997
0.8125,0.1875,0.3125,0.3268291875,0.26710550000000005,0.31365525
0.8125,0.1875,0.375,0.3154279375,0.27244075,0.378694125
0.8125,0.1875,0.4375,0.3040266875,0.277776,0.443733
0.8125,0.1875,0.5,0.2926254375,0.28311125000000004,0.508771875
0.8125,0.1875,0.5625,0.2812241875,0.28844650000000005,0.5738107499999999
0.8125,0.1875,0.625,0.26982293749999997,0.29378175000000006,0.638849625
0.8125,0.1875,0.6875,0.2584216875,0.299117,0.7038885
0.8125,0.1875,0.75,0.2470204375,0.30445225000000004,0.768927375
0.8125,0.1875,0.8125,0.2356191875,0.30978750000000005,0.8339662499999999
0.8125,0.1875,0.875,0.2242179375,0.31512275,0.899005125
0.8125,0.1875,0.9375,0.2128166875,0.320458,0.964044
0.8125,0.1875,1.0,0.2014154375,0.32579325000000003,1.0290828749999998
0.8125,0.25,0.0,0.4415234375,0.29070050000000003,-0.01368575
0.8125,0.25,0.0625,0.43012218750000003,0.29603575000000004,0.051353125
0.8125,0.25,0.125,0.4187209375,0.30137100000000006,0.116392
0.8125,0.25,0.1875,0.4073196875,0.30670625,0.181430875
0.8125,0.25,0.25,0.3959184375,0.3120415,0.24646975
0.8125,0.25,0.3125,0.3845171875,0.31737675000000004,0.311508625
0.8125,0.25,0.375,0.3731159375,0.322712,0.3765475
0.8125,0.25,0.4375,0.3617146875,0.32804725,0.441586375
0.8125,0.25,0.5,0.3503134375,0.3333825,0.5066252499999999
0.8125,0.25,0.5625,0.3389121875,0.33871775000000004,0.5716641249999999
0.8125,0.25,0.625,0.3275109375,0.34405300000000005,0.6367029999999999
0.8125,0.25,0.6875,0.3161096875,0.34938825,0.701741875
0.8125,0.25,0.75,0.3047084375,0.3547235,0.7667807499999999
0.8125,0.25,0.8125,0.2933071875,0.36005875000000004,0.8318196249999998
0.8125,0.25,0.875,0.28190593750000004,0.365394,0.8968584999999999
0.8125,0.25,0.9375,0.2705046875,0.37072925,0.9618973749999999
0.8125,0.25,1.0,0.2591034375,0.3760645,1.0269362499999999
0.8125,0.3125,0.0,0.4992114375,0.34097175,-0.015832375
0.8125,0.3125,0.0625,0.48781018750000005,0.34630700000000003,0.0492065
0.8125,0.3125,0.125,0.4764089375,0.35164225000000005,0.114245375
0.8125,0.3125,0.1875,0.46500768750000004,0.3569775,0.17928424999999998
0.8125,0.3125,0.25,0.4536064375,0.36231275,0.24432312499999997
0.8125,0.3125,0.3125,0.44220518750000004,0.36764800000000003,0.30936199999999997
0.8125,0.3125,0.375,0.4308039375,0.37298325,0.37440087499999997
0.8125,0.3125,0.4375,0.41940268750000004,0.3783185,0.43943974999999996
0.8125,0.3125,0.5,0.4080014375,0.38365375,0.504478625
0.8125,0.3125,0.5625,0.39660018750000003,0.38898900000000003,0.5695174999999999
0.8125,0.3125,0.625,0.3851989375,0.39432425000000004,0.634556375
0.8125,0.3125,0.6875,0.37379768750000003,0.3996595,0.69959525
0.8125,0.3125,0.75,0.36239643750000006,0.40499475,0.7646341249999999
0.8125,0.3125,0.8125,0.3509951875,0.41033000000000003,0.8296729999999999
0.8125,0.3125,0.875,0.3395939375,0.41566525,0.8947118749999999
0.8125,0.3125,0.9375,0.3281926875,0.4210005,0.95975075
0.8125,0.3125,1.0,0.31679143750000005,0.42633575,1.024789625
0.8125,0.375,0.0,0.5568994375,0.39124300000000006,-0.017979000000000002
0.8125,0.375,0.0625,0.5454981875,0.3965782500000001,0.047059874999999994
0.8125,0.375,0.125,0.5340969375000001,0.40191350000000003,0.11209875
0.8125,0.375,0.1875,0.5226956875000001,0.40724875000000005,0.177137625
0.8125,0.375,0.25,0.5112944375,0.41258400000000006,0.2421765
0.8125,0.375,0.3125,0.49989318750000006,0.4179192500000001,0.30721537499999996
0.8125,0.375,0.375,0.48849193750000003,0.4232545000000001,0.37225424999999995
0.8125,0.375,0.4375,0.47709068750000005,0.42858975000000005,0.43729312499999995
0.8125,0.375,0.5,0.4656894375,0.43392500000000006,0.502332
0.8125,0.375,0.5625,0.45428818750000005,0.4392602500000001,0.5673708749999999
0.8125,0.375,0.625,0.4428869375,0.44459550000000003,0.63240975
0.8125,0.375,0.6875,0.43148568750000005,0.44993075000000005,0.697448625
0.8125,0.375,0.75,0.4200844375,0.45526600000000006,0.7624875
0.8125,0.375,0.8125,0.40868318750000004,0.4606012500000001,0.8275263749999999
0.8125,0.375,0.875,0.39728193750000007,0.4659365000000001,0.89256525
0.8125,0.375,0.9375,0.38588068750000004,0.47127175000000004,0.957604125
0.8125,0.375,1.0,0.3744794375,0.47660700000000006,1.022643
0.8125,0.4375,0.0,0.6145874375,0.44151425000000005,-0.020125625
0.8125,0.4375,0.0625,0.6031861875,0.44684950000000007,0.044913249999999995
0.8125,0.4375,0.125,0.5917849375,0.45218475,0.10995212499999998
0.8125,0.4375,0.1875,0.5803836875,0.45752000000000004,0.17499099999999998
0.8125,0.4375,0.25,0.5689824375,0.46285525000000005,0.24002987499999998
0.8125,0.4375,0.3125,0.5575811875,0.46819050000000006,0.30506875
0.8125,0.4375,0.375,0.5461799375,0.4735257500000001,0.370107625
0.8125,0.4375,0.4375,0.5347786875,0.47886100000000004,0.4351465
0.8125,0.4375,0.5,0.5233774375,0.48419625000000005,0.5001853749999999
0.8125,0.4375,0.5625,0.5119761875,0.48953150000000006,0.5652242499999999
0.8125,0.4375,0.625,0.5005749375,0.49486675,0.6302631249999999
0.8125,0.4375,0.6875,0.4891736875,0.500202,0.695302
0.8125,0.4375,0.75,0.4777724375,0.50553725,0.7603408749999999
0.8125,0.4375,0.8125,0.4663711875,0.5108725000000001,0.8253797499999999
0.8125,0.4375,0.875,0.45496993750000003,0.5162077500000001,0.8904186249999999
0.8125,0.4375,0.9375,0.4435686875,0.5215430000000001,0.9554575
0.8125,0.4375,1.0,0.4321674375,0.52687825,1.020496375
0.8125,0.5,0.0,0.6722754375,0.49178550000000004,-0.02227225
0.8125,0.5,0.0625,0.6608741874999999,0.49712075000000006,0.042766624999999996
0.8125,0.5,0.125,0.6494729375,0.502456,0.1078055
0.8125,0.5,0.1875,0.6380716875,0.50779125,0.172844375
0.8125,0.5,0.25,0.6266704375,0.5131265,0.23788325
0.8125,0.5,0.3125,0.6152691874999999,0.51846175,0.302922125
0.8125,0.5,0.375,0.6038679375,0.5237970000000001,0.367961
0.8125,0.5,0.4375,0.5924666875,0.5291322500000001,0.432999875
0.8125,0.5,0.5,0.5810654375,0.5344675000000001,0.49803875
0.8125,0.5,0.5625,0.5696641874999999,0.53980275,0.5630776249999999
0.8125,0.5,0.625,0.5582629375,0.545138,0.6281165
0.8125,0.5,0.6875,0.5468616875,0.55047325,0.693155375
0.8125,0.5,0.75,0.5354604374999999,0.5558085,0.75819425
0.8125,0.5,0.8125,0.5240591875,0.56114375,0.8232331249999999
0.8125,0.5,0.875,0.5126579375,0.5664790000000001,0.888272
0.8125,0.5,0.9375,0.5012566875,0.5718142500000001,0.953310875
0.8125,0.5,1.0,0.48985543749999994,0.5771495,1.0183497499999998
0.8125,0.5625,0.0,0.7299634374999999,0.54205675,-0.024418875
0.8125,0.5625,0.0625,0.7185621874999999,0.547392,0.040619999999999996
0.8125,0.5625,0.125,0.7071609375,0.55272725,0.10565887499999999
0.8125,0.5625,0.1875,0.6957596875,0.5580625,0.17069774999999998
0.8125,0.5625,0.25,0.6843584374999999,0.56339775,0.23573662499999998
0.8125,0.5625,0.3125,0.6729571874999999,0.5687329999999999,0.3007755
0.8125,0.5625,0.375,0.6615559375,0.57406825,0.36581437499999997
0.8125,0.5625,0.4375,0.6501546874999999,0.5794035,0.43085324999999997
0.8125,0.5625,0.5,0.6387534374999999,0.58473875,0.49589212499999996
0.8125,0.5625,0.5625,0.6273521874999999,0.590074,0.560931
0.8125,0.5625,0.625,0.6159509375,0.59540925,0.625969875
0.8125,0.5625,0.6875,0.6045496874999999,0.6007445,0.6910087500000001
0.8125,0.5625,0.75,0.5931484374999999,0.6060797499999999,0.756047625
0.8125,0.5625,0.8125,0.5817471875,0.6114149999999999,0.8210864999999999
0.8125,0.5625,0.875,0.5703459375,0.6167502499999999,0.886125375
0.8125,0.5625,0.9375,0.5589446874999999,0.6220855,0.95116425
0.8125,0.5625,1.0,0.5475434374999999,0.62742075,1.0162031249999999
0.8125,0.625,0.0,0.7876514375000001,0.592328,-0.0265655
0.8125,0.625,0.0625,0.7762501875000001,0.59766325,0.038473375
0.8125,0.625,0.125,0.7648489375000002,0.6029985,0.10351225
0.8125,0.625,0.1875,0.7534476875000001,0.60833375,0.168551125
0.8125,0.625,0.25,0.7420464375000001,0.613669,0.23359
0.8125,0.625,0.3125,0.7306451875000001,0.6190042499999999,0.29862887499999996
0.8125,0.625,0.375,0.7192439375000002,0.6243394999999999,0.36366774999999996
0.8125,0.625,0.4375,0.7078426875000001,0.62967475,0.42870662499999995
0.8125,0.625,0.5,0.6964414375000001,0.63501,0.49374549999999995
0.8125,0.625,0.5625,0.6850401875000001,0.64034525,0.5587843749999999
0.8125,0.625,0.625,0.6736389375000001,0.6456805,0.6238232499999999
0.8125,0.625,0.6875,0.6622376875000001,0.65101575,0.688862125
0.8125,0.625,0.75,0.6508364375000001,0.6563509999999999,0.7539009999999999
0.8125,0.625,0.8125,0.6394351875000002,0.6616862499999999,0.8189398749999999
0.8125,0.625,0.875,0.6280339375000001,0.6670214999999999,0.8839787499999999
0.8125,0.625,0.9375,0.6166326875000001,0.67235675,0.949017625
0.8125,0.625,1.0,0.6052314375000001,0.677692,1.0140565
0.8125,0.6875,0.0,0.8453394375000001,0.64259925,-0.028712125
0.8125,0.6875,0.0625,0.8339381875,0.6479345,0.03632674999999999
0.8125,0.6875,0.125,0.8225369375000001,0.65326975,0.10136562499999999
0.8125,0.6875,0.1875,0.8111356875000001,0.658605,0.16640449999999998
0.8125,0.6875,0.25,0.7997344375000001,0.66394025,0.23144337499999998
0.8125,0.6875,0.3125,0.7883331875,0.6692754999999999,0.29648225
0.8125,0.6875,0.375,0.7769319375000001,0.6746107499999999,0.361521125
0.8125,0.6875,0.4375,0.7655306875000001,0.6799459999999999,0.42656
0.8125,0.6875,0.5,0.7541294375,0.68528125,0.491598875
0.8125,0.6875,0.5625,0.7427281875,0.6906165,0.5566377499999999
0.8125,0.6875,0.625,0.7313269375000001,0.69595175,0.621676625
0.8125,0.6875,0.6875,0.7199256875000001,0.701287,0.6867155
0.8125,0.6875,0.75,0.7085244375,0.7066222499999999,0.751754375
0.8125,0.6875,0.8125,0.6971231875000001,0.7119574999999999,0.8167932499999999
0.8125,0.6875,0.875,0.6857219375000001,0.7172927499999999,0.881832125
0.8125,0.6875,0.9375,0.6743206875000001,0.7226279999999999,0.946871
0.8125,0.6875,1.0,0.6629194375,0.72796325,1.011909875
0.8125,0.75,0.0,0.9030274375,0.6928705000000001,-0.03085875
0.8125,0.75,0.0625,0.8916261875,0.6982057500000001,0.03418012499999999
0.8125,0.75,0.125,0.8802249375000001,0.7035410000000001,0.09921899999999999
0.8125,0.75,0.1875,0.8688236875,0.7088762500000001,0.164257875
0.8125,0.75,0.25,0.8574224375,0.7142115,0.22929675
0.8125,0.75,0.3125,0.8460211875,0.71954675,0.294335625
0.8125,0.75,0.375,0.8346199375000001,0.724882,0.3593745
0.8125,0.75,0.4375,0.8232186875,0.73021725,0.424413375
0.8125,0.75,0.5,0.8118174375,0.7355525,0.48945225
0.8125,0.75,0.5625,0.8004161875,0.7408877500000001,0.5544911249999999
0.8125,0.75,0.625,0.7890149375000001,0.7462230000000001,0.6195299999999999
0.8125,0.75,0.6875,0.7776136875,0.7515582500000001,0.684568875
0.8125,0.75,0.75,0.7662124375,0.7568935000000001,0.7496077499999999
0.8125,0.75,0.8125,0.7548111875000001,0.76222875,0.8146466249999998
0.8125,0.75,0.875,0.7434099375000001,0.767564,0.8796854999999999
0.8125,0.75,0.9375,0.7320086875,0.77289925,0.944724375
0.8125,0.75,1.0,0.7206074375,0.7782345,1.00976325
0.8125,0.8125,0.0,0.9607154375,0.74314175,-0.033005375
0.8125,0.8125,0.0625,0.9493141875,0.7484770000000001,0.03203349999999999
0.8125,0.8125,0.125,0.9379129375,0.7538122500000001,0.09707237499999999
0.8125,0.8125,0.1875,0.9265116875,0.7591475000000001,0.16211124999999998
0.8125,0.8125,0.25,0.9151104375,0.76448275,0.22715012499999998
0.8125,0.8125,0.3125,0.9037091875,0.769818,0.292189
0.8125,0.8125,0.375,0.8923079375,0.77515325,0.357227875
0.8125,0.8125,0.4375,0.8809066875,0.7804885,0.42226674999999997
0.8125,0.8125,0.5,0.8695054375,0.78582375,0.48730562499999996
0.8125,0.8125,0.5625,0.8581041875,0.7911590000000001,0.5523444999999999
0.8125,0.8125,0.625,0.8467029375,0.7964942500000001,0.617383375
0.8125,0.8125,0.6875,0.8353016875,0.8018295000000001,0.68242225
0.8125,0.8125,0.75,0.8239004375,0.8071647500000001,0.747461125
0.8125,0.8125,0.8125,0.8124991875,0.8125,0.8124999999999999
0.8125,0.8125,0.875,0.8010979375,0.81783525,0.8775388749999999
0.8125,0.8125,0.9375,0.7896966875,0.8231705,0.94257775
0.8125,0.8125,1.0,0.7782954375,0.82850575,1.0076166249999998
0.8125,0.875,0.0,1.0184034375,0.793413,-0.035152
0.8125,0.875,0.0625,1.0070021875,0.79874825,0.029886874999999993
0.8125,0.875,0.125,0.9956009375,0.8040835000000001,0.09492574999999999
0.8125,0.875,0.1875,0.9841996875,0.8094187500000001,0.15996462499999997
0.8125,0.875,0.25,0.9727984375,0.814754,0.22500349999999997
0.8125,0.875,0.3125,0.9613971874999999,0.82008925,0.29004237499999996
0.8125,0.875,0.375,0.9499959375,0.8254245,0.35508124999999996
0.8125,0.875,0.4375,0.9385946875,0.83075975,0.42012012499999996
0.8125,0.875,0.5,0.9271934374999999,0.836095,0.48515899999999995
0.8125,0.875,0.5625,0.9157921874999999,0.84143025,0.550197875
0.8125,0.875,0.625,0.9043909375,0.8467655000000001,0.61523675
0.8125,0.875,0.6875,0.8929896875,0.8521007500000001,0.680275625
0.8125,0.875,0.75,0.8815884374999999,0.8574360000000001,0.7453145
0.8125,0.875,0.8125,0.8701871875,0.86277125,0.8103533749999999
0.8125,0.875,0.875,0.8587859375,0.8681065,0.87539225
0.8125,0.875,0.9375,0.8473846875,0.87344175,0.940431125
0.8125,0.875,1.0,0.8359834374999999,0.878777,1.0054699999999999
0.8125,0.9375,0.0,1.0760914375000001,0.84368425,-0.037298625
0.8125,0.9375,0.0625,1.0646901875,0.8490195,0.027740249999999994
0.8125,0.9375,0.125,1.0532889375,0.85435475,0.09277912499999999
0.8125,0.9375,0.1875,1.0418876875,0.8596900000000001,0.15781799999999999
0.8125,0.9375,0.25,1.0304864375000002,0.86502525,0.22285687499999998
0.8125,0.9375,0.3125,1.0190851875000002,0.8703605,0.28789575
0.8125,0.9375,0.375,1.0076839375000002,0.87569575,0.35293462499999995
0.8125,0.9375,0.4375,0.9962826875000002,0.881031,0.4179735
0.8125,0.9375,0.5,0.9848814375000001,0.88636625,0.48301237499999994
0.8125,0.9375,0.5625,0.9734801875000001,0.8917015,0.5480512499999999
0.8125,0.9375,0.625,0.9620789375000002,0.89703675,0.6130901249999999
0.8125,0.9375,0.6875,0.9506776875000001,0.9023720000000001,0.678129
0.8125,0.9375,0.75,0.9392764375000001,0.9077072500000001,0.7431678749999999
0.8125,0.9375,0.8125,0.9278751875000002,0.9130425,0.8082067499999999
0.8125,0.9375,0.875,0.9164739375000002,0.91837775,0.8732456249999999
0.8125,0.9375,0.9375,0.9050726875000001,0.923713,0.9382845
0.8125,0.9375,1.0,0.8936714375000001,0.92904825,1.003323375
0.8125,1.0,0.0,1.1337794375,0.8939555,-0.03944525
0.8125,1.0,0.0625,1.1223781875,0.89929075,0.025593624999999995
0.8125,1.0,0.125,1.1109769375,0.904626,0.09063249999999999
0.8125,1.0,0.1875,1.0995756875,0.90996125,0.155671375
0.8125,1.0,0.25,1.0881744375000002,0.9152965,0.22071025
0.8125,1.0,0.3125,1.0767731875000002,0.92063175,0.285749125
0.8125,1.0,0.375,1.0653719375000001,0.925967,0.350788
0.8125,1.0,0.4375,1.0539706875000001,0.93130225,0.415826875
0.8125,1.0,0.5,1.0425694375,0.9366375,0.48086575
0.8125,1.0,0.5625,1.0311681875,0.94197275,0.5459046249999999
0.8125,1.0,0.625,1.0197669375,0.947308,0.6109435
0.8125,1.0,0.6875,1.0083656875,0.95264325,0.675982375
0.8125,1.0,0.75,0.9969644375000001,0.9579785000000001,0.74102125
0.8125,1.0,0.8125,0.9855631875000002,0.96331375,0.8060601249999999
0.8125,1.0,0.875,0.9741619375000001,0.968649,0.871099
0.8125,1.0,0.9375,0.9627606875000001,0.97398425,0.936137875
0.8125,1.0,1.0,0.9513594375000001,0.9793195,1.00117675
0.875,0.0,0.0,0.226984625,0.09650900000000001,-0.0054915
0.875,0.0,0.0625,0.215583375,0.10184425000000001,0.059547375
0.875,0.0,0.125,0.204182125,0.10717950000000001,0.12458625
0.875,0.0,0.1875,0.192780875,0.11251475000000001,0.18962512499999998
0.875,0.0,0.25,0.181379625,0.11785000000000001,0.254664
0.875,0.0,0.3125,0.169978375,0.12318525000000001,0.319702875
0.875,0.0,0.375,0.15857712499999999,0.1285205,0.38474175
0.875,0.0,0.4375,0.147175875,0.13385575,0.449780625
0.875,0.0,0.5,0.13577462499999998,0.139191,0.5148195
0.875,0.0,0.5625,0.124373375,0.14452625000000002,0.5798583749999999
0.875,0.0,0.625,0.11297212499999999,0.1498615,0.64489725
0.875,0.0,0.6875,0.101570875,0.15519675,0.709936125
0.875,0.0,0.75,0.090169625,0.160532,0.774975
0.875,0.0,0.8125,0.078768375,0.16586725000000002,0.8400138749999999
0.875,0.0,0.875,0.067367125,0.1712025,0.90505275
0.875,0.0,0.9375,0.055965875,0.17653775,0.970091625
0.875,0.0,1.0,0.044564625,0.181873,1.0351305
0.875,0.0625,0.0,0.284672625,0.14678025,-0.007638125
0.875,0.0625,0.0625,0.27327137500000004,0.15211550000000001,0.05740074999999999
0.875,0.0625,0.125,0.261870125,0.15745075,0.122439625
0.875,0.0625,0.1875,0.25046887500000004,0.162786,0.1874785
0.875,0.0625,0.25,0.239067625,0.16812125,0.252517375
0.875,0.0625,0.3125,0.227666375,0.1734565,0.31755625
0.875,0.0625,0.375,0.216265125,0.17879175,0.382595125
0.875,0.0625,0.4375,0.20486387500000003,0.18412699999999999,0.447634
0.875,0.0625,0.5,0.193462625,0.18946225,0.5126728749999999
0.875,0.0625,0.5625,0.18206137500000003,0.1947975,0.5777117499999999
0.875,0.0625,0.625,0.170660125,0.20013275,0.6427506249999999
0.875,0.0625,0.6875,0.15925887500000002,0.20546799999999998,0.7077895
0.875,0.0625,0.75,0.14785762500000002,0.21080325,0.7728283749999999
0.875,0.0625,0.8125,0.13645637500000002,0.2161385,0.8378672499999998
0.875,0.0625,0.875,0.12505512500000002,0.22147375,0.9029061249999999
0.875,0.0625,0.9375,0.11365387500000002,0.22680899999999998,0.9679449999999999
0.875,0.0625,1.0,0.10225262500000001,0.23214425,1.032983875
0.875,0.125,0.0,0.342360625,0.19705150000000002,-0.00978475
0.875,0.125,0.0625,0.330959375,0.20238675,0.055254124999999994
0.875,0.125,0.125,0.31955812499999997,0.20772200000000002,0.120293
0.875,0.125,0.1875,0.308156875,0.21305725000000003,0.18533187499999998
0.875,0.125,0.25,0.29675562499999997,0.21839250000000002,0.25037075
0.875,0.125,0.3125,0.285354375,0.22372775,0.31540962499999997
0.875,0.125,0.375,0.27395312499999996,0.22906300000000002,0.38044849999999997
0.875,0.125,0.4375,0.262551875,0.23439825000000003,0.44548737499999996
0.875,0.125,0.5,0.25115062499999996,0.23973350000000002,0.51052625
0.875,0.125,0.5625,0.239749375,0.24506875,0.5755651249999999
0.875,0.125,0.625,0.22834812499999996,0.250404,0.640604
0.875,0.125,0.6875,0.21694687499999998,0.25573925000000003,0.705642875
0.875,0.125,0.75,0.20554562499999998,0.2610745,0.7706817499999999
0.875,0.125,0.8125,0.19414437499999998,0.26640975,0.8357206249999999
0.875,0.125,0.875,0.18274312499999998,0.271745,0.9007594999999999
0.875,0.125,0.9375,0.17134187499999998,0.27708025000000003,0.965798375
0.875,0.125,1.0,0.15994062499999998,0.28241550000000004,1.03083725
0.875,0.1875,0.0,0.400048625,0.24732275000000004,-0.011931375000000001
0.875,0.1875,0.0625,0.388647375,0.25265800000000005,0.053107499999999995
0.875,0.1875,0.125,0.377246125,0.25799325000000006,0.118146375
0.875,0.1875,0.1875,0.365844875,0.2633285,0.18318525
0.875,0.1875,0.25,0.354443625,0.26866375000000003,0.248224125
0.875,0.1875,0.3125,0.343042375,0.27399900000000005,0.31326299999999996
0.875,0.1875,0.375,0.331641125,0.27933425,0.37830187499999995
0.875,0.1875,0.4375,0.320239875,0.2846695,0.44334074999999995
0.875,0.1875,0.5,0.308838625,0.29000475000000003,0.508379625
0.875,0.1875,0.5625,0.297437375,0.29534000000000005,0.5734184999999999
0.875,0.1875,0.625,0.286036125,0.30067525000000006,0.638457375
0.875,0.1875,0.6875,0.274634875,0.3060105,0.70349625
0.875,0.1875,0.75,0.263233625,0.31134575000000003,0.768535125
0.875,0.1875,0.8125,0.251832375,0.31668100000000005,0.8335739999999999
0.875,0.1875,0.875,0.240431125,0.32201625,0.898612875
0.875,0.1875,0.9375,0.229029875,0.3273515,0.96365175
0.875,0.1875,1.0,0.217628625,0.33268675000000003,1.0286906249999999
0.875,0.25,0.0,0.457736625,0.297594,-0.014078
0.875,0.25,0.0625,0.44633537500000003,0.30292925000000004,0.050960874999999996
0.875,0.25,0.125,0.434934125,0.30826450000000005,0.11599974999999998
0.875,0.25,0.1875,0.42353287500000003,0.31359975,0.18103862499999998
0.875,0.25,0.25,0.412131625,0.318935,0.24607749999999998
0.875,0.25,0.3125,0.400730375,0.32427025000000004,0.311116375
0.875,0.25,0.375,0.389329125,0.3296055,0.37615525
0.875,0.25,0.4375,0.377927875,0.33494075,0.441194125
0.875,0.25,0.5,0.366526625,0.340276,0.5062329999999999
0.875,0.25,0.5625,0.355125375,0.34561125000000004,0.5712718749999999
0.875,0.25,0.625,0.343724125,0.35094650000000005,0.6363107499999999
0.875,0.25,0.6875,0.332322875,0.35628175,0.701349625
0.875,0.25,0.75,0.320921625,0.361617,0.7663884999999999
0.875,0.25,0.8125,0.309520375,0.36695225000000004,0.8314273749999999
0.875,0.25,0.875,0.29811912500000004,0.3722875,0.8964662499999999
0.875,0.25,0.9375,0.286717875,0.37762275,0.961505125
0.875,0.25,1.0,0.275316625,0.382958,1.026544
0.875,0.3125,0.0,0.5154246250000001,0.34786525,-0.016224625
0.875,0.3125,0.0625,0.504023375,0.35320050000000003,0.04881425
0.875,0.3125,0.125,0.4926221250000001,0.35853575000000004,0.113853125
0.875,0.3125,0.1875,0.4812208750000001,0.363871,0.178892
0.875,0.3125,0.25,0.4698196250000001,0.36920625,0.243930875
0.875,0.3125,0.3125,0.4584183750000001,0.3745415,0.30896975
0.875,0.3125,0.375,0.44701712500000007,0.37987675,0.374008625
0.875,0.3125,0.4375,0.4356158750000001,0.385212,0.4390475
0.875,0.3125,0.5,0.42421462500000007,0.39054725,0.504086375
0.875,0.3125,0.5625,0.4128133750000001,0.3958825,0.5691252499999999
0.875,0.3125,0.625,0.40141212500000006,0.40121775000000004,0.634164125
0.875,0.3125,0.6875,0.3900108750000001,0.406553,0.699203
0.875,0.3125,0.75,0.37860962500000006,0.41188825,0.764241875
0.875,0.3125,0.8125,0.3672083750000001,0.4172235,0.8292807499999999
0.875,0.3125,0.875,0.3558071250000001,0.42255875,0.894319625
0.875,0.3125,0.9375,0.3444058750000001,0.427894,0.9593585
0.875,0.3125,1.0,0.33300462500000005,0.43322925,1.024397375
0.875,0.375,0.0,0.573112625,0.39813650000000006,-0.01837125
0.875,0.375,0.0625,0.561711375,0.4034717500000001,0.046667625
0.875,0.375,0.125,0.5503101250000001,0.40880700000000003,0.11170649999999999
0.875,0.375,0.1875,0.5389088750000001,0.41414225000000005,0.17674537499999998
0.875,0.375,0.25,0.527507625,0.41947750000000006,0.24178424999999998
0.875,0.375,0.3125,0.516106375,0.4248127500000001,0.306823125
0.875,0.375,0.375,0.5047051250000001,0.4301480000000001,0.37186199999999997
0.875,0.375,0.4375,0.49330387500000006,0.43548325000000004,0.43690087499999997
0.875,0.375,0.5,0.48190262500000003,0.44081850000000006,0.50193975
0.875,0.375,0.5625,0.47050137500000005,0.44615375000000007,0.566978625
0.875,0.375,0.625,0.459100125,0.45148900000000003,0.6320175
0.875,0.375,0.6875,0.44769887500000005,0.45682425000000004,0.6970563750000001
0.875,0.375,0.75,0.436297625,0.46215950000000006,0.76209525
0.875,0.375,0.8125,0.42489637500000005,0.46749475000000007,0.8271341249999999
0.875,0.375,0.875,0.4134951250000001,0.4728300000000001,0.892173
0.875,0.375,0.9375,0.40209387500000005,0.47816525000000004,0.957211875
0.875,0.375,1.0,0.390692625,0.48350050000000006,1.02225075
0.875,0.4375,0.0,0.630800625,0.44840775000000005,-0.020517875
0.875,0.4375,0.0625,0.619399375,0.45374300000000006,0.04452099999999999
0.875,0.4375,0.125,0.6079981250000001,0.45907825,0.10955987499999999
0.875,0.4375,0.1875,0.596596875,0.46441350000000003,0.17459875
0.875,0.4375,0.25,0.585195625,0.46974875000000005,0.239637625
0.875,0.4375,0.3125,0.573794375,0.47508400000000006,0.30467649999999996
0.875,0.4375,0.375,0.562393125,0.4804192500000001,0.36971537499999996
0.875,0.4375,0.4375,0.550991875,0.48575450000000003,0.43475424999999995
0.875,0.4375,0.5,0.539590625,0.49108975000000005,0.49979312499999995
0.875,0.4375,0.5625,0.528189375,0.49642500000000006,0.5648319999999999
0.875,0.4375,0.625,0.516788125,0.50176025,0.6298708749999999
0.875,0.4375,0.6875,0.505386875,0.5070955,0.69490975
0.875,0.4375,0.75,0.493985625,0.51243075,0.7599486249999999
0.875,0.4375,0.8125,0.482584375,0.5177660000000001,0.8249874999999999
0.875,0.4375,0.875,0.47118312500000004,0.5231012500000001,0.8900263749999999
0.875,0.4375,0.9375,0.459781875,0.5284365000000001,0.95506525
0.875,0.4375,1.0,0.448380625,0.5337717500000001,1.020104125
0.875,0.5,0.0,0.688488625,0.49867900000000004,-0.0226645
0.875,0.5,0.0625,0.6770873749999999,0.50401425,0.04237437499999999
0.875,0.5,0.125,0.665686125,0.5093495,0.10741324999999999
0.875,0.5,0.1875,0.654284875,0.51468475,0.17245212499999998
0.875,0.5,0.25,0.642883625,0.52002,0.23749099999999998
0.875,0.5,0.3125,0.6314823749999999,0.52535525,0.302529875
0.875,0.5,0.375,0.620081125,0.5306905000000001,0.36756875
0.875,0.5,0.4375,0.608679875,0.5360257500000001,0.432607625
0.875,0.5,0.5,0.597278625,0.541361,0.4976465
0.875,0.5,0.5625,0.5858773749999999,0.54669625,0.5626853749999999
0.875,0.5,0.625,0.574476125,0.5520315,0.62772425
0.875,0.5,0.6875,0.563074875,0.55736675,0.692763125
0.875,0.5,0.75,0.551673625,0.562702,0.757802
0.875,0.5,0.8125,0.540272375,0.56803725,0.8228408749999999
0.875,0.5,0.875,0.528871125,0.5733725000000001,0.88787975
0.875,0.5,0.9375,0.517469875,0.5787077500000001,0.952918625
0.875,0.5,1.0,0.5060686249999999,0.5840430000000001,1.0179574999999998
0.875,0.5625,0.0,0.7461766249999999,0.5489502500000001,-0.024811125
0.875,0.5625,0.0625,0.7347753749999999,0.5542855000000001,0.04022774999999999
0.875,0.5625,0.125,0.723374125,0.5596207500000001,0.10526662499999999
0.875,0.5625,0.1875,0.711972875,0.5649560000000001,0.1703055
0.875,0.5625,0.25,0.7005716249999999,0.5702912500000001,0.235344375
0.875,0.5625,0.3125,0.6891703749999999,0.5756265,0.30038325
0.875,0.5625,0.375,0.677769125,0.58096175,0.365422125
0.875,0.5625,0.4375,0.6663678749999999,0.5862970000000001,0.430461
0.875,0.5625,0.5,0.6549666249999999,0.5916322500000001,0.495499875
0.875,0.5625,0.5625,0.6435653749999999,0.5969675000000001,0.5605387499999999
0.875,0.5625,0.625,0.632164125,0.6023027500000001,0.6255776249999999
0.875,0.5625,0.6875,0.6207628749999999,0.6076380000000001,0.6906165
0.875,0.5625,0.75,0.6093616249999999,0.61297325,0.7556553749999999
0.875,0.5625,0.8125,0.597960375,0.6183085,0.8206942499999998
0.875,0.5625,0.875,0.586559125,0.62364375,0.8857331249999999
0.875,0.5625,0.9375,0.5751578749999999,0.6289790000000001,0.950772
0.875,0.5625,1.0,0.5637566249999999,0.6343142500000001,1.015810875
0.875,0.625,0.0,0.8038646250000001,0.5992215000000001,-0.02695775
0.875,0.625,0.0625,0.7924633750000001,0.6045567500000001,0.03808112499999999
0.875,0.625,0.125,0.7810621250000002,0.6098920000000001,0.10311999999999999
0.875,0.625,0.1875,0.7696608750000001,0.6152272500000001,0.16815887499999999
0.875,0.625,0.25,0.7582596250000001,0.6205625000000001,0.23319774999999998
0.875,0.625,0.3125,0.7468583750000001,0.62589775,0.298236625
0.875,0.625,0.375,0.7354571250000002,0.631233,0.3632755
0.875,0.625,0.4375,0.7240558750000001,0.6365682500000001,0.42831437499999997
0.875,0.625,0.5,0.7126546250000001,0.6419035000000001,0.49335324999999997
0.875,0.625,0.5625,0.7012533750000001,0.6472387500000001,0.5583921249999999
0.875,0.625,0.625,0.6898521250000001,0.6525740000000001,0.623431
0.875,0.625,0.6875,0.6784508750000001,0.6579092500000001,0.688469875
0.875,0.625,0.75,0.6670496250000001,0.6632445,0.75350875
0.875,0.625,0.8125,0.6556483750000002,0.66857975,0.8185476249999999
0.875,0.625,0.875,0.6442471250000001,0.673915,0.8835864999999999
0.875,0.625,0.9375,0.6328458750000001,0.67925025,0.948625375
0.875,0.625,1.0,0.6214446250000001,0.6845855000000001,1.01366425
0.875,0.6875,0.0,0.8615526250000001,0.6494927500000001,-0.029104375000000002
0.875,0.6875,0.0625,0.850151375,0.6548280000000001,0.035934499999999994
0.875,0.6875,0.125,0.8387501250000001,0.6601632500000001,0.10097337499999999
0.875,0.6875,0.1875,0.8273488750000001,0.6654985000000001,0.16601224999999997
0.875,0.6875,0.25,0.8159476250000001,0.6708337500000001,0.23105112499999997
0.875,0.6875,0.3125,0.804546375,0.676169,0.29608999999999996
0.875,0.6875,0.375,0.7931451250000001,0.68150425,0.36112887499999996
0.875,0.6875,0.4375,0.7817438750000001,0.6868395,0.42616774999999996
0.875,0.6875,0.5,0.7703426250000001,0.6921747500000001,0.49120662499999995
0.875,0.6875,0.5625,0.758941375,0.6975100000000001,0.5562455
0.875,0.6875,0.625,0.7475401250000001,0.7028452500000001,0.621284375
0.875,0.6875,0.6875,0.7361388750000001,0.7081805000000001,0.68632325
0.875,0.6875,0.75,0.724737625,0.71351575,0.751362125
0.875,0.6875,0.8125,0.7133363750000001,0.718851,0.8164009999999999
0.875,0.6875,0.875,0.7019351250000001,0.72418625,0.881439875
0.875,0.6875,0.9375,0.6905338750000001,0.7295215,0.94647875
0.875,0.6875,1.0,0.679132625,0.7348567500000001,1.011517625
0.875,0.75,0.0,0.919240625,0.699764,-0.031251
0.875,0.75,0.0625,0.907839375,0.7050992500000001,0.033787874999999995
0.875,0.75,0.125,0.8964381250000001,0.7104345000000001,0.09882674999999999
0.875,0.75,0.1875,0.8850368750000001,0.7157697500000001,0.163865625
0.875,0.75,0.25,0.873635625,0.7211050000000001,0.22890449999999998
0.875,0.75,0.3125,0.862234375,0.72644025,0.293943375
0.875,0.75,0.375,0.8508331250000001,0.7317755,0.35898224999999995
0.875,0.75,0.4375,0.839431875,0.73711075,0.424021125
0.875,0.75,0.5,0.828030625,0.742446,0.48905999999999994
0.875,0.75,0.5625,0.816629375,0.7477812500000001,0.5540988749999999
0.875,0.75,0.625,0.8052281250000001,0.7531165000000001,0.6191377499999999
0.875,0.75,0.6875,0.793826875,0.7584517500000001,0.684176625
0.875,0.75,0.75,0.782425625,0.763787,0.7492154999999999
0.875,0.75,0.8125,0.7710243750000001,0.76912225,0.8142543749999999
0.875,0.75,0.875,0.7596231250000001,0.7744575,0.8792932499999999
0.875,0.75,0.9375,0.748221875,0.77979275,0.944332125
0.875,0.75,1.0,0.736820625,0.785128,1.009371
0.875,0.8125,0.0,0.976928625,0.75003525,-0.033397625
0.875,0.8125,0.0625,0.965527375,0.7553705000000001,0.031641249999999996
0.875,0.8125,0.125,0.954126125,0.7607057500000001,0.09668012499999999
0.875,0.8125,0.1875,0.942724875,0.7660410000000001,0.161719
0.875,0.8125,0.25,0.931323625,0.7713762500000001,0.226757875
0.875,0.8125,0.3125,0.919922375,0.7767115,0.29179675
0.875,0.8125,0.375,0.908521125,0.78204675,0.356835625
0.875,0.8125,0.4375,0.897119875,0.787382,0.4218745
0.875,0.8125,0.5,0.885718625,0.79271725,0.486913375
0.875,0.8125,0.5625,0.874317375,0.7980525,0.5519522499999999
0.875,0.8125,0.625,0.862916125,0.8033877500000001,0.616991125
0.875,0.8125,0.6875,0.851514875,0.8087230000000001,0.68203
0.875,0.8125,0.75,0.840113625,0.81405825,0.747068875
0.875,0.8125,0.8125,0.8287123750000001,0.8193935,0.8121077499999999
0.875,0.8125,0.875,0.817311125,0.82472875,0.877146625
0.875,0.8125,0.9375,0.805909875,0.830064,0.9421855
0.875,0.8125,1.0,0.794508625,0.83539925,1.0072243749999998
0.875,0.875,0.0,1.034616625,0.8003065,-0.03554425
0.875,0.875,0.0625,1.023215375,0.80564175,0.029494624999999997
0.875,0.875,0.125,1.011814125,0.8109770000000001,0.09453349999999999
0.875,0.875,0.1875,1.0004128749999999,0.8163122500000001,0.159572375
0.875,0.875,0.25,0.989011625,0.8216475000000001,0.22461124999999998
0.875,0.875,0.3125,0.9776103749999999,0.82698275,0.289650125
0.875,0.875,0.375,0.966209125,0.832318,0.354689
0.875,0.875,0.4375,0.954807875,0.83765325,0.419727875
0.875,0.875,0.5,0.9434066249999999,0.8429885,0.48476674999999997
0.875,0.875,0.5625,0.9320053749999999,0.84832375,0.5498056249999999
0.875,0.875,0.625,0.920604125,0.8536590000000001,0.6148445
0.875,0.875,0.6875,0.909202875,0.8589942500000001,0.679883375
0.875,0.875,0.75,0.8978016249999999,0.8643295,0.7449222499999999
0.875,0.875,0.8125,0.886400375,0.86966475,0.8099611249999998
0.875,0.875,0.875,0.874999125,0.875,0.875
0.875,0.875,0.9375,0.863597875,0.88033525,0.9400388749999999
0.875,0.875,1.0,0.8521966249999999,0.8856705,1.0050777499999999
0.875,0.9375,0.0,1.0923046250000001,0.85057775,-0.037690875
0.875,0.9375,0.0625,1.080903375,0.855913,0.027347999999999997
0.875,0.9375,0.125,1.069502125,0.86124825,0.092386875
0.875,0.9375,0.1875,1.058100875,0.8665835000000001,0.15742574999999998
0.875,0.9375,0.25,1.0466996250000002,0.8719187500000001,0.22246462499999997
0.875,0.9375,0.3125,1.0352983750000002,0.877254,0.28750349999999997
0.875,0.9375,0.375,1.0238971250000002,0.88258925,0.35254237499999996
0.875,0.9375,0.4375,1.0124958750000002,0.8879245,0.41758124999999996
0.875,0.9375,0.5,1.0010946250000001,0.89325975,0.48262012499999996
0.875,0.9375,0.5625,0.9896933750000001,0.898595,0.5476589999999999
0.875,0.9375,0.625,0.9782921250000002,0.90393025,0.612697875
0.875,0.9375,0.6875,0.9668908750000001,0.9092655000000001,0.67773675
0.875,0.9375,0.75,0.9554896250000001,0.91460075,0.7427756249999999
0.875,0.9375,0.8125,0.9440883750000002,0.919936,0.8078144999999999
0.875,0.9375,0.875,0.9326871250000002,0.92527125,0.8728533749999999
0.875,0.9375,0.9375,0.9212858750000001,0.9306065,0.93789225
0.875,0.9375,1.0,0.9098846250000001,0.93594175,1.002931125
0.875,1.0,0.0,1.149992625,0.900849,-0.0398375
0.875,1.0,0.0625,1.138591375,0.90618425,0.025201374999999998
0.875,1.0,0.125,1.127190125,0.9115195,0.09024025
0.875,1.0,0.1875,1.115788875,0.91685475,0.155279125
0.875,1.0,0.25,1.1043876250000002,0.9221900000000001,0.22031799999999999
0.875,1.0,0.3125,1.0929863750000002,0.92752525,0.28535687499999995
0.875,1.0,0.375,1.0815851250000001,0.9328605,0.35039575
0.875,1.0,0.4375,1.0701838750000001,0.93819575,0.41543462499999995
0.875,1.0,0.5,1.058782625,0.943531,0.4804735
0.875,1.0,0.5625,1.047381375,0.94886625,0.5455123749999999
0.875,1.0,0.625,1.035980125,0.9542015,0.61055125
0.875,1.0,0.6875,1.024578875,0.95953675,0.675590125
0.875,1.0,0.75,1.0131776250000002,0.964872,0.740629
0.875,1.0,0.8125,1.0017763750000002,0.97020725,0.8056678749999999
0.875,1.0,0.875,0.9903751250000001,0.9755425,0.87070675
0.875,1.0,0.9375,0.9789738750000001,0.98087775,0.935745625
0.875,1.0,1.0,0.9675726250000001,0.986213,1.0007845
0.9375,0.0,0.0,0.2431978125,0.10340250000000001,-0.00588375
0.9375,0.0,0.0625,0.2317965625,0.10873775000000001,0.059155124999999996
0.9375,0.0,0.125,0.2203953125,0.11407300000000001,0.124194
0.9375,0.0,0.1875,0.2089940625,0.11940825000000001,0.189232875
0.9375,0.0,0.25,0.1975928125,0.12474350000000001,0.25427174999999996
0.9375,0.0,0.3125,0.1861915625,0.13007875000000002,0.31931062499999996
0.9375,0.0,0.375,0.1747903125,0.135414,0.38434949999999996
0.9375,0.0,0.4375,0.16338906250000002,0.14074925,0.44938837499999995
0.9375,0.0,0.5,0.15198781249999999,0.1460845,0.51442725
0.9375,0.0,0.5625,0.1405865625,0.15141975000000002,0.5794661249999999
0.9375,0.0,0.625,0.12918531249999998,0.156755,0.644505
0.9375,0.0,0.6875,0.11778406250000001,0.16209025,0.709543875
0.9375,0.0,0.75,0.1063828125,0.1674255,0.77458275
0.9375,0.0,0.8125,0.0949815625,0.17276075000000002,0.8396216249999999
0.9375,0.0,0.875,0.0835803125,0.178096,0.9046605
0.9375,0.0,0.9375,0.0721790625,0.18343125,0.969699375
0.9375,0.0,1.0,0.0607778125,0.1887665,1.03473825
0.9375,0.0625,0.0,0.3008858125,0.15367375,-0.008030375
0.9375,0.0625,0.0625,0.28948456250000004,0.159009,0.0570085
0.9375,0.0625,0.125,0.2780833125,0.16434425,0.12204737499999999
0.9375,0.0625,0.1875,0.26668206250000004,0.16967949999999998,0.18708624999999998
0.9375,0.0625,0.25,0.2552808125,0.17501475,0.252125125
0.9375,0.0625,0.3125,0.2438795625,0.18035,0.317164
0.9375,0.0625,0.375,0.2324783125,0.18568525,0.382202875
0.9375,0.0625,0.4375,0.22107706250000003,0.19102049999999998,0.44724175
0.9375,0.0625,0.5,0.2096758125,0.19635575,0.5122806249999999
0.9375,0.0625,0.5625,0.19827456250000003,0.201691,0.5773194999999999
0.9375,0.0625,0.625,0.1868733125,0.20702625,0.6423583749999999
0.9375,0.0625,0.6875,0.17547206250000003,0.21236149999999998,0.70739725
0.9375,0.0625,0.75,0.16407081250000002,0.21769675,0.7724361249999999
0.9375,0.0625,0.8125,0.15266956250000002,0.223032,0.8374749999999999
0.9375,0.0625,0.875,0.14126831250000002,0.22836725,0.9025138749999999
0.9375,0.0625,0.9375,0.12986706250000002,0.23370249999999998,0.96755275
0.9375,0.0625,1.0,0.11846581250000002,0.23903775,1.032591625
0.9375,0.125,0.0,0.3585738125,0.20394500000000002,-0.010177
0.9375,0.125,0.0625,0.3471725625,0.20928025,0.054861875
0.9375,0.125,0.125,0.3357713125,0.21461550000000001,0.11990074999999999
0.9375,0.125,0.1875,0.3243700625,0.21995075000000003,0.184939625
0.9375,0.125,0.25,0.31296881249999997,0.22528600000000001,0.2499785
0.9375,0.125,0.3125,0.3015675625,0.23062125,0.315017375
0.9375,0.125,0.375,0.29016631249999997,0.2359565,0.38005625
0.9375,0.125,0.4375,0.2787650625,0.24129175000000003,0.445095125
0.9375,0.125,0.5,0.26736381249999996,0.246627,0.510134
0.9375,0.125,0.5625,0.2559625625,0.25196225,0.5751728749999999
0.9375,0.125,0.625,0.24456131249999996,0.2572975,0.64021175
0.9375,0.125,0.6875,0.2331600625,0.26263275,0.705250625
0.9375,0.125,0.75,0.22175881249999999,0.267968,0.7702895
0.9375,0.125,0.8125,0.21035756249999998,0.27330325,0.8353283749999999
0.9375,0.125,0.875,0.19895631249999998,0.2786385,0.90036725
0.9375,0.125,0.9375,0.18755506249999998,0.28397375,0.965406125
0.9375,0.125,1.0,0.17615381249999998,0.28930900000000004,1.0304449999999998
0.9375,0.1875,0.0,0.4162618125,0.25421625000000003,-0.012323625000000001
0.9375,0.1875,0.0625,0.4048605625,0.25955150000000005,0.05271524999999999
0.9375,0.1875,0.125,0.3934593125,0.26488675000000006,0.11775412499999999
0.9375,0.1875,0.1875,0.3820580625,0.270222,0.18279299999999998
0.9375,0.1875,0.25,0.3706568125,0.27555725000000003,0.24783187499999998
0.9375,0.1875,0.3125,0.3592555625,0.28089250000000004,0.31287075
0.9375,0.1875,0.375,0.3478543125,0.28622775,0.37790962499999997
0.9375,0.1875,0.4375,0.3364530625,0.291563,0.44294849999999997
0.9375,0.1875,0.5,0.3250518125,0.29689825000000003,0.507987375
0.9375,0.1875,0.5625,0.3136505625,0.30223350000000004,0.57302625
0.9375,0.1875,0.625,0.3022493125,0.30756875000000006,0.638065125
0.9375,0.1875,0.6875,0.2908480625,0.312904,0.7031040000000001
0.9375,0.1875,0.75,0.27944681250000003,0.31823925000000003,0.768142875
0.9375,0.1875,0.8125,0.2680455625,0.32357450000000004,0.8331817499999999
0.9375,0.1875,0.875,0.25664431249999997,0.32890975,0.898220625
0.9375,0.1875,0.9375,0.2452430625,0.334245,0.9632595
0.9375,0.1875,1.0,0.2338418125,0.33958025000000003,1.0282983749999999
0.9375,0.25,0.0,0.4739498125,0.3044875,-0.01447025
0.9375,0.25,0.0625,0.46254856250000004,0.30982275000000004,0.05056862499999999
0.9375,0.25,0.125,0.4511473125,0.31515800000000005,0.11560749999999999
0.9375,0.25,0.1875,0.43974606250000003,0.32049325,0.180646375
0.9375,0.25,0.25,0.4283448125,0.3258285,0.24568525
0.9375,0.25,0.3125,0.41694356250000003,0.33116375000000003,0.31072412499999996
0.9375,0.25,0.375,0.4055423125,0.336499,0.37576299999999996
0.9375,0.25,0.4375,0.39414106250000003,0.34183425,0.44080187499999995
0.9375,0.25,0.5,0.3827398125,0.3471695,0.50584075
0.9375,0.25,0.5625,0.3713385625,0.35250475000000003,0.5708796249999999
0.9375,0.25,0.625,0.3599373125,0.35784000000000005,0.6359184999999999
0.9375,0.25,0.6875,0.3485360625,0.36317525,0.700957375
0.9375,0.25,0.75,0.3371348125,0.3685105,0.7659962499999999
0.9375,0.25,0.8125,0.3257335625,0.37384575000000003,0.8310351249999999
0.9375,0.25,0.875,0.31433231250000004,0.379181,0.8960739999999999
0.9375,0.25,0.9375,0.3029310625,0.38451625,0.961112875
0.9375,0.25,1.0,0.2915298125,0.3898515,1.02615175
0.9375,0.3125,0.0,0.5316378125000001,0.35475875,-0.016616875
0.9375,0.3125,0.0625,0.5202365625,0.360094,0.04842199999999999
0.9375,0.3125,0.125,0.5088353125000001,0.36542925000000004,0.11346087499999999
0.9375,0.3125,0.1875,0.4974340625000001,0.3707645,0.17849974999999998
0.9375,0.3125,0.25,0.4860328125000001,0.37609975,0.24353862499999998
0.9375,0.3125,0.3125,0.4746315625000001,0.381435,0.3085775
0.9375,0.3125,0.375,0.4632303125000001,0.38677025,0.373616375
0.9375,0.3125,0.4375,0.4518290625000001,0.3921055,0.43865525
0.9375,0.3125,0.5,0.44042781250000007,0.39744075,0.503694125
0.9375,0.3125,0.5625,0.4290265625000001,0.402776,0.5687329999999999
0.9375,0.3125,0.625,0.41762531250000007,0.40811125000000004,0.633771875
0.9375,0.3125,0.6875,0.4062240625000001,0.4134465,0.69881075
0.9375,0.3125,0.75,0.39482281250000006,0.41878175,0.763849625
0.9375,0.3125,0.8125,0.3834215625000001,0.424117,0.8288884999999999
0.9375,0.3125,0.875,0.3720203125000001,0.42945225,0.893927375
0.9375,0.3125,0.9375,0.3606190625000001,0.4347875,0.95896625
0.9375,0.3125,1.0,0.34921781250000006,0.44012275,1.024005125
0.9375,0.375,0.0,0.5893258125,0.40503000000000006,-0.018763500000000002
0.9375,0.375,0.0625,0.5779245625,0.41036525000000007,0.046275374999999994
0.9375,0.375,0.125,0.5665233125000001,0.41570050000000003,0.11131424999999999
0.9375,0.375,0.1875,0.5551220625000001,0.42103575000000004,0.176353125
0.9375,0.375,0.25,0.5437208125,0.42637100000000006,0.241392
0.9375,0.375,0.3125,0.5323195625,0.43170625000000007,0.306430875
0.9375,0.375,0.375,0.5209183125000001,0.4370415000000001,0.37146975
0.9375,0.375,0.4375,0.5095170625000001,0.44237675000000004,0.436508625
0.9375,0.375,0.5,0.49811581250000003,0.44771200000000005,0.5015474999999999
0.9375,0.375,0.5625,0.48671456250000006,0.45304725000000007,0.5665863749999999
0.9375,0.375,0.625,0.47531331250000003,0.4583825,0.6316252499999999
0.9375,0.375,0.6875,0.46391206250000006,0.46371775000000004,0.696664125
0.9375,0.375,0.75,0.4525108125,0.46905300000000005,0.7617029999999999
0.9375,0.375,0.8125,0.44110956250000005,0.47438825000000007,0.8267418749999998
0.9375,0.375,0.875,0.4297083125000001,0.4797235000000001,0.8917807499999999
0.9375,0.375,0.9375,0.41830706250000005,0.48505875000000004,0.956819625
0.9375,0.375,1.0,0.4069058125,0.49039400000000005,1.0218585
0.9375,0.4375,0.0,0.6470138125,0.45530125000000005,-0.020910125
0.9375,0.4375,0.0625,0.6356125625,0.46063650000000006,0.044128749999999994
0.9375,0.4375,0.125,0.6242113125000001,0.46597175,0.10916762499999999
0.9375,0.4375,0.1875,0.6128100625,0.47130700000000003,0.1742065
0.9375,0.4375,0.25,0.6014088125,0.47664225000000005,0.23924537499999998
0.9375,0.4375,0.3125,0.5900075625,0.48197750000000006,0.30428425
0.9375,0.4375,0.375,0.5786063125,0.4873127500000001,0.369323125
0.9375,0.4375,0.4375,0.5672050625,0.49264800000000003,0.43436199999999997
0.9375,0.4375,0.5,0.5558038125,0.49798325000000004,0.49940087499999997
0.9375,0.4375,0.5625,0.5444025625,0.5033185,0.5644397499999999
0.9375,0.4375,0.625,0.5330013125,0.50865375,0.629478625
0.9375,0.4375,0.6875,0.5216000625,0.513989,0.6945175
0.9375,0.4375,0.75,0.5101988125,0.51932425,0.759556375
0.9375,0.4375,0.8125,0.4987975625,0.5246595000000001,0.8245952499999999
0.9375,0.4375,0.875,0.48739631250000004,0.5299947500000001,0.8896341249999999
0.9375,0.4375,0.9375,0.4759950625,0.5353300000000001,0.954673
0.9375,0.4375,1.0,0.4645938125,0.54066525,1.019711875
0.9375,0.5,0.0,0.7047018125,0.5055725,-0.02305675
0.9375,0.5,0.0625,0.6933005624999999,0.51090775,0.041982124999999995
0.9375,0.5,0.125,0.6818993125,0.516243,0.10702099999999999
0.9375,0.5,0.1875,0.6704980625,0.52157825,0.17205987499999997
0.9375,0.5,0.25,0.6590968125,0.5269135,0.23709874999999997
0.9375,0.5,0.3125,0.6476955624999999,0.5322487499999999,0.30213762499999997
0.9375,0.5,0.375,0.6362943125,0.537584,0.36717649999999996
0.9375,0.5,0.4375,0.6248930625,0.54291925,0.43221537499999996
0.9375,0.5,0.5,0.6134918125,0.5482545,0.49725424999999995
0.9375,0.5,0.5625,0.6020905624999999,0.55358975,0.562293125
0.9375,0.5,0.625,0.5906893125,0.558925,0.627332
0.9375,0.5,0.6875,0.5792880625,0.56426025,0.692370875
0.9375,0.5,0.75,0.5678868125,0.5695954999999999,0.75740975
0.9375,0.5,0.8125,0.5564855625,0.5749307499999999,0.8224486249999999
0.9375,0.5,0.875,0.5450843125,0.580266,0.8874875
0.9375,0.5,0.9375,0.5336830625,0.58560125,0.952526375
0.9375,0.5,1.0,0.5222818124999999,0.5909365,1.0175652499999999
0.9375,0.5625,0.0,0.7623898124999999,0.55584375,-0.025203375
0.9375,0.5625,0.0625,0.7509885624999999,0.561179,0.039835499999999996
0.9375,0.5625,0.125,0.7395873125,0.56651425,0.10487437499999999
0.9375,0.5625,0.1875,0.7281860625,0.5718495,0.16991325
0.9375,0.5625,0.25,0.7167848124999999,0.57718475,0.23495212499999998
0.9375,0.5625,0.3125,0.7053835624999999,0.5825199999999999,0.299991
0.9375,0.5625,0.375,0.6939823125,0.5878552499999999,0.36502987499999995
0.9375,0.5625,0.4375,0.6825810625,0.5931905,0.43006875
0.9375,0.5625,0.5,0.6711798124999999,0.59852575,0.49510762499999994
0.9375,0.5625,0.5625,0.6597785624999999,0.603861,0.5601464999999999
0.9375,0.5625,0.625,0.6483773125,0.60919625,0.6251853749999999
0.9375,0.5625,0.6875,0.6369760624999999,0.6145315,0.69022425
0.9375,0.5625,0.75,0.6255748124999999,0.6198667499999999,0.7552631249999999
0.9375,0.5625,0.8125,0.6141735625,0.6252019999999999,0.8203019999999999
0.9375,0.5625,0.875,0.6027723125,0.6305372499999999,0.8853408749999999
0.9375,0.5625,0.9375,0.5913710624999999,0.6358725,0.95037975
0.9375,0.5625,1.0,0.5799698124999999,0.64120775,1.015418625
0.9375,0.625,0.0,0.8200778125000001,0.606115,-0.02735
0.9375,0.625,0.0625,0.8086765625000001,0.61145025,0.037688875
0.9375,0.625,0.125,0.7972753125000002,0.6167855,0.10272774999999999
0.9375,0.625,0.1875,0.7858740625000001,0.62212075,0.167766625
0.9375,0.625,0.25,0.7744728125000001,0.627456,0.2328055
0.9375,0.625,0.3125,0.7630715625000001,0.6327912499999999,0.297844375
0.9375,0.625,0.375,0.7516703125000002,0.6381264999999999,0.36288325
0.9375,0.625,0.4375,0.7402690625000001,0.6434617499999999,0.427922125
0.9375,0.625,0.5,0.7288678125000001,0.648797,0.492961
0.9375,0.625,0.5625,0.7174665625000001,0.65413225,0.5579998749999999
0.9375,0.625,0.625,0.7060653125000002,0.6594675,0.62303875
0.9375,0.625,0.6875,0.6946640625000001,0.66480275,0.688077625
0.9375,0.625,0.75,0.6832628125000001,0.6701379999999999,0.7531165
0.9375,0.625,0.8125,0.6718615625000002,0.6754732499999999,0.8181553749999999
0.9375,0.625,0.875,0.6604603125000001,0.6808084999999999,0.88319425
0.9375,0.625,0.9375,0.6490590625000001,0.6861437499999999,0.948233125
0.9375,0.625,1.0,0.6376578125000001,0.691479,1.013272
0.9375,0.6875,0.0,0.8777658125000001,0.65638625,-0.029496625000000002
0.9375,0.6875,0.0625,0.8663645625,0.6617215,0.03554225
0.9375,0.6875,0.125,0.8549633125000001,0.66705675,0.100581125
0.9375,0.6875,0.1875,0.8435620625000001,0.672392,0.16562
0.9375,0.6875,0.25,0.8321608125000001,0.67772725,0.23065887499999999
0.9375,0.6875,0.3125,0.8207595625,0.6830624999999999,0.29569775
0.9375,0.6875,0.375,0.8093583125000001,0.6883977499999999,0.360736625
0.9375,0.6875,0.4375,0.7979570625000001,0.6937329999999999,0.4257755
0.9375,0.6875,0.5,0.7865558125000001,0.69906825,0.49081437499999997
0.9375,0.6875,0.5625,0.7751545625,0.7044035,0.5558532499999999
0.9375,0.6875,0.625,0.7637533125000001,0.70973875,0.6208921249999999
0.9375,0.6875,0.6875,0.7523520625000001,0.715074,0.685931
0.9375,0.6875,0.75,0.7409508125000001,0.7204092499999999,0.7509698749999999
0.9375,0.6875,0.8125,0.7295495625000001,0.7257444999999999,0.8160087499999998
0.9375,0.6875,0.875,0.7181483125000001,0.7310797499999999,0.8810476249999999
0.9375,0.6875,0.9375,0.7067470625000001,0.7364149999999999,0.9460864999999999
0.9375,0.6875,1.0,0.6953458125,0.7417502499999999,1.011125375
0.9375,0.75,0.0,0.9354538125,0.7066575000000002,-0.03164325
0.9375,0.75,0.0625,0.9240525625,0.7119927500000002,0.033395625
0.9375,0.75,0.125,0.9126513125000001,0.7173280000000002,0.0984345
0.9375,0.75,0.1875,0.9012500625000001,0.7226632500000002,0.16347337499999998
0.9375,0.75,0.25,0.8898488125,0.7279985000000002,0.22851224999999997
0.9375,0.75,0.3125,0.8784475625,0.7333337500000001,0.29355112499999997
0.9375,0.75,0.375,0.8670463125000001,0.7386690000000001,0.35858999999999996
0.9375,0.75,0.4375,0.8556450625,0.7440042500000001,0.42362887499999996
0.9375,0.75,0.5,0.8442438125,0.7493395000000002,0.48866774999999996
0.9375,0.75,0.5625,0.8328425625,0.7546747500000002,0.5537066249999999
0.9375,0.75,0.625,0.8214413125000001,0.7600100000000002,0.6187455
0.9375,0.75,0.6875,0.8100400625,0.7653452500000002,0.683784375
0.9375,0.75,0.75,0.7986388125,0.7706805000000001,0.7488232499999999
0.9375,0.75,0.8125,0.7872375625000001,0.7760157500000001,0.8138621249999999
0.9375,0.75,0.875,0.7758363125000001,0.7813510000000001,0.8789009999999999
0.9375,0.75,0.9375,0.7644350625,0.7866862500000001,0.943939875
0.9375,0.75,1.0,0.7530338125,0.7920215000000002,1.00897875
0.9375,0.8125,0.0,0.9931418125,0.7569287500000002,-0.033789875
0.9375,0.8125,0.0625,0.9817405625,0.7622640000000002,0.031249
0.9375,0.8125,0.125,0.9703393125,0.7675992500000002,0.096287875
0.9375,0.8125,0.1875,0.9589380625,0.7729345000000002,0.16132675
0.9375,0.8125,0.25,0.9475368125,0.7782697500000002,0.226365625
0.9375,0.8125,0.3125,0.9361355625,0.7836050000000001,0.29140449999999996
0.9375,0.8125,0.375,0.9247343125,0.7889402500000001,0.356443375
0.9375,0.8125,0.4375,0.9133330625,0.7942755000000001,0.42148224999999995
0.9375,0.8125,0.5,0.9019318125,0.7996107500000001,0.486521125
0.9375,0.8125,0.5625,0.8905305625,0.8049460000000002,0.5515599999999999
0.9375,0.8125,0.625,0.8791293125,0.8102812500000002,0.616598875
0.9375,0.8125,0.6875,0.8677280625,0.8156165000000002,0.68163775
0.9375,0.8125,0.75,0.8563268125,0.8209517500000001,0.746676625
0.9375,0.8125,0.8125,0.8449255625000001,0.8262870000000001,0.8117154999999999
0.9375,0.8125,0.875,0.8335243125,0.8316222500000001,0.876754375
0.9375,0.8125,0.9375,0.8221230625,0.8369575000000001,0.94179325
0.9375,0.8125,1.0,0.8107218125,0.8422927500000001,1.0068321249999999
0.9375,0.875,0.0,1.0508298125,0.8072000000000001,-0.0359365
0.9375,0.875,0.0625,1.0394285625,0.8125352500000002,0.029102374999999993
0.9375,0.875,0.125,1.0280273125,0.8178705000000002,0.09414124999999998
0.9375,0.875,0.1875,1.0166260624999999,0.8232057500000002,0.15918012499999998
0.9375,0.875,0.25,1.0052248125,0.8285410000000002,0.22421899999999997
0.9375,0.875,0.3125,0.9938235624999999,0.8338762500000001,0.289257875
0.9375,0.875,0.375,0.9824223125,0.8392115000000001,0.35429675
0.9375,0.875,0.4375,0.9710210625,0.8445467500000001,0.419335625
0.9375,0.875,0.5,0.9596198125,0.8498820000000001,0.4843745
0.9375,0.875,0.5625,0.9482185624999999,0.8552172500000002,0.5494133749999999
0.9375,0.875,0.625,0.9368173125,0.8605525000000002,0.6144522499999999
0.9375,0.875,0.6875,0.9254160625,0.8658877500000002,0.679491125
0.9375,0.875,0.75,0.9140148124999999,0.8712230000000001,0.7445299999999999
0.9375,0.875,0.8125,0.9026135625,0.8765582500000001,0.8095688749999999
0.9375,0.875,0.875,0.8912123125,0.8818935000000001,0.8746077499999999
0.9375,0.875,0.9375,0.8798110625,0.8872287500000001,0.939646625
0.9375,0.875,1.0,0.8684098124999999,0.8925640000000001,1.0046855
0.9375,0.9375,0.0,1.1085178125000001,0.8574712500000001,-0.038083125
0.9375,0.9375,0.0625,1.0971165625000001,0.8628065000000001,0.026955749999999994
0.9375,0.9375,0.125,1.0857153125,0.8681417500000002,0.091994625
0.9375,0.9375,0.1875,1.0743140625,0.8734770000000002,0.1570335
0.9375,0.9375,0.25,1.0629128125000002,0.8788122500000002,0.222072375
0.9375,0.9375,0.3125,1.0515115625000002,0.8841475000000001,0.28711125
0.9375,0.9375,0.375,1.0401103125000002,0.8894827500000001,0.352150125
0.9375,0.9375,0.4375,1.0287090625000002,0.8948180000000001,0.417189
0.9375,0.9375,0.5,1.0173078125000001,0.9001532500000001,0.482227875
0.9375,0.9375,0.5625,1.0059065625,0.9054885000000001,0.5472667499999999
0.9375,0.9375,0.625,0.9945053125000002,0.9108237500000002,0.612305625
0.9375,0.9375,0.6875,0.9831040625000002,0.9161590000000002,0.6773445
0.9375,0.9375,0.75,0.9717028125000001,0.9214942500000001,0.742383375
0.9375,0.9375,0.8125,0.9603015625000002,0.9268295000000001,0.8074222499999999
0.9375,0.9375,0.875,0.9489003125000002,0.9321647500000001,0.872461125
0.9375,0.9375,0.9375,0.9374990625000001,0.9375000000000001,0.9375
0.9375,0.9375,1.0,0.9260978125000001,0.9428352500000001,1.002538875
0.9375,1.0,0.0,1.1662058125,0.9077425000000001,-0.04022975
0.9375,1.0,0.0625,1.1548045625,0.9130777500000001,0.024809124999999994
0.9375,1.0,0.125,1.1434033125,0.9184130000000001,0.08984799999999998
0.9375,1.0,0.1875,1.1320020625,0.9237482500000002,0.15488687499999998
0.9375,1.0,0.25,1.1206008125000002,0.9290835000000002,0.21992574999999998
0.9375,1.0,0.3125,1.1091995625000002,0.9344187500000001,0.28496462499999997
0.9375,1.0,0.375,1.0977983125000002,0.9397540000000001,0.35000349999999997
0.9375,1.0,0.4375,1.0863970625000001,0.9450892500000001,0.41504237499999996
0.9375,1.0,0.5,1.0749958125,0.9504245000000001,0.48008124999999996
0.9375,1.0,0.5625,1.0635945625,0.9557597500000001,0.545120125
0.9375,1.0,0.625,1.0521933125,0.9610950000000001,0.610159
0.9375,1.0,0.6875,1.0407920625,0.9664302500000002,0.6751978750000001
0.9375,1.0,0.75,1.0293908125000002,0.9717655000000001,0.74023675
0.9375,1.0,0.8125,1.0179895625000002,0.9771007500000001,0.8052756249999999
0.9375,1.0,0.875,1.0065883125000001,0.9824360000000001,0.8703145
0.9375,1.0,0.9375,0.9951870625000001,0.9877712500000001,0.935353375
0.9375,1.0,1.0,0.9837858125000001,0.9931065000000001,1.00039225
1.0,0.0,0.0,0.259411,0.110296,-0.006276
1.0,0.0,0.0625,0.24800975,0.11563125,0.05876287499999999
1.0,0.0,0.125,0.2366085,0.1209665,0.12380174999999999
1.0,0.0,0.1875,0.22520725,0.12630175,0.18884062499999998
1.0,0.0,0.25,0.213806,0.131637,0.2538795
1.0,0.0,0.3125,0.20240475,0.13697225000000002,0.318918375
1.0,0.0,0.375,0.1910035,0.1423075,0.38395724999999997
1.0,0.0,0.4375,0.17960225000000002,0.14764275,0.44899612499999997
1.0,0.0,0.5,0.168201,0.152978,0.514035
1.0,0.0,0.5625,0.15679975000000002,0.15831325000000002,0.579073875
1.0,0.0,0.625,0.14539849999999999,0.1636485,0.64411275
1.0,0.0,0.6875,0.13399725,0.16898375,0.7091516250000001
1.0,0.0,0.75,0.12259600000000001,0.174319,0.7741905
1.0,0.0,0.8125,0.11119475000000001,0.17965425000000002,0.8392293749999999
1.0,0.0,0.875,0.09979350000000001,0.1849895,0.90426825
1.0,0.0,0.9375,0.08839225,0.19032475,0.969307125
1.0,0.0,1.0,0.076991,0.19566,1.034346
1.0,0.0625,0.0,0.317099,0.16056725,-0.008422625
1.0,0.0625,0.0625,0.30569775000000005,0.1659025,0.05661624999999999
1.0,0.0625,0.125,0.2942965,0.17123775,0.12165512499999999
1.0,0.0625,0.1875,0.28289525000000004,0.17657299999999998,0.186694
1.0,0.0625,0.25,0.271494,0.18190825,0.25173287499999997
1.0,0.0625,0.3125,0.26009275000000004,0.1872435,0.31677174999999996
1.0,0.0625,0.375,0.2486915,0.19257875,0.38181062499999996
1.0,0.0625,0.4375,0.23729025000000004,0.19791399999999998,0.44684949999999996
1.0,0.0625,0.5,0.225889,0.20324925,0.511888375
1.0,0.0625,0.5625,0.21448775000000003,0.2085845,0.5769272499999999
1.0,0.0625,0.625,0.2030865,0.21391975,0.6419661249999999
1.0,0.0625,0.6875,0.19168525000000003,0.21925499999999998,0.707005
1.0,0.0625,0.75,0.18028400000000003,0.22459025,0.7720438749999999
1.0,0.0625,0.8125,0.16888275000000003,0.2299255,0.8370827499999999
1.0,0.0625,0.875,0.15748150000000002,0.23526075,0.9021216249999999
1.0,0.0625,0.9375,0.14608025000000002,0.24059599999999998,0.9671605
1.0,0.0625,1.0,0.13467900000000002,0.24593125,1.032199375
1.0,0.125,0.0,0.374787,0.2108385,-0.01056925
1.0,0.125,0.0625,0.36338575,0.21617375,0.054469624999999994
1.0,0.125,0.125,0.3519845,0.221509,0.11950849999999999
1.0,0.125,0.1875,0.34058325,0.22684425000000003,0.18454737499999999
1.0,0.125,0.25,0.329182,0.2321795,0.24958624999999998
1.0,0.125,0.3125,0.31778075,0.23751475,0.314625125
1.0,0.125,0.375,0.30637949999999997,0.24285,0.379664
1.0,0.125,0.4375,0.29497825,0.24818525000000002,0.444702875
1.0,0.125,0.5,0.28357699999999997,0.25352050000000004,0.50974175
1.0,0.125,0.5625,0.27217575,0.25885575,0.5747806249999999
1.0,0.125,0.625,0.26077449999999996,0.264191,0.6398195
1.0,0.125,0.6875,0.24937325,0.26952625,0.704858375
1.0,0.125,0.75,0.237972,0.2748615,0.76989725
1.0,0.125,0.8125,0.22657075,0.28019675,0.8349361249999999
1.0,0.125,0.875,0.21516949999999999,0.285532,0.899975
1.0,0.125,0.9375,0.20376824999999998,0.29086725,0.965013875
1.0,0.125,1.0,0.19236699999999998,0.29620250000000004,1.0300527499999999
1.0,0.1875,0.0,0.432475,0.26110975000000003,-0.012715875000000001
1.0,0.1875,0.0625,0.42107375,0.26644500000000004,0.052322999999999995
1.0,0.1875,0.125,0.4096725,0.27178025000000006,0.11736187499999999
1.0,0.1875,0.1875,0.39827125,0.2771155,0.18240075
1.0,0.1875,0.25,0.38687,0.28245075000000003,0.247439625
1.0,0.1875,0.3125,0.37546875,0.28778600000000004,0.3124785
1.0,0.1875,0.375,0.3640675,0.29312125,0.377517375
1.0,0.1875,0.4375,0.35266625,0.2984565,0.44255625
1.0,0.1875,0.5,0.341265,0.30379175,0.5075951249999999
1.0,0.1875,0.5625,0.32986375,0.30912700000000004,0.5726339999999999
1.0,0.1875,0.625,0.3184625,0.31446225000000005,0.6376728749999999
1.0,0.1875,0.6875,0.30706125,0.3197975,0.70271175
1.0,0.1875,0.75,0.29566000000000003,0.32513275,0.7677506249999999
1.0,0.1875,0.8125,0.28425875,0.33046800000000004,0.8327894999999998
1.0,0.1875,0.875,0.2728575,0.33580325,0.8978283749999999
1.0,0.1875,0.9375,0.26145625,0.3411385,0.96286725
1.0,0.1875,1.0,0.250055,0.34647375,1.027906125
1.0,0.25,0.0,0.490163,0.311381,-0.0148625
1.0,0.25,0.0625,0.47876175000000004,0.31671625000000003,0.050176374999999995
1.0,0.25,0.125,0.4673605,0.32205150000000005,0.11521524999999999
1.0,0.25,0.1875,0.45595925000000004,0.32738675,0.180254125
1.0,0.25,0.25,0.444558,0.332722,0.24529299999999998
1.0,0.25,0.3125,0.43315675000000003,0.33805725000000003,0.310331875
1.0,0.25,0.375,0.4217555,0.3433925,0.37537075
1.0,0.25,0.4375,0.41035425000000003,0.34872775,0.44040962499999997
1.0,0.25,0.5,0.398953,0.354063,0.5054485
1.0,0.25,0.5625,0.38755175000000003,0.35939825000000003,0.5704873749999999
1.0,0.25,0.625,0.3761505,0.36473350000000004,0.63552625
1.0,0.25,0.6875,0.36474925,0.37006875,0.700565125
1.0,0.25,0.75,0.353348,0.375404,0.765604
1.0,0.25,0.8125,0.34194675,0.38073925000000003,0.8306428749999999
1.0,0.25,0.875,0.33054550000000005,0.3860745,0.8956817499999999
1.0,0.25,0.9375,0.31914425,0.39140975,0.960720625
1.0,0.25,1.0,0.307743,0.396745,1.0257595
1.0,0.3125,0.0,0.5478510000000001,0.36165225,-0.017009125
1.0,0.3125,0.0625,0.5364497500000001,0.3669875,0.048029749999999996
1.0,0.3125,0.125,0.5250485000000001,0.37232275000000004,0.11306862499999999
1.0,0.3125,0.1875,0.5136472500000001,0.377658,0.17810749999999997
1.0,0.3125,0.25,0.5022460000000001,0.38299325,0.24314637499999997
1.0,0.3125,0.3125,0.4908447500000001,0.3883285,0.30818524999999997
1.0,0.3125,0.375,0.4794435000000001,0.39366375,0.37322412499999996
1.0,0.3125,0.4375,0.4680422500000001,0.398999,0.43826299999999996
1.0,0.3125,0.5,0.4566410000000001,0.40433425,0.503301875
1.0,0.3125,0.5625,0.4452397500000001,0.4096695,0.56834075
1.0,0.3125,0.625,0.43383850000000007,0.41500475000000003,0.633379625
1.0,0.3125,0.6875,0.4224372500000001,0.42034,0.6984185
1.0,0.3125,0.75,0.41103600000000007,0.42567525,0.763457375
1.0,0.3125,0.8125,0.3996347500000001,0.4310105,0.8284962499999999
1.0,0.3125,0.875,0.3882335000000001,0.43634575,0.893535125
1.0,0.3125,0.9375,0.3768322500000001,0.441681,0.958574
1.0,0.3125,1.0,0.36543100000000006,0.44701625,1.023612875
1.0,0.375,0.0,0.605539,0.41192350000000005,-0.01915575
1.0,0.375,0.0625,0.59413775,0.41725875000000007,0.045883125
1.0,0.375,0.125,0.5827365000000001,0.422594,0.11092199999999999
1.0,0.375,0.1875,0.5713352500000001,0.42792925000000004,0.175960875
1.0,0.375,0.25,0.559934,0.43326450000000005,0.24099974999999998
1.0,0.375,0.3125,0.54853275,0.43859975000000007,0.306038625
1.0,0.375,0.375,0.5371315000000001,0.4439350000000001,0.37107749999999995
1.0,0.375,0.4375,0.5257302500000001,0.44927025000000004,0.436116375
1.0,0.375,0.5,0.514329,0.45460550000000005,0.5011552499999999
1.0,0.375,0.5625,0.50292775,0.45994075000000006,0.5661941249999999
1.0,0.375,0.625,0.49152650000000003,0.465276,0.6312329999999999
1.0,0.375,0.6875,0.48012525000000006,0.47061125000000004,0.696271875
1.0,0.375,0.75,0.46872400000000003,0.47594650000000005,0.7613107499999999
1.0,0.375,0.8125,0.45732275000000006,0.48128175000000006,0.8263496249999999
1.0,0.375,0.875,0.4459215000000001,0.4866170000000001,0.8913884999999999
1.0,0.375,0.9375,0.43452025000000005,0.49195225000000004,0.956427375
1.0,0.375,1.0,0.423119,0.49728750000000005,1.02146625
1.0,0.4375,0.0,0.663227,0.46219475000000004,-0.021302375000000002
1.0,0.4375,0.0625,0.65182575,0.46753000000000006,0.0437365
1.0,0.4375,0.125,0.6404245000000001,0.47286525,0.108775375
1.0,0.4375,0.1875,0.62902325,0.47820050000000003,0.17381424999999998
1.0,0.4375,0.25,0.617622,0.48353575000000004,0.23885312499999997
1.0,0.4375,0.3125,0.60622075,0.48887100000000006,0.303892
1.0,0.4375,0.375,0.5948195000000001,0.49420625000000007,0.368930875
1.0,0.4375,0.4375,0.58341825,0.4995415,0.43396975
1.0,0.4375,0.5,0.572017,0.50487675,0.499008625
1.0,0.4375,0.5625,0.56061575,0.510212,0.5640474999999999
1.0,0.4375,0.625,0.5492145,0.51554725,0.629086375
1.0,0.4375,0.6875,0.53781325,0.5208825,0.69412525
1.0,0.4375,0.75,0.526412,0.52621775,0.759164125
1.0,0.4375,0.8125,0.5150107500000001,0.531553,0.8242029999999999
1.0,0.4375,0.875,0.5036095,0.5368882500000001,0.889241875
1.0,0.4375,0.9375,0.49220825,0.5422235000000001,0.95428075
1.0,0.4375,1.0,0.480807,0.5475587500000001,1.0193196249999998
1.0,0.5,0.0,0.720915,0.5124660000000001,-0.023449
1.0,0.5,0.0625,0.7095137499999999,0.5178012500000001,0.041589875
1.0,0.5,0.125,0.6981125,0.5231365000000001,0.10662875
1.0,0.5,0.1875,0.68671125,0.5284717500000001,0.171667625
1.0,0.5,0.25,0.67531,0.5338070000000001,0.2367065
1.0,0.5,0.3125,0.6639087499999999,0.53914225,0.301745375
1.0,0.5,0.375,0.6525075,0.5444775000000001,0.36678425
1.0,0.5,0.4375,0.64110625,0.5498127500000001,0.431823125
1.0,0.5,0.5,0.629705,0.5551480000000001,0.49686199999999997
1.0,0.5,0.5625,0.6183037499999999,0.5604832500000001,0.5619008749999999
1.0,0.5,0.625,0.6069025,0.5658185000000001,0.6269397499999999
1.0,0.5,0.6875,0.59550125,0.5711537500000001,0.691978625
1.0,0.5,0.75,0.5841,0.576489,0.7570174999999999
1.0,0.5,0.8125,0.57269875,0.58182425,0.8220563749999998
1.0,0.5,0.875,0.5612975,0.5871595000000001,0.8870952499999999
1.0,0.5,0.9375,0.54989625,0.5924947500000001,0.9521341249999999
1.0,0.5,1.0,0.538495,0.5978300000000001,1.0171729999999999
1.0,0.5625,0.0,0.7786029999999999,0.5627372500000001,-0.025595625
1.0,0.5625,0.0625,0.7672017499999999,0.5680725000000001,0.03944325
1.0,0.5625,0.125,0.7558005,0.5734077500000001,0.104482125
1.0,0.5625,0.1875,0.74439925,0.5787430000000001,0.16952099999999998
1.0,0.5625,0.25,0.7329979999999999,0.5840782500000001,0.23455987499999997
1.0,0.5625,0.3125,0.7215967499999999,0.5894135,0.29959874999999997
1.0,0.5625,0.375,0.7101955,0.59474875,0.36463762499999997
1.0,0.5625,0.4375,0.69879425,0.6000840000000001,0.42967649999999996
1.0,0.5625,0.5,0.6873929999999999,0.6054192500000001,0.49471537499999996
1.0,0.5625,0.5625,0.6759917499999999,0.6107545000000001,0.5597542499999999
1.0,0.5625,0.625,0.6645905,0.6160897500000001,0.624793125
1.0,0.5625,0.6875,0.6531892499999999,0.6214250000000001,0.689832
1.0,0.5625,0.75,0.6417879999999999,0.62676025,0.7548708749999999
1.0,0.5625,0.8125,0.63038675,0.6320955,0.8199097499999999
1.0,0.5625,0.875,0.6189855,0.63743075,0.8849486249999999
1.0,0.5625,0.9375,0.6075842499999999,0.6427660000000001,0.9499875
1.0,0.5625,1.0,0.5961829999999999,0.6481012500000001,1.015026375
1.0,0.625,0.0,0.8362910000000001,0.6130085000000001,-0.02774225
1.0,0.625,0.0625,0.8248897500000001,0.6183437500000001,0.037296625
1.0,0.625,0.125,0.8134885000000002,0.6236790000000001,0.1023355
1.0,0.625,0.1875,0.8020872500000001,0.6290142500000001,0.167374375
1.0,0.625,0.25,0.7906860000000001,0.6343495000000001,0.23241325
1.0,0.625,0.3125,0.7792847500000001,0.63968475,0.29745212499999996
1.0,0.625,0.375,0.7678835000000002,0.64502,0.36249099999999995
1.0,0.625,0.4375,0.7564822500000001,0.65035525,0.42752987499999995
1.0,0.625,0.5,0.7450810000000001,0.6556905000000001,0.49256874999999994
1.0,0.625,0.5625,0.7336797500000001,0.6610257500000001,0.5576076249999999
1.0,0.625,0.625,0.7222785000000002,0.6663610000000001,0.6226465
1.0,0.625,0.6875,0.7108772500000001,0.6716962500000001,0.687685375
1.0,0.625,0.75,0.6994760000000001,0.6770315,0.75272425
1.0,0.625,0.8125,0.6880747500000002,0.68236675,0.8177631249999999
1.0,0.625,0.875,0.6766735000000001,0.687702,0.882802
1.0,0.625,0.9375,0.6652722500000001,0.69303725,0.947840875
1.0,0.625,1.0,0.6538710000000001,0.6983725000000001,1.01287975
1.0,0.6875,0.0,0.8939790000000001,0.6632797500000001,-0.029888875000000002
1.0,0.6875,0.0625,0.88257775,0.6686150000000001,0.035149999999999994
1.0,0.6875,0.125,0.8711765000000001,0.6739502500000001,0.10018887499999998
1.0,0.6875,0.1875,0.8597752500000001,0.6792855000000001,0.16522774999999998
1.0,0.6875,0.25,0.8483740000000001,0.6846207500000001,0.23026662499999997
1.0,0.6875,0.3125,0.83697275,0.689956,0.2953055
1.0,0.6875,0.375,0.8255715000000001,0.69529125,0.360344375
1.0,0.6875,0.4375,0.8141702500000001,0.7006265,0.42538325
1.0,0.6875,0.5,0.8027690000000001,0.70596175,0.490422125
1.0,0.6875,0.5625,0.79136775,0.7112970000000001,0.5554609999999999
1.0,0.6875,0.625,0.7799665000000001,0.7166322500000001,0.6204998749999999
1.0,0.6875,0.6875,0.7685652500000001,0.7219675000000001,0.68553875
1.0,0.6875,0.75,0.7571640000000001,0.72730275,0.7505776249999999
1.0,0.6875,0.8125,0.7457627500000001,0.732638,0.8156164999999999
1.0,0.6875,0.875,0.7343615000000001,0.73797325,0.8806553749999999
1.0,0.6875,0.9375,0.7229602500000001,0.7433085,0.94569425
1.0,0.6875,1.0,0.711559,0.74864375,1.010733125
1.0,0.75,0.0,0.951667,0.713551,-0.0320355
1.0,0.75,0.0625,0.94026575,0.7188862500000001,0.033003374999999995
1.0,0.75,0.125,0.9288645000000001,0.7242215000000001,0.09804225
1.0,0.75,0.1875,0.9174632500000001,0.7295567500000001,0.163081125
1.0,0.75,0.25,0.906062,0.7348920000000001,0.22812
1.0,0.75,0.3125,0.89466075,0.74022725,0.293158875
1.0,0.75,0.375,0.8832595000000001,0.7455625,0.35819775
1.0,0.75,0.4375,0.8718582500000001,0.75089775,0.423236625
1.0,0.75,0.5,0.860457,0.756233,0.4882755
1.0,0.75,0.5625,0.84905575,0.7615682500000001,0.5533143749999999
1.0,0.75,0.625,0.8376545000000001,0.7669035000000001,0.61835325
1.0,0.75,0.6875,0.82625325,0.7722387500000001,0.683392125
1.0,0.75,0.75,0.814852,0.777574,0.748431
1.0,0.75,0.8125,0.8034507500000001,0.78290925,0.8134698749999999
1.0,0.75,0.875,0.7920495000000001,0.7882445,0.87850875
1.0,0.75,0.9375,0.78064825,0.79357975,0.943547625
1.0,0.75,1.0,0.769247,0.798915,1.0085864999999998
1.0,0.8125,0.0,1.009355,0.76382225,-0.034182125
1.0,0.8125,0.0625,0.99795375,0.7691575,0.030856749999999995
1.0,0.8125,0.125,0.9865525,0.7744927500000001,0.09589562499999998
1.0,0.8125,0.1875,0.97515125,0.7798280000000001,0.16093449999999998
1.0,0.8125,0.25,0.96375,0.7851632500000001,0.22597337499999998
1.0,0.8125,0.3125,0.95234875,0.7904985,0.29101225
1.0,0.8125,0.375,0.9409475,0.79583375,0.35605112499999997
1.0,0.8125,0.4375,0.92954625,0.801169,0.42108999999999996
1.0,0.8125,0.5,0.918145,0.80650425,0.48612887499999996
1.0,0.8125,0.5625,0.90674375,0.8118395,0.55116775
1.0,0.8125,0.625,0.8953425,0.8171747500000001,0.616206625
1.0,0.8125,0.6875,0.88394125,0.8225100000000001,0.6812455000000001
1.0,0.8125,0.75,0.87254,0.82784525,0.746284375
1.0,0.8125,0.8125,0.8611387500000001,0.8331805,0.8113232499999999
1.0,0.8125,0.875,0.8497375,0.83851575,0.876362125
1.0,0.8125,0.9375,0.83833625,0.843851,0.941401
1.0,0.8125,1.0,0.826935,0.84918625,1.0064398749999999
1.0,0.875,0.0,1.067043,0.8140935,-0.03632875000000001
1.0,0.875,0.0625,1.05564175,0.81942875,0.02871012499999999
1.0,0.875,0.125,1.0442405,0.824764,0.09374899999999999
1.0,0.875,0.1875,1.0328392499999999,0.8300992500000001,0.15878787499999997
1.0,0.875,0.25,1.021438,0.8354345000000001,0.22382674999999996
1.0,0.875,0.3125,1.01003675,0.84076975,0.28886562499999996
1.0,0.875,0.375,0.9986355,0.846105,0.35390449999999996
1.0,0.875,0.4375,0.98723425,0.85144025,0.41894337499999995
1.0,0.875,0.5,0.975833,0.8567755,0.48398224999999995
1.0,0.875,0.5625,0.9644317499999999,0.86211075,0.5490211249999999
1.0,0.875,0.625,0.9530305,0.867446,0.6140599999999999
1.0,0.875,0.6875,0.94162925,0.8727812500000001,0.679098875
1.0,0.875,0.75,0.9302279999999999,0.8781165,0.7441377499999999
1.0,0.875,0.8125,0.91882675,0.88345175,0.8091766249999999
1.0,0.875,0.875,0.9074255,0.888787,0.8742154999999999
1.0,0.875,0.9375,0.89602425,0.89412225,0.939254375
1.0,0.875,1.0,0.8846229999999999,0.8994575,1.00429325
1.0,0.9375,0.0,1.1247310000000001,0.86436475,-0.038475375000000006
1.0,0.9375,0.0625,1.1133297500000001,0.8697,0.02656349999999999
1.0,0.9375,0.125,1.1019285,0.87503525,0.09160237499999999
1.0,0.9375,0.1875,1.09052725,0.8803705000000001,0.15664124999999998
1.0,0.9375,0.25,1.0791260000000003,0.8857057500000001,0.22168012499999998
1.0,0.9375,0.3125,1.0677247500000002,0.891041,0.28671899999999995
1.0,0.9375,0.375,1.0563235000000002,0.89637625,0.351757875
1.0,0.9375,0.4375,1.0449222500000002,0.9017115,0.41679674999999994
1.0,0.9375,0.5,1.0335210000000001,0.90704675,0.481835625
1.0,0.9375,0.5625,1.02211975,0.912382,0.5468744999999999
1.0,0.9375,0.625,1.0107185,0.91771725,0.611913375
1.0,0.9375,0.6875,0.9993172500000002,0.9230525,0.67695225
1.0,0.9375,0.75,0.9879160000000001,0.92838775,0.741991125
1.0,0.9375,0.8125,0.9765147500000002,0.933723,0.8070299999999999
1.0,0.9375,0.875,0.9651135000000002,0.93905825,0.872068875
1.0,0.9375,0.9375,0.9537122500000002,0.9443935,0.93710775
1.0,0.9375,1.0,0.9423110000000001,0.94972875,1.002146625
1.0,1.0,0.0,1.182419,0.914636,-0.040622000000000005
1.0,1.0,0.0625,1.17101775,0.91997125,0.02441687499999999
1.0,1.0,0.125,1.1596165,0.9253065,0.08945574999999999
1.0,1.0,0.1875,1.14821525,0.93064175,0.154494625
1.0,1.0,0.25,1.1368140000000002,0.9359770000000001,0.2195335
1.0,1.0,0.3125,1.1254127500000002,0.94131225,0.284572375
1.0,1.0,0.375,1.1140115000000002,0.9466475,0.34961125
1.0,1.0,0.4375,1.1026102500000001,0.95198275,0.414650125
1.0,1.0,0.5,1.091209,0.957318,0.479689
1.0,1.0,0.5625,1.07980775,0.96265325,0.5447278749999999
1.0,1.0,0.625,1.0684065,0.9679885,0.6097667499999999
1.0,1.0,0.6875,1.05700525,0.97332375,0.674805625
1.0,1.0,0.75,1.0456040000000002,0.978659,0.7398444999999999
1.0,1.0,0.8125,1.0342027500000002,0.98399425,0.8048833749999998
1.0,1.0,0.875,1.0228015000000001,0.9893295,0.8699222499999999
1.0,1.0,0.9375,1.0114002500000001,0.99466475,0.934961125
1.0,1.0,1.0,0.9999990000000001,1.0,0.9999999999999999
