R,G,B,R_out,G_out,B_out
0.0,0.0,0.0,0.0,0.0,0.0
0.0,0.0,0.0625,-0.0023878125,0.0009715,0.0627776875
0.0,0.0,0.125,-0.004775625,0.001943,0.125555375
0.0,0.0,0.1875,-0.0071634375000000005,0.0029145,0.18833306249999998
0.0,0.0,0.25,-0.00955125,0.003886,0.25111075
0.0,0.0,0.3125,-0.0119390625,0.0048575,0.3138884375
0.0,0.0,0.375,-0.014326875000000001,0.005829,0.37666612499999996
0.0,0.0,0.4375,-0.016714687500000002,0.0068005,0.4394438125
0.0,0.0,0.5,-0.0191025,0.007772,0.5022215
0.0,0.0,0.5625,-0.0214903125,0.0087435,0.5649991875
0.0,0.0,0.625,-0.023878125,0.009715,0.627776875
0.0,0.0,0.6875,-0.026265937500000003,0.0106865,0.6905545625
0.0,0.0,0.75,-0.028653750000000002,0.011658,0.7533322499999999
0.0,0.0,0.8125,-0.0310415625,0.0126295,0.8161099374999999
0.0,0.0,0.875,-0.033429375000000004,0.013601,0.878887625
0.0,0.0,0.9375,-0.0358171875,0.0145725,0.9416653125
0.0,0.0,1.0,-0.038205,0.015544,1.004443
0.0,0.0625,0.0,0.011377375,0.0596946875,-9.76875e-05
0.0,0.0625,0.0625,0.0089895625,0.0606661875,0.06268
0.0,0.0625,0.125,0.00660175,0.0616376875,0.1254576875
0.0,0.0625,0.1875,0.0042139375,0.0626091875,0.18823537499999998
0.0,0.0625,0.25,0.0018261249999999996,0.0635806875,0.2510130625
0.0,0.0625,0.3125,-0.0005616874999999997,0.0645521875,0.31379075
0.0,0.0625,0.375,-0.0029495000000000007,0.0655236875,0.37656843749999996
0.0,0.0625,0.4375,-0.005337312500000002,0.0664951875,0.439346125
0.0,0.0625,0.5,-0.007725125000000001,0.0674666875,0.5021238124999999
0.0,0.0625,0.5625,-0.0101129375,0.0684381875,0.5649015
0.0,0.0625,0.625,-0.01250075,0.0694096875,0.6276791875
0.0,0.0625,0.6875,-0.014888562500000002,0.0703811875,0.690456875
0.0,0.0625,0.75,-0.017276375000000004,0.0713526875,0.7532345624999999
0.0,0.0625,0.8125,-0.0196641875,0.0723241875,0.8160122499999999
0.0,0.0625,0.875,-0.022052000000000002,0.0732956875,0.8787899374999999
0.0,0.0625,0.9375,-0.024439812499999998,0.0742671875,0.9415676249999999
0.0,0.0625,1.0,-0.026827625,0.0752386875,1.0043453125
0.0,0.125,0.0,0.02275475,0.119389375,-0.000195375
0.0,0.125,0.0625,0.0203669375,0.120360875,0.0625823125
0.0,0.125,0.125,0.017979125,0.121332375,0.12536
0.0,0.125,0.1875,0.0155913125,0.122303875,0.18813768749999998
0.0,0.125,0.25,0.0132035,0.123275375,0.250915375
0.0,0.125,0.3125,0.0108156875,0.124246875,0.3136930625
0.0,0.125,0.375,0.008427875,0.125218375,0.37647074999999997
0.0,0.125,0.4375,0.0060400624999999986,0.126189875,0.4392484375
0.0,0.125,0.5,0.0036522499999999992,0.127161375,0.502026125
0.0,0.125,0.5625,0.0012644375,0.128132875,0.5648038125
0.0,0.125,0.625,-0.0011233749999999994,0.129104375,0.6275815
0.0,0.125,0.6875,-0.003511187500000002,0.130075875,0.6903591875
0.0,0.125,0.75,-0.0058990000000000015,0.131047375,0.7531368749999999
0.0,0.125,0.8125,-0.0082868125,0.132018875,0.8159145624999999
0.0,0.125,0.875,-0.010674625000000004,0.132990375,0.87869225
0.0,0.125,0.9375,-0.0130624375,0.133961875,0.9414699375
0.0,0.125,1.0,-0.015450250000000002,0.134933375,1.0042476249999999
0.0,0.1875,0.0,0.034132125,0.1790840625,-0.0002930625
0.0,0.1875,0.0625,0.031744312499999996,0.1800555625,0.062484624999999995
0.0,0.1875,0.125,0.0293565,0.1810270625,0.1252623125
0.0,0.1875,0.1875,0.026968687499999998,0.1819985625,0.18803999999999998
0.0,0.1875,0.25,0.024580875,0.1829700625,0.2508176875
0.0,0.1875,0.3125,0.0221930625,0.1839415625,0.313595375
0.0,0.1875,0.375,0.019805249999999996,0.1849130625,0.37637306249999997
0.0,0.1875,0.4375,0.017417437499999997,0.1858845625,0.43915075
0.0,0.1875,0.5,0.015029624999999998,0.1868560625,0.5019284374999999
0.0,0.1875,0.5625,0.012641812499999999,0.1878275625,0.564706125
0.0,0.1875,0.625,0.010254,0.1887990625,0.6274838125
0.0,0.1875,0.6875,0.007866187499999996,0.1897705625,0.6902615
0.0,0.1875,0.75,0.005478374999999997,0.1907420625,0.7530391874999999
0.0,0.1875,0.8125,0.003090562499999998,0.1917135625,0.8158168749999999
0.0,0.1875,0.875,0.000702749999999995,0.1926850625,0.8785945624999999
0.0,0.1875,0.9375,-0.0016850625000000008,0.1936565625,0.9413722499999999
0.0,0.1875,1.0,-0.004072875000000004,0.1946280625,1.0041499375
0.0,0.25,0.0,0.0455095,0.23877875,-0.00039075
0.0,0.25,0.0625,0.0431216875,0.23975025,0.062386937499999996
0.0,0.25,0.125,0.040733875,0.24072175,0.125164625
0.0,0.25,0.1875,0.0383460625,0.24169325,0.18794231249999999
0.0,0.25,0.25,0.03595825,0.24266475,0.25072
0.0,0.25,0.3125,0.0335704375,0.24363625,0.3134976875
0.0,0.25,0.375,0.031182625,0.24460775,0.37627537499999997
0.0,0.25,0.4375,0.0287948125,0.24557925,0.4390530625
0.0,0.25,0.5,0.026407,0.24655075,0.50183075
0.0,0.25,0.5625,0.0240191875,0.24752225,0.5646084375
0.0,0.25,0.625,0.021631375,0.24849375,0.627386125
0.0,0.25,0.6875,0.0192435625,0.24946525,0.6901638125
0.0,0.25,0.75,0.01685575,0.25043675,0.7529414999999999
0.0,0.25,0.8125,0.0144679375,0.25140825,0.8157191874999999
0.0,0.25,0.875,0.012080124999999997,0.25237975,0.878496875
0.0,0.25,0.9375,0.009692312500000001,0.25335125000000003,0.9412745625
0.0,0.25,1.0,0.0073044999999999985,0.25432275,1.00405225
0.0,0.3125,0.0,0.056886875,0.2984734375,-0.0004884374999999999
0.0,0.3125,0.0625,0.0544990625,0.2994449375,0.06228925
0.0,0.3125,0.125,0.052111250000000005,0.30041643749999997,0.1250669375
0.0,0.3125,0.1875,0.0497234375,0.3013879375,0.187844625
0.0,0.3125,0.25,0.047335625000000006,0.3023594375,0.2506223125
0.0,0.3125,0.3125,0.0449478125,0.3033309375,0.3134
0.0,0.3125,0.375,0.04256,0.30430243749999997,0.37617768749999997
0.0,0.3125,0.4375,0.0401721875,0.3052739375,0.438955375
0.0,0.3125,0.5,0.037784375,0.3062454375,0.5017330624999999
0.0,0.3125,0.5625,0.035396562500000006,0.3072169375,0.56451075
0.0,0.3125,0.625,0.03300875,0.30818843749999997,0.6272884375
0.0,0.3125,0.6875,0.0306209375,0.3091599375,0.690066125
0.0,0.3125,0.75,0.028233125,0.3101314375,0.7528438124999999
0.0,0.3125,0.8125,0.025845312500000002,0.3111029375,0.8156214999999999
0.0,0.3125,0.875,0.0234575,0.31207443749999997,0.8783991874999999
0.0,0.3125,0.9375,0.021069687500000003,0.3130459375,0.9411768749999999
0.0,0.3125,1.0,0.018681875,0.3140174375,1.0039545625
0.0,0.375,0.0,0.06826425,0.358168125,-0.000586125
0.0,0.375,0.0625,0.0658764375,0.359139625,0.0621915625
0.0,0.375,0.125,0.06348862499999999,0.360111125,0.12496924999999999
0.0,0.375,0.1875,0.0611008125,0.361082625,0.1877469375
0.0,0.375,0.25,0.058713,0.362054125,0.250524625
0.0,0.375,0.3125,0.0563251875,0.363025625,0.3133023125
0.0,0.375,0.375,0.053937374999999996,0.363997125,0.37607999999999997
0.0,0.375,0.4375,0.05154956249999999,0.364968625,0.4388576875
0.0,0.375,0.5,0.04916175,0.365940125,0.501635375
0.0,0.375,0.5625,0.0467739375,0.366911625,0.5644130625
0.0,0.375,0.625,0.044386125,0.367883125,0.62719075
0.0,0.375,0.6875,0.041998312499999996,0.368854625,0.6899684375
0.0,0.375,0.75,0.03961049999999999,0.369826125,0.7527461249999999
0.0,0.375,0.8125,0.0372226875,0.370797625,0.8155238125
0.0,0.375,0.875,0.034834874999999994,0.371769125,0.8783015
0.0,0.375,0.9375,0.0324470625,0.372740625,0.9410791875
0.0,0.375,1.0,0.030059249999999996,0.373712125,1.0038568749999999
0.0,0.4375,0.0,0.07964162500000001,0.4178628125,-0.0006838125
0.0,0.4375,0.0625,0.0772538125,0.41883431250000003,0.062093875
0.0,0.4375,0.125,0.074866,0.4198058125,0.12487156249999999
0.0,0.4375,0.1875,0.07247818750000001,0.4207773125,0.18764925
0.0,0.4375,0.25,0.07009037500000001,0.4217488125,0.2504269375
0.0,0.4375,0.3125,0.06770256250000001,0.42272031250000003,0.313204625
0.0,0.4375,0.375,0.06531475,0.4236918125,0.37598231249999997
0.0,0.4375,0.4375,0.0629269375,0.4246633125,0.43876
0.0,0.4375,0.5,0.060539125000000006,0.4256348125,0.5015376874999999
0.0,0.4375,0.5625,0.05815131250000001,0.42660631250000003,0.564315375
0.0,0.4375,0.625,0.05576350000000001,0.4275778125,0.6270930625
0.0,0.4375,0.6875,0.053375687500000005,0.4285493125,0.68987075
0.0,0.4375,0.75,0.050987875,0.4295208125,0.7526484374999999
0.0,0.4375,0.8125,0.048600062500000006,0.43049231250000003,0.8154261249999999
0.0,0.4375,0.875,0.04621225,0.4314638125,0.8782038124999999
0.0,0.4375,0.9375,0.04382443750000001,0.4324353125,0.9409814999999999
0.0,0.4375,1.0,0.041436625000000005,0.4334068125,1.0037591875
0.0,0.5,0.0,0.091019,0.4775575,-0.0007815
0.0,0.5,0.0625,0.0886311875,0.47852900000000004,0.0619961875
0.0,0.5,0.125,0.086243375,0.4795005,0.12477387499999999
0.0,0.5,0.1875,0.08385556250000001,0.480472,0.1875515625
0.0,0.5,0.25,0.08146775,0.4814435,0.25032925
0.0,0.5,0.3125,0.0790799375,0.48241500000000004,0.3131069375
0.0,0.5,0.375,0.076692125,0.4833865,0.37588462499999997
0.0,0.5,0.4375,0.0743043125,0.484358,0.4386623125
0.0,0.5,0.5,0.0719165,0.4853295,0.50144
0.0,0.5,0.5625,0.0695286875,0.48630100000000004,0.5642176875
0.0,0.5,0.625,0.067140875,0.4872725,0.626995375
0.0,0.5,0.6875,0.0647530625,0.488244,0.6897730625
0.0,0.5,0.75,0.06236525,0.4892155,0.7525507499999999
0.0,0.5,0.8125,0.0599774375,0.49018700000000004,0.8153284375
0.0,0.5,0.875,0.057589625,0.4911585,0.878106125
0.0,0.5,0.9375,0.0552018125,0.49213,0.9408838125
0.0,0.5,1.0,0.052814,0.4931015,1.0036615
0.0,0.5625,0.0,0.102396375,0.5372521875,-0.0008791875
0.0,0.5625,0.0625,0.1000085625,0.5382236875,0.061898499999999995
0.0,0.5625,0.125,0.09762074999999999,0.5391951875000001,0.1246761875
0.0,0.5625,0.1875,0.0952329375,0.5401666875000001,0.187453875
0.0,0.5625,0.25,0.092845125,0.5411381875,0.2502315625
0.0,0.5625,0.3125,0.0904573125,0.5421096875,0.31300925
0.0,0.5625,0.375,0.0880695,0.5430811875,0.3757869375
0.0,0.5625,0.4375,0.08568168749999999,0.5440526875,0.438564625
0.0,0.5625,0.5,0.08329387499999999,0.5450241875,0.5013423124999999
0.0,0.5625,0.5625,0.0809060625,0.5459956875,0.56412
0.0,0.5625,0.625,0.07851825,0.5469671875000001,0.6268976875
0.0,0.5625,0.6875,0.0761304375,0.5479386875000001,0.689675375
0.0,0.5625,0.75,0.07374262499999999,0.5489101875,0.7524530624999999
0.0,0.5625,0.8125,0.0713548125,0.5498816875,0.8152307499999999
0.0,0.5625,0.875,0.068967,0.5508531875,0.8780084374999999
0.0,0.5625,0.9375,0.0665791875,0.5518246875,0.9407861249999999
0.0,0.5625,1.0,0.064191375,0.5527961875,1.0035638125
0.0,0.625,0.0,0.11377375,0.596946875,-0.0009768749999999999
0.0,0.625,0.0625,0.1113859375,0.597918375,0.061800812499999996
0.0,0.625,0.125,0.108998125,0.598889875,0.1245785
0.0,0.625,0.1875,0.10661031250000001,0.599861375,0.1873561875
0.0,0.625,0.25,0.10422250000000001,0.6008328749999999,0.250133875
0.0,0.625,0.3125,0.1018346875,0.601804375,0.3129115625
0.0,0.625,0.375,0.099446875,0.602775875,0.37568925
0.0,0.625,0.4375,0.0970590625,0.603747375,0.4384669375
0.0,0.625,0.5,0.09467125000000001,0.604718875,0.501244625
0.0,0.625,0.5625,0.09228343750000001,0.605690375,0.5640223125
0.0,0.625,0.625,0.089895625,0.606661875,0.6268
0.0,0.625,0.6875,0.0875078125,0.607633375,0.6895776875
0.0,0.625,0.75,0.08512,0.6086048749999999,0.7523553749999999
0.0,0.625,0.8125,0.0827321875,0.609576375,0.8151330625
0.0,0.625,0.875,0.080344375,0.610547875,0.87791075
0.0,0.625,0.9375,0.0779565625,0.611519375,0.9406884375
0.0,0.625,1.0,0.07556875,0.612490875,1.0034661249999999
0.0,0.6875,0.0,0.125151125,0.6566415625,-0.0010745625
0.0,0.6875,0.0625,0.1227633125,0.6576130625000001,0.061703125
0.0,0.6875,0.125,0.1203755,0.6585845625000001,0.1244808125
0.0,0.6875,0.1875,0.11798768750000001,0.6595560625000001,0.1872585
0.0,0.6875,0.25,0.115599875,0.6605275625,0.2500361875
0.0,0.6875,0.3125,0.1132120625,0.6614990625,0.312813875
0.0,0.6875,0.375,0.11082425,0.6624705625,0.3755915625
0.0,0.6875,0.4375,0.1084364375,0.6634420625,0.43836925
0.0,0.6875,0.5,0.10604862500000001,0.6644135625,0.5011469375
0.0,0.6875,0.5625,0.1036608125,0.6653850625000001,0.563924625
0.0,0.6875,0.625,0.101273,0.6663565625000001,0.6267023125
0.0,0.6875,0.6875,0.0988851875,0.6673280625000001,0.68948
0.0,0.6875,0.75,0.096497375,0.6682995625,0.7522576874999999
0.0,0.6875,0.8125,0.0941095625,0.6692710625,0.8150353749999999
0.0,0.6875,0.875,0.09172174999999999,0.6702425625,0.8778130624999999
0.0,0.6875,0.9375,0.0893339375,0.6712140625,0.9405907499999999
0.0,0.6875,1.0,0.086946125,0.6721855625000001,1.0033684375
0.0,0.75,0.0,0.1365285,0.71633625,-0.00117225
0.0,0.75,0.0625,0.1341406875,0.71730775,0.0616054375
0.0,0.75,0.125,0.131752875,0.71827925,0.124383125
0.0,0.75,0.1875,0.1293650625,0.71925075,0.18716081249999997
0.0,0.75,0.25,0.12697724999999999,0.72022225,0.24993849999999998
0.0,0.75,0.3125,0.1245894375,0.72119375,0.3127161875
0.0,0.75,0.375,0.122201625,0.72216525,0.375493875
0.0,0.75,0.4375,0.11981381249999999,0.72313675,0.4382715625
0.0,0.75,0.5,0.117426,0.72410825,0.50104925
0.0,0.75,0.5625,0.1150381875,0.72507975,0.5638269375
0.0,0.75,0.625,0.112650375,0.72605125,0.626604625
0.0,0.75,0.6875,0.1102625625,0.72702275,0.6893823125
0.0,0.75,0.75,0.10787474999999999,0.72799425,0.7521599999999999
0.0,0.75,0.8125,0.10548693749999999,0.72896575,0.8149376875
0.0,0.75,0.875,0.10309912499999999,0.72993725,0.877715375
0.0,0.75,0.9375,0.1007113125,0.73090875,0.9404930625
0.0,0.75,1.0,0.0983235,0.73188025,1.00327075
0.0,0.8125,0.0,0.147905875,0.7760309375000001,-0.0012699375
0.0,0.8125,0.0625,0.1455180625,0.7770024375000001,0.06150775
0.0,0.8125,0.125,0.14313025,0.7779739375000001,0.1242854375
0.0,0.8125,0.1875,0.14074243749999998,0.7789454375000001,0.18706312499999997
0.0,0.8125,0.25,0.13835462499999998,0.7799169375,0.24984081249999998
0.0,0.8125,0.3125,0.13596681249999998,0.7808884375,0.3126185
0.0,0.8125,0.375,0.133579,0.7818599375,0.3753961875
0.0,0.8125,0.4375,0.1311911875,0.7828314375000001,0.438173875
0.0,0.8125,0.5,0.128803375,0.7838029375000001,0.5009515625
0.0,0.8125,0.5625,0.1264155625,0.7847744375000001,0.56372925
0.0,0.8125,0.625,0.12402774999999999,0.7857459375000001,0.6265069375
0.0,0.8125,0.6875,0.12163993749999999,0.7867174375000001,0.689284625
0.0,0.8125,0.75,0.11925212499999999,0.7876889375,0.7520623124999999
0.0,0.8125,0.8125,0.11686431249999998,0.7886604375,0.8148399999999999
0.0,0.8125,0.875,0.11447649999999998,0.7896319375,0.8776176874999999
0.0,0.8125,0.9375,0.11208868749999999,0.7906034375000001,0.9403953749999999
0.0,0.8125,1.0,0.10970087499999999,0.7915749375000001,1.0031730625
0.0,0.875,0.0,0.15928325000000002,0.835725625,-0.001367625
0.0,0.875,0.0625,0.1568954375,0.836697125,0.0614100625
0.0,0.875,0.125,0.154507625,0.8376686250000001,0.12418775
0.0,0.875,0.1875,0.1521198125,0.8386401250000001,0.18696543749999997
0.0,0.875,0.25,0.149732,0.839611625,0.24974312499999998
0.0,0.875,0.3125,0.1473441875,0.840583125,0.3125208125
0.0,0.875,0.375,0.14495637500000003,0.841554625,0.3752985
0.0,0.875,0.4375,0.14256856250000002,0.842526125,0.4380761875
0.0,0.875,0.5,0.14018075000000002,0.843497625,0.500853875
0.0,0.875,0.5625,0.13779293750000002,0.844469125,0.5636315625
0.0,0.875,0.625,0.13540512500000002,0.8454406250000001,0.62640925
0.0,0.875,0.6875,0.1330173125,0.8464121250000001,0.6891869375
0.0,0.875,0.75,0.1306295,0.847383625,0.7519646249999999
0.0,0.875,0.8125,0.1282416875,0.848355125,0.8147423125
0.0,0.875,0.875,0.125853875,0.849326625,0.87752
0.0,0.875,0.9375,0.12346606250000002,0.850298125,0.9402976875
0.0,0.875,1.0,0.12107825000000001,0.851269625,1.0030753749999999
0.0,0.9375,0.0,0.170660625,0.8954203125000001,-0.0014653125
0.0,0.9375,0.0625,0.1682728125,0.8963918125000001,0.061312374999999995
0.0,0.9375,0.125,0.165885,0.8973633125000001,0.1240900625
0.0,0.9375,0.1875,0.1634971875,0.8983348125000001,0.18686774999999997
0.0,0.9375,0.25,0.161109375,0.8993063125,0.24964543749999998
0.0,0.9375,0.3125,0.15872156250000002,0.9002778125,0.312423125
0.0,0.9375,0.375,0.15633375000000002,0.9012493125000001,0.3752008125
0.0,0.9375,0.4375,0.15394593750000002,0.9022208125000001,0.4379785
0.0,0.9375,0.5,0.15155812500000002,0.9031923125000001,0.5007561875
0.0,0.9375,0.5625,0.1491703125,0.9041638125000001,0.563533875
0.0,0.9375,0.625,0.1467825,0.9051353125000001,0.6263115625
0.0,0.9375,0.6875,0.1443946875,0.9061068125000001,0.68908925
0.0,0.9375,0.75,0.142006875,0.9070783125,0.7518669374999999
0.0,0.9375,0.8125,0.1396190625,0.9080498125,0.8146446249999999
0.0,0.9375,0.875,0.13723125,0.9090213125000001,0.8774223124999999
0.0,0.9375,0.9375,0.1348434375,0.9099928125000001,0.9401999999999999
0.0,0.9375,1.0,0.13245562500000002,0.9109643125000001,1.0029776875
0.0,1.0,0.0,0.182038,0.955115,-0.001563
0.0,1.0,0.0625,0.1796501875,0.9560865000000001,0.0612146875
0.0,1.0,0.125,0.177262375,0.9570580000000001,0.123992375
0.0,1.0,0.1875,0.1748745625,0.9580295000000001,0.18677006249999997
0.0,1.0,0.25,0.17248675,0.959001,0.24954774999999998
0.0,1.0,0.3125,0.1700989375,0.9599725,0.3123254375
0.0,1.0,0.375,0.16771112500000002,0.960944,0.375103125
0.0,1.0,0.4375,0.1653233125,0.9619155,0.4378808125
0.0,1.0,0.5,0.1629355,0.962887,0.5006585
0.0,1.0,0.5625,0.1605476875,0.9638585000000001,0.5634361875
0.0,1.0,0.625,0.158159875,0.9648300000000001,0.626213875
0.0,1.0,0.6875,0.1557720625,0.9658015000000001,0.6889915625
0.0,1.0,0.75,0.15338425,0.966773,0.7517692499999999
0.0,1.0,0.8125,0.1509964375,0.9677445,0.8145469375
0.0,1.0,0.875,0.148608625,0.968716,0.877324625
0.0,1.0,0.9375,0.14622081250000002,0.9696875,0.9401023125
0.0,1.0,1.0,0.143833,0.970659,1.00288
0.0625,0.0,0.0,0.0535104375,0.001833875,-0.00018
0.0625,0.0,0.0625,0.051122625,0.002805375,0.0625976875
0.0625,0.0,0.125,0.0487348125,0.003776875,0.12537537499999998
0.0625,0.0,0.1875,0.046347,0.004748375,0.18815306249999997
0.0625,0.0,0.25,0.043959187499999997,0.005719875,0.25093075
0.0625,0.0,0.3125,0.041571375,0.006691374999999999,0.3137084375
0.0625,0.0,0.375,0.0391835625,0.0076628749999999995,0.37648612499999995
0.0625,0.0,0.4375,0.03679575,0.008634375,0.43926381249999996
0.0625,0.0,0.5,0.0344079375,0.009605875,0.5020415
0.0625,0.0,0.5625,0.032020124999999997,0.010577375,0.5648191875
0.0625,0.0,0.625,0.0296323125,0.011548875,0.627596875
0.0625,0.0,0.6875,0.027244499999999998,0.012520375,0.6903745625000001
0.0625,0.0,0.75,0.0248566875,0.013491875,0.75315225
0.0625,0.0,0.8125,0.022468875,0.014463375,0.8159299375
0.0625,0.0,0.875,0.020081062499999996,0.015434875,0.878707625
0.0625,0.0,0.9375,0.01769325,0.016406375,0.9414853125
0.0625,0.0,1.0,0.015305437499999998,0.017377875,1.004263
0.0625,0.0625,0.0,0.0648878125,0.0615285625,-0.0002776875
0.0625,0.0625,0.0625,0.0625,0.0625000625,0.0625
0.0625,0.0625,0.125,0.060112187500000004,0.0634715625,0.12527768749999998
0.0625,0.0625,0.1875,0.057724375,0.0644430625,0.18805537499999997
0.0625,0.0625,0.25,0.055336562500000006,0.0654145625,0.2508330625
0.0625,0.0625,0.3125,0.05294875,0.0663860625,0.31361075
0.0625,0.0625,0.375,0.0505609375,0.0673575625,0.37638843749999995
0.0625,0.0625,0.4375,0.048173125,0.0683290625,0.43916612499999996
0.0625,0.0625,0.5,0.0457853125,0.0693005625,0.5019438125
0.0625,0.0625,0.5625,0.043397500000000006,0.0702720625,0.5647215
0.0625,0.0625,0.625,0.0410096875,0.0712435625,0.6274991875
0.0625,0.0625,0.6875,0.038621875,0.0722150625,0.690276875
0.0625,0.0625,0.75,0.0362340625,0.0731865625,0.7530545624999999
0.0625,0.0625,0.8125,0.03384625,0.0741580625,0.8158322499999999
0.0625,0.0625,0.875,0.0314584375,0.0751295625,0.8786099374999999
0.0625,0.0625,0.9375,0.029070625000000003,0.0761010625,0.941387625
0.0625,0.0625,1.0,0.0266828125,0.0770725625,1.0041653125
0.0625,0.125,0.0,0.0762651875,0.12122325,-0.000375375
0.0625,0.125,0.0625,0.073877375,0.12219475,0.0624023125
0.0625,0.125,0.125,0.07148956249999999,0.12316625,0.12517999999999999
0.0625,0.125,0.1875,0.06910175,0.12413775,0.18795768749999997
0.0625,0.125,0.25,0.0667139375,0.12510925,0.250735375
0.0625,0.125,0.3125,0.064326125,0.12608075,0.3135130625
0.0625,0.125,0.375,0.061938312499999995,0.12705225,0.37629074999999995
0.0625,0.125,0.4375,0.05955049999999999,0.12802375,0.43906843749999996
0.0625,0.125,0.5,0.057162687499999996,0.12899525,0.501846125
0.0625,0.125,0.5625,0.054774875,0.12996675,0.5646238125
0.0625,0.125,0.625,0.0523870625,0.13093825,0.6274015000000001
0.0625,0.125,0.6875,0.049999249999999995,0.13190975,0.6901791875000001
0.0625,0.125,0.75,0.04761143749999999,0.13288125,0.752956875
0.0625,0.125,0.8125,0.045223624999999996,0.13385275,0.8157345625
0.0625,0.125,0.875,0.042835812499999994,0.13482425,0.87851225
0.0625,0.125,0.9375,0.040448,0.13579575,0.9412899375
0.0625,0.125,1.0,0.038060187499999995,0.13676725,1.004067625
0.0625,0.1875,0.0,0.08764256249999999,0.18091793750000001,-0.00047306249999999996
0.0625,0.1875,0.0625,0.08525474999999999,0.1818894375,0.062304624999999995
0.0625,0.1875,0.125,0.08286693749999999,0.18286093750000001,0.1250823125
0.0625,0.1875,0.1875,0.080479125,0.1838324375,0.18785999999999997
0.0625,0.1875,0.25,0.0780913125,0.18480393750000002,0.2506376875
0.0625,0.1875,0.3125,0.07570349999999999,0.1857754375,0.313415375
0.0625,0.1875,0.375,0.07331568749999999,0.18674693750000002,0.37619306249999995
0.0625,0.1875,0.4375,0.07092787499999999,0.1877184375,0.43897074999999997
0.0625,0.1875,0.5,0.0685400625,0.18868993750000002,0.5017484375
0.0625,0.1875,0.5625,0.06615225,0.1896614375,0.564526125
0.0625,0.1875,0.625,0.06376443749999999,0.19063293750000002,0.6273038125
0.0625,0.1875,0.6875,0.06137662499999999,0.1916044375,0.6900815
0.0625,0.1875,0.75,0.05898881249999999,0.19257593750000002,0.7528591874999999
0.0625,0.1875,0.8125,0.05660099999999999,0.1935474375,0.8156368749999999
0.0625,0.1875,0.875,0.05421318749999999,0.19451893750000002,0.8784145624999999
0.0625,0.1875,0.9375,0.05182537499999999,0.1954904375,0.94119225
0.0625,0.1875,1.0,0.04943756249999999,0.19646193750000002,1.0039699375
0.0625,0.25,0.0,0.0990199375,0.24061262500000002,-0.00057075
0.0625,0.25,0.0625,0.096632125,0.241584125,0.0622069375
0.0625,0.25,0.125,0.0942443125,0.24255562500000002,0.124984625
0.0625,0.25,0.1875,0.09185650000000001,0.243527125,0.18776231249999997
0.0625,0.25,0.25,0.0894686875,0.24449862500000002,0.25054
0.0625,0.25,0.3125,0.087080875,0.245470125,0.3133176875
0.0625,0.25,0.375,0.0846930625,0.24644162500000003,0.37609537499999995
0.0625,0.25,0.4375,0.08230525,0.247413125,0.43887306249999997
0.0625,0.25,0.5,0.0799174375,0.24838462500000003,0.50165075
0.0625,0.25,0.5625,0.077529625,0.249356125,0.5644284375
0.0625,0.25,0.625,0.0751418125,0.250327625,0.6272061250000001
0.0625,0.25,0.6875,0.072754,0.251299125,0.6899838125000001
0.0625,0.25,0.75,0.0703661875,0.252270625,0.7527615
0.0625,0.25,0.8125,0.06797837500000001,0.25324212500000004,0.8155391875
0.0625,0.25,0.875,0.0655905625,0.254213625,0.878316875
0.0625,0.25,0.9375,0.06320275,0.255185125,0.9410945625
0.0625,0.25,1.0,0.0608149375,0.256156625,1.00387225
0.0625,0.3125,0.0,0.11039731250000001,0.3003073125,-0.0006684375
0.0625,0.3125,0.0625,0.10800950000000001,0.3012788125,0.06210925
0.0625,0.3125,0.125,0.1056216875,0.30225031249999995,0.1248869375
0.0625,0.3125,0.1875,0.10323387500000002,0.30322181249999997,0.18766462499999997
0.0625,0.3125,0.25,0.10084606250000001,0.3041933125,0.2504423125
0.0625,0.3125,0.3125,0.09845825000000001,0.3051648125,0.31322
0.0625,0.3125,0.375,0.09607043750000001,0.30613631249999995,0.37599768749999996
0.0625,0.3125,0.4375,0.093682625,0.30710781249999997,0.43877537499999997
0.0625,0.3125,0.5,0.09129481250000002,0.3080793125,0.5015530625
0.0625,0.3125,0.5625,0.08890700000000001,0.3090508125,0.56433075
0.0625,0.3125,0.625,0.08651918750000001,0.31002231249999995,0.6271084375
0.0625,0.3125,0.6875,0.08413137500000001,0.31099381249999997,0.689886125
0.0625,0.3125,0.75,0.0817435625,0.3119653125,0.7526638124999999
0.0625,0.3125,0.8125,0.07935575,0.3129368125,0.8154414999999999
0.0625,0.3125,0.875,0.0769679375,0.31390831249999995,0.8782191874999999
0.0625,0.3125,0.9375,0.07458012500000001,0.31487981249999997,0.940996875
0.0625,0.3125,1.0,0.07219231250000001,0.3158513125,1.0037745625
0.0625,0.375,0.0,0.1217746875,0.360002,-0.000766125
0.0625,0.375,0.0625,0.119386875,0.3609735,0.0620115625
0.0625,0.375,0.125,0.1169990625,0.36194499999999996,0.12478924999999999
0.0625,0.375,0.1875,0.11461125000000001,0.3629165,0.18756693749999998
0.0625,0.375,0.25,0.11222343750000001,0.363888,0.250344625
0.0625,0.375,0.3125,0.109835625,0.3648595,0.3131223125
0.0625,0.375,0.375,0.1074478125,0.36583099999999996,0.37589999999999996
0.0625,0.375,0.4375,0.10506,0.3668025,0.43867768749999997
0.0625,0.375,0.5,0.10267218750000001,0.367774,0.501455375
0.0625,0.375,0.5625,0.10028437500000001,0.3687455,0.5642330625
0.0625,0.375,0.625,0.0978965625,0.36971699999999996,0.6270107500000001
0.0625,0.375,0.6875,0.09550875,0.3706885,0.6897884375000001
0.0625,0.375,0.75,0.0931209375,0.37166,0.752566125
0.0625,0.375,0.8125,0.090733125,0.3726315,0.8153438125
0.0625,0.375,0.875,0.0883453125,0.37360299999999996,0.8781215
0.0625,0.375,0.9375,0.0859575,0.3745745,0.9408991875
0.0625,0.375,1.0,0.0835696875,0.375546,1.003676875
0.0625,0.4375,0.0,0.1331520625,0.4196966875,-0.0008638125
0.0625,0.4375,0.0625,0.13076425,0.4206681875,0.061913875
0.0625,0.4375,0.125,0.1283764375,0.42163968749999997,0.12469156249999999
0.0625,0.4375,0.1875,0.125988625,0.4226111875,0.18746924999999998
0.0625,0.4375,0.25,0.1236008125,0.4235826875,0.2502469375
0.0625,0.4375,0.3125,0.121213,0.4245541875,0.313024625
0.0625,0.4375,0.375,0.1188251875,0.42552568749999997,0.37580231249999996
0.0625,0.4375,0.4375,0.116437375,0.4264971875,0.43857999999999997
0.0625,0.4375,0.5,0.1140495625,0.4274686875,0.5013576875
0.0625,0.4375,0.5625,0.11166175,0.4284401875,0.564135375
0.0625,0.4375,0.625,0.1092739375,0.42941168749999997,0.6269130625
0.0625,0.4375,0.6875,0.106886125,0.4303831875,0.68969075
0.0625,0.4375,0.75,0.1044983125,0.4313546875,0.7524684374999999
0.0625,0.4375,0.8125,0.10211049999999999,0.4323261875,0.8152461249999999
0.0625,0.4375,0.875,0.09972268749999999,0.4332976875,0.8780238125
0.0625,0.4375,0.9375,0.097334875,0.4342691875,0.9408015
0.0625,0.4375,1.0,0.0949470625,0.4352406875,1.0035791875
0.0625,0.5,0.0,0.1445294375,0.479391375,-0.0009615
0.0625,0.5,0.0625,0.142141625,0.480362875,0.0618161875
0.0625,0.5,0.125,0.1397538125,0.481334375,0.12459387499999999
0.0625,0.5,0.1875,0.137366,0.482305875,0.18737156249999998
0.0625,0.5,0.25,0.13497818749999999,0.483277375,0.25014925
0.0625,0.5,0.3125,0.13259037499999998,0.484248875,0.3129269375
0.0625,0.5,0.375,0.1302025625,0.485220375,0.37570462499999996
0.0625,0.5,0.4375,0.12781475,0.486191875,0.43848231249999997
0.0625,0.5,0.5,0.1254269375,0.487163375,0.50126
0.0625,0.5,0.5625,0.123039125,0.488134875,0.5640376875
0.0625,0.5,0.625,0.1206513125,0.489106375,0.6268153750000001
0.0625,0.5,0.6875,0.1182635,0.490077875,0.6895930625000001
0.0625,0.5,0.75,0.11587568749999999,0.491049375,0.75237075
0.0625,0.5,0.8125,0.11348787499999999,0.492020875,0.8151484375
0.0625,0.5,0.875,0.11110006249999999,0.492992375,0.877926125
0.0625,0.5,0.9375,0.10871225,0.493963875,0.9407038125
0.0625,0.5,1.0,0.1063244375,0.494935375,1.0034815
0.0625,0.5625,0.0,0.1559068125,0.5390860625,-0.0010591875
0.0625,0.5625,0.0625,0.153519,0.5400575625,0.061718499999999996
0.0625,0.5625,0.125,0.15113118749999999,0.5410290625,0.1244961875
0.0625,0.5625,0.1875,0.14874337499999998,0.5420005625000001,0.18727387499999998
0.0625,0.5625,0.25,0.14635556249999998,0.5429720625,0.2500515625
0.0625,0.5625,0.3125,0.14396775,0.5439435625,0.31282925
0.0625,0.5625,0.375,0.1415799375,0.5449150625,0.37560693749999996
0.0625,0.5625,0.4375,0.139192125,0.5458865625,0.43838462499999997
0.0625,0.5625,0.5,0.1368043125,0.5468580625,0.5011623125
0.0625,0.5625,0.5625,0.1344165,0.5478295625,0.56394
0.0625,0.5625,0.625,0.1320286875,0.5488010625,0.6267176875
0.0625,0.5625,0.6875,0.129640875,0.5497725625000001,0.689495375
0.0625,0.5625,0.75,0.12725306249999999,0.5507440625,0.7522730624999999
0.0625,0.5625,0.8125,0.12486524999999998,0.5517155625,0.8150507499999999
0.0625,0.5625,0.875,0.12247743749999998,0.5526870625,0.8778284375
0.0625,0.5625,0.9375,0.12008962499999999,0.5536585625,0.940606125
0.0625,0.5625,1.0,0.11770181249999999,0.5546300625,1.0033838125
0.0625,0.625,0.0,0.16728418750000001,0.59878075,-0.001156875
0.0625,0.625,0.0625,0.164896375,0.59975225,0.0616208125
0.0625,0.625,0.125,0.1625085625,0.60072375,0.1243985
0.0625,0.625,0.1875,0.16012075,0.60169525,0.18717618749999998
0.0625,0.625,0.25,0.1577329375,0.6026667499999999,0.249953875
0.0625,0.625,0.3125,0.15534512500000003,0.6036382499999999,0.3127315625
0.0625,0.625,0.375,0.15295731250000003,0.60460975,0.37550924999999996
0.0625,0.625,0.4375,0.15056950000000002,0.60558125,0.4382869375
0.0625,0.625,0.5,0.14818168750000002,0.60655275,0.501064625
0.0625,0.625,0.5625,0.14579387500000002,0.60752425,0.5638423125
0.0625,0.625,0.625,0.14340606250000001,0.60849575,0.6266200000000001
0.0625,0.625,0.6875,0.14101825,0.60946725,0.6893976875000001
0.0625,0.625,0.75,0.1386304375,0.6104387499999999,0.752175375
0.0625,0.625,0.8125,0.136242625,0.6114102499999999,0.8149530625
0.0625,0.625,0.875,0.1338548125,0.61238175,0.87773075
0.0625,0.625,0.9375,0.131467,0.61335325,0.9405084375
0.0625,0.625,1.0,0.12907918750000003,0.61432475,1.003286125
0.0625,0.6875,0.0,0.1786615625,0.6584754375,-0.0012545625
0.0625,0.6875,0.0625,0.17627375,0.6594469375,0.061523125
0.0625,0.6875,0.125,0.1738859375,0.6604184375000001,0.1243008125
0.0625,0.6875,0.1875,0.171498125,0.6613899375000001,0.18707849999999998
0.0625,0.6875,0.25,0.1691103125,0.6623614375,0.2498561875
0.0625,0.6875,0.3125,0.1667225,0.6633329375,0.312633875
0.0625,0.6875,0.375,0.16433468750000002,0.6643044375,0.37541156249999996
0.0625,0.6875,0.4375,0.16194687500000002,0.6652759375,0.43818925
0.0625,0.6875,0.5,0.15955906250000002,0.6662474375,0.5009669375
0.0625,0.6875,0.5625,0.15717125,0.6672189375,0.563744625
0.0625,0.6875,0.625,0.1547834375,0.6681904375000001,0.6265223125
0.0625,0.6875,0.6875,0.152395625,0.6691619375000001,0.6893
0.0625,0.6875,0.75,0.1500078125,0.6701334375,0.7520776874999999
0.0625,0.6875,0.8125,0.14762,0.6711049375,0.8148553749999999
0.0625,0.6875,0.875,0.1452321875,0.6720764375,0.8776330625
0.0625,0.6875,0.9375,0.14284437500000002,0.6730479375,0.94041075
0.0625,0.6875,1.0,0.1404565625,0.6740194375,1.0031884375
0.0625,0.75,0.0,0.1900389375,0.718170125,-0.00135225
0.0625,0.75,0.0625,0.187651125,0.719141625,0.0614254375
0.0625,0.75,0.125,0.1852633125,0.720113125,0.124203125
0.0625,0.75,0.1875,0.1828755,0.721084625,0.18698081249999998
0.0625,0.75,0.25,0.1804876875,0.7220561249999999,0.2497585
0.0625,0.75,0.3125,0.17809987500000002,0.723027625,0.3125361875
0.0625,0.75,0.375,0.17571206250000002,0.723999125,0.37531387499999996
0.0625,0.75,0.4375,0.17332425,0.724970625,0.4380915625
0.0625,0.75,0.5,0.1709364375,0.725942125,0.5008692499999999
0.0625,0.75,0.5625,0.168548625,0.726913625,0.5636469375
0.0625,0.75,0.625,0.1661608125,0.727885125,0.626424625
0.0625,0.75,0.6875,0.163773,0.728856625,0.6892023125
0.0625,0.75,0.75,0.1613851875,0.7298281249999999,0.7519799999999999
0.0625,0.75,0.8125,0.158997375,0.730799625,0.8147576874999999
0.0625,0.75,0.875,0.1566095625,0.731771125,0.8775353749999999
0.0625,0.75,0.9375,0.15422175,0.732742625,0.9403130624999999
0.0625,0.75,1.0,0.15183393750000002,0.733714125,1.00309075
0.0625,0.8125,0.0,0.2014163125,0.7778648125000001,-0.0014499375
0.0625,0.8125,0.0625,0.1990285,0.7788363125000001,0.06132775
0.0625,0.8125,0.125,0.1966406875,0.7798078125000001,0.1241054375
0.0625,0.8125,0.1875,0.194252875,0.7807793125000001,0.18688312499999998
0.0625,0.8125,0.25,0.1918650625,0.7817508125,0.2496608125
0.0625,0.8125,0.3125,0.18947724999999999,0.7827223125,0.3124385
0.0625,0.8125,0.375,0.1870894375,0.7836938125,0.37521618749999996
0.0625,0.8125,0.4375,0.184701625,0.7846653125,0.437993875
0.0625,0.8125,0.5,0.1823138125,0.7856368125000001,0.5007715625
0.0625,0.8125,0.5625,0.179926,0.7866083125000001,0.56354925
0.0625,0.8125,0.625,0.1775381875,0.7875798125000001,0.6263269375
0.0625,0.8125,0.6875,0.175150375,0.7885513125000001,0.689104625
0.0625,0.8125,0.75,0.1727625625,0.7895228125,0.7518823124999999
0.0625,0.8125,0.8125,0.17037475,0.7904943125,0.8146599999999999
0.0625,0.8125,0.875,0.1679869375,0.7914658125,0.8774376875
0.0625,0.8125,0.9375,0.165599125,0.7924373125,0.940215375
0.0625,0.8125,1.0,0.16321131249999998,0.7934088125000001,1.0029930624999999
0.0625,0.875,0.0,0.21279368750000002,0.8375595,-0.001547625
0.0625,0.875,0.0625,0.21040587500000002,0.838531,0.0612300625
0.0625,0.875,0.125,0.20801806250000002,0.8395025,0.12400775
0.0625,0.875,0.1875,0.20563025000000001,0.840474,0.18678543749999998
0.0625,0.875,0.25,0.2032424375,0.8414455,0.249563125
0.0625,0.875,0.3125,0.200854625,0.842417,0.3123408125
0.0625,0.875,0.375,0.19846681250000003,0.8433885,0.37511849999999997
0.0625,0.875,0.4375,0.19607900000000003,0.84436,0.4378961875
0.0625,0.875,0.5,0.19369118750000003,0.8453315,0.5006738749999999
0.0625,0.875,0.5625,0.19130337500000003,0.846303,0.5634515625
0.0625,0.875,0.625,0.18891556250000002,0.8472745,0.62622925
0.0625,0.875,0.6875,0.18652775000000002,0.848246,0.6890069375
0.0625,0.875,0.75,0.18413993750000002,0.8492175,0.7517846249999999
0.0625,0.875,0.8125,0.18175212500000001,0.850189,0.8145623124999999
0.0625,0.875,0.875,0.1793643125,0.8511605,0.8773399999999999
0.0625,0.875,0.9375,0.17697650000000004,0.852132,0.9401176874999999
0.0625,0.875,1.0,0.1745886875,0.8531035,1.002895375
0.0625,0.9375,0.0,0.22417106250000002,0.8972541875000001,-0.0016453125
0.0625,0.9375,0.0625,0.22178325000000002,0.8982256875000001,0.061132374999999996
0.0625,0.9375,0.125,0.2193954375,0.8991971875000001,0.1239100625
0.0625,0.9375,0.1875,0.217007625,0.9001686875000001,0.18668774999999999
0.0625,0.9375,0.25,0.2146198125,0.9011401875,0.2494654375
0.0625,0.9375,0.3125,0.21223200000000003,0.9021116875,0.312243125
0.0625,0.9375,0.375,0.20984418750000003,0.9030831875,0.37502081249999997
0.0625,0.9375,0.4375,0.20745637500000003,0.9040546875000001,0.4377985
0.0625,0.9375,0.5,0.20506856250000002,0.9050261875000001,0.5005761875
0.0625,0.9375,0.5625,0.20268075000000002,0.9059976875000001,0.563353875
0.0625,0.9375,0.625,0.20029293750000002,0.9069691875000001,0.6261315625
0.0625,0.9375,0.6875,0.19790512500000002,0.9079406875000001,0.68890925
0.0625,0.9375,0.75,0.1955173125,0.9089121875,0.7516869374999999
0.0625,0.9375,0.8125,0.1931295,0.9098836875,0.8144646249999999
0.0625,0.9375,0.875,0.1907416875,0.9108551875,0.8772423125
0.0625,0.9375,0.9375,0.188353875,0.9118266875000001,0.94002
0.0625,0.9375,1.0,0.18596606250000003,0.9127981875000001,1.0027976875
0.0625,1.0,0.0,0.2355484375,0.956948875,-0.001743
0.0625,1.0,0.0625,0.233160625,0.957920375,0.0610346875
0.0625,1.0,0.125,0.2307728125,0.9588918750000001,0.123812375
0.0625,1.0,0.1875,0.228385,0.9598633750000001,0.1865900625
0.0625,1.0,0.25,0.2259971875,0.960834875,0.24936775
0.0625,1.0,0.3125,0.223609375,0.961806375,0.3121454375
0.0625,1.0,0.375,0.22122156250000002,0.962777875,0.37492312499999997
0.0625,1.0,0.4375,0.21883375000000002,0.963749375,0.4377008125
0.0625,1.0,0.5,0.21644593750000002,0.964720875,0.5004784999999999
0.0625,1.0,0.5625,0.21405812500000002,0.965692375,0.5632561875
0.0625,1.0,0.625,0.2116703125,0.9666638750000001,0.626033875
0.0625,1.0,0.6875,0.2092825,0.9676353750000001,0.6888115625
0.0625,1.0,0.75,0.2068946875,0.968606875,0.7515892499999999
0.0625,1.0,0.8125,0.204506875,0.969578375,0.8143669374999999
0.0625,1.0,0.875,0.2021190625,0.970549875,0.8771446249999999
0.0625,1.0,0.9375,0.19973125000000003,0.971521375,0.9399223124999999
0.0625,1.0,1.0,0.1973434375,0.972492875,1.0027
0.125,0.0,0.0,0.107020875,0.00366775,-0.00036
0.125,0.0,0.0625,0.1046330625,0.00463925,0.0624176875
0.125,0.0,0.125,0.10224525,0.00561075,0.125195375
0.125,0.0,0.1875,0.09985743750000001,0.0065822499999999996,0.18797306249999998
0.125,0.0,0.25,0.097469625,0.00755375,0.25075074999999997
0.125,0.0,0.3125,0.0950818125,0.00852525,0.3135284375
0.125,0.0,0.375,0.092694,0.00949675,0.37630612499999994
0.125,0.0,0.4375,0.0903061875,0.01046825,0.43908381249999995
0.125,0.0,0.5,0.08791837499999999,0.01143975,0.5018615
0.125,0.0,0.5625,0.0855305625,0.012411249999999999,0.5646391875
0.125,0.0,0.625,0.08314275,0.013382749999999999,0.627416875
0.125,0.0,0.6875,0.0807549375,0.014354249999999999,0.6901945625
0.125,0.0,0.75,0.078367125,0.015325749999999999,0.7529722499999999
0.125,0.0,0.8125,0.0759793125,0.01629725,0.8157499374999999
0.125,0.0,0.875,0.0735915,0.01726875,0.8785276249999999
0.125,0.0,0.9375,0.0712036875,0.01824025,0.9413053124999999
0.125,0.0,1.0,0.068815875,0.01921175,1.004083
0.125,0.0625,0.0,0.11839825,0.06336243750000001,-0.00045768750000000003
0.125,0.0625,0.0625,0.1160104375,0.06433393750000001,0.06232
0.125,0.0625,0.125,0.11362262499999999,0.06530543750000001,0.1250976875
0.125,0.0625,0.1875,0.1112348125,0.06627693750000001,0.18787537499999998
0.125,0.0625,0.25,0.108847,0.06724843750000001,0.25065306249999997
0.125,0.0625,0.3125,0.1064591875,0.06821993750000001,0.31343075
0.125,0.0625,0.375,0.104071375,0.06919143750000001,0.37620843749999994
0.125,0.0625,0.4375,0.10168356249999999,0.07016293750000001,0.43898612499999995
0.125,0.0625,0.5,0.09929574999999999,0.07113443750000001,0.5017638125
0.125,0.0625,0.5625,0.0969079375,0.07210593750000001,0.5645415
0.125,0.0625,0.625,0.094520125,0.07307743750000001,0.6273191875
0.125,0.0625,0.6875,0.0921323125,0.07404893750000001,0.690096875
0.125,0.0625,0.75,0.08974449999999999,0.07502043750000001,0.7528745625
0.125,0.0625,0.8125,0.0873566875,0.07599193750000001,0.81565225
0.125,0.0625,0.875,0.084968875,0.07696343750000001,0.8784299375
0.125,0.0625,0.9375,0.0825810625,0.07793493750000001,0.941207625
0.125,0.0625,1.0,0.08019325,0.07890643750000001,1.0039853125
0.125,0.125,0.0,0.129775625,0.123057125,-0.000555375
0.125,0.125,0.0625,0.1273878125,0.124028625,0.0622223125
0.125,0.125,0.125,0.125,0.125000125,0.125
0.125,0.125,0.1875,0.12261218750000001,0.125971625,0.18777768749999998
0.125,0.125,0.25,0.12022437500000001,0.126943125,0.25055537499999997
0.125,0.125,0.3125,0.1178365625,0.127914625,0.3133330625
0.125,0.125,0.375,0.11544875,0.128886125,0.37611074999999994
0.125,0.125,0.4375,0.1130609375,0.129857625,0.43888843749999995
0.125,0.125,0.5,0.11067312500000001,0.130829125,0.501666125
0.125,0.125,0.5625,0.10828531250000001,0.131800625,0.5644438125
0.125,0.125,0.625,0.1058975,0.132772125,0.6272215
0.125,0.125,0.6875,0.1035096875,0.133743625,0.6899991875
0.125,0.125,0.75,0.101121875,0.134715125,0.7527768749999999
0.125,0.125,0.8125,0.0987340625,0.135686625,0.8155545624999999
0.125,0.125,0.875,0.09634625,0.136658125,0.8783322499999999
0.125,0.125,0.9375,0.0939584375,0.137629625,0.9411099374999999
0.125,0.125,1.0,0.091570625,0.138601125,1.003887625
0.125,0.1875,0.0,0.141153,0.1827518125,-0.0006530625
0.125,0.1875,0.0625,0.1387651875,0.18372331249999999,0.062124624999999996
0.125,0.1875,0.125,0.136377375,0.1846948125,0.1249023125
0.125,0.1875,0.1875,0.1339895625,0.18566631249999999,0.18767999999999999
0.125,0.1875,0.25,0.13160175,0.1866378125,0.25045768749999997
0.125,0.1875,0.3125,0.1292139375,0.1876093125,0.313235375
0.125,0.1875,0.375,0.126826125,0.1885808125,0.37601306249999994
0.125,0.1875,0.4375,0.1244383125,0.1895523125,0.43879074999999995
0.125,0.1875,0.5,0.1220505,0.1905238125,0.5015684375
0.125,0.1875,0.5625,0.1196626875,0.1914953125,0.564346125
0.125,0.1875,0.625,0.117274875,0.1924668125,0.6271238125
0.125,0.1875,0.6875,0.1148870625,0.1934383125,0.6899015000000001
0.125,0.1875,0.75,0.11249925,0.1944098125,0.7526791875
0.125,0.1875,0.8125,0.11011143749999999,0.1953813125,0.815456875
0.125,0.1875,0.875,0.10772362499999999,0.1963528125,0.8782345625
0.125,0.1875,0.9375,0.1053358125,0.1973243125,0.94101225
0.125,0.1875,1.0,0.102948,0.1982958125,1.0037899375
0.125,0.25,0.0,0.152530375,0.2424465,-0.00075075
0.125,0.25,0.0625,0.1501425625,0.243418,0.0620269375
0.125,0.25,0.125,0.14775475,0.2443895,0.124804625
0.125,0.25,0.1875,0.1453669375,0.245361,0.1875823125
0.125,0.25,0.25,0.14297912499999998,0.2463325,0.25035999999999997
0.125,0.25,0.3125,0.1405913125,0.247304,0.3131376875
0.125,0.25,0.375,0.1382035,0.2482755,0.37591537499999994
0.125,0.25,0.4375,0.1358156875,0.249247,0.43869306249999995
0.125,0.25,0.5,0.133427875,0.2502185,0.50147075
0.125,0.25,0.5625,0.1310400625,0.25119,0.5642484375
0.125,0.25,0.625,0.12865225,0.2521615,0.627026125
0.125,0.25,0.6875,0.1262644375,0.253133,0.6898038125
0.125,0.25,0.75,0.12387662499999999,0.2541045,0.7525814999999999
0.125,0.25,0.8125,0.12148881249999999,0.255076,0.8153591874999999
0.125,0.25,0.875,0.11910099999999998,0.2560475,0.8781368749999999
0.125,0.25,0.9375,0.1167131875,0.257019,0.9409145624999999
0.125,0.25,1.0,0.11432537499999999,0.2579905,1.00369225
0.125,0.3125,0.0,0.16390775000000002,0.3021411875,-0.0008484375
0.125,0.3125,0.0625,0.16151993750000002,0.30311268750000003,0.06192925
0.125,0.3125,0.125,0.159132125,0.3040841875,0.1247069375
0.125,0.3125,0.1875,0.1567443125,0.3050556875,0.187484625
0.125,0.3125,0.25,0.1543565,0.3060271875,0.2502623125
0.125,0.3125,0.3125,0.15196868750000003,0.30699868750000003,0.31304
0.125,0.3125,0.375,0.14958087500000003,0.3079701875,0.37581768749999994
0.125,0.3125,0.4375,0.14719306250000003,0.3089416875,0.43859537499999995
0.125,0.3125,0.5,0.14480525000000002,0.3099131875,0.5013730625
0.125,0.3125,0.5625,0.14241743750000002,0.31088468750000003,0.56415075
0.125,0.3125,0.625,0.14002962500000002,0.3118561875,0.6269284375
0.125,0.3125,0.6875,0.13764181250000002,0.3128276875,0.6897061250000001
0.125,0.3125,0.75,0.135254,0.3137991875,0.7524838125
0.125,0.3125,0.8125,0.1328661875,0.31477068750000003,0.8152615
0.125,0.3125,0.875,0.130478375,0.3157421875,0.8780391875
0.125,0.3125,0.9375,0.1280905625,0.3167136875,0.940816875
0.125,0.3125,1.0,0.12570275000000003,0.3176851875,1.0035945625
0.125,0.375,0.0,0.17528512499999999,0.36183587500000003,-0.0009461249999999999
0.125,0.375,0.0625,0.17289731249999998,0.36280737500000004,0.0618315625
0.125,0.375,0.125,0.17050949999999998,0.363778875,0.12460924999999999
0.125,0.375,0.1875,0.16812168749999998,0.364750375,0.1873869375
0.125,0.375,0.25,0.16573387499999997,0.36572187500000003,0.250164625
0.125,0.375,0.3125,0.1633460625,0.36669337500000004,0.3129423125
0.125,0.375,0.375,0.16095825,0.367664875,0.37571999999999994
0.125,0.375,0.4375,0.1585704375,0.368636375,0.43849768749999996
0.125,0.375,0.5,0.156182625,0.36960787500000003,0.501275375
0.125,0.375,0.5625,0.1537948125,0.37057937500000004,0.5640530625
0.125,0.375,0.625,0.15140699999999999,0.371550875,0.62683075
0.125,0.375,0.6875,0.14901918749999998,0.372522375,0.6896084375
0.125,0.375,0.75,0.14663137499999998,0.37349387500000003,0.7523861249999999
0.125,0.375,0.8125,0.14424356249999998,0.37446537500000004,0.8151638124999999
0.125,0.375,0.875,0.14185574999999997,0.375436875,0.8779414999999999
0.125,0.375,0.9375,0.13946793749999997,0.376408375,0.9407191874999999
0.125,0.375,1.0,0.137080125,0.37737987500000003,1.003496875
0.125,0.4375,0.0,0.1866625,0.42153056250000004,-0.0010438125
0.125,0.4375,0.0625,0.1842746875,0.42250206250000005,0.061733875
0.125,0.4375,0.125,0.181886875,0.4234735625,0.12451156249999999
0.125,0.4375,0.1875,0.1794990625,0.4244450625,0.18728925
0.125,0.4375,0.25,0.17711125,0.42541656250000004,0.2500669375
0.125,0.4375,0.3125,0.17472343750000002,0.42638806250000005,0.312844625
0.125,0.4375,0.375,0.17233562500000002,0.4273595625,0.37562231249999994
0.125,0.4375,0.4375,0.16994781250000002,0.4283310625,0.43839999999999996
0.125,0.4375,0.5,0.16756000000000001,0.42930256250000004,0.5011776875
0.125,0.4375,0.5625,0.1651721875,0.43027406250000005,0.563955375
0.125,0.4375,0.625,0.162784375,0.4312455625,0.6267330625
0.125,0.4375,0.6875,0.1603965625,0.4322170625,0.6895107500000001
0.125,0.4375,0.75,0.15800875,0.43318856250000004,0.7522884375
0.125,0.4375,0.8125,0.1556209375,0.43416006250000005,0.815066125
0.125,0.4375,0.875,0.153233125,0.4351315625,0.8778438125
0.125,0.4375,0.9375,0.1508453125,0.4361030625,0.9406215
0.125,0.4375,1.0,0.14845750000000002,0.43707456250000004,1.0033991875
0.125,0.5,0.0,0.198039875,0.48122525000000005,-0.0011415
0.125,0.5,0.0625,0.1956520625,0.48219675000000006,0.0616361875
0.125,0.5,0.125,0.19326425,0.48316825,0.124413875
0.125,0.5,0.1875,0.1908764375,0.48413975000000004,0.1871915625
0.125,0.5,0.25,0.188488625,0.48511125000000005,0.24996925
0.125,0.5,0.3125,0.1861008125,0.48608275000000006,0.3127469375
0.125,0.5,0.375,0.18371300000000002,0.48705425,0.37552462499999995
0.125,0.5,0.4375,0.1813251875,0.48802575000000004,0.43830231249999996
0.125,0.5,0.5,0.178937375,0.48899725000000005,0.50108
0.125,0.5,0.5625,0.1765495625,0.48996875000000006,0.5638576875
0.125,0.5,0.625,0.17416175,0.49094025,0.626635375
0.125,0.5,0.6875,0.1717739375,0.49191175000000004,0.6894130625
0.125,0.5,0.75,0.169386125,0.49288325000000005,0.7521907499999999
0.125,0.5,0.8125,0.1669983125,0.49385475000000006,0.8149684374999999
0.125,0.5,0.875,0.1646105,0.49482625,0.8777461249999999
0.125,0.5,0.9375,0.16222268750000002,0.49579775000000004,0.9405238125
0.125,0.5,1.0,0.159834875,0.49676925000000005,1.0033015
0.125,0.5625,0.0,0.20941725,0.5409199375,-0.0012391875
0.125,0.5625,0.0625,0.2070294375,0.5418914375,0.061538499999999996
0.125,0.5625,0.125,0.204641625,0.5428629375,0.1243161875
0.125,0.5625,0.1875,0.2022538125,0.5438344375,0.187093875
0.125,0.5625,0.25,0.199866,0.5448059375,0.2498715625
0.125,0.5625,0.3125,0.1974781875,0.5457774375,0.31264925
0.125,0.5625,0.375,0.195090375,0.5467489375,0.37542693749999995
0.125,0.5625,0.4375,0.1927025625,0.5477204375,0.43820462499999996
0.125,0.5625,0.5,0.19031475,0.5486919375,0.5009823125
0.125,0.5625,0.5625,0.1879269375,0.5496634375,0.56376
0.125,0.5625,0.625,0.185539125,0.5506349375,0.6265376875
0.125,0.5625,0.6875,0.1831513125,0.5516064375,0.6893153750000001
0.125,0.5625,0.75,0.1807635,0.5525779375,0.7520930625
0.125,0.5625,0.8125,0.1783756875,0.5535494375,0.81487075
0.125,0.5625,0.875,0.175987875,0.5545209375,0.8776484375
0.125,0.5625,0.9375,0.17360006249999999,0.5554924375,0.940426125
0.125,0.5625,1.0,0.17121225,0.5564639375,1.0032038125
0.125,0.625,0.0,0.22079462500000002,0.600614625,-0.001336875
0.125,0.625,0.0625,0.21840681250000002,0.601586125,0.0614408125
0.125,0.625,0.125,0.21601900000000002,0.602557625,0.1242185
0.125,0.625,0.1875,0.2136311875,0.603529125,0.1869961875
0.125,0.625,0.25,0.211243375,0.6045006249999999,0.249773875
0.125,0.625,0.3125,0.20885556250000004,0.6054721249999999,0.3125515625
0.125,0.625,0.375,0.20646775000000003,0.6064436249999999,0.37532924999999995
0.125,0.625,0.4375,0.20407993750000003,0.607415125,0.43810693749999996
0.125,0.625,0.5,0.20169212500000003,0.608386625,0.500884625
0.125,0.625,0.5625,0.19930431250000002,0.609358125,0.5636623125
0.125,0.625,0.625,0.19691650000000002,0.610329625,0.62644
0.125,0.625,0.6875,0.19452868750000002,0.611301125,0.6892176875
0.125,0.625,0.75,0.19214087500000002,0.6122726249999999,0.7519953749999999
0.125,0.625,0.8125,0.1897530625,0.6132441249999999,0.8147730624999999
0.125,0.625,0.875,0.18736525,0.6142156249999999,0.8775507499999999
0.125,0.625,0.9375,0.1849774375,0.615187125,0.9403284375
0.125,0.625,1.0,0.18258962500000003,0.616158625,1.003106125
0.125,0.6875,0.0,0.232172,0.6603093125,-0.0014345625
0.125,0.6875,0.0625,0.2297841875,0.6612808125,0.061343125
0.125,0.6875,0.125,0.22739637499999998,0.6622523125,0.1241208125
0.125,0.6875,0.1875,0.22500856249999998,0.6632238125000001,0.18689849999999997
0.125,0.6875,0.25,0.22262074999999998,0.6641953125,0.24967618749999998
0.125,0.6875,0.3125,0.2202329375,0.6651668125,0.312453875
0.125,0.6875,0.375,0.217845125,0.6661383125,0.37523156249999995
0.125,0.6875,0.4375,0.2154573125,0.6671098125,0.43800924999999996
0.125,0.6875,0.5,0.2130695,0.6680813125,0.5007869375
0.125,0.6875,0.5625,0.2106816875,0.6690528125,0.563564625
0.125,0.6875,0.625,0.208293875,0.6700243125,0.6263423125
0.125,0.6875,0.6875,0.2059060625,0.6709958125000001,0.6891200000000001
0.125,0.6875,0.75,0.20351824999999998,0.6719673125,0.7518976875
0.125,0.6875,0.8125,0.20113043749999998,0.6729388125,0.814675375
0.125,0.6875,0.875,0.19874262499999998,0.6739103125,0.8774530625
0.125,0.6875,0.9375,0.19635481249999998,0.6748818125,0.94023075
0.125,0.6875,1.0,0.193967,0.6758533125,1.0030084375
0.125,0.75,0.0,0.243549375,0.720004,-0.00153225
0.125,0.75,0.0625,0.2411615625,0.7209755,0.0612454375
0.125,0.75,0.125,0.23877375,0.721947,0.124023125
0.125,0.75,0.1875,0.2363859375,0.7229185,0.18680081249999997
0.125,0.75,0.25,0.233998125,0.7238899999999999,0.24957849999999998
0.125,0.75,0.3125,0.23161031250000003,0.7248614999999999,0.3123561875
0.125,0.75,0.375,0.22922250000000002,0.725833,0.37513387499999995
0.125,0.75,0.4375,0.22683468750000002,0.7268045,0.43791156249999996
0.125,0.75,0.5,0.22444687500000002,0.727776,0.50068925
0.125,0.75,0.5625,0.22205906250000002,0.7287475,0.5634669375
0.125,0.75,0.625,0.21967125,0.729719,0.626244625
0.125,0.75,0.6875,0.2172834375,0.7306905,0.6890223125
0.125,0.75,0.75,0.214895625,0.7316619999999999,0.7517999999999999
0.125,0.75,0.8125,0.2125078125,0.7326334999999999,0.8145776874999999
0.125,0.75,0.875,0.21012,0.733605,0.8773553749999999
0.125,0.75,0.9375,0.2077321875,0.7345765,0.9401330625
0.125,0.75,1.0,0.20534437500000002,0.735548,1.00291075
0.125,0.8125,0.0,0.25492675,0.7796986875,-0.0016299375
0.125,0.8125,0.0625,0.2525389375,0.7806701875000001,0.06114775
0.125,0.8125,0.125,0.250151125,0.7816416875000001,0.1239254375
0.125,0.8125,0.1875,0.24776331249999997,0.7826131875000001,0.18670312499999997
0.125,0.8125,0.25,0.24537549999999997,0.7835846875,0.24948081249999998
0.125,0.8125,0.3125,0.2429876875,0.7845561875,0.3122585
0.125,0.8125,0.375,0.240599875,0.7855276875,0.37503618749999995
0.125,0.8125,0.4375,0.2382120625,0.7864991875,0.43781387499999996
0.125,0.8125,0.5,0.23582424999999999,0.7874706875,0.5005915625
0.125,0.8125,0.5625,0.23343643749999998,0.7884421875000001,0.56336925
0.125,0.8125,0.625,0.23104862499999998,0.7894136875000001,0.6261469375000001
0.125,0.8125,0.6875,0.22866081249999998,0.7903851875000001,0.6889246250000001
0.125,0.8125,0.75,0.22627299999999997,0.7913566875,0.7517023125
0.125,0.8125,0.8125,0.22388518749999997,0.7923281875,0.81448
0.125,0.8125,0.875,0.22149737499999997,0.7932996875,0.8772576875
0.125,0.8125,0.9375,0.21910956249999997,0.7942711875,0.940035375
0.125,0.8125,1.0,0.21672175,0.7952426875,1.0028130625
0.125,0.875,0.0,0.266304125,0.839393375,-0.001727625
0.125,0.875,0.0625,0.2639163125,0.840364875,0.0610500625
0.125,0.875,0.125,0.2615285,0.841336375,0.12382775
0.125,0.875,0.1875,0.2591406875,0.842307875,0.18660543749999997
0.125,0.875,0.25,0.256752875,0.8432793749999999,0.24938312499999998
0.125,0.875,0.3125,0.2543650625,0.844250875,0.3121608125
0.125,0.875,0.375,0.25197725,0.845222375,0.37493849999999995
0.125,0.875,0.4375,0.2495894375,0.846193875,0.43771618749999996
0.125,0.875,0.5,0.247201625,0.847165375,0.500493875
0.125,0.875,0.5625,0.2448138125,0.848136875,0.5632715625
0.125,0.875,0.625,0.242426,0.849108375,0.62604925
0.125,0.875,0.6875,0.2400381875,0.850079875,0.6888269375
0.125,0.875,0.75,0.237650375,0.8510513749999999,0.7516046249999999
0.125,0.875,0.8125,0.2352625625,0.852022875,0.8143823124999999
0.125,0.875,0.875,0.23287475,0.852994375,0.8771599999999999
0.125,0.875,0.9375,0.2304869375,0.853965875,0.9399376875
0.125,0.875,1.0,0.228099125,0.854937375,1.002715375
0.125,0.9375,0.0,0.2776815,0.8990880625000001,-0.0018253125000000001
0.125,0.9375,0.0625,0.27529368750000005,0.9000595625000001,0.060952374999999996
0.125,0.9375,0.125,0.272905875,0.9010310625000001,0.1237300625
0.125,0.9375,0.1875,0.27051806250000004,0.9020025625000001,0.18650774999999997
0.125,0.9375,0.25,0.26813025,0.9029740625,0.24928543749999998
0.125,0.9375,0.3125,0.26574243750000004,0.9039455625,0.312063125
0.125,0.9375,0.375,0.263354625,0.9049170625,0.37484081249999995
0.125,0.9375,0.4375,0.26096681250000003,0.9058885625,0.43761849999999997
0.125,0.9375,0.5,0.258579,0.9068600625000001,0.5003961875
0.125,0.9375,0.5625,0.25619118750000003,0.9078315625000001,0.563173875
0.125,0.9375,0.625,0.25380337500000005,0.9088030625000001,0.6259515625000001
0.125,0.9375,0.6875,0.2514155625,0.9097745625000001,0.6887292500000001
0.125,0.9375,0.75,0.24902775000000002,0.9107460625,0.7515069375
0.125,0.9375,0.8125,0.24663993750000002,0.9117175625,0.814284625
0.125,0.9375,0.875,0.24425212500000001,0.9126890625,0.8770623125
0.125,0.9375,0.9375,0.2418643125,0.9136605625,0.93984
0.125,0.9375,1.0,0.23947650000000004,0.9146320625000001,1.0026176875
0.125,1.0,0.0,0.289058875,0.95878275,-0.001923
0.125,1.0,0.0625,0.2866710625,0.95975425,0.0608546875
0.125,1.0,0.125,0.28428325,0.96072575,0.123632375
0.125,1.0,0.1875,0.2818954375,0.9616972500000001,0.18641006249999997
0.125,1.0,0.25,0.279507625,0.96266875,0.24918774999999999
0.125,1.0,0.3125,0.2771198125,0.96364025,0.3119654375
0.125,1.0,0.375,0.274732,0.96461175,0.37474312499999995
0.125,1.0,0.4375,0.2723441875,0.96558325,0.43752081249999997
0.125,1.0,0.5,0.26995637499999997,0.96655475,0.5002985
0.125,1.0,0.5625,0.2675685625,0.96752625,0.5630761875
0.125,1.0,0.625,0.26518074999999997,0.96849775,0.625853875
0.125,1.0,0.6875,0.2627929375,0.9694692500000001,0.6886315625
0.125,1.0,0.75,0.260405125,0.97044075,0.7514092499999999
0.125,1.0,0.8125,0.2580173125,0.97141225,0.8141869374999999
0.125,1.0,0.875,0.2556295,0.97238375,0.8769646249999999
0.125,1.0,0.9375,0.2532416875,0.97335525,0.9397423125
0.125,1.0,1.0,0.250853875,0.97432675,1.00252
0.1875,0.0,0.0,0.1605313125,0.005501625,-0.00054
0.1875,0.0,0.0625,0.1581435,0.006473125,0.0622376875
0.1875,0.0,0.125,0.1557556875,0.007444625,0.12501537499999998
0.1875,0.0,0.1875,0.153367875,0.008416125,0.18779306249999997
0.1875,0.0,0.25,0.15098006249999998,0.009387625,0.25057075
0.1875,0.0,0.3125,0.14859224999999998,0.010359125,0.3133484375
0.1875,0.0,0.375,0.1462044375,0.011330625,0.376126125
0.1875,0.0,0.4375,0.143816625,0.012302125,0.4389038125
0.1875,0.0,0.5,0.1414288125,0.013273625,0.5016815
0.1875,0.0,0.5625,0.139041,0.014245124999999999,0.5644591875
0.1875,0.0,0.625,0.1366531875,0.015216625,0.627236875
0.1875,0.0,0.6875,0.134265375,0.016188124999999998,0.6900145625
0.1875,0.0,0.75,0.1318775625,0.017159624999999998,0.7527922499999999
0.1875,0.0,0.8125,0.12948975,0.018131124999999998,0.8155699375
0.1875,0.0,0.875,0.12710193749999998,0.019102624999999998,0.878347625
0.1875,0.0,0.9375,0.124714125,0.020074124999999998,0.9411253125
0.1875,0.0,1.0,0.12232631249999999,0.021045625,1.003903
0.1875,0.0625,0.0,0.1719086875,0.0651963125,-0.0006376875
0.1875,0.0625,0.0625,0.169520875,0.0661678125,0.06214
0.1875,0.0625,0.125,0.16713306249999998,0.0671393125,0.1249176875
0.1875,0.0625,0.1875,0.16474524999999998,0.0681108125,0.18769537499999997
0.1875,0.0625,0.25,0.16235743749999998,0.0690823125,0.2504730625
0.1875,0.0625,0.3125,0.159969625,0.0700538125,0.31325075
0.1875,0.0625,0.375,0.1575818125,0.0710253125,0.3760284375
0.1875,0.0625,0.4375,0.155194,0.07199681250000001,0.438806125
0.1875,0.0625,0.5,0.1528061875,0.07296831250000001,0.5015838125
0.1875,0.0625,0.5625,0.150418375,0.07393981250000001,0.5643615
0.1875,0.0625,0.625,0.1480305625,0.07491131250000001,0.6271391875
0.1875,0.0625,0.6875,0.14564275,0.07588281250000001,0.689916875
0.1875,0.0625,0.75,0.14325493749999998,0.07685431250000001,0.7526945624999999
0.1875,0.0625,0.8125,0.14086712499999998,0.07782581250000001,0.8154722499999999
0.1875,0.0625,0.875,0.13847931249999998,0.07879731250000001,0.8782499374999999
0.1875,0.0625,0.9375,0.13609149999999998,0.07976881250000001,0.9410276249999999
0.1875,0.0625,1.0,0.1337036875,0.08074031250000001,1.0038053125
0.1875,0.125,0.0,0.18328606249999999,0.124891,-0.000735375
0.1875,0.125,0.0625,0.18089824999999998,0.1258625,0.062042312499999995
0.1875,0.125,0.125,0.17851043749999998,0.126834,0.12482
0.1875,0.125,0.1875,0.17612262499999998,0.1278055,0.18759768749999997
0.1875,0.125,0.25,0.17373481249999997,0.128777,0.250375375
0.1875,0.125,0.3125,0.17134699999999997,0.1297485,0.3131530625
0.1875,0.125,0.375,0.1689591875,0.13072,0.37593075
0.1875,0.125,0.4375,0.166571375,0.1316915,0.4387084375
0.1875,0.125,0.5,0.1641835625,0.132663,0.501486125
0.1875,0.125,0.5625,0.16179575,0.1336345,0.5642638125
0.1875,0.125,0.625,0.15940793749999999,0.134606,0.6270415
0.1875,0.125,0.6875,0.15702012499999998,0.1355775,0.6898191875
0.1875,0.125,0.75,0.15463231249999998,0.136549,0.7525968749999999
0.1875,0.125,0.8125,0.15224449999999998,0.1375205,0.8153745625
0.1875,0.125,0.875,0.14985668749999997,0.138492,0.87815225
0.1875,0.125,0.9375,0.147468875,0.1394635,0.9409299375
0.1875,0.125,1.0,0.14508106249999997,0.140435,1.0037076249999999
0.1875,0.1875,0.0,0.19466343749999998,0.1845856875,-0.0008330625
0.1875,0.1875,0.0625,0.19227562499999998,0.1855571875,0.061944624999999996
0.1875,0.1875,0.125,0.18988781249999998,0.1865286875,0.1247223125
0.1875,0.1875,0.1875,0.18749999999999997,0.1875001875,0.18749999999999997
0.1875,0.1875,0.25,0.18511218749999997,0.1884716875,0.2502776875
0.1875,0.1875,0.3125,0.182724375,0.1894431875,0.313055375
0.1875,0.1875,0.375,0.1803365625,0.1904146875,0.3758330625
0.1875,0.1875,0.4375,0.17794875,0.1913861875,0.43861075
0.1875,0.1875,0.5,0.17556093749999999,0.1923576875,0.5013884375
0.1875,0.1875,0.5625,0.17317312499999998,0.1933291875,0.564166125
0.1875,0.1875,0.625,0.17078531249999998,0.1943006875,0.6269438125
0.1875,0.1875,0.6875,0.16839749999999998,0.1952721875,0.6897215
0.1875,0.1875,0.75,0.16600968749999997,0.1962436875,0.7524991874999999
0.1875,0.1875,0.8125,0.16362187499999997,0.1972151875,0.8152768749999999
0.1875,0.1875,0.875,0.16123406249999997,0.19818668750000001,0.8780545624999999
0.1875,0.1875,0.9375,0.15884624999999997,0.1991581875,0.9408322499999999
0.1875,0.1875,1.0,0.1564584375,0.20012968750000001,1.0036099375
0.1875,0.25,0.0,0.2060408125,0.24428037500000002,-0.0009307499999999999
0.1875,0.25,0.0625,0.203653,0.245251875,0.0618469375
0.1875,0.25,0.125,0.2012651875,0.24622337500000002,0.124624625
0.1875,0.25,0.1875,0.198877375,0.247194875,0.18740231249999997
0.1875,0.25,0.25,0.1964895625,0.24816637500000002,0.25018
0.1875,0.25,0.3125,0.19410175000000002,0.249137875,0.3129576875
0.1875,0.25,0.375,0.19171393750000001,0.250109375,0.375735375
0.1875,0.25,0.4375,0.189326125,0.25108087500000004,0.4385130625
0.1875,0.25,0.5,0.1869383125,0.252052375,0.50129075
0.1875,0.25,0.5625,0.1845505,0.253023875,0.5640684375
0.1875,0.25,0.625,0.1821626875,0.253995375,0.626846125
0.1875,0.25,0.6875,0.179774875,0.25496687500000004,0.6896238125
0.1875,0.25,0.75,0.1773870625,0.255938375,0.7524015
0.1875,0.25,0.8125,0.17499925,0.256909875,0.8151791875
0.1875,0.25,0.875,0.1726114375,0.257881375,0.877956875
0.1875,0.25,0.9375,0.170223625,0.25885287500000004,0.9407345625
0.1875,0.25,1.0,0.16783581250000001,0.259824375,1.00351225
0.1875,0.3125,0.0,0.2174181875,0.3039750625,-0.0010284374999999998
0.1875,0.3125,0.0625,0.215030375,0.3049465625,0.06174925
0.1875,0.3125,0.125,0.2126425625,0.3059180625,0.12452693749999999
0.1875,0.3125,0.1875,0.21025475,0.3068895625,0.18730462499999997
0.1875,0.3125,0.25,0.2078669375,0.3078610625,0.2500823125
0.1875,0.3125,0.3125,0.20547912499999998,0.3088325625,0.31286
0.1875,0.3125,0.375,0.2030913125,0.3098040625,0.3756376875
0.1875,0.3125,0.4375,0.2007035,0.3107755625,0.438415375
0.1875,0.3125,0.5,0.1983156875,0.3117470625,0.5011930625
0.1875,0.3125,0.5625,0.195927875,0.3127185625,0.56397075
0.1875,0.3125,0.625,0.1935400625,0.3136900625,0.6267484375
0.1875,0.3125,0.6875,0.19115225,0.3146615625,0.689526125
0.1875,0.3125,0.75,0.1887644375,0.3156330625,0.7523038124999999
0.1875,0.3125,0.8125,0.186376625,0.3166045625,0.8150814999999999
0.1875,0.3125,0.875,0.1839888125,0.3175760625,0.8778591874999999
0.1875,0.3125,0.9375,0.181601,0.3185475625,0.9406368749999999
0.1875,0.3125,1.0,0.17921318749999998,0.3195190625,1.0034145625
0.1875,0.375,0.0,0.2287955625,0.36366975,-0.001126125
0.1875,0.375,0.0625,0.22640775,0.36464125000000003,0.0616515625
0.1875,0.375,0.125,0.2240199375,0.36561275,0.12442924999999999
0.1875,0.375,0.1875,0.22163212499999999,0.36658425,0.18720693749999998
0.1875,0.375,0.25,0.21924431249999998,0.36755575,0.249984625
0.1875,0.375,0.3125,0.2168565,0.36852725000000003,0.31276231250000003
0.1875,0.375,0.375,0.2144686875,0.36949875,0.37554
0.1875,0.375,0.4375,0.212080875,0.37047025,0.4383176875
0.1875,0.375,0.5,0.2096930625,0.37144175,0.501095375
0.1875,0.375,0.5625,0.20730525,0.37241325000000003,0.5638730625
0.1875,0.375,0.625,0.2049174375,0.37338475,0.62665075
0.1875,0.375,0.6875,0.202529625,0.37435625,0.6894284375
0.1875,0.375,0.75,0.2001418125,0.37532775,0.752206125
0.1875,0.375,0.8125,0.19775399999999999,0.37629925000000003,0.8149838125
0.1875,0.375,0.875,0.19536618749999998,0.37727075,0.8777615
0.1875,0.375,0.9375,0.19297837499999998,0.37824225,0.9405391875
0.1875,0.375,1.0,0.1905905625,0.37921375,1.0033168749999999
0.1875,0.4375,0.0,0.24017293750000002,0.4233644375,-0.0012238125
0.1875,0.4375,0.0625,0.237785125,0.42433593750000004,0.061553875
0.1875,0.4375,0.125,0.2353973125,0.4253074375,0.12433156249999999
0.1875,0.4375,0.1875,0.2330095,0.4262789375,0.18710924999999998
0.1875,0.4375,0.25,0.2306216875,0.4272504375,0.2498869375
0.1875,0.4375,0.3125,0.22823387500000003,0.42822193750000004,0.31266462500000003
0.1875,0.4375,0.375,0.22584606250000003,0.4291934375,0.3754423125
0.1875,0.4375,0.4375,0.22345825000000002,0.4301649375,0.43822
0.1875,0.4375,0.5,0.22107043750000002,0.4311364375,0.5009976875
0.1875,0.4375,0.5625,0.21868262500000002,0.43210793750000004,0.563775375
0.1875,0.4375,0.625,0.21629481250000002,0.4330794375,0.6265530625
0.1875,0.4375,0.6875,0.213907,0.4340509375,0.68933075
0.1875,0.4375,0.75,0.2115191875,0.4350224375,0.7521084374999999
0.1875,0.4375,0.8125,0.209131375,0.43599393750000004,0.8148861249999999
0.1875,0.4375,0.875,0.2067435625,0.4369654375,0.8776638124999999
0.1875,0.4375,0.9375,0.20435575,0.4379369375,0.9404414999999999
0.1875,0.4375,1.0,0.20196793750000003,0.4389084375,1.0032191875
0.1875,0.5,0.0,0.2515503125,0.48305912500000003,-0.0013215
0.1875,0.5,0.0625,0.24916249999999998,0.48403062500000005,0.061456187499999995
0.1875,0.5,0.125,0.24677468749999998,0.485002125,0.124233875
0.1875,0.5,0.1875,0.24438687499999998,0.485973625,0.18701156249999998
0.1875,0.5,0.25,0.24199906249999997,0.48694512500000003,0.24978925
0.1875,0.5,0.3125,0.23961125,0.48791662500000005,0.31256693750000003
0.1875,0.5,0.375,0.2372234375,0.488888125,0.375344625
0.1875,0.5,0.4375,0.234835625,0.489859625,0.4381223125
0.1875,0.5,0.5,0.2324478125,0.49083112500000003,0.5009
0.1875,0.5,0.5625,0.23006,0.49180262500000005,0.5636776875
0.1875,0.5,0.625,0.22767218749999998,0.492774125,0.626455375
0.1875,0.5,0.6875,0.22528437499999998,0.493745625,0.6892330625
0.1875,0.5,0.75,0.22289656249999998,0.49471712500000004,0.75201075
0.1875,0.5,0.8125,0.22050874999999998,0.49568862500000005,0.8147884375
0.1875,0.5,0.875,0.21812093749999997,0.496660125,0.877566125
0.1875,0.5,0.9375,0.21573312499999997,0.497631625,0.9403438125
0.1875,0.5,1.0,0.2133453125,0.49860312500000004,1.0031215
0.1875,0.5625,0.0,0.2629276875,0.5427538125,-0.0014191874999999999
0.1875,0.5625,0.0625,0.26053987500000003,0.5437253125,0.061358499999999996
0.1875,0.5625,0.125,0.2581520625,0.5446968125,0.1241361875
0.1875,0.5625,0.1875,0.25576425,0.5456683125,0.18691387499999998
0.1875,0.5625,0.25,0.2533764375,0.5466398124999999,0.2496915625
0.1875,0.5625,0.3125,0.250988625,0.5476113125,0.31246925000000003
0.1875,0.5625,0.375,0.24860081250000002,0.5485828125,0.3752469375
0.1875,0.5625,0.4375,0.24621300000000002,0.5495543125,0.438024625
0.1875,0.5625,0.5,0.2438251875,0.5505258125,0.5008023125
0.1875,0.5625,0.5625,0.241437375,0.5514973125,0.56358
0.1875,0.5625,0.625,0.2390495625,0.5524688125,0.6263576875
0.1875,0.5625,0.6875,0.23666175,0.5534403125,0.689135375
0.1875,0.5625,0.75,0.2342739375,0.5544118124999999,0.7519130624999999
0.1875,0.5625,0.8125,0.231886125,0.5553833125,0.8146907499999999
0.1875,0.5625,0.875,0.2294983125,0.5563548125,0.8774684374999999
0.1875,0.5625,0.9375,0.2271105,0.5573263125,0.9402461249999999
0.1875,0.5625,1.0,0.22472268750000002,0.5582978125,1.0030238125
0.1875,0.625,0.0,0.2743050625,0.6024484999999999,-0.001516875
0.1875,0.625,0.0625,0.27191725,0.60342,0.0612608125
0.1875,0.625,0.125,0.26952943749999997,0.6043915,0.1240385
0.1875,0.625,0.1875,0.267141625,0.605363,0.18681618749999998
0.1875,0.625,0.25,0.26475381249999996,0.6063344999999999,0.249593875
0.1875,0.625,0.3125,0.262366,0.6073059999999999,0.31237156250000003
0.1875,0.625,0.375,0.25997818749999996,0.6082774999999999,0.37514925
0.1875,0.625,0.4375,0.257590375,0.6092489999999999,0.4379269375
0.1875,0.625,0.5,0.25520256249999995,0.6102204999999999,0.500704625
0.1875,0.625,0.5625,0.25281475,0.611192,0.5634823125
0.1875,0.625,0.625,0.2504269375,0.6121635,0.62626
0.1875,0.625,0.6875,0.24803912499999997,0.613135,0.6890376875
0.1875,0.625,0.75,0.24565131249999997,0.6141064999999999,0.751815375
0.1875,0.625,0.8125,0.24326349999999997,0.6150779999999999,0.8145930625
0.1875,0.625,0.875,0.24087568749999996,0.6160494999999999,0.87737075
0.1875,0.625,0.9375,0.23848787499999996,0.6170209999999999,0.9401484375
0.1875,0.625,1.0,0.23610006249999999,0.6179925,1.002926125
0.1875,0.6875,0.0,0.2856824375,0.6621431875,-0.0016145625000000001
0.1875,0.6875,0.0625,0.283294625,0.6631146875,0.061163125
0.1875,0.6875,0.125,0.2809068125,0.6640861875,0.1239408125
0.1875,0.6875,0.1875,0.278519,0.6650576875,0.18671849999999998
0.1875,0.6875,0.25,0.2761311875,0.6660291875,0.2494961875
0.1875,0.6875,0.3125,0.273743375,0.6670006875,0.312273875
0.1875,0.6875,0.375,0.2713555625,0.6679721875,0.37505156249999994
0.1875,0.6875,0.4375,0.26896775,0.6689436875,0.43782924999999995
0.1875,0.6875,0.5,0.2665799375,0.6699151875,0.5006069375
0.1875,0.6875,0.5625,0.264192125,0.6708866875,0.563384625
0.1875,0.6875,0.625,0.2618043125,0.6718581875,0.6261623125
0.1875,0.6875,0.6875,0.2594165,0.6728296875,0.68894
0.1875,0.6875,0.75,0.2570286875,0.6738011875,0.7517176874999999
0.1875,0.6875,0.8125,0.254640875,0.6747726875,0.8144953749999999
0.1875,0.6875,0.875,0.2522530625,0.6757441875,0.8772730624999999
0.1875,0.6875,0.9375,0.24986524999999998,0.6767156875,0.9400507499999999
0.1875,0.6875,1.0,0.2474774375,0.6776871875,1.0028284375
0.1875,0.75,0.0,0.2970598125,0.721837875,-0.0017122499999999998
0.1875,0.75,0.0625,0.29467200000000005,0.722809375,0.0610654375
0.1875,0.75,0.125,0.2922841875,0.723780875,0.123843125
0.1875,0.75,0.1875,0.28989637500000004,0.724752375,0.18662081249999998
0.1875,0.75,0.25,0.2875085625,0.7257238749999999,0.2493985
0.1875,0.75,0.3125,0.28512075000000003,0.7266953749999999,0.3121761875
0.1875,0.75,0.375,0.2827329375,0.7276668749999999,0.37495387499999994
0.1875,0.75,0.4375,0.28034512500000003,0.728638375,0.43773156249999995
0.1875,0.75,0.5,0.2779573125,0.729609875,0.50050925
0.1875,0.75,0.5625,0.2755695,0.730581375,0.5632869375
0.1875,0.75,0.625,0.27318168750000005,0.731552875,0.626064625
0.1875,0.75,0.6875,0.270793875,0.732524375,0.6888423125
0.1875,0.75,0.75,0.26840606250000004,0.7334958749999999,0.75162
0.1875,0.75,0.8125,0.26601825,0.7344673749999999,0.8143976875
0.1875,0.75,0.875,0.26363043750000004,0.7354388749999999,0.877175375
0.1875,0.75,0.9375,0.261242625,0.736410375,0.9399530625
0.1875,0.75,1.0,0.25885481250000003,0.737381875,1.00273075
0.1875,0.8125,0.0,0.3084371875,0.7815325625,-0.0018099375
0.1875,0.8125,0.0625,0.306049375,0.7825040625,0.06096775
0.1875,0.8125,0.125,0.3036615625,0.7834755625000001,0.1237454375
0.1875,0.8125,0.1875,0.30127375,0.7844470625000001,0.18652312499999998
0.1875,0.8125,0.25,0.2988859375,0.7854185625,0.2493008125
0.1875,0.8125,0.3125,0.296498125,0.7863900625,0.3120785
0.1875,0.8125,0.375,0.29411031249999997,0.7873615625,0.37485618749999994
0.1875,0.8125,0.4375,0.2917225,0.7883330625,0.43763387499999995
0.1875,0.8125,0.5,0.28933468749999997,0.7893045625,0.5004115625
0.1875,0.8125,0.5625,0.286946875,0.7902760625,0.56318925
0.1875,0.8125,0.625,0.28455906249999996,0.7912475625000001,0.6259669375
0.1875,0.8125,0.6875,0.28217125,0.7922190625000001,0.688744625
0.1875,0.8125,0.75,0.2797834375,0.7931905625,0.7515223124999999
0.1875,0.8125,0.8125,0.277395625,0.7941620625,0.8142999999999999
0.1875,0.8125,0.875,0.2750078125,0.7951335625,0.8770776874999999
0.1875,0.8125,0.9375,0.27262,0.7961050625,0.9398553749999999
0.1875,0.8125,1.0,0.2702321875,0.7970765625,1.0026330625
0.1875,0.875,0.0,0.3198145625,0.84122725,-0.001907625
0.1875,0.875,0.0625,0.31742675000000004,0.84219875,0.060870062499999995
0.1875,0.875,0.125,0.3150389375,0.84317025,0.12364775
0.1875,0.875,0.1875,0.31265112500000003,0.84414175,0.18642543749999999
0.1875,0.875,0.25,0.3102633125,0.8451132499999999,0.249203125
0.1875,0.875,0.3125,0.3078755,0.8460847499999999,0.3119808125
0.1875,0.875,0.375,0.3054876875,0.84705625,0.37475849999999994
0.1875,0.875,0.4375,0.303099875,0.84802775,0.43753618749999995
0.1875,0.875,0.5,0.3007120625,0.84899925,0.500313875
0.1875,0.875,0.5625,0.29832425,0.84997075,0.5630915625
0.1875,0.875,0.625,0.2959364375,0.85094225,0.62586925
0.1875,0.875,0.6875,0.293548625,0.85191375,0.6886469375000001
0.1875,0.875,0.75,0.29116081250000003,0.8528852499999999,0.751424625
0.1875,0.875,0.8125,0.288773,0.8538567499999999,0.8142023125
0.1875,0.875,0.875,0.2863851875,0.85482825,0.87698
0.1875,0.875,0.9375,0.283997375,0.85579975,0.9397576875
0.1875,0.875,1.0,0.2816095625,0.85677125,1.002535375
0.1875,0.9375,0.0,0.3311919375,0.9009219375,-0.0020053125
0.1875,0.9375,0.0625,0.328804125,0.9018934375000001,0.060772375
0.1875,0.9375,0.125,0.32641631249999997,0.9028649375000001,0.1235500625
0.1875,0.9375,0.1875,0.3240285,0.9038364375000001,0.18632775
0.1875,0.9375,0.25,0.32164068749999997,0.9048079375,0.2491054375
0.1875,0.9375,0.3125,0.319252875,0.9057794375,0.311883125
0.1875,0.9375,0.375,0.31686506249999996,0.9067509375,0.37466081249999994
0.1875,0.9375,0.4375,0.31447725,0.9077224375,0.43743849999999995
0.1875,0.9375,0.5,0.31208943749999996,0.9086939375,0.5002161875
0.1875,0.9375,0.5625,0.309701625,0.9096654375000001,0.562993875
0.1875,0.9375,0.625,0.3073138125,0.9106369375000001,0.6257715625
0.1875,0.9375,0.6875,0.304926,0.9116084375000001,0.68854925
0.1875,0.9375,0.75,0.3025381875,0.9125799375,0.7513269374999999
0.1875,0.9375,0.8125,0.30015037499999997,0.9135514375,0.8141046249999999
0.1875,0.9375,0.875,0.2977625625,0.9145229375,0.8768823124999999
0.1875,0.9375,0.9375,0.29537474999999996,0.9154944375,0.9396599999999999
0.1875,0.9375,1.0,0.2929869375,0.9164659375,1.0024376875
0.1875,1.0,0.0,0.3425693125,0.960616625,-0.002103
0.1875,1.0,0.0625,0.3401815,0.961588125,0.0606746875
0.1875,1.0,0.125,0.3377936875,0.962559625,0.123452375
0.1875,1.0,0.1875,0.335405875,0.963531125,0.1862300625
0.1875,1.0,0.25,0.3330180625,0.964502625,0.24900775
0.1875,1.0,0.3125,0.33063025,0.965474125,0.3117854375
0.1875,1.0,0.375,0.3282424375,0.966445625,0.37456312499999994
0.1875,1.0,0.4375,0.325854625,0.967417125,0.43734081249999995
0.1875,1.0,0.5,0.3234668125,0.968388625,0.5001185
0.1875,1.0,0.5625,0.321079,0.969360125,0.5628961875
0.1875,1.0,0.625,0.31869118750000003,0.970331625,0.625673875
0.1875,1.0,0.6875,0.316303375,0.971303125,0.6884515625000001
0.1875,1.0,0.75,0.3139155625,0.972274625,0.75122925
0.1875,1.0,0.8125,0.31152775,0.973246125,0.8140069375
0.1875,1.0,0.875,0.3091399375,0.974217625,0.876784625
0.1875,1.0,0.9375,0.306752125,0.975189125,0.9395623125
0.1875,1.0,1.0,0.3043643125,0.976160625,1.00234
0.25,0.0,0.0,0.21404175,0.0073355,-0.00072
0.25,0.0,0.0625,0.2116539375,0.008307,0.0620576875
0.25,0.0,0.125,0.209266125,0.0092785,0.124835375
0.25,0.0,0.1875,0.2068783125,0.01025,0.18761306249999998
0.25,0.0,0.25,0.2044905,0.0112215,0.25039075
0.25,0.0,0.3125,0.2021026875,0.012192999999999999,0.3131684375
0.25,0.0,0.375,0.19971487500000001,0.013164499999999999,0.37594612499999996
0.25,0.0,0.4375,0.1973270625,0.014136,0.4387238125
0.25,0.0,0.5,0.19493925,0.0151075,0.5015014999999999
0.25,0.0,0.5625,0.1925514375,0.016079,0.5642791875
0.25,0.0,0.625,0.190163625,0.0170505,0.627056875
0.25,0.0,0.6875,0.1877758125,0.018022,0.6898345625
0.25,0.0,0.75,0.185388,0.0189935,0.7526122499999999
0.25,0.0,0.8125,0.1830001875,0.019965,0.8153899374999999
0.25,0.0,0.875,0.180612375,0.0209365,0.8781676249999999
0.25,0.0,0.9375,0.17822456250000002,0.021908,0.9409453124999999
0.25,0.0,1.0,0.17583674999999999,0.0228795,1.003723
0.25,0.0625,0.0,0.225419125,0.0670301875,-0.0008176875000000001
0.25,0.0625,0.0625,0.2230313125,0.0680016875,0.06196
0.25,0.0625,0.125,0.2206435,0.0689731875,0.1247376875
0.25,0.0625,0.1875,0.2182556875,0.0699446875,0.18751537499999998
0.25,0.0625,0.25,0.215867875,0.0709161875,0.2502930625
0.25,0.0625,0.3125,0.2134800625,0.0718876875,0.31307075
0.25,0.0625,0.375,0.21109225,0.0728591875,0.37584843749999997
0.25,0.0625,0.4375,0.2087044375,0.0738306875,0.438626125
0.25,0.0625,0.5,0.206316625,0.0748021875,0.5014038125
0.25,0.0625,0.5625,0.2039288125,0.0757736875,0.5641815
0.25,0.0625,0.625,0.201541,0.0767451875,0.6269591875
0.25,0.0625,0.6875,0.1991531875,0.0777166875,0.689736875
0.25,0.0625,0.75,0.196765375,0.0786881875,0.7525145624999999
0.25,0.0625,0.8125,0.1943775625,0.0796596875,0.8152922499999999
0.25,0.0625,0.875,0.19198975,0.0806311875,0.8780699375
0.25,0.0625,0.9375,0.18960193749999998,0.0816026875,0.940847625
0.25,0.0625,1.0,0.187214125,0.08257418750000001,1.0036253124999999
0.25,0.125,0.0,0.2367965,0.12672487500000001,-0.0009153750000000001
0.25,0.125,0.0625,0.2344086875,0.127696375,0.061862312499999995
0.25,0.125,0.125,0.232020875,0.12866787500000001,0.12464
0.25,0.125,0.1875,0.22963306249999998,0.129639375,0.18741768749999999
0.25,0.125,0.25,0.22724524999999998,0.13061087500000002,0.250195375
0.25,0.125,0.3125,0.22485743749999998,0.131582375,0.3129730625
0.25,0.125,0.375,0.222469625,0.13255387500000002,0.37575074999999997
0.25,0.125,0.4375,0.2200818125,0.133525375,0.4385284375
0.25,0.125,0.5,0.217694,0.13449687500000002,0.5013061249999999
0.25,0.125,0.5625,0.2153061875,0.135468375,0.5640838125
0.25,0.125,0.625,0.212918375,0.13643987500000002,0.6268615
0.25,0.125,0.6875,0.2105305625,0.137411375,0.6896391875
0.25,0.125,0.75,0.20814275,0.13838287500000002,0.7524168749999999
0.25,0.125,0.8125,0.20575493749999998,0.139354375,0.8151945624999999
0.25,0.125,0.875,0.20336712499999998,0.14032587500000002,0.8779722499999999
0.25,0.125,0.9375,0.2009793125,0.141297375,0.9407499374999999
0.25,0.125,1.0,0.19859149999999998,0.14226887500000002,1.003527625
0.25,0.1875,0.0,0.248173875,0.1864195625,-0.0010130625
0.25,0.1875,0.0625,0.24578606249999999,0.18739106249999998,0.061764625
0.25,0.1875,0.125,0.24339824999999998,0.1883625625,0.1245423125
0.25,0.1875,0.1875,0.24101043749999998,0.18933406249999998,0.18732
0.25,0.1875,0.25,0.23862262499999998,0.1903055625,0.2500976875
0.25,0.1875,0.3125,0.2362348125,0.19127706249999998,0.312875375
0.25,0.1875,0.375,0.233847,0.1922485625,0.37565306249999997
0.25,0.1875,0.4375,0.2314591875,0.19322006249999998,0.43843075
0.25,0.1875,0.5,0.229071375,0.1941915625,0.5012084375
0.25,0.1875,0.5625,0.2266835625,0.19516306249999998,0.563986125
0.25,0.1875,0.625,0.22429575,0.1961345625,0.6267638125
0.25,0.1875,0.6875,0.22190793749999999,0.19710606249999998,0.6895415
0.25,0.1875,0.75,0.21952012499999998,0.1980775625,0.7523191874999999
0.25,0.1875,0.8125,0.21713231249999998,0.19904906249999998,0.8150968749999999
0.25,0.1875,0.875,0.21474449999999998,0.2000205625,0.8778745625
0.25,0.1875,0.9375,0.21235668749999997,0.20099206249999998,0.94065225
0.25,0.1875,1.0,0.209968875,0.2019635625,1.0034299375
0.25,0.25,0.0,0.25955125,0.24611425,-0.00111075
0.25,0.25,0.0625,0.25716343750000004,0.24708575,0.0616669375
0.25,0.25,0.125,0.254775625,0.24805725,0.124444625
0.25,0.25,0.1875,0.25238781250000003,0.24902875,0.1872223125
0.25,0.25,0.25,0.25,0.25000025,0.25
0.25,0.25,0.3125,0.24761218750000002,0.25097175,0.3127776875
0.25,0.25,0.375,0.24522437500000002,0.25194325,0.37555537499999997
0.25,0.25,0.4375,0.24283656250000002,0.25291475,0.4383330625
0.25,0.25,0.5,0.24044875000000002,0.25388625,0.5011107499999999
0.25,0.25,0.5625,0.2380609375,0.25485775,0.5638884375
0.25,0.25,0.625,0.235673125,0.25582925,0.626666125
0.25,0.25,0.6875,0.2332853125,0.25680075,0.6894438125
0.25,0.25,0.75,0.2308975,0.25777225,0.7522214999999999
0.25,0.25,0.8125,0.2285096875,0.25874375,0.8149991874999999
0.25,0.25,0.875,0.226121875,0.25971525,0.8777768749999999
0.25,0.25,0.9375,0.2237340625,0.26068675,0.9405545624999999
0.25,0.25,1.0,0.22134625000000002,0.26165825,1.00333225
0.25,0.3125,0.0,0.27092862500000003,0.3058089375,-0.0012084374999999999
0.25,0.3125,0.0625,0.26854081250000006,0.3067804375,0.06156925
0.25,0.3125,0.125,0.26615300000000003,0.30775193749999996,0.12434693749999999
0.25,0.3125,0.1875,0.26376518750000005,0.3087234375,0.187124625
0.25,0.3125,0.25,0.261377375,0.3096949375,0.2499023125
0.25,0.3125,0.3125,0.25898956250000005,0.3106664375,0.31268
0.25,0.3125,0.375,0.25660175,0.31163793749999996,0.37545768749999997
0.25,0.3125,0.4375,0.25421393750000004,0.3126094375,0.438235375
0.25,0.3125,0.5,0.251826125,0.3135809375,0.5010130625
0.25,0.3125,0.5625,0.24943831250000004,0.3145524375,0.56379075
0.25,0.3125,0.625,0.24705050000000003,0.31552393749999996,0.6265684375
0.25,0.3125,0.6875,0.24466268750000003,0.3164954375,0.689346125
0.25,0.3125,0.75,0.24227487500000003,0.3174669375,0.7521238124999999
0.25,0.3125,0.8125,0.23988706250000003,0.3184384375,0.8149015
0.25,0.3125,0.875,0.23749925000000002,0.31940993749999996,0.8776791875
0.25,0.3125,0.9375,0.23511143750000002,0.3203814375,0.940456875
0.25,0.3125,1.0,0.23272362500000005,0.3213529375,1.0032345624999999
0.25,0.375,0.0,0.282306,0.365503625,-0.001306125
0.25,0.375,0.0625,0.2799181875,0.366475125,0.0614715625
0.25,0.375,0.125,0.277530375,0.36744662499999997,0.12424924999999999
0.25,0.375,0.1875,0.2751425625,0.368418125,0.1870269375
0.25,0.375,0.25,0.27275475,0.369389625,0.249804625
0.25,0.375,0.3125,0.2703669375,0.370361125,0.3125823125
0.25,0.375,0.375,0.267979125,0.37133262499999997,0.37535999999999997
0.25,0.375,0.4375,0.2655913125,0.372304125,0.4381376875
0.25,0.375,0.5,0.2632035,0.373275625,0.5009153749999999
0.25,0.375,0.5625,0.2608156875,0.374247125,0.5636930625
0.25,0.375,0.625,0.258427875,0.375218625,0.62647075
0.25,0.375,0.6875,0.2560400625,0.376190125,0.6892484375
0.25,0.375,0.75,0.25365225,0.377161625,0.7520261249999999
0.25,0.375,0.8125,0.2512644375,0.378133125,0.8148038124999999
0.25,0.375,0.875,0.248876625,0.379104625,0.8775814999999999
0.25,0.375,0.9375,0.2464888125,0.380076125,0.9403591874999999
0.25,0.375,1.0,0.244101,0.381047625,1.003136875
0.25,0.4375,0.0,0.293683375,0.4251983125,-0.0014038125000000001
0.25,0.4375,0.0625,0.29129556250000005,0.4261698125,0.061373875
0.25,0.4375,0.125,0.28890775,0.4271413125,0.12415156249999999
0.25,0.4375,0.1875,0.28651993750000004,0.4281128125,0.18692925
0.25,0.4375,0.25,0.284132125,0.4290843125,0.2497069375
0.25,0.4375,0.3125,0.28174431250000004,0.4300558125,0.312484625
0.25,0.4375,0.375,0.2793565,0.4310273125,0.3752623125
0.25,0.4375,0.4375,0.27696868750000003,0.4319988125,0.43804
0.25,0.4375,0.5,0.274580875,0.4329703125,0.5008176875
0.25,0.4375,0.5625,0.2721930625,0.4339418125,0.563595375
0.25,0.4375,0.625,0.26980525,0.4349133125,0.6263730625
0.25,0.4375,0.6875,0.2674174375,0.4358848125,0.68915075
0.25,0.4375,0.75,0.26502962500000005,0.4368563125,0.7519284374999999
0.25,0.4375,0.8125,0.2626418125,0.4378278125,0.814706125
0.25,0.4375,0.875,0.26025400000000004,0.4387993125,0.8774838125
0.25,0.4375,0.9375,0.2578661875,0.4397708125,0.9402615
0.25,0.4375,1.0,0.25547837500000004,0.4407423125,1.0030391875
0.25,0.5,0.0,0.30506075,0.484893,-0.0015015
0.25,0.5,0.0625,0.3026729375,0.48586450000000003,0.061276187499999996
0.25,0.5,0.125,0.300285125,0.486836,0.124053875
0.25,0.5,0.1875,0.2978973125,0.4878075,0.1868315625
0.25,0.5,0.25,0.2955095,0.488779,0.24960925
0.25,0.5,0.3125,0.2931216875,0.48975050000000003,0.3123869375
0.25,0.5,0.375,0.290733875,0.490722,0.375164625
0.25,0.5,0.4375,0.2883460625,0.4916935,0.4379423125
0.25,0.5,0.5,0.28595824999999997,0.492665,0.5007199999999999
0.25,0.5,0.5625,0.2835704375,0.49363650000000003,0.5634976875
0.25,0.5,0.625,0.281182625,0.494608,0.626275375
0.25,0.5,0.6875,0.2787948125,0.4955795,0.6890530625
0.25,0.5,0.75,0.276407,0.496551,0.7518307499999999
0.25,0.5,0.8125,0.2740191875,0.49752250000000003,0.8146084374999999
0.25,0.5,0.875,0.271631375,0.498494,0.8773861249999999
0.25,0.5,0.9375,0.2692435625,0.4994655,0.9401638124999999
0.25,0.5,1.0,0.26685575,0.500437,1.0029415
0.25,0.5625,0.0,0.316438125,0.5445876875000001,-0.0015991875
0.25,0.5625,0.0625,0.31405031250000004,0.5455591875000001,0.0611785
0.25,0.5625,0.125,0.3116625,0.5465306875000001,0.1239561875
0.25,0.5625,0.1875,0.30927468750000003,0.5475021875000001,0.186733875
0.25,0.5625,0.25,0.306886875,0.5484736875,0.2495115625
0.25,0.5625,0.3125,0.30449906250000003,0.5494451875,0.31228925
0.25,0.5625,0.375,0.30211125,0.5504166875000001,0.3750669375
0.25,0.5625,0.4375,0.2997234375,0.5513881875000001,0.437844625
0.25,0.5625,0.5,0.297335625,0.5523596875000001,0.5006223125
0.25,0.5625,0.5625,0.2949478125,0.5533311875000001,0.5634
0.25,0.5625,0.625,0.29256000000000004,0.5543026875000001,0.6261776875
0.25,0.5625,0.6875,0.2901721875,0.5552741875000001,0.688955375
0.25,0.5625,0.75,0.28778437500000004,0.5562456875,0.7517330624999999
0.25,0.5625,0.8125,0.2853965625,0.5572171875,0.81451075
0.25,0.5625,0.875,0.28300875000000003,0.5581886875000001,0.8772884375
0.25,0.5625,0.9375,0.2806209375,0.5591601875000001,0.940066125
0.25,0.5625,1.0,0.278233125,0.5601316875000001,1.0028438124999999
0.25,0.625,0.0,0.32781550000000004,0.604282375,-0.001696875
0.25,0.625,0.0625,0.32542768750000006,0.605253875,0.0610808125
0.25,0.625,0.125,0.32303987500000003,0.6062253750000001,0.1238585
0.25,0.625,0.1875,0.32065206250000006,0.6071968750000001,0.1866361875
0.25,0.625,0.25,0.31826425,0.608168375,0.249413875
0.25,0.625,0.3125,0.31587643750000005,0.609139875,0.3121915625
0.25,0.625,0.375,0.313488625,0.610111375,0.37496925
0.25,0.625,0.4375,0.31110081250000005,0.611082875,0.4377469375
0.25,0.625,0.5,0.308713,0.612054375,0.500524625
0.25,0.625,0.5625,0.30632518750000004,0.613025875,0.5633023125
0.25,0.625,0.625,0.30393737500000007,0.6139973750000001,0.62608
0.25,0.625,0.6875,0.30154956250000003,0.6149688750000001,0.6888576875
0.25,0.625,0.75,0.29916175000000006,0.615940375,0.7516353749999999
0.25,0.625,0.8125,0.29677393750000003,0.616911875,0.8144130624999999
0.25,0.625,0.875,0.29438612500000005,0.617883375,0.8771907499999999
0.25,0.625,0.9375,0.2919983125,0.618854875,0.9399684374999999
0.25,0.625,1.0,0.28961050000000005,0.619826375,1.002746125
0.25,0.6875,0.0,0.339192875,0.6639770625000001,-0.0017945625000000002
0.25,0.6875,0.0625,0.33680506250000003,0.6649485625000001,0.060983125
0.25,0.6875,0.125,0.33441725,0.6659200625000001,0.1237608125
0.25,0.6875,0.1875,0.3320294375,0.6668915625000001,0.18653849999999997
0.25,0.6875,0.25,0.329641625,0.6678630625,0.24931618749999998
0.25,0.6875,0.3125,0.3272538125,0.6688345625000001,0.312093875
0.25,0.6875,0.375,0.324866,0.6698060625000001,0.3748715625
0.25,0.6875,0.4375,0.3224781875,0.6707775625000001,0.43764925
0.25,0.6875,0.5,0.320090375,0.6717490625000001,0.5004269375
0.25,0.6875,0.5625,0.3177025625,0.6727205625000001,0.563204625
0.25,0.6875,0.625,0.31531475,0.6736920625000001,0.6259823125
0.25,0.6875,0.6875,0.3129269375,0.6746635625000001,0.68876
0.25,0.6875,0.75,0.310539125,0.6756350625,0.7515376874999999
0.25,0.6875,0.8125,0.3081513125,0.6766065625000001,0.814315375
0.25,0.6875,0.875,0.3057635,0.6775780625000001,0.8770930625
0.25,0.6875,0.9375,0.3033756875,0.6785495625000001,0.93987075
0.25,0.6875,1.0,0.300987875,0.6795210625000001,1.0026484375
0.25,0.75,0.0,0.35057024999999997,0.7236717500000001,-0.0018922499999999998
0.25,0.75,0.0625,0.3481824375,0.7246432500000001,0.0608854375
0.25,0.75,0.125,0.34579462499999997,0.7256147500000001,0.123663125
0.25,0.75,0.1875,0.3434068125,0.7265862500000001,0.18644081249999997
0.25,0.75,0.25,0.34101899999999996,0.72755775,0.24921849999999998
0.25,0.75,0.3125,0.3386311875,0.72852925,0.3119961875
0.25,0.75,0.375,0.33624337499999996,0.72950075,0.374773875
0.25,0.75,0.4375,0.3338555625,0.73047225,0.4375515625
0.25,0.75,0.5,0.33146774999999995,0.7314437500000001,0.50032925
0.25,0.75,0.5625,0.3290799375,0.7324152500000001,0.5631069375
0.25,0.75,0.625,0.326692125,0.7333867500000001,0.625884625
0.25,0.75,0.6875,0.32430431249999997,0.7343582500000001,0.6886623125
0.25,0.75,0.75,0.3219165,0.73532975,0.7514399999999999
0.25,0.75,0.8125,0.31952868749999996,0.73630125,0.8142176874999999
0.25,0.75,0.875,0.317140875,0.73727275,0.8769953749999999
0.25,0.75,0.9375,0.31475306249999996,0.73824425,0.9397730624999999
0.25,0.75,1.0,0.31236525,0.7392157500000001,1.00255075
0.25,0.8125,0.0,0.361947625,0.7833664375000001,-0.0019899375
0.25,0.8125,0.0625,0.3595598125,0.7843379375000001,0.06078775
0.25,0.8125,0.125,0.357172,0.7853094375000002,0.1235654375
0.25,0.8125,0.1875,0.3547841875,0.7862809375000002,0.18634312499999997
0.25,0.8125,0.25,0.352396375,0.7872524375000001,0.24912081249999998
0.25,0.8125,0.3125,0.3500085625,0.7882239375000001,0.3118985
0.25,0.8125,0.375,0.34762075,0.7891954375000001,0.3746761875
0.25,0.8125,0.4375,0.3452329375,0.7901669375000001,0.437453875
0.25,0.8125,0.5,0.342845125,0.7911384375000001,0.5002315625
0.25,0.8125,0.5625,0.3404573125,0.7921099375000001,0.56300925
0.25,0.8125,0.625,0.3380695,0.7930814375000002,0.6257869375
0.25,0.8125,0.6875,0.3356816875,0.7940529375000002,0.688564625
0.25,0.8125,0.75,0.333293875,0.7950244375000001,0.7513423124999999
0.25,0.8125,0.8125,0.3309060625,0.7959959375000001,0.81412
0.25,0.8125,0.875,0.32851825,0.7969674375000001,0.8768976875
0.25,0.8125,0.9375,0.3261304375,0.7979389375000001,0.939675375
0.25,0.8125,1.0,0.323742625,0.7989104375000001,1.0024530624999999
0.25,0.875,0.0,0.373325,0.8430611250000001,-0.002087625
0.25,0.875,0.0625,0.37093718750000004,0.8440326250000001,0.060690062499999996
0.25,0.875,0.125,0.368549375,0.8450041250000001,0.12346775
0.25,0.875,0.1875,0.36616156250000004,0.8459756250000001,0.18624543749999997
0.25,0.875,0.25,0.36377375,0.846947125,0.24902312499999998
0.25,0.875,0.3125,0.36138593750000003,0.847918625,0.3118008125
0.25,0.875,0.375,0.358998125,0.848890125,0.3745785
0.25,0.875,0.4375,0.3566103125,0.8498616250000001,0.4373561875
0.25,0.875,0.5,0.3542225,0.8508331250000001,0.500133875
0.25,0.875,0.5625,0.3518346875,0.8518046250000001,0.5629115625
0.25,0.875,0.625,0.34944687500000005,0.8527761250000001,0.62568925
0.25,0.875,0.6875,0.3470590625,0.8537476250000001,0.6884669375
0.25,0.875,0.75,0.34467125000000004,0.854719125,0.7512446249999999
0.25,0.875,0.8125,0.3422834375,0.855690625,0.8140223124999999
0.25,0.875,0.875,0.33989562500000003,0.856662125,0.8767999999999999
0.25,0.875,0.9375,0.3375078125,0.8576336250000001,0.9395776874999999
0.25,0.875,1.0,0.33512000000000003,0.8586051250000001,1.002355375
0.25,0.9375,0.0,0.38470237500000004,0.9027558125000001,-0.0021853125
0.25,0.9375,0.0625,0.38231456250000007,0.9037273125000002,0.060592375
0.25,0.9375,0.125,0.37992675000000004,0.9046988125000002,0.1233700625
0.25,0.9375,0.1875,0.37753893750000006,0.9056703125000002,0.18614774999999997
0.25,0.9375,0.25,0.37515112500000003,0.9066418125000001,0.24892543749999999
0.25,0.9375,0.3125,0.37276331250000005,0.9076133125000001,0.311703125
0.25,0.9375,0.375,0.3703755,0.9085848125000001,0.3744808125
0.25,0.9375,0.4375,0.36798768750000005,0.9095563125000001,0.4372585
0.25,0.9375,0.5,0.365599875,0.9105278125000001,0.5000361875
0.25,0.9375,0.5625,0.36321206250000004,0.9114993125000002,0.562813875
0.25,0.9375,0.625,0.36082425000000007,0.9124708125000002,0.6255915625
0.25,0.9375,0.6875,0.35843643750000004,0.9134423125000002,0.68836925
0.25,0.9375,0.75,0.35604862500000006,0.9144138125000001,0.7511469375
0.25,0.9375,0.8125,0.35366081250000003,0.9153853125000001,0.813924625
0.25,0.9375,0.875,0.35127300000000006,0.9163568125000001,0.8767023125
0.25,0.9375,0.9375,0.3488851875,0.9173283125000001,0.93948
0.25,0.9375,1.0,0.34649737500000005,0.9182998125000001,1.0022576875
0.25,1.0,0.0,0.39607975,0.9624505000000001,-0.002283
0.25,1.0,0.0625,0.39369193750000003,0.9634220000000001,0.0604946875
0.25,1.0,0.125,0.391304125,0.9643935000000001,0.123272375
0.25,1.0,0.1875,0.3889163125,0.9653650000000001,0.18605006249999997
0.25,1.0,0.25,0.3865285,0.9663365,0.24882775
0.25,1.0,0.3125,0.3841406875,0.9673080000000001,0.3116054375
0.25,1.0,0.375,0.381752875,0.9682795000000001,0.374383125
0.25,1.0,0.4375,0.3793650625,0.9692510000000001,0.4371608125
0.25,1.0,0.5,0.37697725,0.9702225000000001,0.4999385
0.25,1.0,0.5625,0.3745894375,0.9711940000000001,0.5627161875
0.25,1.0,0.625,0.372201625,0.9721655000000001,0.625493875
0.25,1.0,0.6875,0.3698138125,0.9731370000000001,0.6882715625
0.25,1.0,0.75,0.36742600000000003,0.9741085,0.7510492499999999
0.25,1.0,0.8125,0.3650381875,0.9750800000000001,0.8138269374999999
0.25,1.0,0.875,0.362650375,0.9760515000000001,0.8766046249999999
0.25,1.0,0.9375,0.3602625625,0.9770230000000001,0.9393823124999999
0.25,1.0,1.0,0.35787475,0.9779945000000001,1.00216
0.3125,0.0,0.0,0.2675521875,0.009169375,-0.0009000000000000001
0.3125,0.0,0.0625,0.265164375,0.010140875,0.0618776875
0.3125,0.0,0.125,0.2627765625,0.011112375,0.124655375
0.3125,0.0,0.1875,0.26038875,0.012083875,0.18743306249999997
0.3125,0.0,0.25,0.25800093749999997,0.013055375000000001,0.25021075
0.3125,0.0,0.3125,0.255613125,0.014026875000000001,0.3129884375
0.3125,0.0,0.375,0.25322531249999997,0.014998375000000001,0.37576612499999995
0.3125,0.0,0.4375,0.2508375,0.015969875,0.43854381249999996
0.3125,0.0,0.5,0.2484496875,0.016941375,0.5013215
0.3125,0.0,0.5625,0.24606187499999999,0.017912875,0.5640991875
0.3125,0.0,0.625,0.24367406249999998,0.018884375000000002,0.626876875
0.3125,0.0,0.6875,0.24128624999999998,0.019855875000000002,0.6896545625
0.3125,0.0,0.75,0.23889843749999998,0.020827375000000002,0.7524322499999999
0.3125,0.0,0.8125,0.23651062499999997,0.021798875000000002,0.8152099374999999
0.3125,0.0,0.875,0.23412281249999997,0.022770375000000002,0.8779876249999999
0.3125,0.0,0.9375,0.23173499999999997,0.023741875000000003,0.9407653125
0.3125,0.0,1.0,0.2293471875,0.024713375000000003,1.003543
0.3125,0.0625,0.0,0.2789295625,0.0688640625,-0.0009976875
0.3125,0.0625,0.0625,0.27654175000000003,0.0698355625,0.06178
0.3125,0.0625,0.125,0.2741539375,0.0708070625,0.1245576875
0.3125,0.0625,0.1875,0.271766125,0.0717785625,0.18733537499999997
0.3125,0.0625,0.25,0.2693783125,0.0727500625,0.2501130625
0.3125,0.0625,0.3125,0.2669905,0.0737215625,0.31289075
0.3125,0.0625,0.375,0.2646026875,0.0746930625,0.37566843749999995
0.3125,0.0625,0.4375,0.262214875,0.0756645625,0.43844612499999996
0.3125,0.0625,0.5,0.2598270625,0.0766360625,0.5012238125
0.3125,0.0625,0.5625,0.25743925,0.0776075625,0.5640015
0.3125,0.0625,0.625,0.25505143750000003,0.0785790625,0.6267791875000001
0.3125,0.0625,0.6875,0.252663625,0.0795505625,0.6895568750000001
0.3125,0.0625,0.75,0.25027581250000003,0.0805220625,0.7523345625
0.3125,0.0625,0.8125,0.247888,0.0814935625,0.81511225
0.3125,0.0625,0.875,0.2455001875,0.0824650625,0.8778899375
0.3125,0.0625,0.9375,0.243112375,0.0834365625,0.940667625
0.3125,0.0625,1.0,0.24072456250000002,0.0844080625,1.0034453125
0.3125,0.125,0.0,0.2903069375,0.12855875,-0.001095375
0.3125,0.125,0.0625,0.287919125,0.12953024999999999,0.061682312499999996
0.3125,0.125,0.125,0.28553131249999997,0.13050175,0.12446
0.3125,0.125,0.1875,0.2831435,0.13147324999999999,0.18723768749999997
0.3125,0.125,0.25,0.28075568749999996,0.13244475,0.250015375
0.3125,0.125,0.3125,0.278367875,0.13341625,0.3127930625
0.3125,0.125,0.375,0.27598006249999996,0.13438775,0.37557074999999995
0.3125,0.125,0.4375,0.27359225,0.13535925,0.43834843749999997
0.3125,0.125,0.5,0.27120443749999995,0.13633075,0.501126125
0.3125,0.125,0.5625,0.268816625,0.13730225,0.5639038125
0.3125,0.125,0.625,0.26642881249999995,0.13827375,0.6266815
0.3125,0.125,0.6875,0.26404099999999997,0.13924525,0.6894591875
0.3125,0.125,0.75,0.2616531875,0.14021675,0.7522368749999999
0.3125,0.125,0.8125,0.25926537499999996,0.14118825,0.8150145624999999
0.3125,0.125,0.875,0.2568775625,0.14215975,0.8777922499999999
0.3125,0.125,0.9375,0.25448974999999996,0.14313125,0.9405699375
0.3125,0.125,1.0,0.2521019375,0.14410275,1.003347625
0.3125,0.1875,0.0,0.3016843125,0.1882534375,-0.0011930625000000001
0.3125,0.1875,0.0625,0.2992965,0.1892249375,0.061584625
0.3125,0.1875,0.125,0.2969086875,0.1901964375,0.1243623125
0.3125,0.1875,0.1875,0.294520875,0.1911679375,0.18713999999999997
0.3125,0.1875,0.25,0.2921330625,0.1921394375,0.24991768749999999
0.3125,0.1875,0.3125,0.28974525,0.1931109375,0.312695375
0.3125,0.1875,0.375,0.2873574375,0.1940824375,0.37547306249999995
0.3125,0.1875,0.4375,0.284969625,0.1950539375,0.43825074999999997
0.3125,0.1875,0.5,0.2825818125,0.1960254375,0.5010284375
0.3125,0.1875,0.5625,0.280194,0.1969969375,0.563806125
0.3125,0.1875,0.625,0.27780618749999997,0.1979684375,0.6265838125000001
0.3125,0.1875,0.6875,0.275418375,0.1989399375,0.6893615000000001
0.3125,0.1875,0.75,0.2730305625,0.1999114375,0.7521391875
0.3125,0.1875,0.8125,0.27064275,0.2008829375,0.814916875
0.3125,0.1875,0.875,0.2682549375,0.2018544375,0.8776945625
0.3125,0.1875,0.9375,0.265867125,0.2028259375,0.94047225
0.3125,0.1875,1.0,0.2634793125,0.2037974375,1.0032499375
0.3125,0.25,0.0,0.31306168749999996,0.24794812500000002,-0.00129075
0.3125,0.25,0.0625,0.310673875,0.248919625,0.0614869375
0.3125,0.25,0.125,0.30828606249999996,0.24989112500000002,0.124264625
0.3125,0.25,0.1875,0.30589825,0.250862625,0.18704231249999997
0.3125,0.25,0.25,0.30351043749999995,0.251834125,0.24982
0.3125,0.25,0.3125,0.301122625,0.25280562500000003,0.3125976875
0.3125,0.25,0.375,0.29873481249999995,0.253777125,0.37537537499999996
0.3125,0.25,0.4375,0.29634699999999997,0.254748625,0.43815306249999997
0.3125,0.25,0.5,0.29395918749999994,0.255720125,0.50093075
0.3125,0.25,0.5625,0.29157137499999997,0.25669162500000003,0.5637084375
0.3125,0.25,0.625,0.2891835625,0.257663125,0.626486125
0.3125,0.25,0.6875,0.28679574999999996,0.258634625,0.6892638125
0.3125,0.25,0.75,0.2844079375,0.259606125,0.7520414999999999
0.3125,0.25,0.8125,0.28202012499999995,0.26057762500000003,0.8148191874999999
0.3125,0.25,0.875,0.2796323125,0.261549125,0.8775968749999999
0.3125,0.25,0.9375,0.27724449999999995,0.262520625,0.9403745625
0.3125,0.25,1.0,0.2748566875,0.263492125,1.00315225
0.3125,0.3125,0.0,0.3244390625,0.3076428125,-0.0013884375
0.3125,0.3125,0.0625,0.32205125,0.3086143125,0.06138925
0.3125,0.3125,0.125,0.3196634375,0.30958581249999995,0.12416693749999999
0.3125,0.3125,0.1875,0.317275625,0.31055731249999996,0.18694462499999998
0.3125,0.3125,0.25,0.3148878125,0.3115288125,0.2497223125
0.3125,0.3125,0.3125,0.3125,0.3125003125,0.3125
0.3125,0.3125,0.375,0.31011218749999997,0.31347181249999995,0.37527768749999996
0.3125,0.3125,0.4375,0.307724375,0.31444331249999996,0.43805537499999997
0.3125,0.3125,0.5,0.30533656249999996,0.3154148125,0.5008330625
0.3125,0.3125,0.5625,0.30294875,0.3163863125,0.56361075
0.3125,0.3125,0.625,0.3005609375,0.31735781249999995,0.6263884375000001
0.3125,0.3125,0.6875,0.298173125,0.31832931249999996,0.6891661250000001
0.3125,0.3125,0.75,0.2957853125,0.3193008125,0.7519438125
0.3125,0.3125,0.8125,0.2933975,0.3202723125,0.8147215
0.3125,0.3125,0.875,0.2910096875,0.32124381249999995,0.8774991875
0.3125,0.3125,0.9375,0.28862187499999997,0.32221531249999996,0.940276875
0.3125,0.3125,1.0,0.2862340625,0.3231868125,1.0030545625
0.3125,0.375,0.0,0.3358164375,0.3673375,-0.001486125
0.3125,0.375,0.0625,0.33342862500000003,0.368309,0.0612915625
0.3125,0.375,0.125,0.3310408125,0.36928049999999996,0.12406924999999999
0.3125,0.375,0.1875,0.32865300000000003,0.37025199999999997,0.18684693749999998
0.3125,0.375,0.25,0.3262651875,0.3712235,0.249624625
0.3125,0.375,0.3125,0.323877375,0.372195,0.3124023125
0.3125,0.375,0.375,0.3214895625,0.37316649999999996,0.37517999999999996
0.3125,0.375,0.4375,0.31910175,0.37413799999999997,0.43795768749999997
0.3125,0.375,0.5,0.3167139375,0.3751095,0.500735375
0.3125,0.375,0.5625,0.314326125,0.376081,0.5635130625
0.3125,0.375,0.625,0.31193831250000004,0.37705249999999996,0.62629075
0.3125,0.375,0.6875,0.3095505,0.37802399999999997,0.6890684375
0.3125,0.375,0.75,0.30716268750000003,0.3789955,0.7518461249999999
0.3125,0.375,0.8125,0.304774875,0.379967,0.8146238124999999
0.3125,0.375,0.875,0.3023870625,0.38093849999999996,0.8774015
0.3125,0.375,0.9375,0.29999925,0.38190999999999997,0.9401791875
0.3125,0.375,1.0,0.2976114375,0.3828815,1.002956875
0.3125,0.4375,0.0,0.3471938125,0.4270321875,-0.0015838125000000002
0.3125,0.4375,0.0625,0.344806,0.4280036875,0.061193874999999995
0.3125,0.4375,0.125,0.34241818749999997,0.42897518749999997,0.1239715625
0.3125,0.4375,0.1875,0.340030375,0.4299466875,0.18674924999999998
0.3125,0.4375,0.25,0.33764256249999997,0.4309181875,0.2495269375
0.3125,0.4375,0.3125,0.33525475,0.4318896875,0.312304625
0.3125,0.4375,0.375,0.33286693749999996,0.43286118749999997,0.37508231249999996
0.3125,0.4375,0.4375,0.330479125,0.4338326875,0.43785999999999997
0.3125,0.4375,0.5,0.32809131249999995,0.4348041875,0.5006376875
0.3125,0.4375,0.5625,0.3257035,0.4357756875,0.563415375
0.3125,0.4375,0.625,0.32331568749999995,0.43674718749999997,0.6261930625000001
0.3125,0.4375,0.6875,0.320927875,0.4377186875,0.6889707500000001
0.3125,0.4375,0.75,0.3185400625,0.4386901875,0.7517484375
0.3125,0.4375,0.8125,0.31615224999999997,0.4396616875,0.814526125
0.3125,0.4375,0.875,0.3137644375,0.44063318749999997,0.8773038125
0.3125,0.4375,0.9375,0.31137662499999996,0.4416046875,0.9400815
0.3125,0.4375,1.0,0.3089888125,0.4425761875,1.0028591875
0.3125,0.5,0.0,0.3585711875,0.486726875,-0.0016815
0.3125,0.5,0.0625,0.356183375,0.487698375,0.061096187499999996
0.3125,0.5,0.125,0.3537955625,0.488669875,0.123873875
0.3125,0.5,0.1875,0.35140775,0.489641375,0.18665156249999998
0.3125,0.5,0.25,0.3490199375,0.490612875,0.24942925
0.3125,0.5,0.3125,0.346632125,0.491584375,0.3122069375
0.3125,0.5,0.375,0.3442443125,0.492555875,0.37498462499999996
0.3125,0.5,0.4375,0.3418565,0.493527375,0.4377623125
0.3125,0.5,0.5,0.3394686875,0.494498875,0.50054
0.3125,0.5,0.5625,0.337080875,0.495470375,0.5633176875
0.3125,0.5,0.625,0.33469306249999997,0.496441875,0.626095375
0.3125,0.5,0.6875,0.33230525,0.497413375,0.6888730625
0.3125,0.5,0.75,0.3299174375,0.498384875,0.7516507499999999
0.3125,0.5,0.8125,0.327529625,0.499356375,0.8144284374999999
0.3125,0.5,0.875,0.3251418125,0.500327875,0.877206125
0.3125,0.5,0.9375,0.322754,0.501299375,0.9399838125
0.3125,0.5,1.0,0.3203661875,0.502270875,1.0027615
0.3125,0.5625,0.0,0.36994856249999997,0.5464215625000001,-0.0017791875
0.3125,0.5625,0.0625,0.36756075,0.5473930625000001,0.0609985
0.3125,0.5625,0.125,0.36517293749999996,0.5483645625000001,0.1237761875
0.3125,0.5625,0.1875,0.362785125,0.5493360625000001,0.18655387499999998
0.3125,0.5625,0.25,0.36039731249999996,0.5503075625,0.2493315625
0.3125,0.5625,0.3125,0.3580095,0.5512790625,0.31210925
0.3125,0.5625,0.375,0.35562168749999995,0.5522505625,0.37488693749999996
0.3125,0.5625,0.4375,0.353233875,0.5532220625000001,0.437664625
0.3125,0.5625,0.5,0.35084606249999994,0.5541935625000001,0.5004423125
0.3125,0.5625,0.5625,0.34845824999999997,0.5551650625000001,0.56322
0.3125,0.5625,0.625,0.3460704375,0.5561365625000001,0.6259976875000001
0.3125,0.5625,0.6875,0.34368262499999996,0.5571080625000001,0.6887753750000001
0.3125,0.5625,0.75,0.3412948125,0.5580795625,0.7515530625
0.3125,0.5625,0.8125,0.33890699999999996,0.5590510625,0.81433075
0.3125,0.5625,0.875,0.3365191875,0.5600225625,0.8771084375
0.3125,0.5625,0.9375,0.33413137499999995,0.5609940625000001,0.939886125
0.3125,0.5625,1.0,0.3317435625,0.5619655625000001,1.0026638125
0.3125,0.625,0.0,0.3813259375,0.60611625,-0.001876875
0.3125,0.625,0.0625,0.378938125,0.60708775,0.0609008125
0.3125,0.625,0.125,0.3765503125,0.60805925,0.1236785
0.3125,0.625,0.1875,0.3741625,0.6090307500000001,0.18645618749999998
0.3125,0.625,0.25,0.3717746875,0.61000225,0.249233875
0.3125,0.625,0.3125,0.369386875,0.61097375,0.3120115625
0.3125,0.625,0.375,0.3669990625,0.61194525,0.37478924999999996
0.3125,0.625,0.4375,0.36461125,0.61291675,0.4375669375
0.3125,0.625,0.5,0.36222343749999997,0.61388825,0.500344625
0.3125,0.625,0.5625,0.359835625,0.61485975,0.5631223125
0.3125,0.625,0.625,0.3574478125,0.61583125,0.6259
0.3125,0.625,0.6875,0.35506,0.6168027500000001,0.6886776875
0.3125,0.625,0.75,0.3526721875,0.61777425,0.7514553749999999
0.3125,0.625,0.8125,0.350284375,0.61874575,0.8142330624999999
0.3125,0.625,0.875,0.3478965625,0.61971725,0.87701075
0.3125,0.625,0.9375,0.34550875,0.62068875,0.9397884375
0.3125,0.625,1.0,0.3431209375,0.62166025,1.002566125
0.3125,0.6875,0.0,0.3927033125,0.6658109375000001,-0.0019745625
0.3125,0.6875,0.0625,0.39031550000000004,0.6667824375000001,0.060803125
0.3125,0.6875,0.125,0.3879276875,0.6677539375000001,0.1235808125
0.3125,0.6875,0.1875,0.38553987500000003,0.6687254375000001,0.18635849999999998
0.3125,0.6875,0.25,0.3831520625,0.6696969375,0.2491361875
0.3125,0.6875,0.3125,0.38076425,0.6706684375,0.311913875
0.3125,0.6875,0.375,0.3783764375,0.6716399375000001,0.37469156249999996
0.3125,0.6875,0.4375,0.375988625,0.6726114375000001,0.43746925
0.3125,0.6875,0.5,0.3736008125,0.6735829375000001,0.5002469374999999
0.3125,0.6875,0.5625,0.371213,0.6745544375000001,0.563024625
0.3125,0.6875,0.625,0.36882518750000004,0.6755259375000001,0.6258023125
0.3125,0.6875,0.6875,0.366437375,0.6764974375000001,0.68858
0.3125,0.6875,0.75,0.36404956250000003,0.6774689375,0.7513576874999999
0.3125,0.6875,0.8125,0.36166175,0.6784404375,0.8141353749999999
0.3125,0.6875,0.875,0.35927393750000003,0.6794119375000001,0.8769130624999999
0.3125,0.6875,0.9375,0.356886125,0.6803834375000001,0.9396907499999999
0.3125,0.6875,1.0,0.3544983125,0.6813549375000001,1.0024684375
0.3125,0.75,0.0,0.4040806875,0.725505625,-0.00207225
0.3125,0.75,0.0625,0.401692875,0.7264771250000001,0.0607054375
0.3125,0.75,0.125,0.3993050625,0.7274486250000001,0.123483125
0.3125,0.75,0.1875,0.39691725,0.7284201250000001,0.18626081249999998
0.3125,0.75,0.25,0.39452943749999997,0.729391625,0.2490385
0.3125,0.75,0.3125,0.392141625,0.730363125,0.3118161875
0.3125,0.75,0.375,0.38975381249999996,0.731334625,0.37459387499999997
0.3125,0.75,0.4375,0.387366,0.732306125,0.4373715625
0.3125,0.75,0.5,0.38497818749999996,0.733277625,0.50014925
0.3125,0.75,0.5625,0.382590375,0.7342491250000001,0.5629269375
0.3125,0.75,0.625,0.38020256249999995,0.7352206250000001,0.625704625
0.3125,0.75,0.6875,0.37781475,0.7361921250000001,0.6884823125
0.3125,0.75,0.75,0.3754269375,0.737163625,0.7512599999999999
0.3125,0.75,0.8125,0.37303912499999997,0.738135125,0.8140376874999999
0.3125,0.75,0.875,0.3706513125,0.739106625,0.876815375
0.3125,0.75,0.9375,0.36826349999999997,0.740078125,0.9395930625
0.3125,0.75,1.0,0.3658756875,0.741049625,1.0023707499999999
0.3125,0.8125,0.0,0.41545806249999995,0.7852003125000001,-0.0021699375
0.3125,0.8125,0.0625,0.41307024999999997,0.7861718125000001,0.06060775
0.3125,0.8125,0.125,0.41068243749999994,0.7871433125000001,0.1233854375
0.3125,0.8125,0.1875,0.40829462499999997,0.7881148125000002,0.18616312499999998
0.3125,0.8125,0.25,0.40590681249999994,0.7890863125,0.2489408125
0.3125,0.8125,0.3125,0.40351899999999996,0.7900578125000001,0.3117185
0.3125,0.8125,0.375,0.40113118749999993,0.7910293125000001,0.37449618749999997
0.3125,0.8125,0.4375,0.39874337499999996,0.7920008125000001,0.437273875
0.3125,0.8125,0.5,0.3963555624999999,0.7929723125000001,0.5000515624999999
0.3125,0.8125,0.5625,0.39396774999999995,0.7939438125000001,0.56282925
0.3125,0.8125,0.625,0.3915799375,0.7949153125000001,0.6256069375
0.3125,0.8125,0.6875,0.38919212499999994,0.7958868125000002,0.688384625
0.3125,0.8125,0.75,0.38680431249999997,0.7968583125,0.7511623124999999
0.3125,0.8125,0.8125,0.38441649999999994,0.7978298125000001,0.8139399999999999
0.3125,0.8125,0.875,0.38202868749999996,0.7988013125000001,0.8767176874999999
0.3125,0.8125,0.9375,0.37964087499999993,0.7997728125000001,0.9394953749999999
0.3125,0.8125,1.0,0.37725306249999996,0.8007443125000001,1.0022730625
0.3125,0.875,0.0,0.42683543749999997,0.8448950000000001,-0.002267625
0.3125,0.875,0.0625,0.424447625,0.8458665000000001,0.060510062499999996
0.3125,0.875,0.125,0.42205981249999996,0.8468380000000001,0.12328775
0.3125,0.875,0.1875,0.419672,0.8478095000000001,0.18606543749999999
0.3125,0.875,0.25,0.41728418749999996,0.848781,0.248843125
0.3125,0.875,0.3125,0.414896375,0.8497525,0.3116208125
0.3125,0.875,0.375,0.41250856249999995,0.850724,0.37439849999999997
0.3125,0.875,0.4375,0.41012075,0.8516955,0.4371761875
0.3125,0.875,0.5,0.40773293749999995,0.8526670000000001,0.499953875
0.3125,0.875,0.5625,0.405345125,0.8536385000000001,0.5627315625
0.3125,0.875,0.625,0.4029573125,0.8546100000000001,0.62550925
0.3125,0.875,0.6875,0.40056949999999997,0.8555815000000001,0.6882869375
0.3125,0.875,0.75,0.3981816875,0.856553,0.7510646249999999
0.3125,0.875,0.8125,0.39579387499999996,0.8575245,0.8138423124999999
0.3125,0.875,0.875,0.3934060625,0.858496,0.87662
0.3125,0.875,0.9375,0.39101824999999996,0.8594675,0.9393976875
0.3125,0.875,1.0,0.3886304375,0.8604390000000001,1.002175375
0.3125,0.9375,0.0,0.4382128125,0.9045896875000001,-0.0023653125000000002
0.3125,0.9375,0.0625,0.435825,0.9055611875000001,0.060412375
0.3125,0.9375,0.125,0.4334371875,0.9065326875000002,0.1231900625
0.3125,0.9375,0.1875,0.431049375,0.9075041875000002,0.18596775
0.3125,0.9375,0.25,0.4286615625,0.9084756875000001,0.2487454375
0.3125,0.9375,0.3125,0.42627375,0.9094471875000001,0.311523125
0.3125,0.9375,0.375,0.4238859375,0.9104186875000001,0.37430081249999997
0.3125,0.9375,0.4375,0.421498125,0.9113901875000001,0.4370785
0.3125,0.9375,0.5,0.41911031249999997,0.9123616875000001,0.4998561875
0.3125,0.9375,0.5625,0.4167225,0.9133331875000001,0.562633875
0.3125,0.9375,0.625,0.4143346875,0.9143046875000002,0.6254115625
0.3125,0.9375,0.6875,0.411946875,0.9152761875000002,0.68818925
0.3125,0.9375,0.75,0.4095590625,0.9162476875000001,0.7509669374999999
0.3125,0.9375,0.8125,0.40717125,0.9172191875000001,0.8137446249999999
0.3125,0.9375,0.875,0.4047834375,0.9181906875000001,0.8765223124999999
0.3125,0.9375,0.9375,0.402395625,0.9191621875000001,0.9392999999999999
0.3125,0.9375,1.0,0.4000078125,0.9201336875000001,1.0020776875
0.3125,1.0,0.0,0.4495901875,0.9642843750000001,-0.002463
0.3125,1.0,0.0625,0.44720237500000004,0.9652558750000001,0.0603146875
0.3125,1.0,0.125,0.4448145625,0.9662273750000001,0.123092375
0.3125,1.0,0.1875,0.44242675000000004,0.9671988750000001,0.1858700625
0.3125,1.0,0.25,0.4400389375,0.968170375,0.24864775
0.3125,1.0,0.3125,0.43765112500000003,0.969141875,0.3114254375
0.3125,1.0,0.375,0.4352633125,0.9701133750000001,0.37420312499999997
0.3125,1.0,0.4375,0.4328755,0.9710848750000001,0.4369808125
0.3125,1.0,0.5,0.4304876875,0.9720563750000001,0.4997585
0.3125,1.0,0.5625,0.428099875,0.9730278750000001,0.5625361875
0.3125,1.0,0.625,0.42571206250000004,0.9739993750000001,0.625313875
0.3125,1.0,0.6875,0.42332425,0.9749708750000001,0.6880915625
0.3125,1.0,0.75,0.42093643750000004,0.975942375,0.7508692499999999
0.3125,1.0,0.8125,0.418548625,0.976913875,0.8136469375
0.3125,1.0,0.875,0.41616081250000003,0.9778853750000001,0.876424625
0.3125,1.0,0.9375,0.413773,0.9788568750000001,0.9392023125
0.3125,1.0,1.0,0.4113851875,0.9798283750000001,1.0019799999999999
0.375,0.0,0.0,0.321062625,0.01100325,-0.00108
0.375,0.0,0.0625,0.3186748125,0.01197475,0.0616976875
0.375,0.0,0.125,0.316287,0.01294625,0.124475375
0.375,0.0,0.1875,0.3138991875,0.01391775,0.18725306249999998
0.375,0.0,0.25,0.311511375,0.01488925,0.25003074999999997
0.375,0.0,0.3125,0.3091235625,0.01586075,0.3128084375
0.375,0.0,0.375,0.30673575,0.01683225,0.37558612499999994
0.375,0.0,0.4375,0.3043479375,0.01780375,0.43836381249999995
0.375,0.0,0.5,0.30196012499999997,0.01877525,0.5011415
0.375,0.0,0.5625,0.2995723125,0.01974675,0.5639191875
0.375,0.0,0.625,0.29718449999999996,0.02071825,0.626696875
0.375,0.0,0.6875,0.2947966875,0.02168975,0.6894745625
0.375,0.0,0.75,0.292408875,0.02266125,0.75225225
0.375,0.0,0.8125,0.2900210625,0.02363275,0.8150299375
0.375,0.0,0.875,0.28763325,0.02460425,0.877807625
0.375,0.0,0.9375,0.2852454375,0.02557575,0.9405853125
0.375,0.0,1.0,0.282857625,0.02654725,1.003363
0.375,0.0625,0.0,0.33244,0.0706979375,-0.0011776875
0.375,0.0625,0.0625,0.33005218750000004,0.0716694375,0.0616
0.375,0.0625,0.125,0.327664375,0.0726409375,0.1243776875
0.375,0.0625,0.1875,0.32527656250000003,0.0736124375,0.18715537499999998
0.375,0.0625,0.25,0.32288875,0.0745839375,0.2499330625
0.375,0.0625,0.3125,0.3205009375,0.0755554375,0.31271075
0.375,0.0625,0.375,0.318113125,0.0765269375,0.37548843749999994
0.375,0.0625,0.4375,0.3157253125,0.0774984375,0.43826612499999995
0.375,0.0625,0.5,0.3133375,0.0784699375,0.5010438125
0.375,0.0625,0.5625,0.3109496875,0.0794414375,0.5638215
0.375,0.0625,0.625,0.308561875,0.0804129375,0.6265991875
0.375,0.0625,0.6875,0.3061740625,0.0813844375,0.689376875
0.375,0.0625,0.75,0.30378625000000004,0.0823559375,0.7521545624999999
0.375,0.0625,0.8125,0.3013984375,0.0833274375,0.8149322499999999
0.375,0.0625,0.875,0.29901062500000003,0.0842989375,0.8777099374999999
0.375,0.0625,0.9375,0.2966228125,0.0852704375,0.9404876249999999
0.375,0.0625,1.0,0.294235,0.0862419375,1.0032653125
0.375,0.125,0.0,0.343817375,0.130392625,-0.001275375
0.375,0.125,0.0625,0.3414295625,0.131364125,0.061502312499999996
0.375,0.125,0.125,0.33904175,0.132335625,0.12428
0.375,0.125,0.1875,0.3366539375,0.133307125,0.1870576875
0.375,0.125,0.25,0.33426612499999997,0.134278625,0.249835375
0.375,0.125,0.3125,0.3318783125,0.135250125,0.3126130625
0.375,0.125,0.375,0.32949049999999996,0.136221625,0.37539074999999994
0.375,0.125,0.4375,0.3271026875,0.137193125,0.43816843749999995
0.375,0.125,0.5,0.32471487499999996,0.138164625,0.500946125
0.375,0.125,0.5625,0.3223270625,0.139136125,0.5637238125
0.375,0.125,0.625,0.31993925,0.140107625,0.6265015
0.375,0.125,0.6875,0.3175514375,0.141079125,0.6892791875000001
0.375,0.125,0.75,0.315163625,0.142050625,0.752056875
0.375,0.125,0.8125,0.3127758125,0.143022125,0.8148345625
0.375,0.125,0.875,0.310388,0.14399362500000001,0.87761225
0.375,0.125,0.9375,0.30800018749999997,0.144965125,0.9403899375
0.375,0.125,1.0,0.305612375,0.14593662500000001,1.003167625
0.375,0.1875,0.0,0.35519475,0.1900873125,-0.0013730625
0.375,0.1875,0.0625,0.35280693750000003,0.19105881249999998,0.061404625
0.375,0.1875,0.125,0.350419125,0.1920303125,0.1241823125
0.375,0.1875,0.1875,0.3480313125,0.19300181249999998,0.18696
0.375,0.1875,0.25,0.3456435,0.1939733125,0.2497376875
0.375,0.1875,0.3125,0.3432556875,0.19494481249999998,0.312515375
0.375,0.1875,0.375,0.340867875,0.1959163125,0.37529306249999994
0.375,0.1875,0.4375,0.3384800625,0.19688781249999998,0.43807074999999995
0.375,0.1875,0.5,0.33609225,0.1978593125,0.5008484375
0.375,0.1875,0.5625,0.3337044375,0.19883081249999998,0.563626125
0.375,0.1875,0.625,0.33131662500000003,0.1998023125,0.6264038125
0.375,0.1875,0.6875,0.3289288125,0.20077381249999998,0.6891815
0.375,0.1875,0.75,0.326541,0.2017453125,0.7519591874999999
0.375,0.1875,0.8125,0.3241531875,0.20271681249999998,0.8147368749999999
0.375,0.1875,0.875,0.321765375,0.2036883125,0.8775145624999999
0.375,0.1875,0.9375,0.3193775625,0.20465981249999998,0.9402922499999999
0.375,0.1875,1.0,0.31698975,0.2056313125,1.0030699375
0.375,0.25,0.0,0.36657212499999997,0.249782,-0.00147075
0.375,0.25,0.0625,0.3641843125,0.2507535,0.0613069375
0.375,0.25,0.125,0.36179649999999997,0.251725,0.12408462499999999
0.375,0.25,0.1875,0.3594086875,0.2526965,0.1868623125
0.375,0.25,0.25,0.35702087499999996,0.253668,0.24964
0.375,0.25,0.3125,0.3546330625,0.2546395,0.3124176875
0.375,0.25,0.375,0.35224524999999995,0.255611,0.37519537499999994
0.375,0.25,0.4375,0.3498574375,0.2565825,0.43797306249999995
0.375,0.25,0.5,0.34746962499999995,0.257554,0.50075075
0.375,0.25,0.5625,0.3450818125,0.2585255,0.5635284375
0.375,0.25,0.625,0.34269399999999994,0.259497,0.626306125
0.375,0.25,0.6875,0.34030618749999997,0.2604685,0.6890838125000001
0.375,0.25,0.75,0.337918375,0.26144,0.7518615
0.375,0.25,0.8125,0.33553056249999996,0.2624115,0.8146391875
0.375,0.25,0.875,0.33314275,0.263383,0.877416875
0.375,0.25,0.9375,0.33075493749999996,0.2643545,0.9401945625
0.375,0.25,1.0,0.328367125,0.265326,1.00297225
0.375,0.3125,0.0,0.3779495,0.3094766875,-0.0015684375
0.375,0.3125,0.0625,0.3755616875,0.31044818750000003,0.06120925
0.375,0.3125,0.125,0.373173875,0.3114196875,0.12398693749999999
0.375,0.3125,0.1875,0.3707860625,0.3123911875,0.186764625
0.375,0.3125,0.25,0.36839825,0.3133626875,0.2495423125
0.375,0.3125,0.3125,0.3660104375,0.31433418750000003,0.31232
0.375,0.3125,0.375,0.363622625,0.3153056875,0.37509768749999994
0.375,0.3125,0.4375,0.3612348125,0.3162771875,0.43787537499999996
0.375,0.3125,0.5,0.35884699999999997,0.3172486875,0.5006530625
0.375,0.3125,0.5625,0.3564591875,0.31822018750000003,0.56343075
0.375,0.3125,0.625,0.35407137499999997,0.3191916875,0.6262084375
0.375,0.3125,0.6875,0.3516835625,0.3201631875,0.688986125
0.375,0.3125,0.75,0.34929575,0.3211346875,0.7517638124999999
0.375,0.3125,0.8125,0.3469079375,0.32210618750000003,0.8145414999999999
0.375,0.3125,0.875,0.344520125,0.3230776875,0.8773191874999999
0.375,0.3125,0.9375,0.3421323125,0.3240491875,0.9400968749999999
0.375,0.3125,1.0,0.3397445,0.3250206875,1.0028745625
0.375,0.375,0.0,0.38932687499999996,0.369171375,-0.001666125
0.375,0.375,0.0625,0.3869390625,0.37014287500000004,0.0611115625
0.375,0.375,0.125,0.38455124999999996,0.371114375,0.12388924999999999
0.375,0.375,0.1875,0.3821634375,0.372085875,0.1866669375
0.375,0.375,0.25,0.37977562499999995,0.373057375,0.249444625
0.375,0.375,0.3125,0.3773878125,0.37402887500000004,0.3122223125
0.375,0.375,0.375,0.37499999999999994,0.375000375,0.37499999999999994
0.375,0.375,0.4375,0.37261218749999997,0.375971875,0.43777768749999996
0.375,0.375,0.5,0.37022437499999994,0.376943375,0.500555375
0.375,0.375,0.5625,0.36783656249999996,0.37791487500000004,0.5633330625
0.375,0.375,0.625,0.36544875,0.378886375,0.62611075
0.375,0.375,0.6875,0.36306093749999996,0.379857875,0.6888884375000001
0.375,0.375,0.75,0.360673125,0.380829375,0.751666125
0.375,0.375,0.8125,0.35828531249999995,0.38180087500000004,0.8144438125
0.375,0.375,0.875,0.3558975,0.382772375,0.8772215
0.375,0.375,0.9375,0.35350968749999995,0.383743875,0.9399991875
0.375,0.375,1.0,0.35112187499999997,0.384715375,1.002776875
0.375,0.4375,0.0,0.40070425,0.42886606250000003,-0.0017638125
0.375,0.4375,0.0625,0.3983164375,0.42983756250000005,0.061013874999999995
0.375,0.4375,0.125,0.395928625,0.4308090625,0.1237915625
0.375,0.4375,0.1875,0.3935408125,0.4317805625,0.18656925
0.375,0.4375,0.25,0.391153,0.43275206250000003,0.2493469375
0.375,0.4375,0.3125,0.3887651875,0.43372356250000005,0.312124625
0.375,0.4375,0.375,0.38637737499999997,0.4346950625,0.37490231249999995
0.375,0.4375,0.4375,0.3839895625,0.4356665625,0.43767999999999996
0.375,0.4375,0.5,0.38160174999999996,0.43663806250000003,0.5004576875
0.375,0.4375,0.5625,0.3792139375,0.43760956250000005,0.563235375
0.375,0.4375,0.625,0.376826125,0.4385810625,0.6260130625
0.375,0.4375,0.6875,0.3744383125,0.4395525625,0.68879075
0.375,0.4375,0.75,0.3720505,0.44052406250000004,0.7515684374999999
0.375,0.4375,0.8125,0.3696626875,0.44149556250000005,0.8143461249999999
0.375,0.4375,0.875,0.367274875,0.4424670625,0.8771238124999999
0.375,0.4375,0.9375,0.36488706249999997,0.4434385625,0.9399015
0.375,0.4375,1.0,0.36249925,0.44441006250000004,1.0026791875
0.375,0.5,0.0,0.412081625,0.48856075000000004,-0.0018614999999999999
0.375,0.5,0.0625,0.40969381250000003,0.48953225000000006,0.060916187499999996
0.375,0.5,0.125,0.407306,0.49050375,0.123693875
0.375,0.5,0.1875,0.4049181875,0.49147525000000003,0.1864715625
0.375,0.5,0.25,0.402530375,0.49244675000000004,0.24924925
0.375,0.5,0.3125,0.4001425625,0.49341825000000006,0.3120269375
0.375,0.5,0.375,0.39775475,0.49438975,0.37480462499999995
0.375,0.5,0.4375,0.3953669375,0.49536125000000003,0.43758231249999996
0.375,0.5,0.5,0.392979125,0.49633275000000004,0.50036
0.375,0.5,0.5625,0.3905913125,0.49730425000000006,0.5631376875
0.375,0.5,0.625,0.38820350000000003,0.49827575,0.625915375
0.375,0.5,0.6875,0.3858156875,0.49924725000000003,0.6886930625000001
0.375,0.5,0.75,0.38342787500000003,0.50021875,0.75147075
0.375,0.5,0.8125,0.3810400625,0.5011902500000001,0.8142484375
0.375,0.5,0.875,0.37865225,0.5021617500000001,0.877026125
0.375,0.5,0.9375,0.3762644375,0.5031332500000001,0.9398038125
0.375,0.5,1.0,0.373876625,0.50410475,1.0025815
0.375,0.5625,0.0,0.423459,0.5482554375,-0.0019591875
0.375,0.5625,0.0625,0.4210711875,0.5492269375000001,0.0608185
0.375,0.5625,0.125,0.41868337499999997,0.5501984375000001,0.1235961875
0.375,0.5625,0.1875,0.4162955625,0.5511699375000001,0.186373875
0.375,0.5625,0.25,0.41390774999999996,0.5521414375,0.2491515625
0.375,0.5625,0.3125,0.4115199375,0.5531129375,0.31192925
0.375,0.5625,0.375,0.40913212499999996,0.5540844375,0.37470693749999995
0.375,0.5625,0.4375,0.4067443125,0.5550559375,0.43748462499999996
0.375,0.5625,0.5,0.40435649999999995,0.5560274375,0.5002623125
0.375,0.5625,0.5625,0.4019686875,0.5569989375000001,0.56304
0.375,0.5625,0.625,0.39958087499999995,0.5579704375000001,0.6258176875
0.375,0.5625,0.6875,0.39719306249999997,0.5589419375000001,0.688595375
0.375,0.5625,0.75,0.39480525,0.5599134375,0.7513730624999999
0.375,0.5625,0.8125,0.39241743749999997,0.5608849375,0.8141507499999999
0.375,0.5625,0.875,0.390029625,0.5618564375,0.8769284374999999
0.375,0.5625,0.9375,0.38764181249999996,0.5628279375,0.939706125
0.375,0.5625,1.0,0.385254,0.5637994375000001,1.0024838125
0.375,0.625,0.0,0.434836375,0.607950125,-0.0020568749999999997
0.375,0.625,0.0625,0.4324485625,0.608921625,0.0607208125
0.375,0.625,0.125,0.43006075,0.609893125,0.1234985
0.375,0.625,0.1875,0.4276729375,0.610864625,0.18627618749999997
0.375,0.625,0.25,0.425285125,0.611836125,0.24905387499999998
0.375,0.625,0.3125,0.4228973125,0.612807625,0.3118315625
0.375,0.625,0.375,0.4205095,0.613779125,0.37460924999999995
0.375,0.625,0.4375,0.4181216875,0.614750625,0.43738693749999996
0.375,0.625,0.5,0.415733875,0.615722125,0.500164625
0.375,0.625,0.5625,0.4133460625,0.616693625,0.5629423125
0.375,0.625,0.625,0.41095824999999997,0.617665125,0.62572
0.375,0.625,0.6875,0.4085704375,0.618636625,0.6884976875000001
0.375,0.625,0.75,0.406182625,0.619608125,0.751275375
0.375,0.625,0.8125,0.4037948125,0.620579625,0.8140530625
0.375,0.625,0.875,0.401407,0.621551125,0.87683075
0.375,0.625,0.9375,0.3990191875,0.622522625,0.9396084375
0.375,0.625,1.0,0.396631375,0.623494125,1.002386125
0.375,0.6875,0.0,0.44621374999999996,0.6676448125000001,-0.0021545625000000002
0.375,0.6875,0.0625,0.4438259375,0.6686163125000001,0.060623125
0.375,0.6875,0.125,0.44143812499999996,0.6695878125000001,0.1234008125
0.375,0.6875,0.1875,0.4390503125,0.6705593125000001,0.18617849999999997
0.375,0.6875,0.25,0.43666249999999995,0.6715308125,0.24895618749999998
0.375,0.6875,0.3125,0.4342746875,0.6725023125,0.311733875
0.375,0.6875,0.375,0.43188687499999995,0.6734738125,0.37451156249999995
0.375,0.6875,0.4375,0.4294990625,0.6744453125000001,0.43728924999999996
0.375,0.6875,0.5,0.42711124999999994,0.6754168125000001,0.5000669375
0.375,0.6875,0.5625,0.42472343749999997,0.6763883125000001,0.562844625
0.375,0.6875,0.625,0.422335625,0.6773598125000001,0.6256223125
0.375,0.6875,0.6875,0.41994781249999996,0.6783313125000001,0.6884
0.375,0.6875,0.75,0.41756,0.6793028125,0.7511776874999999
0.375,0.6875,0.8125,0.41517218749999996,0.6802743125,0.8139553749999999
0.375,0.6875,0.875,0.412784375,0.6812458125,0.8767330624999999
0.375,0.6875,0.9375,0.41039656249999995,0.6822173125000001,0.93951075
0.375,0.6875,1.0,0.40800875,0.6831888125000001,1.0022884375
0.375,0.75,0.0,0.457591125,0.7273395,-0.00225225
0.375,0.75,0.0625,0.4552033125,0.728311,0.0605254375
0.375,0.75,0.125,0.4528155,0.7292825000000001,0.123303125
0.375,0.75,0.1875,0.4504276875,0.7302540000000001,0.18608081249999997
0.375,0.75,0.25,0.448039875,0.7312255,0.24885849999999998
0.375,0.75,0.3125,0.4456520625,0.732197,0.3116361875
0.375,0.75,0.375,0.44326424999999997,0.7331685,0.37441387499999995
0.375,0.75,0.4375,0.4408764375,0.73414,0.43719156249999996
0.375,0.75,0.5,0.43848862499999997,0.7351115,0.49996925
0.375,0.75,0.5625,0.4361008125,0.736083,0.5627469375
0.375,0.75,0.625,0.433713,0.7370545000000001,0.6255246250000001
0.375,0.75,0.6875,0.4313251875,0.7380260000000001,0.6883023125000001
0.375,0.75,0.75,0.428937375,0.7389975,0.75108
0.375,0.75,0.8125,0.4265495625,0.739969,0.8138576875
0.375,0.75,0.875,0.42416175,0.7409405,0.876635375
0.375,0.75,0.9375,0.4217739375,0.741912,0.9394130625
0.375,0.75,1.0,0.419386125,0.7428835,1.00219075
0.375,0.8125,0.0,0.4689685,0.7870341875000001,-0.0023499375
0.375,0.8125,0.0625,0.46658068750000004,0.7880056875000001,0.060427749999999995
0.375,0.8125,0.125,0.464192875,0.7889771875000001,0.1232054375
0.375,0.8125,0.1875,0.46180506250000003,0.7899486875000001,0.18598312499999997
0.375,0.8125,0.25,0.45941725,0.7909201875,0.24876081249999998
0.375,0.8125,0.3125,0.4570294375,0.7918916875,0.3115385
0.375,0.8125,0.375,0.454641625,0.7928631875000001,0.37431618749999995
0.375,0.8125,0.4375,0.4522538125,0.7938346875000001,0.43709387499999997
0.375,0.8125,0.5,0.449866,0.7948061875000001,0.4998715625
0.375,0.8125,0.5625,0.4474781875,0.7957776875000001,0.56264925
0.375,0.8125,0.625,0.44509037500000004,0.7967491875000001,0.6254269375
0.375,0.8125,0.6875,0.4427025625,0.7977206875000001,0.688204625
0.375,0.8125,0.75,0.44031475000000003,0.7986921875,0.7509823124999999
0.375,0.8125,0.8125,0.4379269375,0.7996636875,0.8137599999999999
0.375,0.8125,0.875,0.435539125,0.8006351875000001,0.8765376874999999
0.375,0.8125,0.9375,0.4331513125,0.8016066875000001,0.939315375
0.375,0.8125,1.0,0.4307635,0.8025781875000001,1.0020930625
0.375,0.875,0.0,0.48034587500000003,0.846728875,-0.002447625
0.375,0.875,0.0625,0.47795806250000006,0.8477003750000001,0.0603300625
0.375,0.875,0.125,0.47557025,0.8486718750000001,0.12310775
0.375,0.875,0.1875,0.47318243750000005,0.8496433750000001,0.18588543749999997
0.375,0.875,0.25,0.470794625,0.850614875,0.24866312499999998
0.375,0.875,0.3125,0.46840681250000005,0.851586375,0.3114408125
0.375,0.875,0.375,0.466019,0.852557875,0.37421849999999995
0.375,0.875,0.4375,0.46363118750000004,0.853529375,0.43699618749999997
0.375,0.875,0.5,0.461243375,0.854500875,0.499773875
0.375,0.875,0.5625,0.45885556250000004,0.8554723750000001,0.5625515625
0.375,0.875,0.625,0.45646775000000006,0.8564438750000001,0.6253292500000001
0.375,0.875,0.6875,0.45407993750000003,0.8574153750000001,0.6881069375000001
0.375,0.875,0.75,0.45169212500000006,0.858386875,0.750884625
0.375,0.875,0.8125,0.4493043125,0.859358375,0.8136623125
0.375,0.875,0.875,0.44691650000000005,0.860329875,0.87644
0.375,0.875,0.9375,0.4445286875,0.861301375,0.9392176875
0.375,0.875,1.0,0.44214087500000004,0.862272875,1.001995375
0.375,0.9375,0.0,0.49172325,0.9064235625000001,-0.0025453125
0.375,0.9375,0.0625,0.4893354375,0.9073950625000001,0.060232375
0.375,0.9375,0.125,0.486947625,0.9083665625000001,0.1230100625
0.375,0.9375,0.1875,0.4845598125,0.9093380625000002,0.18578774999999997
0.375,0.9375,0.25,0.482172,0.9103095625000001,0.24856543749999999
0.375,0.9375,0.3125,0.4797841875,0.9112810625000001,0.311343125
0.375,0.9375,0.375,0.477396375,0.9122525625000001,0.37412081249999996
0.375,0.9375,0.4375,0.4750085625,0.9132240625000001,0.43689849999999997
0.375,0.9375,0.5,0.47262075,0.9141955625000001,0.4996761875
0.375,0.9375,0.5625,0.4702329375,0.9151670625000001,0.562453875
0.375,0.9375,0.625,0.467845125,0.9161385625000001,0.6252315625
0.375,0.9375,0.6875,0.4654573125,0.9171100625000002,0.68800925
0.375,0.9375,0.75,0.4630695,0.9180815625000001,0.7507869374999999
0.375,0.9375,0.8125,0.4606816875,0.9190530625000001,0.8135646249999999
0.375,0.9375,0.875,0.458293875,0.9200245625000001,0.8763423124999999
0.375,0.9375,0.9375,0.4559060625,0.9209960625000001,0.93912
0.375,0.9375,1.0,0.45351825,0.9219675625000001,1.0018976875
0.375,1.0,0.0,0.503100625,0.9661182500000001,-0.002643
0.375,1.0,0.0625,0.5007128125,0.9670897500000001,0.0601346875
0.375,1.0,0.125,0.49832499999999996,0.9680612500000001,0.12291237499999999
0.375,1.0,0.1875,0.4959371875,0.9690327500000001,0.18569006249999997
0.375,1.0,0.25,0.49354937499999996,0.97000425,0.24846775
0.375,1.0,0.3125,0.4911615625,0.97097575,0.3112454375
0.375,1.0,0.375,0.48877374999999995,0.97194725,0.37402312499999996
0.375,1.0,0.4375,0.4863859375,0.97291875,0.43680081249999997
0.375,1.0,0.5,0.48399812499999995,0.9738902500000001,0.4995785
0.375,1.0,0.5625,0.48161031249999997,0.9748617500000001,0.5623561875
0.375,1.0,0.625,0.4792225,0.9758332500000001,0.6251338750000001
0.375,1.0,0.6875,0.47683468749999997,0.9768047500000001,0.6879115625000001
0.375,1.0,0.75,0.474446875,0.97777625,0.75068925
0.375,1.0,0.8125,0.47205906249999996,0.97874775,0.8134669375
0.375,1.0,0.875,0.46967125,0.97971925,0.876244625
0.375,1.0,0.9375,0.46728343749999995,0.98069075,0.9390223125
0.375,1.0,1.0,0.464895625,0.9816622500000001,1.0018
0.4375,0.0,0.0,0.3745730625,0.012837125,-0.00126
0.4375,0.0,0.0625,0.37218525,0.013808625,0.0615176875
0.4375,0.0,0.125,0.3697974375,0.014780125,0.124295375
0.4375,0.0,0.1875,0.367409625,0.015751625,0.18707306249999997
0.4375,0.0,0.25,0.3650218125,0.016723125,0.24985074999999998
0.4375,0.0,0.3125,0.362634,0.017694625,0.3126284375
0.4375,0.0,0.375,0.3602461875,0.018666125,0.375406125
0.4375,0.0,0.4375,0.357858375,0.019637625,0.4381838125
0.4375,0.0,0.5,0.3554705625,0.020609125,0.5009615
0.4375,0.0,0.5625,0.35308275,0.021580625,0.5637391875
0.4375,0.0,0.625,0.3506949375,0.022552125,0.626516875
0.4375,0.0,0.6875,0.348307125,0.023523625,0.6892945625
0.4375,0.0,0.75,0.3459193125,0.024495125,0.7520722499999999
0.4375,0.0,0.8125,0.3435315,0.025466625,0.8148499374999999
0.4375,0.0,0.875,0.3411436875,0.026438125,0.8776276249999999
0.4375,0.0,0.9375,0.338755875,0.027409625,0.9404053124999999
0.4375,0.0,1.0,0.3363680625,0.028381125,1.003183
0.4375,0.0625,0.0,0.3859504375,0.0725318125,-0.0013576875
0.4375,0.0625,0.0625,0.38356262500000005,0.0735033125,0.061419999999999995
0.4375,0.0625,0.125,0.3811748125,0.0744748125,0.1241976875
0.4375,0.0625,0.1875,0.37878700000000004,0.0754463125,0.18697537499999997
0.4375,0.0625,0.25,0.3763991875,0.0764178125,0.24975306249999998
0.4375,0.0625,0.3125,0.37401137500000003,0.0773893125,0.31253075
0.4375,0.0625,0.375,0.3716235625,0.0783608125,0.3753084375
0.4375,0.0625,0.4375,0.36923575000000003,0.0793323125,0.438086125
0.4375,0.0625,0.5,0.3668479375,0.0803038125,0.5008638125
0.4375,0.0625,0.5625,0.364460125,0.0812753125,0.5636415
0.4375,0.0625,0.625,0.36207231250000005,0.0822468125,0.6264191875
0.4375,0.0625,0.6875,0.3596845,0.0832183125,0.689196875
0.4375,0.0625,0.75,0.35729668750000004,0.0841898125,0.7519745624999999
0.4375,0.0625,0.8125,0.354908875,0.0851613125,0.81475225
0.4375,0.0625,0.875,0.35252106250000004,0.0861328125,0.8775299375
0.4375,0.0625,0.9375,0.35013325,0.0871043125,0.940307625
0.4375,0.0625,1.0,0.34774543750000003,0.0880758125,1.0030853124999999
0.4375,0.125,0.0,0.3973278125,0.1322265,-0.001455375
0.4375,0.125,0.0625,0.39494,0.13319799999999998,0.0613223125
0.4375,0.125,0.125,0.3925521875,0.1341695,0.1241
0.4375,0.125,0.1875,0.390164375,0.13514099999999998,0.18687768749999997
0.4375,0.125,0.25,0.3877765625,0.1361125,0.24965537499999998
0.4375,0.125,0.3125,0.38538875,0.13708399999999998,0.3124330625
0.4375,0.125,0.375,0.38300093749999997,0.1380555,0.37521075
0.4375,0.125,0.4375,0.380613125,0.13902699999999998,0.4379884375
0.4375,0.125,0.5,0.37822531249999997,0.1399985,0.500766125
0.4375,0.125,0.5625,0.3758375,0.14096999999999998,0.5635438125
0.4375,0.125,0.625,0.37344968749999996,0.1419415,0.6263215
0.4375,0.125,0.6875,0.371061875,0.14291299999999998,0.6890991875
0.4375,0.125,0.75,0.3686740625,0.1438845,0.7518768749999999
0.4375,0.125,0.8125,0.36628625,0.14485599999999998,0.8146545624999999
0.4375,0.125,0.875,0.3638984375,0.1458275,0.8774322499999999
0.4375,0.125,0.9375,0.361510625,0.14679899999999999,0.9402099374999999
0.4375,0.125,1.0,0.3591228125,0.1477705,1.002987625
0.4375,0.1875,0.0,0.4087051875,0.1919211875,-0.0015530625
0.4375,0.1875,0.0625,0.40631737500000004,0.1928926875,0.061224625
0.4375,0.1875,0.125,0.4039295625,0.1938641875,0.1240023125
0.4375,0.1875,0.1875,0.40154175000000003,0.1948356875,0.18677999999999997
0.4375,0.1875,0.25,0.3991539375,0.1958071875,0.2495576875
0.4375,0.1875,0.3125,0.396766125,0.1967786875,0.312335375
0.4375,0.1875,0.375,0.3943783125,0.1977501875,0.3751130625
0.4375,0.1875,0.4375,0.3919905,0.1987216875,0.43789075
0.4375,0.1875,0.5,0.3896026875,0.1996931875,0.5006684375
0.4375,0.1875,0.5625,0.387214875,0.2006646875,0.563446125
0.4375,0.1875,0.625,0.3848270625,0.2016361875,0.6262238125
0.4375,0.1875,0.6875,0.38243925,0.2026076875,0.6890015
0.4375,0.1875,0.75,0.38005143750000003,0.2035791875,0.7517791875
0.4375,0.1875,0.8125,0.377663625,0.2045506875,0.814556875
0.4375,0.1875,0.875,0.37527581250000003,0.2055221875,0.8773345625
0.4375,0.1875,0.9375,0.372888,0.2064936875,0.94011225
0.4375,0.1875,1.0,0.3705001875,0.2074651875,1.0028899375
0.4375,0.25,0.0,0.4200825625,0.251615875,-0.00165075
0.4375,0.25,0.0625,0.41769475,0.252587375,0.0611269375
0.4375,0.25,0.125,0.4153069375,0.25355887499999996,0.12390462499999999
0.4375,0.25,0.1875,0.412919125,0.254530375,0.18668231249999998
0.4375,0.25,0.25,0.41053131249999997,0.255501875,0.24946
0.4375,0.25,0.3125,0.4081435,0.256473375,0.3122376875
0.4375,0.25,0.375,0.40575568749999996,0.25744487499999996,0.375015375
0.4375,0.25,0.4375,0.403367875,0.258416375,0.4377930625
0.4375,0.25,0.5,0.40098006249999996,0.259387875,0.50057075
0.4375,0.25,0.5625,0.39859225,0.260359375,0.5633484375
0.4375,0.25,0.625,0.3962044375,0.26133087499999996,0.626126125
0.4375,0.25,0.6875,0.393816625,0.262302375,0.6889038125
0.4375,0.25,0.75,0.3914288125,0.263273875,0.7516814999999999
0.4375,0.25,0.8125,0.38904099999999997,0.264245375,0.8144591874999999
0.4375,0.25,0.875,0.3866531875,0.26521687499999996,0.8772368749999999
0.4375,0.25,0.9375,0.38426537499999996,0.266188375,0.9400145624999999
0.4375,0.25,1.0,0.3818775625,0.267159875,1.00279225
0.4375,0.3125,0.0,0.4314599375,0.3113105625,-0.0017484375
0.4375,0.3125,0.0625,0.429072125,0.3122820625,0.06102925
0.4375,0.3125,0.125,0.4266843125,0.31325356249999997,0.12380693749999999
0.4375,0.3125,0.1875,0.4242965,0.3142250625,0.18658462499999998
0.4375,0.3125,0.25,0.4219086875,0.3151965625,0.2493623125
0.4375,0.3125,0.3125,0.419520875,0.3161680625,0.31214000000000003
0.4375,0.3125,0.375,0.4171330625,0.31713956249999997,0.3749176875
0.4375,0.3125,0.4375,0.41474525,0.3181110625,0.437695375
0.4375,0.3125,0.5,0.4123574375,0.3190825625,0.5004730625
0.4375,0.3125,0.5625,0.409969625,0.3200540625,0.56325075
0.4375,0.3125,0.625,0.40758181250000003,0.3210255625,0.6260284375
0.4375,0.3125,0.6875,0.405194,0.3219970625,0.688806125
0.4375,0.3125,0.75,0.4028061875,0.3229685625,0.7515838125
0.4375,0.3125,0.8125,0.400418375,0.3239400625,0.8143615
0.4375,0.3125,0.875,0.3980305625,0.3249115625,0.8771391875
0.4375,0.3125,0.9375,0.39564275,0.3258830625,0.939916875
0.4375,0.3125,1.0,0.3932549375,0.3268545625,1.0026945624999999
0.4375,0.375,0.0,0.4428373125,0.37100525,-0.0018461250000000001
0.4375,0.375,0.0625,0.44044950000000005,0.37197675,0.0609315625
0.4375,0.375,0.125,0.4380616875,0.37294825,0.12370924999999999
0.4375,0.375,0.1875,0.43567387500000004,0.37391975,0.18648693749999998
0.4375,0.375,0.25,0.4332860625,0.37489125,0.249264625
0.4375,0.375,0.3125,0.43089825000000004,0.37586275,0.31204231250000003
0.4375,0.375,0.375,0.4285104375,0.37683425,0.37482
0.4375,0.375,0.4375,0.42612262500000003,0.37780575,0.4375976875
0.4375,0.375,0.5,0.4237348125,0.37877725,0.500375375
0.4375,0.375,0.5625,0.421347,0.37974875,0.5631530625
0.4375,0.375,0.625,0.41895918750000005,0.38072025,0.62593075
0.4375,0.375,0.6875,0.416571375,0.38169175,0.6887084375
0.4375,0.375,0.75,0.41418356250000005,0.38266325,0.7514861249999999
0.4375,0.375,0.8125,0.41179575,0.38363475,0.8142638124999999
0.4375,0.375,0.875,0.40940793750000004,0.38460625,0.8770414999999999
0.4375,0.375,0.9375,0.407020125,0.38557775,0.9398191874999999
0.4375,0.375,1.0,0.40463231250000004,0.38654925,1.002596875
0.4375,0.4375,0.0,0.4542146875,0.4306999375,-0.0019438125
0.4375,0.4375,0.0625,0.451826875,0.43167143750000003,0.060833874999999996
0.4375,0.4375,0.125,0.4494390625,0.4326429375,0.1236115625
0.4375,0.4375,0.1875,0.44705125,0.4336144375,0.18638924999999998
0.4375,0.4375,0.25,0.4446634375,0.4345859375,0.2491669375
0.4375,0.4375,0.3125,0.442275625,0.43555743750000003,0.31194462500000003
0.4375,0.4375,0.375,0.4398878125,0.4365289375,0.3747223125
0.4375,0.4375,0.4375,0.4375,0.4375004375,0.4375
0.4375,0.4375,0.5,0.43511218749999997,0.4384719375,0.5002776875
0.4375,0.4375,0.5625,0.432724375,0.43944343750000003,0.563055375
0.4375,0.4375,0.625,0.43033656249999996,0.4404149375,0.6258330625
0.4375,0.4375,0.6875,0.42794875,0.4413864375,0.68861075
0.4375,0.4375,0.75,0.4255609375,0.4423579375,0.7513884375
0.4375,0.4375,0.8125,0.423173125,0.44332943750000003,0.814166125
0.4375,0.4375,0.875,0.4207853125,0.4443009375,0.8769438125
0.4375,0.4375,0.9375,0.4183975,0.4452724375,0.9397215
0.4375,0.4375,1.0,0.4160096875,0.4462439375,1.0024991875
0.4375,0.5,0.0,0.4655920625,0.49039462500000003,-0.0020415
0.4375,0.5,0.0625,0.46320425000000004,0.49136612500000004,0.0607361875
0.4375,0.5,0.125,0.4608164375,0.492337625,0.123513875
0.4375,0.5,0.1875,0.45842862500000003,0.493309125,0.18629156249999998
0.4375,0.5,0.25,0.4560408125,0.49428062500000003,0.24906925
0.4375,0.5,0.3125,0.45365300000000003,0.49525212500000004,0.31184693750000003
0.4375,0.5,0.375,0.4512651875,0.496223625,0.374624625
0.4375,0.5,0.4375,0.448877375,0.497195125,0.4374023125
0.4375,0.5,0.5,0.4464895625,0.49816662500000003,0.50018
0.4375,0.5,0.5625,0.44410175,0.49913812500000004,0.5629576875
0.4375,0.5,0.625,0.4417139375,0.500109625,0.625735375
0.4375,0.5,0.6875,0.439326125,0.501081125,0.6885130625
0.4375,0.5,0.75,0.43693831250000004,0.502052625,0.7512907499999999
0.4375,0.5,0.8125,0.4345505,0.503024125,0.8140684374999999
0.4375,0.5,0.875,0.43216268750000003,0.5039956250000001,0.8768461249999999
0.4375,0.5,0.9375,0.429774875,0.5049671250000001,0.9396238124999999
0.4375,0.5,1.0,0.4273870625,0.505938625,1.0024015
0.4375,0.5625,0.0,0.4769694375,0.5500893125,-0.0021391875
0.4375,0.5625,0.0625,0.474581625,0.5510608125,0.0606385
0.4375,0.5625,0.125,0.4721938125,0.5520323125000001,0.1234161875
0.4375,0.5625,0.1875,0.469806,0.5530038125000001,0.18619387499999998
0.4375,0.5625,0.25,0.46741818749999997,0.5539753125,0.2489715625
0.4375,0.5625,0.3125,0.465030375,0.5549468125,0.31174925000000003
0.4375,0.5625,0.375,0.46264256249999997,0.5559183125,0.3745269375
0.4375,0.5625,0.4375,0.46025475,0.5568898125,0.437304625
0.4375,0.5625,0.5,0.45786693749999996,0.5578613125,0.5000823125
0.4375,0.5625,0.5625,0.455479125,0.5588328125,0.56286
0.4375,0.5625,0.625,0.4530913125,0.5598043125000001,0.6256376875
0.4375,0.5625,0.6875,0.4507035,0.5607758125000001,0.688415375
0.4375,0.5625,0.75,0.4483156875,0.5617473125,0.7511930625
0.4375,0.5625,0.8125,0.445927875,0.5627188125,0.81397075
0.4375,0.5625,0.875,0.4435400625,0.5636903125,0.8767484375
0.4375,0.5625,0.9375,0.44115224999999997,0.5646618125,0.939526125
0.4375,0.5625,1.0,0.4387644375,0.5656333125,1.0023038125
0.4375,0.625,0.0,0.4883468125,0.609784,-0.002236875
0.4375,0.625,0.0625,0.48595900000000003,0.6107555,0.0605408125
0.4375,0.625,0.125,0.4835711875,0.611727,0.1233185
0.4375,0.625,0.1875,0.481183375,0.6126985,0.18609618749999998
0.4375,0.625,0.25,0.4787955625,0.6136699999999999,0.248873875
0.4375,0.625,0.3125,0.47640775,0.6146415,0.3116515625
0.4375,0.625,0.375,0.4740199375,0.615613,0.37442924999999994
0.4375,0.625,0.4375,0.471632125,0.6165845,0.43720693749999995
0.4375,0.625,0.5,0.4692443125,0.617556,0.49998462499999996
0.4375,0.625,0.5625,0.4668565,0.6185275,0.5627623125
0.4375,0.625,0.625,0.46446868750000003,0.619499,0.62554
0.4375,0.625,0.6875,0.462080875,0.6204705,0.6883176875
0.4375,0.625,0.75,0.4596930625,0.6214419999999999,0.7510953749999999
0.4375,0.625,0.8125,0.45730525,0.6224135,0.8138730624999999
0.4375,0.625,0.875,0.4549174375,0.623385,0.8766507499999999
0.4375,0.625,0.9375,0.452529625,0.6243565,0.9394284374999999
0.4375,0.625,1.0,0.4501418125,0.625328,1.002206125
0.4375,0.6875,0.0,0.4997241875,0.6694786875000001,-0.0023345625
0.4375,0.6875,0.0625,0.49733637500000005,0.6704501875000001,0.060443125
0.4375,0.6875,0.125,0.4949485625,0.6714216875000001,0.1232208125
0.4375,0.6875,0.1875,0.49256075000000005,0.6723931875000001,0.18599849999999998
0.4375,0.6875,0.25,0.4901729375,0.6733646875,0.2487761875
0.4375,0.6875,0.3125,0.48778512500000004,0.6743361875,0.311553875
0.4375,0.6875,0.375,0.4853973125,0.6753076875,0.37433156249999994
0.4375,0.6875,0.4375,0.48300950000000004,0.6762791875,0.43710924999999995
0.4375,0.6875,0.5,0.4806216875,0.6772506875000001,0.49988693749999996
0.4375,0.6875,0.5625,0.47823387500000003,0.6782221875000001,0.562664625
0.4375,0.6875,0.625,0.47584606250000006,0.6791936875000001,0.6254423125
0.4375,0.6875,0.6875,0.47345825,0.6801651875000001,0.68822
0.4375,0.6875,0.75,0.47107043750000005,0.6811366875,0.7509976875
0.4375,0.6875,0.8125,0.468682625,0.6821081875,0.813775375
0.4375,0.6875,0.875,0.46629481250000004,0.6830796875,0.8765530625
0.4375,0.6875,0.9375,0.463907,0.6840511875,0.93933075
0.4375,0.6875,1.0,0.46151918750000004,0.6850226875000001,1.0021084375
0.4375,0.75,0.0,0.5111015624999999,0.729173375,-0.00243225
0.4375,0.75,0.0625,0.50871375,0.730144875,0.0603454375
0.4375,0.75,0.125,0.5063259375,0.731116375,0.123123125
0.4375,0.75,0.1875,0.5039381249999999,0.732087875,0.18590081249999998
0.4375,0.75,0.25,0.5015503124999999,0.733059375,0.2486785
0.4375,0.75,0.3125,0.49916249999999995,0.734030875,0.3114561875
0.4375,0.75,0.375,0.4967746874999999,0.735002375,0.37423387499999994
0.4375,0.75,0.4375,0.49438687499999995,0.735973875,0.43701156249999995
0.4375,0.75,0.5,0.4919990624999999,0.736945375,0.49978924999999996
0.4375,0.75,0.5625,0.48961124999999994,0.737916875,0.5625669375
0.4375,0.75,0.625,0.48722343749999997,0.738888375,0.625344625
0.4375,0.75,0.6875,0.48483562499999994,0.7398598750000001,0.6881223125
0.4375,0.75,0.75,0.48244781249999996,0.740831375,0.7508999999999999
0.4375,0.75,0.8125,0.48005999999999993,0.741802875,0.8136776874999999
0.4375,0.75,0.875,0.47767218749999996,0.742774375,0.8764553749999999
0.4375,0.75,0.9375,0.4752843749999999,0.743745875,0.9392330624999999
0.4375,0.75,1.0,0.47289656249999995,0.744717375,1.00201075
0.4375,0.8125,0.0,0.5224789375,0.7888680625000001,-0.0025299375
0.4375,0.8125,0.0625,0.520091125,0.7898395625000001,0.060247749999999996
0.4375,0.8125,0.125,0.5177033125,0.7908110625000001,0.1230254375
0.4375,0.8125,0.1875,0.5153154999999999,0.7917825625000001,0.18580312499999999
0.4375,0.8125,0.25,0.5129276875,0.7927540625,0.2485808125
0.4375,0.8125,0.3125,0.510539875,0.7937255625,0.3113585
0.4375,0.8125,0.375,0.5081520625,0.7946970625,0.37413618749999994
0.4375,0.8125,0.4375,0.5057642499999999,0.7956685625000001,0.43691387499999995
0.4375,0.8125,0.5,0.5033764374999999,0.7966400625000001,0.49969156249999996
0.4375,0.8125,0.5625,0.500988625,0.7976115625000001,0.56246925
0.4375,0.8125,0.625,0.4986008125,0.7985830625000001,0.6252469375
0.4375,0.8125,0.6875,0.49621299999999996,0.7995545625000001,0.6880246250000001
0.4375,0.8125,0.75,0.4938251875,0.8005260625,0.7508023125
0.4375,0.8125,0.8125,0.49143737499999995,0.8014975625,0.81358
0.4375,0.8125,0.875,0.4890495625,0.8024690625,0.8763576875
0.4375,0.8125,0.9375,0.48666174999999995,0.8034405625000001,0.939135375
0.4375,0.8125,1.0,0.4842739375,0.8044120625000001,1.0019130625
0.4375,0.875,0.0,0.5338563125,0.84856275,-0.0026276249999999998
0.4375,0.875,0.0625,0.5314685,0.84953425,0.0601500625
0.4375,0.875,0.125,0.5290806875,0.8505057500000001,0.12292775
0.4375,0.875,0.1875,0.526692875,0.8514772500000001,0.1857054375
0.4375,0.875,0.25,0.5243050625,0.85244875,0.248483125
0.4375,0.875,0.3125,0.52191725,0.85342025,0.3112608125
0.4375,0.875,0.375,0.5195294375,0.85439175,0.37403849999999994
0.4375,0.875,0.4375,0.5171416249999999,0.85536325,0.43681618749999995
0.4375,0.875,0.5,0.5147538125,0.85633475,0.49959387499999997
0.4375,0.875,0.5625,0.512366,0.85730625,0.5623715625
0.4375,0.875,0.625,0.5099781875,0.8582777500000001,0.62514925
0.4375,0.875,0.6875,0.5075903749999999,0.8592492500000001,0.6879269375
0.4375,0.875,0.75,0.5052025625,0.86022075,0.7507046249999999
0.4375,0.875,0.8125,0.50281475,0.86119225,0.8134823124999999
0.4375,0.875,0.875,0.5004269375,0.86216375,0.8762599999999999
0.4375,0.875,0.9375,0.49803912499999997,0.86313525,0.9390376874999999
0.4375,0.875,1.0,0.4956513125,0.86410675,1.001815375
0.4375,0.9375,0.0,0.5452336875,0.9082574375000001,-0.0027253125000000003
0.4375,0.9375,0.0625,0.542845875,0.9092289375000001,0.060052375
0.4375,0.9375,0.125,0.5404580625000001,0.9102004375000001,0.1228300625
0.4375,0.9375,0.1875,0.53807025,0.9111719375000001,0.18560775
0.4375,0.9375,0.25,0.5356824375,0.9121434375,0.2483854375
0.4375,0.9375,0.3125,0.533294625,0.9131149375000001,0.311163125
0.4375,0.9375,0.375,0.5309068125,0.9140864375000001,0.37394081249999994
0.4375,0.9375,0.4375,0.528519,0.9150579375000001,0.43671849999999995
0.4375,0.9375,0.5,0.5261311875,0.9160294375000001,0.49949618749999997
0.4375,0.9375,0.5625,0.523743375,0.9170009375000001,0.562273875
0.4375,0.9375,0.625,0.5213555625,0.9179724375000001,0.6250515625
0.4375,0.9375,0.6875,0.5189677500000001,0.9189439375000001,0.6878292500000001
0.4375,0.9375,0.75,0.5165799375,0.9199154375,0.7506069375
0.4375,0.9375,0.8125,0.514192125,0.9208869375000001,0.813384625
0.4375,0.9375,0.875,0.5118043125,0.9218584375000001,0.8761623125
0.4375,0.9375,0.9375,0.5094165,0.9228299375000001,0.93894
0.4375,0.9375,1.0,0.5070286875,0.9238014375000001,1.0017176875
0.4375,1.0,0.0,0.5566110625,0.967952125,-0.002823
0.4375,1.0,0.0625,0.5542232500000001,0.9689236250000001,0.0599546875
0.4375,1.0,0.125,0.5518354375000001,0.9698951250000001,0.12273237499999999
0.4375,1.0,0.1875,0.549447625,0.9708666250000001,0.1855100625
0.4375,1.0,0.25,0.5470598125,0.971838125,0.24828775
0.4375,1.0,0.3125,0.544672,0.972809625,0.3110654375
0.4375,1.0,0.375,0.5422841875000001,0.973781125,0.37384312499999994
0.4375,1.0,0.4375,0.539896375,0.974752625,0.43662081249999996
0.4375,1.0,0.5,0.5375085625,0.975724125,0.49939849999999997
0.4375,1.0,0.5625,0.53512075,0.9766956250000001,0.5621761875
0.4375,1.0,0.625,0.5327329375000001,0.9776671250000001,0.624953875
0.4375,1.0,0.6875,0.530345125,0.9786386250000001,0.6877315625
0.4375,1.0,0.75,0.5279573125,0.979610125,0.7505092499999999
0.4375,1.0,0.8125,0.5255695,0.980581625,0.8132869374999999
0.4375,1.0,0.875,0.5231816875,0.981553125,0.8760646249999999
0.4375,1.0,0.9375,0.5207938750000001,0.982524625,0.9388423124999999
0.4375,1.0,1.0,0.5184060625,0.983496125,1.00162
0.5,0.0,0.0,0.4280835,0.014671,-0.00144
0.5,0.0,0.0625,0.42569568750000003,0.0156425,0.0613376875
0.5,0.0,0.125,0.423307875,0.016614,0.124115375
0.5,0.0,0.1875,0.4209200625,0.0175855,0.18689306249999998
0.5,0.0,0.25,0.41853225,0.018557,0.24967075
0.5,0.0,0.3125,0.4161444375,0.0195285,0.3124484375
0.5,0.0,0.375,0.413756625,0.0205,0.37522612499999997
0.5,0.0,0.4375,0.4113688125,0.0214715,0.4380038125
0.5,0.0,0.5,0.408981,0.022443,0.5007815
0.5,0.0,0.5625,0.4065931875,0.023414499999999998,0.5635591875
0.5,0.0,0.625,0.404205375,0.024385999999999998,0.626336875
0.5,0.0,0.6875,0.4018175625,0.025357499999999998,0.6891145625
0.5,0.0,0.75,0.39942975000000003,0.026328999999999998,0.7518922499999999
0.5,0.0,0.8125,0.3970419375,0.0273005,0.8146699374999999
0.5,0.0,0.875,0.394654125,0.028272,0.877447625
0.5,0.0,0.9375,0.3922663125,0.0292435,0.9402253125
0.5,0.0,1.0,0.3898785,0.030215,1.0030029999999999
0.5,0.0625,0.0,0.43946087500000003,0.0743656875,-0.0015376875
0.5,0.0625,0.0625,0.43707306250000005,0.0753371875,0.061239999999999996
0.5,0.0625,0.125,0.43468525,0.0763086875,0.1240176875
0.5,0.0625,0.1875,0.43229743750000005,0.0772801875,0.18679537499999999
0.5,0.0625,0.25,0.429909625,0.0782516875,0.2495730625
0.5,0.0625,0.3125,0.42752181250000004,0.0792231875,0.31235075
0.5,0.0625,0.375,0.425134,0.0801946875,0.37512843749999997
0.5,0.0625,0.4375,0.42274618750000004,0.0811661875,0.437906125
0.5,0.0625,0.5,0.420358375,0.0821376875,0.5006838124999999
0.5,0.0625,0.5625,0.41797056250000003,0.0831091875,0.5634615
0.5,0.0625,0.625,0.41558275,0.0840806875,0.6262391875
0.5,0.0625,0.6875,0.4131949375,0.0850521875,0.689016875
0.5,0.0625,0.75,0.41080712500000005,0.0860236875,0.7517945624999999
0.5,0.0625,0.8125,0.4084193125,0.0869951875,0.8145722499999999
0.5,0.0625,0.875,0.40603150000000005,0.0879666875,0.8773499374999999
0.5,0.0625,0.9375,0.4036436875,0.0889381875,0.9401276249999999
0.5,0.0625,1.0,0.40125587500000004,0.0899096875,1.0029053125
0.5,0.125,0.0,0.45083825,0.134060375,-0.0016353750000000001
0.5,0.125,0.0625,0.4484504375,0.135031875,0.0611423125
0.5,0.125,0.125,0.446062625,0.136003375,0.12392
0.5,0.125,0.1875,0.4436748125,0.136974875,0.1866976875
0.5,0.125,0.25,0.441287,0.137946375,0.249475375
0.5,0.125,0.3125,0.4388991875,0.138917875,0.3122530625
0.5,0.125,0.375,0.436511375,0.139889375,0.37503074999999997
0.5,0.125,0.4375,0.4341235625,0.140860875,0.4378084375
0.5,0.125,0.5,0.43173575,0.141832375,0.500586125
0.5,0.125,0.5625,0.4293479375,0.142803875,0.5633638125
0.5,0.125,0.625,0.426960125,0.143775375,0.6261415
0.5,0.125,0.6875,0.4245723125,0.144746875,0.6889191875
0.5,0.125,0.75,0.4221845,0.145718375,0.7516968749999999
0.5,0.125,0.8125,0.4197966875,0.146689875,0.8144745624999999
0.5,0.125,0.875,0.417408875,0.147661375,0.87725225
0.5,0.125,0.9375,0.4150210625,0.148632875,0.9400299375
0.5,0.125,1.0,0.41263325,0.149604375,1.002807625
0.5,0.1875,0.0,0.462215625,0.1937550625,-0.0017330625
0.5,0.1875,0.0625,0.45982781250000004,0.19472656249999998,0.061044625
0.5,0.1875,0.125,0.45744,0.1956980625,0.1238223125
0.5,0.1875,0.1875,0.45505218750000004,0.19666956249999998,0.1866
0.5,0.1875,0.25,0.452664375,0.1976410625,0.2493776875
0.5,0.1875,0.3125,0.45027656250000003,0.19861256249999998,0.312155375
0.5,0.1875,0.375,0.44788875,0.1995840625,0.37493306249999997
0.5,0.1875,0.4375,0.4455009375,0.20055556249999998,0.43771075
0.5,0.1875,0.5,0.443113125,0.2015270625,0.5004884374999999
0.5,0.1875,0.5625,0.4407253125,0.20249856249999998,0.563266125
0.5,0.1875,0.625,0.43833750000000005,0.2034700625,0.6260438125
0.5,0.1875,0.6875,0.4359496875,0.20444156249999998,0.6888215
0.5,0.1875,0.75,0.43356187500000004,0.2054130625,0.7515991874999999
0.5,0.1875,0.8125,0.4311740625,0.20638456249999998,0.8143768749999999
0.5,0.1875,0.875,0.42878625000000004,0.2073560625,0.8771545624999999
0.5,0.1875,0.9375,0.4263984375,0.20832756249999998,0.9399322499999999
0.5,0.1875,1.0,0.42401062500000003,0.2092990625,1.0027099375
0.5,0.25,0.0,0.473593,0.25344975000000003,-0.0018307500000000001
0.5,0.25,0.0625,0.4712051875,0.25442125000000004,0.0609469375
0.5,0.25,0.125,0.468817375,0.25539275,0.12372462499999999
0.5,0.25,0.1875,0.4664295625,0.25636425,0.1865023125
0.5,0.25,0.25,0.46404175,0.25733575000000003,0.24928
0.5,0.25,0.3125,0.4616539375,0.25830725000000004,0.3120576875
0.5,0.25,0.375,0.45926612499999997,0.25927875,0.37483537499999997
0.5,0.25,0.4375,0.4568783125,0.26025025,0.4376130625
0.5,0.25,0.5,0.45449049999999996,0.26122175000000003,0.50039075
0.5,0.25,0.5625,0.4521026875,0.26219325000000004,0.5631684375
0.5,0.25,0.625,0.44971487499999996,0.26316475,0.625946125
0.5,0.25,0.6875,0.4473270625,0.26413625,0.6887238125
0.5,0.25,0.75,0.44493925,0.26510775000000003,0.7515014999999999
0.5,0.25,0.8125,0.4425514375,0.26607925000000004,0.8142791875
0.5,0.25,0.875,0.440163625,0.26705075,0.877056875
0.5,0.25,0.9375,0.4377758125,0.26802225,0.9398345625
0.5,0.25,1.0,0.435388,0.26899375000000003,1.0026122499999999
0.5,0.3125,0.0,0.484970375,0.3131444375,-0.0019284375
0.5,0.3125,0.0625,0.48258256250000003,0.3141159375,0.06084925
0.5,0.3125,0.125,0.48019475,0.31508743749999996,0.12362693749999999
0.5,0.3125,0.1875,0.47780693750000003,0.31605893749999997,0.186404625
0.5,0.3125,0.25,0.475419125,0.3170304375,0.2491823125
0.5,0.3125,0.3125,0.4730313125,0.3180019375,0.31196
0.5,0.3125,0.375,0.4706435,0.31897343749999996,0.37473768749999997
0.5,0.3125,0.4375,0.4682556875,0.31994493749999997,0.437515375
0.5,0.3125,0.5,0.465867875,0.3209164375,0.5002930624999999
0.5,0.3125,0.5625,0.4634800625,0.3218879375,0.56307075
0.5,0.3125,0.625,0.46109225,0.32285943749999996,0.6258484375
0.5,0.3125,0.6875,0.4587044375,0.32383093749999997,0.688626125
0.5,0.3125,0.75,0.45631662500000003,0.3248024375,0.7514038124999999
0.5,0.3125,0.8125,0.4539288125,0.3257739375,0.8141814999999999
0.5,0.3125,0.875,0.451541,0.32674543749999996,0.8769591874999999
0.5,0.3125,0.9375,0.4491531875,0.32771693749999997,0.9397368749999999
0.5,0.3125,1.0,0.446765375,0.3286884375,1.0025145625
0.5,0.375,0.0,0.49634775,0.372839125,-0.002026125
0.5,0.375,0.0625,0.4939599375,0.373810625,0.060751562499999995
0.5,0.375,0.125,0.49157212499999997,0.37478212499999997,0.12352925
0.5,0.375,0.1875,0.4891843125,0.375753625,0.1863069375
0.5,0.375,0.25,0.48679649999999997,0.376725125,0.249084625
0.5,0.375,0.3125,0.4844086875,0.377696625,0.3118623125
0.5,0.375,0.375,0.48202087499999996,0.37866812499999997,0.37464
0.5,0.375,0.4375,0.4796330625,0.379639625,0.4374176875
0.5,0.375,0.5,0.47724524999999995,0.380611125,0.500195375
0.5,0.375,0.5625,0.4748574375,0.381582625,0.5629730625
0.5,0.375,0.625,0.472469625,0.38255412499999997,0.62575075
0.5,0.375,0.6875,0.4700818125,0.383525625,0.6885284375
0.5,0.375,0.75,0.467694,0.384497125,0.7513061249999999
0.5,0.375,0.8125,0.46530618749999997,0.385468625,0.8140838125
0.5,0.375,0.875,0.462918375,0.38644012499999997,0.8768615
0.5,0.375,0.9375,0.46053056249999996,0.387411625,0.9396391875
0.5,0.375,1.0,0.45814275,0.388383125,1.002416875
0.5,0.4375,0.0,0.507725125,0.4325338125,-0.0021238125
0.5,0.4375,0.0625,0.5053373125,0.4335053125,0.060653874999999996
0.5,0.4375,0.125,0.5029495,0.4344768125,0.1234315625
0.5,0.4375,0.1875,0.5005616875,0.4354483125,0.18620925
0.5,0.4375,0.25,0.498173875,0.4364198125,0.2489869375
0.5,0.4375,0.3125,0.4957860625,0.4373913125,0.311764625
0.5,0.4375,0.375,0.49339825,0.4383628125,0.3745423125
0.5,0.4375,0.4375,0.4910104375,0.4393343125,0.43732
0.5,0.4375,0.5,0.488622625,0.4403058125,0.5000976874999999
0.5,0.4375,0.5625,0.4862348125,0.4412773125,0.562875375
0.5,0.4375,0.625,0.483847,0.4422488125,0.6256530625
0.5,0.4375,0.6875,0.4814591875,0.4432203125,0.68843075
0.5,0.4375,0.75,0.479071375,0.4441918125,0.7512084374999999
0.5,0.4375,0.8125,0.4766835625,0.4451633125,0.8139861249999999
0.5,0.4375,0.875,0.47429575,0.4461348125,0.8767638124999999
0.5,0.4375,0.9375,0.4719079375,0.4471063125,0.9395414999999999
0.5,0.4375,1.0,0.469520125,0.4480778125,1.0023191875
0.5,0.5,0.0,0.5191025,0.4922285,-0.0022215
0.5,0.5,0.0625,0.5167146875,0.4932,0.0605561875
0.5,0.5,0.125,0.5143268750000001,0.4941715,0.123333875
0.5,0.5,0.1875,0.5119390625,0.495143,0.1861115625
0.5,0.5,0.25,0.50955125,0.4961145,0.24888925
0.5,0.5,0.3125,0.5071634375,0.49708600000000003,0.3116669375
0.5,0.5,0.375,0.5047756250000001,0.4980575,0.374444625
0.5,0.5,0.4375,0.5023878125,0.499029,0.4372223125
0.5,0.5,0.5,0.5,0.5000005,0.5
0.5,0.5,0.5625,0.4976121875,0.500972,0.5627776875
0.5,0.5,0.625,0.49522437500000005,0.5019435,0.625555375
0.5,0.5,0.6875,0.4928365625,0.502915,0.6883330625
0.5,0.5,0.75,0.49044875000000004,0.5038865,0.7511107499999999
0.5,0.5,0.8125,0.4880609375,0.504858,0.8138884375
0.5,0.5,0.875,0.48567312500000004,0.5058295,0.876666125
0.5,0.5,0.9375,0.4832853125,0.5068010000000001,0.9394438125
0.5,0.5,1.0,0.48089750000000003,0.5077725,1.0022214999999999
0.5,0.5625,0.0,0.530479875,0.5519231875,-0.0023191875
0.5,0.5625,0.0625,0.5280920625000001,0.5528946875,0.0604585
0.5,0.5625,0.125,0.5257042500000001,0.5538661875,0.1232361875
0.5,0.5625,0.1875,0.5233164375,0.5548376875000001,0.186013875
0.5,0.5625,0.25,0.520928625,0.5558091875,0.2487915625
0.5,0.5625,0.3125,0.5185408125000001,0.5567806875,0.31156925
0.5,0.5625,0.375,0.5161530000000001,0.5577521875,0.3743469375
0.5,0.5625,0.4375,0.5137651875,0.5587236875,0.437124625
0.5,0.5625,0.5,0.511377375,0.5596951875,0.4999023125
0.5,0.5625,0.5625,0.5089895625,0.5606666875,0.56268
0.5,0.5625,0.625,0.5066017500000001,0.5616381875,0.6254576875
0.5,0.5625,0.6875,0.5042139375000001,0.5626096875000001,0.688235375
0.5,0.5625,0.75,0.501826125,0.5635811875,0.7510130624999999
0.5,0.5625,0.8125,0.49943831250000004,0.5645526875,0.8137907499999999
0.5,0.5625,0.875,0.49705050000000006,0.5655241875,0.8765684374999999
0.5,0.5625,0.9375,0.49466268750000003,0.5664956875,0.9393461249999999
0.5,0.5625,1.0,0.49227487500000006,0.5674671875,1.0021238125
0.5,0.625,0.0,0.5418572500000001,0.611617875,-0.0024168749999999998
0.5,0.625,0.0625,0.5394694375000001,0.612589375,0.0603608125
0.5,0.625,0.125,0.5370816250000001,0.613560875,0.1231385
0.5,0.625,0.1875,0.5346938125,0.614532375,0.18591618749999997
0.5,0.625,0.25,0.5323060000000001,0.6155038749999999,0.24869387499999998
0.5,0.625,0.3125,0.5299181875000001,0.6164753749999999,0.3114715625
0.5,0.625,0.375,0.5275303750000001,0.617446875,0.37424925
0.5,0.625,0.4375,0.5251425625,0.618418375,0.4370269375
0.5,0.625,0.5,0.52275475,0.619389875,0.499804625
0.5,0.625,0.5625,0.5203669375000001,0.620361375,0.5625823125
0.5,0.625,0.625,0.5179791250000001,0.621332875,0.62536
0.5,0.625,0.6875,0.5155913125,0.622304375,0.6881376875
0.5,0.625,0.75,0.5132035,0.6232758749999999,0.7509153749999999
0.5,0.625,0.8125,0.5108156875000001,0.6242473749999999,0.8136930625
0.5,0.625,0.875,0.5084278750000001,0.625218875,0.87647075
0.5,0.625,0.9375,0.5060400625000001,0.626190375,0.9392484375
0.5,0.625,1.0,0.50365225,0.627161875,1.002026125
0.5,0.6875,0.0,0.553234625,0.6713125625,-0.0025145625000000003
0.5,0.6875,0.0625,0.5508468125,0.6722840625000001,0.060263125
0.5,0.6875,0.125,0.548459,0.6732555625000001,0.1230408125
0.5,0.6875,0.1875,0.5460711874999999,0.6742270625000001,0.18581849999999997
0.5,0.6875,0.25,0.543683375,0.6751985625,0.24859618749999998
0.5,0.6875,0.3125,0.5412955625,0.6761700625,0.311373875
0.5,0.6875,0.375,0.53890775,0.6771415625,0.3741515625
0.5,0.6875,0.4375,0.5365199374999999,0.6781130625,0.43692925
0.5,0.6875,0.5,0.534132125,0.6790845625,0.4997069375
0.5,0.6875,0.5625,0.5317443125,0.6800560625000001,0.562484625
0.5,0.6875,0.625,0.5293565,0.6810275625000001,0.6252623125
0.5,0.6875,0.6875,0.5269686874999999,0.6819990625000001,0.68804
0.5,0.6875,0.75,0.524580875,0.6829705625,0.7508176874999999
0.5,0.6875,0.8125,0.5221930625,0.6839420625,0.8135953749999999
0.5,0.6875,0.875,0.51980525,0.6849135625,0.8763730624999999
0.5,0.6875,0.9375,0.5174174375,0.6858850625,0.9391507499999999
0.5,0.6875,1.0,0.5150296249999999,0.6868565625,1.0019284375
0.5,0.75,0.0,0.564612,0.73100725,-0.00261225
0.5,0.75,0.0625,0.5622241875,0.73197875,0.0601654375
0.5,0.75,0.125,0.559836375,0.73295025,0.122943125
0.5,0.75,0.1875,0.5574485625,0.73392175,0.18572081249999997
0.5,0.75,0.25,0.55506075,0.7348932499999999,0.24849849999999998
0.5,0.75,0.3125,0.5526729375,0.73586475,0.3112761875
0.5,0.75,0.375,0.550285125,0.73683625,0.374053875
0.5,0.75,0.4375,0.5478973125,0.73780775,0.4368315625
0.5,0.75,0.5,0.5455095,0.73877925,0.49960925
0.5,0.75,0.5625,0.5431216875,0.73975075,0.5623869375
0.5,0.75,0.625,0.540733875,0.74072225,0.625164625
0.5,0.75,0.6875,0.5383460625,0.74169375,0.6879423125
0.5,0.75,0.75,0.53595825,0.7426652499999999,0.7507199999999999
0.5,0.75,0.8125,0.5335704375,0.74363675,0.8134976875
0.5,0.75,0.875,0.531182625,0.74460825,0.876275375
0.5,0.75,0.9375,0.5287948125,0.74557975,0.9390530625
0.5,0.75,1.0,0.526407,0.74655125,1.0018307499999999
0.5,0.8125,0.0,0.575989375,0.7907019375000001,-0.0027099375
0.5,0.8125,0.0625,0.5736015625,0.7916734375000001,0.060067749999999996
0.5,0.8125,0.125,0.5712137500000001,0.7926449375000001,0.1228454375
0.5,0.8125,0.1875,0.5688259375,0.7936164375000001,0.18562312499999997
0.5,0.8125,0.25,0.566438125,0.7945879375,0.24840081249999998
0.5,0.8125,0.3125,0.5640503125,0.7955594375,0.3111785
0.5,0.8125,0.375,0.5616625000000001,0.7965309375,0.3739561875
0.5,0.8125,0.4375,0.5592746875,0.7975024375,0.436733875
0.5,0.8125,0.5,0.556886875,0.7984739375000001,0.4995115625
0.5,0.8125,0.5625,0.5544990625,0.7994454375000001,0.56228925
0.5,0.8125,0.625,0.55211125,0.8004169375000001,0.6250669375
0.5,0.8125,0.6875,0.5497234375,0.8013884375000001,0.687844625
0.5,0.8125,0.75,0.547335625,0.8023599375,0.7506223124999999
0.5,0.8125,0.8125,0.5449478125,0.8033314375,0.8133999999999999
0.5,0.8125,0.875,0.54256,0.8043029375,0.8761776874999999
0.5,0.8125,0.9375,0.5401721875000001,0.8052744375,0.9389553749999999
0.5,0.8125,1.0,0.537784375,0.8062459375000001,1.0017330625
0.5,0.875,0.0,0.58736675,0.850396625,-0.0028076250000000002
0.5,0.875,0.0625,0.5849789375000001,0.851368125,0.0599700625
0.5,0.875,0.125,0.5825911250000001,0.852339625,0.12274775
0.5,0.875,0.1875,0.5802033125,0.8533111250000001,0.18552543749999997
0.5,0.875,0.25,0.5778155,0.854282625,0.24830312499999999
0.5,0.875,0.3125,0.5754276875000001,0.855254125,0.3110808125
0.5,0.875,0.375,0.5730398750000001,0.856225625,0.3738585
0.5,0.875,0.4375,0.5706520625,0.857197125,0.4366361875
0.5,0.875,0.5,0.56826425,0.858168625,0.499413875
0.5,0.875,0.5625,0.5658764375,0.859140125,0.5621915625
0.5,0.875,0.625,0.5634886250000001,0.860111625,0.62496925
0.5,0.875,0.6875,0.5611008125000001,0.8610831250000001,0.6877469375
0.5,0.875,0.75,0.558713,0.862054625,0.750524625
0.5,0.875,0.8125,0.5563251875,0.863026125,0.8133023125
0.5,0.875,0.875,0.5539373750000001,0.863997625,0.87608
0.5,0.875,0.9375,0.5515495625000001,0.864969125,0.9388576875
0.5,0.875,1.0,0.54916175,0.865940625,1.001635375
0.5,0.9375,0.0,0.5987441250000001,0.9100913125000001,-0.0029053125
0.5,0.9375,0.0625,0.5963563125000001,0.9110628125000001,0.059872375
0.5,0.9375,0.125,0.5939685000000001,0.9120343125000001,0.12265006249999999
0.5,0.9375,0.1875,0.5915806875,0.9130058125000001,0.18542774999999997
0.5,0.9375,0.25,0.5891928750000001,0.9139773125,0.2482054375
0.5,0.9375,0.3125,0.5868050625000001,0.9149488125,0.310983125
0.5,0.9375,0.375,0.5844172500000001,0.9159203125000001,0.3737608125
0.5,0.9375,0.4375,0.5820294375,0.9168918125000001,0.4365385
0.5,0.9375,0.5,0.579641625,0.9178633125000001,0.4993161875
0.5,0.9375,0.5625,0.5772538125000001,0.9188348125000001,0.562093875
0.5,0.9375,0.625,0.5748660000000001,0.9198063125000001,0.6248715625
0.5,0.9375,0.6875,0.5724781875,0.9207778125000001,0.68764925
0.5,0.9375,0.75,0.570090375,0.9217493125,0.7504269374999999
0.5,0.9375,0.8125,0.5677025625000001,0.9227208125,0.8132046249999999
0.5,0.9375,0.875,0.5653147500000001,0.9236923125000001,0.8759823124999999
0.5,0.9375,0.9375,0.5629269375000001,0.9246638125000001,0.9387599999999999
0.5,0.9375,1.0,0.560539125,0.9256353125000001,1.0015376875
0.5,1.0,0.0,0.6101215,0.969786,-0.003003
0.5,1.0,0.0625,0.6077336875,0.9707575,0.0597746875
0.5,1.0,0.125,0.605345875,0.9717290000000001,0.12255237499999999
0.5,1.0,0.1875,0.6029580625,0.9727005000000001,0.18533006249999998
0.5,1.0,0.25,0.60057025,0.973672,0.24810775
0.5,1.0,0.3125,0.5981824375,0.9746435,0.31088543750000003
0.5,1.0,0.375,0.595794625,0.975615,0.373663125
0.5,1.0,0.4375,0.5934068124999999,0.9765865,0.4364408125
0.5,1.0,0.5,0.591019,0.977558,0.4992185
0.5,1.0,0.5625,0.5886311875,0.9785295,0.5619961875
0.5,1.0,0.625,0.586243375,0.9795010000000001,0.624773875
0.5,1.0,0.6875,0.5838555624999999,0.9804725000000001,0.6875515625
0.5,1.0,0.75,0.58146775,0.981444,0.75032925
0.5,1.0,0.8125,0.5790799375,0.9824155,0.8131069375
0.5,1.0,0.875,0.576692125,0.983387,0.875884625
0.5,1.0,0.9375,0.5743043125,0.9843585,0.9386623125
0.5,1.0,1.0,0.5719164999999999,0.98533,1.0014399999999999
0.5625,0.0,0.0,0.4815939375,0.016504875,-0.0016200000000000001
0.5625,0.0,0.0625,0.47920612500000004,0.017476375,0.061157687499999995
0.5625,0.0,0.125,0.4768183125,0.018447875,0.123935375
0.5625,0.0,0.1875,0.47443050000000003,0.019419375,0.18671306249999997
0.5625,0.0,0.25,0.4720426875,0.020390875,0.24949074999999998
0.5625,0.0,0.3125,0.469654875,0.021362375,0.3122684375
0.5625,0.0,0.375,0.4672670625,0.022333875,0.37504612499999995
0.5625,0.0,0.4375,0.46487925,0.023305375,0.43782381249999996
0.5625,0.0,0.5,0.4624914375,0.024276875,0.5006015
0.5625,0.0,0.5625,0.460103625,0.025248374999999997,0.5633791875
0.5625,0.0,0.625,0.45771581250000004,0.026219874999999997,0.6261568750000001
0.5625,0.0,0.6875,0.455328,0.027191374999999997,0.6889345625000001
0.5625,0.0,0.75,0.45294018750000004,0.028162874999999997,0.75171225
0.5625,0.0,0.8125,0.450552375,0.029134374999999997,0.8144899375
0.5625,0.0,0.875,0.44816456250000003,0.030105874999999997,0.877267625
0.5625,0.0,0.9375,0.44577675,0.031077374999999997,0.9400453125
0.5625,0.0,1.0,0.4433889375,0.032048875,1.002823
0.5625,0.0625,0.0,0.49297131250000004,0.0761995625,-0.0017176875
0.5625,0.0625,0.0625,0.49058350000000006,0.0771710625,0.061059999999999996
0.5625,0.0625,0.125,0.48819568750000003,0.0781425625,0.1238376875
0.5625,0.0625,0.1875,0.48580787500000006,0.0791140625,0.18661537499999997
0.5625,0.0625,0.25,0.4834200625,0.0800855625,0.24939306249999998
0.5625,0.0625,0.3125,0.48103225000000005,0.0810570625,0.31217075
0.5625,0.0625,0.375,0.4786444375,0.0820285625,0.37494843749999995
0.5625,0.0625,0.4375,0.47625662500000004,0.0830000625,0.43772612499999997
0.5625,0.0625,0.5,0.4738688125,0.0839715625,0.5005038125
0.5625,0.0625,0.5625,0.47148100000000004,0.0849430625,0.5632815
0.5625,0.0625,0.625,0.46909318750000006,0.0859145625,0.6260591875
0.5625,0.0625,0.6875,0.46670537500000003,0.0868860625,0.688836875
0.5625,0.0625,0.75,0.46431756250000006,0.0878575625,0.7516145624999999
0.5625,0.0625,0.8125,0.46192975000000003,0.0888290625,0.8143922499999999
0.5625,0.0625,0.875,0.45954193750000005,0.0898005625,0.8771699374999999
0.5625,0.0625,0.9375,0.457154125,0.0907720625,0.939947625
0.5625,0.0625,1.0,0.45476631250000005,0.0917435625,1.0027253125
0.5625,0.125,0.0,0.5043486875000001,0.13589425,-0.0018153750000000001
0.5625,0.125,0.0625,0.5019608750000001,0.13686574999999998,0.0609623125
0.5625,0.125,0.125,0.49957306250000005,0.13783725,0.12374
0.5625,0.125,0.1875,0.4971852500000001,0.13880874999999998,0.18651768749999997
0.5625,0.125,0.25,0.49479743750000005,0.13978025,0.24929537499999999
0.5625,0.125,0.3125,0.4924096250000001,0.14075174999999998,0.3120730625
0.5625,0.125,0.375,0.49002181250000004,0.14172325,0.37485074999999995
0.5625,0.125,0.4375,0.48763400000000007,0.14269474999999998,0.43762843749999997
0.5625,0.125,0.5,0.48524618750000004,0.14366625,0.500406125
0.5625,0.125,0.5625,0.48285837500000006,0.14463774999999998,0.5631838125
0.5625,0.125,0.625,0.4804705625000001,0.14560925,0.6259615000000001
0.5625,0.125,0.6875,0.47808275000000006,0.14658074999999998,0.6887391875000001
0.5625,0.125,0.75,0.4756949375000001,0.14755225,0.751516875
0.5625,0.125,0.8125,0.47330712500000005,0.14852374999999998,0.8142945625
0.5625,0.125,0.875,0.4709193125000001,0.14949525,0.87707225
0.5625,0.125,0.9375,0.46853150000000005,0.15046674999999998,0.9398499375
0.5625,0.125,1.0,0.46614368750000007,0.15143825,1.002627625
0.5625,0.1875,0.0,0.5157260625,0.1955889375,-0.0019130625
0.5625,0.1875,0.0625,0.51333825,0.1965604375,0.060864625
0.5625,0.1875,0.125,0.5109504375,0.1975319375,0.12364231249999999
0.5625,0.1875,0.1875,0.5085626249999999,0.1985034375,0.18641999999999997
0.5625,0.1875,0.25,0.5061748125,0.1994749375,0.2491976875
0.5625,0.1875,0.3125,0.503787,0.2004464375,0.311975375
0.5625,0.1875,0.375,0.5013991875,0.2014179375,0.37475306249999996
0.5625,0.1875,0.4375,0.499011375,0.2023894375,0.43753074999999997
0.5625,0.1875,0.5,0.49662356249999995,0.2033609375,0.5003084375
0.5625,0.1875,0.5625,0.49423575,0.2043324375,0.563086125
0.5625,0.1875,0.625,0.4918479375,0.2053039375,0.6258638125
0.5625,0.1875,0.6875,0.48946012499999997,0.2062754375,0.6886415
0.5625,0.1875,0.75,0.4870723125,0.2072469375,0.7514191874999999
0.5625,0.1875,0.8125,0.48468449999999996,0.2082184375,0.8141968749999999
0.5625,0.1875,0.875,0.4822966875,0.2091899375,0.8769745624999999
0.5625,0.1875,0.9375,0.47990887499999996,0.2101614375,0.93975225
0.5625,0.1875,1.0,0.4775210625,0.2111329375,1.0025299375
0.5625,0.25,0.0,0.5271034375,0.255283625,-0.00201075
0.5625,0.25,0.0625,0.524715625,0.25625512500000003,0.0607669375
0.5625,0.25,0.125,0.5223278125,0.257226625,0.12354462499999999
0.5625,0.25,0.1875,0.51994,0.258198125,0.18632231249999998
0.5625,0.25,0.25,0.5175521875,0.259169625,0.2491
0.5625,0.25,0.3125,0.515164375,0.26014112500000003,0.3118776875
0.5625,0.25,0.375,0.5127765625,0.261112625,0.37465537499999996
0.5625,0.25,0.4375,0.51038875,0.262084125,0.43743306249999997
0.5625,0.25,0.5,0.5080009375,0.263055625,0.50021075
0.5625,0.25,0.5625,0.505613125,0.26402712500000003,0.5629884375
0.5625,0.25,0.625,0.5032253125,0.264998625,0.6257661250000001
0.5625,0.25,0.6875,0.5008375,0.265970125,0.6885438125000001
0.5625,0.25,0.75,0.4984496875,0.266941625,0.7513215
0.5625,0.25,0.8125,0.496061875,0.26791312500000003,0.8140991875
0.5625,0.25,0.875,0.4936740625,0.268884625,0.876876875
0.5625,0.25,0.9375,0.49128625,0.269856125,0.9396545625
0.5625,0.25,1.0,0.4888984375,0.270827625,1.00243225
0.5625,0.3125,0.0,0.5384808125,0.31497831249999997,-0.0021084375
0.5625,0.3125,0.0625,0.536093,0.3159498125,0.06066925
0.5625,0.3125,0.125,0.5337051875000001,0.31692131249999994,0.12344693749999999
0.5625,0.3125,0.1875,0.531317375,0.31789281249999995,0.18622462499999998
0.5625,0.3125,0.25,0.5289295625,0.31886431249999997,0.2490023125
0.5625,0.3125,0.3125,0.52654175,0.3198358125,0.31178
0.5625,0.3125,0.375,0.5241539375000001,0.32080731249999994,0.37455768749999996
0.5625,0.3125,0.4375,0.521766125,0.32177881249999996,0.43733537499999997
0.5625,0.3125,0.5,0.5193783125,0.32275031249999997,0.5001130625
0.5625,0.3125,0.5625,0.5169905,0.3237218125,0.56289075
0.5625,0.3125,0.625,0.5146026875,0.32469331249999994,0.6256684375
0.5625,0.3125,0.6875,0.512214875,0.32566481249999996,0.688446125
0.5625,0.3125,0.75,0.5098270625,0.32663631249999997,0.7512238124999999
0.5625,0.3125,0.8125,0.50743925,0.3276078125,0.8140014999999999
0.5625,0.3125,0.875,0.5050514375,0.32857931249999994,0.8767791875
0.5625,0.3125,0.9375,0.5026636250000001,0.32955081249999996,0.939556875
0.5625,0.3125,1.0,0.5002758125,0.33052231249999997,1.0023345625
0.5625,0.375,0.0,0.5498581875,0.374673,-0.002206125
0.5625,0.375,0.0625,0.5474703750000001,0.3756445,0.060571562499999995
0.5625,0.375,0.125,0.5450825625000001,0.37661599999999995,0.12334925
0.5625,0.375,0.1875,0.54269475,0.37758749999999996,0.18612693749999998
0.5625,0.375,0.25,0.5403069375,0.378559,0.248904625
0.5625,0.375,0.3125,0.537919125,0.3795305,0.3116823125
0.5625,0.375,0.375,0.5355313125000001,0.38050199999999995,0.37445999999999996
0.5625,0.375,0.4375,0.5331435,0.38147349999999997,0.43723768749999997
0.5625,0.375,0.5,0.5307556875,0.382445,0.500015375
0.5625,0.375,0.5625,0.528367875,0.3834165,0.5627930625
0.5625,0.375,0.625,0.5259800625000001,0.38438799999999995,0.6255707500000001
0.5625,0.375,0.6875,0.5235922500000001,0.38535949999999997,0.6883484375000001
0.5625,0.375,0.75,0.5212044375,0.386331,0.751126125
0.5625,0.375,0.8125,0.518816625,0.3873025,0.8139038125
0.5625,0.375,0.875,0.5164288125000001,0.38827399999999995,0.8766815
0.5625,0.375,0.9375,0.5140410000000001,0.38924549999999997,0.9394591875
0.5625,0.375,1.0,0.5116531875,0.390217,1.002236875
0.5625,0.4375,0.0,0.5612355625000001,0.4343676875,-0.0023038125000000003
0.5625,0.4375,0.0625,0.5588477500000001,0.4353391875,0.060473874999999996
0.5625,0.4375,0.125,0.5564599375000001,0.43631068749999996,0.1232515625
0.5625,0.4375,0.1875,0.554072125,0.4372821875,0.18602924999999998
0.5625,0.4375,0.25,0.5516843125,0.4382536875,0.2488069375
0.5625,0.4375,0.3125,0.5492965000000001,0.4392251875,0.311584625
0.5625,0.4375,0.375,0.5469086875000001,0.44019668749999996,0.37436231249999996
0.5625,0.4375,0.4375,0.544520875,0.4411681875,0.43714
0.5625,0.4375,0.5,0.5421330625,0.4421396875,0.4999176875
0.5625,0.4375,0.5625,0.5397452500000001,0.4431111875,0.562695375
0.5625,0.4375,0.625,0.5373574375000001,0.44408268749999996,0.6254730625
0.5625,0.4375,0.6875,0.534969625,0.4450541875,0.68825075
0.5625,0.4375,0.75,0.5325818125,0.4460256875,0.7510284374999999
0.5625,0.4375,0.8125,0.530194,0.4469971875,0.8138061249999999
0.5625,0.4375,0.875,0.5278061875000001,0.44796868749999996,0.8765838125
0.5625,0.4375,0.9375,0.5254183750000001,0.4489401875,0.9393615
0.5625,0.4375,1.0,0.5230305625,0.4499116875,1.0021391875
0.5625,0.5,0.0,0.5726129375,0.494062375,-0.0024015
0.5625,0.5,0.0625,0.570225125,0.495033875,0.0603761875
0.5625,0.5,0.125,0.5678373125,0.49600537499999997,0.123153875
0.5625,0.5,0.1875,0.5654494999999999,0.496976875,0.18593156249999998
0.5625,0.5,0.25,0.5630616875,0.497948375,0.24870925
0.5625,0.5,0.3125,0.560673875,0.498919875,0.3114869375
0.5625,0.5,0.375,0.5582860625,0.49989137499999997,0.37426462499999996
0.5625,0.5,0.4375,0.5558982499999999,0.500862875,0.4370423125
0.5625,0.5,0.5,0.5535104375,0.5018343749999999,0.49982
0.5625,0.5,0.5625,0.551122625,0.502805875,0.5625976875
0.5625,0.5,0.625,0.5487348125,0.503777375,0.6253753750000001
0.5625,0.5,0.6875,0.5463469999999999,0.504748875,0.6881530625000001
0.5625,0.5,0.75,0.5439591874999999,0.505720375,0.75093075
0.5625,0.5,0.8125,0.541571375,0.506691875,0.8137084375
0.5625,0.5,0.875,0.5391835625,0.507663375,0.876486125
0.5625,0.5,0.9375,0.53679575,0.508634875,0.9392638125
0.5625,0.5,1.0,0.5344079374999999,0.509606375,1.0020415
0.5625,0.5625,0.0,0.5839903125,0.5537570625,-0.0024991875
0.5625,0.5625,0.0625,0.5816025,0.5547285625,0.0602785
0.5625,0.5625,0.125,0.5792146875,0.5557000625,0.1230561875
0.5625,0.5625,0.1875,0.576826875,0.5566715625,0.18583387499999998
0.5625,0.5625,0.25,0.5744390625,0.5576430625,0.2486115625
0.5625,0.5625,0.3125,0.57205125,0.5586145625,0.31138925
0.5625,0.5625,0.375,0.5696634375,0.5595860625,0.37416693749999996
0.5625,0.5625,0.4375,0.567275625,0.5605575625,0.436944625
0.5625,0.5625,0.5,0.5648878125,0.5615290625,0.4997223125
0.5625,0.5625,0.5625,0.5625,0.5625005625,0.5625
0.5625,0.5625,0.625,0.5601121875,0.5634720625,0.6252776875
0.5625,0.5625,0.6875,0.557724375,0.5644435625,0.688055375
0.5625,0.5625,0.75,0.5553365625,0.5654150625,0.7508330624999999
0.5625,0.5625,0.8125,0.55294875,0.5663865625,0.8136107499999999
0.5625,0.5625,0.875,0.5505609375,0.5673580625,0.8763884375
0.5625,0.5625,0.9375,0.548173125,0.5683295625,0.939166125
0.5625,0.5625,1.0,0.5457853125,0.5693010625,1.0019438125
0.5625,0.625,0.0,0.5953676875,0.61345175,-0.0025968750000000002
0.5625,0.625,0.0625,0.592979875,0.61442325,0.0601808125
0.5625,0.625,0.125,0.5905920625000001,0.61539475,0.1229585
0.5625,0.625,0.1875,0.58820425,0.61636625,0.18573618749999998
0.5625,0.625,0.25,0.5858164375,0.6173377499999999,0.248513875
0.5625,0.625,0.3125,0.583428625,0.6183092499999999,0.3112915625
0.5625,0.625,0.375,0.5810408125000001,0.6192807499999999,0.37406924999999996
0.5625,0.625,0.4375,0.578653,0.62025225,0.4368469375
0.5625,0.625,0.5,0.5762651875,0.62122375,0.499624625
0.5625,0.625,0.5625,0.573877375,0.62219525,0.5624023125
0.5625,0.625,0.625,0.5714895625,0.62316675,0.62518
0.5625,0.625,0.6875,0.56910175,0.62413825,0.6879576875
0.5625,0.625,0.75,0.5667139375,0.6251097499999999,0.7507353749999999
0.5625,0.625,0.8125,0.564326125,0.6260812499999999,0.8135130624999999
0.5625,0.625,0.875,0.5619383125,0.6270527499999999,0.8762907499999999
0.5625,0.625,0.9375,0.5595505000000001,0.62802425,0.9390684374999999
0.5625,0.625,1.0,0.5571626875,0.62899575,1.001846125
0.5625,0.6875,0.0,0.6067450625,0.6731464375,-0.0026945625
0.5625,0.6875,0.0625,0.6043572500000001,0.6741179375,0.060083125
0.5625,0.6875,0.125,0.6019694375000001,0.6750894375000001,0.1228608125
0.5625,0.6875,0.1875,0.599581625,0.6760609375000001,0.18563849999999998
0.5625,0.6875,0.25,0.5971938125,0.6770324375,0.2484161875
0.5625,0.6875,0.3125,0.5948060000000001,0.6780039375,0.311193875
0.5625,0.6875,0.375,0.5924181875000001,0.6789754375,0.37397156249999997
0.5625,0.6875,0.4375,0.590030375,0.6799469375,0.43674925
0.5625,0.6875,0.5,0.5876425625,0.6809184375,0.4995269375
0.5625,0.6875,0.5625,0.58525475,0.6818899375,0.562304625
0.5625,0.6875,0.625,0.5828669375000001,0.6828614375000001,0.6250823125
0.5625,0.6875,0.6875,0.5804791250000001,0.6838329375000001,0.68786
0.5625,0.6875,0.75,0.5780913125,0.6848044375,0.7506376874999999
0.5625,0.6875,0.8125,0.5757035,0.6857759375,0.8134153749999999
0.5625,0.6875,0.875,0.5733156875000001,0.6867474375,0.8761930625
0.5625,0.6875,0.9375,0.5709278750000001,0.6877189375,0.93897075
0.5625,0.6875,1.0,0.5685400625,0.6886904375,1.0017484374999999
0.5625,0.75,0.0,0.6181224375000001,0.732841125,-0.00279225
0.5625,0.75,0.0625,0.6157346250000001,0.733812625,0.059985437499999995
0.5625,0.75,0.125,0.6133468125000001,0.734784125,0.122763125
0.5625,0.75,0.1875,0.610959,0.735755625,0.18554081249999999
0.5625,0.75,0.25,0.6085711875,0.7367271249999999,0.2483185
0.5625,0.75,0.3125,0.6061833750000001,0.7376986249999999,0.3110961875
0.5625,0.75,0.375,0.6037955625000001,0.738670125,0.37387387499999997
0.5625,0.75,0.4375,0.60140775,0.739641625,0.4366515625
0.5625,0.75,0.5,0.5990199375,0.740613125,0.49942925
0.5625,0.75,0.5625,0.5966321250000001,0.741584625,0.5622069375
0.5625,0.75,0.625,0.5942443125000001,0.742556125,0.624984625
0.5625,0.75,0.6875,0.5918565,0.743527625,0.6877623125
0.5625,0.75,0.75,0.5894686875,0.7444991249999999,0.7505399999999999
0.5625,0.75,0.8125,0.5870808750000001,0.7454706249999999,0.8133176874999999
0.5625,0.75,0.875,0.5846930625000001,0.746442125,0.8760953749999999
0.5625,0.75,0.9375,0.5823052500000001,0.747413625,0.9388730624999999
0.5625,0.75,1.0,0.5799174375,0.748385125,1.00165075
0.5625,0.8125,0.0,0.6294998125,0.7925358125,-0.0028899375
0.5625,0.8125,0.0625,0.627112,0.7935073125000001,0.05988775
0.5625,0.8125,0.125,0.6247241875,0.7944788125000001,0.1226654375
0.5625,0.8125,0.1875,0.6223363749999999,0.7954503125000001,0.185443125
0.5625,0.8125,0.25,0.6199485625,0.7964218125,0.2482208125
0.5625,0.8125,0.3125,0.61756075,0.7973933125,0.3109985
0.5625,0.8125,0.375,0.6151729375,0.7983648125,0.37377618749999997
0.5625,0.8125,0.4375,0.6127851249999999,0.7993363125,0.436553875
0.5625,0.8125,0.5,0.6103973125,0.8003078125,0.4993315625
0.5625,0.8125,0.5625,0.6080095,0.8012793125000001,0.56210925
0.5625,0.8125,0.625,0.6056216875,0.8022508125000001,0.6248869375
0.5625,0.8125,0.6875,0.6032338749999999,0.8032223125000001,0.687664625
0.5625,0.8125,0.75,0.6008460624999999,0.8041938125,0.7504423124999999
0.5625,0.8125,0.8125,0.59845825,0.8051653125,0.8132199999999999
0.5625,0.8125,0.875,0.5960704375,0.8061368125,0.8759976875
0.5625,0.8125,0.9375,0.593682625,0.8071083125,0.938775375
0.5625,0.8125,1.0,0.5912948124999999,0.8080798125,1.0015530625
0.5625,0.875,0.0,0.6408771875,0.8522305,-0.002987625
0.5625,0.875,0.0625,0.638489375,0.853202,0.0597900625
0.5625,0.875,0.125,0.6361015625,0.8541735,0.12256775
0.5625,0.875,0.1875,0.63371375,0.855145,0.1853454375
0.5625,0.875,0.25,0.6313259375,0.8561165,0.248123125
0.5625,0.875,0.3125,0.628938125,0.857088,0.3109008125
0.5625,0.875,0.375,0.6265503125,0.8580595,0.37367849999999997
0.5625,0.875,0.4375,0.6241625,0.859031,0.4364561875
0.5625,0.875,0.5,0.6217746875,0.8600025,0.499233875
0.5625,0.875,0.5625,0.619386875,0.860974,0.5620115625
0.5625,0.875,0.625,0.6169990625,0.8619455,0.62478925
0.5625,0.875,0.6875,0.61461125,0.862917,0.6875669375
0.5625,0.875,0.75,0.6122234375,0.8638885,0.7503446249999999
0.5625,0.875,0.8125,0.609835625,0.86486,0.8131223124999999
0.5625,0.875,0.875,0.6074478125,0.8658315,0.8758999999999999
0.5625,0.875,0.9375,0.60506,0.866803,0.9386776874999999
0.5625,0.875,1.0,0.6026721875,0.8677745,1.001455375
0.5625,0.9375,0.0,0.6522545625,0.9119251875000001,-0.0030853125000000004
0.5625,0.9375,0.0625,0.64986675,0.9128966875000001,0.059692375
0.5625,0.9375,0.125,0.6474789375000001,0.9138681875000001,0.12247006249999999
0.5625,0.9375,0.1875,0.645091125,0.9148396875000001,0.18524775
0.5625,0.9375,0.25,0.6427033125,0.9158111875,0.2480254375
0.5625,0.9375,0.3125,0.6403155,0.9167826875,0.310803125
0.5625,0.9375,0.375,0.6379276875000001,0.9177541875,0.37358081249999997
0.5625,0.9375,0.4375,0.635539875,0.9187256875,0.4363585
0.5625,0.9375,0.5,0.6331520625,0.9196971875000001,0.4991361875
0.5625,0.9375,0.5625,0.63076425,0.9206686875000001,0.561913875
0.5625,0.9375,0.625,0.6283764375,0.9216401875000001,0.6246915625
0.5625,0.9375,0.6875,0.625988625,0.9226116875000001,0.68746925
0.5625,0.9375,0.75,0.6236008125,0.9235831875,0.7502469374999999
0.5625,0.9375,0.8125,0.621213,0.9245546875,0.813024625
0.5625,0.9375,0.875,0.6188251875,0.9255261875,0.8758023125
0.5625,0.9375,0.9375,0.6164373750000001,0.9264976875000001,0.93858
0.5625,0.9375,1.0,0.6140495625,0.9274691875000001,1.0013576874999999
0.5625,1.0,0.0,0.6636319375,0.971619875,-0.003183
0.5625,1.0,0.0625,0.6612441250000001,0.972591375,0.0595946875
0.5625,1.0,0.125,0.6588563125000001,0.973562875,0.12237237499999999
0.5625,1.0,0.1875,0.6564685,0.9745343750000001,0.1851500625
0.5625,1.0,0.25,0.6540806875,0.975505875,0.24792775
0.5625,1.0,0.3125,0.6516928750000001,0.976477375,0.3107054375
0.5625,1.0,0.375,0.6493050625000001,0.977448875,0.37348312499999997
0.5625,1.0,0.4375,0.64691725,0.978420375,0.4362608125
0.5625,1.0,0.5,0.6445294375,0.979391875,0.4990385
0.5625,1.0,0.5625,0.642141625,0.980363375,0.5618161875
0.5625,1.0,0.625,0.6397538125000001,0.981334875,0.624593875
0.5625,1.0,0.6875,0.6373660000000001,0.9823063750000001,0.6873715625
0.5625,1.0,0.75,0.6349781875,0.983277875,0.7501492499999999
0.5625,1.0,0.8125,0.632590375,0.984249375,0.8129269374999999
0.5625,1.0,0.875,0.6302025625000001,0.985220875,0.8757046249999999
0.5625,1.0,0.9375,0.6278147500000001,0.986192375,0.9384823124999999
0.5625,1.0,1.0,0.6254269375,0.987163875,1.00126
0.625,0.0,0.0,0.535104375,0.01833875,-0.0018000000000000002
0.625,0.0,0.0625,0.5327165625,0.01931025,0.060977687499999995
0.625,0.0,0.125,0.53032875,0.02028175,0.123755375
0.625,0.0,0.1875,0.5279409374999999,0.02125325,0.18653306249999999
0.625,0.0,0.25,0.525553125,0.02222475,0.24931075
0.625,0.0,0.3125,0.5231653125,0.02319625,0.3120884375
0.625,0.0,0.375,0.5207775,0.02416775,0.37486612499999994
0.625,0.0,0.4375,0.5183896874999999,0.025139250000000002,0.43764381249999995
0.625,0.0,0.5,0.5160018749999999,0.026110750000000002,0.5004215
0.625,0.0,0.5625,0.5136140625,0.027082250000000002,0.5631991875
0.625,0.0,0.625,0.51122625,0.028053750000000002,0.625976875
0.625,0.0,0.6875,0.5088384374999999,0.029025250000000002,0.6887545625
0.625,0.0,0.75,0.5064506249999999,0.029996750000000003,0.7515322499999999
0.625,0.0,0.8125,0.5040628125,0.030968250000000003,0.8143099374999999
0.625,0.0,0.875,0.501675,0.03193975,0.8770876249999999
0.625,0.0,0.9375,0.49928718749999995,0.03291125,0.9398653124999999
0.625,0.0,1.0,0.496899375,0.03388275,1.002643
0.625,0.0625,0.0,0.54648175,0.0780334375,-0.0018976875
0.625,0.0625,0.0625,0.5440939375,0.0790049375,0.06088
0.625,0.0625,0.125,0.541706125,0.0799764375,0.1236576875
0.625,0.0625,0.1875,0.5393183125,0.0809479375,0.186435375
0.625,0.0625,0.25,0.5369305,0.0819194375,0.2492130625
0.625,0.0625,0.3125,0.5345426875,0.0828909375,0.31199075
0.625,0.0625,0.375,0.532154875,0.0838624375,0.37476843749999994
0.625,0.0625,0.4375,0.5297670624999999,0.0848339375,0.43754612499999995
0.625,0.0625,0.5,0.52737925,0.0858054375,0.5003238125
0.625,0.0625,0.5625,0.5249914375,0.0867769375,0.5631015
0.625,0.0625,0.625,0.522603625,0.0877484375,0.6258791875
0.625,0.0625,0.6875,0.5202158125,0.0887199375,0.6886568750000001
0.625,0.0625,0.75,0.517828,0.0896914375,0.7514345625
0.625,0.0625,0.8125,0.5154401875,0.0906629375,0.81421225
0.625,0.0625,0.875,0.513052375,0.0916344375,0.8769899375
0.625,0.0625,0.9375,0.5106645625,0.0926059375,0.939767625
0.625,0.0625,1.0,0.5082767499999999,0.0935774375,1.0025453125
0.625,0.125,0.0,0.557859125,0.137728125,-0.001995375
0.625,0.125,0.0625,0.5554713125,0.138699625,0.0607823125
0.625,0.125,0.125,0.5530835000000001,0.139671125,0.12356
0.625,0.125,0.1875,0.5506956875,0.140642625,0.1863376875
0.625,0.125,0.25,0.548307875,0.141614125,0.249115375
0.625,0.125,0.3125,0.5459200625,0.142585625,0.3118930625
0.625,0.125,0.375,0.54353225,0.143557125,0.37467074999999994
0.625,0.125,0.4375,0.5411444375,0.144528625,0.43744843749999995
0.625,0.125,0.5,0.538756625,0.145500125,0.500226125
0.625,0.125,0.5625,0.5363688125,0.146471625,0.5630038125
0.625,0.125,0.625,0.533981,0.147443125,0.6257815
0.625,0.125,0.6875,0.5315931875,0.148414625,0.6885591875
0.625,0.125,0.75,0.529205375,0.149386125,0.7513368749999999
0.625,0.125,0.8125,0.5268175625,0.150357625,0.8141145624999999
0.625,0.125,0.875,0.52442975,0.151329125,0.8768922499999999
0.625,0.125,0.9375,0.5220419375,0.152300625,0.9396699374999999
0.625,0.125,1.0,0.519654125,0.153272125,1.002447625
0.625,0.1875,0.0,0.5692364999999999,0.1974228125,-0.0020930625000000003
0.625,0.1875,0.0625,0.5668486875,0.19839431249999998,0.060684625
0.625,0.1875,0.125,0.564460875,0.1993658125,0.12346231249999999
0.625,0.1875,0.1875,0.5620730624999999,0.20033731249999998,0.18624
0.625,0.1875,0.25,0.5596852499999999,0.2013088125,0.2490176875
0.625,0.1875,0.3125,0.5572974374999999,0.20228031249999998,0.311795375
0.625,0.1875,0.375,0.554909625,0.2032518125,0.37457306249999994
0.625,0.1875,0.4375,0.5525218124999999,0.20422331249999998,0.43735074999999995
0.625,0.1875,0.5,0.5501339999999999,0.2051948125,0.5001284375
0.625,0.1875,0.5625,0.5477461874999999,0.20616631249999998,0.562906125
0.625,0.1875,0.625,0.545358375,0.2071378125,0.6256838125
0.625,0.1875,0.6875,0.5429705624999999,0.20810931249999998,0.6884615000000001
0.625,0.1875,0.75,0.5405827499999999,0.2090808125,0.7512391875
0.625,0.1875,0.8125,0.5381949374999999,0.21005231249999998,0.814016875
0.625,0.1875,0.875,0.5358071249999999,0.2110238125,0.8767945625
0.625,0.1875,0.9375,0.5334193125,0.21199531249999998,0.93957225
0.625,0.1875,1.0,0.5310314999999999,0.2129668125,1.0023499375
0.625,0.25,0.0,0.580613875,0.2571175,-0.00219075
0.625,0.25,0.0625,0.5782260625,0.258089,0.0605869375
0.625,0.25,0.125,0.57583825,0.25906049999999997,0.12336462499999999
0.625,0.25,0.1875,0.5734504374999999,0.260032,0.1861423125
0.625,0.25,0.25,0.5710626249999999,0.2610035,0.24892
0.625,0.25,0.3125,0.5686748125,0.261975,0.3116976875
0.625,0.25,0.375,0.566287,0.26294649999999997,0.37447537499999994
0.625,0.25,0.4375,0.5638991874999999,0.263918,0.43725306249999996
0.625,0.25,0.5,0.5615113749999999,0.2648895,0.50003075
0.625,0.25,0.5625,0.5591235625,0.265861,0.5628084375
0.625,0.25,0.625,0.55673575,0.2668325,0.625586125
0.625,0.25,0.6875,0.5543479375,0.267804,0.6883638125
0.625,0.25,0.75,0.5519601249999999,0.2687755,0.7511414999999999
0.625,0.25,0.8125,0.5495723124999999,0.269747,0.8139191874999999
0.625,0.25,0.875,0.5471845,0.2707185,0.8766968749999999
0.625,0.25,0.9375,0.5447966875,0.27169,0.9394745624999999
0.625,0.25,1.0,0.5424088749999999,0.2726615,1.00225225
0.625,0.3125,0.0,0.59199125,0.3168121875,-0.0022884375
0.625,0.3125,0.0625,0.5896034375,0.3177836875,0.06048925
0.625,0.3125,0.125,0.587215625,0.3187551875,0.12326693749999999
0.625,0.3125,0.1875,0.5848278124999999,0.3197266875,0.186044625
0.625,0.3125,0.25,0.58244,0.3206981875,0.2488223125
0.625,0.3125,0.3125,0.5800521875,0.3216696875,0.3116
0.625,0.3125,0.375,0.577664375,0.3226411875,0.37437768749999994
0.625,0.3125,0.4375,0.5752765624999999,0.3236126875,0.43715537499999996
0.625,0.3125,0.5,0.57288875,0.3245841875,0.49993306249999997
0.625,0.3125,0.5625,0.5705009375,0.3255556875,0.56271075
0.625,0.3125,0.625,0.568113125,0.3265271875,0.6254884375
0.625,0.3125,0.6875,0.5657253124999999,0.3274986875,0.6882661250000001
0.625,0.3125,0.75,0.5633374999999999,0.3284701875,0.7510438125
0.625,0.3125,0.8125,0.5609496875,0.3294416875,0.8138215
0.625,0.3125,0.875,0.558561875,0.3304131875,0.8765991875
0.625,0.3125,0.9375,0.5561740625,0.3313846875,0.939376875
0.625,0.3125,1.0,0.5537862499999999,0.3323561875,1.0021545625
0.625,0.375,0.0,0.603368625,0.376506875,-0.0023861250000000002
0.625,0.375,0.0625,0.6009808125,0.37747837500000003,0.060391562499999996
0.625,0.375,0.125,0.598593,0.378449875,0.12316925
0.625,0.375,0.1875,0.5962051875,0.379421375,0.1859469375
0.625,0.375,0.25,0.593817375,0.380392875,0.248724625
0.625,0.375,0.3125,0.5914295625,0.38136437500000003,0.3115023125
0.625,0.375,0.375,0.58904175,0.382335875,0.37427999999999995
0.625,0.375,0.4375,0.5866539375,0.383307375,0.43705768749999996
0.625,0.375,0.5,0.584266125,0.384278875,0.49983537499999997
0.625,0.375,0.5625,0.5818783125,0.38525037500000003,0.5626130625
0.625,0.375,0.625,0.5794905,0.386221875,0.62539075
0.625,0.375,0.6875,0.5771026875,0.387193375,0.6881684375
0.625,0.375,0.75,0.574714875,0.388164875,0.7509461249999999
0.625,0.375,0.8125,0.5723270625,0.38913637500000003,0.8137238124999999
0.625,0.375,0.875,0.56993925,0.390107875,0.8765014999999999
0.625,0.375,0.9375,0.5675514375,0.391079375,0.9392791875
0.625,0.375,1.0,0.565163625,0.392050875,1.002056875
0.625,0.4375,0.0,0.614746,0.43620156250000003,-0.0024838125
0.625,0.4375,0.0625,0.6123581875,0.43717306250000004,0.060293875
0.625,0.4375,0.125,0.6099703750000001,0.4381445625,0.1230715625
0.625,0.4375,0.1875,0.6075825625,0.4391160625,0.18584925
0.625,0.4375,0.25,0.60519475,0.44008756250000003,0.2486269375
0.625,0.4375,0.3125,0.6028069375,0.44105906250000004,0.311404625
0.625,0.4375,0.375,0.600419125,0.4420305625,0.37418231249999995
0.625,0.4375,0.4375,0.5980313125,0.4430020625,0.43695999999999996
0.625,0.4375,0.5,0.5956435,0.44397356250000003,0.49973768749999997
0.625,0.4375,0.5625,0.5932556875,0.44494506250000004,0.562515375
0.625,0.4375,0.625,0.590867875,0.4459165625,0.6252930625
0.625,0.4375,0.6875,0.5884800625,0.4468880625,0.6880707500000001
0.625,0.4375,0.75,0.58609225,0.44785956250000003,0.7508484375
0.625,0.4375,0.8125,0.5837044375,0.44883106250000004,0.813626125
0.625,0.4375,0.875,0.581316625,0.4498025625,0.8764038125
0.625,0.4375,0.9375,0.5789288125000001,0.4507740625,0.9391815
0.625,0.4375,1.0,0.576541,0.45174556250000003,1.0019591875
0.625,0.5,0.0,0.6261233749999999,0.49589625000000004,-0.0025815
0.625,0.5,0.0625,0.6237355625,0.49686775000000005,0.0601961875
0.625,0.5,0.125,0.62134775,0.49783925,0.122973875
0.625,0.5,0.1875,0.6189599374999999,0.49881075,0.1857515625
0.625,0.5,0.25,0.6165721249999999,0.49978225000000004,0.24852925
0.625,0.5,0.3125,0.6141843124999999,0.50075375,0.3113069375
0.625,0.5,0.375,0.6117965,0.50172525,0.37408462499999995
0.625,0.5,0.4375,0.6094086874999999,0.50269675,0.43686231249999996
0.625,0.5,0.5,0.6070208749999999,0.50366825,0.49964
0.625,0.5,0.5625,0.6046330624999999,0.50463975,0.5624176875
0.625,0.5,0.625,0.60224525,0.5056112500000001,0.625195375
0.625,0.5,0.6875,0.5998574374999999,0.5065827500000001,0.6879730625
0.625,0.5,0.75,0.5974696249999999,0.50755425,0.7507507499999999
0.625,0.5,0.8125,0.5950818124999999,0.50852575,0.8135284374999999
0.625,0.5,0.875,0.5926939999999999,0.50949725,0.8763061249999999
0.625,0.5,0.9375,0.5903061875,0.51046875,0.9390838125
0.625,0.5,1.0,0.5879183749999999,0.51144025,1.0018615
0.625,0.5625,0.0,0.63750075,0.5555909375,-0.0026791875
0.625,0.5625,0.0625,0.6351129375,0.5565624375,0.0600985
0.625,0.5625,0.125,0.632725125,0.5575339375,0.1228761875
0.625,0.5625,0.1875,0.6303373124999999,0.5585054375,0.18565387499999997
0.625,0.5625,0.25,0.6279494999999999,0.5594769374999999,0.24843156249999998
0.625,0.5625,0.3125,0.6255616875,0.5604484375,0.31120925
0.625,0.5625,0.375,0.623173875,0.5614199375,0.37398693749999995
0.625,0.5625,0.4375,0.6207860624999999,0.5623914375,0.43676462499999996
0.625,0.5625,0.5,0.6183982499999999,0.5633629375,0.4995423125
0.625,0.5625,0.5625,0.6160104375,0.5643344375,0.56232
0.625,0.5625,0.625,0.613622625,0.5653059375,0.6250976875
0.625,0.5625,0.6875,0.6112348125,0.5662774375,0.6878753750000001
0.625,0.5625,0.75,0.6088469999999999,0.5672489374999999,0.7506530625
0.625,0.5625,0.8125,0.6064591874999999,0.5682204375,0.81343075
0.625,0.5625,0.875,0.604071375,0.5691919375,0.8762084375
0.625,0.5625,0.9375,0.6016835625,0.5701634375,0.938986125
0.625,0.5625,1.0,0.5992957499999999,0.5711349375,1.0017638125
0.625,0.625,0.0,0.648878125,0.615285625,-0.002776875
0.625,0.625,0.0625,0.6464903125,0.616257125,0.0600008125
0.625,0.625,0.125,0.6441025,0.617228625,0.1227785
0.625,0.625,0.1875,0.6417146874999999,0.618200125,0.18555618749999997
0.625,0.625,0.25,0.639326875,0.6191716249999999,0.24833387499999998
0.625,0.625,0.3125,0.6369390625,0.6201431249999999,0.3111115625
0.625,0.625,0.375,0.63455125,0.6211146249999999,0.37388924999999995
0.625,0.625,0.4375,0.6321634374999999,0.6220861249999999,0.43666693749999996
0.625,0.625,0.5,0.629775625,0.623057625,0.499444625
0.625,0.625,0.5625,0.6273878125,0.624029125,0.5622223125
0.625,0.625,0.625,0.625,0.625000625,0.625
0.625,0.625,0.6875,0.6226121874999999,0.625972125,0.6877776875
0.625,0.625,0.75,0.6202243749999999,0.6269436249999999,0.7505553749999999
0.625,0.625,0.8125,0.6178365625,0.6279151249999999,0.8133330624999999
0.625,0.625,0.875,0.61544875,0.6288866249999999,0.8761107499999999
0.625,0.625,0.9375,0.6130609375,0.6298581249999999,0.9388884375
0.625,0.625,1.0,0.6106731249999999,0.630829625,1.001666125
0.625,0.6875,0.0,0.6602555,0.6749803125,-0.0028745625000000004
0.625,0.6875,0.0625,0.6578676875,0.6759518125,0.059903125
0.625,0.6875,0.125,0.655479875,0.6769233125,0.1226808125
0.625,0.6875,0.1875,0.6530920625,0.6778948125,0.18545849999999997
0.625,0.6875,0.25,0.65070425,0.6788663125,0.24823618749999998
0.625,0.6875,0.3125,0.6483164375,0.6798378125,0.311013875
0.625,0.6875,0.375,0.645928625,0.6808093125,0.37379156249999995
0.625,0.6875,0.4375,0.6435408125,0.6817808125,0.43656924999999996
0.625,0.6875,0.5,0.641153,0.6827523125,0.4993469375
0.625,0.6875,0.5625,0.6387651875,0.6837238125,0.562124625
0.625,0.6875,0.625,0.636377375,0.6846953125,0.6249023125000001
0.625,0.6875,0.6875,0.6339895625,0.6856668125000001,0.6876800000000001
0.625,0.6875,0.75,0.63160175,0.6866383125,0.7504576875
0.625,0.6875,0.8125,0.6292139375,0.6876098125,0.813235375
0.625,0.6875,0.875,0.626826125,0.6885813125,0.8760130625
0.625,0.6875,0.9375,0.6244383125,0.6895528125,0.93879075
0.625,0.6875,1.0,0.6220505,0.6905243125,1.0015684375
0.625,0.75,0.0,0.671632875,0.734675,-0.00297225
0.625,0.75,0.0625,0.6692450625,0.7356465,0.059805437499999996
0.625,0.75,0.125,0.6668572500000001,0.736618,0.122583125
0.625,0.75,0.1875,0.6644694375,0.7375895,0.18536081249999997
0.625,0.75,0.25,0.662081625,0.7385609999999999,0.24813849999999998
0.625,0.75,0.3125,0.6596938125,0.7395324999999999,0.3109161875
0.625,0.75,0.375,0.6573060000000001,0.7405039999999999,0.37369387499999995
0.625,0.75,0.4375,0.6549181875,0.7414755,0.43647156249999997
0.625,0.75,0.5,0.652530375,0.742447,0.49924925
0.625,0.75,0.5625,0.6501425625,0.7434185,0.5620269375
0.625,0.75,0.625,0.64775475,0.74439,0.624804625
0.625,0.75,0.6875,0.6453669375,0.7453615,0.6875823125
0.625,0.75,0.75,0.642979125,0.7463329999999999,0.7503599999999999
0.625,0.75,0.8125,0.6405913125,0.7473044999999999,0.8131376874999999
0.625,0.75,0.875,0.6382035,0.7482759999999999,0.8759153749999999
0.625,0.75,0.9375,0.6358156875000001,0.7492475,0.9386930625
0.625,0.75,1.0,0.633427875,0.750219,1.00147075
0.625,0.8125,0.0,0.6830102499999999,0.7943696875,-0.0030699375
0.625,0.8125,0.0625,0.6806224375,0.7953411875,0.05970775
0.625,0.8125,0.125,0.678234625,0.7963126875000001,0.1224854375
0.625,0.8125,0.1875,0.6758468124999999,0.7972841875000001,0.18526312499999997
0.625,0.8125,0.25,0.6734589999999999,0.7982556875,0.24804081249999999
0.625,0.8125,0.3125,0.6710711874999999,0.7992271875,0.3108185
0.625,0.8125,0.375,0.668683375,0.8001986875,0.37359618749999995
0.625,0.8125,0.4375,0.6662955624999999,0.8011701875,0.43637387499999997
0.625,0.8125,0.5,0.6639077499999999,0.8021416875,0.4991515625
0.625,0.8125,0.5625,0.6615199374999999,0.8031131875,0.56192925
0.625,0.8125,0.625,0.659132125,0.8040846875000001,0.6247069375000001
0.625,0.8125,0.6875,0.6567443124999999,0.8050561875000001,0.6874846250000001
0.625,0.8125,0.75,0.6543564999999999,0.8060276875,0.7502623125
0.625,0.8125,0.8125,0.6519686874999999,0.8069991875,0.81304
0.625,0.8125,0.875,0.649580875,0.8079706875,0.8758176875
0.625,0.8125,0.9375,0.6471930625,0.8089421875,0.938595375
0.625,0.8125,1.0,0.6448052499999999,0.8099136875,1.0013730625
0.625,0.875,0.0,0.694387625,0.854064375,-0.0031676250000000003
0.625,0.875,0.0625,0.6919998125,0.855035875,0.0596100625
0.625,0.875,0.125,0.689612,0.856007375,0.12238774999999999
0.625,0.875,0.1875,0.6872241874999999,0.856978875,0.18516543749999997
0.625,0.875,0.25,0.6848363749999999,0.8579503749999999,0.247943125
0.625,0.875,0.3125,0.6824485625,0.858921875,0.3107208125
0.625,0.875,0.375,0.68006075,0.859893375,0.37349849999999996
0.625,0.875,0.4375,0.6776729374999999,0.860864875,0.43627618749999997
0.625,0.875,0.5,0.6752851249999999,0.861836375,0.499053875
0.625,0.875,0.5625,0.6728973125,0.862807875,0.5618315625
0.625,0.875,0.625,0.6705095,0.863779375,0.62460925
0.625,0.875,0.6875,0.6681216875,0.864750875,0.6873869375
0.625,0.875,0.75,0.6657338749999999,0.8657223749999999,0.7501646249999999
0.625,0.875,0.8125,0.6633460624999999,0.866693875,0.8129423124999999
0.625,0.875,0.875,0.66095825,0.867665375,0.8757199999999999
0.625,0.875,0.9375,0.6585704375,0.868636875,0.9384976875
0.625,0.875,1.0,0.6561826249999999,0.869608375,1.001275375
0.625,0.9375,0.0,0.705765,0.9137590625,-0.0032653125
0.625,0.9375,0.0625,0.7033771875,0.9147305625000001,0.059512375
0.625,0.9375,0.125,0.700989375,0.9157020625000001,0.12229006249999999
0.625,0.9375,0.1875,0.6986015624999999,0.9166735625000001,0.18506774999999998
0.625,0.9375,0.25,0.69621375,0.9176450625,0.2478454375
0.625,0.9375,0.3125,0.6938259375,0.9186165625,0.310623125
0.625,0.9375,0.375,0.691438125,0.9195880625,0.37340081249999996
0.625,0.9375,0.4375,0.6890503124999999,0.9205595625,0.43617849999999997
0.625,0.9375,0.5,0.6866625,0.9215310625,0.4989561875
0.625,0.9375,0.5625,0.6842746875,0.9225025625000001,0.561733875
0.625,0.9375,0.625,0.681886875,0.9234740625000001,0.6245115625000001
0.625,0.9375,0.6875,0.6794990624999999,0.9244455625000001,0.6872892500000001
0.625,0.9375,0.75,0.6771112499999999,0.9254170625,0.7500669375
0.625,0.9375,0.8125,0.6747234375,0.9263885625,0.812844625
0.625,0.9375,0.875,0.672335625,0.9273600625,0.8756223125
0.625,0.9375,0.9375,0.6699478125,0.9283315625,0.9384
0.625,0.9375,1.0,0.6675599999999999,0.9293030625,1.0011776875
0.625,1.0,0.0,0.717142375,0.97345375,-0.003363
0.625,1.0,0.0625,0.7147545625,0.97442525,0.0594146875
0.625,1.0,0.125,0.71236675,0.97539675,0.12219237499999999
0.625,1.0,0.1875,0.7099789375,0.97636825,0.18497006249999998
0.625,1.0,0.25,0.707591125,0.97733975,0.24774775
0.625,1.0,0.3125,0.7052033125,0.97831125,0.3105254375
0.625,1.0,0.375,0.7028155,0.97928275,0.37330312499999996
0.625,1.0,0.4375,0.7004276875,0.98025425,0.43608081249999997
0.625,1.0,0.5,0.698039875,0.98122575,0.4988585
0.625,1.0,0.5625,0.6956520625,0.98219725,0.5616361875
0.625,1.0,0.625,0.69326425,0.98316875,0.624413875
0.625,1.0,0.6875,0.6908764375,0.98414025,0.6871915625
0.625,1.0,0.75,0.688488625,0.98511175,0.7499692499999999
0.625,1.0,0.8125,0.6861008125,0.98608325,0.8127469374999999
0.625,1.0,0.875,0.683713,0.98705475,0.875524625
0.625,1.0,0.9375,0.6813251875,0.98802625,0.9383023125
0.625,1.0,1.0,0.678937375,0.98899775,1.00108
0.6875,0.0,0.0,0.5886148125,0.020172625,-0.00198
0.6875,0.0,0.0625,0.586227,0.021144125,0.060797687499999996
0.6875,0.0,0.125,0.5838391875000001,0.022115625,0.123575375
0.6875,0.0,0.1875,0.581451375,0.023087125,0.18635306249999997
0.6875,0.0,0.25,0.5790635625,0.024058625,0.24913074999999998
0.6875,0.0,0.3125,0.57667575,0.025030125,0.3119084375
0.6875,0.0,0.375,0.5742879375000001,0.026001625,0.374686125
0.6875,0.0,0.4375,0.571900125,0.026973125,0.4374638125
0.6875,0.0,0.5,0.5695123125,0.027944625,0.5002415
0.6875,0.0,0.5625,0.5671245,0.028916125,0.5630191875
0.6875,0.0,0.625,0.5647366875000001,0.029887625,0.625796875
0.6875,0.0,0.6875,0.5623488750000001,0.030859125,0.6885745625
0.6875,0.0,0.75,0.5599610625,0.031830625,0.7513522499999999
0.6875,0.0,0.8125,0.55757325,0.032802125,0.8141299375
0.6875,0.0,0.875,0.5551854375,0.033773625,0.876907625
0.6875,0.0,0.9375,0.5527976250000001,0.034745125,0.9396853125
0.6875,0.0,1.0,0.5504098125,0.035716625,1.0024629999999999
0.6875,0.0625,0.0,0.5999921875,0.07986731250000001,-0.0020776875
0.6875,0.0625,0.0625,0.5976043750000001,0.08083881250000001,0.0607
0.6875,0.0625,0.125,0.5952165625000001,0.08181031250000001,0.1234776875
0.6875,0.0625,0.1875,0.59282875,0.08278181250000001,0.18625537499999997
0.6875,0.0625,0.25,0.5904409375,0.08375331250000001,0.24903306249999999
0.6875,0.0625,0.3125,0.5880531250000001,0.08472481250000001,0.31181075
0.6875,0.0625,0.375,0.5856653125000001,0.08569631250000001,0.3745884375
0.6875,0.0625,0.4375,0.5832775,0.08666781250000001,0.437366125
0.6875,0.0625,0.5,0.5808896875,0.08763931250000001,0.5001438125
0.6875,0.0625,0.5625,0.578501875,0.08861081250000001,0.5629215
0.6875,0.0625,0.625,0.5761140625000001,0.08958231250000001,0.6256991875
0.6875,0.0625,0.6875,0.57372625,0.09055381250000001,0.688476875
0.6875,0.0625,0.75,0.5713384375,0.09152531250000001,0.7512545624999999
0.6875,0.0625,0.8125,0.568950625,0.09249681250000001,0.8140322499999999
0.6875,0.0625,0.875,0.5665628125000001,0.09346831250000001,0.8768099374999999
0.6875,0.0625,0.9375,0.5641750000000001,0.09443981250000001,0.9395876249999999
0.6875,0.0625,1.0,0.5617871875,0.09541131250000001,1.0023653125
0.6875,0.125,0.0,0.6113695625000001,0.13956200000000002,-0.002175375
0.6875,0.125,0.0625,0.6089817500000001,0.1405335,0.0606023125
0.6875,0.125,0.125,0.6065939375000001,0.14150500000000002,0.12338
0.6875,0.125,0.1875,0.604206125,0.1424765,0.18615768749999997
0.6875,0.125,0.25,0.6018183125000001,0.14344800000000002,0.248935375
0.6875,0.125,0.3125,0.5994305000000001,0.1444195,0.3117130625
0.6875,0.125,0.375,0.5970426875000001,0.14539100000000002,0.37449075
0.6875,0.125,0.4375,0.594654875,0.1463625,0.4372684375
0.6875,0.125,0.5,0.5922670625,0.14733400000000002,0.500046125
0.6875,0.125,0.5625,0.5898792500000001,0.1483055,0.5628238125
0.6875,0.125,0.625,0.5874914375000001,0.14927700000000002,0.6256015
0.6875,0.125,0.6875,0.5851036250000001,0.1502485,0.6883791875
0.6875,0.125,0.75,0.5827158125,0.15122000000000002,0.751156875
0.6875,0.125,0.8125,0.5803280000000001,0.1521915,0.8139345625
0.6875,0.125,0.875,0.5779401875000001,0.15316300000000002,0.87671225
0.6875,0.125,0.9375,0.5755523750000001,0.1541345,0.9394899375
0.6875,0.125,1.0,0.5731645625,0.15510600000000002,1.002267625
0.6875,0.1875,0.0,0.6227469375,0.1992566875,-0.0022730625
0.6875,0.1875,0.0625,0.620359125,0.2002281875,0.060504625
0.6875,0.1875,0.125,0.6179713125,0.2011996875,0.12328231249999999
0.6875,0.1875,0.1875,0.6155835,0.2021711875,0.18605999999999998
0.6875,0.1875,0.25,0.6131956875,0.2031426875,0.2488376875
0.6875,0.1875,0.3125,0.610807875,0.2041141875,0.31161537500000003
0.6875,0.1875,0.375,0.6084200625,0.2050856875,0.3743930625
0.6875,0.1875,0.4375,0.6060322499999999,0.2060571875,0.43717075
0.6875,0.1875,0.5,0.6036444375,0.2070286875,0.4999484375
0.6875,0.1875,0.5625,0.601256625,0.2080001875,0.562726125
0.6875,0.1875,0.625,0.5988688125,0.2089716875,0.6255038125
0.6875,0.1875,0.6875,0.596481,0.2099431875,0.6882815
0.6875,0.1875,0.75,0.5940931875,0.2109146875,0.7510591874999999
0.6875,0.1875,0.8125,0.591705375,0.2118861875,0.8138368749999999
0.6875,0.1875,0.875,0.5893175625,0.2128576875,0.8766145624999999
0.6875,0.1875,0.9375,0.58692975,0.2138291875,0.9393922499999999
0.6875,0.1875,1.0,0.5845419374999999,0.2148006875,1.0021699375
0.6875,0.25,0.0,0.6341243125,0.258951375,-0.00237075
0.6875,0.25,0.0625,0.6317365,0.259922875,0.0604069375
0.6875,0.25,0.125,0.6293486875000001,0.26089437499999996,0.12318462499999999
0.6875,0.25,0.1875,0.626960875,0.26186587499999997,0.18596231249999998
0.6875,0.25,0.25,0.6245730625,0.262837375,0.24874
0.6875,0.25,0.3125,0.62218525,0.263808875,0.31151768750000003
0.6875,0.25,0.375,0.6197974375,0.26478037499999996,0.374295375
0.6875,0.25,0.4375,0.617409625,0.26575187499999997,0.4370730625
0.6875,0.25,0.5,0.6150218125,0.266723375,0.49985075
0.6875,0.25,0.5625,0.612634,0.267694875,0.5626284375
0.6875,0.25,0.625,0.6102461875,0.26866637499999996,0.625406125
0.6875,0.25,0.6875,0.607858375,0.26963787499999997,0.6881838125
0.6875,0.25,0.75,0.6054705625,0.270609375,0.7509615
0.6875,0.25,0.8125,0.60308275,0.271580875,0.8137391875
0.6875,0.25,0.875,0.6006949375,0.27255237499999996,0.876516875
0.6875,0.25,0.9375,0.598307125,0.27352387499999997,0.9392945625
0.6875,0.25,1.0,0.5959193125,0.274495375,1.0020722499999999
0.6875,0.3125,0.0,0.6455016875,0.3186460625,-0.0024684375
0.6875,0.3125,0.0625,0.6431138750000001,0.3196175625,0.060309249999999995
0.6875,0.3125,0.125,0.6407260625000001,0.32058906249999997,0.1230869375
0.6875,0.3125,0.1875,0.63833825,0.3215605625,0.18586462499999998
0.6875,0.3125,0.25,0.6359504375,0.3225320625,0.2486423125
0.6875,0.3125,0.3125,0.633562625,0.3235035625,0.31142000000000003
0.6875,0.3125,0.375,0.6311748125000001,0.32447506249999997,0.3741976875
0.6875,0.3125,0.4375,0.628787,0.3254465625,0.436975375
0.6875,0.3125,0.5,0.6263991875,0.3264180625,0.4997530625
0.6875,0.3125,0.5625,0.624011375,0.3273895625,0.56253075
0.6875,0.3125,0.625,0.6216235625000001,0.32836106249999997,0.6253084375
0.6875,0.3125,0.6875,0.6192357500000001,0.3293325625,0.688086125
0.6875,0.3125,0.75,0.6168479375,0.3303040625,0.7508638124999999
0.6875,0.3125,0.8125,0.614460125,0.3312755625,0.8136414999999999
0.6875,0.3125,0.875,0.6120723125,0.33224706249999997,0.8764191874999999
0.6875,0.3125,0.9375,0.6096845000000001,0.3332185625,0.9391968749999999
0.6875,0.3125,1.0,0.6072966875,0.3341900625,1.0019745625
0.6875,0.375,0.0,0.6568790625,0.37834075,-0.002566125
0.6875,0.375,0.0625,0.6544912500000001,0.37931225,0.060211562499999996
0.6875,0.375,0.125,0.6521034375000001,0.38028375,0.12298925
0.6875,0.375,0.1875,0.649715625,0.38125525,0.18576693749999998
0.6875,0.375,0.25,0.6473278125,0.38222675,0.248544625
0.6875,0.375,0.3125,0.6449400000000001,0.38319825,0.31132231250000003
0.6875,0.375,0.375,0.6425521875000001,0.38416975,0.3741
0.6875,0.375,0.4375,0.640164375,0.38514125,0.4368776875
0.6875,0.375,0.5,0.6377765625,0.38611275,0.499655375
0.6875,0.375,0.5625,0.6353887500000001,0.38708425,0.5624330625
0.6875,0.375,0.625,0.6330009375000001,0.38805575,0.62521075
0.6875,0.375,0.6875,0.630613125,0.38902725,0.6879884375
0.6875,0.375,0.75,0.6282253125,0.38999875,0.750766125
0.6875,0.375,0.8125,0.6258375,0.39097025,0.8135438125
0.6875,0.375,0.875,0.6234496875000001,0.39194175,0.8763215
0.6875,0.375,0.9375,0.6210618750000001,0.39291325,0.9390991875
0.6875,0.375,1.0,0.6186740625,0.39388475,1.001876875
0.6875,0.4375,0.0,0.6682564375000001,0.4380354375,-0.0026638125
0.6875,0.4375,0.0625,0.6658686250000001,0.4390069375,0.060113875
0.6875,0.4375,0.125,0.6634808125000001,0.4399784375,0.1228915625
0.6875,0.4375,0.1875,0.661093,0.4409499375,0.18566924999999998
0.6875,0.4375,0.25,0.6587051875000001,0.4419214375,0.2484469375
0.6875,0.4375,0.3125,0.6563173750000001,0.44289293750000003,0.31122462500000003
0.6875,0.4375,0.375,0.6539295625000001,0.4438644375,0.3740023125
0.6875,0.4375,0.4375,0.65154175,0.4448359375,0.43678
0.6875,0.4375,0.5,0.6491539375000001,0.4458074375,0.4995576875
0.6875,0.4375,0.5625,0.6467661250000001,0.44677893750000003,0.562335375
0.6875,0.4375,0.625,0.6443783125000001,0.4477504375,0.6251130625
0.6875,0.4375,0.6875,0.6419905000000001,0.4487219375,0.68789075
0.6875,0.4375,0.75,0.6396026875,0.4496934375,0.7506684374999999
0.6875,0.4375,0.8125,0.6372148750000001,0.45066493750000003,0.8134461249999999
0.6875,0.4375,0.875,0.6348270625000001,0.4516364375,0.8762238124999999
0.6875,0.4375,0.9375,0.6324392500000001,0.4526079375,0.9390014999999999
0.6875,0.4375,1.0,0.6300514375,0.4535794375,1.0017791875
0.6875,0.5,0.0,0.6796338125,0.497730125,-0.0027615
0.6875,0.5,0.0625,0.677246,0.49870162500000004,0.0600161875
0.6875,0.5,0.125,0.6748581875,0.499673125,0.122793875
0.6875,0.5,0.1875,0.672470375,0.5006446250000001,0.18557156249999998
0.6875,0.5,0.25,0.6700825625,0.501616125,0.24834925
0.6875,0.5,0.3125,0.66769475,0.502587625,0.3111269375
0.6875,0.5,0.375,0.6653069375,0.503559125,0.373904625
0.6875,0.5,0.4375,0.6629191249999999,0.504530625,0.4366823125
0.6875,0.5,0.5,0.6605313125,0.505502125,0.49946
0.6875,0.5,0.5625,0.6581435,0.506473625,0.5622376875
0.6875,0.5,0.625,0.6557556875,0.507445125,0.625015375
0.6875,0.5,0.6875,0.653367875,0.5084166250000001,0.6877930625
0.6875,0.5,0.75,0.6509800625,0.509388125,0.75057075
0.6875,0.5,0.8125,0.64859225,0.510359625,0.8133484375
0.6875,0.5,0.875,0.6462044375,0.511331125,0.876126125
0.6875,0.5,0.9375,0.643816625,0.512302625,0.9389038125
0.6875,0.5,1.0,0.6414288125,0.513274125,1.0016815
0.6875,0.5625,0.0,0.6910111875,0.5574248125000001,-0.0028591874999999998
0.6875,0.5625,0.0625,0.688623375,0.5583963125000001,0.0599185
0.6875,0.5625,0.125,0.6862355625000001,0.5593678125000001,0.1226961875
0.6875,0.5625,0.1875,0.68384775,0.5603393125000001,0.18547387499999998
0.6875,0.5625,0.25,0.6814599375,0.5613108125,0.2482515625
0.6875,0.5625,0.3125,0.679072125,0.5622823125,0.31102925
0.6875,0.5625,0.375,0.6766843125,0.5632538125000001,0.37380693749999994
0.6875,0.5625,0.4375,0.6742965,0.5642253125000001,0.43658462499999995
0.6875,0.5625,0.5,0.6719086875,0.5651968125000001,0.49936231249999996
0.6875,0.5625,0.5625,0.669520875,0.5661683125000001,0.56214
0.6875,0.5625,0.625,0.6671330625,0.5671398125000001,0.6249176875
0.6875,0.5625,0.6875,0.66474525,0.5681113125000001,0.687695375
0.6875,0.5625,0.75,0.6623574375,0.5690828125,0.7504730624999999
0.6875,0.5625,0.8125,0.659969625,0.5700543125,0.8132507499999999
0.6875,0.5625,0.875,0.6575818125,0.5710258125000001,0.8760284374999999
0.6875,0.5625,0.9375,0.655194,0.5719973125000001,0.9388061249999999
0.6875,0.5625,1.0,0.6528061875,0.5729688125000001,1.0015838125
0.6875,0.625,0.0,0.7023885625,0.6171195,-0.002956875
0.6875,0.625,0.0625,0.7000007500000001,0.6180910000000001,0.0598208125
0.6875,0.625,0.125,0.6976129375000001,0.6190625000000001,0.1225985
0.6875,0.625,0.1875,0.695225125,0.6200340000000001,0.18537618749999998
0.6875,0.625,0.25,0.6928373125,0.6210055,0.248153875
0.6875,0.625,0.3125,0.6904495,0.621977,0.3109315625
0.6875,0.625,0.375,0.6880616875000001,0.6229485,0.37370924999999994
0.6875,0.625,0.4375,0.685673875,0.62392,0.43648693749999995
0.6875,0.625,0.5,0.6832860625,0.6248915,0.49926462499999996
0.6875,0.625,0.5625,0.68089825,0.6258630000000001,0.5620423125
0.6875,0.625,0.625,0.6785104375000001,0.6268345000000001,0.62482
0.6875,0.625,0.6875,0.6761226250000001,0.6278060000000001,0.6875976875
0.6875,0.625,0.75,0.6737348125,0.6287775,0.750375375
0.6875,0.625,0.8125,0.671347,0.629749,0.8131530625
0.6875,0.625,0.875,0.6689591875,0.6307205,0.87593075
0.6875,0.625,0.9375,0.6665713750000001,0.631692,0.9387084375
0.6875,0.625,1.0,0.6641835625,0.6326635,1.001486125
0.6875,0.6875,0.0,0.7137659375000001,0.6768141875,-0.0030545625
0.6875,0.6875,0.0625,0.7113781250000001,0.6777856875,0.059723125
0.6875,0.6875,0.125,0.7089903125000001,0.6787571875,0.1225008125
0.6875,0.6875,0.1875,0.7066025,0.6797286875,0.18527849999999998
0.6875,0.6875,0.25,0.7042146875,0.6807001874999999,0.2480561875
0.6875,0.6875,0.3125,0.7018268750000001,0.6816716875,0.310833875
0.6875,0.6875,0.375,0.6994390625000001,0.6826431875,0.37361156249999994
0.6875,0.6875,0.4375,0.69705125,0.6836146875,0.43638924999999995
0.6875,0.6875,0.5,0.6946634375,0.6845861875,0.49916693749999996
0.6875,0.6875,0.5625,0.6922756250000001,0.6855576875,0.561944625
0.6875,0.6875,0.625,0.6898878125000001,0.6865291875,0.6247223125
0.6875,0.6875,0.6875,0.6875,0.6875006875,0.6875
0.6875,0.6875,0.75,0.6851121875,0.6884721874999999,0.7502776874999999
0.6875,0.6875,0.8125,0.682724375,0.6894436875,0.8130553749999999
0.6875,0.6875,0.875,0.6803365625000001,0.6904151875,0.8758330624999999
0.6875,0.6875,0.9375,0.6779487500000001,0.6913866875,0.9386107499999999
0.6875,0.6875,1.0,0.6755609375,0.6923581875,1.0013884375
0.6875,0.75,0.0,0.7251433125,0.736508875,-0.0031522499999999997
0.6875,0.75,0.0625,0.7227555,0.737480375,0.059625437499999996
0.6875,0.75,0.125,0.7203676875,0.738451875,0.122403125
0.6875,0.75,0.1875,0.7179798749999999,0.739423375,0.18518081249999999
0.6875,0.75,0.25,0.7155920625,0.7403948749999999,0.2479585
0.6875,0.75,0.3125,0.71320425,0.7413663749999999,0.3107361875
0.6875,0.75,0.375,0.7108164375,0.7423378749999999,0.37351387499999994
0.6875,0.75,0.4375,0.7084286249999999,0.7433093749999999,0.43629156249999995
0.6875,0.75,0.5,0.7060408125,0.744280875,0.49906924999999996
0.6875,0.75,0.5625,0.703653,0.745252375,0.5618469375
0.6875,0.75,0.625,0.7012651875,0.746223875,0.624624625
0.6875,0.75,0.6875,0.6988773749999999,0.747195375,0.6874023125000001
0.6875,0.75,0.75,0.6964895624999999,0.7481668749999999,0.75018
0.6875,0.75,0.8125,0.69410175,0.7491383749999999,0.8129576875
0.6875,0.75,0.875,0.6917139375,0.7501098749999999,0.875735375
0.6875,0.75,0.9375,0.689326125,0.7510813749999999,0.9385130625
0.6875,0.75,1.0,0.6869383124999999,0.752052875,1.00129075
0.6875,0.8125,0.0,0.7365206875,0.7962035625000001,-0.0032499375000000002
0.6875,0.8125,0.0625,0.734132875,0.7971750625000001,0.05952775
0.6875,0.8125,0.125,0.7317450625,0.7981465625000002,0.1223054375
0.6875,0.8125,0.1875,0.72935725,0.7991180625000002,0.185083125
0.6875,0.8125,0.25,0.7269694375,0.8000895625000001,0.2478608125
0.6875,0.8125,0.3125,0.724581625,0.8010610625000001,0.3106385
0.6875,0.8125,0.375,0.7221938125,0.8020325625000001,0.37341618749999994
0.6875,0.8125,0.4375,0.719806,0.8030040625000001,0.43619387499999995
0.6875,0.8125,0.5,0.7174181875,0.8039755625000001,0.49897156249999997
0.6875,0.8125,0.5625,0.715030375,0.8049470625000001,0.56174925
0.6875,0.8125,0.625,0.7126425625,0.8059185625000002,0.6245269375
0.6875,0.8125,0.6875,0.71025475,0.8068900625000002,0.687304625
0.6875,0.8125,0.75,0.7078669375,0.8078615625000001,0.7500823124999999
0.6875,0.8125,0.8125,0.705479125,0.8088330625000001,0.8128599999999999
0.6875,0.8125,0.875,0.7030913125,0.8098045625000001,0.8756376874999999
0.6875,0.8125,0.9375,0.7007035,0.8107760625000001,0.9384153749999999
0.6875,0.8125,1.0,0.6983156875,0.8117475625000001,1.0011930625
0.6875,0.875,0.0,0.7478980625,0.8558982500000001,-0.003347625
0.6875,0.875,0.0625,0.74551025,0.8568697500000001,0.0594300625
0.6875,0.875,0.125,0.7431224375000001,0.8578412500000001,0.12220775
0.6875,0.875,0.1875,0.740734625,0.8588127500000001,0.1849854375
0.6875,0.875,0.25,0.7383468125,0.85978425,0.247763125
0.6875,0.875,0.3125,0.735959,0.86075575,0.3105408125
0.6875,0.875,0.375,0.7335711875,0.8617272500000001,0.37331849999999994
0.6875,0.875,0.4375,0.731183375,0.8626987500000001,0.43609618749999995
0.6875,0.875,0.5,0.7287955625,0.8636702500000001,0.49887387499999997
0.6875,0.875,0.5625,0.72640775,0.8646417500000001,0.5616515625
0.6875,0.875,0.625,0.7240199375,0.8656132500000001,0.62442925
0.6875,0.875,0.6875,0.721632125,0.8665847500000001,0.6872069375000001
0.6875,0.875,0.75,0.7192443125,0.86755625,0.749984625
0.6875,0.875,0.8125,0.7168565,0.86852775,0.8127623125
0.6875,0.875,0.875,0.7144686875,0.8694992500000001,0.87554
0.6875,0.875,0.9375,0.7120808750000001,0.8704707500000001,0.9383176875
0.6875,0.875,1.0,0.7096930625,0.8714422500000001,1.001095375
0.6875,0.9375,0.0,0.7592754375,0.9155929375,-0.0034453125
0.6875,0.9375,0.0625,0.7568876250000001,0.9165644375,0.059332375
0.6875,0.9375,0.125,0.7544998125000001,0.9175359375000001,0.12211006249999999
0.6875,0.9375,0.1875,0.752112,0.9185074375000001,0.18488775
0.6875,0.9375,0.25,0.7497241875,0.9194789375,0.2476654375
0.6875,0.9375,0.3125,0.747336375,0.9204504375,0.310443125
0.6875,0.9375,0.375,0.7449485625000001,0.9214219375,0.37322081249999994
0.6875,0.9375,0.4375,0.74256075,0.9223934375,0.43599849999999996
0.6875,0.9375,0.5,0.7401729375,0.9233649375,0.49877618749999997
0.6875,0.9375,0.5625,0.737785125,0.9243364375,0.561553875
0.6875,0.9375,0.625,0.7353973125000001,0.9253079375000001,0.6243315625
0.6875,0.9375,0.6875,0.7330095000000001,0.9262794375000001,0.68710925
0.6875,0.9375,0.75,0.7306216875,0.9272509375,0.7498869374999999
0.6875,0.9375,0.8125,0.728233875,0.9282224375,0.8126646249999999
0.6875,0.9375,0.875,0.7258460625,0.9291939375,0.8754423124999999
0.6875,0.9375,0.9375,0.7234582500000001,0.9301654375,0.9382199999999999
0.6875,0.9375,1.0,0.7210704375,0.9311369375,1.0009976875
0.6875,1.0,0.0,0.7706528125000001,0.975287625,-0.003543
0.6875,1.0,0.0625,0.7682650000000001,0.976259125,0.0592346875
0.6875,1.0,0.125,0.7658771875000001,0.977230625,0.12201237499999999
0.6875,1.0,0.1875,0.763489375,0.978202125,0.1847900625
0.6875,1.0,0.25,0.7611015625,0.9791736249999999,0.24756775
0.6875,1.0,0.3125,0.7587137500000001,0.980145125,0.3103454375
0.6875,1.0,0.375,0.7563259375000001,0.981116625,0.37312312499999994
0.6875,1.0,0.4375,0.753938125,0.982088125,0.43590081249999996
0.6875,1.0,0.5,0.7515503125,0.983059625,0.49867849999999997
0.6875,1.0,0.5625,0.7491625000000001,0.984031125,0.5614561875
0.6875,1.0,0.625,0.7467746875000001,0.985002625,0.624233875
0.6875,1.0,0.6875,0.744386875,0.985974125,0.6870115625000001
0.6875,1.0,0.75,0.7419990625,0.9869456249999999,0.74978925
0.6875,1.0,0.8125,0.73961125,0.987917125,0.8125669375
0.6875,1.0,0.875,0.7372234375000001,0.988888625,0.875344625
0.6875,1.0,0.9375,0.7348356250000001,0.989860125,0.9381223125
0.6875,1.0,1.0,0.7324478125,0.990831625,1.0009
0.75,0.0,0.0,0.64212525,0.0220065,-0.00216
0.75,0.0,0.0625,0.6397374375,0.022978,0.060617687499999996
0.75,0.0,0.125,0.637349625,0.0239495,0.123395375
0.75,0.0,0.1875,0.6349618125,0.024921,0.1861730625
0.75,0.0,0.25,0.632574,0.0258925,0.24895075
0.75,0.0,0.3125,0.6301861875,0.026864,0.3117284375
0.75,0.0,0.375,0.627798375,0.0278355,0.37450612499999997
0.75,0.0,0.4375,0.6254105624999999,0.028807,0.4372838125
0.75,0.0,0.5,0.62302275,0.0297785,0.5000614999999999
0.75,0.0,0.5625,0.6206349375,0.03075,0.5628391875
0.75,0.0,0.625,0.618247125,0.0317215,0.625616875
0.75,0.0,0.6875,0.6158593125,0.032693,0.6883945625
0.75,0.0,0.75,0.6134715,0.0336645,0.7511722499999999
0.75,0.0,0.8125,0.6110836875,0.034636,0.8139499374999999
0.75,0.0,0.875,0.608695875,0.0356075,0.8767276249999999
0.75,0.0,0.9375,0.6063080625,0.036579,0.9395053124999999
0.75,0.0,1.0,0.6039202499999999,0.0375505,1.002283
0.75,0.0625,0.0,0.653502625,0.0817011875,-0.0022576875
0.75,0.0625,0.0625,0.6511148125,0.0826726875,0.06052
0.75,0.0625,0.125,0.648727,0.0836441875,0.1232976875
0.75,0.0625,0.1875,0.6463391875,0.0846156875,0.186075375
0.75,0.0625,0.25,0.643951375,0.0855871875,0.2488530625
0.75,0.0625,0.3125,0.6415635625,0.0865586875,0.31163075
0.75,0.0625,0.375,0.63917575,0.0875301875,0.37440843749999997
0.75,0.0625,0.4375,0.6367879375,0.0885016875,0.437186125
0.75,0.0625,0.5,0.634400125,0.0894731875,0.4999638125
0.75,0.0625,0.5625,0.6320123125,0.0904446875,0.5627415
0.75,0.0625,0.625,0.6296245,0.0914161875,0.6255191875
0.75,0.0625,0.6875,0.6272366875,0.0923876875,0.688296875
0.75,0.0625,0.75,0.624848875,0.0933591875,0.7510745624999999
0.75,0.0625,0.8125,0.6224610625,0.0943306875,0.8138522499999999
0.75,0.0625,0.875,0.62007325,0.0953021875,0.8766299375
0.75,0.0625,0.9375,0.6176854375,0.0962736875,0.939407625
0.75,0.0625,1.0,0.615297625,0.0972451875,1.0021853125
0.75,0.125,0.0,0.66488,0.141395875,-0.002355375
0.75,0.125,0.0625,0.6624921875,0.142367375,0.0604223125
0.75,0.125,0.125,0.6601043750000001,0.143338875,0.1232
0.75,0.125,0.1875,0.6577165625,0.144310375,0.1859776875
0.75,0.125,0.25,0.65532875,0.145281875,0.248755375
0.75,0.125,0.3125,0.6529409375,0.146253375,0.3115330625
0.75,0.125,0.375,0.6505531250000001,0.147224875,0.37431074999999997
0.75,0.125,0.4375,0.6481653125,0.148196375,0.4370884375
0.75,0.125,0.5,0.6457775,0.149167875,0.499866125
0.75,0.125,0.5625,0.6433896875,0.150139375,0.5626438125
0.75,0.125,0.625,0.641001875,0.151110875,0.6254215
0.75,0.125,0.6875,0.6386140625000001,0.152082375,0.6881991875
0.75,0.125,0.75,0.63622625,0.153053875,0.7509768749999999
0.75,0.125,0.8125,0.6338384375,0.154025375,0.8137545624999999
0.75,0.125,0.875,0.631450625,0.154996875,0.8765322499999999
0.75,0.125,0.9375,0.6290628125000001,0.155968375,0.9393099374999999
0.75,0.125,1.0,0.626675,0.156939875,1.002087625
0.75,0.1875,0.0,0.6762573749999999,0.20109056250000001,-0.0024530625
0.75,0.1875,0.0625,0.6738695625,0.2020620625,0.060324625
0.75,0.1875,0.125,0.67148175,0.20303356250000001,0.12310231249999999
0.75,0.1875,0.1875,0.6690939374999999,0.2040050625,0.18588
0.75,0.1875,0.25,0.6667061249999999,0.20497656250000001,0.2486576875
0.75,0.1875,0.3125,0.6643183125,0.2059480625,0.311435375
0.75,0.1875,0.375,0.6619305,0.20691956250000001,0.37421306249999997
0.75,0.1875,0.4375,0.6595426874999999,0.2078910625,0.43699075
0.75,0.1875,0.5,0.6571548749999999,0.20886256250000002,0.4997684375
0.75,0.1875,0.5625,0.6547670624999999,0.2098340625,0.562546125
0.75,0.1875,0.625,0.65237925,0.21080556250000002,0.6253238125
0.75,0.1875,0.6875,0.6499914375,0.2117770625,0.6881015
0.75,0.1875,0.75,0.6476036249999999,0.21274856250000002,0.7508791874999999
0.75,0.1875,0.8125,0.6452158124999999,0.2137200625,0.813656875
0.75,0.1875,0.875,0.642828,0.21469156250000002,0.8764345625
0.75,0.1875,0.9375,0.6404401875,0.2156630625,0.93921225
0.75,0.1875,1.0,0.6380523749999999,0.21663456250000002,1.0019899374999999
0.75,0.25,0.0,0.68763475,0.26078525,-0.00255075
0.75,0.25,0.0625,0.6852469375,0.26175675000000004,0.0602269375
0.75,0.25,0.125,0.682859125,0.26272825,0.12300462499999999
0.75,0.25,0.1875,0.6804713124999999,0.26369975,0.1857823125
0.75,0.25,0.25,0.6780835,0.26467125,0.24856
0.75,0.25,0.3125,0.6756956875,0.26564275000000004,0.3113376875
0.75,0.25,0.375,0.673307875,0.26661425,0.374115375
0.75,0.25,0.4375,0.6709200624999999,0.26758575,0.4368930625
0.75,0.25,0.5,0.6685322499999999,0.26855725,0.49967075
0.75,0.25,0.5625,0.6661444375,0.26952875000000004,0.5624484375
0.75,0.25,0.625,0.663756625,0.27050025,0.625226125
0.75,0.25,0.6875,0.6613688124999999,0.27147175,0.6880038125
0.75,0.25,0.75,0.6589809999999999,0.27244325,0.7507814999999999
0.75,0.25,0.8125,0.6565931875,0.27341475000000004,0.8135591874999999
0.75,0.25,0.875,0.654205375,0.27438625,0.8763368749999999
0.75,0.25,0.9375,0.6518175625,0.27535775,0.9391145624999999
0.75,0.25,1.0,0.6494297499999999,0.27632925,1.00189225
0.75,0.3125,0.0,0.699012125,0.3204799375,-0.0026484374999999998
0.75,0.3125,0.0625,0.6966243125,0.3214514375,0.060129249999999995
0.75,0.3125,0.125,0.6942365,0.32242293749999995,0.1229069375
0.75,0.3125,0.1875,0.6918486875,0.32339443749999996,0.185684625
0.75,0.3125,0.25,0.689460875,0.3243659375,0.2484623125
0.75,0.3125,0.3125,0.6870730625,0.3253374375,0.31124
0.75,0.3125,0.375,0.68468525,0.32630893749999995,0.3740176875
0.75,0.3125,0.4375,0.6822974374999999,0.32728043749999997,0.436795375
0.75,0.3125,0.5,0.679909625,0.3282519375,0.4995730625
0.75,0.3125,0.5625,0.6775218125,0.3292234375,0.56235075
0.75,0.3125,0.625,0.675134,0.33019493749999995,0.6251284375
0.75,0.3125,0.6875,0.6727461875,0.33116643749999997,0.687906125
0.75,0.3125,0.75,0.670358375,0.3321379375,0.7506838124999999
0.75,0.3125,0.8125,0.6679705625,0.3331094375,0.8134615
0.75,0.3125,0.875,0.66558275,0.33408093749999995,0.8762391875
0.75,0.3125,0.9375,0.6631949375,0.33505243749999997,0.939016875
0.75,0.3125,1.0,0.6608071249999999,0.3360239375,1.0017945625
0.75,0.375,0.0,0.7103895,0.380174625,-0.002746125
0.75,0.375,0.0625,0.7080016875,0.381146125,0.060031562499999996
0.75,0.375,0.125,0.7056138750000001,0.38211762499999996,0.12280925
0.75,0.375,0.1875,0.7032260625,0.383089125,0.1855869375
0.75,0.375,0.25,0.70083825,0.384060625,0.248364625
0.75,0.375,0.3125,0.6984504375,0.385032125,0.3111423125
0.75,0.375,0.375,0.696062625,0.38600362499999996,0.37392
0.75,0.375,0.4375,0.6936748125,0.386975125,0.4366976875
0.75,0.375,0.5,0.691287,0.387946625,0.499475375
0.75,0.375,0.5625,0.6888991875,0.388918125,0.5622530625
0.75,0.375,0.625,0.686511375,0.38988962499999996,0.62503075
0.75,0.375,0.6875,0.6841235625,0.390861125,0.6878084375
0.75,0.375,0.75,0.68173575,0.391832625,0.7505861249999999
0.75,0.375,0.8125,0.6793479375,0.392804125,0.8133638124999999
0.75,0.375,0.875,0.676960125,0.39377562499999996,0.8761414999999999
0.75,0.375,0.9375,0.6745723125,0.394747125,0.9389191874999999
0.75,0.375,1.0,0.6721845,0.395718625,1.001696875
0.75,0.4375,0.0,0.721766875,0.4398693125,-0.0028438125
0.75,0.4375,0.0625,0.7193790625,0.4408408125,0.059933875
0.75,0.4375,0.125,0.7169912500000001,0.44181231249999997,0.1227115625
0.75,0.4375,0.1875,0.7146034375,0.4427838125,0.18548925
0.75,0.4375,0.25,0.712215625,0.4437553125,0.2482669375
0.75,0.4375,0.3125,0.7098278125,0.4447268125,0.311044625
0.75,0.4375,0.375,0.7074400000000001,0.44569831249999997,0.3738223125
0.75,0.4375,0.4375,0.7050521875,0.4466698125,0.4366
0.75,0.4375,0.5,0.702664375,0.4476413125,0.4993776875
0.75,0.4375,0.5625,0.7002765625,0.4486128125,0.562155375
0.75,0.4375,0.625,0.6978887500000001,0.44958431249999997,0.6249330625
0.75,0.4375,0.6875,0.6955009375000001,0.4505558125,0.68771075
0.75,0.4375,0.75,0.693113125,0.4515273125,0.7504884374999999
0.75,0.4375,0.8125,0.6907253125,0.4524988125,0.813266125
0.75,0.4375,0.875,0.6883375,0.4534703125,0.8760438125
0.75,0.4375,0.9375,0.6859496875000001,0.4544418125,0.9388215
0.75,0.4375,1.0,0.683561875,0.4554133125,1.0015991874999999
0.75,0.5,0.0,0.7331442499999999,0.499564,-0.0029415
0.75,0.5,0.0625,0.7307564375,0.5005355,0.0598361875
0.75,0.5,0.125,0.728368625,0.501507,0.122613875
0.75,0.5,0.1875,0.7259808124999999,0.5024785,0.18539156249999997
0.75,0.5,0.25,0.7235929999999999,0.50345,0.24816924999999998
0.75,0.5,0.3125,0.7212051875,0.5044215,0.3109469375
0.75,0.5,0.375,0.718817375,0.505393,0.373724625
0.75,0.5,0.4375,0.7164295624999999,0.5063645,0.4365023125
0.75,0.5,0.5,0.7140417499999999,0.507336,0.49928
0.75,0.5,0.5625,0.7116539375,0.5083075,0.5620576875
0.75,0.5,0.625,0.709266125,0.509279,0.624835375
0.75,0.5,0.6875,0.7068783125,0.5102505,0.6876130625
0.75,0.5,0.75,0.7044904999999999,0.511222,0.7503907499999999
0.75,0.5,0.8125,0.7021026874999999,0.5121935,0.8131684374999999
0.75,0.5,0.875,0.699714875,0.513165,0.8759461249999999
0.75,0.5,0.9375,0.6973270625,0.5141365,0.9387238124999999
0.75,0.5,1.0,0.6949392499999999,0.515108,1.0015015
0.75,0.5625,0.0,0.744521625,0.5592586875000001,-0.0030391875000000002
0.75,0.5625,0.0625,0.7421338125,0.5602301875000001,0.0597385
0.75,0.5625,0.125,0.739746,0.5612016875000001,0.1225161875
0.75,0.5625,0.1875,0.7373581874999999,0.5621731875000001,0.18529387499999997
0.75,0.5625,0.25,0.734970375,0.5631446875,0.24807156249999998
0.75,0.5625,0.3125,0.7325825625,0.5641161875,0.31084925
0.75,0.5625,0.375,0.73019475,0.5650876875,0.3736269375
0.75,0.5625,0.4375,0.7278069374999999,0.5660591875000001,0.436404625
0.75,0.5625,0.5,0.7254191249999999,0.5670306875000001,0.4991823125
0.75,0.5625,0.5625,0.7230313125,0.5680021875000001,0.56196
0.75,0.5625,0.625,0.7206435,0.5689736875000001,0.6247376875
0.75,0.5625,0.6875,0.7182556874999999,0.5699451875000001,0.687515375
0.75,0.5625,0.75,0.7158678749999999,0.5709166875,0.7502930624999999
0.75,0.5625,0.8125,0.7134800625,0.5718881875,0.81307075
0.75,0.5625,0.875,0.71109225,0.5728596875,0.8758484375
0.75,0.5625,0.9375,0.7087044375,0.5738311875000001,0.938626125
0.75,0.5625,1.0,0.7063166249999999,0.5748026875000001,1.0014038125
0.75,0.625,0.0,0.755899,0.618953375,-0.003136875
0.75,0.625,0.0625,0.7535111875,0.619924875,0.0596408125
0.75,0.625,0.125,0.751123375,0.6208963750000001,0.1224185
0.75,0.625,0.1875,0.7487355625,0.6218678750000001,0.18519618749999997
0.75,0.625,0.25,0.74634775,0.622839375,0.24797387499999998
0.75,0.625,0.3125,0.7439599375,0.623810875,0.3107515625
0.75,0.625,0.375,0.741572125,0.624782375,0.37352925
0.75,0.625,0.4375,0.7391843124999999,0.625753875,0.4363069375
0.75,0.625,0.5,0.7367965,0.626725375,0.499084625
0.75,0.625,0.5625,0.7344086875,0.627696875,0.5618623125
0.75,0.625,0.625,0.732020875,0.6286683750000001,0.62464
0.75,0.625,0.6875,0.7296330625,0.6296398750000001,0.6874176875
0.75,0.625,0.75,0.72724525,0.630611375,0.7501953749999999
0.75,0.625,0.8125,0.7248574375,0.631582875,0.8129730624999999
0.75,0.625,0.875,0.722469625,0.632554375,0.8757507499999999
0.75,0.625,0.9375,0.7200818125,0.633525875,0.9385284374999999
0.75,0.625,1.0,0.7176939999999999,0.634497375,1.001306125
0.75,0.6875,0.0,0.767276375,0.6786480625000001,-0.0032345625
0.75,0.6875,0.0625,0.7648885625,0.6796195625000001,0.059543124999999995
0.75,0.6875,0.125,0.7625007500000001,0.6805910625000001,0.1223208125
0.75,0.6875,0.1875,0.7601129375,0.6815625625000001,0.18509849999999997
0.75,0.6875,0.25,0.757725125,0.6825340625,0.24787618749999998
0.75,0.6875,0.3125,0.7553373125,0.6835055625,0.310653875
0.75,0.6875,0.375,0.7529495,0.6844770625000001,0.3734315625
0.75,0.6875,0.4375,0.7505616875,0.6854485625000001,0.43620925
0.75,0.6875,0.5,0.748173875,0.6864200625000001,0.4989869375
0.75,0.6875,0.5625,0.7457860625,0.6873915625000001,0.561764625
0.75,0.6875,0.625,0.74339825,0.6883630625000001,0.6245423125
0.75,0.6875,0.6875,0.7410104375,0.6893345625000001,0.68732
0.75,0.6875,0.75,0.738622625,0.6903060625,0.7500976874999999
0.75,0.6875,0.8125,0.7362348125,0.6912775625,0.812875375
0.75,0.6875,0.875,0.733847,0.6922490625000001,0.8756530625
0.75,0.6875,0.9375,0.7314591875,0.6932205625000001,0.93843075
0.75,0.6875,1.0,0.729071375,0.6941920625000001,1.0012084374999999
0.75,0.75,0.0,0.7786537499999999,0.73834275,-0.00333225
0.75,0.75,0.0625,0.7762659375,0.7393142500000001,0.0594454375
0.75,0.75,0.125,0.773878125,0.7402857500000001,0.122223125
0.75,0.75,0.1875,0.7714903124999999,0.7412572500000001,0.18500081249999997
0.75,0.75,0.25,0.7691024999999999,0.74222875,0.24777849999999998
0.75,0.75,0.3125,0.7667146874999999,0.74320025,0.3105561875
0.75,0.75,0.375,0.764326875,0.74417175,0.373333875
0.75,0.75,0.4375,0.7619390624999999,0.74514325,0.4361115625
0.75,0.75,0.5,0.7595512499999999,0.74611475,0.49888925
0.75,0.75,0.5625,0.7571634374999999,0.7470862500000001,0.5616669375
0.75,0.75,0.625,0.754775625,0.7480577500000001,0.624444625
0.75,0.75,0.6875,0.7523878124999999,0.7490292500000001,0.6872223125
0.75,0.75,0.75,0.7499999999999999,0.75000075,0.7499999999999999
0.75,0.75,0.8125,0.7476121874999999,0.75097225,0.8127776874999999
0.75,0.75,0.875,0.7452243749999999,0.75194375,0.8755553749999999
0.75,0.75,0.9375,0.7428365625,0.75291525,0.9383330624999999
0.75,0.75,1.0,0.7404487499999999,0.75388675,1.00111075
0.75,0.8125,0.0,0.790031125,0.7980374375000001,-0.0034299375
0.75,0.8125,0.0625,0.7876433125,0.7990089375000001,0.05934775
0.75,0.8125,0.125,0.7852555,0.7999804375000001,0.1221254375
0.75,0.8125,0.1875,0.7828676874999999,0.8009519375000002,0.18490312499999997
0.75,0.8125,0.25,0.7804798749999999,0.8019234375000001,0.24768081249999999
0.75,0.8125,0.3125,0.7780920625,0.8028949375000001,0.3104585
0.75,0.8125,0.375,0.77570425,0.8038664375000001,0.3732361875
0.75,0.8125,0.4375,0.7733164374999999,0.8048379375000001,0.436013875
0.75,0.8125,0.5,0.7709286249999999,0.8058094375000001,0.4987915625
0.75,0.8125,0.5625,0.7685408125,0.8067809375000001,0.56156925
0.75,0.8125,0.625,0.766153,0.8077524375000001,0.6243469375
0.75,0.8125,0.6875,0.7637651875,0.8087239375000002,0.687124625
0.75,0.8125,0.75,0.7613773749999999,0.8096954375000001,0.7499023125
0.75,0.8125,0.8125,0.7589895624999999,0.8106669375000001,0.81268
0.75,0.8125,0.875,0.75660175,0.8116384375000001,0.8754576875
0.75,0.8125,0.9375,0.7542139375,0.8126099375000001,0.938235375
0.75,0.8125,1.0,0.7518261249999999,0.8135814375000001,1.0010130625
0.75,0.875,0.0,0.8014085,0.8577321250000001,-0.003527625
0.75,0.875,0.0625,0.7990206875,0.8587036250000001,0.0592500625
0.75,0.875,0.125,0.796632875,0.8596751250000001,0.12202774999999999
0.75,0.875,0.1875,0.7942450624999999,0.8606466250000001,0.18480543749999997
0.75,0.875,0.25,0.79185725,0.861618125,0.247583125
0.75,0.875,0.3125,0.7894694375,0.862589625,0.3103608125
0.75,0.875,0.375,0.787081625,0.863561125,0.3731385
0.75,0.875,0.4375,0.7846938124999999,0.864532625,0.4359161875
0.75,0.875,0.5,0.782306,0.8655041250000001,0.498693875
0.75,0.875,0.5625,0.7799181875,0.8664756250000001,0.5614715625
0.75,0.875,0.625,0.777530375,0.8674471250000001,0.62424925
0.75,0.875,0.6875,0.7751425624999999,0.8684186250000001,0.6870269375
0.75,0.875,0.75,0.7727547499999999,0.869390125,0.7498046249999999
0.75,0.875,0.8125,0.7703669375,0.870361625,0.8125823124999999
0.75,0.875,0.875,0.767979125,0.871333125,0.8753599999999999
0.75,0.875,0.9375,0.7655913125,0.8723046250000001,0.9381376874999999
0.75,0.875,1.0,0.7632034999999999,0.8732761250000001,1.000915375
0.75,0.9375,0.0,0.812785875,0.9174268125000001,-0.0036253125
0.75,0.9375,0.0625,0.8103980625,0.9183983125000001,0.059152375
0.75,0.9375,0.125,0.80801025,0.9193698125000002,0.12193006249999999
0.75,0.9375,0.1875,0.8056224375,0.9203413125000002,0.18470774999999998
0.75,0.9375,0.25,0.803234625,0.9213128125000001,0.2474854375
0.75,0.9375,0.3125,0.8008468125,0.9222843125000001,0.31026312500000003
0.75,0.9375,0.375,0.798459,0.9232558125000001,0.3730408125
0.75,0.9375,0.4375,0.7960711874999999,0.9242273125000001,0.4358185
0.75,0.9375,0.5,0.793683375,0.9251988125000001,0.4985961875
0.75,0.9375,0.5625,0.7912955625,0.9261703125000001,0.561373875
0.75,0.9375,0.625,0.78890775,0.9271418125000002,0.6241515625
0.75,0.9375,0.6875,0.7865199375,0.9281133125000002,0.68692925
0.75,0.9375,0.75,0.784132125,0.9290848125000001,0.7497069375
0.75,0.9375,0.8125,0.7817443125,0.9300563125000001,0.812484625
0.75,0.9375,0.875,0.7793565,0.9310278125000001,0.8752623125
0.75,0.9375,0.9375,0.7769686875,0.9319993125000001,0.93804
0.75,0.9375,1.0,0.774580875,0.9329708125000001,1.0008176874999999
0.75,1.0,0.0,0.82416325,0.9771215000000001,-0.0037229999999999997
0.75,1.0,0.0625,0.8217754375,0.9780930000000001,0.0590546875
0.75,1.0,0.125,0.8193876250000001,0.9790645000000001,0.12183237499999999
0.75,1.0,0.1875,0.8169998125,0.9800360000000001,0.18461006249999998
0.75,1.0,0.25,0.814612,0.9810075,0.24738775
0.75,1.0,0.3125,0.8122241875,0.981979,0.31016543750000003
0.75,1.0,0.375,0.809836375,0.9829505000000001,0.372943125
0.75,1.0,0.4375,0.8074485625,0.9839220000000001,0.4357208125
0.75,1.0,0.5,0.80506075,0.9848935000000001,0.4984985
0.75,1.0,0.5625,0.8026729375,0.9858650000000001,0.5612761875
0.75,1.0,0.625,0.800285125,0.9868365000000001,0.624053875
0.75,1.0,0.6875,0.7978973125,0.9878080000000001,0.6868315625
0.75,1.0,0.75,0.7955095,0.9887795,0.7496092499999999
0.75,1.0,0.8125,0.7931216875,0.989751,0.8123869374999999
0.75,1.0,0.875,0.790733875,0.9907225000000001,0.8751646249999999
0.75,1.0,0.9375,0.7883460625,0.9916940000000001,0.9379423124999999
0.75,1.0,1.0,0.78595825,0.9926655000000001,1.00072
0.8125,0.0,0.0,0.6956356875,0.023840375,-0.00234
0.8125,0.0,0.0625,0.6932478750000001,0.024811875,0.0604376875
0.8125,0.0,0.125,0.6908600625000001,0.025783375,0.123215375
0.8125,0.0,0.1875,0.68847225,0.026754875,0.18599306249999997
0.8125,0.0,0.25,0.6860844375,0.027726375,0.24877074999999998
0.8125,0.0,0.3125,0.6836966250000001,0.028697875,0.3115484375
0.8125,0.0,0.375,0.6813088125000001,0.029669375,0.37432612499999995
0.8125,0.0,0.4375,0.678921,0.030640875,0.43710381249999997
0.8125,0.0,0.5,0.6765331875,0.031612375,0.4998815
0.8125,0.0,0.5625,0.674145375,0.032583875,0.5626591875
0.8125,0.0,0.625,0.6717575625000001,0.033555375,0.625436875
0.8125,0.0,0.6875,0.66936975,0.034526875,0.6882145625
0.8125,0.0,0.75,0.6669819375,0.035498375,0.7509922499999999
0.8125,0.0,0.8125,0.664594125,0.036469875,0.8137699374999999
0.8125,0.0,0.875,0.6622063125000001,0.037441375,0.8765476249999999
0.8125,0.0,0.9375,0.6598185000000001,0.038412875,0.9393253125
0.8125,0.0,1.0,0.6574306875,0.039384375,1.002103
0.8125,0.0625,0.0,0.7070130625000001,0.0835350625,-0.0024376875
0.8125,0.0625,0.0625,0.7046252500000001,0.08450656250000001,0.06034
0.8125,0.0625,0.125,0.7022374375000001,0.08547806250000001,0.1231176875
0.8125,0.0625,0.1875,0.699849625,0.08644956250000001,0.18589537499999997
0.8125,0.0625,0.25,0.6974618125000001,0.08742106250000001,0.2486730625
0.8125,0.0625,0.3125,0.6950740000000001,0.08839256250000001,0.31145075
0.8125,0.0625,0.375,0.6926861875000001,0.08936406250000001,0.37422843749999996
0.8125,0.0625,0.4375,0.690298375,0.09033556250000001,0.43700612499999997
0.8125,0.0625,0.5,0.6879105625,0.09130706250000001,0.4997838125
0.8125,0.0625,0.5625,0.6855227500000001,0.09227856250000001,0.5625615
0.8125,0.0625,0.625,0.6831349375000001,0.09325006250000001,0.6253391875000001
0.8125,0.0625,0.6875,0.6807471250000001,0.09422156250000001,0.6881168750000001
0.8125,0.0625,0.75,0.6783593125,0.09519306250000001,0.7508945625
0.8125,0.0625,0.8125,0.6759715000000001,0.09616456250000001,0.81367225
0.8125,0.0625,0.875,0.6735836875000001,0.09713606250000001,0.8764499375
0.8125,0.0625,0.9375,0.6711958750000001,0.09810756250000001,0.939227625
0.8125,0.0625,1.0,0.6688080625,0.09907906250000001,1.0020053125
0.8125,0.125,0.0,0.7183904375000001,0.14322975000000002,-0.002535375
0.8125,0.125,0.0625,0.7160026250000001,0.14420125,0.0602423125
0.8125,0.125,0.125,0.7136148125000001,0.14517275000000002,0.12301999999999999
0.8125,0.125,0.1875,0.711227,0.14614425,0.18579768749999998
0.8125,0.125,0.25,0.7088391875000001,0.14711575000000002,0.248575375
0.8125,0.125,0.3125,0.7064513750000001,0.14808725,0.3113530625
0.8125,0.125,0.375,0.7040635625000001,0.14905875000000002,0.37413074999999996
0.8125,0.125,0.4375,0.70167575,0.15003025,0.43690843749999997
0.8125,0.125,0.5,0.6992879375000001,0.15100175000000002,0.499686125
0.8125,0.125,0.5625,0.6969001250000001,0.15197325,0.5624638125
0.8125,0.125,0.625,0.6945123125000001,0.15294475000000002,0.6252415
0.8125,0.125,0.6875,0.6921245,0.15391625,0.6880191875
0.8125,0.125,0.75,0.6897366875000001,0.15488775000000002,0.7507968749999999
0.8125,0.125,0.8125,0.6873488750000001,0.15585925,0.8135745624999999
0.8125,0.125,0.875,0.6849610625000001,0.15683075000000002,0.8763522499999999
0.8125,0.125,0.9375,0.6825732500000001,0.15780225,0.9391299375
0.8125,0.125,1.0,0.6801854375,0.15877375000000002,1.001907625
0.8125,0.1875,0.0,0.7297678125,0.2029244375,-0.0026330625
0.8125,0.1875,0.0625,0.72738,0.20389593749999999,0.060144625
0.8125,0.1875,0.125,0.7249921875,0.2048674375,0.12292231249999999
0.8125,0.1875,0.1875,0.722604375,0.20583893749999999,0.18569999999999998
0.8125,0.1875,0.25,0.7202165625,0.2068104375,0.2484776875
0.8125,0.1875,0.3125,0.71782875,0.20778193749999999,0.311255375
0.8125,0.1875,0.375,0.7154409375,0.2087534375,0.37403306249999996
0.8125,0.1875,0.4375,0.713053125,0.20972493749999999,0.43681074999999997
0.8125,0.1875,0.5,0.7106653125,0.2106964375,0.4995884375
0.8125,0.1875,0.5625,0.7082775,0.2116679375,0.562366125
0.8125,0.1875,0.625,0.7058896875,0.2126394375,0.6251438125000001
0.8125,0.1875,0.6875,0.7035018749999999,0.2136109375,0.6879215000000001
0.8125,0.1875,0.75,0.7011140625,0.2145824375,0.7506991875
0.8125,0.1875,0.8125,0.69872625,0.2155539375,0.813476875
0.8125,0.1875,0.875,0.6963384375,0.2165254375,0.8762545625
0.8125,0.1875,0.9375,0.693950625,0.2174969375,0.93903225
0.8125,0.1875,1.0,0.6915628125,0.2184684375,1.0018099375
0.8125,0.25,0.0,0.7411451875,0.262619125,-0.00273075
0.8125,0.25,0.0625,0.738757375,0.263590625,0.0600469375
0.8125,0.25,0.125,0.7363695625000001,0.264562125,0.12282462499999999
0.8125,0.25,0.1875,0.73398175,0.265533625,0.18560231249999998
0.8125,0.25,0.25,0.7315939375,0.266505125,0.24838
0.8125,0.25,0.3125,0.729206125,0.267476625,0.3111576875
0.8125,0.25,0.375,0.7268183125000001,0.268448125,0.37393537499999996
0.8125,0.25,0.4375,0.7244305,0.269419625,0.43671306249999997
0.8125,0.25,0.5,0.7220426875,0.270391125,0.49949075
0.8125,0.25,0.5625,0.719654875,0.271362625,0.5622684375
0.8125,0.25,0.625,0.7172670625,0.272334125,0.625046125
0.8125,0.25,0.6875,0.7148792500000001,0.273305625,0.6878238125
0.8125,0.25,0.75,0.7124914375,0.274277125,0.7506014999999999
0.8125,0.25,0.8125,0.710103625,0.275248625,0.8133791874999999
0.8125,0.25,0.875,0.7077158125,0.276220125,0.876156875
0.8125,0.25,0.9375,0.7053280000000001,0.277191625,0.9389345625
0.8125,0.25,1.0,0.7029401875,0.278163125,1.00171225
0.8125,0.3125,0.0,0.7525225625,0.3223138125,-0.0028284375000000002
0.8125,0.3125,0.0625,0.7501347500000001,0.32328531250000003,0.059949249999999996
0.8125,0.3125,0.125,0.7477469375000001,0.3242568125,0.1227269375
0.8125,0.3125,0.1875,0.745359125,0.3252283125,0.18550462499999998
0.8125,0.3125,0.25,0.7429713125,0.3261998125,0.2482823125
0.8125,0.3125,0.3125,0.7405835000000001,0.32717131250000003,0.31106
0.8125,0.3125,0.375,0.7381956875000001,0.3281428125,0.37383768749999996
0.8125,0.3125,0.4375,0.735807875,0.3291143125,0.436615375
0.8125,0.3125,0.5,0.7334200625,0.3300858125,0.4993930625
0.8125,0.3125,0.5625,0.73103225,0.33105731250000003,0.56217075
0.8125,0.3125,0.625,0.7286444375000001,0.3320288125,0.6249484375000001
0.8125,0.3125,0.6875,0.726256625,0.3330003125,0.6877261250000001
0.8125,0.3125,0.75,0.7238688125,0.3339718125,0.7505038125
0.8125,0.3125,0.8125,0.721481,0.33494331250000003,0.8132815
0.8125,0.3125,0.875,0.7190931875000001,0.3359148125,0.8760591875
0.8125,0.3125,0.9375,0.7167053750000001,0.3368863125,0.938836875
0.8125,0.3125,1.0,0.7143175625,0.3378578125,1.0016145625
0.8125,0.375,0.0,0.7638999375000001,0.38200850000000003,-0.002926125
0.8125,0.375,0.0625,0.7615121250000001,0.38298000000000004,0.0598515625
0.8125,0.375,0.125,0.7591243125000001,0.3839515,0.12262925
0.8125,0.375,0.1875,0.7567365,0.384923,0.18540693749999998
0.8125,0.375,0.25,0.7543486875000001,0.38589450000000003,0.248184625
0.8125,0.375,0.3125,0.7519608750000001,0.38686600000000004,0.3109623125
0.8125,0.375,0.375,0.7495730625000001,0.3878375,0.37373999999999996
0.8125,0.375,0.4375,0.74718525,0.388809,0.4365176875
0.8125,0.375,0.5,0.7447974375,0.38978050000000003,0.499295375
0.8125,0.375,0.5625,0.7424096250000001,0.39075200000000004,0.5620730625
0.8125,0.375,0.625,0.7400218125000001,0.3917235,0.62485075
0.8125,0.375,0.6875,0.7376340000000001,0.392695,0.6876284375
0.8125,0.375,0.75,0.7352461875,0.39366650000000003,0.7504061249999999
0.8125,0.375,0.8125,0.7328583750000001,0.39463800000000004,0.8131838124999999
0.8125,0.375,0.875,0.7304705625000001,0.3956095,0.8759615
0.8125,0.375,0.9375,0.7280827500000001,0.396581,0.9387391875
0.8125,0.375,1.0,0.7256949375,0.39755250000000003,1.001516875
0.8125,0.4375,0.0,0.7752773125000001,0.44170318750000004,-0.0030238125
0.8125,0.4375,0.0625,0.7728895000000001,0.44267468750000005,0.059753875
0.8125,0.4375,0.125,0.7705016875000001,0.4436461875,0.1225315625
0.8125,0.4375,0.1875,0.7681138750000001,0.4446176875,0.18530924999999998
0.8125,0.4375,0.25,0.7657260625000001,0.44558918750000004,0.2480869375
0.8125,0.4375,0.3125,0.7633382500000001,0.44656068750000005,0.310864625
0.8125,0.4375,0.375,0.7609504375000001,0.4475321875,0.37364231249999996
0.8125,0.4375,0.4375,0.758562625,0.4485036875,0.43642
0.8125,0.4375,0.5,0.7561748125000001,0.44947518750000004,0.4991976875
0.8125,0.4375,0.5625,0.7537870000000001,0.45044668750000005,0.561975375
0.8125,0.4375,0.625,0.7513991875000001,0.4514181875,0.6247530625000001
0.8125,0.4375,0.6875,0.749011375,0.4523896875,0.6875307500000001
0.8125,0.4375,0.75,0.7466235625000001,0.45336118750000004,0.7503084375
0.8125,0.4375,0.8125,0.7442357500000001,0.45433268750000005,0.813086125
0.8125,0.4375,0.875,0.7418479375000001,0.4553041875,0.8758638125
0.8125,0.4375,0.9375,0.7394601250000001,0.4562756875,0.9386415
0.8125,0.4375,1.0,0.7370723125,0.45724718750000004,1.0014191875
0.8125,0.5,0.0,0.7866546875,0.501397875,-0.0031215
0.8125,0.5,0.0625,0.784266875,0.502369375,0.0596561875
0.8125,0.5,0.125,0.7818790625,0.503340875,0.122433875
0.8125,0.5,0.1875,0.77949125,0.504312375,0.18521156249999998
0.8125,0.5,0.25,0.7771034375,0.5052838749999999,0.24798925
0.8125,0.5,0.3125,0.774715625,0.506255375,0.3107669375
0.8125,0.5,0.375,0.7723278125,0.507226875,0.37354462499999996
0.8125,0.5,0.4375,0.76994,0.508198375,0.4363223125
0.8125,0.5,0.5,0.7675521875,0.509169875,0.4991
0.8125,0.5,0.5625,0.765164375,0.510141375,0.5618776875
0.8125,0.5,0.625,0.7627765625,0.511112875,0.624655375
0.8125,0.5,0.6875,0.76038875,0.512084375,0.6874330625
0.8125,0.5,0.75,0.7580009375,0.5130558749999999,0.7502107499999999
0.8125,0.5,0.8125,0.755613125,0.514027375,0.8129884374999999
0.8125,0.5,0.875,0.7532253125,0.514998875,0.875766125
0.8125,0.5,0.9375,0.7508375,0.515970375,0.9385438125
0.8125,0.5,1.0,0.7484496875,0.516941875,1.0013215
0.8125,0.5625,0.0,0.7980320625,0.5610925625000001,-0.0032191875
0.8125,0.5625,0.0625,0.79564425,0.5620640625000001,0.0595585
0.8125,0.5625,0.125,0.7932564375000001,0.5630355625000001,0.1223361875
0.8125,0.5625,0.1875,0.790868625,0.5640070625000001,0.18511387499999998
0.8125,0.5625,0.25,0.7884808125,0.5649785625,0.2478915625
0.8125,0.5625,0.3125,0.786093,0.5659500625,0.31066925
0.8125,0.5625,0.375,0.7837051875000001,0.5669215625,0.37344693749999996
0.8125,0.5625,0.4375,0.781317375,0.5678930625,0.436224625
0.8125,0.5625,0.5,0.7789295625,0.5688645625000001,0.4990023125
0.8125,0.5625,0.5625,0.77654175,0.5698360625000001,0.56178
0.8125,0.5625,0.625,0.7741539375000001,0.5708075625000001,0.6245576875
0.8125,0.5625,0.6875,0.7717661250000001,0.5717790625000001,0.687335375
0.8125,0.5625,0.75,0.7693783125,0.5727505625,0.7501130624999999
0.8125,0.5625,0.8125,0.7669905,0.5737220625,0.8128907499999999
0.8125,0.5625,0.875,0.7646026875,0.5746935625,0.8756684374999999
0.8125,0.5625,0.9375,0.7622148750000001,0.5756650625,0.9384461249999999
0.8125,0.5625,1.0,0.7598270625,0.5766365625000001,1.0012238125
0.8125,0.625,0.0,0.8094094375,0.62078725,-0.003316875
0.8125,0.625,0.0625,0.8070216250000001,0.62175875,0.0594608125
0.8125,0.625,0.125,0.8046338125000001,0.62273025,0.1222385
0.8125,0.625,0.1875,0.802246,0.62370175,0.18501618749999998
0.8125,0.625,0.25,0.7998581875,0.62467325,0.247793875
0.8125,0.625,0.3125,0.7974703750000001,0.62564475,0.3105715625
0.8125,0.625,0.375,0.7950825625000001,0.62661625,0.37334924999999997
0.8125,0.625,0.4375,0.79269475,0.62758775,0.4361269375
0.8125,0.625,0.5,0.7903069375,0.62855925,0.498904625
0.8125,0.625,0.5625,0.787919125,0.62953075,0.5616823125
0.8125,0.625,0.625,0.7855313125000001,0.63050225,0.62446
0.8125,0.625,0.6875,0.7831435,0.6314737500000001,0.6872376875
0.8125,0.625,0.75,0.7807556875,0.63244525,0.7500153749999999
0.8125,0.625,0.8125,0.778367875,0.63341675,0.8127930624999999
0.8125,0.625,0.875,0.7759800625000001,0.63438825,0.87557075
0.8125,0.625,0.9375,0.7735922500000001,0.63535975,0.9383484375
0.8125,0.625,1.0,0.7712044375,0.63633125,1.0011261249999999
0.8125,0.6875,0.0,0.8207868125000001,0.6804819375000001,-0.0034145625
0.8125,0.6875,0.0625,0.8183990000000001,0.6814534375000001,0.059363124999999996
0.8125,0.6875,0.125,0.8160111875000001,0.6824249375000001,0.1221408125
0.8125,0.6875,0.1875,0.813623375,0.6833964375000001,0.18491849999999999
0.8125,0.6875,0.25,0.8112355625000001,0.6843679375,0.2476961875
0.8125,0.6875,0.3125,0.8088477500000001,0.6853394375,0.310473875
0.8125,0.6875,0.375,0.8064599375000001,0.6863109375,0.37325156249999997
0.8125,0.6875,0.4375,0.804072125,0.6872824375000001,0.43602925
0.8125,0.6875,0.5,0.8016843125,0.6882539375000001,0.4988069375
0.8125,0.6875,0.5625,0.7992965000000001,0.6892254375000001,0.561584625
0.8125,0.6875,0.625,0.7969086875000001,0.6901969375000001,0.6243623125
0.8125,0.6875,0.6875,0.7945208750000001,0.6911684375000001,0.68714
0.8125,0.6875,0.75,0.7921330625,0.6921399375,0.7499176874999999
0.8125,0.6875,0.8125,0.7897452500000001,0.6931114375,0.8126953749999999
0.8125,0.6875,0.875,0.7873574375000001,0.6940829375,0.8754730624999999
0.8125,0.6875,0.9375,0.7849696250000001,0.6950544375000001,0.9382507499999999
0.8125,0.6875,1.0,0.7825818125,0.6960259375000001,1.0010284375
0.8125,0.75,0.0,0.8321641875000001,0.740176625,-0.0035122499999999997
0.8125,0.75,0.0625,0.8297763750000001,0.741148125,0.0592654375
0.8125,0.75,0.125,0.8273885625000001,0.7421196250000001,0.122043125
0.8125,0.75,0.1875,0.8250007500000001,0.7430911250000001,0.1848208125
0.8125,0.75,0.25,0.8226129375000001,0.744062625,0.2475985
0.8125,0.75,0.3125,0.8202251250000001,0.745034125,0.3103761875
0.8125,0.75,0.375,0.8178373125000001,0.746005625,0.37315387499999997
0.8125,0.75,0.4375,0.8154495,0.746977125,0.4359315625
0.8125,0.75,0.5,0.8130616875000001,0.747948625,0.49870925
0.8125,0.75,0.5625,0.8106738750000001,0.748920125,0.5614869375
0.8125,0.75,0.625,0.8082860625000001,0.7498916250000001,0.624264625
0.8125,0.75,0.6875,0.80589825,0.7508631250000001,0.6870423125
0.8125,0.75,0.75,0.8035104375000001,0.751834625,0.7498199999999999
0.8125,0.75,0.8125,0.8011226250000001,0.752806125,0.8125976874999999
0.8125,0.75,0.875,0.7987348125000001,0.753777625,0.875375375
0.8125,0.75,0.9375,0.7963470000000001,0.754749125,0.9381530625
0.8125,0.75,1.0,0.7939591875,0.755720625,1.00093075
0.8125,0.8125,0.0,0.8435415625,0.7998713125000001,-0.0036099375000000003
0.8125,0.8125,0.0625,0.84115375,0.8008428125000001,0.05916775
0.8125,0.8125,0.125,0.8387659375000001,0.8018143125000001,0.1219454375
0.8125,0.8125,0.1875,0.836378125,0.8027858125000001,0.184723125
0.8125,0.8125,0.25,0.8339903125,0.8037573125,0.2475008125
0.8125,0.8125,0.3125,0.8316025,0.8047288125000001,0.3102785
0.8125,0.8125,0.375,0.8292146875,0.8057003125000001,0.37305618749999997
0.8125,0.8125,0.4375,0.826826875,0.8066718125000001,0.435833875
0.8125,0.8125,0.5,0.8244390625,0.8076433125000001,0.4986115625
0.8125,0.8125,0.5625,0.82205125,0.8086148125000001,0.56138925
0.8125,0.8125,0.625,0.8196634375,0.8095863125000001,0.6241669375
0.8125,0.8125,0.6875,0.817275625,0.8105578125000001,0.686944625
0.8125,0.8125,0.75,0.8148878125,0.8115293125,0.7497223124999999
0.8125,0.8125,0.8125,0.8125,0.8125008125000001,0.8124999999999999
0.8125,0.8125,0.875,0.8101121875,0.8134723125000001,0.8752776874999999
0.8125,0.8125,0.9375,0.807724375,0.8144438125000001,0.9380553749999999
0.8125,0.8125,1.0,0.8053365625,0.8154153125000001,1.0008330625
0.8125,0.875,0.0,0.8549189375,0.859566,-0.003707625
0.8125,0.875,0.0625,0.8525311250000001,0.8605375000000001,0.0590700625
0.8125,0.875,0.125,0.8501433125000001,0.8615090000000001,0.12184774999999999
0.8125,0.875,0.1875,0.8477555,0.8624805000000001,0.1846254375
0.8125,0.875,0.25,0.8453676875,0.863452,0.247403125
0.8125,0.875,0.3125,0.842979875,0.8644235,0.3101808125
0.8125,0.875,0.375,0.8405920625000001,0.865395,0.37295849999999997
0.8125,0.875,0.4375,0.83820425,0.8663665,0.4357361875
0.8125,0.875,0.5,0.8358164375,0.867338,0.498513875
0.8125,0.875,0.5625,0.833428625,0.8683095000000001,0.5612915625
0.8125,0.875,0.625,0.8310408125000001,0.8692810000000001,0.62406925
0.8125,0.875,0.6875,0.8286530000000001,0.8702525000000001,0.6868469375
0.8125,0.875,0.75,0.8262651875,0.871224,0.7496246249999999
0.8125,0.875,0.8125,0.823877375,0.8721955,0.8124023125
0.8125,0.875,0.875,0.8214895625,0.873167,0.87518
0.8125,0.875,0.9375,0.8191017500000001,0.8741385,0.9379576875
0.8125,0.875,1.0,0.8167139375,0.87511,1.0007353749999999
0.8125,0.9375,0.0,0.8662963125,0.9192606875000001,-0.0038053125
0.8125,0.9375,0.0625,0.8639085000000001,0.9202321875000001,0.058972375
0.8125,0.9375,0.125,0.8615206875000001,0.9212036875000001,0.12175006249999999
0.8125,0.9375,0.1875,0.859132875,0.9221751875000002,0.18452775
0.8125,0.9375,0.25,0.8567450625,0.9231466875000001,0.2473054375
0.8125,0.9375,0.3125,0.8543572500000001,0.9241181875000001,0.310083125
0.8125,0.9375,0.375,0.8519694375000001,0.9250896875000001,0.37286081249999997
0.8125,0.9375,0.4375,0.849581625,0.9260611875000001,0.4356385
0.8125,0.9375,0.5,0.8471938125,0.9270326875000001,0.4984161875
0.8125,0.9375,0.5625,0.8448060000000001,0.9280041875000001,0.561193875
0.8125,0.9375,0.625,0.8424181875000001,0.9289756875000001,0.6239715625
0.8125,0.9375,0.6875,0.840030375,0.9299471875000002,0.68674925
0.8125,0.9375,0.75,0.8376425625,0.9309186875000001,0.7495269374999999
0.8125,0.9375,0.8125,0.83525475,0.9318901875000001,0.8123046249999999
0.8125,0.9375,0.875,0.8328669375000001,0.9328616875000001,0.8750823124999999
0.8125,0.9375,0.9375,0.8304791250000001,0.9338331875000001,0.9378599999999999
0.8125,0.9375,1.0,0.8280913125,0.9348046875000001,1.0006376875
0.8125,1.0,0.0,0.8776736875000001,0.9789553750000001,-0.0039030000000000002
0.8125,1.0,0.0625,0.8752858750000001,0.9799268750000001,0.058874687499999995
0.8125,1.0,0.125,0.8728980625000001,0.9808983750000001,0.121652375
0.8125,1.0,0.1875,0.87051025,0.9818698750000001,0.1844300625
0.8125,1.0,0.25,0.8681224375000001,0.982841375,0.24720775
0.8125,1.0,0.3125,0.8657346250000001,0.983812875,0.3099854375
0.8125,1.0,0.375,0.8633468125000001,0.984784375,0.372763125
0.8125,1.0,0.4375,0.860959,0.9857558750000001,0.4355408125
0.8125,1.0,0.5,0.8585711875,0.9867273750000001,0.4983185
0.8125,1.0,0.5625,0.8561833750000001,0.9876988750000001,0.5610961875
0.8125,1.0,0.625,0.8537955625000001,0.9886703750000001,0.623873875
0.8125,1.0,0.6875,0.8514077500000001,0.9896418750000001,0.6866515625
0.8125,1.0,0.75,0.8490199375,0.990613375,0.7494292499999999
0.8125,1.0,0.8125,0.8466321250000001,0.991584875,0.8122069375
0.8125,1.0,0.875,0.8442443125000001,0.992556375,0.874984625
0.8125,1.0,0.9375,0.8418565000000001,0.9935278750000001,0.9377623125
0.8125,1.0,1.0,0.8394686875,0.9944993750000001,1.00054
0.875,0.0,0.0,0.749146125,0.02567425,-0.00252
0.875,0.0,0.0625,0.7467583125,0.02664575,0.0602576875
0.875,0.0,0.125,0.7443705,0.02761725,0.123035375
0.875,0.0,0.1875,0.7419826875,0.02858875,0.1858130625
0.875,0.0,0.25,0.739594875,0.02956025,0.24859075
0.875,0.0,0.3125,0.7372070625,0.03053175,0.3113684375
0.875,0.0,0.375,0.73481925,0.03150325,0.37414612499999994
0.875,0.0,0.4375,0.7324314375,0.03247475,0.43692381249999995
0.875,0.0,0.5,0.730043625,0.03344625,0.49970149999999997
0.875,0.0,0.5625,0.7276558125,0.03441775,0.5624791875
0.875,0.0,0.625,0.725268,0.03538925,0.625256875
0.875,0.0,0.6875,0.7228801874999999,0.03636075,0.6880345625000001
0.875,0.0,0.75,0.720492375,0.03733225,0.75081225
0.875,0.0,0.8125,0.7181045625,0.03830375,0.8135899375
0.875,0.0,0.875,0.71571675,0.03927525,0.876367625
0.875,0.0,0.9375,0.7133289375,0.04024675,0.9391453125
0.875,0.0,1.0,0.710941125,0.04121825,1.001923
0.875,0.0625,0.0,0.7605235,0.0853689375,-0.0026176875000000002
0.875,0.0625,0.0625,0.7581356875,0.0863404375,0.06016
0.875,0.0625,0.125,0.7557478750000001,0.0873119375,0.1229376875
0.875,0.0625,0.1875,0.7533600625,0.0882834375,0.185715375
0.875,0.0625,0.25,0.75097225,0.0892549375,0.2484930625
0.875,0.0625,0.3125,0.7485844375,0.0902264375,0.31127075
0.875,0.0625,0.375,0.7461966250000001,0.0911979375,0.37404843749999994
0.875,0.0625,0.4375,0.7438088125,0.0921694375,0.43682612499999995
0.875,0.0625,0.5,0.741421,0.0931409375,0.49960381249999997
0.875,0.0625,0.5625,0.7390331875,0.0941124375,0.5623815
0.875,0.0625,0.625,0.736645375,0.09508393750000001,0.6251591875
0.875,0.0625,0.6875,0.7342575625000001,0.09605543750000001,0.687936875
0.875,0.0625,0.75,0.73186975,0.09702693750000001,0.7507145624999999
0.875,0.0625,0.8125,0.7294819375,0.09799843750000001,0.8134922499999999
0.875,0.0625,0.875,0.727094125,0.09896993750000001,0.8762699374999999
0.875,0.0625,0.9375,0.7247063125000001,0.09994143750000001,0.9390476249999999
0.875,0.0625,1.0,0.7223185,0.10091293750000001,1.0018253125
0.875,0.125,0.0,0.771900875,0.145063625,-0.002715375
0.875,0.125,0.0625,0.7695130625000001,0.146035125,0.0600623125
0.875,0.125,0.125,0.7671252500000001,0.147006625,0.12283999999999999
0.875,0.125,0.1875,0.7647374375,0.147978125,0.1856176875
0.875,0.125,0.25,0.762349625,0.148949625,0.248395375
0.875,0.125,0.3125,0.7599618125000001,0.149921125,0.3111730625
0.875,0.125,0.375,0.7575740000000001,0.150892625,0.37395074999999994
0.875,0.125,0.4375,0.7551861875,0.151864125,0.43672843749999996
0.875,0.125,0.5,0.752798375,0.152835625,0.49950612499999997
0.875,0.125,0.5625,0.7504105625,0.153807125,0.5622838125
0.875,0.125,0.625,0.7480227500000001,0.154778625,0.6250615
0.875,0.125,0.6875,0.7456349375,0.155750125,0.6878391875000001
0.875,0.125,0.75,0.743247125,0.156721625,0.750616875
0.875,0.125,0.8125,0.7408593125,0.157693125,0.8133945625
0.875,0.125,0.875,0.7384715000000001,0.158664625,0.87617225
0.875,0.125,0.9375,0.7360836875000001,0.159636125,0.9389499375
0.875,0.125,1.0,0.733695875,0.160607625,1.001727625
0.875,0.1875,0.0,0.78327825,0.2047583125,-0.0028130625
0.875,0.1875,0.0625,0.7808904375,0.2057298125,0.059964625
0.875,0.1875,0.125,0.778502625,0.2067013125,0.12274231249999999
0.875,0.1875,0.1875,0.7761148124999999,0.2076728125,0.18552
0.875,0.1875,0.25,0.7737269999999999,0.2086443125,0.2482976875
0.875,0.1875,0.3125,0.7713391875,0.2096158125,0.311075375
0.875,0.1875,0.375,0.768951375,0.2105873125,0.37385306249999994
0.875,0.1875,0.4375,0.7665635624999999,0.2115588125,0.43663074999999996
0.875,0.1875,0.5,0.7641757499999999,0.2125303125,0.49940843749999997
0.875,0.1875,0.5625,0.7617879375,0.2135018125,0.562186125
0.875,0.1875,0.625,0.759400125,0.2144733125,0.6249638125
0.875,0.1875,0.6875,0.7570123124999999,0.2154448125,0.6877415
0.875,0.1875,0.75,0.7546244999999999,0.2164163125,0.7505191874999999
0.875,0.1875,0.8125,0.7522366875,0.2173878125,0.8132968749999999
0.875,0.1875,0.875,0.749848875,0.2183593125,0.8760745624999999
0.875,0.1875,0.9375,0.7474610625,0.2193308125,0.9388522499999999
0.875,0.1875,1.0,0.7450732499999999,0.2203023125,1.0016299375
0.875,0.25,0.0,0.794655625,0.264453,-0.00291075
0.875,0.25,0.0625,0.7922678125,0.2654245,0.059866937499999995
0.875,0.25,0.125,0.78988,0.26639599999999997,0.122644625
0.875,0.25,0.1875,0.7874921874999999,0.2673675,0.1854223125
0.875,0.25,0.25,0.785104375,0.268339,0.2482
0.875,0.25,0.3125,0.7827165625,0.2693105,0.3109776875
0.875,0.25,0.375,0.78032875,0.27028199999999997,0.37375537499999995
0.875,0.25,0.4375,0.7779409374999999,0.2712535,0.43653306249999996
0.875,0.25,0.5,0.775553125,0.272225,0.49931074999999997
0.875,0.25,0.5625,0.7731653125,0.2731965,0.5620884375
0.875,0.25,0.625,0.7707775,0.27416799999999997,0.624866125
0.875,0.25,0.6875,0.7683896875,0.2751395,0.6876438125000001
0.875,0.25,0.75,0.7660018749999999,0.276111,0.7504215
0.875,0.25,0.8125,0.7636140625,0.2770825,0.8131991875
0.875,0.25,0.875,0.76122625,0.27805399999999997,0.875976875
0.875,0.25,0.9375,0.7588384375,0.2790255,0.9387545625
0.875,0.25,1.0,0.7564506249999999,0.279997,1.00153225
0.875,0.3125,0.0,0.806033,0.3241476875,-0.0030084375
0.875,0.3125,0.0625,0.8036451875,0.3251191875,0.059769249999999996
0.875,0.3125,0.125,0.801257375,0.3260906875,0.1225469375
0.875,0.3125,0.1875,0.7988695625,0.3270621875,0.185324625
0.875,0.3125,0.25,0.79648175,0.3280336875,0.2481023125
0.875,0.3125,0.3125,0.7940939375,0.3290051875,0.31088
0.875,0.3125,0.375,0.791706125,0.3299766875,0.37365768749999995
0.875,0.3125,0.4375,0.7893183125,0.3309481875,0.43643537499999996
0.875,0.3125,0.5,0.7869305,0.3319196875,0.49921306249999997
0.875,0.3125,0.5625,0.7845426875,0.3328911875,0.56199075
0.875,0.3125,0.625,0.782154875,0.3338626875,0.6247684375
0.875,0.3125,0.6875,0.7797670624999999,0.3348341875,0.687546125
0.875,0.3125,0.75,0.77737925,0.3358056875,0.7503238124999999
0.875,0.3125,0.8125,0.7749914375,0.3367771875,0.8131014999999999
0.875,0.3125,0.875,0.772603625,0.3377486875,0.8758791874999999
0.875,0.3125,0.9375,0.7702158125,0.3387201875,0.938656875
0.875,0.3125,1.0,0.767828,0.3396916875,1.0014345625
0.875,0.375,0.0,0.817410375,0.383842375,-0.003106125
0.875,0.375,0.0625,0.8150225625,0.384813875,0.0596715625
0.875,0.375,0.125,0.8126347500000001,0.385785375,0.12244925
0.875,0.375,0.1875,0.8102469375,0.386756875,0.1852269375
0.875,0.375,0.25,0.807859125,0.387728375,0.248004625
0.875,0.375,0.3125,0.8054713125,0.38869987500000003,0.3107823125
0.875,0.375,0.375,0.8030835000000001,0.389671375,0.37355999999999995
0.875,0.375,0.4375,0.8006956875,0.390642875,0.43633768749999996
0.875,0.375,0.5,0.798307875,0.391614375,0.499115375
0.875,0.375,0.5625,0.7959200625,0.39258587500000003,0.5618930625
0.875,0.375,0.625,0.79353225,0.393557375,0.62467075
0.875,0.375,0.6875,0.7911444375000001,0.394528875,0.6874484375000001
0.875,0.375,0.75,0.788756625,0.395500375,0.750226125
0.875,0.375,0.8125,0.7863688125,0.39647187500000003,0.8130038125
0.875,0.375,0.875,0.783981,0.397443375,0.8757815
0.875,0.375,0.9375,0.7815931875000001,0.398414875,0.9385591875
0.875,0.375,1.0,0.779205375,0.399386375,1.001336875
0.875,0.4375,0.0,0.82878775,0.4435370625,-0.0032038125
0.875,0.4375,0.0625,0.8263999375000001,0.44450856250000004,0.059573875
0.875,0.4375,0.125,0.8240121250000001,0.4454800625,0.1223515625
0.875,0.4375,0.1875,0.8216243125,0.4464515625,0.18512924999999997
0.875,0.4375,0.25,0.8192365,0.4474230625,0.24790693749999998
0.875,0.4375,0.3125,0.8168486875000001,0.44839456250000004,0.310684625
0.875,0.4375,0.375,0.8144608750000001,0.4493660625,0.37346231249999995
0.875,0.4375,0.4375,0.8120730625,0.4503375625,0.43623999999999996
0.875,0.4375,0.5,0.80968525,0.4513090625,0.4990176875
0.875,0.4375,0.5625,0.8072974375,0.45228056250000004,0.561795375
0.875,0.4375,0.625,0.8049096250000001,0.4532520625,0.6245730625
0.875,0.4375,0.6875,0.8025218125,0.4542235625,0.68735075
0.875,0.4375,0.75,0.800134,0.4551950625,0.7501284374999999
0.875,0.4375,0.8125,0.7977461875,0.45616656250000004,0.8129061249999999
0.875,0.4375,0.875,0.7953583750000001,0.4571380625,0.8756838124999999
0.875,0.4375,0.9375,0.7929705625000001,0.4581095625,0.9384615
0.875,0.4375,1.0,0.79058275,0.4590810625,1.0012391875
0.875,0.5,0.0,0.840165125,0.50323175,-0.0033015
0.875,0.5,0.0625,0.8377773125,0.50420325,0.0594761875
0.875,0.5,0.125,0.8353895,0.50517475,0.122253875
0.875,0.5,0.1875,0.8330016874999999,0.50614625,0.18503156249999997
0.875,0.5,0.25,0.830613875,0.5071177499999999,0.24780924999999998
0.875,0.5,0.3125,0.8282260625,0.5080892499999999,0.3105869375
0.875,0.5,0.375,0.82583825,0.50906075,0.37336462499999995
0.875,0.5,0.4375,0.8234504374999999,0.51003225,0.43614231249999996
0.875,0.5,0.5,0.8210626249999999,0.51100375,0.49892
0.875,0.5,0.5625,0.8186748125,0.51197525,0.5616976875
0.875,0.5,0.625,0.816287,0.51294675,0.624475375
0.875,0.5,0.6875,0.8138991874999999,0.51391825,0.6872530625000001
0.875,0.5,0.75,0.8115113749999999,0.5148897499999999,0.75003075
0.875,0.5,0.8125,0.8091235625,0.5158612499999999,0.8128084375
0.875,0.5,0.875,0.80673575,0.51683275,0.875586125
0.875,0.5,0.9375,0.8043479375,0.51780425,0.9383638125
0.875,0.5,1.0,0.8019601249999999,0.51877575,1.0011415
0.875,0.5625,0.0,0.8515425,0.5629264375,-0.0033991875000000003
0.875,0.5625,0.0625,0.8491546875,0.5638979375000001,0.0593785
0.875,0.5625,0.125,0.846766875,0.5648694375000001,0.1221561875
0.875,0.5625,0.1875,0.8443790624999999,0.5658409375000001,0.18493387499999997
0.875,0.5625,0.25,0.84199125,0.5668124375,0.24771156249999998
0.875,0.5625,0.3125,0.8396034375,0.5677839375,0.31048925
0.875,0.5625,0.375,0.837215625,0.5687554375,0.37326693749999995
0.875,0.5625,0.4375,0.8348278124999999,0.5697269375,0.43604462499999996
0.875,0.5625,0.5,0.83244,0.5706984375,0.4988223125
0.875,0.5625,0.5625,0.8300521875,0.5716699375000001,0.5616
0.875,0.5625,0.625,0.827664375,0.5726414375000001,0.6243776875
0.875,0.5625,0.6875,0.8252765625,0.5736129375000001,0.687155375
0.875,0.5625,0.75,0.82288875,0.5745844375,0.7499330624999999
0.875,0.5625,0.8125,0.8205009375,0.5755559375,0.8127107499999999
0.875,0.5625,0.875,0.818113125,0.5765274375,0.8754884374999999
0.875,0.5625,0.9375,0.8157253125,0.5774989375,0.938266125
0.875,0.5625,1.0,0.8133374999999999,0.5784704375,1.0010438125
0.875,0.625,0.0,0.862919875,0.622621125,-0.003496875
0.875,0.625,0.0625,0.8605320625,0.623592625,0.0592808125
0.875,0.625,0.125,0.85814425,0.624564125,0.1220585
0.875,0.625,0.1875,0.8557564375,0.625535625,0.18483618749999997
0.875,0.625,0.25,0.853368625,0.6265071249999999,0.24761387499999998
0.875,0.625,0.3125,0.8509808125,0.627478625,0.3103915625
0.875,0.625,0.375,0.848593,0.628450125,0.37316924999999995
0.875,0.625,0.4375,0.8462051875,0.629421625,0.43594693749999996
0.875,0.625,0.5,0.843817375,0.630393125,0.498724625
0.875,0.625,0.5625,0.8414295625,0.631364625,0.5615023125
0.875,0.625,0.625,0.83904175,0.632336125,0.6242800000000001
0.875,0.625,0.6875,0.8366539375,0.633307625,0.6870576875000001
0.875,0.625,0.75,0.834266125,0.6342791249999999,0.749835375
0.875,0.625,0.8125,0.8318783125,0.635250625,0.8126130625
0.875,0.625,0.875,0.8294905,0.636222125,0.87539075
0.875,0.625,0.9375,0.8271026875,0.637193625,0.9381684375
0.875,0.625,1.0,0.824714875,0.638165125,1.000946125
0.875,0.6875,0.0,0.87429725,0.6823158125000001,-0.0035945625
0.875,0.6875,0.0625,0.8719094375,0.6832873125000001,0.059183124999999996
0.875,0.6875,0.125,0.8695216250000001,0.6842588125000001,0.1219608125
0.875,0.6875,0.1875,0.8671338125,0.6852303125000001,0.18473849999999997
0.875,0.6875,0.25,0.864746,0.6862018125,0.24751618749999998
0.875,0.6875,0.3125,0.8623581875,0.6871733125,0.310293875
0.875,0.6875,0.375,0.8599703750000001,0.6881448125,0.37307156249999995
0.875,0.6875,0.4375,0.8575825625,0.6891163125,0.43584924999999997
0.875,0.6875,0.5,0.85519475,0.6900878125000001,0.4986269375
0.875,0.6875,0.5625,0.8528069375,0.6910593125000001,0.561404625
0.875,0.6875,0.625,0.850419125,0.6920308125000001,0.6241823125
0.875,0.6875,0.6875,0.8480313125000001,0.6930023125000001,0.68696
0.875,0.6875,0.75,0.8456435,0.6939738125,0.7497376874999999
0.875,0.6875,0.8125,0.8432556875,0.6949453125,0.8125153749999999
0.875,0.6875,0.875,0.840867875,0.6959168125,0.8752930624999999
0.875,0.6875,0.9375,0.8384800625000001,0.6968883125,0.93807075
0.875,0.6875,1.0,0.83609225,0.6978598125000001,1.0008484375
0.875,0.75,0.0,0.885674625,0.7420105,-0.0036922500000000002
0.875,0.75,0.0625,0.8832868125000001,0.742982,0.0590854375
0.875,0.75,0.125,0.8808990000000001,0.7439535,0.121863125
0.875,0.75,0.1875,0.8785111875,0.7449250000000001,0.18464081249999997
0.875,0.75,0.25,0.876123375,0.7458965,0.24741849999999999
0.875,0.75,0.3125,0.8737355625000001,0.746868,0.3101961875
0.875,0.75,0.375,0.8713477500000001,0.7478395,0.37297387499999995
0.875,0.75,0.4375,0.8689599375,0.748811,0.43575156249999997
0.875,0.75,0.5,0.866572125,0.7497825,0.49852925
0.875,0.75,0.5625,0.8641843125,0.750754,0.5613069375
0.875,0.75,0.625,0.8617965000000001,0.7517255,0.6240846250000001
0.875,0.75,0.6875,0.8594086875,0.7526970000000001,0.6868623125000001
0.875,0.75,0.75,0.857020875,0.7536685,0.74964
0.875,0.75,0.8125,0.8546330625,0.75464,0.8124176875
0.875,0.75,0.875,0.8522452500000001,0.7556115,0.875195375
0.875,0.75,0.9375,0.8498574375000001,0.756583,0.9379730625
0.875,0.75,1.0,0.847469625,0.7575545,1.00075075
0.875,0.8125,0.0,0.897052,0.8017051875000001,-0.0037899375
0.875,0.8125,0.0625,0.8946641875,0.8026766875000001,0.05898775
0.875,0.8125,0.125,0.892276375,0.8036481875000001,0.12176543749999999
0.875,0.8125,0.1875,0.8898885624999999,0.8046196875000001,0.18454312499999997
0.875,0.8125,0.25,0.88750075,0.8055911875,0.2473208125
0.875,0.8125,0.3125,0.8851129375,0.8065626875,0.3100985
0.875,0.8125,0.375,0.882725125,0.8075341875000001,0.37287618749999996
0.875,0.8125,0.4375,0.8803373124999999,0.8085056875000001,0.43565387499999997
0.875,0.8125,0.5,0.8779494999999999,0.8094771875000001,0.4984315625
0.875,0.8125,0.5625,0.8755616875,0.8104486875000001,0.56120925
0.875,0.8125,0.625,0.873173875,0.8114201875000001,0.6239869375
0.875,0.8125,0.6875,0.8707860624999999,0.8123916875000001,0.686764625
0.875,0.8125,0.75,0.8683982499999999,0.8133631875,0.7495423124999999
0.875,0.8125,0.8125,0.8660104375,0.8143346875,0.8123199999999999
0.875,0.8125,0.875,0.863622625,0.8153061875000001,0.8750976874999999
0.875,0.8125,0.9375,0.8612348125,0.8162776875000001,0.937875375
0.875,0.8125,1.0,0.8588469999999999,0.8172491875000001,1.0006530625
0.875,0.875,0.0,0.908429375,0.861399875,-0.003887625
0.875,0.875,0.0625,0.9060415625,0.862371375,0.0588900625
0.875,0.875,0.125,0.90365375,0.8633428750000001,0.12166774999999999
0.875,0.875,0.1875,0.9012659375,0.8643143750000001,0.18444543749999998
0.875,0.875,0.25,0.898878125,0.865285875,0.247223125
0.875,0.875,0.3125,0.8964903125,0.866257375,0.3100008125
0.875,0.875,0.375,0.8941025,0.867228875,0.37277849999999996
0.875,0.875,0.4375,0.8917146874999999,0.868200375,0.43555618749999997
0.875,0.875,0.5,0.889326875,0.869171875,0.498333875
0.875,0.875,0.5625,0.8869390625,0.870143375,0.5611115625
0.875,0.875,0.625,0.88455125,0.8711148750000001,0.6238892500000001
0.875,0.875,0.6875,0.8821634375,0.8720863750000001,0.6866669375000001
0.875,0.875,0.75,0.879775625,0.873057875,0.749444625
0.875,0.875,0.8125,0.8773878125,0.874029375,0.8122223125
0.875,0.875,0.875,0.875,0.875000875,0.875
0.875,0.875,0.9375,0.8726121875,0.875972375,0.9377776875
0.875,0.875,1.0,0.8702243749999999,0.876943875,1.000555375
0.875,0.9375,0.0,0.91980675,0.9210945625000001,-0.0039853125
0.875,0.9375,0.0625,0.9174189375,0.9220660625000001,0.058792375
0.875,0.9375,0.125,0.9150311250000001,0.9230375625000001,0.12157006249999999
0.875,0.9375,0.1875,0.9126433125,0.9240090625000001,0.18434774999999998
0.875,0.9375,0.25,0.9102555,0.9249805625,0.2471254375
0.875,0.9375,0.3125,0.9078676875,0.9259520625000001,0.309903125
0.875,0.9375,0.375,0.905479875,0.9269235625000001,0.37268081249999996
0.875,0.9375,0.4375,0.9030920625,0.9278950625000001,0.43545849999999997
0.875,0.9375,0.5,0.90070425,0.9288665625000001,0.4982361875
0.875,0.9375,0.5625,0.8983164375,0.9298380625000001,0.561013875
0.875,0.9375,0.625,0.895928625,0.9308095625000001,0.6237915625
0.875,0.9375,0.6875,0.8935408125,0.9317810625000001,0.68656925
0.875,0.9375,0.75,0.891153,0.9327525625,0.7493469374999999
0.875,0.9375,0.8125,0.8887651875,0.9337240625000001,0.8121246249999999
0.875,0.9375,0.875,0.886377375,0.9346955625000001,0.8749023125
0.875,0.9375,0.9375,0.8839895625,0.9356670625000001,0.93768
0.875,0.9375,1.0,0.88160175,0.9366385625000001,1.0004576875
0.875,1.0,0.0,0.931184125,0.9807892500000001,-0.004083
0.875,1.0,0.0625,0.9287963125,0.9817607500000001,0.058694687499999995
0.875,1.0,0.125,0.9264085000000001,0.9827322500000001,0.121472375
0.875,1.0,0.1875,0.9240206875,0.9837037500000001,0.18425006249999998
0.875,1.0,0.25,0.921632875,0.98467525,0.24702775
0.875,1.0,0.3125,0.9192450625,0.98564675,0.3098054375
0.875,1.0,0.375,0.9168572500000001,0.98661825,0.37258312499999996
0.875,1.0,0.4375,0.9144694375,0.98758975,0.43536081249999997
0.875,1.0,0.5,0.912081625,0.9885612500000001,0.4981385
0.875,1.0,0.5625,0.9096938125,0.9895327500000001,0.5609161875
0.875,1.0,0.625,0.9073060000000001,0.9905042500000001,0.6236938750000001
0.875,1.0,0.6875,0.9049181875000001,0.9914757500000001,0.6864715625000001
0.875,1.0,0.75,0.902530375,0.99244725,0.74924925
0.875,1.0,0.8125,0.9001425625,0.99341875,0.8120269375
0.875,1.0,0.875,0.89775475,0.99439025,0.874804625
0.875,1.0,0.9375,0.8953669375000001,0.99536175,0.9375823125
0.875,1.0,1.0,0.892979125,0.9963332500000001,1.00036
0.9375,0.0,0.0,0.8026565625000001,0.027508125,-0.0027
0.9375,0.0,0.0625,0.8002687500000001,0.028479625,0.0600776875
0.9375,0.0,0.125,0.7978809375000001,0.029451125,0.122855375
0.9375,0.0,0.1875,0.795493125,0.030422625000000002,0.18563306249999997
0.9375,0.0,0.25,0.7931053125,0.031394125,0.24841074999999999
0.9375,0.0,0.3125,0.7907175000000001,0.032365625,0.3111884375
0.9375,0.0,0.375,0.7883296875000001,0.033337125,0.373966125
0.9375,0.0,0.4375,0.785941875,0.034308625,0.4367438125
0.9375,0.0,0.5,0.7835540625,0.035280125,0.4995215
0.9375,0.0,0.5625,0.7811662500000001,0.036251625,0.5622991875
0.9375,0.0,0.625,0.7787784375000001,0.037223125,0.625076875
0.9375,0.0,0.6875,0.7763906250000001,0.038194625,0.6878545625
0.9375,0.0,0.75,0.7740028125,0.039166125,0.7506322499999999
0.9375,0.0,0.8125,0.771615,0.040137625,0.8134099374999999
0.9375,0.0,0.875,0.7692271875000001,0.041109125,0.8761876249999999
0.9375,0.0,0.9375,0.7668393750000001,0.042080625,0.9389653124999999
0.9375,0.0,1.0,0.7644515625,0.043052125000000004,1.001743
0.9375,0.0625,0.0,0.8140339375000001,0.0872028125,-0.0027976875000000003
0.9375,0.0625,0.0625,0.8116461250000001,0.0881743125,0.05998
0.9375,0.0625,0.125,0.8092583125000001,0.0891458125,0.12275768749999999
0.9375,0.0625,0.1875,0.8068705,0.0901173125,0.18553537499999997
0.9375,0.0625,0.25,0.8044826875000001,0.0910888125,0.2483130625
0.9375,0.0625,0.3125,0.8020948750000001,0.0920603125,0.31109075
0.9375,0.0625,0.375,0.7997070625000001,0.0930318125,0.3738684375
0.9375,0.0625,0.4375,0.79731925,0.0940033125,0.436646125
0.9375,0.0625,0.5,0.7949314375000001,0.0949748125,0.4994238125
0.9375,0.0625,0.5625,0.7925436250000001,0.0959463125,0.5622015
0.9375,0.0625,0.625,0.7901558125000001,0.0969178125,0.6249791875
0.9375,0.0625,0.6875,0.787768,0.0978893125,0.687756875
0.9375,0.0625,0.75,0.7853801875,0.0988608125,0.7505345625
0.9375,0.0625,0.8125,0.7829923750000001,0.0998323125,0.81331225
0.9375,0.0625,0.875,0.7806045625000001,0.1008038125,0.8760899375
0.9375,0.0625,0.9375,0.7782167500000001,0.1017753125,0.938867625
0.9375,0.0625,1.0,0.7758289375,0.1027468125,1.0016453125
0.9375,0.125,0.0,0.8254113125000001,0.14689750000000001,-0.002895375
0.9375,0.125,0.0625,0.8230235000000001,0.147869,0.0598823125
0.9375,0.125,0.125,0.8206356875000002,0.14884050000000001,0.12265999999999999
0.9375,0.125,0.1875,0.8182478750000001,0.149812,0.18543768749999998
0.9375,0.125,0.25,0.8158600625000001,0.15078350000000001,0.248215375
0.9375,0.125,0.3125,0.8134722500000001,0.151755,0.31099306250000003
0.9375,0.125,0.375,0.8110844375000001,0.15272650000000002,0.37377075
0.9375,0.125,0.4375,0.8086966250000001,0.153698,0.4365484375
0.9375,0.125,0.5,0.8063088125000001,0.15466950000000002,0.499326125
0.9375,0.125,0.5625,0.8039210000000001,0.155641,0.5621038125
0.9375,0.125,0.625,0.8015331875000001,0.15661250000000002,0.6248815
0.9375,0.125,0.6875,0.7991453750000002,0.157584,0.6876591875
0.9375,0.125,0.75,0.7967575625000001,0.15855550000000002,0.7504368749999999
0.9375,0.125,0.8125,0.7943697500000001,0.159527,0.8132145624999999
0.9375,0.125,0.875,0.7919819375000001,0.16049850000000002,0.8759922499999999
0.9375,0.125,0.9375,0.7895941250000001,0.16147,0.9387699374999999
0.9375,0.125,1.0,0.7872063125000001,0.16244150000000002,1.001547625
0.9375,0.1875,0.0,0.8367886875,0.2065921875,-0.0029930625
0.9375,0.1875,0.0625,0.834400875,0.20756368749999998,0.059784625
0.9375,0.1875,0.125,0.8320130625000001,0.2085351875,0.12256231249999999
0.9375,0.1875,0.1875,0.82962525,0.20950668749999998,0.18533999999999998
0.9375,0.1875,0.25,0.8272374375,0.2104781875,0.2481176875
0.9375,0.1875,0.3125,0.824849625,0.21144968749999998,0.31089537500000003
0.9375,0.1875,0.375,0.8224618125000001,0.2124211875,0.3736730625
0.9375,0.1875,0.4375,0.820074,0.21339268749999998,0.43645075
0.9375,0.1875,0.5,0.8176861875,0.2143641875,0.4992284375
0.9375,0.1875,0.5625,0.815298375,0.21533568749999998,0.562006125
0.9375,0.1875,0.625,0.8129105625,0.2163071875,0.6247838125
0.9375,0.1875,0.6875,0.8105227500000001,0.21727868749999998,0.6875615
0.9375,0.1875,0.75,0.8081349375,0.2182501875,0.7503391875
0.9375,0.1875,0.8125,0.805747125,0.21922168749999998,0.813116875
0.9375,0.1875,0.875,0.8033593125,0.2201931875,0.8758945625
0.9375,0.1875,0.9375,0.8009715000000001,0.22116468749999998,0.93867225
0.9375,0.1875,1.0,0.7985836875,0.2221361875,1.0014499374999999
0.9375,0.25,0.0,0.8481660625,0.26628687500000003,-0.00309075
0.9375,0.25,0.0625,0.8457782500000001,0.26725837500000005,0.059686937499999995
0.9375,0.25,0.125,0.8433904375000001,0.268229875,0.122464625
0.9375,0.25,0.1875,0.841002625,0.269201375,0.18524231249999998
0.9375,0.25,0.25,0.8386148125,0.27017287500000003,0.24802
0.9375,0.25,0.3125,0.836227,0.27114437500000005,0.31079768750000003
0.9375,0.25,0.375,0.8338391875000001,0.272115875,0.373575375
0.9375,0.25,0.4375,0.831451375,0.273087375,0.4363530625
0.9375,0.25,0.5,0.8290635625,0.27405887500000004,0.49913075
0.9375,0.25,0.5625,0.82667575,0.27503037500000005,0.5619084375
0.9375,0.25,0.625,0.8242879375000001,0.276001875,0.624686125
0.9375,0.25,0.6875,0.821900125,0.276973375,0.6874638125
0.9375,0.25,0.75,0.8195123125,0.27794487500000004,0.7502414999999999
0.9375,0.25,0.8125,0.8171245,0.27891637500000005,0.8130191874999999
0.9375,0.25,0.875,0.8147366875000001,0.279887875,0.8757968749999999
0.9375,0.25,0.9375,0.8123488750000001,0.280859375,0.9385745624999999
0.9375,0.25,1.0,0.8099610625,0.28183087500000004,1.00135225
0.9375,0.3125,0.0,0.8595434375000001,0.3259815625,-0.0031884375000000003
0.9375,0.3125,0.0625,0.8571556250000001,0.3269530625,0.059589249999999996
0.9375,0.3125,0.125,0.8547678125000001,0.32792456249999996,0.1223669375
0.9375,0.3125,0.1875,0.85238,0.3288960625,0.18514462499999998
0.9375,0.3125,0.25,0.8499921875,0.3298675625,0.2479223125
0.9375,0.3125,0.3125,0.8476043750000001,0.3308390625,0.31070000000000003
0.9375,0.3125,0.375,0.8452165625000001,0.33181056249999996,0.3734776875
0.9375,0.3125,0.4375,0.84282875,0.3327820625,0.436255375
0.9375,0.3125,0.5,0.8404409375,0.3337535625,0.4990330625
0.9375,0.3125,0.5625,0.8380531250000001,0.3347250625,0.56181075
0.9375,0.3125,0.625,0.8356653125000001,0.33569656249999996,0.6245884375
0.9375,0.3125,0.6875,0.8332775000000001,0.3366680625,0.687366125
0.9375,0.3125,0.75,0.8308896875,0.3376395625,0.7501438125
0.9375,0.3125,0.8125,0.828501875,0.3386110625,0.8129215
0.9375,0.3125,0.875,0.8261140625000001,0.33958256249999996,0.8756991875
0.9375,0.3125,0.9375,0.8237262500000001,0.3405540625,0.938476875
0.9375,0.3125,1.0,0.8213384375,0.3415255625,1.0012545625
0.9375,0.375,0.0,0.8709208125000001,0.38567625,-0.003286125
0.9375,0.375,0.0625,0.8685330000000001,0.38664775,0.0594915625
0.9375,0.375,0.125,0.8661451875000001,0.38761924999999997,0.12226925
0.9375,0.375,0.1875,0.863757375,0.38859075,0.18504693749999998
0.9375,0.375,0.25,0.8613695625000001,0.38956225,0.247824625
0.9375,0.375,0.3125,0.8589817500000001,0.39053375,0.31060231250000003
0.9375,0.375,0.375,0.8565939375000001,0.39150524999999997,0.37338
0.9375,0.375,0.4375,0.854206125,0.39247675,0.4361576875
0.9375,0.375,0.5,0.8518183125000001,0.39344825,0.498935375
0.9375,0.375,0.5625,0.8494305000000001,0.39441975,0.5617130625
0.9375,0.375,0.625,0.8470426875000001,0.39539124999999997,0.62449075
0.9375,0.375,0.6875,0.844654875,0.39636275,0.6872684375
0.9375,0.375,0.75,0.8422670625,0.39733425,0.7500461249999999
0.9375,0.375,0.8125,0.8398792500000001,0.39830575,0.8128238124999999
0.9375,0.375,0.875,0.8374914375000001,0.39927725,0.8756014999999999
0.9375,0.375,0.9375,0.8351036250000001,0.40024875,0.9383791874999999
0.9375,0.375,1.0,0.8327158125,0.40122025,1.001156875
0.9375,0.4375,0.0,0.8822981875000001,0.4453709375,-0.0033838125
0.9375,0.4375,0.0625,0.8799103750000001,0.4463424375,0.059393875
0.9375,0.4375,0.125,0.8775225625000002,0.4473139375,0.1221715625
0.9375,0.4375,0.1875,0.8751347500000001,0.4482854375,0.18494924999999998
0.9375,0.4375,0.25,0.8727469375000001,0.4492569375,0.2477269375
0.9375,0.4375,0.3125,0.8703591250000001,0.4502284375,0.310504625
0.9375,0.4375,0.375,0.8679713125000001,0.4511999375,0.37328231249999994
0.9375,0.4375,0.4375,0.8655835000000001,0.4521714375,0.43605999999999995
0.9375,0.4375,0.5,0.8631956875000001,0.4531429375,0.49883768749999996
0.9375,0.4375,0.5625,0.8608078750000001,0.4541144375,0.561615375
0.9375,0.4375,0.625,0.8584200625000001,0.4550859375,0.6243930625
0.9375,0.4375,0.6875,0.8560322500000002,0.4560574375,0.68717075
0.9375,0.4375,0.75,0.8536444375000001,0.4570289375,0.7499484375
0.9375,0.4375,0.8125,0.8512566250000001,0.4580004375,0.812726125
0.9375,0.4375,0.875,0.8488688125000001,0.4589719375,0.8755038125
0.9375,0.4375,0.9375,0.8464810000000001,0.4599434375,0.9382815
0.9375,0.4375,1.0,0.8440931875000001,0.4609149375,1.0010591875
0.9375,0.5,0.0,0.8936755625,0.5050656250000001,-0.0034815000000000002
0.9375,0.5,0.0625,0.89128775,0.5060371250000001,0.0592961875
0.9375,0.5,0.125,0.8888999375000001,0.5070086250000001,0.122073875
0.9375,0.5,0.1875,0.886512125,0.5079801250000001,0.18485156249999998
0.9375,0.5,0.25,0.8841243125,0.508951625,0.24762925
0.9375,0.5,0.3125,0.8817365,0.509923125,0.3104069375
0.9375,0.5,0.375,0.8793486875000001,0.510894625,0.37318462499999994
0.9375,0.5,0.4375,0.876960875,0.5118661250000001,0.43596231249999995
0.9375,0.5,0.5,0.8745730625,0.5128376250000001,0.49873999999999996
0.9375,0.5,0.5625,0.87218525,0.5138091250000001,0.5615176875
0.9375,0.5,0.625,0.8697974375,0.5147806250000001,0.624295375
0.9375,0.5,0.6875,0.8674096250000001,0.5157521250000001,0.6870730625
0.9375,0.5,0.75,0.8650218125,0.516723625,0.7498507499999999
0.9375,0.5,0.8125,0.862634,0.517695125,0.8126284374999999
0.9375,0.5,0.875,0.8602461875,0.518666625,0.8754061249999999
0.9375,0.5,0.9375,0.8578583750000001,0.5196381250000001,0.9381838124999999
0.9375,0.5,1.0,0.8554705625,0.5206096250000001,1.0009615
0.9375,0.5625,0.0,0.9050529375,0.5647603125,-0.0035791875
0.9375,0.5625,0.0625,0.9026651250000001,0.5657318125,0.0591985
0.9375,0.5625,0.125,0.9002773125000001,0.5667033125000001,0.1219761875
0.9375,0.5625,0.1875,0.8978895,0.5676748125000001,0.18475387499999998
0.9375,0.5625,0.25,0.8955016875,0.5686463125,0.2475315625
0.9375,0.5625,0.3125,0.8931138750000001,0.5696178125,0.31030925
0.9375,0.5625,0.375,0.8907260625000001,0.5705893125,0.37308693749999994
0.9375,0.5625,0.4375,0.88833825,0.5715608125,0.43586462499999995
0.9375,0.5625,0.5,0.8859504375,0.5725323125,0.49864231249999996
0.9375,0.5625,0.5625,0.883562625,0.5735038125,0.56142
0.9375,0.5625,0.625,0.8811748125000001,0.5744753125000001,0.6241976875
0.9375,0.5625,0.6875,0.878787,0.5754468125000001,0.686975375
0.9375,0.5625,0.75,0.8763991875,0.5764183125,0.7497530625
0.9375,0.5625,0.8125,0.874011375,0.5773898125,0.81253075
0.9375,0.5625,0.875,0.8716235625000001,0.5783613125,0.8753084375
0.9375,0.5625,0.9375,0.8692357500000001,0.5793328125,0.938086125
0.9375,0.5625,1.0,0.8668479375,0.5803043125,1.0008638125
0.9375,0.625,0.0,0.9164303125000001,0.624455,-0.003676875
0.9375,0.625,0.0625,0.9140425000000001,0.6254265,0.059100812499999995
0.9375,0.625,0.125,0.9116546875000001,0.626398,0.1218785
0.9375,0.625,0.1875,0.909266875,0.6273695,0.18465618749999999
0.9375,0.625,0.25,0.9068790625,0.6283409999999999,0.247433875
0.9375,0.625,0.3125,0.9044912500000001,0.6293124999999999,0.3102115625
0.9375,0.625,0.375,0.9021034375000001,0.630284,0.37298924999999994
0.9375,0.625,0.4375,0.899715625,0.6312555,0.43576693749999995
0.9375,0.625,0.5,0.8973278125,0.632227,0.49854462499999996
0.9375,0.625,0.5625,0.8949400000000001,0.6331985,0.5613223125
0.9375,0.625,0.625,0.8925521875000001,0.63417,0.6241
0.9375,0.625,0.6875,0.8901643750000001,0.6351415,0.6868776875
0.9375,0.625,0.75,0.8877765625,0.6361129999999999,0.7496553749999999
0.9375,0.625,0.8125,0.8853887500000001,0.6370844999999999,0.8124330624999999
0.9375,0.625,0.875,0.8830009375000001,0.638056,0.8752107499999999
0.9375,0.625,0.9375,0.8806131250000001,0.6390275,0.9379884374999999
0.9375,0.625,1.0,0.8782253125,0.639999,1.000766125
0.9375,0.6875,0.0,0.9278076875000001,0.6841496875,-0.0037745625
0.9375,0.6875,0.0625,0.9254198750000001,0.6851211875000001,0.059003125
0.9375,0.6875,0.125,0.9230320625000001,0.6860926875000001,0.1217808125
0.9375,0.6875,0.1875,0.92064425,0.6870641875000001,0.1845585
0.9375,0.6875,0.25,0.9182564375000001,0.6880356875,0.2473361875
0.9375,0.6875,0.3125,0.9158686250000001,0.6890071875,0.310113875
0.9375,0.6875,0.375,0.9134808125000001,0.6899786875,0.37289156249999994
0.9375,0.6875,0.4375,0.911093,0.6909501875,0.43566924999999995
0.9375,0.6875,0.5,0.9087051875000001,0.6919216875,0.49844693749999996
0.9375,0.6875,0.5625,0.9063173750000001,0.6928931875000001,0.561224625
0.9375,0.6875,0.625,0.9039295625000001,0.6938646875000001,0.6240023125
0.9375,0.6875,0.6875,0.90154175,0.6948361875000001,0.6867800000000001
0.9375,0.6875,0.75,0.8991539375000001,0.6958076875,0.7495576875
0.9375,0.6875,0.8125,0.8967661250000001,0.6967791875,0.812335375
0.9375,0.6875,0.875,0.8943783125000001,0.6977506875,0.8751130625
0.9375,0.6875,0.9375,0.8919905000000001,0.6987221875,0.93789075
0.9375,0.6875,1.0,0.8896026875,0.6996936875,1.0006684375
0.9375,0.75,0.0,0.9391850625,0.743844375,-0.00387225
0.9375,0.75,0.0625,0.93679725,0.744815875,0.0589054375
0.9375,0.75,0.125,0.9344094375,0.745787375,0.121683125
0.9375,0.75,0.1875,0.932021625,0.746758875,0.1844608125
0.9375,0.75,0.25,0.9296338125,0.747730375,0.2472385
0.9375,0.75,0.3125,0.927246,0.748701875,0.3100161875
0.9375,0.75,0.375,0.9248581875,0.749673375,0.37279387499999994
0.9375,0.75,0.4375,0.922470375,0.750644875,0.43557156249999995
0.9375,0.75,0.5,0.9200825625,0.751616375,0.49834924999999997
0.9375,0.75,0.5625,0.91769475,0.752587875,0.5611269375
0.9375,0.75,0.625,0.9153069375,0.753559375,0.623904625
0.9375,0.75,0.6875,0.9129191249999999,0.754530875,0.6866823125
0.9375,0.75,0.75,0.9105313125,0.755502375,0.7494599999999999
0.9375,0.75,0.8125,0.9081435,0.756473875,0.8122376874999999
0.9375,0.75,0.875,0.9057556875,0.757445375,0.8750153749999999
0.9375,0.75,0.9375,0.903367875,0.758416875,0.9377930624999999
0.9375,0.75,1.0,0.9009800625,0.759388375,1.00057075
0.9375,0.8125,0.0,0.9505624375,0.8035390625000001,-0.0039699375
0.9375,0.8125,0.0625,0.948174625,0.8045105625000001,0.05880775
0.9375,0.8125,0.125,0.9457868125000001,0.8054820625000001,0.12158543749999999
0.9375,0.8125,0.1875,0.943399,0.8064535625000001,0.184363125
0.9375,0.8125,0.25,0.9410111875,0.8074250625,0.2471408125
0.9375,0.8125,0.3125,0.938623375,0.8083965625,0.3099185
0.9375,0.8125,0.375,0.9362355625000001,0.8093680625,0.37269618749999994
0.9375,0.8125,0.4375,0.93384775,0.8103395625,0.43547387499999995
0.9375,0.8125,0.5,0.9314599375,0.8113110625000001,0.49825156249999997
0.9375,0.8125,0.5625,0.929072125,0.8122825625000001,0.56102925
0.9375,0.8125,0.625,0.9266843125,0.8132540625000001,0.6238069375
0.9375,0.8125,0.6875,0.9242965000000001,0.8142255625000001,0.6865846250000001
0.9375,0.8125,0.75,0.9219086875,0.8151970625,0.7493623125
0.9375,0.8125,0.8125,0.919520875,0.8161685625,0.81214
0.9375,0.8125,0.875,0.9171330625,0.8171400625,0.8749176875
0.9375,0.8125,0.9375,0.9147452500000001,0.8181115625000001,0.937695375
0.9375,0.8125,1.0,0.9123574375,0.8190830625000001,1.0004730625
0.9375,0.875,0.0,0.9619398125,0.86323375,-0.004067625
0.9375,0.875,0.0625,0.9595520000000001,0.86420525,0.0587100625
0.9375,0.875,0.125,0.9571641875000001,0.86517675,0.12148774999999999
0.9375,0.875,0.1875,0.954776375,0.8661482500000001,0.1842654375
0.9375,0.875,0.25,0.9523885625,0.86711975,0.247043125
0.9375,0.875,0.3125,0.9500007500000001,0.86809125,0.3098208125
0.9375,0.875,0.375,0.9476129375000001,0.86906275,0.37259849999999994
0.9375,0.875,0.4375,0.945225125,0.87003425,0.43537618749999996
0.9375,0.875,0.5,0.9428373125,0.87100575,0.49815387499999997
0.9375,0.875,0.5625,0.9404495,0.87197725,0.5609315625
0.9375,0.875,0.625,0.9380616875000001,0.87294875,0.62370925
0.9375,0.875,0.6875,0.935673875,0.8739202500000001,0.6864869375
0.9375,0.875,0.75,0.9332860625,0.87489175,0.7492646249999999
0.9375,0.875,0.8125,0.93089825,0.87586325,0.8120423124999999
0.9375,0.875,0.875,0.9285104375000001,0.87683475,0.8748199999999999
0.9375,0.875,0.9375,0.9261226250000001,0.87780625,0.9375976874999999
0.9375,0.875,1.0,0.9237348125,0.87877775,1.000375375
0.9375,0.9375,0.0,0.9733171875000001,0.9229284375000001,-0.004165312500000001
0.9375,0.9375,0.0625,0.9709293750000001,0.9238999375000001,0.058612374999999994
0.9375,0.9375,0.125,0.9685415625000001,0.9248714375000001,0.12139006249999999
0.9375,0.9375,0.1875,0.96615375,0.9258429375000001,0.18416775
0.9375,0.9375,0.25,0.9637659375000001,0.9268144375,0.2469454375
0.9375,0.9375,0.3125,0.9613781250000001,0.9277859375,0.309723125
0.9375,0.9375,0.375,0.9589903125000001,0.9287574375000001,0.37250081249999994
0.9375,0.9375,0.4375,0.9566025,0.9297289375000001,0.43527849999999996
0.9375,0.9375,0.5,0.9542146875,0.9307004375000001,0.49805618749999997
0.9375,0.9375,0.5625,0.9518268750000001,0.9316719375000001,0.560833875
0.9375,0.9375,0.625,0.9494390625000001,0.9326434375000001,0.6236115625
0.9375,0.9375,0.6875,0.9470512500000001,0.9336149375000001,0.6863892500000001
0.9375,0.9375,0.75,0.9446634375,0.9345864375,0.7491669375
0.9375,0.9375,0.8125,0.9422756250000001,0.9355579375,0.811944625
0.9375,0.9375,0.875,0.9398878125000001,0.9365294375000001,0.8747223125
0.9375,0.9375,0.9375,0.9375000000000001,0.9375009375000001,0.9375
0.9375,0.9375,1.0,0.9351121875,0.9384724375000001,1.0002776875
0.9375,1.0,0.0,0.9846945625000001,0.982623125,-0.004263
0.9375,1.0,0.0625,0.9823067500000001,0.9835946250000001,0.058514687499999996
0.9375,1.0,0.125,0.9799189375000001,0.9845661250000001,0.121292375
0.9375,1.0,0.1875,0.9775311250000001,0.9855376250000001,0.1840700625
0.9375,1.0,0.25,0.9751433125000001,0.986509125,0.24684775
0.9375,1.0,0.3125,0.9727555000000001,0.987480625,0.3096254375
0.9375,1.0,0.375,0.9703676875000001,0.988452125,0.37240312499999995
0.9375,1.0,0.4375,0.967979875,0.989423625,0.43518081249999996
0.9375,1.0,0.5,0.9655920625000001,0.990395125,0.49795849999999997
0.9375,1.0,0.5625,0.9632042500000001,0.9913666250000001,0.5607361875
0.9375,1.0,0.625,0.9608164375000001,0.9923381250000001,0.623513875
0.9375,1.0,0.6875,0.958428625,0.9933096250000001,0.6862915625
0.9375,1.0,0.75,0.9560408125000001,0.994281125,0.7490692499999999
0.9375,1.0,0.8125,0.9536530000000001,0.995252625,0.8118469374999999
0.9375,1.0,0.875,0.9512651875000001,0.996224125,0.8746246249999999
0.9375,1.0,0.9375,0.9488773750000001,0.997195625,0.9374023125
0.9375,1.0,1.0,0.9464895625,0.998167125,1.00018
1.0,0.0,0.0,0.856167,0.029342,-0.00288
1.0,0.0,0.0625,0.8537791875,0.0303135,0.0598976875
1.0,0.0,0.125,0.8513913750000001,0.031285,0.122675375
1.0,0.0,0.1875,0.8490035625,0.0322565,0.1854530625
1.0,0.0,0.25,0.84661575,0.033228,0.24823075
1.0,0.0,0.3125,0.8442279375,0.0341995,0.3110084375
1.0,0.0,0.375,0.841840125,0.035171,0.37378612499999997
1.0,0.0,0.4375,0.8394523125,0.0361425,0.4365638125
1.0,0.0,0.5,0.8370645,0.037114,0.4993415
1.0,0.0,0.5625,0.8346766875,0.0380855,0.5621191875
1.0,0.0,0.625,0.832288875,0.039057,0.624896875
1.0,0.0,0.6875,0.8299010625000001,0.0400285,0.6876745625
1.0,0.0,0.75,0.82751325,0.041,0.7504522499999999
1.0,0.0,0.8125,0.8251254375,0.0419715,0.8132299374999999
1.0,0.0,0.875,0.822737625,0.042943,0.876007625
1.0,0.0,0.9375,0.8203498125,0.0439145,0.9387853125
1.0,0.0,1.0,0.817962,0.044886,1.001563
1.0,0.0625,0.0,0.867544375,0.0890366875,-0.0029776875000000003
1.0,0.0625,0.0625,0.8651565625000001,0.0900081875,0.0598
1.0,0.0625,0.125,0.8627687500000001,0.0909796875,0.12257768749999999
1.0,0.0625,0.1875,0.8603809375,0.0919511875,0.185355375
1.0,0.0625,0.25,0.857993125,0.0929226875,0.2481330625
1.0,0.0625,0.3125,0.8556053125,0.0938941875,0.31091075
1.0,0.0625,0.375,0.8532175000000001,0.0948656875,0.37368843749999997
1.0,0.0625,0.4375,0.8508296875,0.0958371875,0.436466125
1.0,0.0625,0.5,0.848441875,0.0968086875,0.4992438125
1.0,0.0625,0.5625,0.8460540625,0.0977801875,0.5620215
1.0,0.0625,0.625,0.8436662500000001,0.0987516875,0.6247991875
1.0,0.0625,0.6875,0.8412784375,0.0997231875,0.687576875
1.0,0.0625,0.75,0.838890625,0.1006946875,0.7503545624999999
1.0,0.0625,0.8125,0.8365028125,0.1016661875,0.8131322499999999
1.0,0.0625,0.875,0.834115,0.1026376875,0.8759099374999999
1.0,0.0625,0.9375,0.8317271875000001,0.1036091875,0.9386876249999999
1.0,0.0625,1.0,0.829339375,0.1045806875,1.0014653125
1.0,0.125,0.0,0.8789217500000001,0.148731375,-0.003075375
1.0,0.125,0.0625,0.8765339375000001,0.14970287499999999,0.0597023125
1.0,0.125,0.125,0.8741461250000001,0.150674375,0.12247999999999999
1.0,0.125,0.1875,0.8717583125,0.15164587499999999,0.1852576875
1.0,0.125,0.25,0.8693705,0.152617375,0.248035375
1.0,0.125,0.3125,0.8669826875000001,0.15358887499999999,0.3108130625
1.0,0.125,0.375,0.8645948750000001,0.154560375,0.37359074999999997
1.0,0.125,0.4375,0.8622070625,0.15553187499999999,0.4363684375
1.0,0.125,0.5,0.85981925,0.156503375,0.499146125
1.0,0.125,0.5625,0.8574314375000001,0.157474875,0.5619238125
1.0,0.125,0.625,0.8550436250000001,0.158446375,0.6247015
1.0,0.125,0.6875,0.8526558125000001,0.159417875,0.6874791875
1.0,0.125,0.75,0.850268,0.160389375,0.7502568749999999
1.0,0.125,0.8125,0.8478801875,0.161360875,0.8130345625
1.0,0.125,0.875,0.8454923750000001,0.162332375,0.87581225
1.0,0.125,0.9375,0.8431045625000001,0.163303875,0.9385899375
1.0,0.125,1.0,0.84071675,0.164275375,1.0013676249999999
1.0,0.1875,0.0,0.890299125,0.2084260625,-0.0031730625
1.0,0.1875,0.0625,0.8879113125,0.2093975625,0.059604625
1.0,0.1875,0.125,0.8855235,0.2103690625,0.12238231249999999
1.0,0.1875,0.1875,0.8831356874999999,0.2113405625,0.18516
1.0,0.1875,0.25,0.880747875,0.2123120625,0.2479376875
1.0,0.1875,0.3125,0.8783600625,0.2132835625,0.310715375
1.0,0.1875,0.375,0.87597225,0.2142550625,0.3734930625
1.0,0.1875,0.4375,0.8735844374999999,0.2152265625,0.43627075
1.0,0.1875,0.5,0.871196625,0.2161980625,0.4990484375
1.0,0.1875,0.5625,0.8688088125,0.2171695625,0.561826125
1.0,0.1875,0.625,0.866421,0.2181410625,0.6246038125
1.0,0.1875,0.6875,0.8640331875,0.2191125625,0.6873815
1.0,0.1875,0.75,0.8616453749999999,0.2200840625,0.7501591874999999
1.0,0.1875,0.8125,0.8592575625,0.2210555625,0.8129368749999999
1.0,0.1875,0.875,0.85686975,0.2220270625,0.8757145624999999
1.0,0.1875,0.9375,0.8544819375,0.2229985625,0.9384922499999999
1.0,0.1875,1.0,0.8520941249999999,0.2239700625,1.0012699375
1.0,0.25,0.0,0.9016765,0.26812075,-0.0032707500000000002
1.0,0.25,0.0625,0.8992886875,0.26909225000000003,0.059506937499999996
1.0,0.25,0.125,0.896900875,0.27006375,0.122284625
1.0,0.25,0.1875,0.8945130625,0.27103525,0.1850623125
1.0,0.25,0.25,0.89212525,0.27200675,0.24784
1.0,0.25,0.3125,0.8897374375,0.27297825000000003,0.3106176875
1.0,0.25,0.375,0.887349625,0.27394975,0.373395375
1.0,0.25,0.4375,0.8849618125,0.27492125,0.4361730625
1.0,0.25,0.5,0.882574,0.27589275,0.49895075
1.0,0.25,0.5625,0.8801861875,0.27686425000000003,0.5617284375
1.0,0.25,0.625,0.877798375,0.27783575,0.624506125
1.0,0.25,0.6875,0.8754105624999999,0.27880725,0.6872838125
1.0,0.25,0.75,0.87302275,0.27977875,0.7500614999999999
1.0,0.25,0.8125,0.8706349375,0.28075025000000003,0.8128391875
1.0,0.25,0.875,0.868247125,0.28172175,0.875616875
1.0,0.25,0.9375,0.8658593125,0.28269325,0.9383945625
1.0,0.25,1.0,0.8634715,0.28366475,1.00117225
1.0,0.3125,0.0,0.913053875,0.3278154375,-0.0033684375
1.0,0.3125,0.0625,0.9106660625,0.3287869375,0.05940925
1.0,0.3125,0.125,0.9082782500000001,0.32975843749999995,0.1221869375
1.0,0.3125,0.1875,0.9058904375,0.33072993749999996,0.184964625
1.0,0.3125,0.25,0.903502625,0.3317014375,0.2477423125
1.0,0.3125,0.3125,0.9011148125,0.3326729375,0.31052
1.0,0.3125,0.375,0.898727,0.33364443749999995,0.3732976875
1.0,0.3125,0.4375,0.8963391875,0.33461593749999996,0.436075375
1.0,0.3125,0.5,0.893951375,0.3355874375,0.4988530625
1.0,0.3125,0.5625,0.8915635625,0.3365589375,0.56163075
1.0,0.3125,0.625,0.88917575,0.33753043749999995,0.6244084375
1.0,0.3125,0.6875,0.8867879375000001,0.33850193749999996,0.687186125
1.0,0.3125,0.75,0.884400125,0.3394734375,0.7499638124999999
1.0,0.3125,0.8125,0.8820123125,0.3404449375,0.8127414999999999
1.0,0.3125,0.875,0.8796245,0.34141643749999995,0.8755191874999999
1.0,0.3125,0.9375,0.8772366875000001,0.34238793749999996,0.9382968749999999
1.0,0.3125,1.0,0.874848875,0.3433594375,1.0010745625
1.0,0.375,0.0,0.92443125,0.387510125,-0.003466125
1.0,0.375,0.0625,0.9220434375000001,0.388481625,0.0593115625
1.0,0.375,0.125,0.9196556250000001,0.38945312499999996,0.12208925
1.0,0.375,0.1875,0.9172678125,0.39042462499999997,0.1848669375
1.0,0.375,0.25,0.91488,0.391396125,0.247644625
1.0,0.375,0.3125,0.9124921875,0.392367625,0.3104223125
1.0,0.375,0.375,0.9101043750000001,0.39333912499999996,0.3732
1.0,0.375,0.4375,0.9077165625,0.39431062499999997,0.4359776875
1.0,0.375,0.5,0.90532875,0.395282125,0.498755375
1.0,0.375,0.5625,0.9029409375,0.396253625,0.5615330625
1.0,0.375,0.625,0.9005531250000001,0.39722512499999996,0.62431075
1.0,0.375,0.6875,0.8981653125,0.39819662499999997,0.6870884375
1.0,0.375,0.75,0.8957775,0.399168125,0.7498661249999999
1.0,0.375,0.8125,0.8933896875,0.400139625,0.8126438125
1.0,0.375,0.875,0.891001875,0.40111112499999996,0.8754215
1.0,0.375,0.9375,0.8886140625000001,0.40208262499999997,0.9381991875
1.0,0.375,1.0,0.88622625,0.403054125,1.0009768749999999
1.0,0.4375,0.0,0.9358086250000001,0.4472048125,-0.0035638125
1.0,0.4375,0.0625,0.9334208125000001,0.4481763125,0.059213875
1.0,0.4375,0.125,0.9310330000000001,0.44914781249999997,0.1219915625
1.0,0.4375,0.1875,0.9286451875,0.4501193125,0.18476924999999997
1.0,0.4375,0.25,0.926257375,0.4510908125,0.24754693749999998
1.0,0.4375,0.3125,0.9238695625000001,0.4520623125,0.310324625
1.0,0.4375,0.375,0.9214817500000001,0.45303381249999997,0.3731023125
1.0,0.4375,0.4375,0.9190939375,0.4540053125,0.43588
1.0,0.4375,0.5,0.916706125,0.4549768125,0.4986576875
1.0,0.4375,0.5625,0.9143183125000001,0.4559483125,0.561435375
1.0,0.4375,0.625,0.9119305000000001,0.45691981249999997,0.6242130625
1.0,0.4375,0.6875,0.9095426875000001,0.4578913125,0.68699075
1.0,0.4375,0.75,0.907154875,0.4588628125,0.7497684374999999
1.0,0.4375,0.8125,0.9047670625,0.4598343125,0.8125461249999999
1.0,0.4375,0.875,0.9023792500000001,0.46080581249999997,0.8753238124999999
1.0,0.4375,0.9375,0.8999914375000001,0.4617773125,0.9381014999999999
1.0,0.4375,1.0,0.897603625,0.4627488125,1.0008791875
1.0,0.5,0.0,0.947186,0.5068995000000001,-0.0036615000000000003
1.0,0.5,0.0625,0.9447981875,0.5078710000000001,0.0591161875
1.0,0.5,0.125,0.942410375,0.5088425000000001,0.121893875
1.0,0.5,0.1875,0.9400225624999999,0.5098140000000001,0.18467156249999997
1.0,0.5,0.25,0.93763475,0.5107855,0.24744924999999998
1.0,0.5,0.3125,0.9352469375,0.511757,0.3102269375
1.0,0.5,0.375,0.932859125,0.5127285,0.373004625
1.0,0.5,0.4375,0.9304713124999999,0.5137,0.4357823125
1.0,0.5,0.5,0.9280835,0.5146715000000001,0.49856
1.0,0.5,0.5625,0.9256956875,0.5156430000000001,0.5613376875
1.0,0.5,0.625,0.923307875,0.5166145000000001,0.624115375
1.0,0.5,0.6875,0.9209200625,0.5175860000000001,0.6868930625
1.0,0.5,0.75,0.9185322499999999,0.5185575,0.7496707499999999
1.0,0.5,0.8125,0.9161444375,0.519529,0.8124484375
1.0,0.5,0.875,0.913756625,0.5205005,0.875226125
1.0,0.5,0.9375,0.9113688125,0.521472,0.9380038125
1.0,0.5,1.0,0.9089809999999999,0.5224435000000001,1.0007815
1.0,0.5625,0.0,0.958563375,0.5665941875,-0.0037591875000000004
1.0,0.5625,0.0625,0.9561755625,0.5675656875,0.0590185
1.0,0.5625,0.125,0.95378775,0.5685371875,0.1217961875
1.0,0.5625,0.1875,0.9513999375,0.5695086875,0.18457387499999997
1.0,0.5625,0.25,0.949012125,0.5704801875,0.24735156249999998
1.0,0.5625,0.3125,0.9466243125,0.5714516875,0.31012925
1.0,0.5625,0.375,0.9442365,0.5724231875,0.3729069375
1.0,0.5625,0.4375,0.9418486875,0.5733946875,0.435684625
1.0,0.5625,0.5,0.939460875,0.5743661875,0.4984623125
1.0,0.5625,0.5625,0.9370730625,0.5753376875,0.56124
1.0,0.5625,0.625,0.93468525,0.5763091875,0.6240176875
1.0,0.5625,0.6875,0.9322974374999999,0.5772806875000001,0.686795375
1.0,0.5625,0.75,0.929909625,0.5782521875,0.7495730624999999
1.0,0.5625,0.8125,0.9275218125,0.5792236875,0.8123507499999999
1.0,0.5625,0.875,0.925134,0.5801951875,0.8751284374999999
1.0,0.5625,0.9375,0.9227461875,0.5811666875,0.9379061249999999
1.0,0.5625,1.0,0.920358375,0.5821381875,1.0006838125
1.0,0.625,0.0,0.96994075,0.626288875,-0.003856875
1.0,0.625,0.0625,0.9675529375,0.627260375,0.058920812499999996
1.0,0.625,0.125,0.9651651250000001,0.628231875,0.1216985
1.0,0.625,0.1875,0.9627773125,0.629203375,0.18447618749999997
1.0,0.625,0.25,0.9603895,0.6301748749999999,0.24725387499999998
1.0,0.625,0.3125,0.9580016875,0.6311463749999999,0.3100315625
1.0,0.625,0.375,0.9556138750000001,0.6321178749999999,0.37280925
1.0,0.625,0.4375,0.9532260625,0.633089375,0.4355869375
1.0,0.625,0.5,0.95083825,0.634060875,0.498364625
1.0,0.625,0.5625,0.9484504375,0.635032375,0.5611423125
1.0,0.625,0.625,0.946062625,0.636003875,0.62392
1.0,0.625,0.6875,0.9436748125000001,0.636975375,0.6866976875
1.0,0.625,0.75,0.941287,0.6379468749999999,0.7494753749999999
1.0,0.625,0.8125,0.9388991875,0.6389183749999999,0.8122530625
1.0,0.625,0.875,0.936511375,0.6398898749999999,0.87503075
1.0,0.625,0.9375,0.9341235625000001,0.640861375,0.9378084375
1.0,0.625,1.0,0.93173575,0.641832875,1.0005861249999999
1.0,0.6875,0.0,0.981318125,0.6859835625,-0.0039545625
1.0,0.6875,0.0625,0.9789303125000001,0.6869550625,0.058823125
1.0,0.6875,0.125,0.9765425000000001,0.6879265625000001,0.1216008125
1.0,0.6875,0.1875,0.9741546875,0.6888980625000001,0.18437849999999997
1.0,0.6875,0.25,0.971766875,0.6898695625,0.24715618749999999
1.0,0.6875,0.3125,0.9693790625,0.6908410625,0.309933875
1.0,0.6875,0.375,0.9669912500000001,0.6918125625,0.3727115625
1.0,0.6875,0.4375,0.9646034375,0.6927840625,0.43548925
1.0,0.6875,0.5,0.962215625,0.6937555625,0.4982669375
1.0,0.6875,0.5625,0.9598278125,0.6947270625,0.561044625
1.0,0.6875,0.625,0.9574400000000001,0.6956985625000001,0.6238223125
1.0,0.6875,0.6875,0.9550521875,0.6966700625000001,0.6866
1.0,0.6875,0.75,0.952664375,0.6976415625,0.7493776874999999
1.0,0.6875,0.8125,0.9502765625,0.6986130625,0.8121553749999999
1.0,0.6875,0.875,0.9478887500000001,0.6995845625,0.8749330624999999
1.0,0.6875,0.9375,0.9455009375000001,0.7005560625,0.9377107499999999
1.0,0.6875,1.0,0.943113125,0.7015275625,1.0004884375
1.0,0.75,0.0,0.9926955,0.74567825,-0.00405225
1.0,0.75,0.0625,0.9903076875,0.74664975,0.0587254375
1.0,0.75,0.125,0.987919875,0.74762125,0.12150312499999999
1.0,0.75,0.1875,0.9855320624999999,0.74859275,0.18428081249999997
1.0,0.75,0.25,0.9831442499999999,0.7495642499999999,0.2470585
1.0,0.75,0.3125,0.9807564375,0.75053575,0.3098361875
1.0,0.75,0.375,0.978368625,0.75150725,0.372613875
1.0,0.75,0.4375,0.9759808124999999,0.75247875,0.4353915625
1.0,0.75,0.5,0.9735929999999999,0.75345025,0.49816925
1.0,0.75,0.5625,0.9712051875,0.75442175,0.5609469375
1.0,0.75,0.625,0.968817375,0.75539325,0.623724625
1.0,0.75,0.6875,0.9664295624999999,0.75636475,0.6865023125
1.0,0.75,0.75,0.9640417499999999,0.7573362499999999,0.74928
1.0,0.75,0.8125,0.9616539375,0.75830775,0.8120576875
1.0,0.75,0.875,0.959266125,0.75927925,0.874835375
1.0,0.75,0.9375,0.9568783125,0.76025075,0.9376130625
1.0,0.75,1.0,0.9544904999999999,0.76122225,1.00039075
1.0,0.8125,0.0,1.004072875,0.8053729375,-0.0041499375
1.0,0.8125,0.0625,1.0016850625,0.8063444375000001,0.05862775
1.0,0.8125,0.125,0.9992972500000001,0.8073159375000001,0.12140543749999999
1.0,0.8125,0.1875,0.9969094375,0.8082874375000001,0.18418312499999998
1.0,0.8125,0.25,0.9945216250000001,0.8092589375,0.2469608125
1.0,0.8125,0.3125,0.9921338125000001,0.8102304375,0.3097385
1.0,0.8125,0.375,0.9897460000000001,0.8112019375,0.3725161875
1.0,0.8125,0.4375,0.9873581875,0.8121734375,0.435293875
1.0,0.8125,0.5,0.9849703750000001,0.8131449375,0.4980715625
1.0,0.8125,0.5625,0.9825825625000001,0.8141164375000001,0.56084925
1.0,0.8125,0.625,0.9801947500000001,0.8150879375000001,0.6236269375
1.0,0.8125,0.6875,0.9778069375,0.8160594375000001,0.686404625
1.0,0.8125,0.75,0.975419125,0.8170309375,0.7491823124999999
1.0,0.8125,0.8125,0.9730313125000001,0.8180024375,0.8119599999999999
1.0,0.8125,0.875,0.9706435000000001,0.8189739375,0.8747376874999999
1.0,0.8125,0.9375,0.9682556875000001,0.8199454375,0.9375153749999999
1.0,0.8125,1.0,0.965867875,0.8209169375,1.0002930625
1.0,0.875,0.0,1.01545025,0.865067625,-0.004247625
1.0,0.875,0.0625,1.0130624375,0.866039125,0.0585300625
1.0,0.875,0.125,1.010674625,0.867010625,0.12130774999999999
1.0,0.875,0.1875,1.0082868125,0.867982125,0.18408543749999998
1.0,0.875,0.25,1.005899,0.868953625,0.246863125
1.0,0.875,0.3125,1.0035111875,0.869925125,0.30964081250000003
1.0,0.875,0.375,1.001123375,0.870896625,0.3724185
1.0,0.875,0.4375,0.9987355625,0.871868125,0.4351961875
1.0,0.875,0.5,0.99634775,0.872839625,0.497973875
1.0,0.875,0.5625,0.9939599375,0.873811125,0.5607515625
1.0,0.875,0.625,0.991572125,0.874782625,0.62352925
1.0,0.875,0.6875,0.9891843124999999,0.875754125,0.6863069375
1.0,0.875,0.75,0.9867965,0.876725625,0.749084625
1.0,0.875,0.8125,0.9844086875,0.877697125,0.8118623125
1.0,0.875,0.875,0.982020875,0.878668625,0.87464
1.0,0.875,0.9375,0.9796330625,0.879640125,0.9374176875
1.0,0.875,1.0,0.97724525,0.880611625,1.0001953749999999
1.0,0.9375,0.0,1.0268276250000001,0.9247623125000001,-0.0043453125
1.0,0.9375,0.0625,1.0244398125,0.9257338125000001,0.058432374999999995
1.0,0.9375,0.125,1.0220520000000002,0.9267053125000001,0.1212100625
1.0,0.9375,0.1875,1.0196641875,0.9276768125000001,0.18398774999999998
1.0,0.9375,0.25,1.0172763750000002,0.9286483125,0.2467654375
1.0,0.9375,0.3125,1.0148885625000001,0.9296198125,0.30954312500000003
1.0,0.9375,0.375,1.01250075,0.9305913125,0.3723208125
1.0,0.9375,0.4375,1.0101129375000002,0.9315628125000001,0.4350985
1.0,0.9375,0.5,1.007725125,0.9325343125000001,0.4978761875
1.0,0.9375,0.5625,1.0053373125,0.9335058125000001,0.560653875
1.0,0.9375,0.625,1.0029495000000002,0.9344773125000001,0.6234315625
1.0,0.9375,0.6875,1.0005616875,0.9354488125000001,0.68620925
1.0,0.9375,0.75,0.9981738750000001,0.9364203125,0.7489869374999999
1.0,0.9375,0.8125,0.9957860625000001,0.9373918125,0.8117646249999999
1.0,0.9375,0.875,0.9933982500000001,0.9383633125,0.8745423124999999
1.0,0.9375,0.9375,0.9910104375000002,0.9393348125000001,0.9373199999999999
1.0,0.9375,1.0,0.9886226250000001,0.9403063125000001,1.0000976875
1.0,1.0,0.0,1.038205,0.984457,-0.004443
1.0,1.0,0.0625,1.0358171875,0.9854285,0.058334687499999996
1.0,1.0,0.125,1.033429375,0.9864,0.121112375
1.0,1.0,0.1875,1.0310415625,0.9873715000000001,0.18389006249999998
1.0,1.0,0.25,1.0286537500000001,0.988343,0.24666775
1.0,1.0,0.3125,1.0262659375,0.9893145,0.30944543750000003
1.0,1.0,0.375,1.023878125,0.990286,0.372223125
1.0,1.0,0.4375,1.0214903125,0.9912575,0.4350008125
1.0,1.0,0.5,1.0191025,0.992229,0.4977785
1.0,1.0,0.5625,1.0167146875,0.9932005,0.5605561875
1.0,1.0,0.625,1.014326875,0.9941720000000001,0.623333875
1.0,1.0,0.6875,1.0119390625,0.9951435000000001,0.6861115625
1.0,1.0,0.75,1.0095512500000001,0.996115,0.74888925
1.0,1.0,0.8125,1.0071634375,0.9970865,0.8116669375
1.0,1.0,0.875,1.004775625,0.998058,0.874444625
1.0,1.0,0.9375,1.0023878125,0.9990295,0.9372223125
1.0,1.0,1.0,1.0,1.000001,1.0
