R,G,B,R_out,G_out,B_out
0.0,0.0,0.0,0.0,0.0,0.0
0.0,0.0,0.0625,-0.007397,0.00320825,0.0636934375
0.0,0.0,0.125,-0.014794,0.0064165,0.127386875
0.0,0.0,0.1875,-0.022191,0.009624750000000001,0.19108031250000002
0.0,0.0,0.25,-0.029588,0.012833,0.25477375
0.0,0.0,0.3125,-0.036985,0.01604125,0.3184671875
0.0,0.0,0.375,-0.044382,0.019249500000000003,0.38216062500000003
0.0,0.0,0.4375,-0.051779,0.022457750000000002,0.44585406250000004
0.0,0.0,0.5,-0.059176,0.025666,0.5095475
0.0,0.0,0.5625,-0.066573,0.02887425,0.5732409375
0.0,0.0,0.625,-0.07397,0.0320825,0.636934375
0.0,0.0,0.6875,-0.081367,0.03529075,0.7006278125000001
0.0,0.0,0.75,-0.088764,0.038499000000000005,0.7643212500000001
0.0,0.0,0.8125,-0.096161,0.04170725,0.8280146875000001
0.0,0.0,0.875,-0.103558,0.044915500000000004,0.8917081250000001
0.0,0.0,0.9375,-0.110955,0.04812375,0.9554015625000001
0.0,0.0,1.0,-0.118352,0.051332,1.019095
0.0,0.0625,0.0,0.0362089375,0.0541325625,-0.0007474375
0.0,0.0625,0.0625,0.028811937500000002,0.057340812500000005,0.062946
0.0,0.0625,0.125,0.0214149375,0.0605490625,0.1266394375
0.0,0.0625,0.1875,0.014017937500000004,0.0637573125,0.190332875
0.0,0.0625,0.25,0.0066209375000000036,0.0669655625,0.2540263125
0.0,0.0625,0.3125,-0.0007760624999999938,0.0701738125,0.31771975
0.0,0.0625,0.375,-0.008173062499999995,0.07338206250000001,0.38141318750000003
0.0,0.0625,0.4375,-0.015570062499999995,0.07659031250000001,0.44510662500000003
0.0,0.0625,0.5,-0.022967062499999996,0.0797985625,0.5088000625000001
0.0,0.0625,0.5625,-0.03036406249999999,0.0830068125,0.5724935000000001
0.0,0.0625,0.625,-0.03776106249999999,0.0862150625,0.6361869375000001
0.0,0.0625,0.6875,-0.04515806249999999,0.0894233125,0.6998803750000001
0.0,0.0625,0.75,-0.05255506249999999,0.09263156250000001,0.7635738125000001
0.0,0.0625,0.8125,-0.05995206249999999,0.09583981250000001,0.8272672500000001
0.0,0.0625,0.875,-0.0673490625,0.0990480625,0.8909606875000001
0.0,0.0625,0.9375,-0.07474606249999999,0.1022563125,0.9546541250000001
0.0,0.0625,1.0,-0.0821430625,0.1054645625,1.0183475625
0.0,0.125,0.0,0.072417875,0.108265125,-0.001494875
0.0,0.125,0.0625,0.065020875,0.111473375,0.062198562500000006
0.0,0.125,0.125,0.057623875000000005,0.11468162500000001,0.125892
0.0,0.125,0.1875,0.050226875000000004,0.117889875,0.1895854375
0.0,0.125,0.25,0.042829875,0.121098125,0.253278875
0.0,0.125,0.3125,0.03543287500000001,0.124306375,0.3169723125
0.0,0.125,0.375,0.02803587500000001,0.127514625,0.38066575
0.0,0.125,0.4375,0.020638875000000008,0.13072287500000002,0.44435918750000003
0.0,0.125,0.5,0.013241875000000007,0.133931125,0.508052625
0.0,0.125,0.5625,0.005844875000000013,0.137139375,0.5717460625
0.0,0.125,0.625,-0.0015521249999999875,0.140347625,0.6354395
0.0,0.125,0.6875,-0.008949124999999988,0.143555875,0.6991329375
0.0,0.125,0.75,-0.01634612499999999,0.14676412500000002,0.7628263750000001
0.0,0.125,0.8125,-0.02374312499999999,0.149972375,0.8265198125000001
0.0,0.125,0.875,-0.03114012499999999,0.15318062500000001,0.8902132500000001
0.0,0.125,0.9375,-0.03853712499999999,0.156388875,0.9539066875000001
0.0,0.125,1.0,-0.04593412499999999,0.159597125,1.0176001250000002
0.0,0.1875,0.0,0.1086268125,0.1623976875,-0.0022423125
0.0,0.1875,0.0625,0.1012298125,0.1656059375,0.061451125
0.0,0.1875,0.125,0.0938328125,0.1688141875,0.1251445625
0.0,0.1875,0.1875,0.0864358125,0.1720224375,0.188838
0.0,0.1875,0.25,0.0790388125,0.1752306875,0.2525314375
0.0,0.1875,0.3125,0.07164181250000001,0.1784389375,0.316224875
0.0,0.1875,0.375,0.0642448125,0.1816471875,0.3799183125
0.0,0.1875,0.4375,0.056847812500000004,0.1848554375,0.44361175
0.0,0.1875,0.5,0.0494508125,0.1880636875,0.5073051875000001
0.0,0.1875,0.5625,0.04205381250000001,0.1912719375,0.5709986250000001
0.0,0.1875,0.625,0.03465681250000001,0.1944801875,0.6346920625000001
0.0,0.1875,0.6875,0.027259812500000008,0.1976884375,0.6983855000000001
0.0,0.1875,0.75,0.019862812500000007,0.2008966875,0.7620789375000001
0.0,0.1875,0.8125,0.012465812500000006,0.2041049375,0.8257723750000001
0.0,0.1875,0.875,0.005068812500000006,0.2073131875,0.8894658125000001
0.0,0.1875,0.9375,-0.002328187499999995,0.2105214375,0.9531592500000001
0.0,0.1875,1.0,-0.009725187499999996,0.2137296875,1.0168526875000001
0.0,0.25,0.0,0.14483575,0.21653025,-0.00298975
0.0,0.25,0.0625,0.13743875000000003,0.2197385,0.060703687500000006
0.0,0.25,0.125,0.13004175,0.22294675,0.12439712500000001
0.0,0.25,0.1875,0.12264475000000001,0.226155,0.1880905625
0.0,0.25,0.25,0.11524775000000001,0.22936325000000002,0.251784
0.0,0.25,0.3125,0.10785075000000002,0.23257150000000001,0.3154774375
0.0,0.25,0.375,0.10045375000000001,0.23577975,0.379170875
0.0,0.25,0.4375,0.09305675000000002,0.238988,0.4428643125
0.0,0.25,0.5,0.08565975,0.24219625,0.50655775
0.0,0.25,0.5625,0.07826275000000002,0.2454045,0.5702511875
0.0,0.25,0.625,0.07086575000000002,0.24861275,0.633944625
0.0,0.25,0.6875,0.06346875000000002,0.251821,0.6976380625
0.0,0.25,0.75,0.05607175000000002,0.25502925,0.7613315
0.0,0.25,0.8125,0.04867475000000002,0.2582375,0.8250249375
0.0,0.25,0.875,0.041277750000000016,0.26144575000000003,0.8887183750000001
0.0,0.25,0.9375,0.033880750000000015,0.264654,0.9524118125000001
0.0,0.25,1.0,0.026483750000000014,0.26786225,1.01610525
0.0,0.3125,0.0,0.18104468750000002,0.2706628125,-0.0037371874999999996
0.0,0.3125,0.0625,0.17364768750000004,0.27387106250000004,0.05995625
0.0,0.3125,0.125,0.16625068750000002,0.2770793125,0.12364968750000001
0.0,0.3125,0.1875,0.15885368750000003,0.28028756250000003,0.18734312500000003
0.0,0.3125,0.25,0.15145668750000002,0.2834958125,0.2510365625
0.0,0.3125,0.3125,0.14405968750000003,0.2867040625,0.31473
0.0,0.3125,0.375,0.13666268750000002,0.28991231250000005,0.3784234375
0.0,0.3125,0.4375,0.12926568750000003,0.2931205625,0.442116875
0.0,0.3125,0.5,0.12186868750000002,0.29632881250000004,0.5058103125000001
0.0,0.3125,0.5625,0.11447168750000003,0.2995370625,0.5695037500000001
0.0,0.3125,0.625,0.10707468750000003,0.30274531250000003,0.6331971875000001
0.0,0.3125,0.6875,0.09967768750000003,0.3059535625,0.6968906250000001
0.0,0.3125,0.75,0.09228068750000003,0.3091618125,0.7605840625000001
0.0,0.3125,0.8125,0.08488368750000003,0.3123700625,0.8242775000000001
0.0,0.3125,0.875,0.07748668750000003,0.3155783125,0.8879709375000001
0.0,0.3125,0.9375,0.07008968750000003,0.31878656250000004,0.9516643750000001
0.0,0.3125,1.0,0.06269268750000002,0.3219948125,1.0153578125
0.0,0.375,0.0,0.217253625,0.324795375,-0.004484625
0.0,0.375,0.0625,0.20985662500000002,0.328003625,0.059208812500000006
0.0,0.375,0.125,0.202459625,0.331211875,0.12290225
0.0,0.375,0.1875,0.19506262500000002,0.334420125,0.18659568750000002
0.0,0.375,0.25,0.187665625,0.337628375,0.250289125
0.0,0.375,0.3125,0.18026862500000002,0.340836625,0.3139825625
0.0,0.375,0.375,0.172871625,0.344044875,0.377676
0.0,0.375,0.4375,0.16547462500000001,0.347253125,0.4413694375
0.0,0.375,0.5,0.158077625,0.350461375,0.505062875
0.0,0.375,0.5625,0.150680625,0.353669625,0.5687563125
0.0,0.375,0.625,0.14328362500000003,0.356877875,0.63244975
0.0,0.375,0.6875,0.135886625,0.360086125,0.6961431875
0.0,0.375,0.75,0.128489625,0.363294375,0.759836625
0.0,0.375,0.8125,0.12109262500000001,0.36650262499999997,0.8235300625
0.0,0.375,0.875,0.11369562500000001,0.369710875,0.8872235
0.0,0.375,0.9375,0.10629862500000001,0.372919125,0.9509169375000001
0.0,0.375,1.0,0.098901625,0.376127375,1.0146103750000002
0.0,0.4375,0.0,0.25346256250000004,0.37892793750000003,-0.0052320625
0.0,0.4375,0.0625,0.24606556250000006,0.38213618750000006,0.058461375
0.0,0.4375,0.125,0.23866856250000004,0.3853444375,0.12215481250000002
0.0,0.4375,0.1875,0.23127156250000006,0.38855268750000005,0.18584825000000002
0.0,0.4375,0.25,0.22387456250000004,0.3917609375,0.24954168750000003
0.0,0.4375,0.3125,0.21647756250000005,0.39496918750000004,0.313235125
0.0,0.4375,0.375,0.20908056250000004,0.3981774375,0.3769285625
0.0,0.4375,0.4375,0.20168356250000005,0.40138568750000003,0.440622
0.0,0.4375,0.5,0.19428656250000004,0.40459393750000006,0.5043154375000001
0.0,0.4375,0.5625,0.18688956250000005,0.4078021875,0.5680088750000001
0.0,0.4375,0.625,0.17949256250000006,0.41101043750000005,0.6317023125000001
0.0,0.4375,0.6875,0.17209556250000005,0.4142186875,0.6953957500000001
0.0,0.4375,0.75,0.16469856250000003,0.41742693750000004,0.7590891875000001
0.0,0.4375,0.8125,0.15730156250000005,0.42063518750000006,0.8227826250000001
0.0,0.4375,0.875,0.14990456250000006,0.42384343750000003,0.8864760625000001
0.0,0.4375,0.9375,0.14250756250000005,0.42705168750000005,0.9501695000000001
0.0,0.4375,1.0,0.13511056250000003,0.4302599375,1.0138629375000001
0.0,0.5,0.0,0.2896715,0.4330605,-0.0059795
0.0,0.5,0.0625,0.28227450000000004,0.43626875000000004,0.05771393750000001
0.0,0.5,0.125,0.27487750000000005,0.439477,0.12140737500000001
0.0,0.5,0.1875,0.2674805,0.44268525000000003,0.18510081250000002
0.0,0.5,0.25,0.2600835,0.4458935,0.24879425000000002
0.0,0.5,0.3125,0.25268650000000004,0.44910175,0.3124876875
0.0,0.5,0.375,0.24528950000000002,0.45231,0.376181125
0.0,0.5,0.4375,0.23789250000000003,0.45551825,0.4398745625
0.0,0.5,0.5,0.23049550000000002,0.45872650000000004,0.503568
0.0,0.5,0.5625,0.22309850000000003,0.46193475,0.5672614375
0.0,0.5,0.625,0.21570150000000005,0.46514300000000003,0.630954875
0.0,0.5,0.6875,0.20830450000000003,0.46835125,0.6946483125
0.0,0.5,0.75,0.20090750000000002,0.4715595,0.75834175
0.0,0.5,0.8125,0.19351050000000003,0.47476775000000004,0.8220351875
0.0,0.5,0.875,0.18611350000000004,0.477976,0.885728625
0.0,0.5,0.9375,0.17871650000000003,0.48118425000000004,0.9494220625
0.0,0.5,1.0,0.1713195,0.4843925,1.0131155
0.0,0.5625,0.0,0.3258804375,0.4871930625,-0.006726937499999999
0.0,0.5625,0.0625,0.3184834375,0.4904013125,0.0569665
0.0,0.5625,0.125,0.31108643750000003,0.4936095625,0.12065993750000001
0.0,0.5625,0.1875,0.3036894375,0.4968178125,0.184353375
0.0,0.5625,0.25,0.2962924375,0.5000260625,0.24804681250000002
0.0,0.5625,0.3125,0.2888954375,0.5032343125,0.31174025000000005
0.0,0.5625,0.375,0.28149843750000003,0.5064425625,0.37543368750000006
0.0,0.5625,0.4375,0.2741014375,0.5096508125,0.43912712500000006
0.0,0.5625,0.5,0.2667044375,0.5128590625,0.5028205625000001
0.0,0.5625,0.5625,0.2593074375,0.5160673125,0.5665140000000001
0.0,0.5625,0.625,0.25191043750000003,0.5192755625,0.6302074375000001
0.0,0.5625,0.6875,0.2445134375,0.5224838125,0.6939008750000001
0.0,0.5625,0.75,0.2371164375,0.5256920625,0.7575943125000001
0.0,0.5625,0.8125,0.2297194375,0.5289003125,0.8212877500000001
0.0,0.5625,0.875,0.22232243750000003,0.5321085625,0.8849811875000001
0.0,0.5625,0.9375,0.2149254375,0.5353168125,0.9486746250000001
0.0,0.5625,1.0,0.2075284375,0.5385250625,1.0123680625
0.0,0.625,0.0,0.36208937500000005,0.541325625,-0.007474374999999999
0.0,0.625,0.0625,0.35469237500000006,0.5445338750000001,0.05621906250000001
0.0,0.625,0.125,0.3472953750000001,0.5477421250000001,0.1199125
0.0,0.625,0.1875,0.33989837500000003,0.550950375,0.1836059375
0.0,0.625,0.25,0.33250137500000004,0.554158625,0.24729937500000002
0.0,0.625,0.3125,0.32510437500000006,0.557366875,0.31099281250000005
0.0,0.625,0.375,0.31770737500000007,0.5605751250000001,0.37468625000000005
0.0,0.625,0.4375,0.310310375,0.5637833750000001,0.43837968750000006
0.0,0.625,0.5,0.30291337500000004,0.566991625,0.502073125
0.0,0.625,0.5625,0.29551637500000005,0.570199875,0.5657665625
0.0,0.625,0.625,0.28811937500000007,0.573408125,0.62946
0.0,0.625,0.6875,0.2807223750000001,0.5766163750000001,0.6931534375
0.0,0.625,0.75,0.27332537500000004,0.5798246250000001,0.756846875
0.0,0.625,0.8125,0.26592837500000005,0.583032875,0.8205403125
0.0,0.625,0.875,0.25853137500000006,0.586241125,0.88423375
0.0,0.625,0.9375,0.251134375,0.589449375,0.9479271875
0.0,0.625,1.0,0.24373737500000003,0.5926576250000001,1.0116206250000002
0.0,0.6875,0.0,0.39829831250000003,0.5954581875,-0.0082218125
0.0,0.6875,0.0625,0.39090131250000004,0.5986664375,0.055471625000000004
0.0,0.6875,0.125,0.38350431250000006,0.6018746875000001,0.11916506250000002
0.0,0.6875,0.1875,0.3761073125,0.6050829375,0.1828585
0.0,0.6875,0.25,0.3687103125,0.6082911875,0.2465519375
0.0,0.6875,0.3125,0.36131331250000004,0.6114994375,0.31024537500000005
0.0,0.6875,0.375,0.35391631250000005,0.6147076875,0.37393881250000005
0.0,0.6875,0.4375,0.3465193125,0.6179159375000001,0.43763225000000006
0.0,0.6875,0.5,0.3391223125,0.6211241875,0.5013256875000001
0.0,0.6875,0.5625,0.33172531250000004,0.6243324375,0.5650191250000001
0.0,0.6875,0.625,0.32432831250000005,0.6275406875,0.6287125625000001
0.0,0.6875,0.6875,0.31693131250000006,0.6307489375,0.6924060000000001
0.0,0.6875,0.75,0.3095343125,0.6339571875000001,0.7560994375000001
0.0,0.6875,0.8125,0.30213731250000003,0.6371654375,0.8197928750000001
0.0,0.6875,0.875,0.29474031250000005,0.6403736875,0.8834863125000001
0.0,0.6875,0.9375,0.2873433125,0.6435819375,0.9471797500000001
0.0,0.6875,1.0,0.2799463125,0.6467901875000001,1.0108731875
0.0,0.75,0.0,0.43450725,0.64959075,-0.00896925
0.0,0.75,0.0625,0.42711025,0.652799,0.05472418750000001
0.0,0.75,0.125,0.41971325000000004,0.65600725,0.11841762500000001
0.0,0.75,0.1875,0.41231625,0.6592155,0.1821110625
0.0,0.75,0.25,0.40491925,0.66242375,0.2458045
0.0,0.75,0.3125,0.39752225,0.665632,0.30949793750000004
0.0,0.75,0.375,0.39012525000000003,0.66884025,0.37319137500000005
0.0,0.75,0.4375,0.38272825,0.6720485,0.43688481250000005
0.0,0.75,0.5,0.37533125,0.67525675,0.50057825
0.0,0.75,0.5625,0.36793425,0.678465,0.5642716875
0.0,0.75,0.625,0.36053725000000003,0.68167325,0.627965125
0.0,0.75,0.6875,0.35314025000000004,0.6848815,0.6916585625
0.0,0.75,0.75,0.34574325,0.68808975,0.755352
0.0,0.75,0.8125,0.33834625,0.691298,0.8190454375
0.0,0.75,0.875,0.33094925000000003,0.69450625,0.882738875
0.0,0.75,0.9375,0.32355225,0.6977145,0.9464323125
0.0,0.75,1.0,0.31615525,0.70092275,1.01012575
0.0,0.8125,0.0,0.47071618750000005,0.7037233125,-0.0097166875
0.0,0.8125,0.0625,0.46331918750000006,0.7069315625,0.053976750000000004
0.0,0.8125,0.125,0.4559221875000001,0.7101398125,0.11767018750000001
0.0,0.8125,0.1875,0.44852518750000003,0.7133480624999999,0.18136362500000003
0.0,0.8125,0.25,0.44112818750000005,0.7165563125,0.24505706250000003
0.0,0.8125,0.3125,0.43373118750000006,0.7197645625,0.30875050000000004
0.0,0.8125,0.375,0.4263341875000001,0.7229728125,0.37244393750000004
0.0,0.8125,0.4375,0.41893718750000003,0.7261810625,0.43613737500000005
0.0,0.8125,0.5,0.41154018750000004,0.7293893124999999,0.49983081250000005
0.0,0.8125,0.5625,0.40414318750000006,0.7325975625,0.5635242500000001
0.0,0.8125,0.625,0.39674618750000007,0.7358058125,0.6272176875000001
0.0,0.8125,0.6875,0.3893491875,0.7390140625,0.6909111250000001
0.0,0.8125,0.75,0.38195218750000004,0.7422223125,0.7546045625000001
0.0,0.8125,0.8125,0.37455518750000005,0.7454305625,0.8182980000000001
0.0,0.8125,0.875,0.36715818750000007,0.7486388125,0.8819914375000001
0.0,0.8125,0.9375,0.3597611875000001,0.7518470625,0.9456848750000001
0.0,0.8125,1.0,0.35236418750000004,0.7550553125,1.0093783125
0.0,0.875,0.0,0.5069251250000001,0.7578558750000001,-0.010464125
0.0,0.875,0.0625,0.4995281250000001,0.7610641250000001,0.05322931250000001
0.0,0.875,0.125,0.4921311250000001,0.7642723750000001,0.11692275
0.0,0.875,0.1875,0.48473412500000007,0.767480625,0.18061618750000002
0.0,0.875,0.25,0.4773371250000001,0.770688875,0.24430962500000003
0.0,0.875,0.3125,0.4699401250000001,0.7738971250000001,0.30800306250000004
0.0,0.875,0.375,0.4625431250000001,0.7771053750000001,0.37169650000000004
0.0,0.875,0.4375,0.45514612500000007,0.7803136250000001,0.43538993750000005
0.0,0.875,0.5,0.4477491250000001,0.783521875,0.49908337500000005
0.0,0.875,0.5625,0.4403521250000001,0.7867301250000001,0.5627768125
0.0,0.875,0.625,0.4329551250000001,0.7899383750000001,0.62647025
0.0,0.875,0.6875,0.4255581250000001,0.7931466250000001,0.6901636875
0.0,0.875,0.75,0.4181611250000001,0.796354875,0.753857125
0.0,0.875,0.8125,0.4107641250000001,0.799563125,0.8175505625
0.0,0.875,0.875,0.4033671250000001,0.8027713750000001,0.881244
0.0,0.875,0.9375,0.39597012500000006,0.8059796250000001,0.9449374375
0.0,0.875,1.0,0.3885731250000001,0.8091878750000001,1.0086308750000001
0.0,0.9375,0.0,0.5431340625000001,0.8119884375,-0.0112115625
0.0,0.9375,0.0625,0.5357370625000001,0.8151966875000001,0.052481875000000004
0.0,0.9375,0.125,0.5283400625000001,0.8184049375000001,0.11617531250000002
0.0,0.9375,0.1875,0.5209430625000001,0.8216131875,0.17986875000000002
0.0,0.9375,0.25,0.5135460625000001,0.8248214375,0.24356218750000003
0.0,0.9375,0.3125,0.5061490625,0.8280296875000001,0.30725562500000003
0.0,0.9375,0.375,0.4987520625000001,0.8312379375000001,0.37094906250000004
0.0,0.9375,0.4375,0.49135506250000005,0.8344461875000001,0.43464250000000004
0.0,0.9375,0.5,0.48395806250000006,0.8376544375,0.49833593750000005
0.0,0.9375,0.5625,0.4765610625000001,0.8408626875,0.562029375
0.0,0.9375,0.625,0.4691640625000001,0.8440709375000001,0.6257228125000001
0.0,0.9375,0.6875,0.4617670625000001,0.8472791875000001,0.6894162500000001
0.0,0.9375,0.75,0.45437006250000006,0.8504874375,0.7531096875000001
0.0,0.9375,0.8125,0.4469730625000001,0.8536956875,0.8168031250000001
0.0,0.9375,0.875,0.4395760625000001,0.8569039375,0.8804965625000001
0.0,0.9375,0.9375,0.43217906250000004,0.8601121875000001,0.9441900000000001
0.0,0.9375,1.0,0.42478206250000006,0.8633204375000001,1.0078834375
0.0,1.0,0.0,0.579343,0.866121,-0.011959
0.0,1.0,0.0625,0.5719460000000001,0.86932925,0.05173443750000001
0.0,1.0,0.125,0.5645490000000001,0.8725375000000001,0.11542787500000001
0.0,1.0,0.1875,0.5571520000000001,0.87574575,0.17912131250000002
0.0,1.0,0.25,0.5497550000000001,0.878954,0.24281475000000002
0.0,1.0,0.3125,0.542358,0.88216225,0.30650818750000003
0.0,1.0,0.375,0.534961,0.8853705000000001,0.37020162500000003
0.0,1.0,0.4375,0.527564,0.8885787500000001,0.43389506250000004
0.0,1.0,0.5,0.520167,0.891787,0.49758850000000004
0.0,1.0,0.5625,0.5127700000000001,0.89499525,0.5612819375
0.0,1.0,0.625,0.5053730000000001,0.8982035,0.624975375
0.0,1.0,0.6875,0.4979760000000001,0.9014117500000001,0.6886688125
0.0,1.0,0.75,0.49057900000000004,0.90462,0.75236225
0.0,1.0,0.8125,0.48318200000000006,0.90782825,0.8160556875
0.0,1.0,0.875,0.47578500000000007,0.9110365,0.879749125
0.0,1.0,0.9375,0.468388,0.91424475,0.9434425625
0.0,1.0,1.0,0.46099100000000004,0.9174530000000001,1.007136
0.0625,0.0,0.0,0.0336880625,0.005159125,-0.000446
0.0625,0.0,0.0625,0.026291062499999997,0.008367375,0.0632474375
0.0625,0.0,0.125,0.018894062499999996,0.011575624999999999,0.126940875
0.0625,0.0,0.1875,0.011497062499999999,0.014783875000000002,0.1906343125
0.0625,0.0,0.25,0.004100062499999998,0.017992125,0.25432775
0.0625,0.0,0.3125,-0.0032969374999999995,0.021200375,0.3180211875
0.0625,0.0,0.375,-0.0106939375,0.024408625000000003,0.38171462500000003
0.0625,0.0,0.4375,-0.0180909375,0.027616875000000003,0.44540806250000003
0.0625,0.0,0.5,-0.025487937500000002,0.030825125000000002,0.5091015000000001
0.0625,0.0,0.5625,-0.032884937499999996,0.034033375,0.5727949375000001
0.0625,0.0,0.625,-0.0402819375,0.037241625,0.6364883750000001
0.0625,0.0,0.6875,-0.0476789375,0.040449875,0.7001818125000001
0.0625,0.0,0.75,-0.0550759375,0.043658125000000006,0.7638752500000001
0.0625,0.0,0.8125,-0.0624729375,0.046866375,0.8275686875000001
0.0625,0.0,0.875,-0.0698699375,0.050074625000000005,0.8912621250000001
0.0625,0.0,0.9375,-0.0772669375,0.053282875,0.9549555625000001
0.0625,0.0,1.0,-0.08466393750000001,0.056491125,1.0186490000000001
0.0625,0.0625,0.0,0.069897,0.0592916875,-0.0011934375
0.0625,0.0625,0.0625,0.0625,0.062499937500000005,0.0625
0.0625,0.0625,0.125,0.055103,0.0657081875,0.1261934375
0.0625,0.0625,0.1875,0.047706,0.06891643750000001,0.189886875
0.0625,0.0625,0.25,0.040309,0.0721246875,0.2535803125
0.0625,0.0625,0.3125,0.032912000000000004,0.0753329375,0.31727375
0.0625,0.0625,0.375,0.025515000000000003,0.0785411875,0.3809671875
0.0625,0.0625,0.4375,0.018118000000000002,0.08174943750000001,0.44466062500000003
0.0625,0.0625,0.5,0.010721000000000001,0.0849576875,0.5083540625
0.0625,0.0625,0.5625,0.0033240000000000075,0.0881659375,0.5720475
0.0625,0.0625,0.625,-0.004072999999999993,0.09137418750000001,0.6357409375
0.0625,0.0625,0.6875,-0.011469999999999994,0.0945824375,0.699434375
0.0625,0.0625,0.75,-0.018866999999999995,0.0977906875,0.7631278125000001
0.0625,0.0625,0.8125,-0.026263999999999996,0.1009989375,0.8268212500000001
0.0625,0.0625,0.875,-0.033660999999999996,0.1042071875,0.8905146875000001
0.0625,0.0625,0.9375,-0.041058,0.1074154375,0.9542081250000001
0.0625,0.0625,1.0,-0.048455,0.11062368750000001,1.0179015625
0.0625,0.125,0.0,0.1061059375,0.11342425,-0.001940875
0.0625,0.125,0.0625,0.0987089375,0.1166325,0.061752562500000004
0.0625,0.125,0.125,0.0913119375,0.11984075000000001,0.125446
0.0625,0.125,0.1875,0.0839149375,0.123049,0.1891394375
0.0625,0.125,0.25,0.0765179375,0.12625725000000002,0.252832875
0.0625,0.125,0.3125,0.06912093750000001,0.1294655,0.3165263125
0.0625,0.125,0.375,0.0617239375,0.13267375,0.38021975
0.0625,0.125,0.4375,0.0543269375,0.135882,0.44391318750000003
0.0625,0.125,0.5,0.0469299375,0.13909025,0.5076066250000001
0.0625,0.125,0.5625,0.039532937500000004,0.1422985,0.5713000625000001
0.0625,0.125,0.625,0.0321359375,0.14550675000000002,0.6349935000000001
0.0625,0.125,0.6875,0.024738937500000002,0.148715,0.6986869375000001
0.0625,0.125,0.75,0.0173419375,0.15192325,0.7623803750000001
0.0625,0.125,0.8125,0.0099449375,0.1551315,0.8260738125000001
0.0625,0.125,0.875,0.0025479375,0.15833975,0.8897672500000001
0.0625,0.125,0.9375,-0.004849062500000001,0.161548,0.9534606875000001
0.0625,0.125,1.0,-0.012246062500000002,0.16475625,1.017154125
0.0625,0.1875,0.0,0.142314875,0.16755681249999999,-0.0026883124999999997
0.0625,0.1875,0.0625,0.13491787500000002,0.17076506249999998,0.06100512500000001
0.0625,0.1875,0.125,0.127520875,0.17397331249999998,0.12469856250000001
0.0625,0.1875,0.1875,0.120123875,0.1771815625,0.188392
0.0625,0.1875,0.25,0.112726875,0.1803898125,0.2520854375
0.0625,0.1875,0.3125,0.10532987500000002,0.1835980625,0.315778875
0.0625,0.1875,0.375,0.097932875,0.1868063125,0.3794723125
0.0625,0.1875,0.4375,0.09053587500000002,0.19001456249999998,0.44316575
0.0625,0.1875,0.5,0.083138875,0.19322281249999998,0.5068591875
0.0625,0.1875,0.5625,0.07574187500000001,0.19643106249999998,0.570552625
0.0625,0.1875,0.625,0.06834487500000001,0.1996393125,0.6342460625
0.0625,0.1875,0.6875,0.06094787500000001,0.2028475625,0.6979395
0.0625,0.1875,0.75,0.05355087500000001,0.2060558125,0.7616329375
0.0625,0.1875,0.8125,0.04615387500000001,0.2092640625,0.8253263750000001
0.0625,0.1875,0.875,0.03875687500000001,0.21247231249999998,0.8890198125000001
0.0625,0.1875,0.9375,0.03135987500000001,0.21568056249999998,0.9527132500000001
0.0625,0.1875,1.0,0.02396287500000001,0.21888881249999997,1.0164066875000002
0.0625,0.25,0.0,0.17852381250000002,0.221689375,-0.0034357499999999996
0.0625,0.25,0.0625,0.17112681250000003,0.224897625,0.060257687500000004
0.0625,0.25,0.125,0.16372981250000002,0.22810587499999999,0.12395112500000001
0.0625,0.25,0.1875,0.15633281250000003,0.23131412499999998,0.18764456250000003
0.0625,0.25,0.25,0.14893581250000001,0.234522375,0.251338
0.0625,0.25,0.3125,0.14153881250000003,0.237730625,0.3150314375
0.0625,0.25,0.375,0.1341418125,0.240938875,0.378724875
0.0625,0.25,0.4375,0.12674481250000003,0.244147125,0.4424183125
0.0625,0.25,0.5,0.11934781250000001,0.247355375,0.5061117500000001
0.0625,0.25,0.5625,0.11195081250000002,0.250563625,0.5698051875000001
0.0625,0.25,0.625,0.10455381250000002,0.253771875,0.6334986250000001
0.0625,0.25,0.6875,0.09715681250000002,0.256980125,0.6971920625000001
0.0625,0.25,0.75,0.08975981250000002,0.260188375,0.7608855000000001
0.0625,0.25,0.8125,0.08236281250000002,0.263396625,0.8245789375000001
0.0625,0.25,0.875,0.07496581250000002,0.266604875,0.8882723750000001
0.0625,0.25,0.9375,0.06756881250000002,0.269813125,0.9519658125000001
0.0625,0.25,1.0,0.06017181250000002,0.273021375,1.0156592500000001
0.0625,0.3125,0.0,0.21473275000000003,0.2758219375,-0.004183187499999999
0.0625,0.3125,0.0625,0.20733575000000004,0.2790301875,0.05951025000000001
0.0625,0.3125,0.125,0.19993875000000003,0.2822384375,0.1232036875
0.0625,0.3125,0.1875,0.19254175000000004,0.2854466875,0.18689712500000003
0.0625,0.3125,0.25,0.18514475000000002,0.2886549375,0.2505905625
0.0625,0.3125,0.3125,0.17774775000000004,0.2918631875,0.314284
0.0625,0.3125,0.375,0.17035075000000002,0.2950714375,0.3779774375
0.0625,0.3125,0.4375,0.16295375000000004,0.2982796875,0.441670875
0.0625,0.3125,0.5,0.15555675000000002,0.3014879375,0.5053643125
0.0625,0.3125,0.5625,0.14815975000000003,0.3046961875,0.56905775
0.0625,0.3125,0.625,0.14076275000000005,0.3079044375,0.6327511875
0.0625,0.3125,0.6875,0.13336575000000003,0.3111126875,0.696444625
0.0625,0.3125,0.75,0.12596875000000002,0.3143209375,0.7601380625
0.0625,0.3125,0.8125,0.11857175000000003,0.31752918750000003,0.8238315
0.0625,0.3125,0.875,0.11117475000000003,0.3207374375,0.8875249375
0.0625,0.3125,0.9375,0.10377775000000003,0.3239456875,0.9512183750000001
0.0625,0.3125,1.0,0.09638075000000003,0.3271539375,1.0149118125
0.0625,0.375,0.0,0.2509416875,0.3299545,-0.004930625
0.0625,0.375,0.0625,0.24354468750000002,0.33316275,0.058762812500000004
0.0625,0.375,0.125,0.2361476875,0.336371,0.12245625000000002
0.0625,0.375,0.1875,0.22875068750000002,0.33957925,0.18614968750000002
0.0625,0.375,0.25,0.2213536875,0.34278749999999997,0.24984312500000003
0.0625,0.375,0.3125,0.21395668750000002,0.34599575,0.3135365625
0.0625,0.375,0.375,0.2065596875,0.34920399999999996,0.37723
0.0625,0.375,0.4375,0.19916268750000002,0.35241225,0.4409234375
0.0625,0.375,0.5,0.1917656875,0.3556205,0.5046168750000001
0.0625,0.375,0.5625,0.18436868750000002,0.35882875,0.5683103125000001
0.0625,0.375,0.625,0.17697168750000003,0.362037,0.6320037500000001
0.0625,0.375,0.6875,0.16957468750000002,0.36524524999999997,0.6956971875000001
0.0625,0.375,0.75,0.1621776875,0.3684535,0.7593906250000001
0.0625,0.375,0.8125,0.1547806875,0.37166175,0.8230840625000001
0.0625,0.375,0.875,0.14738368750000003,0.37487,0.8867775000000001
0.0625,0.375,0.9375,0.1399866875,0.37807825,0.9504709375000001
0.0625,0.375,1.0,0.1325896875,0.3812865,1.014164375
0.0625,0.4375,0.0,0.28715062500000005,0.3840870625,-0.0056780625
0.0625,0.4375,0.0625,0.27975362500000006,0.38729531250000004,0.05801537500000001
0.0625,0.4375,0.125,0.2723566250000001,0.3905035625,0.12170881250000001
0.0625,0.4375,0.1875,0.26495962500000003,0.39371181250000004,0.18540225000000002
0.0625,0.4375,0.25,0.25756262500000005,0.3969200625,0.24909568750000002
0.0625,0.4375,0.3125,0.25016562500000006,0.4001283125,0.312789125
0.0625,0.4375,0.375,0.24276862500000004,0.40333656250000005,0.3764825625
0.0625,0.4375,0.4375,0.23537162500000006,0.4065448125,0.440176
0.0625,0.4375,0.5,0.22797462500000004,0.40975306250000004,0.5038694375
0.0625,0.4375,0.5625,0.22057762500000005,0.4129613125,0.567562875
0.0625,0.4375,0.625,0.21318062500000007,0.41616956250000003,0.6312563125
0.0625,0.4375,0.6875,0.20578362500000005,0.4193778125,0.69494975
0.0625,0.4375,0.75,0.19838662500000004,0.4225860625,0.7586431875
0.0625,0.4375,0.8125,0.19098962500000005,0.4257943125,0.822336625
0.0625,0.4375,0.875,0.18359262500000006,0.4290025625,0.8860300625
0.0625,0.4375,0.9375,0.17619562500000005,0.43221081250000004,0.9497235
0.0625,0.4375,1.0,0.16879862500000004,0.4354190625,1.0134169375000002
0.0625,0.5,0.0,0.32335956250000003,0.438219625,-0.0064255
0.0625,0.5,0.0625,0.31596256250000004,0.441427875,0.057267937500000005
0.0625,0.5,0.125,0.30856556250000006,0.444636125,0.12096137500000001
0.0625,0.5,0.1875,0.3011685625,0.447844375,0.18465481250000002
0.0625,0.5,0.25,0.2937715625,0.451052625,0.24834825000000002
0.0625,0.5,0.3125,0.28637456250000004,0.454260875,0.31204168750000005
0.0625,0.5,0.375,0.27897756250000005,0.45746912500000003,0.37573512500000006
0.0625,0.5,0.4375,0.2715805625,0.460677375,0.43942856250000006
0.0625,0.5,0.5,0.2641835625,0.463885625,0.5031220000000001
0.0625,0.5,0.5625,0.25678656250000004,0.467093875,0.5668154375000001
0.0625,0.5,0.625,0.24938956250000005,0.470302125,0.6305088750000001
0.0625,0.5,0.6875,0.24199256250000004,0.473510375,0.6942023125000001
0.0625,0.5,0.75,0.23459556250000002,0.476718625,0.7578957500000001
0.0625,0.5,0.8125,0.22719856250000003,0.479926875,0.8215891875000001
0.0625,0.5,0.875,0.21980156250000005,0.483135125,0.8852826250000001
0.0625,0.5,0.9375,0.21240456250000003,0.486343375,0.9489760625000001
0.0625,0.5,1.0,0.20500756250000002,0.489551625,1.0126695000000001
0.0625,0.5625,0.0,0.3595685,0.4923521875,-0.0071729375
0.0625,0.5625,0.0625,0.3521715,0.4955604375,0.05652050000000001
0.0625,0.5625,0.125,0.34477450000000004,0.4987686875,0.1202139375
0.0625,0.5625,0.1875,0.3373775,0.5019769374999999,0.183907375
0.0625,0.5625,0.25,0.3299805,0.5051851875,0.24760081250000002
0.0625,0.5625,0.3125,0.3225835,0.5083934375,0.31129425000000005
0.0625,0.5625,0.375,0.31518650000000004,0.5116016875,0.37498768750000006
0.0625,0.5625,0.4375,0.3077895,0.5148099375,0.43868112500000006
0.0625,0.5625,0.5,0.3003925,0.5180181875,0.5023745625
0.0625,0.5625,0.5625,0.2929955,0.5212264375,0.566068
0.0625,0.5625,0.625,0.28559850000000003,0.5244346875,0.6297614375
0.0625,0.5625,0.6875,0.2782015,0.5276429375,0.693454875
0.0625,0.5625,0.75,0.2708045,0.5308511874999999,0.7571483125
0.0625,0.5625,0.8125,0.2634075,0.5340594375,0.82084175
0.0625,0.5625,0.875,0.25601050000000003,0.5372676875,0.8845351875
0.0625,0.5625,0.9375,0.24861350000000002,0.5404759375,0.948228625
0.0625,0.5625,1.0,0.2412165,0.5436841875,1.0119220625
0.0625,0.625,0.0,0.39577743750000005,0.5464847500000001,-0.007920374999999999
0.0625,0.625,0.0625,0.38838043750000006,0.5496930000000001,0.055773062500000005
0.0625,0.625,0.125,0.3809834375000001,0.5529012500000001,0.11946650000000002
0.0625,0.625,0.1875,0.37358643750000003,0.5561095,0.1831599375
0.0625,0.625,0.25,0.36618943750000005,0.5593177500000001,0.246853375
0.0625,0.625,0.3125,0.35879243750000006,0.5625260000000001,0.31054681250000005
0.0625,0.625,0.375,0.3513954375000001,0.5657342500000001,0.37424025000000005
0.0625,0.625,0.4375,0.34399843750000003,0.5689425000000001,0.43793368750000006
0.0625,0.625,0.5,0.33660143750000004,0.57215075,0.5016271250000001
0.0625,0.625,0.5625,0.32920443750000006,0.5753590000000001,0.5653205625000001
0.0625,0.625,0.625,0.32180743750000007,0.5785672500000001,0.6290140000000001
0.0625,0.625,0.6875,0.3144104375000001,0.5817755000000001,0.6927074375000001
0.0625,0.625,0.75,0.30701343750000004,0.5849837500000001,0.7564008750000001
0.0625,0.625,0.8125,0.29961643750000005,0.588192,0.8200943125000001
0.0625,0.625,0.875,0.29221943750000007,0.5914002500000001,0.8837877500000001
0.0625,0.625,0.9375,0.2848224375,0.5946085000000001,0.9474811875000001
0.0625,0.625,1.0,0.27742543750000004,0.5978167500000001,1.011174625
0.0625,0.6875,0.0,0.43198637500000003,0.6006173125000001,-0.0086678125
0.0625,0.6875,0.0625,0.42458937500000005,0.6038255625000001,0.05502562500000001
0.0625,0.6875,0.125,0.41719237500000006,0.6070338125000001,0.11871906250000001
0.0625,0.6875,0.1875,0.409795375,0.6102420625,0.1824125
0.0625,0.6875,0.25,0.40239837500000003,0.6134503125,0.2461059375
0.0625,0.6875,0.3125,0.39500137500000004,0.6166585625000001,0.30979937500000004
0.0625,0.6875,0.375,0.38760437500000006,0.6198668125000001,0.37349281250000005
0.0625,0.6875,0.4375,0.380207375,0.6230750625000001,0.43718625000000005
0.0625,0.6875,0.5,0.372810375,0.6262833125,0.5008796875
0.0625,0.6875,0.5625,0.36541337500000004,0.6294915625,0.564573125
0.0625,0.6875,0.625,0.35801637500000005,0.6326998125000001,0.6282665625
0.0625,0.6875,0.6875,0.35061937500000007,0.6359080625000001,0.69196
0.0625,0.6875,0.75,0.343222375,0.6391163125000001,0.7556534375
0.0625,0.6875,0.8125,0.33582537500000004,0.6423245625,0.819346875
0.0625,0.6875,0.875,0.32842837500000005,0.6455328125,0.8830403125
0.0625,0.6875,0.9375,0.321031375,0.6487410625000001,0.94673375
0.0625,0.6875,1.0,0.313634375,0.6519493125000001,1.0104271875000002
0.0625,0.75,0.0,0.4681953125,0.654749875,-0.00941525
0.0625,0.75,0.0625,0.46079831250000003,0.6579581250000001,0.054278187500000005
0.0625,0.75,0.125,0.45340131250000004,0.6611663750000001,0.11797162500000001
0.0625,0.75,0.1875,0.4460043125,0.664374625,0.18166506250000003
0.0625,0.75,0.25,0.4386073125,0.667582875,0.24535850000000003
0.0625,0.75,0.3125,0.4312103125,0.670791125,0.30905193750000004
0.0625,0.75,0.375,0.42381331250000004,0.6739993750000001,0.37274537500000005
0.0625,0.75,0.4375,0.4164163125,0.6772076250000001,0.43643881250000005
0.0625,0.75,0.5,0.4090193125,0.680415875,0.5001322500000001
0.0625,0.75,0.5625,0.4016223125,0.683624125,0.5638256875000001
0.0625,0.75,0.625,0.39422531250000004,0.686832375,0.6275191250000001
0.0625,0.75,0.6875,0.38682831250000005,0.6900406250000001,0.6912125625000001
0.0625,0.75,0.75,0.3794313125,0.6932488750000001,0.7549060000000001
0.0625,0.75,0.8125,0.3720343125,0.696457125,0.8185994375000001
0.0625,0.75,0.875,0.36463731250000003,0.699665375,0.8822928750000001
0.0625,0.75,0.9375,0.3572403125,0.7028736250000001,0.9459863125000001
0.0625,0.75,1.0,0.3498433125,0.7060818750000001,1.00967975
0.0625,0.8125,0.0,0.50440425,0.7088824375,-0.0101626875
0.0625,0.8125,0.0625,0.49700725,0.7120906875,0.05353075
0.0625,0.8125,0.125,0.48961025,0.7152989375000001,0.11722418750000001
0.0625,0.8125,0.1875,0.48221325,0.7185071875,0.18091762500000003
0.0625,0.8125,0.25,0.47481625,0.7217154375,0.24461106250000003
0.0625,0.8125,0.3125,0.46741925,0.7249236875,0.30830450000000004
0.0625,0.8125,0.375,0.46002225,0.7281319375,0.37199793750000004
0.0625,0.8125,0.4375,0.45262525,0.7313401875000001,0.43569137500000005
0.0625,0.8125,0.5,0.44522825,0.7345484375,0.49938481250000005
0.0625,0.8125,0.5625,0.43783125,0.7377566875,0.56307825
0.0625,0.8125,0.625,0.43043425,0.7409649375,0.6267716875
0.0625,0.8125,0.6875,0.42303725000000003,0.7441731875,0.690465125
0.0625,0.8125,0.75,0.41564025,0.7473814375000001,0.7541585625
0.0625,0.8125,0.8125,0.40824325,0.7505896875,0.817852
0.0625,0.8125,0.875,0.40084625,0.7537979375,0.8815454375
0.0625,0.8125,0.9375,0.39344925,0.7570061875,0.945238875
0.0625,0.8125,1.0,0.38605225,0.7602144375000001,1.0089323125
0.0625,0.875,0.0,0.5406131875000001,0.7630150000000001,-0.010910125
0.0625,0.875,0.0625,0.5332161875000001,0.7662232500000001,0.052783312500000006
0.0625,0.875,0.125,0.5258191875000001,0.7694315000000002,0.11647675000000002
0.0625,0.875,0.1875,0.5184221875000001,0.7726397500000001,0.18017018750000002
0.0625,0.875,0.25,0.5110251875000001,0.7758480000000001,0.24386362500000003
0.0625,0.875,0.3125,0.5036281875,0.7790562500000001,0.30755706250000003
0.0625,0.875,0.375,0.4962311875000001,0.7822645000000001,0.37125050000000004
0.0625,0.875,0.4375,0.4888341875000001,0.7854727500000002,0.43494393750000004
0.0625,0.875,0.5,0.4814371875000001,0.7886810000000001,0.49863737500000005
0.0625,0.875,0.5625,0.4740401875000001,0.7918892500000001,0.5623308125
0.0625,0.875,0.625,0.4666431875000001,0.7950975000000001,0.6260242500000001
0.0625,0.875,0.6875,0.4592461875000001,0.7983057500000001,0.6897176875000001
0.0625,0.875,0.75,0.4518491875000001,0.8015140000000001,0.7534111250000001
0.0625,0.875,0.8125,0.4444521875000001,0.8047222500000001,0.8171045625000001
0.0625,0.875,0.875,0.4370551875000001,0.8079305000000001,0.8807980000000001
0.0625,0.875,0.9375,0.42965818750000007,0.8111387500000001,0.9444914375000001
0.0625,0.875,1.0,0.4222611875000001,0.8143470000000002,1.008184875
0.0625,0.9375,0.0,0.5768221250000001,0.8171475625000001,-0.0116575625
0.0625,0.9375,0.0625,0.5694251250000001,0.8203558125000001,0.05203587500000001
0.0625,0.9375,0.125,0.5620281250000001,0.8235640625000001,0.11572931250000001
0.0625,0.9375,0.1875,0.5546311250000001,0.8267723125,0.17942275000000002
0.0625,0.9375,0.25,0.5472341250000001,0.8299805625000001,0.24311618750000002
0.0625,0.9375,0.3125,0.539837125,0.8331888125000001,0.30680962500000003
0.0625,0.9375,0.375,0.532440125,0.8363970625000001,0.37050306250000004
0.0625,0.9375,0.4375,0.525043125,0.8396053125000001,0.43419650000000004
0.0625,0.9375,0.5,0.5176461250000001,0.8428135625000001,0.49788993750000005
0.0625,0.9375,0.5625,0.5102491250000001,0.8460218125000001,0.561583375
0.0625,0.9375,0.625,0.5028521250000001,0.8492300625000001,0.6252768125
0.0625,0.9375,0.6875,0.4954551250000001,0.8524383125000001,0.68897025
0.0625,0.9375,0.75,0.48805812500000006,0.8556465625,0.7526636875
0.0625,0.9375,0.8125,0.4806611250000001,0.8588548125000001,0.816357125
0.0625,0.9375,0.875,0.4732641250000001,0.8620630625000001,0.8800505625
0.0625,0.9375,0.9375,0.46586712500000005,0.8652713125000001,0.943744
0.0625,0.9375,1.0,0.45847012500000006,0.8684795625000001,1.0074374375000001
0.0625,1.0,0.0,0.6130310625000001,0.8712801250000001,-0.012405
0.0625,1.0,0.0625,0.6056340625000001,0.8744883750000001,0.051288437500000006
0.0625,1.0,0.125,0.5982370625000001,0.8776966250000001,0.11498187500000001
0.0625,1.0,0.1875,0.5908400625000001,0.880904875,0.17867531250000002
0.0625,1.0,0.25,0.5834430625000001,0.884113125,0.24236875000000002
0.0625,1.0,0.3125,0.5760460625,0.8873213750000001,0.3060621875
0.0625,1.0,0.375,0.5686490625,0.8905296250000001,0.36975562500000003
0.0625,1.0,0.4375,0.5612520625,0.8937378750000001,0.43344906250000004
0.0625,1.0,0.5,0.5538550625,0.896946125,0.49714250000000004
0.0625,1.0,0.5625,0.5464580625000001,0.9001543750000001,0.5608359375
0.0625,1.0,0.625,0.5390610625000001,0.9033626250000001,0.624529375
0.0625,1.0,0.6875,0.5316640625000001,0.9065708750000001,0.6882228125000001
0.0625,1.0,0.75,0.5242670625000001,0.909779125,0.7519162500000001
0.0625,1.0,0.8125,0.5168700625,0.912987375,0.8156096875000001
0.0625,1.0,0.875,0.5094730625,0.9161956250000001,0.8793031250000001
0.0625,1.0,0.9375,0.5020760625,0.9194038750000001,0.9429965625000001
0.0625,1.0,1.0,0.49467906250000004,0.9226121250000001,1.00669
0.125,0.0,0.0,0.067376125,0.01031825,-0.000892
0.125,0.0,0.0625,0.059979124999999994,0.0135265,0.0628014375
0.125,0.0,0.125,0.05258212499999999,0.01673475,0.126494875
0.125,0.0,0.1875,0.04518512499999999,0.019943000000000002,0.1901883125
0.125,0.0,0.25,0.03778812499999999,0.023151249999999998,0.25388175
0.125,0.0,0.3125,0.030391124999999998,0.0263595,0.3175751875
0.125,0.0,0.375,0.022994124999999997,0.029567750000000004,0.381268625
0.125,0.0,0.4375,0.015597124999999996,0.032776,0.44496206250000003
0.125,0.0,0.5,0.008200124999999996,0.03598425,0.5086555
0.125,0.0,0.5625,0.0008031250000000018,0.0391925,0.5723489375
0.125,0.0,0.625,-0.006593874999999999,0.04240075,0.636042375
0.125,0.0,0.6875,-0.013990875,0.045609000000000004,0.6997358125
0.125,0.0,0.75,-0.021387875,0.048817250000000006,0.7634292500000001
0.125,0.0,0.8125,-0.028784875,0.0520255,0.8271226875000001
0.125,0.0,0.875,-0.036181875,0.055233750000000005,0.8908161250000001
0.125,0.0,0.9375,-0.043578875,0.058442,0.9545095625000001
0.125,0.0,1.0,-0.050975875000000004,0.061650250000000004,1.0182030000000002
0.125,0.0625,0.0,0.10358506249999999,0.0644508125,-0.0016394374999999998
0.125,0.0625,0.0625,0.09618806249999999,0.06765906249999999,0.062054000000000005
0.125,0.0625,0.125,0.08879106249999999,0.0708673125,0.1257474375
0.125,0.0625,0.1875,0.08139406249999999,0.0740755625,0.189440875
0.125,0.0625,0.25,0.07399706249999999,0.0772838125,0.2531343125
0.125,0.0625,0.3125,0.0666000625,0.08049206249999999,0.31682775
0.125,0.0625,0.375,0.059203062499999994,0.0837003125,0.3805211875
0.125,0.0625,0.4375,0.05180606249999999,0.0869085625,0.44421462500000003
0.125,0.0625,0.5,0.04440906249999999,0.0901168125,0.5079080625000001
0.125,0.0625,0.5625,0.0370120625,0.0933250625,0.5716015000000001
0.125,0.0625,0.625,0.029615062499999997,0.0965333125,0.6352949375000001
0.125,0.0625,0.6875,0.022218062499999996,0.09974156249999999,0.6989883750000001
0.125,0.0625,0.75,0.014821062499999996,0.1029498125,0.7626818125000001
0.125,0.0625,0.8125,0.007424062499999995,0.1061580625,0.8263752500000001
0.125,0.0625,0.875,2.7062499999994105e-05,0.1093663125,0.8900686875000001
0.125,0.0625,0.9375,-0.007369937500000007,0.1125745625,0.9537621250000001
0.125,0.0625,1.0,-0.014766937500000007,0.1157828125,1.0174555625000001
0.125,0.125,0.0,0.139794,0.118583375,-0.002386875
0.125,0.125,0.0625,0.13239700000000001,0.121791625,0.06130656250000001
0.125,0.125,0.125,0.125,0.12499987500000001,0.125
0.125,0.125,0.1875,0.117603,0.128208125,0.1886934375
0.125,0.125,0.25,0.110206,0.131416375,0.252386875
0.125,0.125,0.3125,0.10280900000000001,0.134624625,0.3160803125
0.125,0.125,0.375,0.095412,0.13783287500000002,0.37977375
0.125,0.125,0.4375,0.08801500000000001,0.14104112500000002,0.4434671875
0.125,0.125,0.5,0.080618,0.144249375,0.507160625
0.125,0.125,0.5625,0.07322100000000001,0.147457625,0.5708540625
0.125,0.125,0.625,0.06582400000000001,0.150665875,0.6345475
0.125,0.125,0.6875,0.05842700000000001,0.153874125,0.6982409375
0.125,0.125,0.75,0.051030000000000006,0.157082375,0.761934375
0.125,0.125,0.8125,0.043633000000000005,0.16029062500000002,0.8256278125000001
0.125,0.125,0.875,0.036236000000000004,0.16349887500000002,0.8893212500000001
0.125,0.125,0.9375,0.028839000000000004,0.166707125,0.9530146875000001
0.125,0.125,1.0,0.021442000000000003,0.169915375,1.016708125
0.125,0.1875,0.0,0.1760029375,0.1727159375,-0.0031343125
0.125,0.1875,0.0625,0.16860593750000002,0.1759241875,0.060559125000000005
0.125,0.1875,0.125,0.1612089375,0.1791324375,0.12425256250000001
0.125,0.1875,0.1875,0.15381193750000002,0.1823406875,0.187946
0.125,0.1875,0.25,0.1464149375,0.1855489375,0.2516394375
0.125,0.1875,0.3125,0.13901793750000002,0.1887571875,0.315332875
0.125,0.1875,0.375,0.1316209375,0.1919654375,0.3790263125
0.125,0.1875,0.4375,0.12422393750000002,0.1951736875,0.44271975
0.125,0.1875,0.5,0.1168269375,0.1983819375,0.5064131875000001
0.125,0.1875,0.5625,0.10942993750000002,0.2015901875,0.5701066250000001
0.125,0.1875,0.625,0.10203293750000002,0.20479843749999999,0.6338000625000001
0.125,0.1875,0.6875,0.09463593750000002,0.2080066875,0.6974935000000001
0.125,0.1875,0.75,0.08723893750000002,0.2112149375,0.7611869375000001
0.125,0.1875,0.8125,0.07984193750000002,0.2144231875,0.8248803750000001
0.125,0.1875,0.875,0.07244493750000001,0.2176314375,0.8885738125000001
0.125,0.1875,0.9375,0.06504793750000001,0.2208396875,0.9522672500000001
0.125,0.1875,1.0,0.05765093750000001,0.22404793750000002,1.0159606875
0.125,0.25,0.0,0.212211875,0.2268485,-0.00388175
0.125,0.25,0.0625,0.204814875,0.23005675,0.0598116875
0.125,0.25,0.125,0.197417875,0.233265,0.12350512500000001
0.125,0.25,0.1875,0.190020875,0.23647325000000002,0.18719856250000003
0.125,0.25,0.25,0.182623875,0.23968150000000002,0.250892
0.125,0.25,0.3125,0.175226875,0.24288975000000002,0.3145854375
0.125,0.25,0.375,0.167829875,0.246098,0.378278875
0.125,0.25,0.4375,0.160432875,0.24930625,0.4419723125
0.125,0.25,0.5,0.153035875,0.25251450000000003,0.50566575
0.125,0.25,0.5625,0.145638875,0.25572275,0.5693591875
0.125,0.25,0.625,0.13824187500000001,0.258931,0.633052625
0.125,0.25,0.6875,0.130844875,0.26213925,0.6967460625
0.125,0.25,0.75,0.123447875,0.2653475,0.7604395
0.125,0.25,0.8125,0.116050875,0.26855575,0.8241329375
0.125,0.25,0.875,0.108653875,0.271764,0.8878263750000001
0.125,0.25,0.9375,0.101256875,0.27497225000000003,0.9515198125000001
0.125,0.25,1.0,0.093859875,0.2781805,1.0152132500000002
0.125,0.3125,0.0,0.24842081250000003,0.2809810625,-0.0046291875
0.125,0.3125,0.0625,0.24102381250000005,0.2841893125,0.059064250000000006
0.125,0.3125,0.125,0.23362681250000003,0.2873975625,0.12275768750000002
0.125,0.3125,0.1875,0.22622981250000004,0.2906058125,0.18645112500000002
0.125,0.3125,0.25,0.21883281250000003,0.2938140625,0.2501445625
0.125,0.3125,0.3125,0.21143581250000004,0.2970223125,0.313838
0.125,0.3125,0.375,0.20403881250000003,0.3002305625,0.3775314375
0.125,0.3125,0.4375,0.19664181250000004,0.3034388125,0.441224875
0.125,0.3125,0.5,0.18924481250000003,0.3066470625,0.5049183125000001
0.125,0.3125,0.5625,0.18184781250000004,0.3098553125,0.5686117500000001
0.125,0.3125,0.625,0.17445081250000005,0.3130635625,0.6323051875000001
0.125,0.3125,0.6875,0.16705381250000004,0.31627181249999997,0.6959986250000001
0.125,0.3125,0.75,0.15965681250000002,0.3194800625,0.7596920625000001
0.125,0.3125,0.8125,0.15225981250000004,0.32268831249999996,0.8233855000000001
0.125,0.3125,0.875,0.14486281250000005,0.3258965625,0.8870789375000001
0.125,0.3125,0.9375,0.13746581250000003,0.3291048125,0.9507723750000001
0.125,0.3125,1.0,0.13006881250000002,0.3323130625,1.0144658125000001
0.125,0.375,0.0,0.28462975,0.33511362499999997,-0.0053766249999999995
0.125,0.375,0.0625,0.27723275000000003,0.338321875,0.05831681250000001
0.125,0.375,0.125,0.26983575000000004,0.34153012499999996,0.12201025000000001
0.125,0.375,0.1875,0.26243875,0.344738375,0.18570368750000002
0.125,0.375,0.25,0.25504175,0.34794662499999995,0.24939712500000003
0.125,0.375,0.3125,0.24764475000000002,0.351154875,0.3130905625
0.125,0.375,0.375,0.24024775,0.354363125,0.376784
0.125,0.375,0.4375,0.23285075000000002,0.35757137499999997,0.4404774375
0.125,0.375,0.5,0.22545375,0.360779625,0.504170875
0.125,0.375,0.5625,0.21805675000000002,0.36398787499999996,0.5678643125
0.125,0.375,0.625,0.21065975000000003,0.367196125,0.63155775
0.125,0.375,0.6875,0.20326275000000002,0.37040437499999995,0.6952511875
0.125,0.375,0.75,0.19586575,0.373612625,0.758944625
0.125,0.375,0.8125,0.18846875000000002,0.37682087499999994,0.8226380625
0.125,0.375,0.875,0.18107175000000003,0.38002912499999997,0.8863315
0.125,0.375,0.9375,0.17367475000000002,0.383237375,0.9500249375
0.125,0.375,1.0,0.16627775,0.38644562499999996,1.013718375
0.125,0.4375,0.0,0.32083868750000005,0.3892461875,-0.006124062499999999
0.125,0.4375,0.0625,0.31344168750000007,0.39245443750000003,0.057569375000000006
0.125,0.4375,0.125,0.3060446875000001,0.3956626875,0.12126281250000001
0.125,0.4375,0.1875,0.29864768750000004,0.3988709375,0.18495625000000002
0.125,0.4375,0.25,0.29125068750000005,0.4020791875,0.24864968750000002
0.125,0.4375,0.3125,0.28385368750000006,0.4052874375,0.31234312500000005
0.125,0.4375,0.375,0.2764566875000001,0.4084956875,0.37603656250000006
0.125,0.4375,0.4375,0.26905968750000003,0.4117039375,0.43973000000000007
0.125,0.4375,0.5,0.26166268750000005,0.41491218750000003,0.5034234375000001
0.125,0.4375,0.5625,0.25426568750000006,0.4181204375,0.5671168750000001
0.125,0.4375,0.625,0.24686868750000007,0.4213286875,0.6308103125000001
0.125,0.4375,0.6875,0.23947168750000006,0.4245369375,0.6945037500000001
0.125,0.4375,0.75,0.23207468750000004,0.4277451875,0.7581971875000001
0.125,0.4375,0.8125,0.22467768750000006,0.43095343750000004,0.8218906250000001
0.125,0.4375,0.875,0.21728068750000007,0.4341616875,0.8855840625000001
0.125,0.4375,0.9375,0.20988368750000005,0.43736993750000003,0.9492775000000001
0.125,0.4375,1.0,0.20248668750000004,0.4405781875,1.0129709375
0.125,0.5,0.0,0.35704762500000004,0.44337875,-0.006871499999999999
0.125,0.5,0.0625,0.34965062500000005,0.446587,0.0568219375
0.125,0.5,0.125,0.34225362500000006,0.44979525,0.12051537500000001
0.125,0.5,0.1875,0.334856625,0.4530035,0.1842088125
0.125,0.5,0.25,0.32745962500000003,0.45621174999999997,0.24790225000000002
0.125,0.5,0.3125,0.32006262500000005,0.45942,0.31159568750000005
0.125,0.5,0.375,0.31266562500000006,0.46262824999999996,0.37528912500000006
0.125,0.5,0.4375,0.305268625,0.4658365,0.43898256250000006
0.125,0.5,0.5,0.29787162500000003,0.46904475,0.502676
0.125,0.5,0.5625,0.29047462500000004,0.472253,0.5663694375
0.125,0.5,0.625,0.28307762500000005,0.47546125,0.630062875
0.125,0.5,0.6875,0.275680625,0.47866949999999997,0.6937563125
0.125,0.5,0.75,0.268283625,0.48187775,0.75744975
0.125,0.5,0.8125,0.26088662500000004,0.485086,0.8211431875
0.125,0.5,0.875,0.25348962500000005,0.48829425,0.884836625
0.125,0.5,0.9375,0.24609262500000004,0.4915025,0.9485300625
0.125,0.5,1.0,0.23869562500000002,0.49471075,1.0122235000000002
0.125,0.5625,0.0,0.3932565625,0.49751131249999997,-0.007618937499999999
0.125,0.5625,0.0625,0.38585956250000003,0.5007195624999999,0.056074500000000006
0.125,0.5625,0.125,0.37846256250000004,0.5039278125,0.1197679375
0.125,0.5625,0.1875,0.3710655625,0.5071360625,0.183461375
0.125,0.5625,0.25,0.3636685625,0.5103443125,0.24715481250000002
0.125,0.5625,0.3125,0.3562715625,0.5135525624999999,0.31084825000000005
0.125,0.5625,0.375,0.34887456250000004,0.5167608124999999,0.37454168750000005
0.125,0.5625,0.4375,0.3414775625,0.5199690625,0.43823512500000006
0.125,0.5625,0.5,0.3340805625,0.5231773125,0.5019285625000001
0.125,0.5625,0.5625,0.3266835625,0.5263855625,0.5656220000000001
0.125,0.5625,0.625,0.31928656250000004,0.5295938124999999,0.6293154375000001
0.125,0.5625,0.6875,0.3118895625,0.5328020625,0.6930088750000001
0.125,0.5625,0.75,0.3044925625,0.5360103125,0.7567023125000001
0.125,0.5625,0.8125,0.2970955625,0.5392185625,0.8203957500000001
0.125,0.5625,0.875,0.28969856250000003,0.5424268125,0.8840891875000001
0.125,0.5625,0.9375,0.28230156250000005,0.5456350624999999,0.9477826250000001
0.125,0.5625,1.0,0.2749045625,0.5488433125,1.0114760625
0.125,0.625,0.0,0.42946550000000006,0.551643875,-0.008366374999999999
0.125,0.625,0.0625,0.42206850000000007,0.554852125,0.05532706250000001
0.125,0.625,0.125,0.4146715000000001,0.558060375,0.11902050000000002
0.125,0.625,0.1875,0.40727450000000004,0.561268625,0.1827139375
0.125,0.625,0.25,0.39987750000000005,0.564476875,0.246407375
0.125,0.625,0.3125,0.39248050000000007,0.567685125,0.31010081250000004
0.125,0.625,0.375,0.3850835000000001,0.570893375,0.37379425000000005
0.125,0.625,0.4375,0.37768650000000004,0.5741016250000001,0.43748768750000006
0.125,0.625,0.5,0.37028950000000005,0.577309875,0.501181125
0.125,0.625,0.5625,0.36289250000000006,0.580518125,0.5648745625
0.125,0.625,0.625,0.3554955000000001,0.583726375,0.628568
0.125,0.625,0.6875,0.3480985000000001,0.586934625,0.6922614375
0.125,0.625,0.75,0.34070150000000005,0.590142875,0.755954875
0.125,0.625,0.8125,0.33330450000000006,0.593351125,0.8196483125
0.125,0.625,0.875,0.32590750000000007,0.596559375,0.88334175
0.125,0.625,0.9375,0.31851050000000003,0.599767625,0.9470351875
0.125,0.625,1.0,0.31111350000000004,0.602975875,1.010728625
0.125,0.6875,0.0,0.46567443750000004,0.6057764375,-0.0091138125
0.125,0.6875,0.0625,0.45827743750000005,0.6089846875,0.05457962500000001
0.125,0.6875,0.125,0.45088043750000006,0.6121929375,0.11827306250000001
0.125,0.6875,0.1875,0.4434834375,0.6154011875,0.1819665
0.125,0.6875,0.25,0.43608643750000003,0.6186094375,0.2456599375
0.125,0.6875,0.3125,0.42868943750000005,0.6218176875,0.30935337500000004
0.125,0.6875,0.375,0.42129243750000006,0.6250259375,0.37304681250000005
0.125,0.6875,0.4375,0.4138954375,0.6282341875,0.43674025000000005
0.125,0.6875,0.5,0.40649843750000003,0.6314424375,0.5004336875000001
0.125,0.6875,0.5625,0.39910143750000004,0.6346506875,0.5641271250000001
0.125,0.6875,0.625,0.39170443750000006,0.6378589375,0.6278205625000001
0.125,0.6875,0.6875,0.38430743750000007,0.6410671875,0.6915140000000001
0.125,0.6875,0.75,0.37691043750000003,0.6442754374999999,0.7552074375000001
0.125,0.6875,0.8125,0.36951343750000004,0.6474836875,0.8189008750000001
0.125,0.6875,0.875,0.36211643750000005,0.6506919375,0.8825943125000001
0.125,0.6875,0.9375,0.3547194375,0.6539001875,0.9462877500000001
0.125,0.6875,1.0,0.3473224375,0.6571084375,1.0099811875
0.125,0.75,0.0,0.501883375,0.659909,-0.00986125
0.125,0.75,0.0625,0.49448637500000003,0.66311725,0.0538321875
0.125,0.75,0.125,0.48708937500000005,0.6663255,0.11752562500000001
0.125,0.75,0.1875,0.479692375,0.6695337499999999,0.18121906250000003
0.125,0.75,0.25,0.472295375,0.672742,0.24491250000000003
0.125,0.75,0.3125,0.46489837500000003,0.67595025,0.30860593750000004
0.125,0.75,0.375,0.45750137500000004,0.6791585,0.37229937500000004
0.125,0.75,0.4375,0.450104375,0.68236675,0.43599281250000005
0.125,0.75,0.5,0.442707375,0.6855749999999999,0.49968625000000005
0.125,0.75,0.5625,0.435310375,0.68878325,0.5633796875
0.125,0.75,0.625,0.42791337500000004,0.6919915,0.627073125
0.125,0.75,0.6875,0.42051637500000005,0.69519975,0.6907665625
0.125,0.75,0.75,0.413119375,0.6984079999999999,0.75446
0.125,0.75,0.8125,0.405722375,0.7016162499999999,0.8181534375
0.125,0.75,0.875,0.39832537500000004,0.7048245,0.881846875
0.125,0.75,0.9375,0.390928375,0.70803275,0.9455403125
0.125,0.75,1.0,0.383531375,0.711241,1.0092337500000002
0.125,0.8125,0.0,0.5380923125,0.7140415625,-0.0106086875
0.125,0.8125,0.0625,0.5306953125,0.7172498125,0.05308475000000001
0.125,0.8125,0.125,0.5232983125,0.7204580625,0.1167781875
0.125,0.8125,0.1875,0.5159013125,0.7236663124999999,0.18047162500000002
0.125,0.8125,0.25,0.5085043125,0.7268745624999999,0.24416506250000003
0.125,0.8125,0.3125,0.5011073125,0.7300828125,0.30785850000000003
0.125,0.8125,0.375,0.4937103125,0.7332910625,0.37155193750000004
0.125,0.8125,0.4375,0.4863133125,0.7364993125,0.43524537500000005
0.125,0.8125,0.5,0.4789163125,0.7397075624999999,0.49893881250000005
0.125,0.8125,0.5625,0.4715193125,0.7429158124999999,0.5626322500000001
0.125,0.8125,0.625,0.4641223125,0.7461240625,0.6263256875000001
0.125,0.8125,0.6875,0.45672531250000004,0.7493323125,0.6900191250000001
0.125,0.8125,0.75,0.4493283125,0.7525405624999999,0.7537125625000001
0.125,0.8125,0.8125,0.4419313125,0.7557488124999999,0.8174060000000001
0.125,0.8125,0.875,0.4345343125,0.7589570625,0.8810994375000001
0.125,0.8125,0.9375,0.4271373125,0.7621653125,0.9447928750000001
0.125,0.8125,1.0,0.4197403125,0.7653735625,1.0084863125
0.125,0.875,0.0,0.5743012500000001,0.768174125,-0.011356125
0.125,0.875,0.0625,0.5669042500000001,0.7713823750000001,0.052337312500000004
0.125,0.875,0.125,0.5595072500000001,0.7745906250000001,0.11603075000000002
0.125,0.875,0.1875,0.5521102500000001,0.777798875,0.17972418750000002
0.125,0.875,0.25,0.5447132500000001,0.781007125,0.24341762500000003
0.125,0.875,0.3125,0.53731625,0.784215375,0.30711106250000003
0.125,0.875,0.375,0.5299192500000001,0.7874236250000001,0.37080450000000004
0.125,0.875,0.4375,0.5225222500000001,0.7906318750000001,0.43449793750000004
0.125,0.875,0.5,0.5151252500000001,0.793840125,0.49819137500000005
0.125,0.875,0.5625,0.5077282500000001,0.797048375,0.5618848125
0.125,0.875,0.625,0.5003312500000001,0.800256625,0.62557825
0.125,0.875,0.6875,0.49293425000000013,0.8034648750000001,0.6892716875
0.125,0.875,0.75,0.4855372500000001,0.8066731250000001,0.752965125
0.125,0.875,0.8125,0.4781402500000001,0.809881375,0.8166585625
0.125,0.875,0.875,0.4707432500000001,0.813089625,0.880352
0.125,0.875,0.9375,0.46334625000000007,0.8162978750000001,0.9440454375
0.125,0.875,1.0,0.4559492500000001,0.8195061250000001,1.007738875
0.125,0.9375,0.0,0.6105101875000001,0.8223066875,-0.0121035625
0.125,0.9375,0.0625,0.6031131875000001,0.8255149375,0.05158987500000001
0.125,0.9375,0.125,0.5957161875000001,0.8287231875000001,0.11528331250000001
0.125,0.9375,0.1875,0.5883191875000001,0.8319314375,0.17897675000000002
0.125,0.9375,0.25,0.5809221875000001,0.8351396875,0.24267018750000002
0.125,0.9375,0.3125,0.5735251875,0.8383479375,0.30636362500000003
0.125,0.9375,0.375,0.5661281875,0.8415561875,0.37005706250000003
0.125,0.9375,0.4375,0.5587311875000001,0.8447644375000001,0.43375050000000004
0.125,0.9375,0.5,0.5513341875000001,0.8479726875,0.49744393750000004
0.125,0.9375,0.5625,0.5439371875000001,0.8511809375,0.561137375
0.125,0.9375,0.625,0.5365401875000001,0.8543891875,0.6248308125
0.125,0.9375,0.6875,0.5291431875000001,0.8575974375000001,0.6885242500000001
0.125,0.9375,0.75,0.5217461875000001,0.8608056875000001,0.7522176875000001
0.125,0.9375,0.8125,0.5143491875000001,0.8640139375,0.8159111250000001
0.125,0.9375,0.875,0.5069521875,0.8672221875,0.8796045625000001
0.125,0.9375,0.9375,0.49955518750000005,0.8704304375,0.9432980000000001
0.125,0.9375,1.0,0.49215818750000007,0.8736386875000001,1.0069914375
0.125,1.0,0.0,0.6467191250000001,0.87643925,-0.012851
0.125,1.0,0.0625,0.6393221250000001,0.8796475,0.050842437500000004
0.125,1.0,0.125,0.6319251250000001,0.88285575,0.11453587500000001
0.125,1.0,0.1875,0.6245281250000001,0.886064,0.17822931250000001
0.125,1.0,0.25,0.6171311250000001,0.88927225,0.24192275000000002
0.125,1.0,0.3125,0.609734125,0.8924805,0.3056161875
0.125,1.0,0.375,0.602337125,0.89568875,0.36930962500000003
0.125,1.0,0.4375,0.594940125,0.8988970000000001,0.43300306250000004
0.125,1.0,0.5,0.587543125,0.90210525,0.49669650000000004
0.125,1.0,0.5625,0.5801461250000001,0.9053135,0.5603899375000001
0.125,1.0,0.625,0.5727491250000001,0.90852175,0.6240833750000001
0.125,1.0,0.6875,0.5653521250000001,0.91173,0.6877768125000001
0.125,1.0,0.75,0.5579551250000001,0.9149382500000001,0.7514702500000001
0.125,1.0,0.8125,0.550558125,0.9181465,0.8151636875000001
0.125,1.0,0.875,0.543161125,0.92135475,0.8788571250000001
0.125,1.0,0.9375,0.535764125,0.924563,0.9425505625000001
0.125,1.0,1.0,0.528367125,0.92777125,1.0062440000000001
0.1875,0.0,0.0,0.10106418749999999,0.015477374999999998,-0.001338
0.1875,0.0,0.0625,0.09366718749999998,0.018685624999999997,0.062355437500000006
0.1875,0.0,0.125,0.08627018749999998,0.021893875,0.126048875
0.1875,0.0,0.1875,0.07887318749999998,0.025102125,0.1897423125
0.1875,0.0,0.25,0.07147618749999998,0.028310375,0.25343575
0.1875,0.0,0.3125,0.0640791875,0.031518624999999995,0.3171291875
0.1875,0.0,0.375,0.05668218749999999,0.034726875000000004,0.380822625
0.1875,0.0,0.4375,0.04928518749999999,0.037935125,0.44451606250000003
0.1875,0.0,0.5,0.041888187499999986,0.041143374999999996,0.5082095000000001
0.1875,0.0,0.5625,0.03449118749999999,0.044351625,0.5719029375000001
0.1875,0.0,0.625,0.02709418749999999,0.047559875,0.6355963750000001
0.1875,0.0,0.6875,0.01969718749999999,0.050768125,0.6992898125000001
0.1875,0.0,0.75,0.01230018749999999,0.05397637500000001,0.7629832500000001
0.1875,0.0,0.8125,0.004903187499999989,0.057184625,0.8266766875000001
0.1875,0.0,0.875,-0.0024938125000000116,0.060392875,0.8903701250000001
0.1875,0.0,0.9375,-0.009890812500000012,0.063601125,0.9540635625000001
0.1875,0.0,1.0,-0.017287812500000013,0.066809375,1.017757
0.1875,0.0625,0.0,0.137273125,0.0696099375,-0.0020854375
0.1875,0.0625,0.0625,0.129876125,0.07281818749999999,0.061608
0.1875,0.0625,0.125,0.122479125,0.0760264375,0.1253014375
0.1875,0.0625,0.1875,0.115082125,0.0792346875,0.188994875
0.1875,0.0625,0.25,0.10768512499999999,0.0824429375,0.2526883125
0.1875,0.0625,0.3125,0.100288125,0.0856511875,0.31638175
0.1875,0.0625,0.375,0.09289112499999999,0.0888594375,0.3800751875
0.1875,0.0625,0.4375,0.085494125,0.0920676875,0.443768625
0.1875,0.0625,0.5,0.07809712499999999,0.09527593749999999,0.5074620625
0.1875,0.0625,0.5625,0.070700125,0.0984841875,0.5711555
0.1875,0.0625,0.625,0.063303125,0.1016924375,0.6348489375
0.1875,0.0625,0.6875,0.055906125,0.1049006875,0.698542375
0.1875,0.0625,0.75,0.048509125,0.1081089375,0.7622358125
0.1875,0.0625,0.8125,0.041112125,0.1113171875,0.8259292500000001
0.1875,0.0625,0.875,0.033715125,0.1145254375,0.8896226875000001
0.1875,0.0625,0.9375,0.026318124999999998,0.11773368749999999,0.9533161250000001
0.1875,0.0625,1.0,0.018921124999999997,0.1209419375,1.0170095625000002
0.1875,0.125,0.0,0.17348206249999998,0.1237425,-0.002832875
0.1875,0.125,0.0625,0.1660850625,0.12695075,0.06086056250000001
0.1875,0.125,0.125,0.15868806249999998,0.130159,0.12455400000000001
0.1875,0.125,0.1875,0.1512910625,0.13336725,0.1882474375
0.1875,0.125,0.25,0.14389406249999998,0.13657550000000002,0.251940875
0.1875,0.125,0.3125,0.1364970625,0.13978375,0.3156343125
0.1875,0.125,0.375,0.12910006249999997,0.142992,0.37932775
0.1875,0.125,0.4375,0.12170306249999999,0.14620025,0.4430211875
0.1875,0.125,0.5,0.11430606249999997,0.1494085,0.5067146250000001
0.1875,0.125,0.5625,0.10690906249999999,0.15261675,0.5704080625000001
0.1875,0.125,0.625,0.09951206249999998,0.155825,0.6341015000000001
0.1875,0.125,0.6875,0.09211506249999998,0.15903325000000001,0.6977949375000001
0.1875,0.125,0.75,0.08471806249999998,0.1622415,0.7614883750000001
0.1875,0.125,0.8125,0.07732106249999998,0.16544975,0.8251818125000001
0.1875,0.125,0.875,0.06992406249999998,0.168658,0.8888752500000001
0.1875,0.125,0.9375,0.06252706249999998,0.17186625,0.9525686875000001
0.1875,0.125,1.0,0.05513006249999998,0.17507450000000002,1.0162621250000001
0.1875,0.1875,0.0,0.209691,0.1778750625,-0.0035803125
0.1875,0.1875,0.0625,0.202294,0.18108331249999998,0.060113125
0.1875,0.1875,0.125,0.194897,0.18429156249999998,0.12380656250000001
0.1875,0.1875,0.1875,0.1875,0.18749981249999997,0.18750000000000003
0.1875,0.1875,0.25,0.18010299999999999,0.1907080625,0.2511934375
0.1875,0.1875,0.3125,0.172706,0.1939163125,0.314886875
0.1875,0.1875,0.375,0.16530899999999998,0.1971245625,0.3785803125
0.1875,0.1875,0.4375,0.157912,0.20033281249999998,0.44227375
0.1875,0.1875,0.5,0.15051499999999998,0.20354106249999998,0.5059671875
0.1875,0.1875,0.5625,0.143118,0.20674931249999998,0.569660625
0.1875,0.1875,0.625,0.13572099999999998,0.20995756249999997,0.6333540625
0.1875,0.1875,0.6875,0.128324,0.2131658125,0.6970475
0.1875,0.1875,0.75,0.12092699999999999,0.2163740625,0.7607409375
0.1875,0.1875,0.8125,0.11352999999999999,0.2195823125,0.824434375
0.1875,0.1875,0.875,0.10613299999999999,0.22279056249999998,0.8881278125000001
0.1875,0.1875,0.9375,0.09873599999999999,0.22599881249999998,0.9518212500000001
0.1875,0.1875,1.0,0.09133899999999999,0.2292070625,1.0155146875
0.1875,0.25,0.0,0.2458999375,0.232007625,-0.00432775
0.1875,0.25,0.0625,0.2385029375,0.235215875,0.05936568750000001
0.1875,0.25,0.125,0.2311059375,0.238424125,0.123059125
0.1875,0.25,0.1875,0.2237089375,0.241632375,0.18675256250000002
0.1875,0.25,0.25,0.2163119375,0.244840625,0.250446
0.1875,0.25,0.3125,0.2089149375,0.248048875,0.3141394375
0.1875,0.25,0.375,0.2015179375,0.25125712499999997,0.377832875
0.1875,0.25,0.4375,0.1941209375,0.254465375,0.4415263125
0.1875,0.25,0.5,0.1867239375,0.257673625,0.5052197500000001
0.1875,0.25,0.5625,0.1793269375,0.260881875,0.5689131875000001
0.1875,0.25,0.625,0.17192993750000002,0.264090125,0.6326066250000001
0.1875,0.25,0.6875,0.1645329375,0.267298375,0.6963000625000001
0.1875,0.25,0.75,0.1571359375,0.270506625,0.7599935000000001
0.1875,0.25,0.8125,0.1497389375,0.273714875,0.8236869375000001
0.1875,0.25,0.875,0.14234193750000002,0.276923125,0.8873803750000001
0.1875,0.25,0.9375,0.1349449375,0.280131375,0.9510738125000001
0.1875,0.25,1.0,0.12754793749999999,0.283339625,1.01476725
0.1875,0.3125,0.0,0.28210887500000004,0.28614018750000003,-0.0050751875
0.1875,0.3125,0.0625,0.27471187500000005,0.28934843750000006,0.058618250000000004
0.1875,0.3125,0.125,0.26731487500000006,0.2925566875,0.12231168750000002
0.1875,0.3125,0.1875,0.259917875,0.29576493750000005,0.18600512500000002
0.1875,0.3125,0.25,0.25252087500000003,0.2989731875,0.24969856250000003
0.1875,0.3125,0.3125,0.24512387500000005,0.30218143750000004,0.313392
0.1875,0.3125,0.375,0.23772687500000003,0.30538968750000006,0.3770854375
0.1875,0.3125,0.4375,0.23032987500000004,0.30859793750000003,0.440778875
0.1875,0.3125,0.5,0.22293287500000003,0.31180618750000005,0.5044723125
0.1875,0.3125,0.5625,0.21553587500000004,0.3150144375,0.56816575
0.1875,0.3125,0.625,0.20813887500000006,0.31822268750000005,0.6318591875
0.1875,0.3125,0.6875,0.20074187500000004,0.3214309375,0.695552625
0.1875,0.3125,0.75,0.19334487500000003,0.32463918750000004,0.7592460625
0.1875,0.3125,0.8125,0.18594787500000004,0.3278474375,0.8229395
0.1875,0.3125,0.875,0.17855087500000005,0.33105568750000003,0.8866329375
0.1875,0.3125,0.9375,0.17115387500000004,0.33426393750000005,0.9503263750000001
0.1875,0.3125,1.0,0.16375687500000002,0.3374721875,1.0140198125000002
0.1875,0.375,0.0,0.3183178125,0.34027275,-0.005822625
0.1875,0.375,0.0625,0.31092081250000003,0.34348100000000004,0.05787081250000001
0.1875,0.375,0.125,0.30352381250000005,0.34668925,0.12156425000000001
0.1875,0.375,0.1875,0.2961268125,0.34989750000000003,0.18525768750000002
0.1875,0.375,0.25,0.2887298125,0.35310575,0.24895112500000002
0.1875,0.375,0.3125,0.28133281250000003,0.356314,0.3126445625
0.1875,0.375,0.375,0.27393581250000004,0.35952225000000004,0.376338
0.1875,0.375,0.4375,0.2665388125,0.3627305,0.4400314375
0.1875,0.375,0.5,0.2591418125,0.36593875000000003,0.5037248750000001
0.1875,0.375,0.5625,0.2517448125,0.369147,0.5674183125000001
0.1875,0.375,0.625,0.24434781250000004,0.37235525,0.6311117500000001
0.1875,0.375,0.6875,0.23695081250000002,0.3755635,0.6948051875000001
0.1875,0.375,0.75,0.2295538125,0.37877175,0.7584986250000001
0.1875,0.375,0.8125,0.22215681250000002,0.38198,0.8221920625000001
0.1875,0.375,0.875,0.21475981250000004,0.38518825,0.8858855000000001
0.1875,0.375,0.9375,0.20736281250000002,0.38839650000000003,0.9495789375000001
0.1875,0.375,1.0,0.1999658125,0.39160475,1.0132723750000001
0.1875,0.4375,0.0,0.35452675,0.39440531250000005,-0.0065700624999999995
0.1875,0.4375,0.0625,0.34712975,0.3976135625000001,0.057123375000000004
0.1875,0.4375,0.125,0.33973275000000003,0.40082181250000004,0.12081681250000001
0.1875,0.4375,0.1875,0.33233575,0.40403006250000006,0.18451025000000001
0.1875,0.4375,0.25,0.32493875,0.40723831250000003,0.24820368750000002
0.1875,0.4375,0.3125,0.31754175,0.41044656250000006,0.31189712500000005
0.1875,0.4375,0.375,0.31014475,0.4136548125,0.37559056250000006
0.1875,0.4375,0.4375,0.30274775,0.41686306250000005,0.43928400000000006
0.1875,0.4375,0.5,0.29535075,0.42007131250000007,0.5029774375
0.1875,0.4375,0.5625,0.28795375,0.42327956250000004,0.566670875
0.1875,0.4375,0.625,0.28055675,0.42648781250000006,0.6303643125
0.1875,0.4375,0.6875,0.27315975000000003,0.42969606250000003,0.69405775
0.1875,0.4375,0.75,0.26576275,0.43290431250000005,0.7577511875
0.1875,0.4375,0.8125,0.25836575,0.4361125625000001,0.821444625
0.1875,0.4375,0.875,0.25096875,0.43932081250000005,0.8851380625
0.1875,0.4375,0.9375,0.24357175,0.44252906250000007,0.9488315
0.1875,0.4375,1.0,0.23617475,0.44573731250000004,1.0125249375
0.1875,0.5,0.0,0.3907356875,0.44853787500000003,-0.007317499999999999
0.1875,0.5,0.0625,0.3833386875,0.45174612500000005,0.05637593750000001
0.1875,0.5,0.125,0.3759416875,0.454954375,0.120069375
0.1875,0.5,0.1875,0.36854468749999997,0.45816262500000005,0.1837628125
0.1875,0.5,0.25,0.3611476875,0.461370875,0.24745625000000002
0.1875,0.5,0.3125,0.3537506875,0.46457912500000004,0.31114968750000005
0.1875,0.5,0.375,0.3463536875,0.467787375,0.37484312500000005
0.1875,0.5,0.4375,0.33895668749999996,0.47099562500000003,0.43853656250000006
0.1875,0.5,0.5,0.3315596875,0.47420387500000005,0.5022300000000001
0.1875,0.5,0.5625,0.3241626875,0.477412125,0.5659234375000001
0.1875,0.5,0.625,0.3167656875,0.48062037500000004,0.6296168750000001
0.1875,0.5,0.6875,0.3093686875,0.483828625,0.6933103125000001
0.1875,0.5,0.75,0.3019716875,0.48703687500000004,0.7570037500000001
0.1875,0.5,0.8125,0.2945746875,0.49024512500000006,0.8206971875000001
0.1875,0.5,0.875,0.2871776875,0.493453375,0.8843906250000001
0.1875,0.5,0.9375,0.27978068749999996,0.49666162500000005,0.9480840625000001
0.1875,0.5,1.0,0.27238368749999997,0.499869875,1.0117775
0.1875,0.5625,0.0,0.42694462499999997,0.5026704375,-0.0080649375
0.1875,0.5625,0.0625,0.419547625,0.5058786875,0.055628500000000004
0.1875,0.5625,0.125,0.412150625,0.5090869375,0.11932193750000002
0.1875,0.5625,0.1875,0.40475362499999995,0.5122951874999999,0.183015375
0.1875,0.5625,0.25,0.39735662499999996,0.5155034374999999,0.2467088125
0.1875,0.5625,0.3125,0.389959625,0.5187116875,0.31040225000000005
0.1875,0.5625,0.375,0.382562625,0.5219199375,0.37409568750000005
0.1875,0.5625,0.4375,0.37516562499999995,0.5251281875,0.43778912500000006
0.1875,0.5625,0.5,0.36776862499999996,0.5283364374999999,0.5014825625
0.1875,0.5625,0.5625,0.360371625,0.5315446875,0.565176
0.1875,0.5625,0.625,0.352974625,0.5347529375,0.6288694375
0.1875,0.5625,0.6875,0.345577625,0.5379611875,0.692562875
0.1875,0.5625,0.75,0.33818062499999996,0.5411694375,0.7562563125
0.1875,0.5625,0.8125,0.33078362499999997,0.5443776874999999,0.81994975
0.1875,0.5625,0.875,0.323386625,0.5475859375,0.8836431875
0.1875,0.5625,0.9375,0.31598962499999994,0.5507941875,0.947336625
0.1875,0.5625,1.0,0.30859262499999995,0.5540024375,1.0110300625000002
0.1875,0.625,0.0,0.46315356250000006,0.556803,-0.008812374999999999
0.1875,0.625,0.0625,0.4557565625000001,0.5600112500000001,0.05488106250000001
0.1875,0.625,0.125,0.4483595625000001,0.5632195000000001,0.11857450000000001
0.1875,0.625,0.1875,0.44096256250000004,0.56642775,0.1822679375
0.1875,0.625,0.25,0.43356556250000006,0.569636,0.245961375
0.1875,0.625,0.3125,0.42616856250000007,0.57284425,0.30965481250000004
0.1875,0.625,0.375,0.4187715625000001,0.5760525000000001,0.37334825000000005
0.1875,0.625,0.4375,0.41137456250000004,0.5792607500000001,0.43704168750000005
0.1875,0.625,0.5,0.40397756250000005,0.582469,0.5007351250000001
0.1875,0.625,0.5625,0.39658056250000007,0.58567725,0.5644285625000001
0.1875,0.625,0.625,0.3891835625000001,0.5888855000000001,0.6281220000000001
0.1875,0.625,0.6875,0.3817865625000001,0.5920937500000001,0.6918154375000001
0.1875,0.625,0.75,0.37438956250000005,0.595302,0.7555088750000001
0.1875,0.625,0.8125,0.36699256250000006,0.59851025,0.8192023125000001
0.1875,0.625,0.875,0.3595955625000001,0.6017185,0.8828957500000001
0.1875,0.625,0.9375,0.35219856250000003,0.6049267500000001,0.9465891875000001
0.1875,0.625,1.0,0.34480156250000005,0.6081350000000001,1.010282625
0.1875,0.6875,0.0,0.49936250000000004,0.6109355625,-0.0095598125
0.1875,0.6875,0.0625,0.49196550000000006,0.6141438125,0.054133625000000005
0.1875,0.6875,0.125,0.48456850000000007,0.6173520625000001,0.11782706250000001
0.1875,0.6875,0.1875,0.4771715,0.6205603125,0.18152050000000003
0.1875,0.6875,0.25,0.46977450000000004,0.6237685625,0.24521393750000003
0.1875,0.6875,0.3125,0.46237750000000005,0.6269768125,0.30890737500000004
0.1875,0.6875,0.375,0.45498050000000007,0.6301850625000001,0.37260081250000004
0.1875,0.6875,0.4375,0.4475835,0.6333933125000001,0.43629425000000005
0.1875,0.6875,0.5,0.44018650000000004,0.6366015625,0.49998768750000006
0.1875,0.6875,0.5625,0.43278950000000005,0.6398098125,0.563681125
0.1875,0.6875,0.625,0.42539250000000006,0.6430180625,0.6273745625
0.1875,0.6875,0.6875,0.4179955000000001,0.6462263125000001,0.691068
0.1875,0.6875,0.75,0.41059850000000003,0.6494345625,0.7547614375
0.1875,0.6875,0.8125,0.40320150000000005,0.6526428125,0.818454875
0.1875,0.6875,0.875,0.39580450000000006,0.6558510625,0.8821483125
0.1875,0.6875,0.9375,0.3884075,0.6590593125,0.94584175
0.1875,0.6875,1.0,0.38101050000000003,0.6622675625000001,1.0095351875
0.1875,0.75,0.0,0.5355714375,0.665068125,-0.01030725
0.1875,0.75,0.0625,0.5281744375,0.668276375,0.0533861875
0.1875,0.75,0.125,0.5207774375,0.6714846250000001,0.117079625
0.1875,0.75,0.1875,0.5133804375000001,0.674692875,0.18077306250000003
0.1875,0.75,0.25,0.5059834375000001,0.677901125,0.24446650000000003
0.1875,0.75,0.3125,0.49858643750000003,0.681109375,0.30815993750000004
0.1875,0.75,0.375,0.49118943750000005,0.684317625,0.37185337500000004
0.1875,0.75,0.4375,0.4837924375,0.6875258750000001,0.43554681250000005
0.1875,0.75,0.5,0.4763954375,0.690734125,0.49924025000000005
0.1875,0.75,0.5625,0.46899843750000003,0.693942375,0.5629336875000001
0.1875,0.75,0.625,0.46160143750000004,0.697150625,0.6266271250000001
0.1875,0.75,0.6875,0.45420443750000006,0.700358875,0.6903205625000001
0.1875,0.75,0.75,0.4468074375,0.703567125,0.7540140000000001
0.1875,0.75,0.8125,0.43941043750000003,0.706775375,0.8177074375000001
0.1875,0.75,0.875,0.43201343750000004,0.709983625,0.8814008750000001
0.1875,0.75,0.9375,0.4246164375,0.713191875,0.9450943125000001
0.1875,0.75,1.0,0.4172194375,0.716400125,1.00878775
0.1875,0.8125,0.0,0.571780375,0.7192006875,-0.0110546875
0.1875,0.8125,0.0625,0.564383375,0.7224089375,0.052638750000000005
0.1875,0.8125,0.125,0.556986375,0.7256171875,0.11633218750000002
0.1875,0.8125,0.1875,0.549589375,0.7288254375,0.18002562500000002
0.1875,0.8125,0.25,0.5421923750000001,0.7320336875,0.24371906250000003
0.1875,0.8125,0.3125,0.534795375,0.7352419375,0.30741250000000003
0.1875,0.8125,0.375,0.527398375,0.7384501875,0.37110593750000004
0.1875,0.8125,0.4375,0.520001375,0.7416584375,0.43479937500000004
0.1875,0.8125,0.5,0.512604375,0.7448666875,0.49849281250000005
0.1875,0.8125,0.5625,0.505207375,0.7480749375,0.56218625
0.1875,0.8125,0.625,0.497810375,0.7512831875,0.6258796875
0.1875,0.8125,0.6875,0.49041337500000004,0.7544914375,0.689573125
0.1875,0.8125,0.75,0.483016375,0.7576996874999999,0.7532665625
0.1875,0.8125,0.8125,0.475619375,0.7609079375,0.81696
0.1875,0.8125,0.875,0.468222375,0.7641161875,0.8806534375
0.1875,0.8125,0.9375,0.460825375,0.7673244375,0.944346875
0.1875,0.8125,1.0,0.453428375,0.7705326875,1.0080403125000001
0.1875,0.875,0.0,0.6079893125000001,0.7733332500000001,-0.011802125
0.1875,0.875,0.0625,0.6005923125000001,0.7765415000000001,0.05189131250000001
0.1875,0.875,0.125,0.5931953125000001,0.7797497500000001,0.11558475000000001
0.1875,0.875,0.1875,0.5857983125000001,0.782958,0.17927818750000002
0.1875,0.875,0.25,0.5784013125000002,0.7861662500000001,0.24297162500000002
0.1875,0.875,0.3125,0.5710043125,0.7893745000000001,0.30666506250000003
0.1875,0.875,0.375,0.5636073125000001,0.7925827500000001,0.37035850000000003
0.1875,0.875,0.4375,0.5562103125000001,0.7957910000000001,0.43405193750000004
0.1875,0.875,0.5,0.5488133125000001,0.79899925,0.49774537500000005
0.1875,0.875,0.5625,0.5414163125000001,0.8022075000000001,0.5614388125
0.1875,0.875,0.625,0.5340193125000001,0.8054157500000001,0.6251322500000001
0.1875,0.875,0.6875,0.5266223125000001,0.8086240000000001,0.6888256875000001
0.1875,0.875,0.75,0.5192253125000001,0.8118322500000001,0.7525191250000001
0.1875,0.875,0.8125,0.5118283125,0.8150405000000001,0.8162125625000001
0.1875,0.875,0.875,0.5044313125000001,0.8182487500000001,0.8799060000000001
0.1875,0.875,0.9375,0.4970343125000001,0.8214570000000001,0.9435994375000001
0.1875,0.875,1.0,0.4896373125000001,0.8246652500000001,1.007292875
0.1875,0.9375,0.0,0.6441982500000001,0.8274658125000001,-0.0125495625
0.1875,0.9375,0.0625,0.6368012500000001,0.8306740625000001,0.051143875000000005
0.1875,0.9375,0.125,0.6294042500000001,0.8338823125000001,0.11483731250000001
0.1875,0.9375,0.1875,0.6220072500000001,0.8370905625,0.17853075000000002
0.1875,0.9375,0.25,0.6146102500000001,0.8402988125,0.24222418750000002
0.1875,0.9375,0.3125,0.60721325,0.8435070625000001,0.305917625
0.1875,0.9375,0.375,0.59981625,0.8467153125000001,0.36961106250000003
0.1875,0.9375,0.4375,0.5924192500000001,0.8499235625000001,0.43330450000000004
0.1875,0.9375,0.5,0.5850222500000001,0.8531318125,0.49699793750000004
0.1875,0.9375,0.5625,0.5776252500000001,0.8563400625,0.560691375
0.1875,0.9375,0.625,0.5702282500000001,0.8595483125000001,0.6243848125
0.1875,0.9375,0.6875,0.5628312500000001,0.8627565625000001,0.68807825
0.1875,0.9375,0.75,0.5554342500000001,0.8659648125000001,0.7517716875
0.1875,0.9375,0.8125,0.5480372500000001,0.8691730625,0.815465125
0.1875,0.9375,0.875,0.54064025,0.8723813125000001,0.8791585625
0.1875,0.9375,0.9375,0.5332432500000001,0.8755895625000001,0.942852
0.1875,0.9375,1.0,0.5258462500000001,0.8787978125000001,1.0065454375
0.1875,1.0,0.0,0.6804071875000001,0.881598375,-0.013297
0.1875,1.0,0.0625,0.6730101875000001,0.8848066250000001,0.0503964375
0.1875,1.0,0.125,0.6656131875000001,0.8880148750000001,0.11408987500000001
0.1875,1.0,0.1875,0.6582161875000001,0.891223125,0.1777833125
0.1875,1.0,0.25,0.6508191875000001,0.894431375,0.24147675000000002
0.1875,1.0,0.3125,0.6434221875,0.897639625,0.3051701875
0.1875,1.0,0.375,0.6360251875,0.9008478750000001,0.36886362500000003
0.1875,1.0,0.4375,0.6286281875,0.9040561250000001,0.43255706250000003
0.1875,1.0,0.5,0.6212311875000001,0.907264375,0.49625050000000004
0.1875,1.0,0.5625,0.6138341875000001,0.910472625,0.5599439375
0.1875,1.0,0.625,0.6064371875000001,0.9136808750000001,0.623637375
0.1875,1.0,0.6875,0.5990401875000001,0.9168891250000001,0.6873308125
0.1875,1.0,0.75,0.5916431875000001,0.9200973750000001,0.7510242500000001
0.1875,1.0,0.8125,0.5842461875,0.923305625,0.8147176875000001
0.1875,1.0,0.875,0.5768491875,0.926513875,0.8784111250000001
0.1875,1.0,0.9375,0.5694521875,0.9297221250000001,0.9421045625000001
0.1875,1.0,1.0,0.5620551875,0.9329303750000001,1.0057980000000002
0.25,0.0,0.0,0.13475225,0.0206365,-0.001784
0.25,0.0,0.0625,0.12735525,0.023844749999999998,0.061909437500000004
0.25,0.0,0.125,0.11995824999999999,0.027053,0.125602875
0.25,0.0,0.1875,0.11256124999999999,0.03026125,0.1892963125
0.25,0.0,0.25,0.10516424999999999,0.0334695,0.25298975
0.25,0.0,0.3125,0.09776725,0.036677749999999995,0.3166831875
0.25,0.0,0.375,0.09037024999999999,0.039886000000000005,0.380376625
0.25,0.0,0.4375,0.08297325,0.04309425,0.44407006250000003
0.25,0.0,0.5,0.07557624999999998,0.046302499999999996,0.5077635
0.25,0.0,0.5625,0.06817925,0.04951075,0.5714569375
0.25,0.0,0.625,0.060782249999999996,0.052719,0.635150375
0.25,0.0,0.6875,0.053385249999999995,0.05592725,0.6988438125
0.25,0.0,0.75,0.045988249999999994,0.05913550000000001,0.76253725
0.25,0.0,0.8125,0.038591249999999994,0.06234375,0.8262306875000001
0.25,0.0,0.875,0.031194249999999993,0.065552,0.8899241250000001
0.25,0.0,0.9375,0.023797249999999992,0.06876025,0.9536175625000001
0.25,0.0,1.0,0.01640024999999999,0.0719685,1.017311
0.25,0.0625,0.0,0.1709611875,0.0747690625,-0.0025314375
0.25,0.0625,0.0625,0.1635641875,0.07797731249999999,0.06116200000000001
0.25,0.0625,0.125,0.1561671875,0.0811855625,0.12485543750000001
0.25,0.0625,0.1875,0.1487701875,0.0843938125,0.188548875
0.25,0.0625,0.25,0.1413731875,0.0876020625,0.2522423125
0.25,0.0625,0.3125,0.1339761875,0.09081031249999999,0.31593575
0.25,0.0625,0.375,0.1265791875,0.0940185625,0.3796291875
0.25,0.0625,0.4375,0.11918218750000001,0.0972268125,0.443322625
0.25,0.0625,0.5,0.1117851875,0.1004350625,0.5070160625000001
0.25,0.0625,0.5625,0.10438818750000001,0.1036433125,0.5707095000000001
0.25,0.0625,0.625,0.0969911875,0.1068515625,0.6344029375000001
0.25,0.0625,0.6875,0.0895941875,0.11005981249999999,0.6980963750000001
0.25,0.0625,0.75,0.0821971875,0.1132680625,0.7617898125000001
0.25,0.0625,0.8125,0.0748001875,0.1164763125,0.8254832500000001
0.25,0.0625,0.875,0.0674031875,0.11968456250000001,0.8891766875000001
0.25,0.0625,0.9375,0.0600061875,0.1228928125,0.9528701250000001
0.25,0.0625,1.0,0.0526091875,0.1261010625,1.0165635625
0.25,0.125,0.0,0.20717012499999998,0.128901625,-0.0032788749999999997
0.25,0.125,0.0625,0.199773125,0.132109875,0.060414562500000005
0.25,0.125,0.125,0.19237612499999998,0.13531812499999998,0.12410800000000001
0.25,0.125,0.1875,0.184979125,0.13852637499999998,0.18780143750000003
0.25,0.125,0.25,0.17758212499999998,0.141734625,0.251494875
0.25,0.125,0.3125,0.170185125,0.144942875,0.3151883125
0.25,0.125,0.375,0.16278812499999998,0.148151125,0.37888175
0.25,0.125,0.4375,0.155391125,0.151359375,0.4425751875
0.25,0.125,0.5,0.14799412499999998,0.154567625,0.506268625
0.25,0.125,0.5625,0.140597125,0.15777587499999998,0.5699620625
0.25,0.125,0.625,0.133200125,0.16098412499999998,0.6336555
0.25,0.125,0.6875,0.125803125,0.164192375,0.6973489375
0.25,0.125,0.75,0.11840612499999999,0.167400625,0.761042375
0.25,0.125,0.8125,0.11100912499999999,0.170608875,0.8247358125
0.25,0.125,0.875,0.10361212499999999,0.173817125,0.8884292500000001
0.25,0.125,0.9375,0.09621512499999998,0.17702537499999998,0.9521226875000001
0.25,0.125,1.0,0.08881812499999998,0.180233625,1.0158161250000002
0.25,0.1875,0.0,0.2433790625,0.1830341875,-0.0040263125
0.25,0.1875,0.0625,0.2359820625,0.1862424375,0.059667125
0.25,0.1875,0.125,0.2285850625,0.1894506875,0.1233605625
0.25,0.1875,0.1875,0.2211880625,0.19265893750000002,0.18705400000000003
0.25,0.1875,0.25,0.2137910625,0.1958671875,0.2507474375
0.25,0.1875,0.3125,0.2063940625,0.1990754375,0.314440875
0.25,0.1875,0.375,0.1989970625,0.2022836875,0.3781343125
0.25,0.1875,0.4375,0.1916000625,0.2054919375,0.44182775
0.25,0.1875,0.5,0.1842030625,0.2087001875,0.5055211875000001
0.25,0.1875,0.5625,0.1768060625,0.2119084375,0.5692146250000001
0.25,0.1875,0.625,0.16940906249999999,0.21511668750000001,0.6329080625000001
0.25,0.1875,0.6875,0.1620120625,0.2183249375,0.6966015000000001
0.25,0.1875,0.75,0.1546150625,0.2215331875,0.7602949375000001
0.25,0.1875,0.8125,0.1472180625,0.2247414375,0.8239883750000001
0.25,0.1875,0.875,0.13982106249999998,0.2279496875,0.8876818125000001
0.25,0.1875,0.9375,0.1324240625,0.2311579375,0.9513752500000001
0.25,0.1875,1.0,0.1250270625,0.2343661875,1.0150686875000001
0.25,0.25,0.0,0.279588,0.23716675,-0.00477375
0.25,0.25,0.0625,0.272191,0.240375,0.058919687500000005
0.25,0.25,0.125,0.26479400000000003,0.24358325,0.12261312500000002
0.25,0.25,0.1875,0.257397,0.2467915,0.18630656250000002
0.25,0.25,0.25,0.25,0.24999975000000002,0.25
0.25,0.25,0.3125,0.242603,0.253208,0.3136934375
0.25,0.25,0.375,0.235206,0.25641625,0.377386875
0.25,0.25,0.4375,0.227809,0.25962450000000004,0.4410803125
0.25,0.25,0.5,0.220412,0.26283275,0.50477375
0.25,0.25,0.5625,0.213015,0.266041,0.5684671875
0.25,0.25,0.625,0.20561800000000002,0.26924925,0.632160625
0.25,0.25,0.6875,0.198221,0.2724575,0.6958540625
0.25,0.25,0.75,0.190824,0.27566575000000004,0.7595475
0.25,0.25,0.8125,0.183427,0.278874,0.8232409375
0.25,0.25,0.875,0.17603000000000002,0.28208225000000003,0.886934375
0.25,0.25,0.9375,0.168633,0.2852905,0.9506278125000001
0.25,0.25,1.0,0.161236,0.28849875,1.01432125
0.25,0.3125,0.0,0.31579693750000004,0.2912993125,-0.0055211875
0.25,0.3125,0.0625,0.30839993750000005,0.29450756250000004,0.05817225000000001
0.25,0.3125,0.125,0.30100293750000007,0.2977158125,0.12186568750000001
0.25,0.3125,0.1875,0.2936059375,0.30092406250000003,0.18555912500000002
0.25,0.3125,0.25,0.28620893750000004,0.3041323125,0.24925256250000002
0.25,0.3125,0.3125,0.27881193750000005,0.3073405625,0.312946
0.25,0.3125,0.375,0.27141493750000006,0.3105488125,0.3766394375
0.25,0.3125,0.4375,0.2640179375,0.3137570625,0.440332875
0.25,0.3125,0.5,0.25662093750000003,0.31696531250000004,0.5040263125000001
0.25,0.3125,0.5625,0.24922393750000005,0.3201735625,0.5677197500000001
0.25,0.3125,0.625,0.24182693750000006,0.32338181250000003,0.6314131875000001
0.25,0.3125,0.6875,0.23442993750000005,0.3265900625,0.6951066250000001
0.25,0.3125,0.75,0.22703293750000003,0.3297983125,0.7588000625000001
0.25,0.3125,0.8125,0.21963593750000004,0.33300656250000005,0.8224935000000001
0.25,0.3125,0.875,0.21223893750000006,0.3362148125,0.8861869375000001
0.25,0.3125,0.9375,0.20484193750000004,0.33942306250000004,0.9498803750000001
0.25,0.3125,1.0,0.19744493750000003,0.3426313125,1.0135738125
0.25,0.375,0.0,0.352005875,0.345431875,-0.006268625
0.25,0.375,0.0625,0.34460887500000004,0.348640125,0.057424812500000005
0.25,0.375,0.125,0.33721187500000005,0.351848375,0.12111825000000001
0.25,0.375,0.1875,0.329814875,0.355056625,0.18481168750000002
0.25,0.375,0.25,0.322417875,0.358264875,0.24850512500000002
0.25,0.375,0.3125,0.31502087500000003,0.361473125,0.3121985625
0.25,0.375,0.375,0.30762387500000005,0.364681375,0.375892
0.25,0.375,0.4375,0.300226875,0.367889625,0.4395854375
0.25,0.375,0.5,0.292829875,0.371097875,0.503278875
0.25,0.375,0.5625,0.28543287500000003,0.374306125,0.5669723125
0.25,0.375,0.625,0.27803587500000004,0.377514375,0.63066575
0.25,0.375,0.6875,0.27063887500000006,0.380722625,0.6943591875
0.25,0.375,0.75,0.263241875,0.383930875,0.758052625
0.25,0.375,0.8125,0.255844875,0.38713912500000003,0.8217460625
0.25,0.375,0.875,0.24844787500000004,0.390347375,0.8854395
0.25,0.375,0.9375,0.24105087500000003,0.393555625,0.9491329375
0.25,0.375,1.0,0.233653875,0.396763875,1.0128263750000002
0.25,0.4375,0.0,0.3882148125,0.39956443750000004,-0.0070160625
0.25,0.4375,0.0625,0.3808178125,0.40277268750000006,0.056677375
0.25,0.4375,0.125,0.37342081250000003,0.4059809375,0.12037081250000001
0.25,0.4375,0.1875,0.3660238125,0.40918918750000005,0.18406425
0.25,0.4375,0.25,0.3586268125,0.4123974375,0.24775768750000002
0.25,0.4375,0.3125,0.3512298125,0.41560568750000004,0.31145112500000005
0.25,0.4375,0.375,0.34383281250000003,0.41881393750000007,0.37514456250000006
0.25,0.4375,0.4375,0.3364358125,0.42202218750000003,0.43883800000000006
0.25,0.4375,0.5,0.3290388125,0.42523043750000006,0.5025314375000001
0.25,0.4375,0.5625,0.3216418125,0.4284386875,0.5662248750000001
0.25,0.4375,0.625,0.3142448125,0.43164693750000005,0.6299183125000001
0.25,0.4375,0.6875,0.30684781250000004,0.4348551875,0.6936117500000001
0.25,0.4375,0.75,0.2994508125,0.43806343750000004,0.7573051875000001
0.25,0.4375,0.8125,0.2920538125,0.4412716875,0.8209986250000001
0.25,0.4375,0.875,0.2846568125,0.44447993750000003,0.8846920625000001
0.25,0.4375,0.9375,0.2772598125,0.44768818750000006,0.9483855000000001
0.25,0.4375,1.0,0.2698628125,0.4508964375,1.0120789375
0.25,0.5,0.0,0.42442375,0.453697,-0.0077635
0.25,0.5,0.0625,0.41702675,0.45690525000000004,0.055929937500000006
0.25,0.5,0.125,0.40962975,0.4601135,0.119623375
0.25,0.5,0.1875,0.40223275,0.46332175000000003,0.1833168125
0.25,0.5,0.25,0.39483575,0.46653,0.24701025000000001
0.25,0.5,0.3125,0.38743875,0.46973825,0.31070368750000005
0.25,0.5,0.375,0.38004175,0.47294650000000005,0.37439712500000005
0.25,0.5,0.4375,0.37264474999999997,0.47615475,0.43809056250000006
0.25,0.5,0.5,0.36524775,0.47936300000000004,0.501784
0.25,0.5,0.5625,0.35785075,0.48257125,0.5654774375
0.25,0.5,0.625,0.35045375,0.48577950000000003,0.629170875
0.25,0.5,0.6875,0.34305675,0.48898775,0.6928643125
0.25,0.5,0.75,0.33565975,0.492196,0.75655775
0.25,0.5,0.8125,0.32826275,0.49540425,0.8202511875
0.25,0.5,0.875,0.32086575,0.4986125,0.883944625
0.25,0.5,0.9375,0.31346874999999996,0.50182075,0.9476380625
0.25,0.5,1.0,0.30607175,0.5050290000000001,1.0113315
0.25,0.5625,0.0,0.46063268749999997,0.5078295625,-0.0085109375
0.25,0.5625,0.0625,0.4532356875,0.5110378125,0.05518250000000001
0.25,0.5625,0.125,0.4458386875,0.5142460625,0.11887593750000001
0.25,0.5625,0.1875,0.43844168749999995,0.5174543125,0.182569375
0.25,0.5625,0.25,0.43104468749999997,0.5206625625,0.2462628125
0.25,0.5625,0.3125,0.4236476875,0.5238708125,0.30995625000000004
0.25,0.5625,0.375,0.4162506875,0.5270790625,0.37364968750000005
0.25,0.5625,0.4375,0.40885368749999995,0.5302873125,0.43734312500000005
0.25,0.5625,0.5,0.40145668749999996,0.5334955625,0.5010365625000001
0.25,0.5625,0.5625,0.3940596875,0.5367038125,0.5647300000000001
0.25,0.5625,0.625,0.3866626875,0.5399120625,0.6284234375000001
0.25,0.5625,0.6875,0.3792656875,0.5431203125,0.6921168750000001
0.25,0.5625,0.75,0.37186868749999996,0.5463285625000001,0.7558103125000001
0.25,0.5625,0.8125,0.3644716875,0.5495368125,0.8195037500000001
0.25,0.5625,0.875,0.3570746875,0.5527450625,0.8831971875000001
0.25,0.5625,0.9375,0.34967768749999995,0.5559533125,0.9468906250000001
0.25,0.5625,1.0,0.34228068749999996,0.5591615625,1.0105840625
0.25,0.625,0.0,0.49684162500000006,0.561962125,-0.009258375
0.25,0.625,0.0625,0.4894446250000001,0.565170375,0.054435062500000006
0.25,0.625,0.125,0.4820476250000001,0.568378625,0.11812850000000001
0.25,0.625,0.1875,0.47465062500000005,0.5715868749999999,0.18182193750000003
0.25,0.625,0.25,0.46725362500000006,0.574795125,0.24551537500000004
0.25,0.625,0.3125,0.4598566250000001,0.578003375,0.30920881250000004
0.25,0.625,0.375,0.4524596250000001,0.581211625,0.37290225000000005
0.25,0.625,0.4375,0.44506262500000005,0.584419875,0.43659568750000005
0.25,0.625,0.5,0.43766562500000006,0.587628125,0.500289125
0.25,0.625,0.5625,0.43026862500000007,0.590836375,0.5639825625
0.25,0.625,0.625,0.4228716250000001,0.594044625,0.627676
0.25,0.625,0.6875,0.4154746250000001,0.597252875,0.6913694375
0.25,0.625,0.75,0.40807762500000005,0.600461125,0.755062875
0.25,0.625,0.8125,0.40068062500000007,0.603669375,0.8187563125
0.25,0.625,0.875,0.3932836250000001,0.606877625,0.88244975
0.25,0.625,0.9375,0.38588662500000004,0.610085875,0.9461431875
0.25,0.625,1.0,0.37848962500000005,0.613294125,1.0098366250000002
0.25,0.6875,0.0,0.5330505625,0.6160946875,-0.010005812499999999
0.25,0.6875,0.0625,0.5256535625000001,0.6193029375,0.053687625
0.25,0.6875,0.125,0.5182565625000001,0.6225111875,0.11738106250000001
0.25,0.6875,0.1875,0.5108595625000001,0.6257194374999999,0.18107450000000003
0.25,0.6875,0.25,0.5034625625000001,0.6289276874999999,0.24476793750000003
0.25,0.6875,0.3125,0.49606556250000006,0.6321359375,0.30846137500000004
0.25,0.6875,0.375,0.48866856250000007,0.6353441875,0.37215481250000004
0.25,0.6875,0.4375,0.4812715625,0.6385524375,0.43584825000000005
0.25,0.6875,0.5,0.47387456250000004,0.6417606874999999,0.49954168750000005
0.25,0.6875,0.5625,0.46647756250000005,0.6449689375,0.5632351250000001
0.25,0.6875,0.625,0.45908056250000007,0.6481771875,0.6269285625000001
0.25,0.6875,0.6875,0.4516835625000001,0.6513854375,0.6906220000000001
0.25,0.6875,0.75,0.44428656250000004,0.6545936875,0.7543154375000001
0.25,0.6875,0.8125,0.43688956250000005,0.6578019374999999,0.8180088750000001
0.25,0.6875,0.875,0.42949256250000006,0.6610101875,0.8817023125000001
0.25,0.6875,0.9375,0.4220955625,0.6642184375,0.9453957500000001
0.25,0.6875,1.0,0.41469856250000003,0.6674266875,1.0090891875
0.25,0.75,0.0,0.5692595,0.6702272499999999,-0.010753249999999999
0.25,0.75,0.0625,0.5618625,0.6734355,0.052940187500000006
0.25,0.75,0.125,0.5544655000000001,0.67664375,0.11663362500000002
0.25,0.75,0.1875,0.5470685000000001,0.6798519999999999,0.18032706250000002
0.25,0.75,0.25,0.5396715000000001,0.6830602499999999,0.24402050000000003
0.25,0.75,0.3125,0.5322745,0.6862685,0.30771393750000003
0.25,0.75,0.375,0.5248775,0.68947675,0.37140737500000004
0.25,0.75,0.4375,0.5174805,0.692685,0.43510081250000004
0.25,0.75,0.5,0.5100835,0.6958932499999999,0.49879425000000005
0.25,0.75,0.5625,0.5026865,0.6991014999999999,0.5624876875
0.25,0.75,0.625,0.49528950000000005,0.70230975,0.626181125
0.25,0.75,0.6875,0.48789250000000006,0.705518,0.6898745625
0.25,0.75,0.75,0.4804955,0.70872625,0.753568
0.25,0.75,0.8125,0.47309850000000003,0.7119344999999999,0.8172614375
0.25,0.75,0.875,0.46570150000000005,0.7151427499999999,0.880954875
0.25,0.75,0.9375,0.4583045,0.718351,0.9446483125
0.25,0.75,1.0,0.4509075,0.72155925,1.00834175
0.25,0.8125,0.0,0.6054684375,0.7243598124999999,-0.011500687499999999
0.25,0.8125,0.0625,0.5980714375,0.7275680625,0.05219275000000001
0.25,0.8125,0.125,0.5906744375,0.7307763125,0.11588618750000002
0.25,0.8125,0.1875,0.5832774375,0.7339845624999999,0.17957962500000002
0.25,0.8125,0.25,0.5758804375000001,0.7371928124999999,0.24327306250000003
0.25,0.8125,0.3125,0.5684834375,0.7404010624999999,0.30696650000000003
0.25,0.8125,0.375,0.5610864375,0.7436093125,0.37065993750000004
0.25,0.8125,0.4375,0.5536894375,0.7468175625,0.43435337500000004
0.25,0.8125,0.5,0.5462924375,0.7500258124999999,0.49804681250000005
0.25,0.8125,0.5625,0.5388954375,0.7532340624999999,0.56174025
0.25,0.8125,0.625,0.5314984375,0.7564423124999999,0.6254336875000001
0.25,0.8125,0.6875,0.5241014375,0.7596505625,0.6891271250000001
0.25,0.8125,0.75,0.5167044375000001,0.7628588125,0.7528205625000001
0.25,0.8125,0.8125,0.5093074375,0.7660670624999999,0.8165140000000001
0.25,0.8125,0.875,0.5019104375,0.7692753124999999,0.8802074375000001
0.25,0.8125,0.9375,0.4945134375,0.7724835624999999,0.9439008750000001
0.25,0.8125,1.0,0.4871164375,0.7756918125,1.0075943125
0.25,0.875,0.0,0.6416773750000001,0.778492375,-0.012248124999999999
0.25,0.875,0.0625,0.6342803750000001,0.781700625,0.05144531250000001
0.25,0.875,0.125,0.6268833750000001,0.7849088750000001,0.11513875000000001
0.25,0.875,0.1875,0.6194863750000001,0.788117125,0.17883218750000002
0.25,0.875,0.25,0.6120893750000002,0.791325375,0.24252562500000002
0.25,0.875,0.3125,0.6046923750000001,0.794533625,0.3062190625
0.25,0.875,0.375,0.5972953750000001,0.797741875,0.36991250000000003
0.25,0.875,0.4375,0.5898983750000001,0.8009501250000001,0.43360593750000004
0.25,0.875,0.5,0.5825013750000001,0.804158375,0.49729937500000004
0.25,0.875,0.5625,0.5751043750000001,0.807366625,0.5609928125000001
0.25,0.875,0.625,0.5677073750000001,0.810574875,0.6246862500000001
0.25,0.875,0.6875,0.5603103750000001,0.813783125,0.6883796875000001
0.25,0.875,0.75,0.5529133750000002,0.816991375,0.7520731250000001
0.25,0.875,0.8125,0.545516375,0.820199625,0.8157665625000001
0.25,0.875,0.875,0.5381193750000001,0.823407875,0.8794600000000001
0.25,0.875,0.9375,0.5307223750000001,0.826616125,0.9431534375000001
0.25,0.875,1.0,0.5233253750000001,0.8298243750000001,1.0068468750000001
0.25,0.9375,0.0,0.6778863125000001,0.8326249375,-0.012995562499999998
0.25,0.9375,0.0625,0.6704893125000001,0.8358331875,0.050697875
0.25,0.9375,0.125,0.6630923125000001,0.8390414375,0.11439131250000001
0.25,0.9375,0.1875,0.6556953125000001,0.8422496875,0.17808475
0.25,0.9375,0.25,0.6482983125000001,0.8454579375,0.24177818750000002
0.25,0.9375,0.3125,0.6409013125,0.8486661875,0.305471625
0.25,0.9375,0.375,0.6335043125,0.8518744375,0.36916506250000003
0.25,0.9375,0.4375,0.6261073125000001,0.8550826875,0.43285850000000003
0.25,0.9375,0.5,0.6187103125000001,0.8582909375,0.49655193750000004
0.25,0.9375,0.5625,0.6113133125000001,0.8614991875,0.560245375
0.25,0.9375,0.625,0.6039163125000001,0.8647074375,0.6239388125
0.25,0.9375,0.6875,0.5965193125000001,0.8679156875,0.6876322500000001
0.25,0.9375,0.75,0.5891223125000001,0.8711239375,0.7513256875000001
0.25,0.9375,0.8125,0.5817253125000001,0.8743321875,0.8150191250000001
0.25,0.9375,0.875,0.5743283125,0.8775404375,0.8787125625000001
0.25,0.9375,0.9375,0.5669313125000001,0.8807486875,0.9424060000000001
0.25,0.9375,1.0,0.5595343125000001,0.8839569375,1.0060994375
0.25,1.0,0.0,0.7140952500000001,0.8867575,-0.013742999999999998
0.25,1.0,0.0625,0.7066982500000001,0.88996575,0.04995043750000001
0.25,1.0,0.125,0.6993012500000001,0.893174,0.113643875
0.25,1.0,0.1875,0.6919042500000001,0.8963822499999999,0.1773373125
0.25,1.0,0.25,0.6845072500000001,0.8995905,0.24103075000000002
0.25,1.0,0.3125,0.67711025,0.90279875,0.3047241875
0.25,1.0,0.375,0.66971325,0.906007,0.368417625
0.25,1.0,0.4375,0.66231625,0.90921525,0.43211106250000003
0.25,1.0,0.5,0.6549192500000001,0.9124234999999999,0.49580450000000004
0.25,1.0,0.5625,0.6475222500000001,0.91563175,0.5594979375000001
0.25,1.0,0.625,0.6401252500000001,0.91884,0.6231913750000001
0.25,1.0,0.6875,0.6327282500000001,0.92204825,0.6868848125000001
0.25,1.0,0.75,0.6253312500000001,0.9252564999999999,0.7505782500000001
0.25,1.0,0.8125,0.61793425,0.92846475,0.8142716875000001
0.25,1.0,0.875,0.61053725,0.931673,0.8779651250000001
0.25,1.0,0.9375,0.60314025,0.93488125,0.9416585625000001
0.25,1.0,1.0,0.5957432500000001,0.9380895,1.005352
0.3125,0.0,0.0,0.1684403125,0.025795625,-0.00223
0.3125,0.0,0.0625,0.1610433125,0.029003875,0.0614634375
0.3125,0.0,0.125,0.1536463125,0.032212125,0.125156875
0.3125,0.0,0.1875,0.1462493125,0.035420375000000004,0.1888503125
0.3125,0.0,0.25,0.1388523125,0.038628625,0.25254375
0.3125,0.0,0.3125,0.1314553125,0.041836874999999996,0.3162371875
0.3125,0.0,0.375,0.12405831249999999,0.045045125000000005,0.379930625
0.3125,0.0,0.4375,0.1166613125,0.048253375,0.4436240625
0.3125,0.0,0.5,0.10926431249999999,0.051461625,0.5073175000000001
0.3125,0.0,0.5625,0.1018673125,0.054669875,0.5710109375000001
0.3125,0.0,0.625,0.0944703125,0.057878125,0.6347043750000001
0.3125,0.0,0.6875,0.0870733125,0.061086375,0.6983978125000001
0.3125,0.0,0.75,0.0796763125,0.06429462500000001,0.7620912500000001
0.3125,0.0,0.8125,0.0722793125,0.067502875,0.8257846875000001
0.3125,0.0,0.875,0.0648823125,0.070711125,0.8894781250000001
0.3125,0.0,0.9375,0.057485312499999996,0.073919375,0.9531715625000001
0.3125,0.0,1.0,0.050088312499999996,0.077127625,1.0168650000000001
0.3125,0.0625,0.0,0.20464925,0.0799281875,-0.0029774375
0.3125,0.0625,0.0625,0.19725225000000002,0.0831364375,0.060716000000000006
0.3125,0.0625,0.125,0.18985525,0.0863446875,0.12440943750000001
0.3125,0.0625,0.1875,0.18245825000000002,0.0895529375,0.188102875
0.3125,0.0625,0.25,0.17506125,0.0927611875,0.2517963125
0.3125,0.0625,0.3125,0.16766425000000001,0.0959694375,0.31548975
0.3125,0.0625,0.375,0.16026725,0.0991776875,0.3791831875
0.3125,0.0625,0.4375,0.15287025,0.1023859375,0.442876625
0.3125,0.0625,0.5,0.14547325,0.10559418749999999,0.5065700625
0.3125,0.0625,0.5625,0.13807625,0.1088024375,0.5702635
0.3125,0.0625,0.625,0.13067925000000002,0.1120106875,0.6339569375
0.3125,0.0625,0.6875,0.12328225000000001,0.11521893750000001,0.697650375
0.3125,0.0625,0.75,0.11588525000000001,0.1184271875,0.7613438125
0.3125,0.0625,0.8125,0.10848825000000001,0.1216354375,0.82503725
0.3125,0.0625,0.875,0.10109125000000001,0.1248436875,0.8887306875000001
0.3125,0.0625,0.9375,0.09369425,0.1280519375,0.9524241250000001
0.3125,0.0625,1.0,0.08629725,0.13126018750000001,1.0161175625
0.3125,0.125,0.0,0.2408581875,0.13406075,-0.003724875
0.3125,0.125,0.0625,0.2334611875,0.137269,0.0599685625
0.3125,0.125,0.125,0.22606418749999999,0.14047725,0.12366200000000001
0.3125,0.125,0.1875,0.2186671875,0.14368550000000002,0.18735543750000003
0.3125,0.125,0.25,0.21127018749999998,0.14689375000000002,0.251048875
0.3125,0.125,0.3125,0.2038731875,0.150102,0.3147423125
0.3125,0.125,0.375,0.19647618749999998,0.15331025,0.37843575
0.3125,0.125,0.4375,0.1890791875,0.1565185,0.4421291875
0.3125,0.125,0.5,0.18168218749999998,0.15972675,0.5058226250000001
0.3125,0.125,0.5625,0.1742851875,0.162935,0.5695160625000001
0.3125,0.125,0.625,0.1668881875,0.16614325000000002,0.6332095000000001
0.3125,0.125,0.6875,0.1594911875,0.16935150000000002,0.6969029375000001
0.3125,0.125,0.75,0.15209418749999998,0.17255975,0.7605963750000001
0.3125,0.125,0.8125,0.1446971875,0.175768,0.8242898125000001
0.3125,0.125,0.875,0.1373001875,0.17897625,0.8879832500000001
0.3125,0.125,0.9375,0.1299031875,0.1821845,0.9516766875000001
0.3125,0.125,1.0,0.12250618749999999,0.18539275,1.015370125
0.3125,0.1875,0.0,0.27706712499999997,0.1881933125,-0.004472312500000001
0.3125,0.1875,0.0625,0.269670125,0.19140156249999998,0.059221125000000006
0.3125,0.1875,0.125,0.262273125,0.19460981249999998,0.1229145625
0.3125,0.1875,0.1875,0.25487612499999995,0.1978180625,0.18660800000000002
0.3125,0.1875,0.25,0.24747912499999997,0.2010263125,0.2503014375
0.3125,0.1875,0.3125,0.24008212499999998,0.2042345625,0.313994875
0.3125,0.1875,0.375,0.23268512499999996,0.2074428125,0.3776883125
0.3125,0.1875,0.4375,0.22528812499999998,0.21065106249999999,0.44138175
0.3125,0.1875,0.5,0.21789112499999996,0.21385931249999998,0.5050751875
0.3125,0.1875,0.5625,0.21049412499999998,0.21706756249999998,0.568768625
0.3125,0.1875,0.625,0.203097125,0.2202758125,0.6324620625
0.3125,0.1875,0.6875,0.19570012499999997,0.2234840625,0.6961555
0.3125,0.1875,0.75,0.18830312499999996,0.2266923125,0.7598489375
0.3125,0.1875,0.8125,0.18090612499999997,0.2299005625,0.823542375
0.3125,0.1875,0.875,0.173509125,0.23310881249999998,0.8872358125
0.3125,0.1875,0.9375,0.16611212499999997,0.23631706249999998,0.9509292500000001
0.3125,0.1875,1.0,0.15871512499999996,0.23952531249999998,1.0146226875000002
0.3125,0.25,0.0,0.3132760625,0.242325875,-0.00521975
0.3125,0.25,0.0625,0.3058790625,0.245534125,0.0584736875
0.3125,0.25,0.125,0.29848206250000003,0.248742375,0.12216712500000002
0.3125,0.25,0.1875,0.2910850625,0.251950625,0.18586056250000002
0.3125,0.25,0.25,0.2836880625,0.255158875,0.24955400000000003
0.3125,0.25,0.3125,0.2762910625,0.258367125,0.3132474375
0.3125,0.25,0.375,0.26889406250000003,0.261575375,0.376940875
0.3125,0.25,0.4375,0.2614970625,0.264783625,0.4406343125
0.3125,0.25,0.5,0.2541000625,0.267991875,0.5043277500000001
0.3125,0.25,0.5625,0.24670306250000001,0.271200125,0.5680211875000001
0.3125,0.25,0.625,0.23930606250000003,0.274408375,0.6317146250000001
0.3125,0.25,0.6875,0.2319090625,0.277616625,0.6954080625000001
0.3125,0.25,0.75,0.2245120625,0.280824875,0.7591015000000001
0.3125,0.25,0.8125,0.2171150625,0.284033125,0.8227949375000001
0.3125,0.25,0.875,0.20971806250000002,0.287241375,0.8864883750000001
0.3125,0.25,0.9375,0.2023210625,0.290449625,0.9501818125000001
0.3125,0.25,1.0,0.1949240625,0.293657875,1.0138752500000001
0.3125,0.3125,0.0,0.34948500000000005,0.2964584375,-0.0059671875
0.3125,0.3125,0.0625,0.34208800000000006,0.29966668750000003,0.05772625000000001
0.3125,0.3125,0.125,0.33469100000000007,0.3028749375,0.12141968750000001
0.3125,0.3125,0.1875,0.32729400000000003,0.3060831875,0.18511312500000002
0.3125,0.3125,0.25,0.31989700000000004,0.3092914375,0.24880656250000002
0.3125,0.3125,0.3125,0.31250000000000006,0.3124996875,0.3125
0.3125,0.3125,0.375,0.30510300000000007,0.31570793750000004,0.3761934375
0.3125,0.3125,0.4375,0.297706,0.3189161875,0.439886875
0.3125,0.3125,0.5,0.29030900000000004,0.3221244375,0.5035803125
0.3125,0.3125,0.5625,0.28291200000000005,0.3253326875,0.56727375
0.3125,0.3125,0.625,0.27551500000000007,0.3285409375,0.6309671875
0.3125,0.3125,0.6875,0.2681180000000001,0.3317491875,0.694660625
0.3125,0.3125,0.75,0.26072100000000004,0.3349574375,0.7583540625
0.3125,0.3125,0.8125,0.25332400000000005,0.3381656875,0.8220475
0.3125,0.3125,0.875,0.24592700000000006,0.3413739375,0.8857409375
0.3125,0.3125,0.9375,0.23853000000000005,0.3445821875,0.949434375
0.3125,0.3125,1.0,0.23113300000000003,0.3477904375,1.0131278125
0.3125,0.375,0.0,0.38569393750000003,0.350591,-0.006714625
0.3125,0.375,0.0625,0.37829693750000004,0.35379925,0.0569788125
0.3125,0.375,0.125,0.37089993750000005,0.3570075,0.12067225000000001
0.3125,0.375,0.1875,0.3635029375,0.36021575,0.18436568750000001
0.3125,0.375,0.25,0.3561059375,0.36342399999999997,0.24805912500000002
0.3125,0.375,0.3125,0.34870893750000004,0.36663225,0.31175256250000005
0.3125,0.375,0.375,0.34131193750000005,0.3698405,0.37544600000000006
0.3125,0.375,0.4375,0.3339149375,0.37304875,0.43913943750000006
0.3125,0.375,0.5,0.3265179375,0.376257,0.5028328750000001
0.3125,0.375,0.5625,0.31912093750000003,0.37946525,0.5665263125000001
0.3125,0.375,0.625,0.31172393750000005,0.3826735,0.6302197500000001
0.3125,0.375,0.6875,0.30432693750000006,0.38588174999999997,0.6939131875000001
0.3125,0.375,0.75,0.2969299375,0.38909,0.7576066250000001
0.3125,0.375,0.8125,0.28953293750000003,0.39229824999999996,0.8213000625000001
0.3125,0.375,0.875,0.28213593750000004,0.3955065,0.8849935000000001
0.3125,0.375,0.9375,0.2747389375,0.39871475,0.9486869375000001
0.3125,0.375,1.0,0.2673419375,0.401923,1.012380375
0.3125,0.4375,0.0,0.421902875,0.4047235625,-0.0074620625
0.3125,0.4375,0.0625,0.414505875,0.40793181250000005,0.05623137500000001
0.3125,0.4375,0.125,0.40710887500000004,0.4111400625,0.1199248125
0.3125,0.4375,0.1875,0.399711875,0.41434831250000004,0.18361825
0.3125,0.4375,0.25,0.392314875,0.4175565625,0.24731168750000002
0.3125,0.4375,0.3125,0.384917875,0.42076481250000003,0.31100512500000005
0.3125,0.4375,0.375,0.37752087500000003,0.4239730625,0.37469856250000005
0.3125,0.4375,0.4375,0.370123875,0.4271813125,0.43839200000000006
0.3125,0.4375,0.5,0.362726875,0.43038956250000004,0.5020854375
0.3125,0.4375,0.5625,0.355329875,0.4335978125,0.565778875
0.3125,0.4375,0.625,0.34793287500000003,0.43680606250000004,0.6294723125
0.3125,0.4375,0.6875,0.34053587500000004,0.4400143125,0.69316575
0.3125,0.4375,0.75,0.333138875,0.44322256250000003,0.7568591875
0.3125,0.4375,0.8125,0.325741875,0.44643081250000005,0.820552625
0.3125,0.4375,0.875,0.318344875,0.4496390625,0.8842460625
0.3125,0.4375,0.9375,0.310947875,0.45284731250000004,0.9479395
0.3125,0.4375,1.0,0.303550875,0.4560555625,1.0116329375000002
0.3125,0.5,0.0,0.4581118125,0.458856125,-0.0082095
0.3125,0.5,0.0625,0.4507148125,0.462064375,0.055483937500000004
0.3125,0.5,0.125,0.4433178125,0.465272625,0.11917737500000002
0.3125,0.5,0.1875,0.4359208125,0.468480875,0.1828708125
0.3125,0.5,0.25,0.4285238125,0.471689125,0.24656425
0.3125,0.5,0.3125,0.4211268125,0.474897375,0.31025768750000005
0.3125,0.5,0.375,0.4137298125,0.478105625,0.37395112500000005
0.3125,0.5,0.4375,0.4063328125,0.481313875,0.43764456250000006
0.3125,0.5,0.5,0.3989358125,0.484522125,0.5013380000000001
0.3125,0.5,0.5625,0.3915388125,0.487730375,0.5650314375000001
0.3125,0.5,0.625,0.3841418125,0.490938625,0.6287248750000001
0.3125,0.5,0.6875,0.3767448125,0.494146875,0.6924183125000001
0.3125,0.5,0.75,0.3693478125,0.497355125,0.7561117500000001
0.3125,0.5,0.8125,0.3619508125,0.500563375,0.8198051875000001
0.3125,0.5,0.875,0.3545538125,0.5037716250000001,0.8834986250000001
0.3125,0.5,0.9375,0.34715681249999997,0.506979875,0.9471920625000001
0.3125,0.5,1.0,0.3397598125,0.510188125,1.0108855
0.3125,0.5625,0.0,0.49432075,0.5129886875,-0.0089569375
0.3125,0.5625,0.0625,0.48692375,0.5161969375000001,0.05473650000000001
0.3125,0.5625,0.125,0.47952675,0.5194051875000001,0.11842993750000001
0.3125,0.5625,0.1875,0.47212974999999996,0.5226134375,0.182123375
0.3125,0.5625,0.25,0.46473275,0.5258216875,0.2458168125
0.3125,0.5625,0.3125,0.45733575,0.5290299375,0.30951025000000004
0.3125,0.5625,0.375,0.44993875,0.5322381875000001,0.37320368750000005
0.3125,0.5625,0.4375,0.44254174999999996,0.5354464375000001,0.43689712500000005
0.3125,0.5625,0.5,0.43514474999999997,0.5386546875,0.5005905625
0.3125,0.5625,0.5625,0.42774775,0.5418629375,0.564284
0.3125,0.5625,0.625,0.42035075,0.5450711875,0.6279774375
0.3125,0.5625,0.6875,0.41295375,0.5482794375000001,0.691670875
0.3125,0.5625,0.75,0.40555674999999997,0.5514876875000001,0.7553643125
0.3125,0.5625,0.8125,0.39815975,0.5546959375,0.81905775
0.3125,0.5625,0.875,0.39076275,0.5579041875,0.8827511875
0.3125,0.5625,0.9375,0.38336574999999995,0.5611124375000001,0.946444625
0.3125,0.5625,1.0,0.37596874999999996,0.5643206875000001,1.0101380625
0.3125,0.625,0.0,0.5305296875000001,0.56712125,-0.009704375
0.3125,0.625,0.0625,0.5231326875000001,0.5703295,0.053989062500000004
0.3125,0.625,0.125,0.5157356875000001,0.5735377500000001,0.11768250000000001
0.3125,0.625,0.1875,0.5083386875000001,0.576746,0.18137593750000003
0.3125,0.625,0.25,0.5009416875000001,0.57995425,0.24506937500000003
0.3125,0.625,0.3125,0.4935446875000001,0.5831625,0.30876281250000004
0.3125,0.625,0.375,0.4861476875000001,0.58637075,0.37245625000000004
0.3125,0.625,0.4375,0.47875068750000005,0.5895790000000001,0.43614968750000005
0.3125,0.625,0.5,0.47135368750000006,0.59278725,0.49984312500000005
0.3125,0.625,0.5625,0.4639566875000001,0.5959955,0.5635365625000001
0.3125,0.625,0.625,0.4565596875000001,0.59920375,0.6272300000000001
0.3125,0.625,0.6875,0.4491626875000001,0.6024120000000001,0.6909234375000001
0.3125,0.625,0.75,0.44176568750000006,0.6056202500000001,0.7546168750000001
0.3125,0.625,0.8125,0.4343686875000001,0.6088285,0.8183103125000001
0.3125,0.625,0.875,0.4269716875000001,0.61203675,0.8820037500000001
0.3125,0.625,0.9375,0.41957468750000004,0.615245,0.9456971875000001
0.3125,0.625,1.0,0.41217768750000006,0.6184532500000001,1.009390625
0.3125,0.6875,0.0,0.566738625,0.6212538125,-0.010451812500000001
0.3125,0.6875,0.0625,0.5593416250000001,0.6244620625,0.053241625
0.3125,0.6875,0.125,0.5519446250000001,0.6276703125,0.1169350625
0.3125,0.6875,0.1875,0.5445476250000001,0.6308785625,0.18062850000000003
0.3125,0.6875,0.25,0.5371506250000001,0.6340868125,0.24432193750000003
0.3125,0.6875,0.3125,0.529753625,0.6372950625,0.30801537500000004
0.3125,0.6875,0.375,0.522356625,0.6405033125,0.37170881250000004
0.3125,0.6875,0.4375,0.514959625,0.6437115625000001,0.43540225000000005
0.3125,0.6875,0.5,0.507562625,0.6469198125,0.49909568750000005
0.3125,0.6875,0.5625,0.5001656250000001,0.6501280625,0.562789125
0.3125,0.6875,0.625,0.49276862500000007,0.6533363125,0.6264825625
0.3125,0.6875,0.6875,0.4853716250000001,0.6565445625,0.690176
0.3125,0.6875,0.75,0.47797462500000004,0.6597528125000001,0.7538694375
0.3125,0.6875,0.8125,0.47057762500000005,0.6629610625,0.817562875
0.3125,0.6875,0.875,0.46318062500000007,0.6661693125,0.8812563125
0.3125,0.6875,0.9375,0.455783625,0.6693775625,0.94494975
0.3125,0.6875,1.0,0.44838662500000004,0.6725858125,1.0086431875000001
0.3125,0.75,0.0,0.6029475625,0.675386375,-0.011199250000000001
0.3125,0.75,0.0625,0.5955505625,0.678594625,0.052494187500000004
0.3125,0.75,0.125,0.5881535625000001,0.681802875,0.11618762500000002
0.3125,0.75,0.1875,0.5807565625000001,0.6850111249999999,0.17988106250000002
0.3125,0.75,0.25,0.5733595625000001,0.688219375,0.24357450000000003
0.3125,0.75,0.3125,0.5659625625,0.691427625,0.30726793750000003
0.3125,0.75,0.375,0.5585655625,0.694635875,0.37096137500000004
0.3125,0.75,0.4375,0.5511685625,0.697844125,0.43465481250000004
0.3125,0.75,0.5,0.5437715625,0.701052375,0.49834825000000005
0.3125,0.75,0.5625,0.5363745625,0.704260625,0.5620416875
0.3125,0.75,0.625,0.5289775625,0.707468875,0.6257351250000001
0.3125,0.75,0.6875,0.5215805625000001,0.710677125,0.6894285625000001
0.3125,0.75,0.75,0.5141835625000001,0.713885375,0.7531220000000001
0.3125,0.75,0.8125,0.5067865625000001,0.717093625,0.8168154375000001
0.3125,0.75,0.875,0.49938956250000005,0.720301875,0.8805088750000001
0.3125,0.75,0.9375,0.4919925625,0.723510125,0.9442023125000001
0.3125,0.75,1.0,0.4845955625,0.726718375,1.00789575
0.3125,0.8125,0.0,0.6391565,0.7295189375,-0.0119466875
0.3125,0.8125,0.0625,0.6317595,0.7327271875,0.05174675000000001
0.3125,0.8125,0.125,0.6243625,0.7359354375,0.11544018750000001
0.3125,0.8125,0.1875,0.6169655000000001,0.7391436874999999,0.17913362500000002
0.3125,0.8125,0.25,0.6095685000000001,0.7423519375,0.24282706250000002
0.3125,0.8125,0.3125,0.6021715,0.7455601875,0.30652050000000003
0.3125,0.8125,0.375,0.5947745,0.7487684375,0.37021393750000003
0.3125,0.8125,0.4375,0.5873775,0.7519766875,0.43390737500000004
0.3125,0.8125,0.5,0.5799805,0.7551849374999999,0.49760081250000004
0.3125,0.8125,0.5625,0.5725835,0.7583931875,0.56129425
0.3125,0.8125,0.625,0.5651865,0.7616014375,0.6249876875
0.3125,0.8125,0.6875,0.5577895,0.7648096875,0.688681125
0.3125,0.8125,0.75,0.5503925000000001,0.7680179375,0.7523745625
0.3125,0.8125,0.8125,0.5429955,0.7712261874999999,0.816068
0.3125,0.8125,0.875,0.5355985,0.7744344375,0.8797614375
0.3125,0.8125,0.9375,0.5282015,0.7776426875,0.943454875
0.3125,0.8125,1.0,0.5208045,0.7808509375,1.0071483125
0.3125,0.875,0.0,0.6753654375000001,0.7836515000000001,-0.012694125
0.3125,0.875,0.0625,0.6679684375000001,0.7868597500000001,0.050999312500000005
0.3125,0.875,0.125,0.6605714375000001,0.7900680000000001,0.11469275000000001
0.3125,0.875,0.1875,0.6531744375000001,0.79327625,0.17838618750000002
0.3125,0.875,0.25,0.6457774375000002,0.7964845,0.24207962500000002
0.3125,0.875,0.3125,0.6383804375000001,0.7996927500000001,0.3057730625
0.3125,0.875,0.375,0.6309834375000001,0.8029010000000001,0.36946650000000003
0.3125,0.875,0.4375,0.6235864375000001,0.8061092500000001,0.43315993750000004
0.3125,0.875,0.5,0.6161894375000001,0.8093175,0.49685337500000004
0.3125,0.875,0.5625,0.6087924375000001,0.81252575,0.5605468125
0.3125,0.875,0.625,0.6013954375000001,0.8157340000000001,0.62424025
0.3125,0.875,0.6875,0.5939984375000001,0.8189422500000001,0.6879336875000001
0.3125,0.875,0.75,0.5866014375000002,0.8221505,0.7516271250000001
0.3125,0.875,0.8125,0.5792044375000001,0.82535875,0.8153205625000001
0.3125,0.875,0.875,0.5718074375000001,0.828567,0.8790140000000001
0.3125,0.875,0.9375,0.5644104375000001,0.8317752500000001,0.9427074375000001
0.3125,0.875,1.0,0.5570134375000001,0.8349835000000001,1.0064008750000002
0.3125,0.9375,0.0,0.7115743750000001,0.8377840625,-0.0134415625
0.3125,0.9375,0.0625,0.7041773750000001,0.8409923125000001,0.050251875
0.3125,0.9375,0.125,0.6967803750000001,0.8442005625000001,0.1139453125
0.3125,0.9375,0.1875,0.6893833750000001,0.8474088125,0.17763875
0.3125,0.9375,0.25,0.6819863750000001,0.8506170625,0.24133218750000002
0.3125,0.9375,0.3125,0.674589375,0.8538253125,0.305025625
0.3125,0.9375,0.375,0.6671923750000001,0.8570335625000001,0.3687190625
0.3125,0.9375,0.4375,0.6597953750000001,0.8602418125000001,0.43241250000000003
0.3125,0.9375,0.5,0.6523983750000001,0.8634500625,0.49610593750000004
0.3125,0.9375,0.5625,0.6450013750000001,0.8666583125,0.5597993750000001
0.3125,0.9375,0.625,0.6376043750000001,0.8698665625,0.6234928125000001
0.3125,0.9375,0.6875,0.6302073750000001,0.8730748125000001,0.6871862500000001
0.3125,0.9375,0.75,0.6228103750000001,0.8762830625,0.7508796875000001
0.3125,0.9375,0.8125,0.6154133750000002,0.8794913125,0.8145731250000001
0.3125,0.9375,0.875,0.608016375,0.8826995625,0.8782665625000001
0.3125,0.9375,0.9375,0.6006193750000001,0.8859078125000001,0.9419600000000001
0.3125,0.9375,1.0,0.5932223750000001,0.8891160625000001,1.0056534375000001
0.3125,1.0,0.0,0.7477833125000001,0.891916625,-0.014189
0.3125,1.0,0.0625,0.7403863125000001,0.895124875,0.049504437500000005
0.3125,1.0,0.125,0.7329893125000001,0.8983331250000001,0.113197875
0.3125,1.0,0.1875,0.7255923125000001,0.901541375,0.1768913125
0.3125,1.0,0.25,0.7181953125000001,0.904749625,0.24058475
0.3125,1.0,0.3125,0.7107983125,0.907957875,0.3042781875
0.3125,1.0,0.375,0.7034013125,0.911166125,0.367971625
0.3125,1.0,0.4375,0.6960043125,0.9143743750000001,0.43166506250000003
0.3125,1.0,0.5,0.6886073125000001,0.917582625,0.49535850000000003
0.3125,1.0,0.5625,0.6812103125000001,0.920790875,0.5590519375
0.3125,1.0,0.625,0.6738133125000001,0.923999125,0.622745375
0.3125,1.0,0.6875,0.6664163125000001,0.9272073750000001,0.6864388125
0.3125,1.0,0.75,0.6590193125000001,0.930415625,0.7501322500000001
0.3125,1.0,0.8125,0.6516223125,0.933623875,0.8138256875000001
0.3125,1.0,0.875,0.6442253125,0.936832125,0.8775191250000001
0.3125,1.0,0.9375,0.6368283125,0.940040375,0.9412125625000001
0.3125,1.0,1.0,0.6294313125000001,0.9432486250000001,1.004906
0.375,0.0,0.0,0.20212837499999997,0.030954749999999996,-0.002676
0.375,0.0,0.0625,0.19473137499999998,0.034163,0.06101743750000001
0.375,0.0,0.125,0.18733437499999997,0.037371249999999995,0.12471087500000001
0.375,0.0,0.1875,0.17993737499999998,0.0405795,0.1884043125
0.375,0.0,0.25,0.17254037499999997,0.04378775,0.25209775
0.375,0.0,0.3125,0.16514337499999998,0.046995999999999996,0.3157911875
0.375,0.0,0.375,0.15774637499999997,0.05020425,0.379484625
0.375,0.0,0.4375,0.15034937499999998,0.0534125,0.4431780625
0.375,0.0,0.5,0.14295237499999996,0.05662075,0.5068715
0.375,0.0,0.5625,0.13555537499999998,0.05982899999999999,0.5705649375
0.375,0.0,0.625,0.128158375,0.06303724999999999,0.634258375
0.375,0.0,0.6875,0.12076137499999998,0.0662455,0.6979518125
0.375,0.0,0.75,0.11336437499999998,0.06945375000000001,0.76164525
0.375,0.0,0.8125,0.10596737499999997,0.072662,0.8253386875000001
0.375,0.0,0.875,0.09857037499999997,0.07587025,0.8890321250000001
0.375,0.0,0.9375,0.09117337499999997,0.0790785,0.9527255625000001
0.375,0.0,1.0,0.08377637499999997,0.08228674999999999,1.0164190000000002
0.375,0.0625,0.0,0.23833731249999998,0.0850873125,-0.0034234375
0.375,0.0625,0.0625,0.2309403125,0.0882955625,0.060270000000000004
0.375,0.0625,0.125,0.22354331249999998,0.0915038125,0.12396343750000001
0.375,0.0625,0.1875,0.2161463125,0.0947120625,0.18765687500000003
0.375,0.0625,0.25,0.20874931249999998,0.0979203125,0.2513503125
0.375,0.0625,0.3125,0.2013523125,0.10112856249999999,0.31504375
0.375,0.0625,0.375,0.19395531249999998,0.1043368125,0.3787371875
0.375,0.0625,0.4375,0.1865583125,0.1075450625,0.442430625
0.375,0.0625,0.5,0.17916131249999998,0.1107533125,0.5061240625000001
0.375,0.0625,0.5625,0.1717643125,0.1139615625,0.5698175000000001
0.375,0.0625,0.625,0.16436731249999997,0.1171698125,0.6335109375000001
0.375,0.0625,0.6875,0.1569703125,0.1203780625,0.6972043750000001
0.375,0.0625,0.75,0.1495733125,0.1235863125,0.7608978125000001
0.375,0.0625,0.8125,0.14217631249999998,0.12679456249999999,0.8245912500000001
0.375,0.0625,0.875,0.13477931249999997,0.1300028125,0.8882846875000001
0.375,0.0625,0.9375,0.12738231249999998,0.1332110625,0.9519781250000001
0.375,0.0625,1.0,0.11998531249999998,0.1364193125,1.0156715625000001
0.375,0.125,0.0,0.27454625,0.139219875,-0.004170875
0.375,0.125,0.0625,0.26714925,0.142428125,0.05952256250000001
0.375,0.125,0.125,0.25975225,0.14563637499999998,0.123216
0.375,0.125,0.1875,0.25235525,0.148844625,0.18690943750000003
0.375,0.125,0.25,0.24495825,0.152052875,0.250602875
0.375,0.125,0.3125,0.23756125,0.155261125,0.3142963125
0.375,0.125,0.375,0.23016425,0.158469375,0.37798975
0.375,0.125,0.4375,0.22276725,0.161677625,0.4416831875
0.375,0.125,0.5,0.21537024999999999,0.164885875,0.505376625
0.375,0.125,0.5625,0.20797325,0.16809412499999998,0.5690700625
0.375,0.125,0.625,0.20057625,0.171302375,0.6327635
0.375,0.125,0.6875,0.19317925,0.174510625,0.6964569375
0.375,0.125,0.75,0.18578224999999998,0.177718875,0.760150375
0.375,0.125,0.8125,0.17838525,0.180927125,0.8238438125
0.375,0.125,0.875,0.17098825,0.184135375,0.88753725
0.375,0.125,0.9375,0.16359125,0.18734362499999999,0.9512306875000001
0.375,0.125,1.0,0.15619424999999998,0.19055187499999998,1.014924125
0.375,0.1875,0.0,0.3107551875,0.1933524375,-0.0049183125
0.375,0.1875,0.0625,0.3033581875,0.1965606875,0.058775125000000004
0.375,0.1875,0.125,0.2959611875,0.1997689375,0.12246856250000002
0.375,0.1875,0.1875,0.28856418749999996,0.2029771875,0.18616200000000002
0.375,0.1875,0.25,0.28116718749999997,0.2061854375,0.24985543750000003
0.375,0.1875,0.3125,0.2737701875,0.2093936875,0.313548875
0.375,0.1875,0.375,0.2663731875,0.2126019375,0.3772423125
0.375,0.1875,0.4375,0.25897618749999995,0.2158101875,0.44093575
0.375,0.1875,0.5,0.25157918749999997,0.2190184375,0.5046291875000001
0.375,0.1875,0.5625,0.24418218749999998,0.2222266875,0.5683226250000001
0.375,0.1875,0.625,0.2367851875,0.2254349375,0.6320160625000001
0.375,0.1875,0.6875,0.22938818749999998,0.2286431875,0.6957095000000001
0.375,0.1875,0.75,0.22199118749999996,0.2318514375,0.7594029375000001
0.375,0.1875,0.8125,0.21459418749999998,0.2350596875,0.8230963750000001
0.375,0.1875,0.875,0.2071971875,0.2382679375,0.8867898125000001
0.375,0.1875,0.9375,0.19980018749999998,0.2414761875,0.9504832500000001
0.375,0.1875,1.0,0.19240318749999996,0.24468443750000002,1.0141766875
0.375,0.25,0.0,0.34696412499999996,0.247485,-0.00566575
0.375,0.25,0.0625,0.33956712499999997,0.25069325000000003,0.05802768750000001
0.375,0.25,0.125,0.332170125,0.2539015,0.12172112500000001
0.375,0.25,0.1875,0.32477312499999994,0.25710975,0.18541456250000002
0.375,0.25,0.25,0.31737612499999995,0.260318,0.24910800000000002
0.375,0.25,0.3125,0.30997912499999997,0.26352625,0.3128014375
0.375,0.25,0.375,0.302582125,0.2667345,0.376494875
0.375,0.25,0.4375,0.29518512499999994,0.26994275,0.4401883125
0.375,0.25,0.5,0.28778812499999995,0.27315100000000003,0.50388175
0.375,0.25,0.5625,0.28039112499999996,0.27635925,0.5675751875
0.375,0.25,0.625,0.272994125,0.2795675,0.631268625
0.375,0.25,0.6875,0.265597125,0.28277575,0.6949620625
0.375,0.25,0.75,0.25820012499999995,0.285984,0.7586555
0.375,0.25,0.8125,0.25080312499999996,0.28919225000000004,0.8223489375
0.375,0.25,0.875,0.24340612499999997,0.2924005,0.886042375
0.375,0.25,0.9375,0.23600912499999996,0.29560875000000003,0.9497358125
0.375,0.25,1.0,0.22861212499999994,0.298817,1.0134292500000002
0.375,0.3125,0.0,0.3831730625,0.3016175625,-0.0064131875
0.375,0.3125,0.0625,0.3757760625,0.3048258125,0.057280250000000005
0.375,0.3125,0.125,0.3683790625,0.3080340625,0.12097368750000001
0.375,0.3125,0.1875,0.3609820625,0.3112423125,0.18466712500000002
0.375,0.3125,0.25,0.3535850625,0.3144505625,0.24836056250000002
0.375,0.3125,0.3125,0.3461880625,0.3176588125,0.31205400000000005
0.375,0.3125,0.375,0.3387910625,0.32086706249999997,0.37574743750000006
0.375,0.3125,0.4375,0.3313940625,0.3240753125,0.43944087500000006
0.375,0.3125,0.5,0.3239970625,0.3272835625,0.5031343125000001
0.375,0.3125,0.5625,0.3166000625,0.3304918125,0.5668277500000001
0.375,0.3125,0.625,0.3092030625,0.3337000625,0.6305211875000001
0.375,0.3125,0.6875,0.30180606249999997,0.3369083125,0.6942146250000001
0.375,0.3125,0.75,0.2944090625,0.3401165625,0.7579080625000001
0.375,0.3125,0.8125,0.2870120625,0.3433248125,0.8216015000000001
0.375,0.3125,0.875,0.2796150625,0.3465330625,0.8852949375000001
0.375,0.3125,0.9375,0.2722180625,0.3497413125,0.9489883750000001
0.375,0.3125,1.0,0.2648210625,0.3529495625,1.0126818125000001
0.375,0.375,0.0,0.419382,0.355750125,-0.007160625
0.375,0.375,0.0625,0.411985,0.358958375,0.0565328125
0.375,0.375,0.125,0.404588,0.36216662499999996,0.12022625
0.375,0.375,0.1875,0.39719099999999996,0.365374875,0.1839196875
0.375,0.375,0.25,0.389794,0.36858312499999996,0.24761312500000002
0.375,0.375,0.3125,0.382397,0.371791375,0.31130656250000005
0.375,0.375,0.375,0.375,0.37499962499999995,0.37500000000000006
0.375,0.375,0.4375,0.36760299999999996,0.37820787499999997,0.43869343750000006
0.375,0.375,0.5,0.36020599999999997,0.381416125,0.502386875
0.375,0.375,0.5625,0.352809,0.38462437499999996,0.5660803125
0.375,0.375,0.625,0.345412,0.387832625,0.62977375
0.375,0.375,0.6875,0.33801499999999995,0.39104087499999995,0.6934671875
0.375,0.375,0.75,0.33061799999999997,0.394249125,0.757160625
0.375,0.375,0.8125,0.323221,0.397457375,0.8208540625
0.375,0.375,0.875,0.315824,0.40066562499999997,0.8845475
0.375,0.375,0.9375,0.308427,0.403873875,0.9482409375
0.375,0.375,1.0,0.30102999999999996,0.40708212499999996,1.011934375
0.375,0.4375,0.0,0.4555909375,0.4098826875,-0.0079080625
0.375,0.4375,0.0625,0.44819393750000003,0.41309093750000003,0.055785375000000005
0.375,0.4375,0.125,0.44079693750000004,0.4162991875,0.1194788125
0.375,0.4375,0.1875,0.4333999375,0.4195074375,0.18317225
0.375,0.4375,0.25,0.4260029375,0.4227156875,0.24686568750000001
0.375,0.4375,0.3125,0.4186059375,0.4259239375,0.31055912500000005
0.375,0.4375,0.375,0.41120893750000004,0.42913218750000004,0.37425256250000005
0.375,0.4375,0.4375,0.4038119375,0.4323404375,0.43794600000000006
0.375,0.4375,0.5,0.3964149375,0.43554868750000003,0.5016394375000001
0.375,0.4375,0.5625,0.3890179375,0.4387569375,0.5653328750000001
0.375,0.4375,0.625,0.38162093750000003,0.4419651875,0.6290263125000001
0.375,0.4375,0.6875,0.37422393750000005,0.4451734375,0.6927197500000001
0.375,0.4375,0.75,0.3668269375,0.4483816875,0.7564131875000001
0.375,0.4375,0.8125,0.3594299375,0.4515899375,0.8201066250000001
0.375,0.4375,0.875,0.35203293750000003,0.4547981875,0.8838000625000001
0.375,0.4375,0.9375,0.3446359375,0.45800643750000003,0.9474935000000001
0.375,0.4375,1.0,0.3372389375,0.4612146875,1.0111869375
0.375,0.5,0.0,0.491799875,0.46401525,-0.0086555
0.375,0.5,0.0625,0.484402875,0.4672235,0.05503793750000001
0.375,0.5,0.125,0.477005875,0.47043175,0.11873137500000001
0.375,0.5,0.1875,0.469608875,0.47364,0.1824248125
0.375,0.5,0.25,0.462211875,0.47684825,0.24611825
0.375,0.5,0.3125,0.454814875,0.4800565,0.30981168750000004
0.375,0.5,0.375,0.447417875,0.48326475,0.37350512500000005
0.375,0.5,0.4375,0.440020875,0.486473,0.43719856250000005
0.375,0.5,0.5,0.432623875,0.48968125,0.500892
0.375,0.5,0.5625,0.425226875,0.4928895,0.5645854375
0.375,0.5,0.625,0.417829875,0.49609775,0.628278875
0.375,0.5,0.6875,0.41043287500000003,0.49930599999999997,0.6919723125
0.375,0.5,0.75,0.403035875,0.5025142499999999,0.75566575
0.375,0.5,0.8125,0.395638875,0.5057225,0.8193591875
0.375,0.5,0.875,0.388241875,0.50893075,0.883052625
0.375,0.5,0.9375,0.38084487499999997,0.512139,0.9467460625
0.375,0.5,1.0,0.373447875,0.51534725,1.0104395000000002
0.375,0.5625,0.0,0.5280088125,0.5181478125,-0.0094029375
0.375,0.5625,0.0625,0.5206118125,0.5213560625,0.054290500000000005
0.375,0.5625,0.125,0.5132148125,0.5245643125,0.11798393750000001
0.375,0.5625,0.1875,0.5058178125,0.5277725624999999,0.18167737500000003
0.375,0.5625,0.25,0.4984208125,0.5309808125,0.24537081250000004
0.375,0.5625,0.3125,0.4910238125,0.5341890625,0.30906425000000004
0.375,0.5625,0.375,0.4836268125,0.5373973125,0.37275768750000005
0.375,0.5625,0.4375,0.47622981249999996,0.5406055625,0.43645112500000005
0.375,0.5625,0.5,0.4688328125,0.5438138124999999,0.5001445625000001
0.375,0.5625,0.5625,0.4614358125,0.5470220625,0.5638380000000001
0.375,0.5625,0.625,0.4540388125,0.5502303125,0.6275314375000001
0.375,0.5625,0.6875,0.4466418125,0.5534385625,0.6912248750000001
0.375,0.5625,0.75,0.43924481249999997,0.5566468124999999,0.7549183125000001
0.375,0.5625,0.8125,0.4318478125,0.5598550625,0.8186117500000001
0.375,0.5625,0.875,0.4244508125,0.5630633125,0.8823051875000001
0.375,0.5625,0.9375,0.41705381249999995,0.5662715625,0.9459986250000001
0.375,0.5625,1.0,0.40965681249999997,0.5694798125,1.0096920625
0.375,0.625,0.0,0.5642177500000001,0.5722803750000001,-0.010150375
0.375,0.625,0.0625,0.5568207500000001,0.5754886250000001,0.0535430625
0.375,0.625,0.125,0.5494237500000001,0.5786968750000001,0.11723650000000001
0.375,0.625,0.1875,0.5420267500000001,0.581905125,0.18092993750000003
0.375,0.625,0.25,0.5346297500000001,0.585113375,0.24462337500000003
0.375,0.625,0.3125,0.52723275,0.5883216250000001,0.30831681250000004
0.375,0.625,0.375,0.51983575,0.5915298750000001,0.37201025000000004
0.375,0.625,0.4375,0.51243875,0.5947381250000001,0.43570368750000005
0.375,0.625,0.5,0.5050417500000001,0.597946375,0.49939712500000005
0.375,0.625,0.5625,0.4976447500000001,0.601154625,0.5630905625
0.375,0.625,0.625,0.4902477500000001,0.6043628750000001,0.626784
0.375,0.625,0.6875,0.4828507500000001,0.6075711250000001,0.6904774375
0.375,0.625,0.75,0.47545375000000006,0.6107793750000001,0.754170875
0.375,0.625,0.8125,0.4680567500000001,0.613987625,0.8178643125
0.375,0.625,0.875,0.4606597500000001,0.6171958750000001,0.88155775
0.375,0.625,0.9375,0.45326275000000005,0.6204041250000001,0.9452511875
0.375,0.625,1.0,0.44586575000000006,0.6236123750000001,1.008944625
0.375,0.6875,0.0,0.6004266875,0.6264129375,-0.0108978125
0.375,0.6875,0.0625,0.5930296875,0.6296211875000001,0.052795625000000006
0.375,0.6875,0.125,0.5856326875,0.6328294375000001,0.11648906250000002
0.375,0.6875,0.1875,0.5782356875,0.6360376875,0.18018250000000002
0.375,0.6875,0.25,0.5708386875,0.6392459375,0.24387593750000003
0.375,0.6875,0.3125,0.5634416874999999,0.6424541875,0.30756937500000003
0.375,0.6875,0.375,0.5560446874999999,0.6456624375000001,0.37126281250000004
0.375,0.6875,0.4375,0.5486476874999999,0.6488706875000001,0.43495625000000004
0.375,0.6875,0.5,0.5412506874999999,0.6520789375,0.49864968750000005
0.375,0.6875,0.5625,0.5338536875,0.6552871875,0.562343125
0.375,0.6875,0.625,0.5264566875,0.6584954375000001,0.6260365625000001
0.375,0.6875,0.6875,0.5190596875,0.6617036875000001,0.6897300000000001
0.375,0.6875,0.75,0.5116626875,0.6649119375000001,0.7534234375000001
0.375,0.6875,0.8125,0.5042656875,0.6681201875,0.8171168750000001
0.375,0.6875,0.875,0.49686868749999996,0.6713284375,0.8808103125000001
0.375,0.6875,0.9375,0.4894716874999999,0.6745366875000001,0.9445037500000001
0.375,0.6875,1.0,0.48207468749999993,0.6777449375000001,1.0081971875
0.375,0.75,0.0,0.636635625,0.6805455,-0.01164525
0.375,0.75,0.0625,0.629238625,0.68375375,0.05204818750000001
0.375,0.75,0.125,0.6218416250000001,0.6869620000000001,0.11574162500000001
0.375,0.75,0.1875,0.6144446250000001,0.69017025,0.17943506250000002
0.375,0.75,0.25,0.6070476250000001,0.6933785,0.24312850000000003
0.375,0.75,0.3125,0.599650625,0.69658675,0.30682193750000003
0.375,0.75,0.375,0.592253625,0.6997950000000001,0.37051537500000004
0.375,0.75,0.4375,0.584856625,0.7030032500000001,0.43420881250000004
0.375,0.75,0.5,0.577459625,0.7062115,0.49790225000000005
0.375,0.75,0.5625,0.570062625,0.70941975,0.5615956875
0.375,0.75,0.625,0.5626656250000001,0.712628,0.625289125
0.375,0.75,0.6875,0.5552686250000001,0.7158362500000001,0.6889825625
0.375,0.75,0.75,0.5478716250000001,0.7190445000000001,0.752676
0.375,0.75,0.8125,0.5404746250000001,0.72225275,0.8163694375
0.375,0.75,0.875,0.533077625,0.725461,0.880062875
0.375,0.75,0.9375,0.525680625,0.72866925,0.9437563125
0.375,0.75,1.0,0.518283625,0.7318775000000001,1.0074497500000001
0.375,0.8125,0.0,0.6728445625,0.7346780625,-0.0123926875
0.375,0.8125,0.0625,0.6654475625,0.7378863125,0.051300750000000006
0.375,0.8125,0.125,0.6580505625,0.7410945625,0.11499418750000001
0.375,0.8125,0.1875,0.6506535625000001,0.7443028125,0.17868762500000002
0.375,0.8125,0.25,0.6432565625000001,0.7475110625,0.24238106250000002
0.375,0.8125,0.3125,0.6358595625,0.7507193125,0.3060745
0.375,0.8125,0.375,0.6284625625,0.7539275625,0.36976793750000003
0.375,0.8125,0.4375,0.6210655625,0.7571358125000001,0.43346137500000004
0.375,0.8125,0.5,0.6136685625,0.7603440625,0.49715481250000004
0.375,0.8125,0.5625,0.6062715625,0.7635523125,0.56084825
0.375,0.8125,0.625,0.5988745625,0.7667605625,0.6245416875
0.375,0.8125,0.6875,0.5914775625,0.7699688125,0.6882351250000001
0.375,0.8125,0.75,0.5840805625000001,0.7731770625000001,0.7519285625000001
0.375,0.8125,0.8125,0.5766835625,0.7763853125,0.8156220000000001
0.375,0.8125,0.875,0.5692865625,0.7795935625,0.8793154375000001
0.375,0.8125,0.9375,0.5618895625,0.7828018125,0.9430088750000001
0.375,0.8125,1.0,0.5544925625,0.7860100625,1.0067023125
0.375,0.875,0.0,0.7090535,0.7888106250000001,-0.013140124999999999
0.375,0.875,0.0625,0.7016565,0.7920188750000001,0.0505533125
0.375,0.875,0.125,0.6942595,0.7952271250000001,0.11424675000000001
0.375,0.875,0.1875,0.6868625,0.7984353750000001,0.1779401875
0.375,0.875,0.25,0.6794655000000001,0.8016436250000001,0.24163362500000002
0.375,0.875,0.3125,0.6720685,0.8048518750000001,0.3053270625
0.375,0.875,0.375,0.6646715,0.8080601250000001,0.36902050000000003
0.375,0.875,0.4375,0.6572745,0.8112683750000002,0.43271393750000003
0.375,0.875,0.5,0.6498775,0.8144766250000001,0.49640737500000004
0.375,0.875,0.5625,0.6424805,0.8176848750000001,0.5601008125000001
0.375,0.875,0.625,0.6350835,0.8208931250000001,0.6237942500000001
0.375,0.875,0.6875,0.6276865,0.8241013750000001,0.6874876875000001
0.375,0.875,0.75,0.6202895,0.827309625,0.7511811250000001
0.375,0.875,0.8125,0.6128925000000001,0.8305178750000001,0.8148745625000001
0.375,0.875,0.875,0.6054955,0.8337261250000001,0.8785680000000001
0.375,0.875,0.9375,0.5980985,0.8369343750000001,0.9422614375000001
0.375,0.875,1.0,0.5907015,0.8401426250000001,1.005954875
0.375,0.9375,0.0,0.7452624375000001,0.8429431875000001,-0.013887562499999999
0.375,0.9375,0.0625,0.7378654375000001,0.8461514375000001,0.049805875000000006
0.375,0.9375,0.125,0.7304684375000001,0.8493596875000001,0.1134993125
0.375,0.9375,0.1875,0.7230714375000001,0.8525679375,0.17719275
0.375,0.9375,0.25,0.7156744375000001,0.8557761875000001,0.24088618750000002
0.375,0.9375,0.3125,0.7082774375,0.8589844375000001,0.304579625
0.375,0.9375,0.375,0.7008804375000001,0.8621926875000001,0.3682730625
0.375,0.9375,0.4375,0.6934834375000001,0.8654009375000001,0.43196650000000003
0.375,0.9375,0.5,0.6860864375000001,0.8686091875,0.49565993750000004
0.375,0.9375,0.5625,0.6786894375000001,0.8718174375000001,0.559353375
0.375,0.9375,0.625,0.6712924375000001,0.8750256875000001,0.6230468125
0.375,0.9375,0.6875,0.6638954375000001,0.8782339375000001,0.68674025
0.375,0.9375,0.75,0.6564984375000001,0.8814421875,0.7504336875000001
0.375,0.9375,0.8125,0.6491014375000002,0.8846504375,0.8141271250000001
0.375,0.9375,0.875,0.6417044375000001,0.8878586875000001,0.8778205625000001
0.375,0.9375,0.9375,0.6343074375000001,0.8910669375000001,0.9415140000000001
0.375,0.9375,1.0,0.6269104375000001,0.8942751875000001,1.0052074375000002
0.375,1.0,0.0,0.781471375,0.8970757500000001,-0.014634999999999999
0.375,1.0,0.0625,0.774074375,0.9002840000000001,0.04905843750000001
0.375,1.0,0.125,0.766677375,0.9034922500000001,0.11275187500000002
0.375,1.0,0.1875,0.759280375,0.9067005,0.1764453125
0.375,1.0,0.25,0.751883375,0.90990875,0.24013875
0.375,1.0,0.3125,0.7444863749999999,0.9131170000000001,0.3038321875
0.375,1.0,0.375,0.7370893749999999,0.9163252500000001,0.367525625
0.375,1.0,0.4375,0.729692375,0.9195335000000001,0.4312190625
0.375,1.0,0.5,0.722295375,0.92274175,0.49491250000000003
0.375,1.0,0.5625,0.714898375,0.92595,0.5586059375000001
0.375,1.0,0.625,0.707501375,0.9291582500000001,0.6222993750000001
0.375,1.0,0.6875,0.700104375,0.9323665000000001,0.6859928125000001
0.375,1.0,0.75,0.692707375,0.93557475,0.7496862500000001
0.375,1.0,0.8125,0.685310375,0.938783,0.8133796875000001
0.375,1.0,0.875,0.6779133749999999,0.9419912500000001,0.8770731250000001
0.375,1.0,0.9375,0.6705163749999999,0.9451995000000001,0.9407665625000001
0.375,1.0,1.0,0.663119375,0.9484077500000001,1.0044600000000001
0.4375,0.0,0.0,0.23581643749999998,0.036113875,-0.0031219999999999998
0.4375,0.0,0.0625,0.2284194375,0.039322125,0.060571437500000005
0.4375,0.0,0.125,0.22102243749999997,0.042530374999999995,0.12426487500000001
0.4375,0.0,0.1875,0.2136254375,0.045738625,0.1879583125
0.4375,0.0,0.25,0.20622843749999997,0.048946875,0.25165175
0.4375,0.0,0.3125,0.19883143749999999,0.052155125,0.3153451875
0.4375,0.0,0.375,0.19143443749999997,0.055363375,0.379038625
0.4375,0.0,0.4375,0.18403743749999998,0.058571625,0.4427320625
0.4375,0.0,0.5,0.17664043749999997,0.061779875,0.5064255000000001
0.4375,0.0,0.5625,0.16924343749999998,0.064988125,0.5701189375000001
0.4375,0.0,0.625,0.1618464375,0.068196375,0.6338123750000001
0.4375,0.0,0.6875,0.15444943749999998,0.071404625,0.6975058125000001
0.4375,0.0,0.75,0.14705243749999997,0.074612875,0.7611992500000001
0.4375,0.0,0.8125,0.13965543749999998,0.07782112499999999,0.8248926875000001
0.4375,0.0,0.875,0.1322584375,0.081029375,0.8885861250000001
0.4375,0.0,0.9375,0.12486143749999998,0.084237625,0.9522795625000001
0.4375,0.0,1.0,0.11746443749999998,0.087445875,1.015973
0.4375,0.0625,0.0,0.27202537499999996,0.0902464375,-0.0038694374999999996
0.4375,0.0625,0.0625,0.26462837499999997,0.0934546875,0.059824
0.4375,0.0625,0.125,0.257231375,0.0966629375,0.12351743750000001
0.4375,0.0625,0.1875,0.24983437499999997,0.0998711875,0.18721087500000003
0.4375,0.0625,0.25,0.24243737499999995,0.1030794375,0.2509043125
0.4375,0.0625,0.3125,0.23504037499999997,0.1062876875,0.31459775
0.4375,0.0625,0.375,0.22764337499999995,0.1094959375,0.3782911875
0.4375,0.0625,0.4375,0.22024637499999997,0.1127041875,0.441984625
0.4375,0.0625,0.5,0.21284937499999995,0.11591243749999999,0.5056780625
0.4375,0.0625,0.5625,0.20545237499999996,0.1191206875,0.5693715
0.4375,0.0625,0.625,0.19805537499999998,0.1223289375,0.6330649375
0.4375,0.0625,0.6875,0.19065837499999996,0.1255371875,0.696758375
0.4375,0.0625,0.75,0.18326137499999995,0.1287454375,0.7604518125
0.4375,0.0625,0.8125,0.17586437499999996,0.1319536875,0.82414525
0.4375,0.0625,0.875,0.16846737499999997,0.1351619375,0.8878386875000001
0.4375,0.0625,0.9375,0.16107037499999996,0.1383701875,0.9515321250000001
0.4375,0.0625,1.0,0.15367337499999995,0.1415784375,1.0152255625000002
0.4375,0.125,0.0,0.3082343125,0.144379,-0.0046168749999999995
0.4375,0.125,0.0625,0.3008373125,0.14758725,0.059076562500000006
0.4375,0.125,0.125,0.2934403125,0.1507955,0.12277000000000002
0.4375,0.125,0.1875,0.2860433125,0.15400375,0.18646343750000002
0.4375,0.125,0.25,0.2786463125,0.15721200000000002,0.250156875
0.4375,0.125,0.3125,0.2712493125,0.16042025000000001,0.3138503125
0.4375,0.125,0.375,0.2638523125,0.1636285,0.37754375
0.4375,0.125,0.4375,0.2564553125,0.16683675,0.4412371875
0.4375,0.125,0.5,0.2490583125,0.170045,0.5049306250000001
0.4375,0.125,0.5625,0.2416613125,0.17325325,0.5686240625000001
0.4375,0.125,0.625,0.23426431250000002,0.1764615,0.6323175000000001
0.4375,0.125,0.6875,0.2268673125,0.17966975000000002,0.6960109375000001
0.4375,0.125,0.75,0.2194703125,0.182878,0.7597043750000001
0.4375,0.125,0.8125,0.2120733125,0.18608625,0.8233978125000001
0.4375,0.125,0.875,0.2046763125,0.1892945,0.8870912500000001
0.4375,0.125,0.9375,0.1972793125,0.19250275,0.9507846875000001
0.4375,0.125,1.0,0.18988231249999998,0.19571100000000002,1.0144781250000001
0.4375,0.1875,0.0,0.34444325,0.1985115625,-0.005364312499999999
0.4375,0.1875,0.0625,0.33704625,0.20171981249999998,0.05832912500000001
0.4375,0.1875,0.125,0.32964925,0.20492806249999998,0.12202256250000001
0.4375,0.1875,0.1875,0.32225224999999996,0.20813631249999998,0.18571600000000002
0.4375,0.1875,0.25,0.31485525,0.2113445625,0.24940943750000003
0.4375,0.1875,0.3125,0.30745825,0.2145528125,0.313102875
0.4375,0.1875,0.375,0.30006125,0.2177610625,0.3767963125
0.4375,0.1875,0.4375,0.29266424999999996,0.2209693125,0.44048975
0.4375,0.1875,0.5,0.28526724999999997,0.22417756249999998,0.5041831875
0.4375,0.1875,0.5625,0.27787025,0.22738581249999998,0.567876625
0.4375,0.1875,0.625,0.27047325,0.23059406249999997,0.6315700625
0.4375,0.1875,0.6875,0.26307625,0.2338023125,0.6952635
0.4375,0.1875,0.75,0.25567924999999997,0.2370105625,0.7589569375
0.4375,0.1875,0.8125,0.24828224999999998,0.2402188125,0.822650375
0.4375,0.1875,0.875,0.24088525,0.24342706249999999,0.8863438125
0.4375,0.1875,0.9375,0.23348824999999998,0.24663531249999998,0.95003725
0.4375,0.1875,1.0,0.22609124999999997,0.2498435625,1.0137306875
0.4375,0.25,0.0,0.38065218749999996,0.252644125,-0.006111749999999999
0.4375,0.25,0.0625,0.3732551875,0.255852375,0.057581687500000006
0.4375,0.25,0.125,0.3658581875,0.259060625,0.12127512500000001
0.4375,0.25,0.1875,0.35846118749999994,0.262268875,0.18496856250000002
0.4375,0.25,0.25,0.35106418749999996,0.265477125,0.24866200000000002
0.4375,0.25,0.3125,0.34366718749999997,0.268685375,0.31235543750000005
0.4375,0.25,0.375,0.3362701875,0.271893625,0.37604887500000006
0.4375,0.25,0.4375,0.32887318749999994,0.275101875,0.43974231250000007
0.4375,0.25,0.5,0.32147618749999995,0.278310125,0.5034357500000001
0.4375,0.25,0.5625,0.31407918749999997,0.281518375,0.5671291875000001
0.4375,0.25,0.625,0.3066821875,0.284726625,0.6308226250000001
0.4375,0.25,0.6875,0.2992851875,0.287934875,0.6945160625000001
0.4375,0.25,0.75,0.29188818749999995,0.291143125,0.7582095000000001
0.4375,0.25,0.8125,0.28449118749999996,0.29435137499999997,0.8219029375000001
0.4375,0.25,0.875,0.2770941875,0.297559625,0.8855963750000001
0.4375,0.25,0.9375,0.26969718749999994,0.300767875,0.9492898125000001
0.4375,0.25,1.0,0.26230018749999995,0.303976125,1.01298325
0.4375,0.3125,0.0,0.416861125,0.30677668750000003,-0.006859187499999999
0.4375,0.3125,0.0625,0.409464125,0.30998493750000006,0.05683425
0.4375,0.3125,0.125,0.402067125,0.3131931875,0.12052768750000001
0.4375,0.3125,0.1875,0.394670125,0.31640143750000005,0.184221125
0.4375,0.3125,0.25,0.387273125,0.3196096875,0.24791456250000002
0.4375,0.3125,0.3125,0.379876125,0.32281793750000004,0.31160800000000005
0.4375,0.3125,0.375,0.372479125,0.3260261875,0.37530143750000006
0.4375,0.3125,0.4375,0.365082125,0.32923443750000003,0.43899487500000006
0.4375,0.3125,0.5,0.357685125,0.33244268750000006,0.5026883125
0.4375,0.3125,0.5625,0.350288125,0.3356509375,0.56638175
0.4375,0.3125,0.625,0.342891125,0.33885918750000005,0.6300751875
0.4375,0.3125,0.6875,0.335494125,0.3420674375,0.693768625
0.4375,0.3125,0.75,0.328097125,0.34527568750000004,0.7574620625
0.4375,0.3125,0.8125,0.320700125,0.34848393750000006,0.8211555
0.4375,0.3125,0.875,0.313303125,0.35169218750000003,0.8848489375
0.4375,0.3125,0.9375,0.30590612500000003,0.35490043750000005,0.948542375
0.4375,0.3125,1.0,0.298509125,0.3581086875,1.0122358125000002
0.4375,0.375,0.0,0.4530700625,0.36090925,-0.007606625
0.4375,0.375,0.0625,0.4456730625,0.36411750000000004,0.056086812500000006
0.4375,0.375,0.125,0.4382760625,0.36732575,0.11978025
0.4375,0.375,0.1875,0.43087906249999997,0.37053400000000003,0.1834736875
0.4375,0.375,0.25,0.4234820625,0.37374225,0.24716712500000002
0.4375,0.375,0.3125,0.4160850625,0.3769505,0.31086056250000005
0.4375,0.375,0.375,0.4086880625,0.38015875,0.37455400000000005
0.4375,0.375,0.4375,0.40129106249999996,0.383367,0.43824743750000006
0.4375,0.375,0.5,0.3938940625,0.38657525000000004,0.5019408750000001
0.4375,0.375,0.5625,0.3864970625,0.3897835,0.5656343125000001
0.4375,0.375,0.625,0.3791000625,0.39299175000000003,0.6293277500000001
0.4375,0.375,0.6875,0.37170306249999996,0.3962,0.6930211875000001
0.4375,0.375,0.75,0.36430606249999997,0.39940825,0.7567146250000001
0.4375,0.375,0.8125,0.3569090625,0.40261650000000004,0.8204080625000001
0.4375,0.375,0.875,0.3495120625,0.40582475,0.8841015000000001
0.4375,0.375,0.9375,0.3421150625,0.40903300000000004,0.9477949375000001
0.4375,0.375,1.0,0.33471806249999997,0.41224125,1.011488375
0.4375,0.4375,0.0,0.489279,0.41504181250000005,-0.008354062499999999
0.4375,0.4375,0.0625,0.48188200000000003,0.4182500625000001,0.05533937500000001
0.4375,0.4375,0.125,0.47448500000000005,0.42145831250000004,0.11903281250000002
0.4375,0.4375,0.1875,0.467088,0.42466656250000007,0.18272625
0.4375,0.4375,0.25,0.459691,0.42787481250000003,0.2464196875
0.4375,0.4375,0.3125,0.45229400000000003,0.43108306250000006,0.31011312500000004
0.4375,0.4375,0.375,0.44489700000000004,0.4342913125000001,0.37380656250000005
0.4375,0.4375,0.4375,0.4375,0.43749956250000005,0.43750000000000006
0.4375,0.4375,0.5,0.430103,0.4407078125000001,0.5011934375
0.4375,0.4375,0.5625,0.422706,0.44391606250000004,0.564886875
0.4375,0.4375,0.625,0.41530900000000004,0.44712431250000007,0.6285803125
0.4375,0.4375,0.6875,0.40791200000000005,0.45033256250000003,0.69227375
0.4375,0.4375,0.75,0.400515,0.45354081250000006,0.7559671875
0.4375,0.4375,0.8125,0.393118,0.4567490625,0.819660625
0.4375,0.4375,0.875,0.38572100000000004,0.45995731250000005,0.8833540625
0.4375,0.4375,0.9375,0.378324,0.46316556250000007,0.9470475
0.4375,0.4375,1.0,0.370927,0.46637381250000004,1.0107409375
0.4375,0.5,0.0,0.5254879375,0.46917437500000003,-0.009101499999999998
0.4375,0.5,0.0625,0.5180909375,0.47238262500000006,0.05459193750000001
0.4375,0.5,0.125,0.5106939375,0.475590875,0.11828537500000001
0.4375,0.5,0.1875,0.5032969375,0.47879912500000005,0.18197881250000003
0.4375,0.5,0.25,0.4958999375,0.482007375,0.24567225000000004
0.4375,0.5,0.3125,0.4885029375,0.48521562500000004,0.30936568750000004
0.4375,0.5,0.375,0.4811059375,0.48842387500000006,0.37305912500000005
0.4375,0.5,0.4375,0.4737089375,0.49163212500000003,0.43675256250000005
0.4375,0.5,0.5,0.4663119375,0.49484037500000005,0.5004460000000001
0.4375,0.5,0.5625,0.4589149375,0.498048625,0.5641394375000001
0.4375,0.5,0.625,0.4515179375,0.501256875,0.6278328750000001
0.4375,0.5,0.6875,0.44412093750000003,0.5044651250000001,0.6915263125000001
0.4375,0.5,0.75,0.4367239375,0.507673375,0.7552197500000001
0.4375,0.5,0.8125,0.4293269375,0.510881625,0.8189131875000001
0.4375,0.5,0.875,0.4219299375,0.514089875,0.8826066250000001
0.4375,0.5,0.9375,0.4145329375,0.517298125,0.9463000625000001
0.4375,0.5,1.0,0.4071359375,0.5205063750000001,1.0099935
0.4375,0.5625,0.0,0.561696875,0.5233069375,-0.009848937499999998
0.4375,0.5625,0.0625,0.554299875,0.5265151875,0.053844500000000003
0.4375,0.5625,0.125,0.546902875,0.5297234375000001,0.11753793750000001
0.4375,0.5625,0.1875,0.539505875,0.5329316875,0.18123137500000003
0.4375,0.5625,0.25,0.532108875,0.5361399375,0.24492481250000003
0.4375,0.5625,0.3125,0.5247118749999999,0.5393481875,0.30861825000000004
0.4375,0.5625,0.375,0.517314875,0.5425564375,0.37231168750000004
0.4375,0.5625,0.4375,0.509917875,0.5457646875000001,0.43600512500000005
0.4375,0.5625,0.5,0.502520875,0.5489729375,0.49969856250000005
0.4375,0.5625,0.5625,0.495123875,0.5521811875,0.563392
0.4375,0.5625,0.625,0.487726875,0.5553894375,0.6270854375
0.4375,0.5625,0.6875,0.480329875,0.5585976875,0.690778875
0.4375,0.5625,0.75,0.472932875,0.5618059375,0.7544723125
0.4375,0.5625,0.8125,0.465535875,0.5650141875,0.81816575
0.4375,0.5625,0.875,0.458138875,0.5682224375,0.8818591875
0.4375,0.5625,0.9375,0.45074187499999996,0.5714306875,0.945552625
0.4375,0.5625,1.0,0.44334487499999997,0.5746389375000001,1.0092460625000002
0.4375,0.625,0.0,0.5979058125000001,0.5774395,-0.010596374999999998
0.4375,0.625,0.0625,0.5905088125000001,0.58064775,0.05309706250000001
0.4375,0.625,0.125,0.5831118125000001,0.583856,0.11679050000000002
0.4375,0.625,0.1875,0.5757148125000001,0.58706425,0.18048393750000002
0.4375,0.625,0.25,0.5683178125000001,0.5902725,0.24417737500000003
0.4375,0.625,0.3125,0.5609208125,0.59348075,0.30787081250000004
0.4375,0.625,0.375,0.5535238125,0.596689,0.37156425000000004
0.4375,0.625,0.4375,0.5461268125000001,0.59989725,0.43525768750000005
0.4375,0.625,0.5,0.5387298125000001,0.6031055,0.49895112500000005
0.4375,0.625,0.5625,0.5313328125000001,0.60631375,0.5626445625000001
0.4375,0.625,0.625,0.5239358125000001,0.609522,0.6263380000000001
0.4375,0.625,0.6875,0.5165388125000001,0.61273025,0.6900314375000001
0.4375,0.625,0.75,0.5091418125000001,0.6159384999999999,0.7537248750000001
0.4375,0.625,0.8125,0.5017448125000001,0.61914675,0.8174183125000001
0.4375,0.625,0.875,0.4943478125000001,0.622355,0.8811117500000001
0.4375,0.625,0.9375,0.48695081250000005,0.62556325,0.9448051875000001
0.4375,0.625,1.0,0.47955381250000007,0.6287715,1.008498625
0.4375,0.6875,0.0,0.63411475,0.6315720625,-0.0113438125
0.4375,0.6875,0.0625,0.62671775,0.6347803125,0.052349625000000004
0.4375,0.6875,0.125,0.61932075,0.6379885625,0.11604306250000002
0.4375,0.6875,0.1875,0.61192375,0.6411968124999999,0.17973650000000002
0.4375,0.6875,0.25,0.60452675,0.6444050625,0.24342993750000003
0.4375,0.6875,0.3125,0.5971297499999999,0.6476133125,0.30712337500000003
0.4375,0.6875,0.375,0.5897327499999999,0.6508215625,0.37081681250000004
0.4375,0.6875,0.4375,0.5823357499999999,0.6540298125,0.43451025000000004
0.4375,0.6875,0.5,0.5749387499999999,0.6572380624999999,0.49820368750000005
0.4375,0.6875,0.5625,0.56754175,0.6604463125,0.561897125
0.4375,0.6875,0.625,0.56014475,0.6636545625,0.6255905625
0.4375,0.6875,0.6875,0.55274775,0.6668628125,0.689284
0.4375,0.6875,0.75,0.54535075,0.6700710624999999,0.7529774375
0.4375,0.6875,0.8125,0.53795375,0.6732793125,0.816670875
0.4375,0.6875,0.875,0.5305567499999999,0.6764875625,0.8803643125
0.4375,0.6875,0.9375,0.5231597499999999,0.6796958125,0.94405775
0.4375,0.6875,1.0,0.5157627499999999,0.6829040625,1.0077511875
0.4375,0.75,0.0,0.6703236875,0.685704625,-0.01209125
0.4375,0.75,0.0625,0.6629266875000001,0.688912875,0.05160218750000001
0.4375,0.75,0.125,0.6555296875000001,0.692121125,0.11529562500000001
0.4375,0.75,0.1875,0.6481326875000001,0.6953293749999999,0.17898906250000002
0.4375,0.75,0.25,0.6407356875000001,0.6985376249999999,0.24268250000000002
0.4375,0.75,0.3125,0.6333386875,0.701745875,0.30637593750000003
0.4375,0.75,0.375,0.6259416875,0.704954125,0.37006937500000003
0.4375,0.75,0.4375,0.6185446875,0.708162375,0.43376281250000004
0.4375,0.75,0.5,0.6111476875,0.7113706249999999,0.49745625000000004
0.4375,0.75,0.5625,0.6037506875,0.714578875,0.5611496875
0.4375,0.75,0.625,0.5963536875000001,0.717787125,0.624843125
0.4375,0.75,0.6875,0.5889566875000001,0.720995375,0.6885365625000001
0.4375,0.75,0.75,0.5815596875000001,0.7242036249999999,0.7522300000000001
0.4375,0.75,0.8125,0.5741626875000001,0.7274118749999999,0.8159234375000001
0.4375,0.75,0.875,0.5667656875,0.730620125,0.8796168750000001
0.4375,0.75,0.9375,0.5593686875,0.733828375,0.9433103125000001
0.4375,0.75,1.0,0.5519716875,0.737036625,1.00700375
0.4375,0.8125,0.0,0.706532625,0.7398371874999999,-0.0128386875
0.4375,0.8125,0.0625,0.699135625,0.7430454375,0.050854750000000004
0.4375,0.8125,0.125,0.691738625,0.7462536875,0.11454818750000001
0.4375,0.8125,0.1875,0.6843416250000001,0.7494619374999999,0.17824162500000001
0.4375,0.8125,0.25,0.6769446250000001,0.7526701874999999,0.24193506250000002
0.4375,0.8125,0.3125,0.669547625,0.7558784374999999,0.3056285
0.4375,0.8125,0.375,0.662150625,0.7590866875,0.36932193750000003
0.4375,0.8125,0.4375,0.654753625,0.7622949375,0.43301537500000004
0.4375,0.8125,0.5,0.647356625,0.7655031874999999,0.49670881250000004
0.4375,0.8125,0.5625,0.639959625,0.7687114374999999,0.5604022500000001
0.4375,0.8125,0.625,0.632562625,0.7719196875,0.6240956875000001
0.4375,0.8125,0.6875,0.6251656250000001,0.7751279375,0.6877891250000001
0.4375,0.8125,0.75,0.6177686250000001,0.7783361874999999,0.7514825625000001
0.4375,0.8125,0.8125,0.610371625,0.7815444374999999,0.8151760000000001
0.4375,0.8125,0.875,0.602974625,0.7847526874999999,0.8788694375000001
0.4375,0.8125,0.9375,0.595577625,0.7879609375,0.9425628750000001
0.4375,0.8125,1.0,0.588180625,0.7911691875,1.0062563125000001
0.4375,0.875,0.0,0.7427415625,0.79396975,-0.013586125
0.4375,0.875,0.0625,0.7353445625,0.797178,0.05010731250000001
0.4375,0.875,0.125,0.7279475625,0.8003862500000001,0.11380075
0.4375,0.875,0.1875,0.7205505625,0.8035945,0.1774941875
0.4375,0.875,0.25,0.7131535625000001,0.80680275,0.24118762500000002
0.4375,0.875,0.3125,0.7057565625,0.810011,0.3048810625
0.4375,0.875,0.375,0.6983595625,0.8132192500000001,0.3685745
0.4375,0.875,0.4375,0.6909625625,0.8164275000000001,0.43226793750000003
0.4375,0.875,0.5,0.6835655625,0.81963575,0.49596137500000004
0.4375,0.875,0.5625,0.6761685625,0.822844,0.5596548125
0.4375,0.875,0.625,0.6687715625,0.82605225,0.62334825
0.4375,0.875,0.6875,0.6613745625,0.8292605000000001,0.6870416875
0.4375,0.875,0.75,0.6539775625,0.8324687500000001,0.7507351250000001
0.4375,0.875,0.8125,0.6465805625000001,0.835677,0.8144285625000001
0.4375,0.875,0.875,0.6391835625,0.83888525,0.8781220000000001
0.4375,0.875,0.9375,0.6317865625,0.8420935,0.9418154375000001
0.4375,0.875,1.0,0.6243895625,0.8453017500000001,1.005508875
0.4375,0.9375,0.0,0.7789505000000001,0.8481023125,-0.014333562499999999
0.4375,0.9375,0.0625,0.7715535000000001,0.8513105625,0.049359875000000004
0.4375,0.9375,0.125,0.7641565000000001,0.8545188125000001,0.11305331250000002
0.4375,0.9375,0.1875,0.7567595000000001,0.8577270625,0.17674675
0.4375,0.9375,0.25,0.7493625000000002,0.8609353125,0.2404401875
0.4375,0.9375,0.3125,0.7419655000000001,0.8641435625,0.304133625
0.4375,0.9375,0.375,0.7345685000000001,0.8673518125,0.3678270625
0.4375,0.9375,0.4375,0.7271715000000001,0.8705600625000001,0.43152050000000003
0.4375,0.9375,0.5,0.7197745000000001,0.8737683125,0.49521393750000003
0.4375,0.9375,0.5625,0.7123775000000001,0.8769765625,0.5589073750000001
0.4375,0.9375,0.625,0.7049805000000001,0.8801848125,0.6226008125000001
0.4375,0.9375,0.6875,0.6975835000000001,0.8833930625,0.6862942500000001
0.4375,0.9375,0.75,0.6901865000000001,0.8866013125000001,0.7499876875000001
0.4375,0.9375,0.8125,0.6827895000000002,0.8898095625,0.8136811250000001
0.4375,0.9375,0.875,0.6753925000000001,0.8930178125,0.8773745625000001
0.4375,0.9375,0.9375,0.6679955000000001,0.8962260625,0.9410680000000001
0.4375,0.9375,1.0,0.6605985000000001,0.8994343125,1.0047614375
0.4375,1.0,0.0,0.8151594375,0.902234875,-0.015080999999999999
0.4375,1.0,0.0625,0.8077624375,0.905443125,0.04861243750000001
0.4375,1.0,0.125,0.8003654375,0.908651375,0.11230587500000001
0.4375,1.0,0.1875,0.7929684375,0.911859625,0.1759993125
0.4375,1.0,0.25,0.7855714375,0.915067875,0.23969275
0.4375,1.0,0.3125,0.7781744374999999,0.918276125,0.3033861875
0.4375,1.0,0.375,0.7707774374999999,0.921484375,0.367079625
0.4375,1.0,0.4375,0.7633804375,0.924692625,0.4307730625
0.4375,1.0,0.5,0.7559834375,0.927900875,0.49446650000000003
0.4375,1.0,0.5625,0.7485864375,0.931109125,0.5581599375
0.4375,1.0,0.625,0.7411894375,0.934317375,0.621853375
0.4375,1.0,0.6875,0.7337924375,0.937525625,0.6855468125
0.4375,1.0,0.75,0.7263954375,0.940733875,0.74924025
0.4375,1.0,0.8125,0.7189984375,0.943942125,0.8129336875000001
0.4375,1.0,0.875,0.7116014374999999,0.947150375,0.8766271250000001
0.4375,1.0,0.9375,0.7042044375,0.950358625,0.9403205625000001
0.4375,1.0,1.0,0.6968074375,0.953566875,1.0040140000000002
0.5,0.0,0.0,0.2695045,0.041273,-0.003568
0.5,0.0,0.0625,0.2621075,0.04448125,0.060125437500000004
0.5,0.0,0.125,0.2547105,0.047689499999999996,0.12381887500000001
0.5,0.0,0.1875,0.2473135,0.05089775,0.18751231250000003
0.5,0.0,0.25,0.23991649999999998,0.054106,0.25120575
0.5,0.0,0.3125,0.2325195,0.05731425,0.3148991875
0.5,0.0,0.375,0.22512249999999998,0.0605225,0.378592625
0.5,0.0,0.4375,0.2177255,0.06373075,0.4422860625
0.5,0.0,0.5,0.21032849999999997,0.066939,0.5059795
0.5,0.0,0.5625,0.2029315,0.07014725,0.5696729375
0.5,0.0,0.625,0.1955345,0.07335549999999999,0.633366375
0.5,0.0,0.6875,0.18813749999999999,0.07656375,0.6970598125
0.5,0.0,0.75,0.18074049999999997,0.07977200000000001,0.76075325
0.5,0.0,0.8125,0.17334349999999998,0.08298025,0.8244466875
0.5,0.0,0.875,0.1659465,0.0861885,0.8881401250000001
0.5,0.0,0.9375,0.15854949999999998,0.08939675,0.9518335625000001
0.5,0.0,1.0,0.15115249999999997,0.09260499999999999,1.015527
0.5,0.0625,0.0,0.30571343749999996,0.0954055625,-0.0043154375
0.5,0.0625,0.0625,0.2983164375,0.0986138125,0.05937800000000001
0.5,0.0625,0.125,0.2909194375,0.1018220625,0.1230714375
0.5,0.0625,0.1875,0.28352243749999995,0.1050303125,0.18676487500000002
0.5,0.0625,0.25,0.27612543749999996,0.1082385625,0.2504583125
0.5,0.0625,0.3125,0.2687284375,0.11144681249999999,0.31415175
0.5,0.0625,0.375,0.2613314375,0.1146550625,0.3778451875
0.5,0.0625,0.4375,0.25393443749999994,0.1178633125,0.441538625
0.5,0.0625,0.5,0.24653743749999996,0.12107156250000001,0.5052320625000001
0.5,0.0625,0.5625,0.23914043749999997,0.1242798125,0.5689255000000001
0.5,0.0625,0.625,0.23174343749999998,0.1274880625,0.6326189375000001
0.5,0.0625,0.6875,0.22434643749999997,0.1306963125,0.6963123750000001
0.5,0.0625,0.75,0.21694943749999995,0.1339045625,0.7600058125000001
0.5,0.0625,0.8125,0.20955243749999997,0.13711281250000001,0.8236992500000001
0.5,0.0625,0.875,0.20215543749999998,0.1403210625,0.8873926875000001
0.5,0.0625,0.9375,0.19475843749999996,0.1435293125,0.9510861250000001
0.5,0.0625,1.0,0.18736143749999995,0.1467375625,1.0147795625
0.5,0.125,0.0,0.341922375,0.149538125,-0.005062875
0.5,0.125,0.0625,0.334525375,0.152746375,0.058630562500000004
0.5,0.125,0.125,0.327128375,0.15595462499999999,0.12232400000000002
0.5,0.125,0.1875,0.319731375,0.15916287499999998,0.18601743750000002
0.5,0.125,0.25,0.312334375,0.162371125,0.24971087500000003
0.5,0.125,0.3125,0.304937375,0.165579375,0.3134043125
0.5,0.125,0.375,0.297540375,0.168787625,0.37709775
0.5,0.125,0.4375,0.290143375,0.171995875,0.4407911875
0.5,0.125,0.5,0.282746375,0.175204125,0.504484625
0.5,0.125,0.5625,0.275349375,0.17841237499999998,0.5681780625
0.5,0.125,0.625,0.267952375,0.18162062499999998,0.6318715
0.5,0.125,0.6875,0.26055537500000003,0.184828875,0.6955649375
0.5,0.125,0.75,0.253158375,0.188037125,0.759258375
0.5,0.125,0.8125,0.245761375,0.191245375,0.8229518125
0.5,0.125,0.875,0.23836437500000002,0.194453625,0.88664525
0.5,0.125,0.9375,0.230967375,0.197661875,0.9503386875000001
0.5,0.125,1.0,0.223570375,0.200870125,1.0140321250000002
0.5,0.1875,0.0,0.3781313125,0.2036706875,-0.0058103124999999995
0.5,0.1875,0.0625,0.3707343125,0.2068789375,0.05788312500000001
0.5,0.1875,0.125,0.3633373125,0.2100871875,0.12157656250000001
0.5,0.1875,0.1875,0.35594031249999997,0.21329543750000002,0.18527000000000002
0.5,0.1875,0.25,0.3485433125,0.2165036875,0.24896343750000002
0.5,0.1875,0.3125,0.3411463125,0.2197119375,0.312656875
0.5,0.1875,0.375,0.3337493125,0.2229201875,0.3763503125
0.5,0.1875,0.4375,0.32635231249999996,0.2261284375,0.44004375
0.5,0.1875,0.5,0.3189553125,0.2293366875,0.5037371875000001
0.5,0.1875,0.5625,0.3115583125,0.2325449375,0.5674306250000001
0.5,0.1875,0.625,0.3041613125,0.23575318750000002,0.6311240625000001
0.5,0.1875,0.6875,0.2967643125,0.2389614375,0.6948175000000001
0.5,0.1875,0.75,0.2893673125,0.2421696875,0.7585109375000001
0.5,0.1875,0.8125,0.2819703125,0.2453779375,0.8222043750000001
0.5,0.1875,0.875,0.2745733125,0.2485861875,0.8858978125000001
0.5,0.1875,0.9375,0.26717631249999996,0.2517944375,0.9495912500000001
0.5,0.1875,1.0,0.25977931249999997,0.2550026875,1.0132846875000001
0.5,0.25,0.0,0.41434024999999997,0.25780325,-0.006557749999999999
0.5,0.25,0.0625,0.40694325,0.2610115,0.057135687500000004
0.5,0.25,0.125,0.39954625,0.26421975,0.12082912500000001
0.5,0.25,0.1875,0.39214924999999995,0.267428,0.18452256250000001
0.5,0.25,0.25,0.38475224999999996,0.27063624999999997,0.24821600000000002
0.5,0.25,0.3125,0.37735525,0.2738445,0.31190943750000005
0.5,0.25,0.375,0.36995825,0.27705274999999996,0.37560287500000006
0.5,0.25,0.4375,0.36256124999999995,0.280261,0.43929631250000006
0.5,0.25,0.5,0.35516424999999996,0.28346925,0.50298975
0.5,0.25,0.5625,0.34776724999999997,0.2866775,0.5666831875
0.5,0.25,0.625,0.34037025,0.28988575,0.630376625
0.5,0.25,0.6875,0.33297325,0.29309399999999997,0.6940700625
0.5,0.25,0.75,0.32557624999999996,0.29630225,0.7577635
0.5,0.25,0.8125,0.31817924999999997,0.2995105,0.8214569375
0.5,0.25,0.875,0.31078225,0.30271875,0.885150375
0.5,0.25,0.9375,0.30338524999999994,0.305927,0.9488438125
0.5,0.25,1.0,0.29598824999999995,0.30913525,1.01253725
0.5,0.3125,0.0,0.4505491875,0.3119358125,-0.007305187499999999
0.5,0.3125,0.0625,0.4431521875,0.31514406250000004,0.05638825000000001
0.5,0.3125,0.125,0.43575518750000003,0.3183523125,0.1200816875
0.5,0.3125,0.1875,0.4283581875,0.32156056250000004,0.183775125
0.5,0.3125,0.25,0.4209611875,0.3247688125,0.24746856250000002
0.5,0.3125,0.3125,0.4135641875,0.3279770625,0.31116200000000005
0.5,0.3125,0.375,0.4061671875,0.33118531250000005,0.37485543750000005
0.5,0.3125,0.4375,0.3987701875,0.3343935625,0.43854887500000006
0.5,0.3125,0.5,0.3913731875,0.33760181250000004,0.5022423125000001
0.5,0.3125,0.5625,0.3839761875,0.3408100625,0.5659357500000001
0.5,0.3125,0.625,0.3765791875,0.34401831250000003,0.6296291875000001
0.5,0.3125,0.6875,0.3691821875,0.3472265625,0.6933226250000001
0.5,0.3125,0.75,0.3617851875,0.3504348125,0.7570160625000001
0.5,0.3125,0.8125,0.3543881875,0.3536430625,0.8207095000000001
0.5,0.3125,0.875,0.3469911875,0.3568513125,0.8844029375000001
0.5,0.3125,0.9375,0.33959418750000003,0.36005956250000004,0.9480963750000001
0.5,0.3125,1.0,0.3321971875,0.3632678125,1.0117898125
0.5,0.375,0.0,0.486758125,0.366068375,-0.008052625
0.5,0.375,0.0625,0.479361125,0.369276625,0.055640812500000005
0.5,0.375,0.125,0.471964125,0.372484875,0.11933425
0.5,0.375,0.1875,0.46456712499999997,0.375693125,0.1830276875
0.5,0.375,0.25,0.457170125,0.378901375,0.246721125
0.5,0.375,0.3125,0.449773125,0.382109625,0.31041456250000005
0.5,0.375,0.375,0.442376125,0.38531787500000003,0.37410800000000005
0.5,0.375,0.4375,0.43497912499999997,0.388526125,0.43780143750000006
0.5,0.375,0.5,0.427582125,0.391734375,0.501494875
0.5,0.375,0.5625,0.420185125,0.394942625,0.5651883125
0.5,0.375,0.625,0.412788125,0.398150875,0.62888175
0.5,0.375,0.6875,0.40539112499999996,0.401359125,0.6925751875
0.5,0.375,0.75,0.397994125,0.404567375,0.756268625
0.5,0.375,0.8125,0.390597125,0.407775625,0.8199620625
0.5,0.375,0.875,0.383200125,0.410983875,0.8836555
0.5,0.375,0.9375,0.375803125,0.414192125,0.9473489375
0.5,0.375,1.0,0.368406125,0.417400375,1.0110423750000002
0.5,0.4375,0.0,0.5229670625,0.42020093750000004,-0.0088000625
0.5,0.4375,0.0625,0.5155700625,0.42340918750000006,0.05489337500000001
0.5,0.4375,0.125,0.5081730625,0.42661743750000003,0.11858681250000001
0.5,0.4375,0.1875,0.5007760625000001,0.42982568750000005,0.18228025
0.5,0.4375,0.25,0.4933790625,0.4330339375,0.2459736875
0.5,0.4375,0.3125,0.48598206250000003,0.43624218750000004,0.30966712500000004
0.5,0.4375,0.375,0.47858506250000005,0.4394504375,0.37336056250000005
0.5,0.4375,0.4375,0.4711880625,0.44265868750000004,0.43705400000000005
0.5,0.4375,0.5,0.4637910625,0.44586693750000006,0.5007474375000001
0.5,0.4375,0.5625,0.45639406250000003,0.44907518750000003,0.5644408750000001
0.5,0.4375,0.625,0.44899706250000004,0.45228343750000005,0.6281343125000001
0.5,0.4375,0.6875,0.44160006250000006,0.4554916875,0.6918277500000001
0.5,0.4375,0.75,0.4342030625,0.45869993750000004,0.7555211875000001
0.5,0.4375,0.8125,0.4268060625,0.46190818750000007,0.8192146250000001
0.5,0.4375,0.875,0.41940906250000004,0.46511643750000004,0.8829080625000001
0.5,0.4375,0.9375,0.4120120625,0.46832468750000006,0.9466015000000001
0.5,0.4375,1.0,0.4046150625,0.4715329375,1.0102949375
0.5,0.5,0.0,0.559176,0.4743335,-0.0095475
0.5,0.5,0.0625,0.551779,0.47754175000000004,0.054145937500000005
0.5,0.5,0.125,0.544382,0.48075,0.11783937500000001
0.5,0.5,0.1875,0.536985,0.48395825000000003,0.18153281250000003
0.5,0.5,0.25,0.5295880000000001,0.4871665,0.24522625000000003
0.5,0.5,0.3125,0.522191,0.49037475,0.30891968750000004
0.5,0.5,0.375,0.514794,0.493583,0.37261312500000004
0.5,0.5,0.4375,0.507397,0.49679125,0.43630656250000005
0.5,0.5,0.5,0.5,0.49999950000000004,0.5
0.5,0.5,0.5625,0.492603,0.5032077500000001,0.5636934375
0.5,0.5,0.625,0.485206,0.506416,0.627386875
0.5,0.5,0.6875,0.47780900000000004,0.50962425,0.6910803125
0.5,0.5,0.75,0.470412,0.5128325,0.75477375
0.5,0.5,0.8125,0.463015,0.51604075,0.8184671875
0.5,0.5,0.875,0.455618,0.5192490000000001,0.882160625
0.5,0.5,0.9375,0.448221,0.52245725,0.9458540625
0.5,0.5,1.0,0.440824,0.5256655,1.0095475
0.5,0.5625,0.0,0.5953849375,0.5284660625,-0.0102949375
0.5,0.5625,0.0625,0.5879879375,0.5316743125,0.0533985
0.5,0.5625,0.125,0.5805909375,0.5348825625,0.1170919375
0.5,0.5625,0.1875,0.5731939375,0.5380908124999999,0.18078537500000003
0.5,0.5625,0.25,0.5657969375,0.5412990624999999,0.24447881250000003
0.5,0.5625,0.3125,0.5583999374999999,0.5445073125,0.30817225000000004
0.5,0.5625,0.375,0.5510029375,0.5477155625,0.37186568750000004
0.5,0.5625,0.4375,0.5436059375,0.5509238125,0.43555912500000005
0.5,0.5625,0.5,0.5362089375,0.5541320624999999,0.49925256250000005
0.5,0.5625,0.5625,0.5288119375,0.5573403124999999,0.5629460000000001
0.5,0.5625,0.625,0.5214149375,0.5605485625,0.6266394375000001
0.5,0.5625,0.6875,0.5140179375,0.5637568125,0.6903328750000001
0.5,0.5625,0.75,0.5066209375,0.5669650625,0.7540263125000001
0.5,0.5625,0.8125,0.4992239375,0.5701733124999999,0.8177197500000001
0.5,0.5625,0.875,0.4918269375,0.5733815624999999,0.8814131875000001
0.5,0.5625,0.9375,0.48442993749999996,0.5765898125,0.9451066250000001
0.5,0.5625,1.0,0.4770329375,0.5797980625,1.0088000625
0.5,0.625,0.0,0.6315938750000001,0.582598625,-0.011042375
0.5,0.625,0.0625,0.6241968750000001,0.5858068750000001,0.052651062500000005
0.5,0.625,0.125,0.6167998750000001,0.5890151250000001,0.11634450000000002
0.5,0.625,0.1875,0.6094028750000001,0.592223375,0.18003793750000002
0.5,0.625,0.25,0.6020058750000001,0.595431625,0.24373137500000003
0.5,0.625,0.3125,0.594608875,0.598639875,0.30742481250000003
0.5,0.625,0.375,0.587211875,0.6018481250000001,0.37111825000000004
0.5,0.625,0.4375,0.5798148750000001,0.6050563750000001,0.43481168750000004
0.5,0.625,0.5,0.5724178750000001,0.608264625,0.49850512500000005
0.5,0.625,0.5625,0.5650208750000001,0.611472875,0.5621985625
0.5,0.625,0.625,0.5576238750000001,0.614681125,0.625892
0.5,0.625,0.6875,0.5502268750000001,0.6178893750000001,0.6895854375
0.5,0.625,0.75,0.5428298750000001,0.621097625,0.753278875
0.5,0.625,0.8125,0.5354328750000001,0.624305875,0.8169723125
0.5,0.625,0.875,0.528035875,0.627514125,0.88066575
0.5,0.625,0.9375,0.5206388750000001,0.6307223750000001,0.9443591875
0.5,0.625,1.0,0.5132418750000001,0.6339306250000001,1.0080526250000001
0.5,0.6875,0.0,0.6678028125,0.6367311875,-0.0117898125
0.5,0.6875,0.0625,0.6604058125,0.6399394375,0.05190362500000001
0.5,0.6875,0.125,0.6530088125,0.6431476875000001,0.11559706250000001
0.5,0.6875,0.1875,0.6456118125,0.6463559375,0.17929050000000002
0.5,0.6875,0.25,0.6382148125,0.6495641875,0.24298393750000002
0.5,0.6875,0.3125,0.6308178124999999,0.6527724375,0.30667737500000003
0.5,0.6875,0.375,0.6234208124999999,0.6559806875,0.37037081250000004
0.5,0.6875,0.4375,0.6160238124999999,0.6591889375000001,0.43406425000000004
0.5,0.6875,0.5,0.6086268125,0.6623971875,0.49775768750000005
0.5,0.6875,0.5625,0.6012298125,0.6656054375,0.561451125
0.5,0.6875,0.625,0.5938328125,0.6688136875,0.6251445625000001
0.5,0.6875,0.6875,0.5864358125,0.6720219375,0.6888380000000001
0.5,0.6875,0.75,0.5790388125,0.6752301875,0.7525314375000001
0.5,0.6875,0.8125,0.5716418125,0.6784384375,0.8162248750000001
0.5,0.6875,0.875,0.5642448124999999,0.6816466875,0.8799183125000001
0.5,0.6875,0.9375,0.5568478124999999,0.6848549375,0.9436117500000001
0.5,0.6875,1.0,0.5494508124999999,0.6880631875000001,1.0073051875
0.5,0.75,0.0,0.70401175,0.69086375,-0.01253725
0.5,0.75,0.0625,0.6966147500000001,0.694072,0.051156187500000005
0.5,0.75,0.125,0.6892177500000001,0.69728025,0.11484962500000001
0.5,0.75,0.1875,0.6818207500000001,0.7004885,0.17854306250000002
0.5,0.75,0.25,0.6744237500000001,0.70369675,0.24223650000000002
0.5,0.75,0.3125,0.66702675,0.706905,0.3059299375
0.5,0.75,0.375,0.65962975,0.71011325,0.36962337500000003
0.5,0.75,0.4375,0.65223275,0.7133215,0.43331681250000004
0.5,0.75,0.5,0.64483575,0.71652975,0.49701025000000004
0.5,0.75,0.5625,0.63743875,0.719738,0.5607036875
0.5,0.75,0.625,0.6300417500000001,0.72294625,0.624397125
0.5,0.75,0.6875,0.6226447500000001,0.7261545,0.6880905625
0.5,0.75,0.75,0.6152477500000001,0.72936275,0.751784
0.5,0.75,0.8125,0.6078507500000001,0.732571,0.8154774375
0.5,0.75,0.875,0.60045375,0.73577925,0.879170875
0.5,0.75,0.9375,0.59305675,0.7389875,0.9428643125
0.5,0.75,1.0,0.58565975,0.74219575,1.00655775
0.5,0.8125,0.0,0.7402206875,0.7449963125,-0.0132846875
0.5,0.8125,0.0625,0.7328236875,0.7482045625,0.05040875
0.5,0.8125,0.125,0.7254266875000001,0.7514128125,0.11410218750000001
0.5,0.8125,0.1875,0.7180296875000001,0.7546210624999999,0.177795625
0.5,0.8125,0.25,0.7106326875000001,0.7578293125,0.24148906250000002
0.5,0.8125,0.3125,0.7032356875,0.7610375625,0.3051825
0.5,0.8125,0.375,0.6958386875,0.7642458125,0.36887593750000003
0.5,0.8125,0.4375,0.6884416875,0.7674540625,0.43256937500000003
0.5,0.8125,0.5,0.6810446875,0.7706623125,0.49626281250000004
0.5,0.8125,0.5625,0.6736476875,0.7738705625,0.55995625
0.5,0.8125,0.625,0.6662506875,0.7770788125,0.6236496875
0.5,0.8125,0.6875,0.6588536875000001,0.7802870625,0.687343125
0.5,0.8125,0.75,0.6514566875000001,0.7834953124999999,0.7510365625000001
0.5,0.8125,0.8125,0.6440596875,0.7867035625,0.8147300000000001
0.5,0.8125,0.875,0.6366626875,0.7899118125,0.8784234375000001
0.5,0.8125,0.9375,0.6292656875,0.7931200625,0.9421168750000001
0.5,0.8125,1.0,0.6218686875,0.7963283125,1.0058103125000002
0.5,0.875,0.0,0.776429625,0.7991288750000001,-0.014032125
0.5,0.875,0.0625,0.769032625,0.8023371250000001,0.049661312500000006
0.5,0.875,0.125,0.761635625,0.8055453750000001,0.11335475
0.5,0.875,0.1875,0.754238625,0.808753625,0.1770481875
0.5,0.875,0.25,0.7468416250000001,0.811961875,0.24074162500000001
0.5,0.875,0.3125,0.739444625,0.8151701250000001,0.3044350625
0.5,0.875,0.375,0.732047625,0.8183783750000001,0.3681285
0.5,0.875,0.4375,0.724650625,0.8215866250000001,0.43182193750000003
0.5,0.875,0.5,0.717253625,0.824794875,0.49551537500000004
0.5,0.875,0.5625,0.709856625,0.8280031250000001,0.5592088125000001
0.5,0.875,0.625,0.702459625,0.8312113750000001,0.6229022500000001
0.5,0.875,0.6875,0.695062625,0.8344196250000001,0.6865956875000001
0.5,0.875,0.75,0.6876656250000001,0.8376278750000001,0.7502891250000001
0.5,0.875,0.8125,0.6802686250000001,0.840836125,0.8139825625000001
0.5,0.875,0.875,0.672871625,0.8440443750000001,0.8776760000000001
0.5,0.875,0.9375,0.665474625,0.8472526250000001,0.9413694375000001
0.5,0.875,1.0,0.658077625,0.8504608750000001,1.0050628750000001
0.5,0.9375,0.0,0.8126385625000001,0.8532614375,-0.0147795625
0.5,0.9375,0.0625,0.8052415625000001,0.8564696875000001,0.04891387500000001
0.5,0.9375,0.125,0.7978445625000001,0.8596779375000001,0.11260731250000001
0.5,0.9375,0.1875,0.7904475625000001,0.8628861875,0.17630075
0.5,0.9375,0.25,0.7830505625000002,0.8660944375,0.2399941875
0.5,0.9375,0.3125,0.7756535625000001,0.8693026875000001,0.303687625
0.5,0.9375,0.375,0.7682565625000001,0.8725109375000001,0.3673810625
0.5,0.9375,0.4375,0.7608595625000001,0.8757191875000001,0.4310745
0.5,0.9375,0.5,0.7534625625000001,0.8789274375,0.49476793750000003
0.5,0.9375,0.5625,0.7460655625000001,0.8821356875,0.558461375
0.5,0.9375,0.625,0.7386685625000001,0.8853439375000001,0.6221548125
0.5,0.9375,0.6875,0.7312715625000001,0.8885521875000001,0.68584825
0.5,0.9375,0.75,0.7238745625000002,0.8917604375000001,0.7495416875
0.5,0.9375,0.8125,0.7164775625000002,0.8949686875,0.8132351250000001
0.5,0.9375,0.875,0.7090805625000001,0.8981769375,0.8769285625000001
0.5,0.9375,0.9375,0.7016835625000001,0.9013851875000001,0.9406220000000001
0.5,0.9375,1.0,0.6942865625000001,0.9045934375000001,1.0043154375
0.5,1.0,0.0,0.8488475,0.907394,-0.015527
0.5,1.0,0.0625,0.8414505,0.9106022500000001,0.048166437500000006
0.5,1.0,0.125,0.8340535,0.9138105000000001,0.11185987500000001
0.5,1.0,0.1875,0.8266565,0.91701875,0.1755533125
0.5,1.0,0.25,0.8192595,0.920227,0.23924675
0.5,1.0,0.3125,0.8118624999999999,0.92343525,0.3029401875
0.5,1.0,0.375,0.8044655,0.9266435000000001,0.366633625
0.5,1.0,0.4375,0.7970685,0.9298517500000001,0.4303270625
0.5,1.0,0.5,0.7896715,0.93306,0.49402050000000003
0.5,1.0,0.5625,0.7822745,0.93626825,0.5577139375000001
0.5,1.0,0.625,0.7748775,0.9394765,0.6214073750000001
0.5,1.0,0.6875,0.7674805,0.9426847500000001,0.6851008125000001
0.5,1.0,0.75,0.7600835,0.9458930000000001,0.7487942500000001
0.5,1.0,0.8125,0.7526865,0.94910125,0.8124876875000001
0.5,1.0,0.875,0.7452894999999999,0.9523095,0.8761811250000001
0.5,1.0,0.9375,0.7378925,0.95551775,0.9398745625000001
0.5,1.0,1.0,0.7304955,0.9587260000000001,1.003568
0.5625,0.0,0.0,0.3031925625,0.046432125,-0.004014
0.5625,0.0,0.0625,0.2957955625,0.049640375,0.0596794375
0.5625,0.0,0.125,0.2883985625,0.052848624999999996,0.123372875
0.5625,0.0,0.1875,0.28100156249999997,0.056056875,0.18706631250000003
0.5625,0.0,0.25,0.2736045625,0.059265125,0.25075975
0.5625,0.0,0.3125,0.2662075625,0.062473375,0.3144531875
0.5625,0.0,0.375,0.2588105625,0.065681625,0.378146625
0.5625,0.0,0.4375,0.25141356249999997,0.068889875,0.4418400625
0.5625,0.0,0.5,0.24401656249999998,0.072098125,0.5055335000000001
0.5625,0.0,0.5625,0.2366195625,0.075306375,0.5692269375000001
0.5625,0.0,0.625,0.2292225625,0.078514625,0.6329203750000001
0.5625,0.0,0.6875,0.2218255625,0.081722875,0.6966138125000001
0.5625,0.0,0.75,0.21442856249999998,0.084931125,0.7603072500000001
0.5625,0.0,0.8125,0.2070315625,0.08813937499999999,0.8240006875000001
0.5625,0.0,0.875,0.1996345625,0.091347625,0.8876941250000001
0.5625,0.0,0.9375,0.1922375625,0.094555875,0.9513875625000001
0.5625,0.0,1.0,0.18484056249999997,0.09776412500000001,1.0150810000000001
0.5625,0.0625,0.0,0.33940149999999997,0.1005646875,-0.0047614375
0.5625,0.0625,0.0625,0.3320045,0.1037729375,0.058932000000000005
0.5625,0.0625,0.125,0.3246075,0.1069811875,0.12262543750000002
0.5625,0.0625,0.1875,0.31721049999999995,0.1101894375,0.18631887500000002
0.5625,0.0625,0.25,0.30981349999999996,0.1133976875,0.2500123125
0.5625,0.0625,0.3125,0.3024165,0.1166059375,0.31370575
0.5625,0.0625,0.375,0.2950195,0.1198141875,0.3773991875
0.5625,0.0625,0.4375,0.28762249999999995,0.1230224375,0.441092625
0.5625,0.0625,0.5,0.28022549999999996,0.1262306875,0.5047860625
0.5625,0.0625,0.5625,0.2728285,0.1294389375,0.5684795
0.5625,0.0625,0.625,0.2654315,0.13264718749999999,0.6321729375
0.5625,0.0625,0.6875,0.25803449999999994,0.1358554375,0.695866375
0.5625,0.0625,0.75,0.25063749999999996,0.1390636875,0.7595598125
0.5625,0.0625,0.8125,0.24324049999999997,0.1422719375,0.82325325
0.5625,0.0625,0.875,0.23584349999999998,0.1454801875,0.8869466875
0.5625,0.0625,0.9375,0.22844649999999997,0.1486884375,0.9506401250000001
0.5625,0.0625,1.0,0.22104949999999995,0.15189668750000002,1.0143335625
0.5625,0.125,0.0,0.3756104375,0.15469725,-0.005508875
0.5625,0.125,0.0625,0.3682134375,0.1579055,0.05818456250000001
0.5625,0.125,0.125,0.36081643750000003,0.16111375,0.12187800000000001
0.5625,0.125,0.1875,0.3534194375,0.16432200000000002,0.18557143750000002
0.5625,0.125,0.25,0.3460224375,0.16753025000000002,0.24926487500000002
0.5625,0.125,0.3125,0.3386254375,0.17073850000000002,0.3129583125
0.5625,0.125,0.375,0.33122843750000003,0.17394675,0.37665175
0.5625,0.125,0.4375,0.3238314375,0.177155,0.4403451875
0.5625,0.125,0.5,0.3164344375,0.18036325,0.5040386250000001
0.5625,0.125,0.5625,0.3090374375,0.1835715,0.5677320625000001
0.5625,0.125,0.625,0.3016404375,0.18677975000000002,0.6314255000000001
0.5625,0.125,0.6875,0.29424343750000004,0.18998800000000002,0.6951189375000001
0.5625,0.125,0.75,0.2868464375,0.19319625,0.7588123750000001
0.5625,0.125,0.8125,0.2794494375,0.1964045,0.8225058125000001
0.5625,0.125,0.875,0.2720524375,0.19961275,0.8861992500000001
0.5625,0.125,0.9375,0.2646554375,0.202821,0.9498926875000001
0.5625,0.125,1.0,0.2572584375,0.20602925,1.013586125
0.5625,0.1875,0.0,0.411819375,0.2088298125,-0.0062563125
0.5625,0.1875,0.0625,0.404422375,0.21203806249999999,0.057437125000000006
0.5625,0.1875,0.125,0.397025375,0.21524631249999998,0.12113056250000001
0.5625,0.1875,0.1875,0.38962837499999997,0.2184545625,0.18482400000000002
0.5625,0.1875,0.25,0.382231375,0.2216628125,0.24851743750000002
0.5625,0.1875,0.3125,0.374834375,0.2248710625,0.312210875
0.5625,0.1875,0.375,0.367437375,0.2280793125,0.3759043125
0.5625,0.1875,0.4375,0.36004037499999997,0.2312875625,0.43959775
0.5625,0.1875,0.5,0.352643375,0.23449581249999998,0.5032911875
0.5625,0.1875,0.5625,0.345246375,0.23770406249999998,0.566984625
0.5625,0.1875,0.625,0.337849375,0.2409123125,0.6306780625
0.5625,0.1875,0.6875,0.330452375,0.2441205625,0.6943715
0.5625,0.1875,0.75,0.323055375,0.2473288125,0.7580649375
0.5625,0.1875,0.8125,0.315658375,0.25053706249999996,0.821758375
0.5625,0.1875,0.875,0.308261375,0.2537453125,0.8854518125
0.5625,0.1875,0.9375,0.30086437499999996,0.2569535625,0.94914525
0.5625,0.1875,1.0,0.293467375,0.2601618125,1.0128386875000002
0.5625,0.25,0.0,0.44802831249999997,0.262962375,-0.0070037499999999996
0.5625,0.25,0.0625,0.4406313125,0.26617062500000005,0.0566896875
0.5625,0.25,0.125,0.4332343125,0.269378875,0.12038312500000001
0.5625,0.25,0.1875,0.42583731249999995,0.27258712500000004,0.1840765625
0.5625,0.25,0.25,0.41844031249999997,0.275795375,0.24777000000000002
0.5625,0.25,0.3125,0.4110433125,0.27900362500000003,0.31146343750000005
0.5625,0.25,0.375,0.4036463125,0.282211875,0.37515687500000006
0.5625,0.25,0.4375,0.39624931249999995,0.285420125,0.43885031250000006
0.5625,0.25,0.5,0.38885231249999996,0.28862837500000005,0.5025437500000001
0.5625,0.25,0.5625,0.3814553125,0.291836625,0.5662371875000001
0.5625,0.25,0.625,0.3740583125,0.29504487500000004,0.6299306250000001
0.5625,0.25,0.6875,0.3666613125,0.298253125,0.6936240625000001
0.5625,0.25,0.75,0.35926431249999996,0.30146137500000003,0.7573175000000001
0.5625,0.25,0.8125,0.3518673125,0.30466962500000005,0.8210109375000001
0.5625,0.25,0.875,0.3444703125,0.307877875,0.8847043750000001
0.5625,0.25,0.9375,0.33707331249999994,0.31108612500000005,0.9483978125000001
0.5625,0.25,1.0,0.32967631249999996,0.314294375,1.01209125
0.5625,0.3125,0.0,0.48423725,0.3170949375,-0.007751187499999999
0.5625,0.3125,0.0625,0.47684025,0.32030318750000003,0.055942250000000006
0.5625,0.3125,0.125,0.46944325000000003,0.3235114375,0.1196356875
0.5625,0.3125,0.1875,0.46204625,0.3267196875,0.183329125
0.5625,0.3125,0.25,0.45464925,0.3299279375,0.24702256250000001
0.5625,0.3125,0.3125,0.44725225,0.3331361875,0.31071600000000005
0.5625,0.3125,0.375,0.43985525000000003,0.3363444375,0.37440943750000005
0.5625,0.3125,0.4375,0.43245825,0.3395526875,0.43810287500000006
0.5625,0.3125,0.5,0.42506125,0.34276093750000003,0.5017963125
0.5625,0.3125,0.5625,0.41766425,0.3459691875,0.56548975
0.5625,0.3125,0.625,0.41026725,0.3491774375,0.6291831875
0.5625,0.3125,0.6875,0.40287025,0.3523856875,0.692876625
0.5625,0.3125,0.75,0.39547325,0.3555939375,0.7565700625
0.5625,0.3125,0.8125,0.38807625,0.35880218750000004,0.8202635
0.5625,0.3125,0.875,0.38067925,0.3620104375,0.8839569375
0.5625,0.3125,0.9375,0.37328225000000004,0.3652186875,0.947650375
0.5625,0.3125,1.0,0.36588525,0.3684269375,1.0113438125
0.5625,0.375,0.0,0.5204461874999999,0.3712275,-0.008498625
0.5625,0.375,0.0625,0.5130491875,0.37443575,0.05519481250000001
0.5625,0.375,0.125,0.5056521875,0.377644,0.11888825000000001
0.5625,0.375,0.1875,0.4982551874999999,0.38085225,0.1825816875
0.5625,0.375,0.25,0.49085818749999993,0.38406049999999997,0.246275125
0.5625,0.375,0.3125,0.48346118749999994,0.38726875,0.30996856250000004
0.5625,0.375,0.375,0.47606418749999996,0.39047699999999996,0.37366200000000005
0.5625,0.375,0.4375,0.4686671874999999,0.39368525,0.43735543750000005
0.5625,0.375,0.5,0.46127018749999993,0.3968935,0.5010488750000001
0.5625,0.375,0.5625,0.45387318749999994,0.40010175,0.5647423125000001
0.5625,0.375,0.625,0.44647618749999995,0.40331,0.6284357500000001
0.5625,0.375,0.6875,0.43907918749999997,0.40651824999999997,0.6921291875000001
0.5625,0.375,0.75,0.4316821874999999,0.4097265,0.7558226250000001
0.5625,0.375,0.8125,0.42428518749999994,0.41293475,0.8195160625000001
0.5625,0.375,0.875,0.41688818749999995,0.416143,0.8832095000000001
0.5625,0.375,0.9375,0.4094911874999999,0.41935125,0.9469029375000001
0.5625,0.375,1.0,0.4020941874999999,0.4225595,1.010596375
0.5625,0.4375,0.0,0.556655125,0.4253600625,-0.009246062499999999
0.5625,0.4375,0.0625,0.549258125,0.42856831250000005,0.054447375000000006
0.5625,0.4375,0.125,0.541861125,0.4317765625,0.11814081250000001
0.5625,0.4375,0.1875,0.5344641250000001,0.43498481250000004,0.18183425000000003
0.5625,0.4375,0.25,0.5270671250000001,0.4381930625,0.24552768750000004
0.5625,0.4375,0.3125,0.519670125,0.44140131250000003,0.30922112500000004
0.5625,0.4375,0.375,0.512273125,0.44460956250000006,0.37291456250000005
0.5625,0.4375,0.4375,0.504876125,0.4478178125,0.43660800000000005
0.5625,0.4375,0.5,0.497479125,0.45102606250000005,0.5003014375
0.5625,0.4375,0.5625,0.49008212500000004,0.4542343125,0.563994875
0.5625,0.4375,0.625,0.48268512500000005,0.45744256250000004,0.6276883125
0.5625,0.4375,0.6875,0.47528812500000006,0.4606508125,0.69138175
0.5625,0.4375,0.75,0.467891125,0.46385906250000003,0.7550751875
0.5625,0.4375,0.8125,0.46049412500000003,0.4670673125,0.818768625
0.5625,0.4375,0.875,0.45309712500000004,0.4702755625,0.8824620625
0.5625,0.4375,0.9375,0.445700125,0.47348381250000005,0.9461555
0.5625,0.4375,1.0,0.438303125,0.4766920625,1.0098489375000002
0.5625,0.5,0.0,0.5928640625,0.479492625,-0.009993499999999999
0.5625,0.5,0.0625,0.5854670625,0.48270087500000003,0.0536999375
0.5625,0.5,0.125,0.5780700625,0.485909125,0.11739337500000001
0.5625,0.5,0.1875,0.5706730625,0.489117375,0.18108681250000003
0.5625,0.5,0.25,0.5632760625000001,0.492325625,0.24478025000000003
0.5625,0.5,0.3125,0.5558790625,0.495533875,0.30847368750000004
0.5625,0.5,0.375,0.5484820625,0.49874212500000004,0.37216712500000004
0.5625,0.5,0.4375,0.5410850625,0.5019503750000001,0.43586056250000005
0.5625,0.5,0.5,0.5336880625,0.505158625,0.49955400000000005
0.5625,0.5,0.5625,0.5262910625,0.508366875,0.5632474375000001
0.5625,0.5,0.625,0.5188940625,0.511575125,0.6269408750000001
0.5625,0.5,0.6875,0.5114970625,0.514783375,0.6906343125000001
0.5625,0.5,0.75,0.5041000625000001,0.5179916250000001,0.7543277500000001
0.5625,0.5,0.8125,0.4967030625,0.521199875,0.8180211875000001
0.5625,0.5,0.875,0.4893060625,0.524408125,0.8817146250000001
0.5625,0.5,0.9375,0.4819090625,0.527616375,0.9454080625000001
0.5625,0.5,1.0,0.4745120625,0.530824625,1.0091015
0.5625,0.5625,0.0,0.629073,0.5336251875,-0.010740937499999999
0.5625,0.5625,0.0625,0.621676,0.5368334375,0.052952500000000007
0.5625,0.5625,0.125,0.614279,0.5400416875,0.11664593750000002
0.5625,0.5625,0.1875,0.606882,0.5432499375,0.18033937500000002
0.5625,0.5625,0.25,0.599485,0.5464581875,0.24403281250000003
0.5625,0.5625,0.3125,0.592088,0.5496664375,0.30772625000000003
0.5625,0.5625,0.375,0.584691,0.5528746875,0.37141968750000004
0.5625,0.5625,0.4375,0.577294,0.5560829375,0.43511312500000004
0.5625,0.5625,0.5,0.569897,0.5592911875,0.49880656250000005
0.5625,0.5625,0.5625,0.5625,0.5624994375,0.5625
0.5625,0.5625,0.625,0.555103,0.5657076875,0.6261934375
0.5625,0.5625,0.6875,0.547706,0.5689159375,0.689886875
0.5625,0.5625,0.75,0.540309,0.5721241875,0.7535803125
0.5625,0.5625,0.8125,0.532912,0.5753324375,0.81727375
0.5625,0.5625,0.875,0.525515,0.5785406875,0.8809671875
0.5625,0.5625,0.9375,0.518118,0.5817489375,0.944660625
0.5625,0.5625,1.0,0.510721,0.5849571875,1.0083540625
0.5625,0.625,0.0,0.6652819375000001,0.5877577500000001,-0.011488374999999999
0.5625,0.625,0.0625,0.6578849375000001,0.5909660000000001,0.05220506250000001
0.5625,0.625,0.125,0.6504879375000001,0.5941742500000001,0.11589850000000002
0.5625,0.625,0.1875,0.6430909375000001,0.5973825,0.17959193750000002
0.5625,0.625,0.25,0.6356939375000001,0.6005907500000001,0.24328537500000003
0.5625,0.625,0.3125,0.6282969375,0.6037990000000001,0.30697881250000003
0.5625,0.625,0.375,0.6208999375,0.6070072500000001,0.37067225000000004
0.5625,0.625,0.4375,0.6135029375000001,0.6102155000000001,0.43436568750000004
0.5625,0.625,0.5,0.6061059375000001,0.61342375,0.49805912500000005
0.5625,0.625,0.5625,0.5987089375000001,0.6166320000000001,0.5617525625
0.5625,0.625,0.625,0.5913119375000001,0.6198402500000001,0.6254460000000001
0.5625,0.625,0.6875,0.5839149375000001,0.6230485000000001,0.6891394375000001
0.5625,0.625,0.75,0.5765179375000001,0.62625675,0.7528328750000001
0.5625,0.625,0.8125,0.5691209375000001,0.629465,0.8165263125000001
0.5625,0.625,0.875,0.5617239375,0.6326732500000001,0.8802197500000001
0.5625,0.625,0.9375,0.5543269375000001,0.6358815000000001,0.9439131875000001
0.5625,0.625,1.0,0.5469299375000001,0.6390897500000001,1.007606625
0.5625,0.6875,0.0,0.701490875,0.6418903125000001,-0.0122358125
0.5625,0.6875,0.0625,0.694093875,0.6450985625000001,0.05145762500000001
0.5625,0.6875,0.125,0.686696875,0.6483068125000001,0.11515106250000001
0.5625,0.6875,0.1875,0.679299875,0.6515150625,0.17884450000000002
0.5625,0.6875,0.25,0.671902875,0.6547233125,0.24253793750000002
0.5625,0.6875,0.3125,0.6645058749999999,0.6579315625000001,0.30623137500000003
0.5625,0.6875,0.375,0.6571088749999999,0.6611398125000001,0.36992481250000003
0.5625,0.6875,0.4375,0.6497118749999999,0.6643480625000001,0.43361825000000004
0.5625,0.6875,0.5,0.642314875,0.6675563125,0.49731168750000004
0.5625,0.6875,0.5625,0.634917875,0.6707645625,0.561005125
0.5625,0.6875,0.625,0.627520875,0.6739728125000001,0.6246985625
0.5625,0.6875,0.6875,0.620123875,0.6771810625000001,0.688392
0.5625,0.6875,0.75,0.612726875,0.6803893125,0.7520854375
0.5625,0.6875,0.8125,0.605329875,0.6835975625,0.815778875
0.5625,0.6875,0.875,0.5979328749999999,0.6868058125000001,0.8794723125
0.5625,0.6875,0.9375,0.5905358749999999,0.6900140625000001,0.94316575
0.5625,0.6875,1.0,0.583138875,0.6932223125000001,1.0068591875000001
0.5625,0.75,0.0,0.7376998125,0.696022875,-0.01298325
0.5625,0.75,0.0625,0.7303028125000001,0.6992311250000001,0.050710187500000004
0.5625,0.75,0.125,0.7229058125000001,0.7024393750000001,0.11440362500000001
0.5625,0.75,0.1875,0.7155088125000001,0.705647625,0.17809706250000001
0.5625,0.75,0.25,0.7081118125000001,0.708855875,0.24179050000000002
0.5625,0.75,0.3125,0.7007148125,0.712064125,0.3054839375
0.5625,0.75,0.375,0.6933178125,0.7152723750000001,0.36917737500000003
0.5625,0.75,0.4375,0.6859208125,0.7184806250000001,0.43287081250000004
0.5625,0.75,0.5,0.6785238125,0.721688875,0.49656425000000004
0.5625,0.75,0.5625,0.6711268125000001,0.724897125,0.5602576875
0.5625,0.75,0.625,0.6637298125000001,0.728105375,0.623951125
0.5625,0.75,0.6875,0.6563328125000001,0.7313136250000001,0.6876445625000001
0.5625,0.75,0.75,0.6489358125000001,0.734521875,0.7513380000000001
0.5625,0.75,0.8125,0.6415388125000001,0.737730125,0.8150314375000001
0.5625,0.75,0.875,0.6341418125,0.740938375,0.8787248750000001
0.5625,0.75,0.9375,0.6267448125,0.7441466250000001,0.9424183125000001
0.5625,0.75,1.0,0.6193478125,0.7473548750000001,1.00611175
0.5625,0.8125,0.0,0.77390875,0.7501554375,-0.0137306875
0.5625,0.8125,0.0625,0.76651175,0.7533636875,0.04996275000000001
0.5625,0.8125,0.125,0.7591147500000001,0.7565719375000001,0.1136561875
0.5625,0.8125,0.1875,0.7517177500000001,0.7597801875,0.177349625
0.5625,0.8125,0.25,0.7443207500000001,0.7629884375,0.24104306250000002
0.5625,0.8125,0.3125,0.73692375,0.7661966875,0.3047365
0.5625,0.8125,0.375,0.72952675,0.7694049375,0.3684299375
0.5625,0.8125,0.4375,0.72212975,0.7726131875000001,0.43212337500000003
0.5625,0.8125,0.5,0.71473275,0.7758214375,0.49581681250000004
0.5625,0.8125,0.5625,0.70733575,0.7790296875,0.5595102500000001
0.5625,0.8125,0.625,0.69993875,0.7822379375,0.6232036875000001
0.5625,0.8125,0.6875,0.6925417500000001,0.7854461875000001,0.6868971250000001
0.5625,0.8125,0.75,0.6851447500000001,0.7886544375,0.7505905625000001
0.5625,0.8125,0.8125,0.67774775,0.7918626875,0.8142840000000001
0.5625,0.8125,0.875,0.67035075,0.7950709375,0.8779774375000001
0.5625,0.8125,0.9375,0.66295375,0.7982791875,0.9416708750000001
0.5625,0.8125,1.0,0.65555675,0.8014874375000001,1.0053643125
0.5625,0.875,0.0,0.8101176875,0.8042880000000001,-0.014478125
0.5625,0.875,0.0625,0.8027206875,0.8074962500000001,0.049215312500000004
0.5625,0.875,0.125,0.7953236875,0.8107045000000002,0.11290875000000002
0.5625,0.875,0.1875,0.7879266875000001,0.8139127500000001,0.1766021875
0.5625,0.875,0.25,0.7805296875000001,0.8171210000000001,0.240295625
0.5625,0.875,0.3125,0.7731326875,0.8203292500000001,0.3039890625
0.5625,0.875,0.375,0.7657356875,0.8235375000000001,0.3676825
0.5625,0.875,0.4375,0.7583386875,0.8267457500000002,0.43137593750000003
0.5625,0.875,0.5,0.7509416875,0.8299540000000001,0.49506937500000003
0.5625,0.875,0.5625,0.7435446875,0.8331622500000001,0.5587628125
0.5625,0.875,0.625,0.7361476875,0.8363705000000001,0.62245625
0.5625,0.875,0.6875,0.7287506875,0.8395787500000002,0.6861496875
0.5625,0.875,0.75,0.7213536875000001,0.8427870000000002,0.749843125
0.5625,0.875,0.8125,0.7139566875000001,0.8459952500000001,0.8135365625000001
0.5625,0.875,0.875,0.7065596875,0.8492035000000001,0.8772300000000001
0.5625,0.875,0.9375,0.6991626875,0.8524117500000001,0.9409234375000001
0.5625,0.875,1.0,0.6917656875,0.8556200000000002,1.0046168750000002
0.5625,0.9375,0.0,0.8463266250000001,0.8584205625000001,-0.0152255625
0.5625,0.9375,0.0625,0.8389296250000001,0.8616288125000001,0.04846787500000001
0.5625,0.9375,0.125,0.8315326250000001,0.8648370625000001,0.11216131250000001
0.5625,0.9375,0.1875,0.8241356250000001,0.8680453125,0.17585475
0.5625,0.9375,0.25,0.8167386250000002,0.8712535625000001,0.2395481875
0.5625,0.9375,0.3125,0.8093416250000001,0.8744618125000001,0.303241625
0.5625,0.9375,0.375,0.8019446250000001,0.8776700625000001,0.3669350625
0.5625,0.9375,0.4375,0.7945476250000001,0.8808783125000001,0.4306285
0.5625,0.9375,0.5,0.7871506250000001,0.8840865625000001,0.49432193750000003
0.5625,0.9375,0.5625,0.7797536250000001,0.8872948125000001,0.5580153750000001
0.5625,0.9375,0.625,0.7723566250000001,0.8905030625000001,0.6217088125000001
0.5625,0.9375,0.6875,0.7649596250000001,0.8937113125000001,0.6854022500000001
0.5625,0.9375,0.75,0.7575626250000002,0.8969195625000002,0.7490956875000001
0.5625,0.9375,0.8125,0.7501656250000002,0.9001278125000001,0.8127891250000001
0.5625,0.9375,0.875,0.7427686250000001,0.9033360625000001,0.8764825625000001
0.5625,0.9375,0.9375,0.7353716250000001,0.9065443125000001,0.9401760000000001
0.5625,0.9375,1.0,0.7279746250000001,0.9097525625000001,1.0038694375000001
0.5625,1.0,0.0,0.8825355625,0.9125531250000001,-0.015973
0.5625,1.0,0.0625,0.8751385625,0.9157613750000001,0.047720437500000004
0.5625,1.0,0.125,0.8677415625,0.9189696250000001,0.11141387500000001
0.5625,1.0,0.1875,0.8603445625,0.922177875,0.1751073125
0.5625,1.0,0.25,0.8529475625,0.9253861250000001,0.23880075
0.5625,1.0,0.3125,0.8455505624999999,0.9285943750000001,0.3024941875
0.5625,1.0,0.375,0.8381535625,0.9318026250000001,0.366187625
0.5625,1.0,0.4375,0.8307565625,0.9350108750000001,0.4298810625
0.5625,1.0,0.5,0.8233595625,0.938219125,0.4935745
0.5625,1.0,0.5625,0.8159625625,0.9414273750000001,0.5572679375
0.5625,1.0,0.625,0.8085655625,0.9446356250000001,0.620961375
0.5625,1.0,0.6875,0.8011685625,0.9478438750000001,0.6846548125
0.5625,1.0,0.75,0.7937715625,0.9510521250000001,0.74834825
0.5625,1.0,0.8125,0.7863745625,0.954260375,0.8120416875
0.5625,1.0,0.875,0.7789775624999999,0.9574686250000001,0.8757351250000001
0.5625,1.0,0.9375,0.7715805625,0.9606768750000001,0.9394285625000001
0.5625,1.0,1.0,0.7641835625,0.9638851250000001,1.003122
0.625,0.0,0.0,0.336880625,0.05159125,-0.00446
0.625,0.0,0.0625,0.329483625,0.0547995,0.05923343750000001
0.625,0.0,0.125,0.322086625,0.05800775,0.122926875
0.625,0.0,0.1875,0.314689625,0.061216,0.18662031250000002
0.625,0.0,0.25,0.307292625,0.06442425,0.25031375
0.625,0.0,0.3125,0.299895625,0.0676325,0.3140071875
0.625,0.0,0.375,0.292498625,0.07084075000000001,0.377700625
0.625,0.0,0.4375,0.28510162499999997,0.074049,0.4413940625
0.625,0.0,0.5,0.277704625,0.07725725,0.5050875
0.625,0.0,0.5625,0.270307625,0.0804655,0.5687809375
0.625,0.0,0.625,0.262910625,0.08367374999999999,0.632474375
0.625,0.0,0.6875,0.25551362499999997,0.086882,0.6961678125
0.625,0.0,0.75,0.24811662499999998,0.09009025000000001,0.75986125
0.625,0.0,0.8125,0.240719625,0.0932985,0.8235546875
0.625,0.0,0.875,0.233322625,0.09650675,0.887248125
0.625,0.0,0.9375,0.225925625,0.099715,0.9509415625000001
0.625,0.0,1.0,0.21852862499999998,0.10292325,1.0146350000000002
0.625,0.0625,0.0,0.37308956249999997,0.1057238125,-0.0052074375
0.625,0.0625,0.0625,0.3656925625,0.1089320625,0.058486
0.625,0.0625,0.125,0.3582955625,0.1121403125,0.12217943750000002
0.625,0.0625,0.1875,0.35089856249999996,0.1153485625,0.18587287500000002
0.625,0.0625,0.25,0.34350156249999997,0.1185568125,0.24956631250000003
0.625,0.0625,0.3125,0.3361045625,0.1217650625,0.31325975
0.625,0.0625,0.375,0.3287075625,0.1249733125,0.3769531875
0.625,0.0625,0.4375,0.32131056249999995,0.1281815625,0.440646625
0.625,0.0625,0.5,0.31391356249999997,0.1313898125,0.5043400625000001
0.625,0.0625,0.5625,0.3065165625,0.1345980625,0.5680335000000001
0.625,0.0625,0.625,0.2991195625,0.1378063125,0.6317269375000001
0.625,0.0625,0.6875,0.29172256249999995,0.1410145625,0.6954203750000001
0.625,0.0625,0.75,0.28432556249999996,0.14422281250000002,0.7591138125000001
0.625,0.0625,0.8125,0.2769285625,0.1474310625,0.8228072500000001
0.625,0.0625,0.875,0.2695315625,0.1506393125,0.8865006875000001
0.625,0.0625,0.9375,0.2621345625,0.1538475625,0.9501941250000001
0.625,0.0625,1.0,0.25473756249999996,0.1570558125,1.0138875625000001
0.625,0.125,0.0,0.4092985,0.159856375,-0.005954875
0.625,0.125,0.0625,0.4019015,0.163064625,0.05773856250000001
0.625,0.125,0.125,0.39450450000000004,0.166272875,0.12143200000000001
0.625,0.125,0.1875,0.3871075,0.169481125,0.18512543750000002
0.625,0.125,0.25,0.3797105,0.172689375,0.24881887500000002
0.625,0.125,0.3125,0.3723135,0.175897625,0.3125123125
0.625,0.125,0.375,0.36491650000000003,0.179105875,0.37620575
0.625,0.125,0.4375,0.3575195,0.182314125,0.4398991875
0.625,0.125,0.5,0.3501225,0.185522375,0.503592625
0.625,0.125,0.5625,0.3427255,0.18873062499999999,0.5672860625
0.625,0.125,0.625,0.33532850000000003,0.191938875,0.6309795
0.625,0.125,0.6875,0.32793150000000004,0.195147125,0.6946729375
0.625,0.125,0.75,0.3205345,0.198355375,0.758366375
0.625,0.125,0.8125,0.3131375,0.201563625,0.8220598125
0.625,0.125,0.875,0.3057405,0.204771875,0.88575325
0.625,0.125,0.9375,0.2983435,0.207980125,0.9494466875
0.625,0.125,1.0,0.2909465,0.21118837499999998,1.013140125
0.625,0.1875,0.0,0.4455074375,0.2139889375,-0.0067023125
0.625,0.1875,0.0625,0.4381104375,0.2171971875,0.056991125000000004
0.625,0.1875,0.125,0.4307134375,0.2204054375,0.12068456250000001
0.625,0.1875,0.1875,0.4233164375,0.2236136875,0.18437800000000001
0.625,0.1875,0.25,0.4159194375,0.22682193750000001,0.24807143750000002
0.625,0.1875,0.3125,0.4085224375,0.2300301875,0.31176487500000005
0.625,0.1875,0.375,0.4011254375,0.2332384375,0.37545831250000006
0.625,0.1875,0.4375,0.3937284375,0.2364466875,0.43915175000000006
0.625,0.1875,0.5,0.3863314375,0.2396549375,0.5028451875000001
0.625,0.1875,0.5625,0.3789344375,0.2428631875,0.5665386250000001
0.625,0.1875,0.625,0.3715374375,0.2460714375,0.6302320625000001
0.625,0.1875,0.6875,0.3641404375,0.2492796875,0.6939255000000001
0.625,0.1875,0.75,0.3567434375,0.2524879375,0.7576189375000001
0.625,0.1875,0.8125,0.3493464375,0.2556961875,0.8213123750000001
0.625,0.1875,0.875,0.3419494375,0.25890443750000003,0.8850058125000001
0.625,0.1875,0.9375,0.33455243749999997,0.2621126875,0.9486992500000001
0.625,0.1875,1.0,0.3271554375,0.2653209375,1.0123926875
0.625,0.25,0.0,0.481716375,0.2681215,-0.00744975
0.625,0.25,0.0625,0.474319375,0.27132975000000004,0.05624368750000001
0.625,0.25,0.125,0.466922375,0.274538,0.119937125
0.625,0.25,0.1875,0.45952537499999996,0.27774625000000003,0.1836305625
0.625,0.25,0.25,0.45212837499999997,0.2809545,0.24732400000000002
0.625,0.25,0.3125,0.444731375,0.28416275,0.31101743750000005
0.625,0.25,0.375,0.437334375,0.28737100000000004,0.37471087500000005
0.625,0.25,0.4375,0.42993737499999995,0.29057925,0.43840431250000006
0.625,0.25,0.5,0.42254037499999997,0.29378750000000003,0.50209775
0.625,0.25,0.5625,0.415143375,0.29699575,0.5657911875
0.625,0.25,0.625,0.407746375,0.300204,0.629484625
0.625,0.25,0.6875,0.400349375,0.30341225,0.6931780625
0.625,0.25,0.75,0.39295237499999996,0.3066205,0.7568715
0.625,0.25,0.8125,0.385555375,0.30982875,0.8205649375
0.625,0.25,0.875,0.378158375,0.313037,0.884258375
0.625,0.25,0.9375,0.37076137499999995,0.31624525000000003,0.9479518125
0.625,0.25,1.0,0.36336437499999996,0.3194535,1.0116452500000002
0.625,0.3125,0.0,0.5179253125000001,0.3222540625,-0.0081971875
0.625,0.3125,0.0625,0.5105283125000001,0.3254623125,0.055496250000000004
0.625,0.3125,0.125,0.5031313125000001,0.3286705625,0.11918968750000002
0.625,0.3125,0.1875,0.49573431250000005,0.3318788125,0.182883125
0.625,0.3125,0.25,0.48833731250000006,0.3350870625,0.2465765625
0.625,0.3125,0.3125,0.4809403125000001,0.3382953125,0.31027000000000005
0.625,0.3125,0.375,0.4735433125000001,0.3415035625,0.37396343750000005
0.625,0.3125,0.4375,0.46614631250000005,0.3447118125,0.43765687500000006
0.625,0.3125,0.5,0.45874931250000006,0.3479200625,0.5013503125000001
0.625,0.3125,0.5625,0.4513523125000001,0.3511283125,0.5650437500000001
0.625,0.3125,0.625,0.4439553125000001,0.3543365625,0.6287371875000001
0.625,0.3125,0.6875,0.4365583125000001,0.3575448125,0.6924306250000001
0.625,0.3125,0.75,0.42916131250000006,0.3607530625,0.7561240625000001
0.625,0.3125,0.8125,0.42176431250000007,0.36396131249999997,0.8198175000000001
0.625,0.3125,0.875,0.4143673125000001,0.3671695625,0.8835109375000001
0.625,0.3125,0.9375,0.40697031250000004,0.3703778125,0.9472043750000001
0.625,0.3125,1.0,0.39957331250000006,0.3735860625,1.0108978125
0.625,0.375,0.0,0.5541342499999999,0.376386625,-0.008944625000000001
0.625,0.375,0.0625,0.54673725,0.379594875,0.05474881250000001
0.625,0.375,0.125,0.53934025,0.38280312499999997,0.11844225000000001
0.625,0.375,0.1875,0.53194325,0.386011375,0.1821356875
0.625,0.375,0.25,0.52454625,0.38921962499999996,0.245829125
0.625,0.375,0.3125,0.5171492499999999,0.392427875,0.30952256250000004
0.625,0.375,0.375,0.5097522499999999,0.395636125,0.37321600000000005
0.625,0.375,0.4375,0.5023552499999999,0.398844375,0.43690943750000005
0.625,0.375,0.5,0.49495824999999993,0.402052625,0.500602875
0.625,0.375,0.5625,0.48756124999999995,0.40526087499999996,0.5642963125
0.625,0.375,0.625,0.48016424999999996,0.408469125,0.62798975
0.625,0.375,0.6875,0.47276724999999997,0.41167737499999996,0.6916831875
0.625,0.375,0.75,0.46537024999999993,0.414885625,0.755376625
0.625,0.375,0.8125,0.45797324999999994,0.41809387499999995,0.8190700625
0.625,0.375,0.875,0.45057624999999996,0.42130212499999997,0.8827635
0.625,0.375,0.9375,0.4431792499999999,0.424510375,0.9464569375
0.625,0.375,1.0,0.4357822499999999,0.42771862499999996,1.010150375
0.625,0.4375,0.0,0.5903431875,0.4305191875,-0.009692062500000001
0.625,0.4375,0.0625,0.5829461875,0.43372743750000003,0.054001375000000004
0.625,0.4375,0.125,0.5755491875000001,0.4369356875,0.11769481250000001
0.625,0.4375,0.1875,0.5681521875000001,0.4401439375,0.18138825000000003
0.625,0.4375,0.25,0.5607551875000001,0.4433521875,0.24508168750000003
0.625,0.4375,0.3125,0.5533581875,0.4465604375,0.30877512500000004
0.625,0.4375,0.375,0.5459611875,0.4497686875,0.37246856250000004
0.625,0.4375,0.4375,0.5385641875,0.4529769375,0.43616200000000005
0.625,0.4375,0.5,0.5311671875,0.45618518750000003,0.49985543750000005
0.625,0.4375,0.5625,0.5237701875,0.4593934375,0.5635488750000001
0.625,0.4375,0.625,0.5163731875,0.4626016875,0.6272423125000001
0.625,0.4375,0.6875,0.5089761875000001,0.4658099375,0.6909357500000001
0.625,0.4375,0.75,0.5015791875000001,0.4690181875,0.7546291875000001
0.625,0.4375,0.8125,0.49418218750000004,0.47222643750000004,0.8183226250000001
0.625,0.4375,0.875,0.48678518750000005,0.4754346875,0.8820160625000001
0.625,0.4375,0.9375,0.4793881875,0.47864293750000003,0.9457095000000001
0.625,0.4375,1.0,0.4719911875,0.4818511875,1.0094029375
0.625,0.5,0.0,0.626552125,0.48465175,-0.0104395
0.625,0.5,0.0625,0.619155125,0.48786,0.0532539375
0.625,0.5,0.125,0.611758125,0.49106825,0.116947375
0.625,0.5,0.1875,0.604361125,0.4942765,0.18064081250000003
0.625,0.5,0.25,0.5969641250000001,0.49748475,0.24433425000000003
0.625,0.5,0.3125,0.589567125,0.5006929999999999,0.30802768750000004
0.625,0.5,0.375,0.582170125,0.50390125,0.37172112500000004
0.625,0.5,0.4375,0.574773125,0.5071095,0.43541456250000005
0.625,0.5,0.5,0.567376125,0.51031775,0.49910800000000005
0.625,0.5,0.5625,0.559979125,0.513526,0.5628014375
0.625,0.5,0.625,0.552582125,0.51673425,0.626494875
0.625,0.5,0.6875,0.545185125,0.5199425,0.6901883125
0.625,0.5,0.75,0.5377881250000001,0.52315075,0.75388175
0.625,0.5,0.8125,0.530391125,0.526359,0.8175751875
0.625,0.5,0.875,0.522994125,0.52956725,0.881268625
0.625,0.5,0.9375,0.515597125,0.5327755,0.9449620625
0.625,0.5,1.0,0.508200125,0.53598375,1.0086555000000001
0.625,0.5625,0.0,0.6627610625,0.5387843125,-0.0111869375
0.625,0.5625,0.0625,0.6553640625,0.5419925625,0.052506500000000005
0.625,0.5625,0.125,0.6479670625,0.5452008125000001,0.11619993750000002
0.625,0.5625,0.1875,0.6405700625,0.5484090625,0.17989337500000002
0.625,0.5625,0.25,0.6331730625,0.5516173125,0.24358681250000003
0.625,0.5625,0.3125,0.6257760625,0.5548255625,0.30728025000000003
0.625,0.5625,0.375,0.6183790625,0.5580338125000001,0.37097368750000004
0.625,0.5625,0.4375,0.6109820625,0.5612420625000001,0.43466712500000004
0.625,0.5625,0.5,0.6035850625,0.5644503125,0.49836056250000005
0.625,0.5625,0.5625,0.5961880625,0.5676585625,0.562054
0.625,0.5625,0.625,0.5887910625,0.5708668125,0.6257474375000001
0.625,0.5625,0.6875,0.5813940625,0.5740750625000001,0.6894408750000001
0.625,0.5625,0.75,0.5739970625,0.5772833125000001,0.7531343125000001
0.625,0.5625,0.8125,0.5666000625000001,0.5804915625,0.8168277500000001
0.625,0.5625,0.875,0.5592030625,0.5836998125,0.8805211875000001
0.625,0.5625,0.9375,0.5518060625,0.5869080625,0.9442146250000001
0.625,0.5625,1.0,0.5444090625,0.5901163125000001,1.0079080625
0.625,0.625,0.0,0.6989700000000001,0.592916875,-0.011934375
0.625,0.625,0.0625,0.6915730000000001,0.596125125,0.05175906250000001
0.625,0.625,0.125,0.6841760000000001,0.5993333750000001,0.11545250000000001
0.625,0.625,0.1875,0.6767790000000001,0.602541625,0.17914593750000002
0.625,0.625,0.25,0.6693820000000001,0.605749875,0.24283937500000002
0.625,0.625,0.3125,0.661985,0.608958125,0.30653281250000003
0.625,0.625,0.375,0.6545880000000001,0.612166375,0.37022625000000003
0.625,0.625,0.4375,0.6471910000000001,0.6153746250000001,0.43391968750000004
0.625,0.625,0.5,0.6397940000000001,0.618582875,0.49761312500000004
0.625,0.625,0.5625,0.6323970000000001,0.621791125,0.5613065625
0.625,0.625,0.625,0.6250000000000001,0.624999375,0.625
0.625,0.625,0.6875,0.6176030000000001,0.628207625,0.6886934375
0.625,0.625,0.75,0.6102060000000001,0.6314158750000001,0.752386875
0.625,0.625,0.8125,0.6028090000000002,0.634624125,0.8160803125
0.625,0.625,0.875,0.595412,0.637832375,0.87977375
0.625,0.625,0.9375,0.5880150000000001,0.641040625,0.9434671875
0.625,0.625,1.0,0.5806180000000001,0.644248875,1.007160625
0.625,0.6875,0.0,0.7351789375,0.6470494375,-0.0126818125
0.625,0.6875,0.0625,0.7277819375,0.6502576875,0.051011625000000005
0.625,0.6875,0.125,0.7203849375,0.6534659375,0.11470506250000001
0.625,0.6875,0.1875,0.7129879375,0.6566741875,0.17839850000000002
0.625,0.6875,0.25,0.7055909375,0.6598824375,0.24209193750000002
0.625,0.6875,0.3125,0.6981939374999999,0.6630906875,0.305785375
0.625,0.6875,0.375,0.6907969374999999,0.6662989375,0.36947881250000003
0.625,0.6875,0.4375,0.6833999374999999,0.6695071875,0.43317225000000004
0.625,0.6875,0.5,0.6760029375,0.6727154375,0.49686568750000004
0.625,0.6875,0.5625,0.6686059375,0.6759236875,0.560559125
0.625,0.6875,0.625,0.6612089375,0.6791319375,0.6242525625
0.625,0.6875,0.6875,0.6538119375,0.6823401875,0.6879460000000001
0.625,0.6875,0.75,0.6464149375,0.6855484375,0.7516394375000001
0.625,0.6875,0.8125,0.6390179375,0.6887566875,0.8153328750000001
0.625,0.6875,0.875,0.6316209374999999,0.6919649375,0.8790263125000001
0.625,0.6875,0.9375,0.6242239374999999,0.6951731875,0.9427197500000001
0.625,0.6875,1.0,0.6168269375,0.6983814375,1.0064131875000002
0.625,0.75,0.0,0.7713878750000001,0.701182,-0.01342925
0.625,0.75,0.0625,0.7639908750000001,0.70439025,0.0502641875
0.625,0.75,0.125,0.7565938750000001,0.7075985,0.113957625
0.625,0.75,0.1875,0.7491968750000001,0.7108067499999999,0.1776510625
0.625,0.75,0.25,0.7417998750000001,0.714015,0.24134450000000002
0.625,0.75,0.3125,0.734402875,0.71722325,0.3050379375
0.625,0.75,0.375,0.727005875,0.7204315,0.36873137500000003
0.625,0.75,0.4375,0.719608875,0.72363975,0.43242481250000003
0.625,0.75,0.5,0.712211875,0.7268479999999999,0.49611825000000004
0.625,0.75,0.5625,0.7048148750000001,0.73005625,0.5598116875000001
0.625,0.75,0.625,0.6974178750000001,0.7332645,0.6235051250000001
0.625,0.75,0.6875,0.6900208750000001,0.73647275,0.6871985625000001
0.625,0.75,0.75,0.6826238750000001,0.739681,0.7508920000000001
0.625,0.75,0.8125,0.6752268750000001,0.74288925,0.8145854375000001
0.625,0.75,0.875,0.667829875,0.7460975,0.8782788750000001
0.625,0.75,0.9375,0.660432875,0.74930575,0.9419723125000001
0.625,0.75,1.0,0.653035875,0.752514,1.0056657500000001
0.625,0.8125,0.0,0.8075968125,0.7553145625,-0.0141766875
0.625,0.8125,0.0625,0.8001998125,0.7585228125,0.049516750000000005
0.625,0.8125,0.125,0.7928028125000001,0.7617310625,0.1132101875
0.625,0.8125,0.1875,0.7854058125000001,0.7649393124999999,0.176903625
0.625,0.8125,0.25,0.7780088125000001,0.7681475624999999,0.24059706250000001
0.625,0.8125,0.3125,0.7706118125,0.7713558125,0.3042905
0.625,0.8125,0.375,0.7632148125,0.7745640625,0.3679839375
0.625,0.8125,0.4375,0.7558178125,0.7777723125,0.43167737500000003
0.625,0.8125,0.5,0.7484208125,0.7809805624999999,0.49537081250000004
0.625,0.8125,0.5625,0.7410238125,0.7841888124999999,0.55906425
0.625,0.8125,0.625,0.7336268125000001,0.7873970625,0.6227576875
0.625,0.8125,0.6875,0.7262298125000001,0.7906053125,0.686451125
0.625,0.8125,0.75,0.7188328125000001,0.7938135625,0.7501445625000001
0.625,0.8125,0.8125,0.7114358125,0.7970218124999999,0.8138380000000001
0.625,0.8125,0.875,0.7040388125,0.8002300625,0.8775314375000001
0.625,0.8125,0.9375,0.6966418125,0.8034383125,0.9412248750000001
0.625,0.8125,1.0,0.6892448125,0.8066465625,1.0049183125
0.625,0.875,0.0,0.84380575,0.809447125,-0.014924125
0.625,0.875,0.0625,0.83640875,0.8126553750000001,0.04876931250000001
0.625,0.875,0.125,0.82901175,0.8158636250000001,0.11246275000000001
0.625,0.875,0.1875,0.8216147500000001,0.819071875,0.1761561875
0.625,0.875,0.25,0.8142177500000001,0.822280125,0.239849625
0.625,0.875,0.3125,0.80682075,0.825488375,0.3035430625
0.625,0.875,0.375,0.79942375,0.8286966250000001,0.3672365
0.625,0.875,0.4375,0.79202675,0.8319048750000001,0.4309299375
0.625,0.875,0.5,0.78462975,0.835113125,0.49462337500000003
0.625,0.875,0.5625,0.77723275,0.838321375,0.5583168125000001
0.625,0.875,0.625,0.76983575,0.8415296250000001,0.6220102500000001
0.625,0.875,0.6875,0.76243875,0.8447378750000001,0.6857036875000001
0.625,0.875,0.75,0.7550417500000001,0.847946125,0.7493971250000001
0.625,0.875,0.8125,0.7476447500000001,0.851154375,0.8130905625000001
0.625,0.875,0.875,0.74024775,0.854362625,0.8767840000000001
0.625,0.875,0.9375,0.73285075,0.8575708750000001,0.9404774375000001
0.625,0.875,1.0,0.72545375,0.8607791250000001,1.004170875
0.625,0.9375,0.0,0.8800146875000001,0.8635796875,-0.0156715625
0.625,0.9375,0.0625,0.8726176875000001,0.8667879375,0.048021875000000006
0.625,0.9375,0.125,0.8652206875000001,0.8699961875000001,0.11171531250000001
0.625,0.9375,0.1875,0.8578236875000002,0.8732044375,0.17540875
0.625,0.9375,0.25,0.8504266875000002,0.8764126875,0.2391021875
0.625,0.9375,0.3125,0.8430296875000001,0.8796209375,0.302795625
0.625,0.9375,0.375,0.8356326875000001,0.8828291875000001,0.3664890625
0.625,0.9375,0.4375,0.8282356875000001,0.8860374375000001,0.4301825
0.625,0.9375,0.5,0.8208386875000001,0.8892456875,0.49387593750000003
0.625,0.9375,0.5625,0.8134416875000001,0.8924539375,0.557569375
0.625,0.9375,0.625,0.8060446875000001,0.8956621875,0.6212628125
0.625,0.9375,0.6875,0.7986476875000001,0.8988704375000001,0.68495625
0.625,0.9375,0.75,0.7912506875000002,0.9020786875,0.7486496875
0.625,0.9375,0.8125,0.7838536875000002,0.9052869375,0.812343125
0.625,0.9375,0.875,0.7764566875000001,0.9084951875,0.8760365625000001
0.625,0.9375,0.9375,0.7690596875000001,0.9117034375,0.9397300000000001
0.625,0.9375,1.0,0.7616626875000001,0.9149116875000001,1.0034234375000002
0.625,1.0,0.0,0.916223625,0.91771225,-0.016419
0.625,1.0,0.0625,0.908826625,0.9209205,0.0472744375
0.625,1.0,0.125,0.901429625,0.92412875,0.11096787500000001
0.625,1.0,0.1875,0.894032625,0.927337,0.17466131250000003
0.625,1.0,0.25,0.886635625,0.93054525,0.23835475000000003
0.625,1.0,0.3125,0.8792386249999999,0.9337535,0.3020481875
0.625,1.0,0.375,0.871841625,0.93696175,0.365741625
0.625,1.0,0.4375,0.864444625,0.9401700000000001,0.4294350625
0.625,1.0,0.5,0.857047625,0.94337825,0.4931285
0.625,1.0,0.5625,0.849650625,0.9465865,0.5568219375000001
0.625,1.0,0.625,0.842253625,0.94979475,0.6205153750000001
0.625,1.0,0.6875,0.834856625,0.953003,0.6842088125000001
0.625,1.0,0.75,0.827459625,0.95621125,0.7479022500000001
0.625,1.0,0.8125,0.820062625,0.9594195,0.8115956875000001
0.625,1.0,0.875,0.812665625,0.96262775,0.8752891250000001
0.625,1.0,0.9375,0.805268625,0.965836,0.9389825625000001
0.625,1.0,1.0,0.797871625,0.96904425,1.0026760000000001
0.6875,0.0,0.0,0.3705686875,0.056750375,-0.004906
0.6875,0.0,0.0625,0.3631716875,0.059958625,0.058787437500000005
0.6875,0.0,0.125,0.3557746875,0.063166875,0.12248087500000002
0.6875,0.0,0.1875,0.3483776875,0.06637512500000001,0.18617431250000002
0.6875,0.0,0.25,0.3409806875,0.069583375,0.24986775000000003
0.6875,0.0,0.3125,0.3335836875,0.072791625,0.3135611875
0.6875,0.0,0.375,0.3261866875,0.075999875,0.377254625
0.6875,0.0,0.4375,0.3187896875,0.079208125,0.4409480625
0.6875,0.0,0.5,0.3113926875,0.082416375,0.5046415000000001
0.6875,0.0,0.5625,0.3039956875,0.085624625,0.5683349375000001
0.6875,0.0,0.625,0.2965986875,0.088832875,0.6320283750000001
0.6875,0.0,0.6875,0.28920168749999997,0.092041125,0.6957218125000001
0.6875,0.0,0.75,0.2818046875,0.095249375,0.7594152500000001
0.6875,0.0,0.8125,0.2744076875,0.098457625,0.8231086875000001
0.6875,0.0,0.875,0.2670106875,0.101665875,0.8868021250000001
0.6875,0.0,0.9375,0.2596136875,0.104874125,0.9504955625000001
0.6875,0.0,1.0,0.2522166875,0.10808237500000001,1.014189
0.6875,0.0625,0.0,0.406777625,0.1108829375,-0.0056534375
0.6875,0.0625,0.0625,0.399380625,0.1140911875,0.05804000000000001
0.6875,0.0625,0.125,0.391983625,0.1172994375,0.12173343750000001
0.6875,0.0625,0.1875,0.38458662499999996,0.1205076875,0.18542687500000002
0.6875,0.0625,0.25,0.377189625,0.1237159375,0.24912031250000002
0.6875,0.0625,0.3125,0.369792625,0.1269241875,0.31281375
0.6875,0.0625,0.375,0.362395625,0.1301324375,0.3765071875
0.6875,0.0625,0.4375,0.35499862499999996,0.1333406875,0.440200625
0.6875,0.0625,0.5,0.34760162499999997,0.1365489375,0.5038940625
0.6875,0.0625,0.5625,0.340204625,0.1397571875,0.5675875
0.6875,0.0625,0.625,0.332807625,0.14296543750000001,0.6312809375
0.6875,0.0625,0.6875,0.32541062499999995,0.1461736875,0.694974375
0.6875,0.0625,0.75,0.31801362499999997,0.1493819375,0.7586678125
0.6875,0.0625,0.8125,0.310616625,0.1525901875,0.82236125
0.6875,0.0625,0.875,0.303219625,0.1557984375,0.8860546875
0.6875,0.0625,0.9375,0.295822625,0.1590066875,0.949748125
0.6875,0.0625,1.0,0.28842562499999996,0.1622149375,1.0134415625000002
0.6875,0.125,0.0,0.4429865625,0.1650155,-0.0064008749999999994
0.6875,0.125,0.0625,0.4355895625,0.16822375,0.057292562500000005
0.6875,0.125,0.125,0.42819256250000004,0.171432,0.12098600000000001
0.6875,0.125,0.1875,0.4207955625,0.17464025,0.18467943750000002
0.6875,0.125,0.25,0.4133985625,0.17784850000000002,0.24837287500000002
0.6875,0.125,0.3125,0.4060015625,0.18105675000000002,0.31206631250000005
0.6875,0.125,0.375,0.39860456250000004,0.184265,0.37575975000000006
0.6875,0.125,0.4375,0.3912075625,0.18747325,0.43945318750000006
0.6875,0.125,0.5,0.3838105625,0.1906815,0.5031466250000001
0.6875,0.125,0.5625,0.3764135625,0.19388975,0.5668400625000001
0.6875,0.125,0.625,0.36901656250000003,0.197098,0.6305335000000001
0.6875,0.125,0.6875,0.36161956250000005,0.20030625000000002,0.6942269375000001
0.6875,0.125,0.75,0.3542225625,0.20351450000000001,0.7579203750000001
0.6875,0.125,0.8125,0.3468255625,0.20672275,0.8216138125000001
0.6875,0.125,0.875,0.33942856250000003,0.209931,0.8853072500000001
0.6875,0.125,0.9375,0.3320315625,0.21313925,0.9490006875000001
0.6875,0.125,1.0,0.3246345625,0.21634750000000003,1.0126941250000001
0.6875,0.1875,0.0,0.4791955,0.2191480625,-0.0071483125
0.6875,0.1875,0.0625,0.4717985,0.2223563125,0.056545125
0.6875,0.1875,0.125,0.4644015,0.22556456249999998,0.1202385625
0.6875,0.1875,0.1875,0.4570045,0.22877281249999998,0.183932
0.6875,0.1875,0.25,0.4496075,0.2319810625,0.24762543750000002
0.6875,0.1875,0.3125,0.4422105,0.2351893125,0.31131887500000005
0.6875,0.1875,0.375,0.4348135,0.2383975625,0.37501231250000006
0.6875,0.1875,0.4375,0.4274165,0.2416058125,0.43870575000000006
0.6875,0.1875,0.5,0.4200195,0.24481406249999998,0.5023991875
0.6875,0.1875,0.5625,0.4126225,0.24802231249999998,0.566092625
0.6875,0.1875,0.625,0.4052255,0.2512305625,0.6297860625
0.6875,0.1875,0.6875,0.39782850000000003,0.2544388125,0.6934795
0.6875,0.1875,0.75,0.3904315,0.2576470625,0.7571729375
0.6875,0.1875,0.8125,0.3830345,0.2608553125,0.820866375
0.6875,0.1875,0.875,0.3756375,0.2640635625,0.8845598125
0.6875,0.1875,0.9375,0.36824049999999997,0.2672718125,0.94825325
0.6875,0.1875,1.0,0.3608435,0.2704800625,1.0119466875
0.6875,0.25,0.0,0.5154044375,0.273280625,-0.00789575
0.6875,0.25,0.0625,0.5080074375,0.276488875,0.055797687500000005
0.6875,0.25,0.125,0.5006104375,0.279697125,0.119491125
0.6875,0.25,0.1875,0.49321343749999996,0.282905375,0.1831845625
0.6875,0.25,0.25,0.4858164375,0.286113625,0.24687800000000001
0.6875,0.25,0.3125,0.4784194375,0.289321875,0.31057143750000005
0.6875,0.25,0.375,0.4710224375,0.292530125,0.37426487500000005
0.6875,0.25,0.4375,0.46362543749999996,0.295738375,0.43795831250000006
0.6875,0.25,0.5,0.4562284375,0.298946625,0.5016517500000001
0.6875,0.25,0.5625,0.4488314375,0.302154875,0.5653451875000001
0.6875,0.25,0.625,0.4414344375,0.305363125,0.6290386250000001
0.6875,0.25,0.6875,0.4340374375,0.308571375,0.6927320625000001
0.6875,0.25,0.75,0.42664043749999997,0.311779625,0.7564255000000001
0.6875,0.25,0.8125,0.4192434375,0.31498787500000003,0.8201189375000001
0.6875,0.25,0.875,0.4118464375,0.318196125,0.8838123750000001
0.6875,0.25,0.9375,0.40444943749999995,0.321404375,0.9475058125000001
0.6875,0.25,1.0,0.39705243749999997,0.324612625,1.01119925
0.6875,0.3125,0.0,0.5516133750000001,0.32741318750000004,-0.0086431875
0.6875,0.3125,0.0625,0.5442163750000001,0.33062143750000006,0.05505025000000001
0.6875,0.3125,0.125,0.5368193750000001,0.3338296875,0.11874368750000001
0.6875,0.3125,0.1875,0.5294223750000001,0.33703793750000005,0.182437125
0.6875,0.3125,0.25,0.5220253750000001,0.3402461875,0.2461305625
0.6875,0.3125,0.3125,0.514628375,0.34345443750000004,0.30982400000000004
0.6875,0.3125,0.375,0.507231375,0.34666268750000007,0.37351743750000005
0.6875,0.3125,0.4375,0.49983437500000005,0.34987093750000003,0.43721087500000005
0.6875,0.3125,0.5,0.49243737500000007,0.35307918750000006,0.5009043125
0.6875,0.3125,0.5625,0.4850403750000001,0.3562874375,0.56459775
0.6875,0.3125,0.625,0.4776433750000001,0.35949568750000005,0.6282911875
0.6875,0.3125,0.6875,0.4702463750000001,0.3627039375,0.691984625
0.6875,0.3125,0.75,0.46284937500000006,0.36591218750000004,0.7556780625
0.6875,0.3125,0.8125,0.4554523750000001,0.3691204375,0.8193715
0.6875,0.3125,0.875,0.4480553750000001,0.37232868750000003,0.8830649375
0.6875,0.3125,0.9375,0.44065837500000005,0.37553693750000006,0.946758375
0.6875,0.3125,1.0,0.43326137500000006,0.3787451875,1.0104518125000002
0.6875,0.375,0.0,0.5878223124999999,0.38154575,-0.009390625
0.6875,0.375,0.0625,0.5804253125,0.38475400000000004,0.054302812500000006
0.6875,0.375,0.125,0.5730283125,0.38796225,0.11799625000000001
0.6875,0.375,0.1875,0.5656313125,0.39117050000000003,0.18168968750000003
0.6875,0.375,0.25,0.5582343125,0.39437875,0.24538312500000004
0.6875,0.375,0.3125,0.5508373124999999,0.397587,0.30907656250000004
0.6875,0.375,0.375,0.5434403124999999,0.40079525000000005,0.37277000000000005
0.6875,0.375,0.4375,0.5360433124999999,0.4040035,0.43646343750000005
0.6875,0.375,0.5,0.5286463124999999,0.40721175000000004,0.5001568750000001
0.6875,0.375,0.5625,0.5212493125,0.41042,0.5638503125000001
0.6875,0.375,0.625,0.5138523125,0.41362825000000003,0.6275437500000001
0.6875,0.375,0.6875,0.5064553125,0.4168365,0.6912371875000001
0.6875,0.375,0.75,0.49905831249999993,0.42004475,0.7549306250000001
0.6875,0.375,0.8125,0.49166131249999995,0.423253,0.8186240625000001
0.6875,0.375,0.875,0.48426431249999996,0.42646125,0.8823175000000001
0.6875,0.375,0.9375,0.4768673124999999,0.42966950000000004,0.9460109375000001
0.6875,0.375,1.0,0.46947031249999993,0.43287775,1.009704375
0.6875,0.4375,0.0,0.62403125,0.43567831250000005,-0.0101380625
0.6875,0.4375,0.0625,0.61663425,0.4388865625000001,0.053555375
0.6875,0.4375,0.125,0.6092372500000001,0.44209481250000005,0.11724881250000001
0.6875,0.4375,0.1875,0.6018402500000001,0.44530306250000007,0.18094225000000003
0.6875,0.4375,0.25,0.5944432500000001,0.44851131250000004,0.24463568750000003
0.6875,0.4375,0.3125,0.58704625,0.45171956250000006,0.30832912500000004
0.6875,0.4375,0.375,0.57964925,0.45492781250000003,0.37202256250000004
0.6875,0.4375,0.4375,0.57225225,0.45813606250000005,0.43571600000000005
0.6875,0.4375,0.5,0.56485525,0.4613443125000001,0.49940943750000005
0.6875,0.4375,0.5625,0.55745825,0.46455256250000004,0.563102875
0.6875,0.4375,0.625,0.5500612500000001,0.46776081250000007,0.6267963125
0.6875,0.4375,0.6875,0.5426642500000001,0.47096906250000004,0.69048975
0.6875,0.4375,0.75,0.5352672500000001,0.47417731250000006,0.7541831875
0.6875,0.4375,0.8125,0.5278702500000001,0.4773855625000001,0.817876625
0.6875,0.4375,0.875,0.52047325,0.48059381250000005,0.8815700625
0.6875,0.4375,0.9375,0.51307625,0.4838020625000001,0.9452635
0.6875,0.4375,1.0,0.50567925,0.48701031250000004,1.0089569375
0.6875,0.5,0.0,0.6602401875,0.48981087500000003,-0.0108855
0.6875,0.5,0.0625,0.6528431875,0.49301912500000006,0.052807937500000006
0.6875,0.5,0.125,0.6454461875,0.496227375,0.11650137500000002
0.6875,0.5,0.1875,0.6380491875000001,0.49943562500000005,0.18019481250000002
0.6875,0.5,0.25,0.6306521875000001,0.5026438750000001,0.24388825000000003
0.6875,0.5,0.3125,0.6232551875,0.505852125,0.30758168750000003
0.6875,0.5,0.375,0.6158581875,0.509060375,0.37127512500000004
0.6875,0.5,0.4375,0.6084611875,0.512268625,0.43496856250000004
0.6875,0.5,0.5,0.6010641875,0.5154768750000001,0.49866200000000005
0.6875,0.5,0.5625,0.5936671875,0.5186851250000001,0.5623554375
0.6875,0.5,0.625,0.5862701875,0.521893375,0.6260488750000001
0.6875,0.5,0.6875,0.5788731875,0.525101625,0.6897423125000001
0.6875,0.5,0.75,0.5714761875000001,0.528309875,0.7534357500000001
0.6875,0.5,0.8125,0.5640791875,0.5315181250000001,0.8171291875000001
0.6875,0.5,0.875,0.5566821875,0.5347263750000001,0.8808226250000001
0.6875,0.5,0.9375,0.5492851875,0.537934625,0.9445160625000001
0.6875,0.5,1.0,0.5418881875,0.541142875,1.0082095
0.6875,0.5625,0.0,0.696449125,0.5439434375,-0.0116329375
0.6875,0.5625,0.0625,0.689052125,0.5471516875,0.05206050000000001
0.6875,0.5625,0.125,0.681655125,0.5503599375,0.11575393750000001
0.6875,0.5625,0.1875,0.674258125,0.5535681874999999,0.17944737500000002
0.6875,0.5625,0.25,0.666861125,0.5567764374999999,0.24314081250000003
0.6875,0.5625,0.3125,0.659464125,0.5599846875,0.30683425000000003
0.6875,0.5625,0.375,0.652067125,0.5631929375,0.37052768750000004
0.6875,0.5625,0.4375,0.644670125,0.5664011875,0.43422112500000004
0.6875,0.5625,0.5,0.637273125,0.5696094374999999,0.49791456250000005
0.6875,0.5625,0.5625,0.629876125,0.5728176875,0.561608
0.6875,0.5625,0.625,0.622479125,0.5760259375,0.6253014375
0.6875,0.5625,0.6875,0.615082125,0.5792341875,0.688994875
0.6875,0.5625,0.75,0.607685125,0.5824424374999999,0.7526883125
0.6875,0.5625,0.8125,0.6002881250000001,0.5856506874999999,0.81638175
0.6875,0.5625,0.875,0.592891125,0.5888589375,0.8800751875
0.6875,0.5625,0.9375,0.585494125,0.5920671875,0.943768625
0.6875,0.5625,1.0,0.578097125,0.5952754375,1.0074620625000001
0.6875,0.625,0.0,0.7326580625000001,0.598076,-0.012380374999999999
0.6875,0.625,0.0625,0.7252610625000001,0.6012842500000001,0.051313062500000006
0.6875,0.625,0.125,0.7178640625000001,0.6044925000000001,0.11500650000000001
0.6875,0.625,0.1875,0.7104670625000001,0.60770075,0.17869993750000002
0.6875,0.625,0.25,0.7030700625000001,0.610909,0.24239337500000002
0.6875,0.625,0.3125,0.6956730625,0.6141172500000001,0.3060868125
0.6875,0.625,0.375,0.6882760625000001,0.6173255000000001,0.36978025000000003
0.6875,0.625,0.4375,0.6808790625000001,0.6205337500000001,0.43347368750000004
0.6875,0.625,0.5,0.6734820625000001,0.623742,0.49716712500000004
0.6875,0.625,0.5625,0.6660850625000001,0.62695025,0.5608605625
0.6875,0.625,0.625,0.6586880625000001,0.6301585000000001,0.624554
0.6875,0.625,0.6875,0.6512910625000001,0.6333667500000001,0.6882474375000001
0.6875,0.625,0.75,0.6438940625000001,0.6365750000000001,0.7519408750000001
0.6875,0.625,0.8125,0.6364970625000002,0.63978325,0.8156343125000001
0.6875,0.625,0.875,0.6291000625000001,0.6429915,0.8793277500000001
0.6875,0.625,0.9375,0.6217030625000001,0.6461997500000001,0.9430211875000001
0.6875,0.625,1.0,0.6143060625000001,0.6494080000000001,1.006714625
0.6875,0.6875,0.0,0.768867,0.6522085625,-0.013127812499999999
0.6875,0.6875,0.0625,0.76147,0.6554168125000001,0.050565625
0.6875,0.6875,0.125,0.754073,0.6586250625000001,0.11425906250000001
0.6875,0.6875,0.1875,0.746676,0.6618333125,0.1779525
0.6875,0.6875,0.25,0.739279,0.6650415625,0.24164593750000002
0.6875,0.6875,0.3125,0.7318819999999999,0.6682498125,0.305339375
0.6875,0.6875,0.375,0.7244849999999999,0.6714580625000001,0.36903281250000003
0.6875,0.6875,0.4375,0.717088,0.6746663125000001,0.43272625000000003
0.6875,0.6875,0.5,0.709691,0.6778745625,0.49641968750000004
0.6875,0.6875,0.5625,0.702294,0.6810828125,0.5601131250000001
0.6875,0.6875,0.625,0.694897,0.6842910625,0.6238065625000001
0.6875,0.6875,0.6875,0.6875,0.6874993125000001,0.6875000000000001
0.6875,0.6875,0.75,0.680103,0.6907075625000001,0.7511934375000001
0.6875,0.6875,0.8125,0.672706,0.6939158125,0.8148868750000001
0.6875,0.6875,0.875,0.6653089999999999,0.6971240625,0.8785803125000001
0.6875,0.6875,0.9375,0.6579119999999999,0.7003323125,0.9422737500000001
0.6875,0.6875,1.0,0.650515,0.7035405625000001,1.0059671875
0.6875,0.75,0.0,0.8050759375000001,0.706341125,-0.013875249999999999
0.6875,0.75,0.0625,0.7976789375000001,0.709549375,0.04981818750000001
0.6875,0.75,0.125,0.7902819375000001,0.7127576250000001,0.113511625
0.6875,0.75,0.1875,0.7828849375000001,0.715965875,0.1772050625
0.6875,0.75,0.25,0.7754879375000001,0.719174125,0.24089850000000002
0.6875,0.75,0.3125,0.7680909375,0.722382375,0.3045919375
0.6875,0.75,0.375,0.7606939375,0.725590625,0.368285375
0.6875,0.75,0.4375,0.7532969375,0.7287988750000001,0.43197881250000003
0.6875,0.75,0.5,0.7458999375,0.732007125,0.49567225000000004
0.6875,0.75,0.5625,0.7385029375000001,0.735215375,0.5593656875
0.6875,0.75,0.625,0.7311059375000001,0.738423625,0.623059125
0.6875,0.75,0.6875,0.7237089375000001,0.741631875,0.6867525625
0.6875,0.75,0.75,0.7163119375000001,0.7448401250000001,0.7504460000000001
0.6875,0.75,0.8125,0.7089149375000001,0.748048375,0.8141394375000001
0.6875,0.75,0.875,0.7015179375,0.751256625,0.8778328750000001
0.6875,0.75,0.9375,0.6941209375,0.754464875,0.9415263125000001
0.6875,0.75,1.0,0.6867239375,0.7576731250000001,1.0052197500000002
0.6875,0.8125,0.0,0.841284875,0.7604736875,-0.014622687499999999
0.6875,0.8125,0.0625,0.8338878750000001,0.7636819375,0.04907075000000001
0.6875,0.8125,0.125,0.8264908750000001,0.7668901875,0.11276418750000002
0.6875,0.8125,0.1875,0.8190938750000001,0.7700984375,0.176457625
0.6875,0.8125,0.25,0.8116968750000001,0.7733066875,0.2401510625
0.6875,0.8125,0.3125,0.804299875,0.7765149375,0.3038445
0.6875,0.8125,0.375,0.796902875,0.7797231875,0.3675379375
0.6875,0.8125,0.4375,0.789505875,0.7829314375,0.43123137500000003
0.6875,0.8125,0.5,0.782108875,0.7861396875,0.49492481250000003
0.6875,0.8125,0.5625,0.774711875,0.7893479375,0.5586182500000001
0.6875,0.8125,0.625,0.7673148750000001,0.7925561875,0.6223116875000001
0.6875,0.8125,0.6875,0.7599178750000001,0.7957644375,0.6860051250000001
0.6875,0.8125,0.75,0.7525208750000001,0.7989726875000001,0.7496985625000001
0.6875,0.8125,0.8125,0.745123875,0.8021809375,0.8133920000000001
0.6875,0.8125,0.875,0.737726875,0.8053891875,0.8770854375000001
0.6875,0.8125,0.9375,0.730329875,0.8085974375,0.9407788750000001
0.6875,0.8125,1.0,0.722932875,0.8118056875,1.0044723125000001
0.6875,0.875,0.0,0.8774938125,0.8146062500000001,-0.015370124999999998
0.6875,0.875,0.0625,0.8700968125,0.8178145000000001,0.04832331250000001
0.6875,0.875,0.125,0.8626998125,0.8210227500000001,0.11201675000000001
0.6875,0.875,0.1875,0.8553028125000001,0.824231,0.1757101875
0.6875,0.875,0.25,0.8479058125000001,0.8274392500000001,0.239403625
0.6875,0.875,0.3125,0.8405088125,0.8306475000000001,0.3030970625
0.6875,0.875,0.375,0.8331118125,0.8338557500000001,0.3667905
0.6875,0.875,0.4375,0.8257148125,0.8370640000000001,0.4304839375
0.6875,0.875,0.5,0.8183178125,0.84027225,0.49417737500000003
0.6875,0.875,0.5625,0.8109208125,0.8434805000000001,0.5578708125
0.6875,0.875,0.625,0.8035238125,0.8466887500000001,0.62156425
0.6875,0.875,0.6875,0.7961268125000001,0.8498970000000001,0.6852576875
0.6875,0.875,0.75,0.7887298125000001,0.85310525,0.748951125
0.6875,0.875,0.8125,0.7813328125000001,0.8563135000000001,0.8126445625000001
0.6875,0.875,0.875,0.7739358125,0.8595217500000001,0.8763380000000001
0.6875,0.875,0.9375,0.7665388125,0.8627300000000001,0.9400314375000001
0.6875,0.875,1.0,0.7591418125,0.8659382500000001,1.003724875
0.6875,0.9375,0.0,0.9137027500000001,0.8687388125000001,-0.016117562499999998
0.6875,0.9375,0.0625,0.9063057500000001,0.8719470625000001,0.047575875000000004
0.6875,0.9375,0.125,0.8989087500000001,0.8751553125000001,0.11126931250000001
0.6875,0.9375,0.1875,0.8915117500000002,0.8783635625,0.17496275000000003
0.6875,0.9375,0.25,0.8841147500000002,0.8815718125,0.23865618750000003
0.6875,0.9375,0.3125,0.8767177500000001,0.8847800625000001,0.302349625
0.6875,0.9375,0.375,0.8693207500000001,0.8879883125000001,0.3660430625
0.6875,0.9375,0.4375,0.8619237500000001,0.8911965625000001,0.4297365
0.6875,0.9375,0.5,0.8545267500000001,0.8944048125,0.4934299375
0.6875,0.9375,0.5625,0.8471297500000001,0.8976130625000001,0.5571233750000001
0.6875,0.9375,0.625,0.8397327500000001,0.9008213125000001,0.6208168125000001
0.6875,0.9375,0.6875,0.8323357500000002,0.9040295625000001,0.6845102500000001
0.6875,0.9375,0.75,0.8249387500000002,0.9072378125,0.7482036875000001
0.6875,0.9375,0.8125,0.8175417500000002,0.9104460625,0.8118971250000001
0.6875,0.9375,0.875,0.8101447500000001,0.9136543125000001,0.8755905625000001
0.6875,0.9375,0.9375,0.8027477500000001,0.9168625625000001,0.9392840000000001
0.6875,0.9375,1.0,0.7953507500000001,0.9200708125000001,1.0029774375
0.6875,1.0,0.0,0.9499116875,0.922871375,-0.016864999999999998
0.6875,1.0,0.0625,0.9425146875,0.9260796250000001,0.04682843750000001
0.6875,1.0,0.125,0.9351176875,0.9292878750000001,0.11052187500000002
0.6875,1.0,0.1875,0.9277206875,0.932496125,0.17421531250000002
0.6875,1.0,0.25,0.9203236875,0.935704375,0.23790875000000003
0.6875,1.0,0.3125,0.9129266875,0.9389126250000001,0.3016021875
0.6875,1.0,0.375,0.9055296875,0.9421208750000001,0.365295625
0.6875,1.0,0.4375,0.8981326875,0.9453291250000001,0.4289890625
0.6875,1.0,0.5,0.8907356875,0.948537375,0.4926825
0.6875,1.0,0.5625,0.8833386875,0.951745625,0.5563759375
0.6875,1.0,0.625,0.8759416875,0.9549538750000001,0.620069375
0.6875,1.0,0.6875,0.8685446875,0.9581621250000001,0.6837628125
0.6875,1.0,0.75,0.8611476875,0.961370375,0.74745625
0.6875,1.0,0.8125,0.8537506875,0.964578625,0.8111496875
0.6875,1.0,0.875,0.8463536875,0.967786875,0.874843125
0.6875,1.0,0.9375,0.8389566875,0.9709951250000001,0.9385365625000001
0.6875,1.0,1.0,0.8315596875,0.9742033750000001,1.0022300000000002
0.75,0.0,0.0,0.40425674999999994,0.06190949999999999,-0.005352
0.75,0.0,0.0625,0.39685974999999996,0.06511774999999999,0.0583414375
0.75,0.0,0.125,0.38946274999999997,0.068326,0.12203487500000001
0.75,0.0,0.1875,0.3820657499999999,0.07153425,0.18572831250000002
0.75,0.0,0.25,0.37466874999999994,0.07474249999999999,0.24942175000000003
0.75,0.0,0.3125,0.36727174999999995,0.07795074999999999,0.3131151875
0.75,0.0,0.375,0.35987474999999997,0.081159,0.376808625
0.75,0.0,0.4375,0.3524777499999999,0.08436724999999999,0.4405020625
0.75,0.0,0.5,0.34508074999999994,0.0875755,0.5041955
0.75,0.0,0.5625,0.33768374999999995,0.09078375,0.5678889375
0.75,0.0,0.625,0.33028674999999996,0.09399199999999999,0.631582375
0.75,0.0,0.6875,0.32288975,0.09720024999999999,0.6952758125
0.75,0.0,0.75,0.31549274999999993,0.1004085,0.75896925
0.75,0.0,0.8125,0.30809574999999995,0.10361675,0.8226626875
0.75,0.0,0.875,0.30069874999999996,0.106825,0.886356125
0.75,0.0,0.9375,0.2933017499999999,0.11003325,0.9500495625
0.75,0.0,1.0,0.28590474999999993,0.1132415,1.013743
0.75,0.0625,0.0,0.4404656874999999,0.11604206249999999,-0.0060994375
0.75,0.0625,0.0625,0.43306868749999994,0.11925031249999998,0.057594000000000006
0.75,0.0625,0.125,0.42567168749999995,0.12245856249999999,0.12128743750000001
0.75,0.0625,0.1875,0.4182746874999999,0.1256668125,0.18498087500000002
0.75,0.0625,0.25,0.4108776874999999,0.1288750625,0.24867431250000002
0.75,0.0625,0.3125,0.40348068749999993,0.1320833125,0.31236775
0.75,0.0625,0.375,0.39608368749999995,0.1352915625,0.3760611875
0.75,0.0625,0.4375,0.3886866874999999,0.13849981249999999,0.439754625
0.75,0.0625,0.5,0.3812896874999999,0.14170806249999998,0.5034480625000001
0.75,0.0625,0.5625,0.37389268749999993,0.14491631249999998,0.5671415000000001
0.75,0.0625,0.625,0.36649568749999994,0.1481245625,0.6308349375000001
0.75,0.0625,0.6875,0.35909868749999996,0.1513328125,0.6945283750000001
0.75,0.0625,0.75,0.3517016874999999,0.1545410625,0.7582218125000001
0.75,0.0625,0.8125,0.34430468749999993,0.1577493125,0.8219152500000001
0.75,0.0625,0.875,0.33690768749999994,0.16095756249999998,0.8856086875000001
0.75,0.0625,0.9375,0.3295106874999999,0.16416581249999998,0.9493021250000001
0.75,0.0625,1.0,0.3221136874999999,0.16737406249999998,1.0129955625
0.75,0.125,0.0,0.47667462499999996,0.170174625,-0.006846875
0.75,0.125,0.0625,0.469277625,0.173382875,0.0568465625
0.75,0.125,0.125,0.461880625,0.176591125,0.12054000000000001
0.75,0.125,0.1875,0.45448362499999995,0.17979937499999998,0.1842334375
0.75,0.125,0.25,0.44708662499999996,0.183007625,0.24792687500000002
0.75,0.125,0.3125,0.439689625,0.186215875,0.31162031250000005
0.75,0.125,0.375,0.432292625,0.189424125,0.37531375000000006
0.75,0.125,0.4375,0.42489562499999994,0.192632375,0.43900718750000006
0.75,0.125,0.5,0.41749862499999996,0.195840625,0.502700625
0.75,0.125,0.5625,0.41010162499999997,0.199048875,0.5663940625
0.75,0.125,0.625,0.402704625,0.20225712499999998,0.6300875
0.75,0.125,0.6875,0.39530762499999994,0.205465375,0.6937809375
0.75,0.125,0.75,0.38791062499999995,0.208673625,0.757474375
0.75,0.125,0.8125,0.38051362499999997,0.211881875,0.8211678125
0.75,0.125,0.875,0.373116625,0.215090125,0.88486125
0.75,0.125,0.9375,0.365719625,0.218298375,0.9485546875
0.75,0.125,1.0,0.35832262499999995,0.221506625,1.0122481250000002
0.75,0.1875,0.0,0.5128835624999999,0.2243071875,-0.0075943125
0.75,0.1875,0.0625,0.5054865624999999,0.2275154375,0.05609912500000001
0.75,0.1875,0.125,0.4980895624999999,0.2307236875,0.1197925625
0.75,0.1875,0.1875,0.4906925624999999,0.23393193750000002,0.183486
0.75,0.1875,0.25,0.4832955624999999,0.23714018750000002,0.24717943750000002
0.75,0.1875,0.3125,0.4758985624999999,0.2403484375,0.31087287500000005
0.75,0.1875,0.375,0.4685015624999999,0.2435566875,0.37456631250000005
0.75,0.1875,0.4375,0.46110456249999987,0.2467649375,0.43825975000000006
0.75,0.1875,0.5,0.4537075624999999,0.2499731875,0.5019531875000001
0.75,0.1875,0.5625,0.4463105624999999,0.2531814375,0.5656466250000001
0.75,0.1875,0.625,0.4389135624999999,0.2563896875,0.6293400625000001
0.75,0.1875,0.6875,0.4315165624999999,0.2595979375,0.6930335000000001
0.75,0.1875,0.75,0.4241195624999999,0.2628061875,0.7567269375000001
0.75,0.1875,0.8125,0.4167225624999999,0.2660144375,0.8204203750000001
0.75,0.1875,0.875,0.4093255624999999,0.2692226875,0.8841138125000001
0.75,0.1875,0.9375,0.40192856249999986,0.2724309375,0.9478072500000001
0.75,0.1875,1.0,0.3945315624999999,0.2756391875,1.0115006875
0.75,0.25,0.0,0.5490925,0.27843975,-0.00834175
0.75,0.25,0.0625,0.5416955,0.281648,0.0553516875
0.75,0.25,0.125,0.5342985,0.28485625,0.11904512500000002
0.75,0.25,0.1875,0.5269015,0.2880645,0.1827385625
0.75,0.25,0.25,0.5195045,0.29127274999999997,0.246432
0.75,0.25,0.3125,0.5121074999999999,0.294481,0.31012543750000005
0.75,0.25,0.375,0.5047105,0.29768925,0.37381887500000005
0.75,0.25,0.4375,0.49731349999999996,0.3008975,0.43751231250000006
0.75,0.25,0.5,0.4899165,0.30410575,0.50120575
0.75,0.25,0.5625,0.4825195,0.307314,0.5648991875
0.75,0.25,0.625,0.4751225,0.31052225,0.628592625
0.75,0.25,0.6875,0.4677255,0.31373049999999997,0.6922860625
0.75,0.25,0.75,0.4603285,0.31693875,0.7559795
0.75,0.25,0.8125,0.4529315,0.32014699999999996,0.8196729375
0.75,0.25,0.875,0.4455345,0.32335525,0.883366375
0.75,0.25,0.9375,0.43813749999999996,0.3265635,0.9470598125
0.75,0.25,1.0,0.43074049999999997,0.32977175,1.01075325
0.75,0.3125,0.0,0.5853014375,0.3325723125,-0.0090891875
0.75,0.3125,0.0625,0.5779044375,0.33578056250000005,0.05460425000000001
0.75,0.3125,0.125,0.5705074375,0.3389888125,0.11829768750000001
0.75,0.3125,0.1875,0.5631104375,0.34219706250000004,0.181991125
0.75,0.3125,0.25,0.5557134375,0.3454053125,0.2456845625
0.75,0.3125,0.3125,0.5483164374999999,0.34861356250000003,0.30937800000000004
0.75,0.3125,0.375,0.5409194374999999,0.3518218125,0.37307143750000005
0.75,0.3125,0.4375,0.5335224375,0.3550300625,0.43676487500000005
0.75,0.3125,0.5,0.5261254375,0.35823831250000004,0.5004583125000001
0.75,0.3125,0.5625,0.5187284375,0.3614465625,0.5641517500000001
0.75,0.3125,0.625,0.5113314375,0.36465481250000004,0.6278451875000001
0.75,0.3125,0.6875,0.5039344375,0.3678630625,0.6915386250000001
0.75,0.3125,0.75,0.49653743749999996,0.37107131250000003,0.7552320625000001
0.75,0.3125,0.8125,0.48914043749999997,0.37427956250000005,0.8189255000000001
0.75,0.3125,0.875,0.4817434375,0.3774878125,0.8826189375000001
0.75,0.3125,0.9375,0.47434643749999994,0.38069606250000004,0.9463123750000001
0.75,0.3125,1.0,0.46694943749999995,0.3839043125,1.0100058125
0.75,0.375,0.0,0.621510375,0.386704875,-0.009836625
0.75,0.375,0.0625,0.614113375,0.389913125,0.053856812500000004
0.75,0.375,0.125,0.606716375,0.393121375,0.11755025000000001
0.75,0.375,0.1875,0.599319375,0.396329625,0.18124368750000003
0.75,0.375,0.25,0.591922375,0.399537875,0.24493712500000003
0.75,0.375,0.3125,0.5845253749999999,0.402746125,0.30863056250000004
0.75,0.375,0.375,0.5771283749999999,0.405954375,0.37232400000000004
0.75,0.375,0.4375,0.5697313749999999,0.409162625,0.43601743750000005
0.75,0.375,0.5,0.5623343749999999,0.412370875,0.49971087500000005
0.75,0.375,0.5625,0.554937375,0.415579125,0.5634043125
0.75,0.375,0.625,0.547540375,0.418787375,0.62709775
0.75,0.375,0.6875,0.540143375,0.421995625,0.6907911875
0.75,0.375,0.75,0.532746375,0.425203875,0.754484625
0.75,0.375,0.8125,0.525349375,0.42841212500000003,0.8181780625
0.75,0.375,0.875,0.5179523749999999,0.431620375,0.8818715
0.75,0.375,0.9375,0.5105553749999999,0.434828625,0.9455649375
0.75,0.375,1.0,0.5031583749999999,0.438036875,1.0092583750000002
0.75,0.4375,0.0,0.6577193125,0.44083743750000004,-0.0105840625
0.75,0.4375,0.0625,0.6503223125,0.44404568750000006,0.05310937500000001
0.75,0.4375,0.125,0.6429253125000001,0.44725393750000003,0.1168028125
0.75,0.4375,0.1875,0.6355283125000001,0.45046218750000006,0.18049625000000002
0.75,0.4375,0.25,0.6281313125000001,0.4536704375,0.24418968750000003
0.75,0.4375,0.3125,0.6207343125,0.45687868750000005,0.30788312500000004
0.75,0.4375,0.375,0.6133373125,0.46008693750000007,0.37157656250000004
0.75,0.4375,0.4375,0.6059403125,0.46329518750000004,0.43527000000000005
0.75,0.4375,0.5,0.5985433125,0.46650343750000006,0.49896343750000005
0.75,0.4375,0.5625,0.5911463125,0.46971168750000003,0.5626568750000001
0.75,0.4375,0.625,0.5837493125000001,0.47291993750000005,0.6263503125000001
0.75,0.4375,0.6875,0.5763523125000001,0.4761281875,0.6900437500000001
0.75,0.4375,0.75,0.5689553125000001,0.47933643750000005,0.7537371875000001
0.75,0.4375,0.8125,0.5615583125000001,0.4825446875,0.8174306250000001
0.75,0.4375,0.875,0.5541613125,0.48575293750000004,0.8811240625000001
0.75,0.4375,0.9375,0.5467643125,0.48896118750000006,0.9448175000000001
0.75,0.4375,1.0,0.5393673125,0.49216943750000003,1.0085109375
0.75,0.5,0.0,0.6939282499999999,0.49497,-0.0113315
0.75,0.5,0.0625,0.6865312499999999,0.49817825000000004,0.052361937500000004
0.75,0.5,0.125,0.6791342499999999,0.5013865000000001,0.11605537500000002
0.75,0.5,0.1875,0.67173725,0.50459475,0.17974881250000002
0.75,0.5,0.25,0.66434025,0.507803,0.24344225000000003
0.75,0.5,0.3125,0.6569432499999999,0.51101125,0.30713568750000003
0.75,0.5,0.375,0.6495462499999999,0.5142195,0.37082912500000004
0.75,0.5,0.4375,0.6421492499999999,0.5174277500000001,0.43452256250000004
0.75,0.5,0.5,0.6347522499999999,0.520636,0.49821600000000005
0.75,0.5,0.5625,0.6273552499999999,0.52384425,0.5619094375
0.75,0.5,0.625,0.6199582499999999,0.5270525,0.625602875
0.75,0.5,0.6875,0.61256125,0.5302607500000001,0.6892963125
0.75,0.5,0.75,0.60516425,0.533469,0.75298975
0.75,0.5,0.8125,0.59776725,0.53667725,0.8166831875
0.75,0.5,0.875,0.5903702499999999,0.5398855,0.880376625
0.75,0.5,0.9375,0.5829732499999999,0.54309375,0.9440700625
0.75,0.5,1.0,0.5755762499999999,0.5463020000000001,1.0077635
0.75,0.5625,0.0,0.7301371875,0.5491025625,-0.0120789375
0.75,0.5625,0.0625,0.7227401875,0.5523108125,0.05161450000000001
0.75,0.5625,0.125,0.7153431875,0.5555190625,0.11530793750000001
0.75,0.5625,0.1875,0.7079461875,0.5587273125,0.17900137500000002
0.75,0.5625,0.25,0.7005491875000001,0.5619355625,0.24269481250000002
0.75,0.5625,0.3125,0.6931521875,0.5651438125,0.30638825000000003
0.75,0.5625,0.375,0.6857551875,0.5683520625,0.37008168750000003
0.75,0.5625,0.4375,0.6783581875,0.5715603125000001,0.43377512500000004
0.75,0.5625,0.5,0.6709611875,0.5747685625,0.49746856250000004
0.75,0.5625,0.5625,0.6635641875,0.5779768125,0.561162
0.75,0.5625,0.625,0.6561671875,0.5811850625,0.6248554375
0.75,0.5625,0.6875,0.6487701875,0.5843933125,0.6885488750000001
0.75,0.5625,0.75,0.6413731875,0.5876015625,0.7522423125000001
0.75,0.5625,0.8125,0.6339761875000001,0.5908098125,0.8159357500000001
0.75,0.5625,0.875,0.6265791875,0.5940180625,0.8796291875000001
0.75,0.5625,0.9375,0.6191821875,0.5972263125,0.9433226250000001
0.75,0.5625,1.0,0.6117851875,0.6004345625,1.0070160625
0.75,0.625,0.0,0.766346125,0.603235125,-0.012826375
0.75,0.625,0.0625,0.758949125,0.606443375,0.050867062500000004
0.75,0.625,0.125,0.751552125,0.609651625,0.11456050000000001
0.75,0.625,0.1875,0.744155125,0.6128598749999999,0.17825393750000001
0.75,0.625,0.25,0.736758125,0.616068125,0.24194737500000002
0.75,0.625,0.3125,0.7293611249999999,0.619276375,0.3056408125
0.75,0.625,0.375,0.721964125,0.622484625,0.36933425000000003
0.75,0.625,0.4375,0.714567125,0.625692875,0.43302768750000004
0.75,0.625,0.5,0.707170125,0.628901125,0.49672112500000004
0.75,0.625,0.5625,0.699773125,0.632109375,0.5604145625000001
0.75,0.625,0.625,0.692376125,0.635317625,0.6241080000000001
0.75,0.625,0.6875,0.684979125,0.638525875,0.6878014375000001
0.75,0.625,0.75,0.677582125,0.6417341249999999,0.7514948750000001
0.75,0.625,0.8125,0.6701851249999999,0.644942375,0.8151883125000001
0.75,0.625,0.875,0.662788125,0.648150625,0.8788817500000001
0.75,0.625,0.9375,0.655391125,0.651358875,0.9425751875000001
0.75,0.625,1.0,0.647994125,0.654567125,1.0062686250000001
0.75,0.6875,0.0,0.8025550625,0.6573676875,-0.0135738125
0.75,0.6875,0.0625,0.7951580625,0.6605759375,0.050119625
0.75,0.6875,0.125,0.7877610625,0.6637841875,0.1138130625
0.75,0.6875,0.1875,0.7803640625,0.6669924374999999,0.1775065
0.75,0.6875,0.25,0.7729670625,0.6702006875,0.24119993750000002
0.75,0.6875,0.3125,0.7655700624999999,0.6734089375,0.304893375
0.75,0.6875,0.375,0.7581730624999999,0.6766171875,0.3685868125
0.75,0.6875,0.4375,0.7507760625,0.6798254375,0.43228025000000003
0.75,0.6875,0.5,0.7433790625,0.6830336874999999,0.49597368750000004
0.75,0.6875,0.5625,0.7359820625,0.6862419375,0.559667125
0.75,0.6875,0.625,0.7285850625,0.6894501875,0.6233605625
0.75,0.6875,0.6875,0.7211880625,0.6926584375,0.687054
0.75,0.6875,0.75,0.7137910625,0.6958666874999999,0.7507474375000001
0.75,0.6875,0.8125,0.7063940625,0.6990749374999999,0.8144408750000001
0.75,0.6875,0.875,0.6989970624999999,0.7022831875,0.8781343125000001
0.75,0.6875,0.9375,0.6916000625,0.7054914375,0.9418277500000001
0.75,0.6875,1.0,0.6842030625,0.7086996875,1.0055211875
0.75,0.75,0.0,0.838764,0.71150025,-0.01432125
0.75,0.75,0.0625,0.831367,0.7147085,0.049372187500000005
0.75,0.75,0.125,0.82397,0.71791675,0.113065625
0.75,0.75,0.1875,0.816573,0.7211249999999999,0.1767590625
0.75,0.75,0.25,0.809176,0.7243332499999999,0.2404525
0.75,0.75,0.3125,0.8017789999999999,0.7275415,0.3041459375
0.75,0.75,0.375,0.7943819999999999,0.73074975,0.367839375
0.75,0.75,0.4375,0.7869849999999999,0.733958,0.43153281250000003
0.75,0.75,0.5,0.779588,0.7371662499999999,0.49522625000000003
0.75,0.75,0.5625,0.772191,0.7403744999999999,0.5589196875000001
0.75,0.75,0.625,0.764794,0.74358275,0.6226131250000001
0.75,0.75,0.6875,0.757397,0.746791,0.6863065625000001
0.75,0.75,0.75,0.75,0.7499992499999999,0.7500000000000001
0.75,0.75,0.8125,0.7426029999999999,0.7532074999999999,0.8136934375000001
0.75,0.75,0.875,0.7352059999999999,0.7564157499999999,0.8773868750000001
0.75,0.75,0.9375,0.7278089999999999,0.759624,0.9410803125000001
0.75,0.75,1.0,0.7204119999999999,0.76283225,1.00477375
0.75,0.8125,0.0,0.8749729374999999,0.7656328124999999,-0.0150686875
0.75,0.8125,0.0625,0.8675759375,0.7688410625,0.04862475000000001
0.75,0.8125,0.125,0.8601789375,0.7720493125,0.11231818750000001
0.75,0.8125,0.1875,0.8527819375,0.7752575624999999,0.176011625
0.75,0.8125,0.25,0.8453849375,0.7784658124999999,0.2397050625
0.75,0.8125,0.3125,0.8379879374999999,0.7816740624999999,0.3033985
0.75,0.8125,0.375,0.8305909374999999,0.7848823125,0.3670919375
0.75,0.8125,0.4375,0.8231939374999999,0.7880905625,0.430785375
0.75,0.8125,0.5,0.8157969374999999,0.7912988124999999,0.49447881250000003
0.75,0.8125,0.5625,0.8083999374999999,0.7945070624999999,0.55817225
0.75,0.8125,0.625,0.8010029375,0.7977153124999999,0.6218656875
0.75,0.8125,0.6875,0.7936059375,0.8009235625,0.685559125
0.75,0.8125,0.75,0.7862089375,0.8041318124999999,0.7492525625
0.75,0.8125,0.8125,0.7788119375,0.8073400624999999,0.8129460000000001
0.75,0.8125,0.875,0.7714149374999999,0.8105483124999999,0.8766394375000001
0.75,0.8125,0.9375,0.7640179374999999,0.8137565625,0.9403328750000001
0.75,0.8125,1.0,0.7566209374999999,0.8169648125,1.0040263125000002
0.75,0.875,0.0,0.911181875,0.819765375,-0.015816125
0.75,0.875,0.0625,0.903784875,0.822973625,0.047877312500000005
0.75,0.875,0.125,0.8963878750000001,0.8261818750000001,0.11157075000000001
0.75,0.875,0.1875,0.8889908750000001,0.829390125,0.1752641875
0.75,0.875,0.25,0.8815938750000001,0.832598375,0.238957625
0.75,0.875,0.3125,0.874196875,0.835806625,0.3026510625
0.75,0.875,0.375,0.866799875,0.839014875,0.3663445
0.75,0.875,0.4375,0.859402875,0.8422231250000001,0.4300379375
0.75,0.875,0.5,0.852005875,0.845431375,0.49373137500000003
0.75,0.875,0.5625,0.844608875,0.848639625,0.5574248125000001
0.75,0.875,0.625,0.837211875,0.851847875,0.6211182500000001
0.75,0.875,0.6875,0.8298148750000001,0.8550561250000001,0.6848116875000001
0.75,0.875,0.75,0.8224178750000001,0.8582643750000001,0.7485051250000001
0.75,0.875,0.8125,0.8150208750000001,0.861472625,0.8121985625000001
0.75,0.875,0.875,0.807623875,0.864680875,0.8758920000000001
0.75,0.875,0.9375,0.800226875,0.867889125,0.9395854375000001
0.75,0.875,1.0,0.792829875,0.8710973750000001,1.0032788750000001
0.75,0.9375,0.0,0.9473908125,0.8738979375,-0.0165635625
0.75,0.9375,0.0625,0.9399938125,0.8771061875,0.047129875
0.75,0.9375,0.125,0.9325968125,0.8803144375,0.1108233125
0.75,0.9375,0.1875,0.9251998125,0.8835226875,0.17451675000000003
0.75,0.9375,0.25,0.9178028125000001,0.8867309375,0.23821018750000003
0.75,0.9375,0.3125,0.9104058125,0.8899391875,0.301903625
0.75,0.9375,0.375,0.9030088125,0.8931474375,0.3655970625
0.75,0.9375,0.4375,0.8956118125,0.8963556875,0.4292905
0.75,0.9375,0.5,0.8882148125,0.8995639375,0.4929839375
0.75,0.9375,0.5625,0.8808178125,0.9027721875,0.556677375
0.75,0.9375,0.625,0.8734208125,0.9059804375,0.6203708125
0.75,0.9375,0.6875,0.8660238125,0.9091886875,0.68406425
0.75,0.9375,0.75,0.8586268125000001,0.9123969375000001,0.7477576875
0.75,0.9375,0.8125,0.8512298125,0.9156051875,0.811451125
0.75,0.9375,0.875,0.8438328125,0.9188134375,0.8751445625000001
0.75,0.9375,0.9375,0.8364358125,0.9220216875,0.9388380000000001
0.75,0.9375,1.0,0.8290388125,0.9252299375,1.0025314375
0.75,1.0,0.0,0.98359975,0.9280305,-0.017311
0.75,1.0,0.0625,0.97620275,0.93123875,0.046382437500000005
0.75,1.0,0.125,0.96880575,0.934447,0.11007587500000002
0.75,1.0,0.1875,0.96140875,0.9376552499999999,0.17376931250000002
0.75,1.0,0.25,0.95401175,0.9408635,0.23746275000000003
0.75,1.0,0.3125,0.94661475,0.94407175,0.3011561875
0.75,1.0,0.375,0.93921775,0.94728,0.364849625
0.75,1.0,0.4375,0.93182075,0.95048825,0.4285430625
0.75,1.0,0.5,0.92442375,0.9536965,0.4922365
0.75,1.0,0.5625,0.91702675,0.95690475,0.5559299375000001
0.75,1.0,0.625,0.90962975,0.960113,0.6196233750000001
0.75,1.0,0.6875,0.90223275,0.96332125,0.6833168125000001
0.75,1.0,0.75,0.89483575,0.9665295,0.7470102500000001
0.75,1.0,0.8125,0.88743875,0.96973775,0.8107036875000001
0.75,1.0,0.875,0.88004175,0.972946,0.8743971250000001
0.75,1.0,0.9375,0.87264475,0.97615425,0.9380905625000001
0.75,1.0,1.0,0.86524775,0.9793625,1.001784
0.8125,0.0,0.0,0.43794481249999995,0.06706862499999999,-0.005798
0.8125,0.0,0.0625,0.43054781249999996,0.07027687499999999,0.05789543750000001
0.8125,0.0,0.125,0.4231508125,0.073485125,0.12158887500000001
0.8125,0.0,0.1875,0.41575381249999993,0.076693375,0.18528231250000002
0.8125,0.0,0.25,0.40835681249999994,0.07990162499999999,0.24897575000000002
0.8125,0.0,0.3125,0.40095981249999996,0.083109875,0.3126691875
0.8125,0.0,0.375,0.39356281249999997,0.086318125,0.376362625
0.8125,0.0,0.4375,0.3861658124999999,0.08952637499999999,0.4400560625
0.8125,0.0,0.5,0.37876881249999994,0.09273462499999999,0.5037495000000001
0.8125,0.0,0.5625,0.37137181249999995,0.095942875,0.5674429375000001
0.8125,0.0,0.625,0.36397481249999997,0.09915112499999999,0.6311363750000001
0.8125,0.0,0.6875,0.3565778125,0.102359375,0.6948298125000001
0.8125,0.0,0.75,0.34918081249999994,0.105567625,0.7585232500000001
0.8125,0.0,0.8125,0.34178381249999995,0.108775875,0.8222166875000001
0.8125,0.0,0.875,0.33438681249999996,0.11198412499999999,0.8859101250000001
0.8125,0.0,0.9375,0.3269898124999999,0.11519237499999999,0.9496035625000001
0.8125,0.0,1.0,0.31959281249999993,0.118400625,1.0132970000000001
0.8125,0.0625,0.0,0.47415374999999993,0.1212011875,-0.0065454375
0.8125,0.0625,0.0625,0.46675674999999994,0.1244094375,0.057148000000000004
0.8125,0.0625,0.125,0.45935974999999996,0.1276176875,0.12084143750000001
0.8125,0.0625,0.1875,0.4519627499999999,0.1308259375,0.18453487500000001
0.8125,0.0625,0.25,0.4445657499999999,0.1340341875,0.24822831250000002
0.8125,0.0625,0.3125,0.43716874999999994,0.1372424375,0.31192175000000005
0.8125,0.0625,0.375,0.42977174999999995,0.1404506875,0.37561518750000006
0.8125,0.0625,0.4375,0.4223747499999999,0.1436589375,0.43930862500000006
0.8125,0.0625,0.5,0.4149777499999999,0.1468671875,0.5030020625
0.8125,0.0625,0.5625,0.40758074999999994,0.1500754375,0.5666955
0.8125,0.0625,0.625,0.40018374999999995,0.1532836875,0.6303889375
0.8125,0.0625,0.6875,0.39278674999999996,0.1564919375,0.694082375
0.8125,0.0625,0.75,0.3853897499999999,0.1597001875,0.7577758125
0.8125,0.0625,0.8125,0.37799274999999993,0.1629084375,0.82146925
0.8125,0.0625,0.875,0.37059574999999995,0.1661166875,0.8851626875
0.8125,0.0625,0.9375,0.3631987499999999,0.1693249375,0.948856125
0.8125,0.0625,1.0,0.3558017499999999,0.17253318750000002,1.0125495625
0.8125,0.125,0.0,0.5103626874999999,0.17533375,-0.007292875
0.8125,0.125,0.0625,0.5029656874999999,0.178542,0.05640056250000001
0.8125,0.125,0.125,0.49556868749999994,0.18175025,0.120094
0.8125,0.125,0.1875,0.4881716874999999,0.18495850000000003,0.1837874375
0.8125,0.125,0.25,0.4807746874999999,0.18816675000000002,0.24748087500000002
0.8125,0.125,0.3125,0.4733776874999999,0.19137500000000002,0.31117431250000005
0.8125,0.125,0.375,0.46598068749999993,0.19458325,0.37486775000000006
0.8125,0.125,0.4375,0.4585836874999999,0.1977915,0.43856118750000006
0.8125,0.125,0.5,0.4511866874999999,0.20099975,0.5022546250000001
0.8125,0.125,0.5625,0.4437896874999999,0.204208,0.5659480625000001
0.8125,0.125,0.625,0.43639268749999993,0.20741625000000002,0.6296415000000001
0.8125,0.125,0.6875,0.42899568749999994,0.21062450000000002,0.6933349375000001
0.8125,0.125,0.75,0.4215986874999999,0.21383275000000002,0.7570283750000001
0.8125,0.125,0.8125,0.4142016874999999,0.217041,0.8207218125000001
0.8125,0.125,0.875,0.40680468749999993,0.22024925,0.8844152500000001
0.8125,0.125,0.9375,0.3994076874999999,0.2234575,0.9481086875000001
0.8125,0.125,1.0,0.3920106874999999,0.22666575,1.011802125
0.8125,0.1875,0.0,0.5465716249999999,0.2294663125,-0.0080403125
0.8125,0.1875,0.0625,0.5391746249999999,0.2326745625,0.055653125000000005
0.8125,0.1875,0.125,0.5317776249999999,0.23588281249999998,0.1193465625
0.8125,0.1875,0.1875,0.5243806249999999,0.2390910625,0.18304
0.8125,0.1875,0.25,0.516983625,0.2422993125,0.2467334375
0.8125,0.1875,0.3125,0.5095866249999998,0.2455075625,0.31042687500000005
0.8125,0.1875,0.375,0.5021896249999999,0.2487158125,0.37412031250000005
0.8125,0.1875,0.4375,0.4947926249999999,0.2519240625,0.43781375000000006
0.8125,0.1875,0.5,0.4873956249999999,0.2551323125,0.5015071875
0.8125,0.1875,0.5625,0.4799986249999999,0.2583405625,0.565200625
0.8125,0.1875,0.625,0.4726016249999999,0.2615488125,0.6288940625
0.8125,0.1875,0.6875,0.4652046249999999,0.2647570625,0.6925875
0.8125,0.1875,0.75,0.4578076249999999,0.2679653125,0.7562809375
0.8125,0.1875,0.8125,0.4504106249999999,0.2711735625,0.819974375
0.8125,0.1875,0.875,0.4430136249999999,0.2743818125,0.8836678125
0.8125,0.1875,0.9375,0.43561662499999987,0.2775900625,0.94736125
0.8125,0.1875,1.0,0.4282196249999999,0.2807983125,1.0110546875000002
0.8125,0.25,0.0,0.5827805625,0.28359887500000003,-0.00878775
0.8125,0.25,0.0625,0.5753835625,0.28680712500000005,0.05490568750000001
0.8125,0.25,0.125,0.5679865625,0.290015375,0.11859912500000001
0.8125,0.25,0.1875,0.5605895625,0.29322362500000004,0.1822925625
0.8125,0.25,0.25,0.5531925625,0.296431875,0.245986
0.8125,0.25,0.3125,0.5457955624999999,0.29964012500000003,0.30967943750000004
0.8125,0.25,0.375,0.5383985625,0.30284837500000006,0.37337287500000005
0.8125,0.25,0.4375,0.5310015625,0.306056625,0.43706631250000005
0.8125,0.25,0.5,0.5236045625,0.30926487500000005,0.5007597500000001
0.8125,0.25,0.5625,0.5162075625,0.312473125,0.5644531875000001
0.8125,0.25,0.625,0.5088105625,0.31568137500000004,0.6281466250000001
0.8125,0.25,0.6875,0.5014135625,0.318889625,0.6918400625000001
0.8125,0.25,0.75,0.4940165625,0.32209787500000003,0.7555335000000001
0.8125,0.25,0.8125,0.4866195625,0.325306125,0.8192269375000001
0.8125,0.25,0.875,0.4792225625,0.328514375,0.8829203750000001
0.8125,0.25,0.9375,0.47182556249999996,0.33172262500000005,0.9466138125000001
0.8125,0.25,1.0,0.4644285625,0.334930875,1.01030725
0.8125,0.3125,0.0,0.6189895,0.3377314375,-0.0095351875
0.8125,0.3125,0.0625,0.6115925,0.34093968750000003,0.054158250000000005
0.8125,0.3125,0.125,0.6041955,0.3441479375,0.11785168750000001
0.8125,0.3125,0.1875,0.5967985,0.3473561875,0.18154512500000003
0.8125,0.3125,0.25,0.5894015,0.3505644375,0.24523856250000003
0.8125,0.3125,0.3125,0.5820044999999999,0.3537726875,0.30893200000000004
0.8125,0.3125,0.375,0.5746074999999999,0.35698093750000004,0.37262543750000005
0.8125,0.3125,0.4375,0.5672105,0.3601891875,0.43631887500000005
0.8125,0.3125,0.5,0.5598135,0.36339743750000003,0.5000123125
0.8125,0.3125,0.5625,0.5524165,0.3666056875,0.56370575
0.8125,0.3125,0.625,0.5450195,0.3698139375,0.6273991875
0.8125,0.3125,0.6875,0.5376225,0.3730221875,0.691092625
0.8125,0.3125,0.75,0.5302255,0.3762304375,0.7547860625
0.8125,0.3125,0.8125,0.5228284999999999,0.3794386875,0.8184795
0.8125,0.3125,0.875,0.5154314999999999,0.3826469375,0.8821729375
0.8125,0.3125,0.9375,0.5080344999999999,0.38585518750000003,0.945866375
0.8125,0.3125,1.0,0.5006375,0.3890634375,1.0095598125
0.8125,0.375,0.0,0.6551984375,0.391864,-0.010282625
0.8125,0.375,0.0625,0.6478014375,0.39507225,0.0534108125
0.8125,0.375,0.125,0.6404044375,0.3982805,0.11710425000000001
0.8125,0.375,0.1875,0.6330074375,0.40148875,0.18079768750000003
0.8125,0.375,0.25,0.6256104375,0.404697,0.24449112500000003
0.8125,0.375,0.3125,0.6182134374999999,0.40790525,0.30818456250000004
0.8125,0.375,0.375,0.6108164374999999,0.4111135,0.37187800000000004
0.8125,0.375,0.4375,0.6034194374999999,0.41432175,0.43557143750000005
0.8125,0.375,0.5,0.5960224375,0.41753,0.49926487500000005
0.8125,0.375,0.5625,0.5886254375,0.42073825,0.5629583125000001
0.8125,0.375,0.625,0.5812284375,0.4239465,0.6266517500000001
0.8125,0.375,0.6875,0.5738314375,0.42715474999999997,0.6903451875000001
0.8125,0.375,0.75,0.5664344375,0.430363,0.7540386250000001
0.8125,0.375,0.8125,0.5590374375,0.43357124999999996,0.8177320625000001
0.8125,0.375,0.875,0.5516404374999999,0.4367795,0.8814255000000001
0.8125,0.375,0.9375,0.5442434374999999,0.43998775,0.9451189375000001
0.8125,0.375,1.0,0.5368464374999999,0.443196,1.008812375
0.8125,0.4375,0.0,0.691407375,0.4459965625,-0.0110300625
0.8125,0.4375,0.0625,0.6840103750000001,0.44920481250000005,0.052663375000000005
0.8125,0.4375,0.125,0.6766133750000001,0.4524130625,0.11635681250000002
0.8125,0.4375,0.1875,0.6692163750000001,0.45562131250000004,0.18005025000000002
0.8125,0.4375,0.25,0.6618193750000001,0.4588295625,0.24374368750000003
0.8125,0.4375,0.3125,0.654422375,0.46203781250000003,0.30743712500000003
0.8125,0.4375,0.375,0.647025375,0.4652460625,0.37113056250000004
0.8125,0.4375,0.4375,0.639628375,0.4684543125,0.43482400000000004
0.8125,0.4375,0.5,0.632231375,0.47166256250000005,0.49851743750000005
0.8125,0.4375,0.5625,0.624834375,0.4748708125,0.562210875
0.8125,0.4375,0.625,0.6174373750000001,0.47807906250000004,0.6259043125
0.8125,0.4375,0.6875,0.6100403750000001,0.4812873125,0.68959775
0.8125,0.4375,0.75,0.6026433750000001,0.48449556250000003,0.7532911875
0.8125,0.4375,0.8125,0.5952463750000001,0.48770381250000006,0.816984625
0.8125,0.4375,0.875,0.587849375,0.4909120625,0.8806780625
0.8125,0.4375,0.9375,0.580452375,0.49412031250000005,0.9443715
0.8125,0.4375,1.0,0.573055375,0.4973285625,1.0080649375000001
0.8125,0.5,0.0,0.7276163124999999,0.500129125,-0.0117775
0.8125,0.5,0.0625,0.7202193124999999,0.503337375,0.05191593750000001
0.8125,0.5,0.125,0.7128223124999999,0.506545625,0.11560937500000001
0.8125,0.5,0.1875,0.7054253125,0.5097538749999999,0.17930281250000002
0.8125,0.5,0.25,0.6980283125,0.5129621249999999,0.24299625000000002
0.8125,0.5,0.3125,0.6906313124999999,0.516170375,0.30668968750000003
0.8125,0.5,0.375,0.6832343124999999,0.519378625,0.37038312500000004
0.8125,0.5,0.4375,0.6758373124999999,0.522586875,0.43407656250000004
0.8125,0.5,0.5,0.6684403124999999,0.5257951249999999,0.49777000000000005
0.8125,0.5,0.5625,0.6610433124999999,0.5290033749999999,0.5614634375
0.8125,0.5,0.625,0.6536463124999999,0.532211625,0.6251568750000001
0.8125,0.5,0.6875,0.6462493125,0.535419875,0.6888503125000001
0.8125,0.5,0.75,0.6388523125,0.538628125,0.7525437500000001
0.8125,0.5,0.8125,0.6314553125,0.5418363749999999,0.8162371875000001
0.8125,0.5,0.875,0.6240583124999999,0.545044625,0.8799306250000001
0.8125,0.5,0.9375,0.6166613124999999,0.548252875,0.9436240625000001
0.8125,0.5,1.0,0.6092643124999999,0.551461125,1.0073175
0.8125,0.5625,0.0,0.76382525,0.5542616874999999,-0.0125249375
0.8125,0.5625,0.0625,0.75642825,0.5574699375,0.051168500000000006
0.8125,0.5625,0.125,0.74903125,0.5606781875,0.11486193750000001
0.8125,0.5625,0.1875,0.74163425,0.5638864374999999,0.17855537500000002
0.8125,0.5625,0.25,0.7342372500000001,0.5670946874999999,0.24224881250000002
0.8125,0.5625,0.3125,0.72684025,0.5703029374999999,0.30594225
0.8125,0.5625,0.375,0.71944325,0.5735111875,0.36963568750000003
0.8125,0.5625,0.4375,0.71204625,0.5767194375,0.43332912500000004
0.8125,0.5625,0.5,0.70464925,0.5799276874999999,0.49702256250000004
0.8125,0.5625,0.5625,0.69725225,0.5831359374999999,0.560716
0.8125,0.5625,0.625,0.68985525,0.5863441875,0.6244094375
0.8125,0.5625,0.6875,0.68245825,0.5895524375,0.688102875
0.8125,0.5625,0.75,0.6750612500000001,0.5927606875,0.7517963125
0.8125,0.5625,0.8125,0.6676642500000001,0.5959689374999999,0.81548975
0.8125,0.5625,0.875,0.66026725,0.5991771874999999,0.8791831875
0.8125,0.5625,0.9375,0.65287025,0.6023854375,0.942876625
0.8125,0.5625,1.0,0.64547325,0.6055936875,1.0065700625
0.8125,0.625,0.0,0.8000341875,0.60839425,-0.013272375
0.8125,0.625,0.0625,0.7926371875,0.6116025,0.0504210625
0.8125,0.625,0.125,0.7852401875,0.6148107500000001,0.11411450000000001
0.8125,0.625,0.1875,0.7778431875,0.618019,0.1778079375
0.8125,0.625,0.25,0.7704461875,0.62122725,0.24150137500000002
0.8125,0.625,0.3125,0.7630491875,0.6244355,0.3051948125
0.8125,0.625,0.375,0.7556521875,0.6276437500000001,0.36888825000000003
0.8125,0.625,0.4375,0.7482551875,0.6308520000000001,0.43258168750000003
0.8125,0.625,0.5,0.7408581875,0.63406025,0.49627512500000004
0.8125,0.625,0.5625,0.7334611875,0.6372685,0.5599685625
0.8125,0.625,0.625,0.7260641875,0.64047675,0.623662
0.8125,0.625,0.6875,0.7186671875,0.6436850000000001,0.6873554375
0.8125,0.625,0.75,0.7112701875,0.64689325,0.7510488750000001
0.8125,0.625,0.8125,0.7038731874999999,0.6501015,0.8147423125000001
0.8125,0.625,0.875,0.6964761875,0.65330975,0.8784357500000001
0.8125,0.625,0.9375,0.6890791875,0.656518,0.9421291875000001
0.8125,0.625,1.0,0.6816821875,0.6597262500000001,1.0058226250000002
0.8125,0.6875,0.0,0.836243125,0.6625268125,-0.0140198125
0.8125,0.6875,0.0625,0.828846125,0.6657350625,0.049673625000000006
0.8125,0.6875,0.125,0.821449125,0.6689433125,0.1133670625
0.8125,0.6875,0.1875,0.814052125,0.6721515625,0.1770605
0.8125,0.6875,0.25,0.806655125,0.6753598125,0.24075393750000001
0.8125,0.6875,0.3125,0.7992581249999999,0.6785680625,0.304447375
0.8125,0.6875,0.375,0.7918611249999999,0.6817763125,0.3681408125
0.8125,0.6875,0.4375,0.784464125,0.6849845625000001,0.43183425000000003
0.8125,0.6875,0.5,0.777067125,0.6881928125,0.49552768750000004
0.8125,0.6875,0.5625,0.769670125,0.6914010625,0.5592211250000001
0.8125,0.6875,0.625,0.762273125,0.6946093125,0.6229145625000001
0.8125,0.6875,0.6875,0.754876125,0.6978175625,0.6866080000000001
0.8125,0.6875,0.75,0.747479125,0.7010258125,0.7503014375000001
0.8125,0.6875,0.8125,0.740082125,0.7042340625,0.8139948750000001
0.8125,0.6875,0.875,0.7326851249999999,0.7074423125,0.8776883125000001
0.8125,0.6875,0.9375,0.725288125,0.7106505625,0.9413817500000001
0.8125,0.6875,1.0,0.717891125,0.7138588125,1.0050751875000001
0.8125,0.75,0.0,0.8724520625,0.716659375,-0.014767249999999999
0.8125,0.75,0.0625,0.8650550625,0.719867625,0.04892618750000001
0.8125,0.75,0.125,0.8576580625,0.723075875,0.11261962500000001
0.8125,0.75,0.1875,0.8502610625,0.726284125,0.1763130625
0.8125,0.75,0.25,0.8428640625,0.729492375,0.2400065
0.8125,0.75,0.3125,0.8354670624999999,0.732700625,0.3036999375
0.8125,0.75,0.375,0.8280700624999999,0.735908875,0.367393375
0.8125,0.75,0.4375,0.8206730624999999,0.739117125,0.4310868125
0.8125,0.75,0.5,0.8132760625,0.742325375,0.49478025000000003
0.8125,0.75,0.5625,0.8058790625,0.745533625,0.5584736875
0.8125,0.75,0.625,0.7984820625,0.748741875,0.622167125
0.8125,0.75,0.6875,0.7910850625,0.751950125,0.6858605625
0.8125,0.75,0.75,0.7836880625,0.7551583749999999,0.749554
0.8125,0.75,0.8125,0.7762910624999999,0.758366625,0.8132474375000001
0.8125,0.75,0.875,0.7688940624999999,0.761574875,0.8769408750000001
0.8125,0.75,0.9375,0.7614970624999999,0.764783125,0.9406343125000001
0.8125,0.75,1.0,0.7541000625,0.767991375,1.00432775
0.8125,0.8125,0.0,0.9086609999999999,0.7707919375,-0.015514687499999999
0.8125,0.8125,0.0625,0.901264,0.7740001875,0.048178750000000006
0.8125,0.8125,0.125,0.893867,0.7772084375,0.11187218750000001
0.8125,0.8125,0.1875,0.88647,0.7804166874999999,0.175565625
0.8125,0.8125,0.25,0.879073,0.7836249375,0.2392590625
0.8125,0.8125,0.3125,0.8716759999999999,0.7868331875,0.3029525
0.8125,0.8125,0.375,0.8642789999999999,0.7900414375,0.3666459375
0.8125,0.8125,0.4375,0.8568819999999999,0.7932496875,0.430339375
0.8125,0.8125,0.5,0.8494849999999999,0.7964579374999999,0.49403281250000003
0.8125,0.8125,0.5625,0.842088,0.7996661875,0.5577262500000001
0.8125,0.8125,0.625,0.834691,0.8028744375,0.6214196875000001
0.8125,0.8125,0.6875,0.827294,0.8060826875,0.6851131250000001
0.8125,0.8125,0.75,0.819897,0.8092909374999999,0.7488065625000001
0.8125,0.8125,0.8125,0.8125,0.8124991874999999,0.8125000000000001
0.8125,0.8125,0.875,0.8051029999999999,0.8157074375,0.8761934375000001
0.8125,0.8125,0.9375,0.7977059999999999,0.8189156875,0.9398868750000001
0.8125,0.8125,1.0,0.7903089999999999,0.8221239375,1.0035803125
0.8125,0.875,0.0,0.9448699375,0.8249245000000001,-0.016262125
0.8125,0.875,0.0625,0.9374729375,0.8281327500000001,0.0474313125
0.8125,0.875,0.125,0.9300759375000001,0.8313410000000001,0.11112475000000001
0.8125,0.875,0.1875,0.9226789375000001,0.83454925,0.17481818750000003
0.8125,0.875,0.25,0.9152819375000001,0.8377575,0.23851162500000003
0.8125,0.875,0.3125,0.9078849375,0.8409657500000001,0.3022050625
0.8125,0.875,0.375,0.9004879375,0.8441740000000001,0.3658985
0.8125,0.875,0.4375,0.8930909375,0.8473822500000001,0.4295919375
0.8125,0.875,0.5,0.8856939375,0.8505905,0.493285375
0.8125,0.875,0.5625,0.8782969375,0.85379875,0.5569788125
0.8125,0.875,0.625,0.8708999375,0.8570070000000001,0.62067225
0.8125,0.875,0.6875,0.8635029375000001,0.8602152500000001,0.6843656875
0.8125,0.875,0.75,0.8561059375000001,0.8634235000000001,0.748059125
0.8125,0.875,0.8125,0.8487089375000001,0.86663175,0.8117525625
0.8125,0.875,0.875,0.8413119375,0.8698400000000001,0.8754460000000001
0.8125,0.875,0.9375,0.8339149375,0.8730482500000001,0.9391394375000001
0.8125,0.875,1.0,0.8265179375,0.8762565000000001,1.0028328750000002
0.8125,0.9375,0.0,0.981078875,0.8790570625,-0.0170095625
0.8125,0.9375,0.0625,0.973681875,0.8822653125000001,0.04668387500000001
0.8125,0.9375,0.125,0.966284875,0.8854735625000001,0.11037731250000002
0.8125,0.9375,0.1875,0.9588878750000001,0.8886818125,0.17407075000000002
0.8125,0.9375,0.25,0.9514908750000001,0.8918900625,0.23776418750000003
0.8125,0.9375,0.3125,0.944093875,0.8950983125,0.301457625
0.8125,0.9375,0.375,0.936696875,0.8983065625000001,0.3651510625
0.8125,0.9375,0.4375,0.929299875,0.9015148125000001,0.4288445
0.8125,0.9375,0.5,0.921902875,0.9047230625,0.4925379375
0.8125,0.9375,0.5625,0.914505875,0.9079313125,0.5562313750000001
0.8125,0.9375,0.625,0.907108875,0.9111395625,0.6199248125000001
0.8125,0.9375,0.6875,0.899711875,0.9143478125000001,0.6836182500000001
0.8125,0.9375,0.75,0.8923148750000001,0.9175560625000001,0.7473116875000001
0.8125,0.9375,0.8125,0.884917875,0.9207643125,0.8110051250000001
0.8125,0.9375,0.875,0.877520875,0.9239725625,0.8746985625000001
0.8125,0.9375,0.9375,0.870123875,0.9271808125000001,0.9383920000000001
0.8125,0.9375,1.0,0.862726875,0.9303890625000001,1.0020854375000001
0.8125,1.0,0.0,1.0172878125,0.933189625,-0.017757
0.8125,1.0,0.0625,1.0098908125,0.936397875,0.04593643750000001
0.8125,1.0,0.125,1.0024938125,0.9396061250000001,0.10962987500000002
0.8125,1.0,0.1875,0.9950968125,0.942814375,0.17332331250000002
0.8125,1.0,0.25,0.9876998125,0.946022625,0.23701675000000003
0.8125,1.0,0.3125,0.9803028125,0.949230875,0.3007101875
0.8125,1.0,0.375,0.9729058125,0.952439125,0.364403625
0.8125,1.0,0.4375,0.9655088125,0.9556473750000001,0.4280970625
0.8125,1.0,0.5,0.9581118125,0.958855625,0.4917905
0.8125,1.0,0.5625,0.9507148125,0.962063875,0.5554839375
0.8125,1.0,0.625,0.9433178125,0.965272125,0.619177375
0.8125,1.0,0.6875,0.9359208125,0.9684803750000001,0.6828708125
0.8125,1.0,0.75,0.9285238125,0.9716886250000001,0.74656425
0.8125,1.0,0.8125,0.9211268125000001,0.974896875,0.8102576875
0.8125,1.0,0.875,0.9137298125,0.978105125,0.873951125
0.8125,1.0,0.9375,0.9063328125,0.981313375,0.9376445625000001
0.8125,1.0,1.0,0.8989358125,0.9845216250000001,1.001338
0.875,0.0,0.0,0.47163287499999995,0.07222775,-0.0062439999999999996
0.875,0.0,0.0625,0.46423587499999996,0.07543599999999999,0.057449437500000006
0.875,0.0,0.125,0.456838875,0.07864425,0.12114287500000001
0.875,0.0,0.1875,0.44944187499999994,0.0818525,0.18483631250000002
0.875,0.0,0.25,0.44204487499999995,0.08506074999999999,0.24852975000000002
0.875,0.0,0.3125,0.43464787499999996,0.08826899999999999,0.3122231875
0.875,0.0,0.375,0.427250875,0.09147725,0.375916625
0.875,0.0,0.4375,0.41985387499999993,0.09468549999999999,0.4396100625
0.875,0.0,0.5,0.41245687499999995,0.09789375,0.5033035
0.875,0.0,0.5625,0.40505987499999996,0.101102,0.5669969375
0.875,0.0,0.625,0.39766287499999997,0.10431025,0.630690375
0.875,0.0,0.6875,0.390265875,0.10751849999999999,0.6943838125
0.875,0.0,0.75,0.38286887499999994,0.11072675,0.75807725
0.875,0.0,0.8125,0.37547187499999995,0.113935,0.8217706875
0.875,0.0,0.875,0.36807487499999997,0.11714325,0.885464125
0.875,0.0,0.9375,0.3606778749999999,0.1203515,0.9491575625
0.875,0.0,1.0,0.35328087499999994,0.12355975,1.0128510000000002
0.875,0.0625,0.0,0.5078418124999999,0.1263603125,-0.006991437499999999
0.875,0.0625,0.0625,0.5004448125,0.12956856249999998,0.056702
0.875,0.0625,0.125,0.49304781249999996,0.13277681249999998,0.12039543750000001
0.875,0.0625,0.1875,0.4856508124999999,0.13598506249999998,0.184088875
0.875,0.0625,0.25,0.47825381249999993,0.1391933125,0.24778231250000002
0.875,0.0625,0.3125,0.47085681249999994,0.1424015625,0.31147575000000005
0.875,0.0625,0.375,0.46345981249999996,0.1456098125,0.37516918750000006
0.875,0.0625,0.4375,0.4560628124999999,0.1488180625,0.43886262500000006
0.875,0.0625,0.5,0.4486658124999999,0.15202631249999998,0.5025560625000001
0.875,0.0625,0.5625,0.44126881249999994,0.15523456249999998,0.5662495000000001
0.875,0.0625,0.625,0.43387181249999995,0.15844281249999997,0.6299429375000001
0.875,0.0625,0.6875,0.42647481249999997,0.1616510625,0.6936363750000001
0.875,0.0625,0.75,0.4190778124999999,0.1648593125,0.7573298125000001
0.875,0.0625,0.8125,0.41168081249999994,0.1680675625,0.8210232500000001
0.875,0.0625,0.875,0.40428381249999995,0.17127581249999999,0.8847166875000001
0.875,0.0625,0.9375,0.3968868124999999,0.17448406249999998,0.9484101250000001
0.875,0.0625,1.0,0.3894898124999999,0.1776923125,1.0121035625
0.875,0.125,0.0,0.5440507499999999,0.180492875,-0.007738874999999999
0.875,0.125,0.0625,0.5366537499999999,0.183701125,0.055954562500000006
0.875,0.125,0.125,0.5292567499999999,0.186909375,0.119648
0.875,0.125,0.1875,0.52185975,0.190117625,0.1833414375
0.875,0.125,0.25,0.51446275,0.193325875,0.24703487500000001
0.875,0.125,0.3125,0.5070657499999999,0.196534125,0.31072831250000005
0.875,0.125,0.375,0.49966874999999994,0.199742375,0.37442175000000005
0.875,0.125,0.4375,0.4922717499999999,0.202950625,0.43811518750000006
0.875,0.125,0.5,0.4848747499999999,0.206158875,0.501808625
0.875,0.125,0.5625,0.4774777499999999,0.209367125,0.5655020625
0.875,0.125,0.625,0.47008074999999994,0.212575375,0.6291955
0.875,0.125,0.6875,0.46268374999999995,0.215783625,0.6928889375
0.875,0.125,0.75,0.4552867499999999,0.218991875,0.756582375
0.875,0.125,0.8125,0.4478897499999999,0.222200125,0.8202758125
0.875,0.125,0.875,0.44049274999999993,0.225408375,0.88396925
0.875,0.125,0.9375,0.4330957499999999,0.228616625,0.9476626875
0.875,0.125,1.0,0.4256987499999999,0.23182487499999999,1.011356125
0.875,0.1875,0.0,0.5802596874999999,0.23462543749999998,-0.008486312499999999
0.875,0.1875,0.0625,0.5728626874999999,0.23783368749999997,0.05520712500000001
0.875,0.1875,0.125,0.5654656874999999,0.24104193749999997,0.11890056250000001
0.875,0.1875,0.1875,0.5580686874999999,0.2442501875,0.182594
0.875,0.1875,0.25,0.5506716875,0.2474584375,0.2462874375
0.875,0.1875,0.3125,0.5432746874999999,0.2506666875,0.30998087500000004
0.875,0.1875,0.375,0.5358776874999999,0.2538749375,0.37367431250000005
0.875,0.1875,0.4375,0.5284806874999999,0.2570831875,0.43736775000000006
0.875,0.1875,0.5,0.5210836874999999,0.2602914375,0.5010611875000001
0.875,0.1875,0.5625,0.5136866874999999,0.26349968749999997,0.5647546250000001
0.875,0.1875,0.625,0.5062896874999999,0.2667079375,0.6284480625000001
0.875,0.1875,0.6875,0.49889268749999993,0.26991618749999996,0.6921415000000001
0.875,0.1875,0.75,0.4914956874999999,0.2731244375,0.7558349375000001
0.875,0.1875,0.8125,0.4840986874999999,0.27633268749999995,0.8195283750000001
0.875,0.1875,0.875,0.4767016874999999,0.2795409375,0.8832218125000001
0.875,0.1875,0.9375,0.4693046874999999,0.2827491875,0.9469152500000001
0.875,0.1875,1.0,0.4619076874999999,0.28595743749999997,1.0106086875
0.875,0.25,0.0,0.616468625,0.288758,-0.009233749999999999
0.875,0.25,0.0625,0.609071625,0.29196625000000004,0.054459687500000006
0.875,0.25,0.125,0.601674625,0.2951745,0.11815312500000001
0.875,0.25,0.1875,0.594277625,0.29838275000000003,0.18184656250000003
0.875,0.25,0.25,0.586880625,0.301591,0.24554000000000004
0.875,0.25,0.3125,0.579483625,0.30479925,0.30923343750000004
0.875,0.25,0.375,0.572086625,0.3080075,0.37292687500000005
0.875,0.25,0.4375,0.564689625,0.31121575,0.43662031250000005
0.875,0.25,0.5,0.557292625,0.31442400000000004,0.50031375
0.875,0.25,0.5625,0.549895625,0.31763225,0.5640071875
0.875,0.25,0.625,0.542498625,0.32084050000000003,0.627700625
0.875,0.25,0.6875,0.535101625,0.32404875,0.6913940625
0.875,0.25,0.75,0.527704625,0.327257,0.7550875
0.875,0.25,0.8125,0.520307625,0.33046525000000004,0.8187809375
0.875,0.25,0.875,0.512910625,0.3336735,0.882474375
0.875,0.25,0.9375,0.505513625,0.33688175000000004,0.9461678125
0.875,0.25,1.0,0.498116625,0.34009,1.0098612500000002
0.875,0.3125,0.0,0.6526775625,0.3428905625,-0.009981187499999999
0.875,0.3125,0.0625,0.6452805625,0.3460988125,0.05371225
0.875,0.3125,0.125,0.6378835625,0.3493070625,0.11740568750000001
0.875,0.3125,0.1875,0.6304865625,0.3525153125,0.18109912500000003
0.875,0.3125,0.25,0.6230895625,0.3557235625,0.24479256250000003
0.875,0.3125,0.3125,0.6156925624999999,0.3589318125,0.30848600000000004
0.875,0.3125,0.375,0.6082955624999999,0.36214006249999997,0.37217943750000004
0.875,0.3125,0.4375,0.6008985625,0.3653483125,0.43587287500000005
0.875,0.3125,0.5,0.5935015625,0.3685565625,0.49956631250000005
0.875,0.3125,0.5625,0.5861045625,0.3717648125,0.5632597500000001
0.875,0.3125,0.625,0.5787075625,0.3749730625,0.6269531875000001
0.875,0.3125,0.6875,0.5713105625,0.3781813125,0.6906466250000001
0.875,0.3125,0.75,0.5639135625,0.3813895625,0.7543400625000001
0.875,0.3125,0.8125,0.5565165624999999,0.3845978125,0.8180335000000001
0.875,0.3125,0.875,0.5491195624999999,0.3878060625,0.8817269375000001
0.875,0.3125,0.9375,0.5417225625,0.3910143125,0.9454203750000001
0.875,0.3125,1.0,0.5343255625,0.3942225625,1.0091138125
0.875,0.375,0.0,0.6888865,0.397023125,-0.010728624999999999
0.875,0.375,0.0625,0.6814895,0.400231375,0.05296481250000001
0.875,0.375,0.125,0.6740925,0.40343962499999997,0.11665825000000002
0.875,0.375,0.1875,0.6666955,0.406647875,0.18035168750000002
0.875,0.375,0.25,0.6592985,0.40985612499999996,0.24404512500000003
0.875,0.375,0.3125,0.6519014999999999,0.413064375,0.30773856250000003
0.875,0.375,0.375,0.6445044999999999,0.41627262499999995,0.37143200000000004
0.875,0.375,0.4375,0.6371074999999999,0.419480875,0.43512543750000005
0.875,0.375,0.5,0.6297105,0.422689125,0.49881887500000005
0.875,0.375,0.5625,0.6223135,0.42589737499999997,0.5625123125
0.875,0.375,0.625,0.6149165,0.429105625,0.62620575
0.875,0.375,0.6875,0.6075195,0.43231387499999996,0.6898991875
0.875,0.375,0.75,0.6001225,0.435522125,0.753592625
0.875,0.375,0.8125,0.5927255,0.438730375,0.8172860625
0.875,0.375,0.875,0.5853284999999999,0.441938625,0.8809795
0.875,0.375,0.9375,0.5779314999999999,0.445146875,0.9446729375
0.875,0.375,1.0,0.5705344999999999,0.44835512499999997,1.008366375
0.875,0.4375,0.0,0.7250954375,0.4511556875,-0.011476062499999998
0.875,0.4375,0.0625,0.7176984375000001,0.45436393750000004,0.05221737500000001
0.875,0.4375,0.125,0.7103014375000001,0.4575721875,0.11591081250000002
0.875,0.4375,0.1875,0.7029044375000001,0.46078043750000003,0.17960425000000002
0.875,0.4375,0.25,0.6955074375000001,0.4639886875,0.24329768750000003
0.875,0.4375,0.3125,0.6881104375,0.4671969375,0.30699112500000003
0.875,0.4375,0.375,0.6807134375,0.47040518750000004,0.37068456250000004
0.875,0.4375,0.4375,0.6733164375,0.4736134375,0.43437800000000004
0.875,0.4375,0.5,0.6659194375,0.47682168750000004,0.49807143750000005
0.875,0.4375,0.5625,0.6585224375000001,0.4800299375,0.561764875
0.875,0.4375,0.625,0.6511254375000001,0.4832381875,0.6254583125000001
0.875,0.4375,0.6875,0.6437284375000001,0.4864464375,0.6891517500000001
0.875,0.4375,0.75,0.6363314375000001,0.4896546875,0.7528451875000001
0.875,0.4375,0.8125,0.6289344375000001,0.4928629375,0.8165386250000001
0.875,0.4375,0.875,0.6215374375,0.4960711875,0.8802320625000001
0.875,0.4375,0.9375,0.6141404375,0.49927943750000003,0.9439255000000001
0.875,0.4375,1.0,0.6067434375,0.5024876875000001,1.0076189375
0.875,0.5,0.0,0.7613043749999999,0.50528825,-0.012223499999999998
0.875,0.5,0.0625,0.7539073749999999,0.5084965,0.05146993750000001
0.875,0.5,0.125,0.746510375,0.51170475,0.11516337500000001
0.875,0.5,0.1875,0.739113375,0.514913,0.17885681250000002
0.875,0.5,0.25,0.731716375,0.51812125,0.24255025000000002
0.875,0.5,0.3125,0.7243193749999999,0.5213295,0.30624368750000003
0.875,0.5,0.375,0.7169223749999999,0.52453775,0.36993712500000003
0.875,0.5,0.4375,0.7095253749999999,0.527746,0.43363056250000004
0.875,0.5,0.5,0.7021283749999999,0.53095425,0.49732400000000004
0.875,0.5,0.5625,0.6947313749999999,0.5341625,0.5610174375000001
0.875,0.5,0.625,0.6873343749999999,0.53737075,0.6247108750000001
0.875,0.5,0.6875,0.679937375,0.540579,0.6884043125000001
0.875,0.5,0.75,0.672540375,0.54378725,0.7520977500000001
0.875,0.5,0.8125,0.665143375,0.5469955,0.8157911875000001
0.875,0.5,0.875,0.6577463749999999,0.55020375,0.8794846250000001
0.875,0.5,0.9375,0.6503493749999999,0.553412,0.9431780625000001
0.875,0.5,1.0,0.6429523749999999,0.55662025,1.0068715000000001
0.875,0.5625,0.0,0.7975133125,0.5594208125,-0.012970937499999998
0.875,0.5625,0.0625,0.7901163125,0.5626290625,0.050722500000000004
0.875,0.5625,0.125,0.7827193125,0.5658373125,0.11441593750000001
0.875,0.5625,0.1875,0.7753223125,0.5690455624999999,0.17810937500000001
0.875,0.5625,0.25,0.7679253125000001,0.5722538125,0.24180281250000002
0.875,0.5625,0.3125,0.7605283125,0.5754620625,0.30549625
0.875,0.5625,0.375,0.7531313125,0.5786703125,0.36918968750000003
0.875,0.5625,0.4375,0.7457343125,0.5818785625,0.43288312500000004
0.875,0.5625,0.5,0.7383373125,0.5850868124999999,0.49657656250000004
0.875,0.5625,0.5625,0.7309403125,0.5882950625,0.56027
0.875,0.5625,0.625,0.7235433125,0.5915033125,0.6239634375
0.875,0.5625,0.6875,0.7161463125,0.5947115625,0.6876568750000001
0.875,0.5625,0.75,0.7087493125000001,0.5979198125,0.7513503125000001
0.875,0.5625,0.8125,0.7013523125000001,0.6011280625,0.8150437500000001
0.875,0.5625,0.875,0.6939553125,0.6043363125,0.8787371875000001
0.875,0.5625,0.9375,0.6865583125,0.6075445625,0.9424306250000001
0.875,0.5625,1.0,0.6791613125,0.6107528125,1.0061240625
0.875,0.625,0.0,0.83372225,0.6135533750000001,-0.013718374999999998
0.875,0.625,0.0625,0.82632525,0.6167616250000001,0.04997506250000001
0.875,0.625,0.125,0.81892825,0.6199698750000001,0.1136685
0.875,0.625,0.1875,0.81153125,0.623178125,0.1773619375
0.875,0.625,0.25,0.80413425,0.626386375,0.24105537500000002
0.875,0.625,0.3125,0.79673725,0.6295946250000001,0.3047488125
0.875,0.625,0.375,0.78934025,0.6328028750000001,0.36844225
0.875,0.625,0.4375,0.78194325,0.6360111250000001,0.43213568750000003
0.875,0.625,0.5,0.77454625,0.639219375,0.49582912500000004
0.875,0.625,0.5625,0.76714925,0.6424276250000001,0.5595225625000001
0.875,0.625,0.625,0.75975225,0.6456358750000001,0.6232160000000001
0.875,0.625,0.6875,0.75235525,0.6488441250000001,0.6869094375000001
0.875,0.625,0.75,0.74495825,0.652052375,0.7506028750000001
0.875,0.625,0.8125,0.73756125,0.655260625,0.8142963125000001
0.875,0.625,0.875,0.73016425,0.6584688750000001,0.8779897500000001
0.875,0.625,0.9375,0.72276725,0.6616771250000001,0.9416831875000001
0.875,0.625,1.0,0.71537025,0.6648853750000001,1.005376625
0.875,0.6875,0.0,0.8699311875,0.6676859375,-0.0144658125
0.875,0.6875,0.0625,0.8625341875,0.6708941875000001,0.049227625000000004
0.875,0.6875,0.125,0.8551371875,0.6741024375000001,0.11292106250000002
0.875,0.6875,0.1875,0.8477401875,0.6773106875,0.1766145
0.875,0.6875,0.25,0.8403431875,0.6805189375,0.2403079375
0.875,0.6875,0.3125,0.8329461874999999,0.6837271875,0.304001375
0.875,0.6875,0.375,0.8255491875,0.6869354375000001,0.3676948125
0.875,0.6875,0.4375,0.8181521875,0.6901436875000001,0.43138825000000003
0.875,0.6875,0.5,0.8107551875,0.6933519375,0.49508168750000003
0.875,0.6875,0.5625,0.8033581875,0.6965601875,0.558775125
0.875,0.6875,0.625,0.7959611875,0.6997684375000001,0.6224685625
0.875,0.6875,0.6875,0.7885641875,0.7029766875000001,0.686162
0.875,0.6875,0.75,0.7811671875,0.7061849375,0.7498554375
0.875,0.6875,0.8125,0.7737701875,0.7093931875,0.8135488750000001
0.875,0.6875,0.875,0.7663731874999999,0.7126014375,0.8772423125000001
0.875,0.6875,0.9375,0.7589761875,0.7158096875000001,0.9409357500000001
0.875,0.6875,1.0,0.7515791875,0.7190179375000001,1.0046291875000002
0.875,0.75,0.0,0.906140125,0.7218185,-0.01521325
0.875,0.75,0.0625,0.898743125,0.72502675,0.04848018750000001
0.875,0.75,0.125,0.891346125,0.7282350000000001,0.11217362500000001
0.875,0.75,0.1875,0.883949125,0.73144325,0.1758670625
0.875,0.75,0.25,0.876552125,0.7346515,0.2395605
0.875,0.75,0.3125,0.8691551249999999,0.73785975,0.3032539375
0.875,0.75,0.375,0.8617581249999999,0.7410680000000001,0.366947375
0.875,0.75,0.4375,0.8543611249999999,0.7442762500000001,0.4306408125
0.875,0.75,0.5,0.846964125,0.7474845,0.49433425000000003
0.875,0.75,0.5625,0.839567125,0.75069275,0.5580276875000001
0.875,0.75,0.625,0.832170125,0.753901,0.6217211250000001
0.875,0.75,0.6875,0.824773125,0.7571092500000001,0.6854145625000001
0.875,0.75,0.75,0.817376125,0.7603175,0.7491080000000001
0.875,0.75,0.8125,0.8099791249999999,0.76352575,0.8128014375000001
0.875,0.75,0.875,0.8025821249999999,0.766734,0.8764948750000001
0.875,0.75,0.9375,0.7951851249999999,0.76994225,0.9401883125000001
0.875,0.75,1.0,0.787788125,0.7731505000000001,1.0038817500000001
0.875,0.8125,0.0,0.9423490625,0.7759510625,-0.0159606875
0.875,0.8125,0.0625,0.9349520625,0.7791593125,0.047732750000000004
0.875,0.8125,0.125,0.9275550625,0.7823675625000001,0.11142618750000001
0.875,0.8125,0.1875,0.9201580625,0.7855758125,0.175119625
0.875,0.8125,0.25,0.9127610625,0.7887840625,0.2388130625
0.875,0.8125,0.3125,0.9053640624999999,0.7919923125,0.3025065
0.875,0.8125,0.375,0.8979670624999999,0.7952005625,0.3661999375
0.875,0.8125,0.4375,0.8905700624999999,0.7984088125000001,0.429893375
0.875,0.8125,0.5,0.8831730624999999,0.8016170625,0.4935868125
0.875,0.8125,0.5625,0.8757760625,0.8048253125,0.55728025
0.875,0.8125,0.625,0.8683790625,0.8080335625,0.6209736875
0.875,0.8125,0.6875,0.8609820625,0.8112418125,0.684667125
0.875,0.8125,0.75,0.8535850625,0.8144500625,0.7483605625
0.875,0.8125,0.8125,0.8461880625,0.8176583125,0.812054
0.875,0.8125,0.875,0.8387910624999999,0.8208665625,0.8757474375000001
0.875,0.8125,0.9375,0.8313940624999999,0.8240748125,0.9394408750000001
0.875,0.8125,1.0,0.8239970624999999,0.8272830625,1.0031343125
0.875,0.875,0.0,0.978558,0.8300836250000001,-0.016708124999999997
0.875,0.875,0.0625,0.971161,0.8332918750000001,0.04698531250000001
0.875,0.875,0.125,0.9637640000000001,0.8365001250000001,0.11067875000000002
0.875,0.875,0.1875,0.9563670000000001,0.8397083750000001,0.17437218750000003
0.875,0.875,0.25,0.9489700000000001,0.8429166250000001,0.23806562500000003
0.875,0.875,0.3125,0.941573,0.8461248750000001,0.3017590625
0.875,0.875,0.375,0.934176,0.8493331250000001,0.3654525
0.875,0.875,0.4375,0.926779,0.8525413750000002,0.4291459375
0.875,0.875,0.5,0.919382,0.8557496250000001,0.492839375
0.875,0.875,0.5625,0.911985,0.8589578750000001,0.5565328125000001
0.875,0.875,0.625,0.9045880000000001,0.8621661250000001,0.6202262500000001
0.875,0.875,0.6875,0.8971910000000001,0.8653743750000001,0.6839196875000001
0.875,0.875,0.75,0.8897940000000001,0.8685826250000002,0.7476131250000001
0.875,0.875,0.8125,0.8823970000000001,0.8717908750000001,0.8113065625000001
0.875,0.875,0.875,0.875,0.8749991250000001,0.8750000000000001
0.875,0.875,0.9375,0.867603,0.8782073750000001,0.9386934375000001
0.875,0.875,1.0,0.860206,0.8814156250000001,1.002386875
0.875,0.9375,0.0,1.0147669375000001,0.8842161875000001,-0.0174555625
0.875,0.9375,0.0625,1.0073699375,0.8874244375000001,0.046237875000000005
0.875,0.9375,0.125,0.9999729375000002,0.8906326875000001,0.10993131250000002
0.875,0.9375,0.1875,0.9925759375000002,0.8938409375,0.17362475000000002
0.875,0.9375,0.25,0.9851789375000002,0.8970491875000001,0.23731818750000003
0.875,0.9375,0.3125,0.9777819375000001,0.9002574375000001,0.301011625
0.875,0.9375,0.375,0.9703849375000001,0.9034656875000001,0.3647050625
0.875,0.9375,0.4375,0.9629879375000001,0.9066739375000001,0.4283985
0.875,0.9375,0.5,0.9555909375000001,0.9098821875,0.4920919375
0.875,0.9375,0.5625,0.9481939375000001,0.9130904375000001,0.555785375
0.875,0.9375,0.625,0.9407969375000002,0.9162986875000001,0.6194788125
0.875,0.9375,0.6875,0.9333999375000002,0.9195069375000001,0.68317225
0.875,0.9375,0.75,0.9260029375000002,0.9227151875000001,0.7468656875
0.875,0.9375,0.8125,0.9186059375000002,0.9259234375000001,0.810559125
0.875,0.9375,0.875,0.9112089375000001,0.9291316875000001,0.8742525625
0.875,0.9375,0.9375,0.9038119375000001,0.9323399375000001,0.9379460000000001
0.875,0.9375,1.0,0.8964149375000001,0.9355481875000001,1.0016394375000002
0.875,1.0,0.0,1.050975875,0.9383487500000001,-0.018202999999999997
0.875,1.0,0.0625,1.043578875,0.9415570000000001,0.04549043750000001
0.875,1.0,0.125,1.036181875,0.9447652500000001,0.10918387500000001
0.875,1.0,0.1875,1.028784875,0.9479735,0.17287731250000002
0.875,1.0,0.25,1.021387875,0.95118175,0.23657075000000002
0.875,1.0,0.3125,1.013990875,0.9543900000000001,0.30026418750000006
0.875,1.0,0.375,1.006593875,0.9575982500000001,0.36395762500000006
0.875,1.0,0.4375,0.999196875,0.9608065000000001,0.42765106250000007
0.875,1.0,0.5,0.991799875,0.96401475,0.4913445000000001
0.875,1.0,0.5625,0.984402875,0.967223,0.5550379375000001
0.875,1.0,0.625,0.977005875,0.9704312500000001,0.6187313750000001
0.875,1.0,0.6875,0.969608875,0.9736395000000001,0.6824248125000001
0.875,1.0,0.75,0.962211875,0.9768477500000001,0.7461182500000001
0.875,1.0,0.8125,0.9548148750000001,0.980056,0.8098116875000001
0.875,1.0,0.875,0.947417875,0.9832642500000001,0.8735051250000001
0.875,1.0,0.9375,0.940020875,0.9864725000000001,0.9371985625000001
0.875,1.0,1.0,0.932623875,0.9896807500000001,1.0008920000000001
0.9375,0.0,0.0,0.5053209375,0.077386875,-0.00669
0.9375,0.0,0.0625,0.49792393749999997,0.08059512499999999,0.057003437500000004
0.9375,0.0,0.125,0.4905269375,0.083803375,0.12069687500000001
0.9375,0.0,0.1875,0.48312993749999994,0.087011625,0.18439031250000001
0.9375,0.0,0.25,0.47573293749999995,0.09021987499999999,0.24808375000000002
0.9375,0.0,0.3125,0.46833593749999997,0.093428125,0.31177718750000005
0.9375,0.0,0.375,0.4609389375,0.096636375,0.37547062500000006
0.9375,0.0,0.4375,0.45354193749999994,0.09984462499999999,0.43916406250000006
0.9375,0.0,0.5,0.44614493749999995,0.10305287499999999,0.5028575000000001
0.9375,0.0,0.5625,0.43874793749999996,0.106261125,0.5665509375000001
0.9375,0.0,0.625,0.4313509375,0.109469375,0.6302443750000001
0.9375,0.0,0.6875,0.4239539375,0.112677625,0.6939378125000001
0.9375,0.0,0.75,0.41655693749999995,0.115885875,0.7576312500000001
0.9375,0.0,0.8125,0.40915993749999996,0.119094125,0.8213246875000001
0.9375,0.0,0.875,0.4017629375,0.12230237499999999,0.8850181250000001
0.9375,0.0,0.9375,0.39436593749999993,0.125510625,0.9487115625000001
0.9375,0.0,1.0,0.38696893749999994,0.128718875,1.012405
0.9375,0.0625,0.0,0.5415298749999999,0.1315194375,-0.0074374375
0.9375,0.0625,0.0625,0.534132875,0.1347276875,0.05625600000000001
0.9375,0.0625,0.125,0.526735875,0.1379359375,0.1199494375
0.9375,0.0625,0.1875,0.519338875,0.14114418750000002,0.183642875
0.9375,0.0625,0.25,0.511941875,0.1443524375,0.24733631250000002
0.9375,0.0625,0.3125,0.5045448749999999,0.1475606875,0.31102975000000005
0.9375,0.0625,0.375,0.49714787499999996,0.1507689375,0.37472318750000005
0.9375,0.0625,0.4375,0.4897508749999999,0.1539771875,0.43841662500000006
0.9375,0.0625,0.5,0.48235387499999993,0.1571854375,0.5021100625
0.9375,0.0625,0.5625,0.47495687499999995,0.1603936875,0.5658035
0.9375,0.0625,0.625,0.46755987499999996,0.16360193750000002,0.6294969375
0.9375,0.0625,0.6875,0.46016287499999997,0.1668101875,0.693190375
0.9375,0.0625,0.75,0.45276587499999993,0.1700184375,0.7568838125
0.9375,0.0625,0.8125,0.44536887499999994,0.1732266875,0.82057725
0.9375,0.0625,0.875,0.43797187499999995,0.1764349375,0.8842706875
0.9375,0.0625,0.9375,0.4305748749999999,0.1796431875,0.947964125
0.9375,0.0625,1.0,0.4231778749999999,0.1828514375,1.0116575625000002
0.9375,0.125,0.0,0.5777388124999999,0.18565199999999998,-0.008184875
0.9375,0.125,0.0625,0.5703418124999999,0.18886024999999998,0.055508562500000004
0.9375,0.125,0.125,0.5629448125,0.19206849999999998,0.11920200000000002
0.9375,0.125,0.1875,0.5555478125,0.19527675,0.1828954375
0.9375,0.125,0.25,0.5481508125,0.198485,0.246588875
0.9375,0.125,0.3125,0.5407538124999999,0.20169325,0.31028231250000005
0.9375,0.125,0.375,0.5333568124999999,0.2049015,0.37397575000000005
0.9375,0.125,0.4375,0.5259598124999999,0.20810974999999998,0.43766918750000006
0.9375,0.125,0.5,0.5185628124999999,0.21131799999999998,0.5013626250000001
0.9375,0.125,0.5625,0.5111658124999999,0.21452624999999997,0.5650560625000001
0.9375,0.125,0.625,0.5037688124999999,0.2177345,0.6287495000000001
0.9375,0.125,0.6875,0.49637181249999995,0.22094275,0.6924429375000001
0.9375,0.125,0.75,0.4889748124999999,0.224151,0.7561363750000001
0.9375,0.125,0.8125,0.4815778124999999,0.22735924999999998,0.8198298125000001
0.9375,0.125,0.875,0.47418081249999994,0.23056749999999998,0.8835232500000001
0.9375,0.125,0.9375,0.4667838124999999,0.23377574999999998,0.9472166875000001
0.9375,0.125,1.0,0.4593868124999999,0.23698399999999997,1.010910125
0.9375,0.1875,0.0,0.6139477499999999,0.2397845625,-0.0089323125
0.9375,0.1875,0.0625,0.6065507499999999,0.2429928125,0.05476112500000001
0.9375,0.1875,0.125,0.5991537499999999,0.24620106249999998,0.11845456250000001
0.9375,0.1875,0.1875,0.5917567499999999,0.24940931249999998,0.182148
0.9375,0.1875,0.25,0.58435975,0.2526175625,0.2458414375
0.9375,0.1875,0.3125,0.5769627499999999,0.25582581249999997,0.30953487500000004
0.9375,0.1875,0.375,0.5695657499999999,0.2590340625,0.37322831250000005
0.9375,0.1875,0.4375,0.5621687499999999,0.2622423125,0.43692175000000005
0.9375,0.1875,0.5,0.5547717499999999,0.2654505625,0.5006151875
0.9375,0.1875,0.5625,0.5473747499999999,0.2686588125,0.564308625
0.9375,0.1875,0.625,0.5399777499999999,0.2718670625,0.6280020625
0.9375,0.1875,0.6875,0.5325807499999999,0.2750753125,0.6916955
0.9375,0.1875,0.75,0.52518375,0.27828356249999997,0.7553889375
0.9375,0.1875,0.8125,0.51778675,0.2814918125,0.819082375
0.9375,0.1875,0.875,0.5103897499999999,0.2847000625,0.8827758125
0.9375,0.1875,0.9375,0.5029927499999999,0.2879083125,0.94646925
0.9375,0.1875,1.0,0.4955957499999999,0.2911165625,1.0101626875
0.9375,0.25,0.0,0.6501566875,0.293917125,-0.009679749999999999
0.9375,0.25,0.0625,0.6427596875,0.297125375,0.054013687500000004
0.9375,0.25,0.125,0.6353626875,0.300333625,0.11770712500000001
0.9375,0.25,0.1875,0.6279656875,0.303541875,0.18140056250000003
0.9375,0.25,0.25,0.6205686875,0.306750125,0.24509400000000003
0.9375,0.25,0.3125,0.6131716875,0.309958375,0.30878743750000004
0.9375,0.25,0.375,0.6057746875,0.31316662500000003,0.37248087500000004
0.9375,0.25,0.4375,0.5983776875,0.316374875,0.43617431250000005
0.9375,0.25,0.5,0.5909806875,0.319583125,0.49986775000000006
0.9375,0.25,0.5625,0.5835836875,0.322791375,0.5635611875000001
0.9375,0.25,0.625,0.5761866875,0.325999625,0.6272546250000001
0.9375,0.25,0.6875,0.5687896875,0.329207875,0.6909480625000001
0.9375,0.25,0.75,0.5613926875,0.332416125,0.7546415000000001
0.9375,0.25,0.8125,0.5539956875000001,0.335624375,0.8183349375000001
0.9375,0.25,0.875,0.5465986875,0.338832625,0.8820283750000001
0.9375,0.25,0.9375,0.5392016875,0.342040875,0.9457218125000001
0.9375,0.25,1.0,0.5318046875,0.345249125,1.00941525
0.9375,0.3125,0.0,0.686365625,0.3480496875,-0.010427187499999999
0.9375,0.3125,0.0625,0.678968625,0.3512579375,0.05326625000000001
0.9375,0.3125,0.125,0.671571625,0.3544661875,0.1169596875
0.9375,0.3125,0.1875,0.664174625,0.3576744375,0.18065312500000003
0.9375,0.3125,0.25,0.656777625,0.36088268749999997,0.24434656250000003
0.9375,0.3125,0.3125,0.6493806249999999,0.3640909375,0.30804000000000004
0.9375,0.3125,0.375,0.641983625,0.3672991875,0.37173343750000004
0.9375,0.3125,0.4375,0.634586625,0.3705074375,0.43542687500000005
0.9375,0.3125,0.5,0.627189625,0.3737156875,0.49912031250000005
0.9375,0.3125,0.5625,0.619792625,0.3769239375,0.56281375
0.9375,0.3125,0.625,0.612395625,0.3801321875,0.6265071875
0.9375,0.3125,0.6875,0.604998625,0.38334043749999996,0.690200625
0.9375,0.3125,0.75,0.597601625,0.3865486875,0.7538940625
0.9375,0.3125,0.8125,0.5902046249999999,0.38975693749999996,0.8175875
0.9375,0.3125,0.875,0.5828076249999999,0.3929651875,0.8812809375
0.9375,0.3125,0.9375,0.575410625,0.3961734375,0.944974375
0.9375,0.3125,1.0,0.568013625,0.39938168749999997,1.0086678125000001
0.9375,0.375,0.0,0.7225745625,0.40218224999999996,-0.011174625
0.9375,0.375,0.0625,0.7151775625,0.4053905,0.052518812500000005
0.9375,0.375,0.125,0.7077805625,0.40859874999999996,0.11621225000000002
0.9375,0.375,0.1875,0.7003835625,0.411807,0.17990568750000002
0.9375,0.375,0.25,0.6929865625,0.41501524999999995,0.24359912500000003
0.9375,0.375,0.3125,0.6855895624999999,0.41822349999999997,0.30729256250000003
0.9375,0.375,0.375,0.6781925624999999,0.42143175,0.37098600000000004
0.9375,0.375,0.4375,0.6707955624999999,0.42463999999999996,0.43467943750000004
0.9375,0.375,0.5,0.6633985625,0.42784825,0.49837287500000005
0.9375,0.375,0.5625,0.6560015625,0.43105649999999995,0.5620663125
0.9375,0.375,0.625,0.6486045625,0.43426475,0.6257597500000001
0.9375,0.375,0.6875,0.6412075625,0.43747299999999995,0.6894531875000001
0.9375,0.375,0.75,0.6338105625,0.44068124999999997,0.7531466250000001
0.9375,0.375,0.8125,0.6264135625,0.44388949999999994,0.8168400625000001
0.9375,0.375,0.875,0.6190165624999999,0.44709774999999996,0.8805335000000001
0.9375,0.375,0.9375,0.6116195624999999,0.450306,0.9442269375000001
0.9375,0.375,1.0,0.6042225625,0.45351424999999995,1.007920375
0.9375,0.4375,0.0,0.7587835,0.45631481250000006,-0.0119220625
0.9375,0.4375,0.0625,0.7513865000000001,0.4595230625000001,0.05177137500000001
0.9375,0.4375,0.125,0.7439895000000001,0.46273131250000005,0.11546481250000001
0.9375,0.4375,0.1875,0.7365925000000001,0.46593956250000007,0.17915825000000002
0.9375,0.4375,0.25,0.7291955000000001,0.46914781250000004,0.24285168750000002
0.9375,0.4375,0.3125,0.7217985,0.47235606250000006,0.30654512500000003
0.9375,0.4375,0.375,0.7144015,0.4755643125000001,0.37023856250000003
0.9375,0.4375,0.4375,0.7070045,0.47877256250000005,0.43393200000000004
0.9375,0.4375,0.5,0.6996075,0.4819808125000001,0.49762543750000005
0.9375,0.4375,0.5625,0.6922105000000001,0.48518906250000005,0.561318875
0.9375,0.4375,0.625,0.6848135000000001,0.48839731250000007,0.6250123125
0.9375,0.4375,0.6875,0.6774165000000001,0.49160556250000004,0.68870575
0.9375,0.4375,0.75,0.6700195000000001,0.49481381250000006,0.7523991875
0.9375,0.4375,0.8125,0.6626225000000001,0.49802206250000003,0.816092625
0.9375,0.4375,0.875,0.6552255,0.5012303125,0.8797860625
0.9375,0.4375,0.9375,0.6478285,0.5044385625000001,0.9434795
0.9375,0.4375,1.0,0.6404315,0.5076468125000001,1.0071729375
0.9375,0.5,0.0,0.7949924374999999,0.510447375,-0.0126695
0.9375,0.5,0.0625,0.7875954374999999,0.5136556250000001,0.051023937500000005
0.9375,0.5,0.125,0.7801984375,0.5168638750000001,0.11471737500000001
0.9375,0.5,0.1875,0.7728014375,0.520072125,0.17841081250000002
0.9375,0.5,0.25,0.7654044375,0.523280375,0.24210425000000002
0.9375,0.5,0.3125,0.7580074374999999,0.526488625,0.3057976875
0.9375,0.5,0.375,0.7506104374999999,0.5296968750000001,0.36949112500000003
0.9375,0.5,0.4375,0.7432134374999999,0.5329051250000001,0.43318456250000004
0.9375,0.5,0.5,0.7358164374999999,0.536113375,0.49687800000000004
0.9375,0.5,0.5625,0.7284194374999999,0.539321625,0.5605714375
0.9375,0.5,0.625,0.7210224375,0.542529875,0.624264875
0.9375,0.5,0.6875,0.7136254375,0.5457381250000001,0.6879583125000001
0.9375,0.5,0.75,0.7062284375,0.5489463750000001,0.7516517500000001
0.9375,0.5,0.8125,0.6988314375,0.552154625,0.8153451875000001
0.9375,0.5,0.875,0.6914344374999999,0.555362875,0.8790386250000001
0.9375,0.5,0.9375,0.6840374374999999,0.5585711250000001,0.9427320625000001
0.9375,0.5,1.0,0.6766404374999999,0.5617793750000001,1.0064255000000002
0.9375,0.5625,0.0,0.831201375,0.5645799375,-0.0134169375
0.9375,0.5625,0.0625,0.823804375,0.5677881875,0.0502765
0.9375,0.5625,0.125,0.816407375,0.5709964375000001,0.11396993750000001
0.9375,0.5625,0.1875,0.8090103750000001,0.5742046875,0.177663375
0.9375,0.5625,0.25,0.8016133750000001,0.5774129375,0.24135681250000002
0.9375,0.5625,0.3125,0.794216375,0.5806211875,0.30505025
0.9375,0.5625,0.375,0.786819375,0.5838294375,0.36874368750000003
0.9375,0.5625,0.4375,0.779422375,0.5870376875000001,0.43243712500000003
0.9375,0.5625,0.5,0.772025375,0.5902459375,0.49613056250000004
0.9375,0.5625,0.5625,0.764628375,0.5934541875,0.5598240000000001
0.9375,0.5625,0.625,0.757231375,0.5966624375,0.6235174375000001
0.9375,0.5625,0.6875,0.749834375,0.5998706875,0.6872108750000001
0.9375,0.5625,0.75,0.7424373750000001,0.6030789375000001,0.7509043125000001
0.9375,0.5625,0.8125,0.7350403750000001,0.6062871875,0.8145977500000001
0.9375,0.5625,0.875,0.727643375,0.6094954375,0.8782911875000001
0.9375,0.5625,0.9375,0.720246375,0.6127036875,0.9419846250000001
0.9375,0.5625,1.0,0.712849375,0.6159119375000001,1.0056780625000001
0.9375,0.625,0.0,0.8674103125,0.6187125,-0.014164375
0.9375,0.625,0.0625,0.8600133125,0.62192075,0.049529062500000005
0.9375,0.625,0.125,0.8526163125,0.625129,0.1132225
0.9375,0.625,0.1875,0.8452193125,0.62833725,0.1769159375
0.9375,0.625,0.25,0.8378223125,0.6315455,0.24060937500000001
0.9375,0.625,0.3125,0.8304253125,0.63475375,0.3043028125
0.9375,0.625,0.375,0.8230283125,0.637962,0.36799625
0.9375,0.625,0.4375,0.8156313125,0.64117025,0.43168968750000003
0.9375,0.625,0.5,0.8082343125,0.6443785,0.49538312500000004
0.9375,0.625,0.5625,0.8008373125,0.64758675,0.5590765625
0.9375,0.625,0.625,0.7934403125,0.650795,0.62277
0.9375,0.625,0.6875,0.7860433125,0.65400325,0.6864634375
0.9375,0.625,0.75,0.7786463125,0.6572115000000001,0.7501568750000001
0.9375,0.625,0.8125,0.7712493125,0.66041975,0.8138503125000001
0.9375,0.625,0.875,0.7638523125,0.663628,0.8775437500000001
0.9375,0.625,0.9375,0.7564553125,0.66683625,0.9412371875000001
0.9375,0.625,1.0,0.7490583125,0.6700445,1.004930625
0.9375,0.6875,0.0,0.90361925,0.6728450625,-0.0149118125
0.9375,0.6875,0.0625,0.89622225,0.6760533125,0.04878162500000001
0.9375,0.6875,0.125,0.88882525,0.6792615625,0.11247506250000001
0.9375,0.6875,0.1875,0.88142825,0.6824698124999999,0.1761685
0.9375,0.6875,0.25,0.87403125,0.6856780625,0.2398619375
0.9375,0.6875,0.3125,0.8666342499999999,0.6888863125,0.303555375
0.9375,0.6875,0.375,0.85923725,0.6920945625,0.3672488125
0.9375,0.6875,0.4375,0.85184025,0.6953028125,0.43094225
0.9375,0.6875,0.5,0.84444325,0.6985110625,0.49463568750000003
0.9375,0.6875,0.5625,0.83704625,0.7017193125,0.5583291250000001
0.9375,0.6875,0.625,0.82964925,0.7049275625,0.6220225625000001
0.9375,0.6875,0.6875,0.82225225,0.7081358125,0.6857160000000001
0.9375,0.6875,0.75,0.81485525,0.7113440625,0.7494094375000001
0.9375,0.6875,0.8125,0.80745825,0.7145523125,0.8131028750000001
0.9375,0.6875,0.875,0.80006125,0.7177605625,0.8767963125000001
0.9375,0.6875,0.9375,0.79266425,0.7209688125,0.9404897500000001
0.9375,0.6875,1.0,0.78526725,0.7241770625,1.0041831875
0.9375,0.75,0.0,0.9398281875,0.726977625,-0.01565925
0.9375,0.75,0.0625,0.9324311875,0.730185875,0.048034187500000006
0.9375,0.75,0.125,0.9250341875,0.733394125,0.11172762500000001
0.9375,0.75,0.1875,0.9176371875,0.7366023749999999,0.1754210625
0.9375,0.75,0.25,0.9102401875,0.7398106249999999,0.2391145
0.9375,0.75,0.3125,0.9028431874999999,0.743018875,0.3028079375
0.9375,0.75,0.375,0.8954461874999999,0.746227125,0.366501375
0.9375,0.75,0.4375,0.8880491875,0.749435375,0.4301948125
0.9375,0.75,0.5,0.8806521875,0.7526436249999999,0.49388825000000003
0.9375,0.75,0.5625,0.8732551875,0.755851875,0.5575816875
0.9375,0.75,0.625,0.8658581875,0.759060125,0.621275125
0.9375,0.75,0.6875,0.8584611875,0.762268375,0.6849685625
0.9375,0.75,0.75,0.8510641875,0.765476625,0.748662
0.9375,0.75,0.8125,0.8436671874999999,0.7686848749999999,0.8123554375
0.9375,0.75,0.875,0.8362701874999999,0.771893125,0.8760488750000001
0.9375,0.75,0.9375,0.8288731874999999,0.775101375,0.9397423125000001
0.9375,0.75,1.0,0.8214761875,0.778309625,1.0034357500000002
0.9375,0.8125,0.0,0.976037125,0.7811101874999999,-0.0164066875
0.9375,0.8125,0.0625,0.968640125,0.7843184375,0.04728675
0.9375,0.8125,0.125,0.961243125,0.7875266875,0.11098018750000001
0.9375,0.8125,0.1875,0.953846125,0.7907349374999999,0.17467362500000003
0.9375,0.8125,0.25,0.946449125,0.7939431874999999,0.23836706250000003
0.9375,0.8125,0.3125,0.9390521249999999,0.7971514375,0.3020605
0.9375,0.8125,0.375,0.9316551249999999,0.8003596875,0.3657539375
0.9375,0.8125,0.4375,0.9242581249999999,0.8035679375,0.429447375
0.9375,0.8125,0.5,0.9168611249999999,0.8067761874999999,0.4931408125
0.9375,0.8125,0.5625,0.909464125,0.8099844374999999,0.5568342500000001
0.9375,0.8125,0.625,0.902067125,0.8131926875,0.6205276875000001
0.9375,0.8125,0.6875,0.894670125,0.8164009375,0.6842211250000001
0.9375,0.8125,0.75,0.887273125,0.8196091875,0.7479145625000001
0.9375,0.8125,0.8125,0.879876125,0.8228174374999999,0.8116080000000001
0.9375,0.8125,0.875,0.8724791249999999,0.8260256874999999,0.8753014375000001
0.9375,0.8125,0.9375,0.8650821249999999,0.8292339375,0.9389948750000001
0.9375,0.8125,1.0,0.8576851249999999,0.8324421875,1.0026883125000001
0.9375,0.875,0.0,1.0122460625,0.83524275,-0.017154125
0.9375,0.875,0.0625,1.0048490625,0.8384510000000001,0.046539312500000006
0.9375,0.875,0.125,0.9974520625000001,0.8416592500000001,0.11023275000000002
0.9375,0.875,0.1875,0.9900550625000001,0.8448675,0.17392618750000002
0.9375,0.875,0.25,0.9826580625000001,0.84807575,0.23761962500000003
0.9375,0.875,0.3125,0.9752610625,0.851284,0.3013130625
0.9375,0.875,0.375,0.9678640625,0.8544922500000001,0.3650065
0.9375,0.875,0.4375,0.9604670625,0.8577005000000001,0.4286999375
0.9375,0.875,0.5,0.9530700625,0.86090875,0.492393375
0.9375,0.875,0.5625,0.9456730625,0.864117,0.5560868125
0.9375,0.875,0.625,0.9382760625000001,0.86732525,0.61978025
0.9375,0.875,0.6875,0.9308790625000001,0.8705335000000001,0.6834736875
0.9375,0.875,0.75,0.9234820625000001,0.87374175,0.747167125
0.9375,0.875,0.8125,0.9160850625000001,0.87695,0.8108605625
0.9375,0.875,0.875,0.9086880625,0.88015825,0.874554
0.9375,0.875,0.9375,0.9012910625,0.8833665,0.9382474375000001
0.9375,0.875,1.0,0.8938940625,0.8865747500000001,1.001940875
0.9375,0.9375,0.0,1.0484550000000001,0.8893753125,-0.0179015625
0.9375,0.9375,0.0625,1.041058,0.8925835625,0.04579187500000001
0.9375,0.9375,0.125,1.0336610000000002,0.8957918125000001,0.10948531250000001
0.9375,0.9375,0.1875,1.026264,0.8990000625,0.17317875000000002
0.9375,0.9375,0.25,1.0188670000000002,0.9022083125,0.23687218750000003
0.9375,0.9375,0.3125,1.01147,0.9054165625,0.300565625
0.9375,0.9375,0.375,1.0040730000000002,0.9086248125,0.3642590625
0.9375,0.9375,0.4375,0.9966760000000001,0.9118330625000001,0.4279525
0.9375,0.9375,0.5,0.9892790000000001,0.9150413125,0.4916459375
0.9375,0.9375,0.5625,0.9818820000000001,0.9182495625,0.5553393750000001
0.9375,0.9375,0.625,0.9744850000000002,0.9214578125,0.6190328125000001
0.9375,0.9375,0.6875,0.9670880000000002,0.9246660625,0.6827262500000001
0.9375,0.9375,0.75,0.9596910000000002,0.9278743125,0.7464196875000001
0.9375,0.9375,0.8125,0.9522940000000002,0.9310825625,0.8101131250000001
0.9375,0.9375,0.875,0.9448970000000001,0.9342908125,0.8738065625000001
0.9375,0.9375,0.9375,0.9375000000000001,0.9374990625,0.9375000000000001
0.9375,0.9375,1.0,0.9301030000000001,0.9407073125000001,1.0011934375
0.9375,1.0,0.0,1.0846639375,0.943507875,-0.018649
0.9375,1.0,0.0625,1.0772669375,0.946716125,0.045044437500000006
0.9375,1.0,0.125,1.0698699375,0.949924375,0.10873787500000001
0.9375,1.0,0.1875,1.0624729375,0.953132625,0.17243131250000002
0.9375,1.0,0.25,1.0550759375,0.956340875,0.23612475000000002
0.9375,1.0,0.3125,1.0476789375,0.959549125,0.2998181875
0.9375,1.0,0.375,1.0402819375,0.962757375,0.363511625
0.9375,1.0,0.4375,1.0328849375,0.965965625,0.4272050625
0.9375,1.0,0.5,1.0254879375000001,0.969173875,0.4908985
0.9375,1.0,0.5625,1.0180909375,0.972382125,0.5545919375
0.9375,1.0,0.625,1.0106939375,0.975590375,0.618285375
0.9375,1.0,0.6875,1.0032969375,0.978798625,0.6819788125
0.9375,1.0,0.75,0.9958999375,0.982006875,0.74567225
0.9375,1.0,0.8125,0.9885029375000001,0.985215125,0.8093656875
0.9375,1.0,0.875,0.9811059375,0.988423375,0.873059125
0.9375,1.0,0.9375,0.9737089375,0.991631625,0.9367525625
0.9375,1.0,1.0,0.9663119375,0.994839875,1.0004460000000002
1.0,0.0,0.0,0.539009,0.082546,-0.007136
1.0,0.0,0.0625,0.531612,0.08575424999999999,0.0565574375
1.0,0.0,0.125,0.524215,0.0889625,0.12025087500000001
1.0,0.0,0.1875,0.516818,0.09217075,0.1839443125
1.0,0.0,0.25,0.509421,0.09537899999999999,0.24763775000000002
1.0,0.0,0.3125,0.5020239999999999,0.09858724999999999,0.31133118750000005
1.0,0.0,0.375,0.494627,0.1017955,0.37502462500000006
1.0,0.0,0.4375,0.48722999999999994,0.10500374999999999,0.43871806250000006
1.0,0.0,0.5,0.47983299999999995,0.108212,0.5024115
1.0,0.0,0.5625,0.47243599999999997,0.11142025,0.5661049375
1.0,0.0,0.625,0.465039,0.1146285,0.629798375
1.0,0.0,0.6875,0.457642,0.11783674999999999,0.6934918125
1.0,0.0,0.75,0.45024499999999995,0.121045,0.75718525
1.0,0.0,0.8125,0.44284799999999996,0.12425325,0.8208786875
1.0,0.0,0.875,0.435451,0.1274615,0.884572125
1.0,0.0,0.9375,0.42805399999999993,0.13066975,0.9482655625
1.0,0.0,1.0,0.42065699999999995,0.133878,1.011959
1.0,0.0625,0.0,0.5752179374999999,0.1366785625,-0.0078834375
1.0,0.0625,0.0625,0.5678209375,0.13988681249999999,0.055810000000000005
1.0,0.0625,0.125,0.5604239375,0.14309506249999998,0.1195034375
1.0,0.0625,0.1875,0.5530269375,0.1463033125,0.183196875
1.0,0.0625,0.25,0.5456299375,0.1495115625,0.24689031250000001
1.0,0.0625,0.3125,0.5382329374999999,0.1527198125,0.31058375000000005
1.0,0.0625,0.375,0.5308359374999999,0.1559280625,0.37427718750000005
1.0,0.0625,0.4375,0.5234389374999999,0.1591363125,0.43797062500000006
1.0,0.0625,0.5,0.5160419374999999,0.16234456249999998,0.5016640625000001
1.0,0.0625,0.5625,0.5086449375,0.16555281249999998,0.5653575000000001
1.0,0.0625,0.625,0.5012479375,0.1687610625,0.6290509375000001
1.0,0.0625,0.6875,0.4938509375,0.1719693125,0.6927443750000001
1.0,0.0625,0.75,0.48645393749999993,0.1751775625,0.7564378125000001
1.0,0.0625,0.8125,0.47905693749999995,0.1783858125,0.8201312500000001
1.0,0.0625,0.875,0.47165993749999996,0.1815940625,0.8838246875000001
1.0,0.0625,0.9375,0.4642629374999999,0.18480231249999998,0.9475181250000001
1.0,0.0625,1.0,0.45686593749999993,0.18801056249999998,1.0112115625
1.0,0.125,0.0,0.6114268749999999,0.190811125,-0.008630875
1.0,0.125,0.0625,0.6040298749999999,0.194019375,0.05506256250000001
1.0,0.125,0.125,0.596632875,0.197227625,0.11875600000000001
1.0,0.125,0.1875,0.589235875,0.20043587499999999,0.1824494375
1.0,0.125,0.25,0.581838875,0.203644125,0.246142875
1.0,0.125,0.3125,0.5744418749999999,0.206852375,0.30983631250000004
1.0,0.125,0.375,0.5670448749999999,0.210060625,0.37352975000000005
1.0,0.125,0.4375,0.5596478749999999,0.213268875,0.43722318750000005
1.0,0.125,0.5,0.5522508749999999,0.216477125,0.500916625
1.0,0.125,0.5625,0.5448538749999999,0.219685375,0.5646100625
1.0,0.125,0.625,0.537456875,0.22289362499999998,0.6283035
1.0,0.125,0.6875,0.530059875,0.226101875,0.6919969375
1.0,0.125,0.75,0.522662875,0.229310125,0.755690375
1.0,0.125,0.8125,0.5152658749999999,0.232518375,0.8193838125
1.0,0.125,0.875,0.5078688749999999,0.235726625,0.88307725
1.0,0.125,0.9375,0.5004718749999999,0.238934875,0.9467706875
1.0,0.125,1.0,0.4930748749999999,0.24214312500000001,1.0104641250000002
1.0,0.1875,0.0,0.6476358124999999,0.2449436875,-0.0093783125
1.0,0.1875,0.0625,0.6402388124999999,0.2481519375,0.054315125000000006
1.0,0.1875,0.125,0.6328418124999999,0.2513601875,0.11800856250000001
1.0,0.1875,0.1875,0.6254448125,0.2545684375,0.18170200000000003
1.0,0.1875,0.25,0.6180478125,0.2577766875,0.24539543750000004
1.0,0.1875,0.3125,0.6106508124999999,0.2609849375,0.30908887500000004
1.0,0.1875,0.375,0.6032538124999999,0.2641931875,0.37278231250000005
1.0,0.1875,0.4375,0.5958568124999999,0.2674014375,0.43647575000000005
1.0,0.1875,0.5,0.5884598124999999,0.27060968750000003,0.5001691875000001
1.0,0.1875,0.5625,0.5810628124999999,0.2738179375,0.5638626250000001
1.0,0.1875,0.625,0.5736658124999999,0.2770261875,0.6275560625000001
1.0,0.1875,0.6875,0.5662688124999999,0.2802344375,0.6912495000000001
1.0,0.1875,0.75,0.5588718125,0.2834426875,0.7549429375000001
1.0,0.1875,0.8125,0.5514748125,0.28665093750000004,0.8186363750000001
1.0,0.1875,0.875,0.5440778124999999,0.2898591875,0.8823298125000001
1.0,0.1875,0.9375,0.5366808124999999,0.2930674375,0.9460232500000001
1.0,0.1875,1.0,0.5292838124999999,0.2962756875,1.0097166875
1.0,0.25,0.0,0.68384475,0.29907625,-0.01012575
1.0,0.25,0.0625,0.67644775,0.3022845,0.0535676875
1.0,0.25,0.125,0.66905075,0.30549275,0.11726112500000001
1.0,0.25,0.1875,0.66165375,0.308701,0.18095456250000003
1.0,0.25,0.25,0.65425675,0.31190924999999997,0.24464800000000003
1.0,0.25,0.3125,0.64685975,0.3151175,0.30834143750000004
1.0,0.25,0.375,0.63946275,0.31832574999999996,0.37203487500000004
1.0,0.25,0.4375,0.63206575,0.321534,0.43572831250000005
1.0,0.25,0.5,0.62466875,0.32474225,0.49942175000000005
1.0,0.25,0.5625,0.61727175,0.3279505,0.5631151875
1.0,0.25,0.625,0.60987475,0.33115875,0.626808625
1.0,0.25,0.6875,0.60247775,0.33436699999999997,0.6905020625
1.0,0.25,0.75,0.59508075,0.33757525,0.7541955
1.0,0.25,0.8125,0.5876837500000001,0.3407835,0.8178889375
1.0,0.25,0.875,0.58028675,0.34399175,0.881582375
1.0,0.25,0.9375,0.57288975,0.3472,0.9452758125
1.0,0.25,1.0,0.56549275,0.35040825,1.00896925
1.0,0.3125,0.0,0.7200536875,0.3532088125,-0.0108731875
1.0,0.3125,0.0625,0.7126566875,0.35641706250000005,0.052820250000000006
1.0,0.3125,0.125,0.7052596875,0.3596253125,0.11651368750000002
1.0,0.3125,0.1875,0.6978626875,0.36283356250000004,0.18020712500000002
1.0,0.3125,0.25,0.6904656875,0.3660418125,0.24390056250000003
1.0,0.3125,0.3125,0.6830686874999999,0.36925006250000003,0.30759400000000003
1.0,0.3125,0.375,0.6756716875,0.37245831250000005,0.37128743750000004
1.0,0.3125,0.4375,0.6682746875,0.3756665625,0.43498087500000004
1.0,0.3125,0.5,0.6608776875,0.37887481250000005,0.49867431250000005
1.0,0.3125,0.5625,0.6534806875,0.3820830625,0.56236775
1.0,0.3125,0.625,0.6460836875,0.38529131250000004,0.6260611875000001
1.0,0.3125,0.6875,0.6386866875,0.3884995625,0.6897546250000001
1.0,0.3125,0.75,0.6312896875,0.39170781250000003,0.7534480625000001
1.0,0.3125,0.8125,0.6238926874999999,0.3949160625,0.8171415000000001
1.0,0.3125,0.875,0.6164956875,0.3981243125,0.8808349375000001
1.0,0.3125,0.9375,0.6090986875,0.40133256250000005,0.9445283750000001
1.0,0.3125,1.0,0.6017016875,0.4045408125,1.0082218125
1.0,0.375,0.0,0.756262625,0.407341375,-0.011620624999999999
1.0,0.375,0.0625,0.748865625,0.41054962500000003,0.05207281250000001
1.0,0.375,0.125,0.741468625,0.413757875,0.11576625000000001
1.0,0.375,0.1875,0.734071625,0.416966125,0.17945968750000002
1.0,0.375,0.25,0.726674625,0.420174375,0.24315312500000003
1.0,0.375,0.3125,0.7192776249999999,0.423382625,0.30684656250000003
1.0,0.375,0.375,0.7118806249999999,0.42659087500000004,0.37054000000000004
1.0,0.375,0.4375,0.704483625,0.429799125,0.43423343750000004
1.0,0.375,0.5,0.697086625,0.433007375,0.49792687500000005
1.0,0.375,0.5625,0.689689625,0.436215625,0.5616203125
1.0,0.375,0.625,0.682292625,0.439423875,0.62531375
1.0,0.375,0.6875,0.674895625,0.442632125,0.6890071875
1.0,0.375,0.75,0.667498625,0.445840375,0.752700625
1.0,0.375,0.8125,0.660101625,0.449048625,0.8163940625
1.0,0.375,0.875,0.6527046249999999,0.452256875,0.8800875
1.0,0.375,0.9375,0.6453076249999999,0.455465125,0.9437809375
1.0,0.375,1.0,0.637910625,0.458673375,1.0074743750000001
1.0,0.4375,0.0,0.7924715625000001,0.46147393750000004,-0.012368062499999999
1.0,0.4375,0.0625,0.7850745625000001,0.46468218750000007,0.051325375000000006
1.0,0.4375,0.125,0.7776775625000001,0.46789043750000003,0.11501881250000001
1.0,0.4375,0.1875,0.7702805625000001,0.47109868750000006,0.17871225000000002
1.0,0.4375,0.25,0.7628835625000001,0.4743069375,0.24240568750000002
1.0,0.4375,0.3125,0.7554865625,0.47751518750000005,0.306099125
1.0,0.4375,0.375,0.7480895625,0.4807234375,0.36979256250000003
1.0,0.4375,0.4375,0.7406925625,0.48393168750000004,0.43348600000000004
1.0,0.4375,0.5,0.7332955625,0.48713993750000006,0.49717943750000004
1.0,0.4375,0.5625,0.7258985625000001,0.49034818750000003,0.560872875
1.0,0.4375,0.625,0.7185015625000001,0.49355643750000006,0.6245663125
1.0,0.4375,0.6875,0.7111045625000001,0.4967646875,0.6882597500000001
1.0,0.4375,0.75,0.7037075625000001,0.49997293750000005,0.7519531875000001
1.0,0.4375,0.8125,0.6963105625000001,0.5031811875000001,0.8156466250000001
1.0,0.4375,0.875,0.6889135625,0.5063894375000001,0.8793400625000001
1.0,0.4375,0.9375,0.6815165625,0.5095976875,0.9430335000000001
1.0,0.4375,1.0,0.6741195625,0.5128059375,1.0067269375
1.0,0.5,0.0,0.8286804999999999,0.5156065,-0.013115499999999999
1.0,0.5,0.0625,0.8212834999999999,0.51881475,0.0505779375
1.0,0.5,0.125,0.8138865,0.522023,0.11427137500000001
1.0,0.5,0.1875,0.8064895,0.5252312499999999,0.1779648125
1.0,0.5,0.25,0.7990925,0.5284395,0.24165825000000002
1.0,0.5,0.3125,0.7916954999999999,0.53164775,0.3053516875
1.0,0.5,0.375,0.7842984999999999,0.534856,0.36904512500000003
1.0,0.5,0.4375,0.7769014999999999,0.53806425,0.43273856250000003
1.0,0.5,0.5,0.7695044999999999,0.5412724999999999,0.49643200000000004
1.0,0.5,0.5625,0.7621074999999999,0.54448075,0.5601254375000001
1.0,0.5,0.625,0.7547105,0.547689,0.6238188750000001
1.0,0.5,0.6875,0.7473135,0.55089725,0.6875123125000001
1.0,0.5,0.75,0.7399165,0.5541054999999999,0.7512057500000001
1.0,0.5,0.8125,0.7325195,0.5573137499999999,0.8148991875000001
1.0,0.5,0.875,0.7251224999999999,0.560522,0.8785926250000001
1.0,0.5,0.9375,0.7177254999999999,0.56373025,0.9422860625000001
1.0,0.5,1.0,0.7103284999999999,0.5669385,1.0059795
1.0,0.5625,0.0,0.8648894375,0.5697390625,-0.013862937499999999
1.0,0.5625,0.0625,0.8574924375,0.5729473125,0.04983050000000001
1.0,0.5625,0.125,0.8500954375,0.5761555625,0.1135239375
1.0,0.5625,0.1875,0.8426984375000001,0.5793638124999999,0.177217375
1.0,0.5625,0.25,0.8353014375000001,0.5825720624999999,0.24091081250000002
1.0,0.5625,0.3125,0.8279044375,0.5857803125,0.30460425
1.0,0.5625,0.375,0.8205074375,0.5889885625,0.3682976875
1.0,0.5625,0.4375,0.8131104375,0.5921968125,0.43199112500000003
1.0,0.5625,0.5,0.8057134375,0.5954050624999999,0.49568456250000004
1.0,0.5625,0.5625,0.7983164375,0.5986133124999999,0.559378
1.0,0.5625,0.625,0.7909194375,0.6018215625,0.6230714375
1.0,0.5625,0.6875,0.7835224375000001,0.6050298125,0.686764875
1.0,0.5625,0.75,0.7761254375000001,0.6082380624999999,0.7504583125000001
1.0,0.5625,0.8125,0.7687284375000001,0.6114463124999999,0.8141517500000001
1.0,0.5625,0.875,0.7613314375,0.6146545625,0.8778451875000001
1.0,0.5625,0.9375,0.7539344375,0.6178628125,0.9415386250000001
1.0,0.5625,1.0,0.7465374375,0.6210710625,1.0052320625000002
1.0,0.625,0.0,0.901098375,0.623871625,-0.014610374999999998
1.0,0.625,0.0625,0.893701375,0.6270798750000001,0.04908306250000001
1.0,0.625,0.125,0.886304375,0.6302881250000001,0.11277650000000002
1.0,0.625,0.1875,0.878907375,0.633496375,0.1764699375
1.0,0.625,0.25,0.8715103750000001,0.636704625,0.240163375
1.0,0.625,0.3125,0.864113375,0.639912875,0.3038568125
1.0,0.625,0.375,0.856716375,0.6431211250000001,0.36755025
1.0,0.625,0.4375,0.849319375,0.6463293750000001,0.43124368750000003
1.0,0.625,0.5,0.841922375,0.649537625,0.49493712500000003
1.0,0.625,0.5625,0.834525375,0.652745875,0.5586305625000001
1.0,0.625,0.625,0.827128375,0.655954125,0.6223240000000001
1.0,0.625,0.6875,0.819731375,0.6591623750000001,0.6860174375000001
1.0,0.625,0.75,0.812334375,0.6623706250000001,0.7497108750000001
1.0,0.625,0.8125,0.804937375,0.665578875,0.8134043125000001
1.0,0.625,0.875,0.797540375,0.668787125,0.8770977500000001
1.0,0.625,0.9375,0.790143375,0.6719953750000001,0.9407911875000001
1.0,0.625,1.0,0.782746375,0.6752036250000001,1.0044846250000001
1.0,0.6875,0.0,0.9373073125,0.6780041875,-0.0153578125
1.0,0.6875,0.0625,0.9299103125,0.6812124375,0.04833562500000001
1.0,0.6875,0.125,0.9225133125,0.6844206875000001,0.11202906250000001
1.0,0.6875,0.1875,0.9151163125,0.6876289375,0.1757225
1.0,0.6875,0.25,0.9077193125,0.6908371875,0.2394159375
1.0,0.6875,0.3125,0.9003223124999999,0.6940454375,0.303109375
1.0,0.6875,0.375,0.8929253125,0.6972536875,0.3668028125
1.0,0.6875,0.4375,0.8855283125,0.7004619375000001,0.43049625
1.0,0.6875,0.5,0.8781313125,0.7036701875,0.49418968750000003
1.0,0.6875,0.5625,0.8707343125,0.7068784375,0.557883125
1.0,0.6875,0.625,0.8633373125,0.7100866875,0.6215765625
1.0,0.6875,0.6875,0.8559403125,0.7132949375000001,0.68527
1.0,0.6875,0.75,0.8485433125,0.7165031875000001,0.7489634375
1.0,0.6875,0.8125,0.8411463125,0.7197114375,0.8126568750000001
1.0,0.6875,0.875,0.8337493125,0.7229196875,0.8763503125000001
1.0,0.6875,0.9375,0.8263523125,0.7261279375,0.9400437500000001
1.0,0.6875,1.0,0.8189553125,0.7293361875000001,1.0037371875
1.0,0.75,0.0,0.97351625,0.73213675,-0.01610525
1.0,0.75,0.0625,0.96611925,0.735345,0.047588187500000004
1.0,0.75,0.125,0.95872225,0.73855325,0.11128162500000001
1.0,0.75,0.1875,0.95132525,0.7417615,0.1749750625
1.0,0.75,0.25,0.94392825,0.74496975,0.2386685
1.0,0.75,0.3125,0.9365312499999999,0.748178,0.3023619375
1.0,0.75,0.375,0.9291342499999999,0.75138625,0.366055375
1.0,0.75,0.4375,0.92173725,0.7545945000000001,0.4297488125
1.0,0.75,0.5,0.91434025,0.75780275,0.49344225
1.0,0.75,0.5625,0.90694325,0.761011,0.5571356875000001
1.0,0.75,0.625,0.89954625,0.76421925,0.6208291250000001
1.0,0.75,0.6875,0.89214925,0.7674275,0.6845225625000001
1.0,0.75,0.75,0.88475225,0.7706357500000001,0.7482160000000001
1.0,0.75,0.8125,0.8773552499999999,0.773844,0.8119094375000001
1.0,0.75,0.875,0.8699582499999999,0.77705225,0.8756028750000001
1.0,0.75,0.9375,0.86256125,0.7802605,0.9392963125000001
1.0,0.75,1.0,0.85516425,0.78346875,1.00298975
1.0,0.8125,0.0,1.0097251875,0.7862693125,-0.016852687499999998
1.0,0.8125,0.0625,1.0023281874999999,0.7894775625,0.04684075000000001
1.0,0.8125,0.125,0.9949311875,0.7926858125,0.11053418750000002
1.0,0.8125,0.1875,0.9875341875,0.7958940624999999,0.17422762500000002
1.0,0.8125,0.25,0.9801371875,0.7991023125,0.23792106250000003
1.0,0.8125,0.3125,0.9727401874999999,0.8023105625,0.3016145
1.0,0.8125,0.375,0.9653431874999999,0.8055188125,0.3653079375
1.0,0.8125,0.4375,0.9579461874999999,0.8087270625,0.429001375
1.0,0.8125,0.5,0.9505491875,0.8119353125,0.4926948125
1.0,0.8125,0.5625,0.9431521875,0.8151435625,0.55638825
1.0,0.8125,0.625,0.9357551875,0.8183518125,0.6200816875
1.0,0.8125,0.6875,0.9283581875,0.8215600625,0.683775125
1.0,0.8125,0.75,0.9209611875,0.8247683125,0.7474685625
1.0,0.8125,0.8125,0.9135641875,0.8279765625,0.811162
1.0,0.8125,0.875,0.9061671874999999,0.8311848125,0.8748554375
1.0,0.8125,0.9375,0.8987701874999999,0.8343930625,0.9385488750000001
1.0,0.8125,1.0,0.8913731874999999,0.8376013125,1.0022423125000002
1.0,0.875,0.0,1.045934125,0.8404018750000001,-0.017600125
1.0,0.875,0.0625,1.038537125,0.8436101250000001,0.046093312500000004
1.0,0.875,0.125,1.031140125,0.8468183750000001,0.10978675000000002
1.0,0.875,0.1875,1.023743125,0.850026625,0.17348018750000002
1.0,0.875,0.25,1.016346125,0.8532348750000001,0.23717362500000003
1.0,0.875,0.3125,1.008949125,0.8564431250000001,0.3008670625
1.0,0.875,0.375,1.0015521250000001,0.8596513750000001,0.3645605
1.0,0.875,0.4375,0.994155125,0.8628596250000001,0.4282539375
1.0,0.875,0.5,0.986758125,0.866067875,0.491947375
1.0,0.875,0.5625,0.979361125,0.8692761250000001,0.5556408125000001
1.0,0.875,0.625,0.9719641250000001,0.8724843750000001,0.6193342500000001
1.0,0.875,0.6875,0.9645671250000001,0.8756926250000001,0.6830276875000001
1.0,0.875,0.75,0.9571701250000001,0.878900875,0.7467211250000001
1.0,0.875,0.8125,0.9497731250000001,0.882109125,0.8104145625000001
1.0,0.875,0.875,0.942376125,0.8853173750000001,0.8741080000000001
1.0,0.875,0.9375,0.934979125,0.8885256250000001,0.9378014375000001
1.0,0.875,1.0,0.927582125,0.8917338750000001,1.0014948750000001
1.0,0.9375,0.0,1.0821430625000001,0.8945344375000001,-0.018347562499999998
1.0,0.9375,0.0625,1.0747460625,0.8977426875000001,0.04534587500000001
1.0,0.9375,0.125,1.0673490625000002,0.9009509375000001,0.10903931250000001
1.0,0.9375,0.1875,1.0599520625,0.9041591875,0.17273275000000002
1.0,0.9375,0.25,1.0525550625000002,0.9073674375,0.23642618750000002
1.0,0.9375,0.3125,1.0451580625,0.9105756875000001,0.300119625
1.0,0.9375,0.375,1.0377610625000002,0.9137839375000001,0.3638130625
1.0,0.9375,0.4375,1.0303640625000001,0.9169921875000001,0.4275065
1.0,0.9375,0.5,1.0229670625000002,0.9202004375,0.4911999375
1.0,0.9375,0.5625,1.0155700625000001,0.9234086875,0.554893375
1.0,0.9375,0.625,1.0081730625,0.9266169375000001,0.6185868125
1.0,0.9375,0.6875,1.0007760625000002,0.9298251875000001,0.68228025
1.0,0.9375,0.75,0.9933790625000002,0.9330334375,0.7459736875
1.0,0.9375,0.8125,0.9859820625000002,0.9362416875,0.809667125
1.0,0.9375,0.875,0.9785850625000001,0.9394499375,0.8733605625
1.0,0.9375,0.9375,0.9711880625000001,0.9426581875000001,0.937054
1.0,0.9375,1.0,0.9637910625000001,0.9458664375000001,1.0007474375
1.0,1.0,0.0,1.118352,0.948667,-0.019095
1.0,1.0,0.0625,1.110955,0.9518752500000001,0.044598437500000004
1.0,1.0,0.125,1.103558,0.9550835000000001,0.10829187500000001
1.0,1.0,0.1875,1.096161,0.95829175,0.17198531250000001
1.0,1.0,0.25,1.088764,0.9615,0.23567875000000002
1.0,1.0,0.3125,1.081367,0.96470825,0.29937218750000005
1.0,1.0,0.375,1.07397,0.9679165000000001,0.36306562500000006
1.0,1.0,0.4375,1.066573,0.9711247500000001,0.42675906250000006
1.0,1.0,0.5,1.0591760000000001,0.974333,0.49045250000000007
1.0,1.0,0.5625,1.051779,0.97754125,0.5541459375000001
1.0,1.0,0.625,1.044382,0.9807495,0.6178393750000001
1.0,1.0,0.6875,1.036985,0.9839577500000001,0.6815328125000001
1.0,1.0,0.75,1.029588,0.987166,0.7452262500000001
1.0,1.0,0.8125,1.022191,0.99037425,0.8089196875000001
1.0,1.0,0.875,1.014794,0.9935825,0.8726131250000001
1.0,1.0,0.9375,1.007397,0.9967907500000001,0.9363065625000001
1.0,1.0,1.0,1.0,0.9999990000000001,1.0
