R,G,B,R_out,G_out,B_out
0.0,0.0,0.0,0.0,0.0,0.0
0.0,0.0,0.0625,-0.008602625,0.003806375,0.0640188125
0.0,0.0,0.125,-0.01720525,0.00761275,0.128037625
0.0,0.0,0.1875,-0.025807874999999997,0.011419124999999999,0.19205643749999998
0.0,0.0,0.25,-0.0344105,0.0152255,0.25607525
0.0,0.0,0.3125,-0.043013125,0.019031875,0.32009406249999994
0.0,0.0,0.375,-0.051615749999999995,0.022838249999999997,0.38411287499999996
0.0,0.0,0.4375,-0.06021837499999999,0.026644624999999998,0.4481316875
0.0,0.0,0.5,-0.068821,0.030451,0.5121505
0.0,0.0,0.5625,-0.077423625,0.034257375,0.5761693124999999
0.0,0.0,0.625,-0.08602625,0.03806375,0.6401881249999999
0.0,0.0,0.6875,-0.09462887499999999,0.041870125,0.7042069375
0.0,0.0,0.75,-0.10323149999999999,0.045676499999999995,0.7682257499999999
0.0,0.0,0.8125,-0.11183412499999999,0.049482874999999996,0.8322445624999999
0.0,0.0,0.875,-0.12043674999999998,0.053289249999999996,0.896263375
0.0,0.0,0.9375,-0.12903937499999998,0.057095625,0.9602821874999999
0.0,0.0,1.0,-0.137642,0.060902,1.024301
0.0,0.0625,0.0,0.042473625,0.0528945625,-0.0010504375
0.0,0.0625,0.0625,0.033871,0.0567009375,0.062968375
0.0,0.0625,0.125,0.025268375000000003,0.0605073125,0.1269871875
0.0,0.0625,0.1875,0.016665750000000003,0.0643136875,0.19100599999999998
0.0,0.0625,0.25,0.008063125000000004,0.0681200625,0.2550248125
0.0,0.0625,0.3125,-0.0005394999999999983,0.0719264375,0.31904362499999994
0.0,0.0625,0.375,-0.009142124999999994,0.0757328125,0.38306243749999996
0.0,0.0625,0.4375,-0.01774474999999999,0.0795391875,0.44708125
0.0,0.0625,0.5,-0.026347374999999992,0.0833455625,0.5111000625
0.0,0.0625,0.5625,-0.034949999999999995,0.0871519375,0.5751188749999999
0.0,0.0625,0.625,-0.043552625,0.0909583125,0.6391376874999999
0.0,0.0625,0.6875,-0.052155249999999986,0.0947646875,0.7031565
0.0,0.0625,0.75,-0.06075787499999999,0.0985710625,0.7671753124999999
0.0,0.0625,0.8125,-0.06936049999999999,0.1023774375,0.8311941249999999
0.0,0.0625,0.875,-0.07796312499999998,0.1061838125,0.8952129375
0.0,0.0625,0.9375,-0.08656574999999998,0.1099901875,0.9592317499999999
0.0,0.0625,1.0,-0.09516837499999999,0.1137965625,1.0232505625
0.0,0.125,0.0,0.08494725,0.105789125,-0.002100875
0.0,0.125,0.0625,0.076344625,0.1095955,0.06191793749999999
0.0,0.125,0.125,0.067742,0.113401875,0.12593675
0.0,0.125,0.1875,0.05913937500000001,0.11720825,0.18995556249999998
0.0,0.125,0.25,0.050536750000000005,0.121014625,0.253974375
0.0,0.125,0.3125,0.041934125,0.124821,0.31799318749999994
0.0,0.125,0.375,0.03333150000000001,0.128627375,0.38201199999999996
0.0,0.125,0.4375,0.02472887500000001,0.13243375,0.4460308125
0.0,0.125,0.5,0.01612625000000001,0.136240125,0.510049625
0.0,0.125,0.5625,0.007523625000000006,0.1400465,0.5740684374999999
0.0,0.125,0.625,-0.0010789999999999966,0.143852875,0.6380872499999999
0.0,0.125,0.6875,-0.009681624999999985,0.14765925,0.7021060625
0.0,0.125,0.75,-0.018284249999999988,0.151465625,0.7661248749999999
0.0,0.125,0.8125,-0.02688687499999999,0.155272,0.8301436874999999
0.0,0.125,0.875,-0.03548949999999998,0.159078375,0.8941625
0.0,0.125,0.9375,-0.04409212499999998,0.16288475,0.9581813124999999
0.0,0.125,1.0,-0.052694749999999985,0.166691125,1.022200125
0.0,0.1875,0.0,0.127420875,0.1586836875,-0.0031513124999999996
0.0,0.1875,0.0625,0.11881824999999999,0.1624900625,0.06086749999999999
0.0,0.1875,0.125,0.11021562499999998,0.1662964375,0.12488631249999999
0.0,0.1875,0.1875,0.101613,0.1701028125,0.18890512499999998
0.0,0.1875,0.25,0.09301037499999999,0.1739091875,0.2529239375
0.0,0.1875,0.3125,0.08440774999999999,0.1777155625,0.31694274999999994
0.0,0.1875,0.375,0.075805125,0.1815219375,0.38096156249999996
0.0,0.1875,0.4375,0.0672025,0.1853283125,0.444980375
0.0,0.1875,0.5,0.058599874999999996,0.1891346875,0.5089991875
0.0,0.1875,0.5625,0.04999724999999999,0.1929410625,0.5730179999999999
0.0,0.1875,0.625,0.04139462499999999,0.1967474375,0.6370368124999999
0.0,0.1875,0.6875,0.032792,0.2005538125,0.701055625
0.0,0.1875,0.75,0.024189375,0.2043601875,0.7650744374999999
0.0,0.1875,0.8125,0.015586749999999996,0.20816656249999999,0.8290932499999999
0.0,0.1875,0.875,0.006984125000000008,0.2119729375,0.8931120625
0.0,0.1875,0.9375,-0.001618499999999995,0.2157793125,0.9571308749999999
0.0,0.1875,1.0,-0.010221124999999998,0.21958568750000002,1.0211496875
0.0,0.25,0.0,0.1698945,0.21157825,-0.00420175
0.0,0.25,0.0625,0.161291875,0.215384625,0.0598170625
0.0,0.25,0.125,0.15268925,0.219191,0.12383587499999998
0.0,0.25,0.1875,0.144086625,0.222997375,0.18785468749999998
0.0,0.25,0.25,0.135484,0.22680375,0.2518735
0.0,0.25,0.3125,0.12688137500000002,0.230610125,0.31589231249999994
0.0,0.25,0.375,0.11827875000000002,0.2344165,0.37991112499999996
0.0,0.25,0.4375,0.10967612500000001,0.238222875,0.4439299375
0.0,0.25,0.5,0.10107350000000001,0.24202925,0.50794875
0.0,0.25,0.5625,0.09247087500000001,0.245835625,0.5719675624999999
0.0,0.25,0.625,0.08386825,0.249642,0.6359863749999999
0.0,0.25,0.6875,0.07526562500000002,0.253448375,0.7000051875
0.0,0.25,0.75,0.06666300000000001,0.25725475,0.7640239999999999
0.0,0.25,0.8125,0.05806037500000001,0.261061125,0.8280428124999999
0.0,0.25,0.875,0.04945775000000002,0.2648675,0.892061625
0.0,0.25,0.9375,0.04085512500000002,0.268673875,0.9560804374999999
0.0,0.25,1.0,0.03225250000000002,0.27248025,1.02009925
0.0,0.3125,0.0,0.21236812500000002,0.2644728125,-0.0052521875
0.0,0.3125,0.0625,0.20376550000000002,0.26827918749999996,0.058766624999999996
0.0,0.3125,0.125,0.195162875,0.2720855625,0.12278543749999998
0.0,0.3125,0.1875,0.18656025,0.27589193749999996,0.18680424999999998
0.0,0.3125,0.25,0.177957625,0.2796983125,0.25082306249999997
0.0,0.3125,0.3125,0.16935500000000003,0.28350468749999996,0.31484187499999994
0.0,0.3125,0.375,0.16075237500000003,0.2873110625,0.37886068749999996
0.0,0.3125,0.4375,0.15214975000000003,0.29111743749999996,0.4428795
0.0,0.3125,0.5,0.14354712500000003,0.2949238125,0.5068983125
0.0,0.3125,0.5625,0.13494450000000002,0.29873018749999997,0.5709171249999999
0.0,0.3125,0.625,0.12634187500000002,0.3025365625,0.6349359374999999
0.0,0.3125,0.6875,0.11773925000000003,0.30634293749999997,0.69895475
0.0,0.3125,0.75,0.10913662500000003,0.3101493125,0.7629735624999999
0.0,0.3125,0.8125,0.10053400000000003,0.31395568749999997,0.8269923749999999
0.0,0.3125,0.875,0.09193137500000004,0.3177620625,0.8910111875
0.0,0.3125,0.9375,0.08332875000000003,0.32156843749999997,0.9550299999999999
0.0,0.3125,1.0,0.07472612500000003,0.3253748125,1.0190488125
0.0,0.375,0.0,0.25484175,0.317367375,-0.006302624999999999
0.0,0.375,0.0625,0.24623912499999998,0.32117375,0.057716187499999995
0.0,0.375,0.125,0.23763649999999997,0.324980125,0.12173499999999998
0.0,0.375,0.1875,0.22903387499999997,0.3287865,0.18575381249999998
0.0,0.375,0.25,0.22043124999999997,0.332592875,0.24977262499999997
0.0,0.375,0.3125,0.211828625,0.33639925,0.31379143749999994
0.0,0.375,0.375,0.203226,0.340205625,0.37781024999999996
0.0,0.375,0.4375,0.194623375,0.344012,0.4418290625
0.0,0.375,0.5,0.18602074999999998,0.347818375,0.505847875
0.0,0.375,0.5625,0.17741812499999998,0.35162475,0.5698666874999999
0.0,0.375,0.625,0.16881549999999998,0.355431125,0.6338854999999999
0.0,0.375,0.6875,0.16021287499999998,0.3592375,0.6979043125
0.0,0.375,0.75,0.15161025,0.363043875,0.7619231249999999
0.0,0.375,0.8125,0.14300762499999997,0.36685025,0.8259419374999999
0.0,0.375,0.875,0.134405,0.370656625,0.88996075
0.0,0.375,0.9375,0.125802375,0.374463,0.9539795624999999
0.0,0.375,1.0,0.11719974999999999,0.378269375,1.017998375
0.0,0.4375,0.0,0.297315375,0.37026193749999997,-0.007353062499999999
0.0,0.4375,0.0625,0.28871275,0.37406831249999994,0.056665749999999994
0.0,0.4375,0.125,0.280110125,0.3778746875,0.1206845625
0.0,0.4375,0.1875,0.2715075,0.38168106249999995,0.18470337499999998
0.0,0.4375,0.25,0.262904875,0.3854874375,0.24872218749999997
0.0,0.4375,0.3125,0.25430225,0.38929381249999995,0.31274099999999994
0.0,0.4375,0.375,0.245699625,0.3931001875,0.37675981249999996
0.0,0.4375,0.4375,0.237097,0.39690656249999995,0.440778625
0.0,0.4375,0.5,0.228494375,0.4007129375,0.5047974375
0.0,0.4375,0.5625,0.21989175,0.40451931249999995,0.5688162499999999
0.0,0.4375,0.625,0.211289125,0.4083256875,0.6328350624999999
0.0,0.4375,0.6875,0.2026865,0.41213206249999995,0.696853875
0.0,0.4375,0.75,0.19408387500000002,0.4159384375,0.7608726874999999
0.0,0.4375,0.8125,0.18548125,0.41974481249999995,0.8248914999999999
0.0,0.4375,0.875,0.176878625,0.4235511875,0.8889103125
0.0,0.4375,0.9375,0.168276,0.42735756249999995,0.9529291249999999
0.0,0.4375,1.0,0.159673375,0.4311639375,1.0169479375
0.0,0.5,0.0,0.339789,0.4231565,-0.0084035
0.0,0.5,0.0625,0.33118637500000003,0.42696287499999996,0.05561531249999999
0.0,0.5,0.125,0.32258375,0.43076925,0.119634125
0.0,0.5,0.1875,0.313981125,0.43457562499999997,0.18365293749999997
0.0,0.5,0.25,0.3053785,0.438382,0.24767174999999997
0.0,0.5,0.3125,0.296775875,0.44218837499999997,0.31169056249999993
0.0,0.5,0.375,0.28817325,0.44599475,0.37570937499999996
0.0,0.5,0.4375,0.279570625,0.44980112499999997,0.4397281875
0.0,0.5,0.5,0.270968,0.4536075,0.503747
0.0,0.5,0.5625,0.262365375,0.45741387499999997,0.5677658124999999
0.0,0.5,0.625,0.25376275000000004,0.46122025,0.6317846249999999
0.0,0.5,0.6875,0.245160125,0.46502662499999997,0.6958034375
0.0,0.5,0.75,0.23655750000000003,0.468833,0.7598222499999999
0.0,0.5,0.8125,0.227954875,0.472639375,0.8238410624999999
0.0,0.5,0.875,0.21935225000000003,0.47644575,0.887859875
0.0,0.5,0.9375,0.21074962500000002,0.480252125,0.9518786874999999
0.0,0.5,1.0,0.20214700000000002,0.4840585,1.0158975
0.0,0.5625,0.0,0.382262625,0.4760510625,-0.009453937499999999
0.0,0.5625,0.0625,0.37366000000000005,0.4798574375,0.054564875
0.0,0.5625,0.125,0.365057375,0.4836638125,0.11858368749999999
0.0,0.5625,0.1875,0.35645475000000004,0.4874701875,0.18260249999999997
0.0,0.5625,0.25,0.347852125,0.4912765625,0.24662131249999997
0.0,0.5625,0.3125,0.33924950000000004,0.4950829375,0.31064012499999993
0.0,0.5625,0.375,0.330646875,0.4988893125,0.37465893749999996
0.0,0.5625,0.4375,0.32204425000000003,0.5026956875,0.43867775
0.0,0.5625,0.5,0.31344162500000006,0.5065020625,0.5026965624999999
0.0,0.5625,0.5625,0.304839,0.5103084375,0.5667153749999999
0.0,0.5625,0.625,0.296236375,0.5141148125,0.6307341874999999
0.0,0.5625,0.6875,0.28763375,0.5179211875,0.694753
0.0,0.5625,0.75,0.27903112500000005,0.5217275625,0.7587718124999999
0.0,0.5625,0.8125,0.2704285,0.5255339375,0.8227906249999999
0.0,0.5625,0.875,0.26182587500000004,0.5293403125,0.8868094375
0.0,0.5625,0.9375,0.25322325,0.5331466875,0.9508282499999999
0.0,0.5625,1.0,0.24462062500000004,0.5369530625,1.0148470625
0.0,0.625,0.0,0.42473625000000004,0.528945625,-0.010504375
0.0,0.625,0.0625,0.41613362500000006,0.532752,0.0535144375
0.0,0.625,0.125,0.40753100000000003,0.5365583749999999,0.11753324999999999
0.0,0.625,0.1875,0.39892837500000006,0.54036475,0.18155206249999997
0.0,0.625,0.25,0.39032575,0.544171125,0.24557087499999997
0.0,0.625,0.3125,0.38172312500000005,0.5479775,0.30958968749999993
0.0,0.625,0.375,0.3731205,0.5517838749999999,0.37360849999999995
0.0,0.625,0.4375,0.36451787500000005,0.55559025,0.4376273125
0.0,0.625,0.5,0.35591525,0.559396625,0.5016461249999999
0.0,0.625,0.5625,0.34731262500000004,0.563203,0.5656649374999999
0.0,0.625,0.625,0.33871000000000007,0.5670093749999999,0.6296837499999999
0.0,0.625,0.6875,0.33010737500000004,0.57081575,0.6937025625
0.0,0.625,0.75,0.32150475000000006,0.574622125,0.7577213749999999
0.0,0.625,0.8125,0.31290212500000003,0.5784285,0.8217401874999999
0.0,0.625,0.875,0.30429950000000006,0.5822348749999999,0.885759
0.0,0.625,0.9375,0.2956968750000001,0.58604125,0.9497778124999999
0.0,0.625,1.0,0.28709425000000005,0.589847625,1.013796625
0.0,0.6875,0.0,0.467209875,0.5818401875,-0.011554812499999999
0.0,0.6875,0.0625,0.45860725,0.5856465625,0.052464
0.0,0.6875,0.125,0.450004625,0.5894529374999999,0.11648281249999999
0.0,0.6875,0.1875,0.441402,0.5932593125,0.18050162499999997
0.0,0.6875,0.25,0.432799375,0.5970656875,0.24452043749999997
0.0,0.6875,0.3125,0.42419675,0.6008720625,0.30853924999999993
0.0,0.6875,0.375,0.415594125,0.6046784374999999,0.37255806249999995
0.0,0.6875,0.4375,0.4069915,0.6084848125,0.436576875
0.0,0.6875,0.5,0.398388875,0.6122911875,0.5005956874999999
0.0,0.6875,0.5625,0.38978625,0.6160975625,0.5646144999999999
0.0,0.6875,0.625,0.381183625,0.6199039375,0.6286333124999999
0.0,0.6875,0.6875,0.372581,0.6237103125,0.692652125
0.0,0.6875,0.75,0.363978375,0.6275166875,0.7566709374999999
0.0,0.6875,0.8125,0.35537575,0.6313230625,0.8206897499999999
0.0,0.6875,0.875,0.346773125,0.6351294375,0.8847085625
0.0,0.6875,0.9375,0.33817050000000004,0.6389358125,0.9487273749999999
0.0,0.6875,1.0,0.329567875,0.6427421875,1.0127461875
0.0,0.75,0.0,0.5096835,0.63473475,-0.012605249999999998
0.0,0.75,0.0625,0.501080875,0.638541125,0.051413562499999996
0.0,0.75,0.125,0.49247824999999995,0.6423475,0.11543237499999999
0.0,0.75,0.1875,0.483875625,0.646153875,0.1794511875
0.0,0.75,0.25,0.47527299999999995,0.64996025,0.24346999999999996
0.0,0.75,0.3125,0.46667037499999997,0.653766625,0.30748881249999993
0.0,0.75,0.375,0.45806774999999994,0.657573,0.37150762499999995
0.0,0.75,0.4375,0.44946512499999997,0.661379375,0.4355264375
0.0,0.75,0.5,0.44086249999999993,0.66518575,0.49954524999999994
0.0,0.75,0.5625,0.43225987499999996,0.668992125,0.5635640624999999
0.0,0.75,0.625,0.42365725,0.6727985,0.6275828749999999
0.0,0.75,0.6875,0.41505462499999995,0.676604875,0.6916016875
0.0,0.75,0.75,0.406452,0.68041125,0.7556204999999999
0.0,0.75,0.8125,0.39784937499999995,0.684217625,0.8196393124999999
0.0,0.75,0.875,0.38924675,0.688024,0.883658125
0.0,0.75,0.9375,0.380644125,0.691830375,0.9476769374999999
0.0,0.75,1.0,0.37204149999999997,0.69563675,1.01169575
0.0,0.8125,0.0,0.552157125,0.6876293125,-0.0136556875
0.0,0.8125,0.0625,0.5435545,0.6914356875000001,0.050363124999999995
0.0,0.8125,0.125,0.5349518750000001,0.6952420625,0.11438193749999999
0.0,0.8125,0.1875,0.52634925,0.6990484375,0.17840075
0.0,0.8125,0.25,0.517746625,0.7028548125,0.24241956249999996
0.0,0.8125,0.3125,0.509144,0.7066611875000001,0.30643837499999993
0.0,0.8125,0.375,0.5005413750000001,0.7104675625,0.37045718749999995
0.0,0.8125,0.4375,0.49193875000000004,0.7142739375,0.434476
0.0,0.8125,0.5,0.483336125,0.7180803125,0.49849481249999994
0.0,0.8125,0.5625,0.47473350000000003,0.7218866875000001,0.5625136249999999
0.0,0.8125,0.625,0.46613087500000006,0.7256930625,0.6265324374999999
0.0,0.8125,0.6875,0.45752825,0.7294994375,0.69055125
0.0,0.8125,0.75,0.44892562500000005,0.7333058125,0.7545700624999999
0.0,0.8125,0.8125,0.440323,0.7371121875000001,0.8185888749999999
0.0,0.8125,0.875,0.43172037500000005,0.7409185625,0.8826076875
0.0,0.8125,0.9375,0.42311775000000007,0.7447249375,0.9466264999999999
0.0,0.8125,1.0,0.41451512500000004,0.7485313125,1.0106453125
0.0,0.875,0.0,0.59463075,0.7405238749999999,-0.014706124999999999
0.0,0.875,0.0625,0.586028125,0.74433025,0.049312687499999994
0.0,0.875,0.125,0.5774255,0.7481366249999999,0.11333149999999999
0.0,0.875,0.1875,0.568822875,0.7519429999999999,0.1773503125
0.0,0.875,0.25,0.56022025,0.755749375,0.241369125
0.0,0.875,0.3125,0.551617625,0.75955575,0.30538793749999993
0.0,0.875,0.375,0.543015,0.7633621249999999,0.36940674999999995
0.0,0.875,0.4375,0.534412375,0.7671684999999999,0.4334255625
0.0,0.875,0.5,0.52580975,0.770974875,0.49744437499999994
0.0,0.875,0.5625,0.517207125,0.77478125,0.5614631874999999
0.0,0.875,0.625,0.5086045,0.7785876249999999,0.6254819999999999
0.0,0.875,0.6875,0.500001875,0.7823939999999999,0.6895008125
0.0,0.875,0.75,0.49139925,0.786200375,0.7535196249999999
0.0,0.875,0.8125,0.482796625,0.79000675,0.8175384374999999
0.0,0.875,0.875,0.474194,0.7938131249999999,0.88155725
0.0,0.875,0.9375,0.46559137500000003,0.7976194999999999,0.9455760624999999
0.0,0.875,1.0,0.45698875,0.801425875,1.009594875
0.0,0.9375,0.0,0.6371043750000001,0.7934184375,-0.015756562499999998
0.0,0.9375,0.0625,0.6285017500000001,0.7972248125,0.04826224999999999
0.0,0.9375,0.125,0.6198991250000001,0.8010311874999999,0.11228106249999999
0.0,0.9375,0.1875,0.6112965,0.8048375624999999,0.176299875
0.0,0.9375,0.25,0.602693875,0.8086439375,0.2403186875
0.0,0.9375,0.3125,0.5940912500000001,0.8124503125,0.3043374999999999
0.0,0.9375,0.375,0.5854886250000001,0.8162566874999999,0.36835631249999995
0.0,0.9375,0.4375,0.576886,0.8200630624999999,0.43237512499999997
0.0,0.9375,0.5,0.568283375,0.8238694375,0.49639393749999994
0.0,0.9375,0.5625,0.5596807500000001,0.8276758125,0.5604127499999999
0.0,0.9375,0.625,0.5510781250000001,0.8314821874999999,0.6244315624999999
0.0,0.9375,0.6875,0.5424755000000001,0.8352885624999999,0.688450375
0.0,0.9375,0.75,0.533872875,0.8390949375,0.7524691874999999
0.0,0.9375,0.8125,0.52527025,0.8429013125,0.8164879999999999
0.0,0.9375,0.875,0.5166676250000001,0.8467076874999999,0.8805068125
0.0,0.9375,0.9375,0.5080650000000001,0.8505140625,0.9445256249999999
0.0,0.9375,1.0,0.49946237500000007,0.8543204375,1.0085444375
0.0,1.0,0.0,0.679578,0.846313,-0.016807
0.0,1.0,0.0625,0.670975375,0.850119375,0.04721181249999999
0.0,1.0,0.125,0.6623727500000001,0.8539257499999999,0.11123062499999999
0.0,1.0,0.1875,0.653770125,0.857732125,0.1752494375
0.0,1.0,0.25,0.6451675,0.8615385,0.23926825
0.0,1.0,0.3125,0.636564875,0.865344875,0.3032870624999999
0.0,1.0,0.375,0.62796225,0.8691512499999999,0.36730587499999995
0.0,1.0,0.4375,0.619359625,0.872957625,0.43132468749999997
0.0,1.0,0.5,0.610757,0.876764,0.49534349999999994
0.0,1.0,0.5625,0.602154375,0.880570375,0.5593623124999999
0.0,1.0,0.625,0.59355175,0.8843767499999999,0.6233811249999999
0.0,1.0,0.6875,0.5849491250000001,0.888183125,0.6873999375
0.0,1.0,0.75,0.5763465,0.8919895,0.7514187499999999
0.0,1.0,0.8125,0.567743875,0.895795875,0.8154375624999999
0.0,1.0,0.875,0.55914125,0.8996022499999999,0.879456375
0.0,1.0,0.9375,0.5505386250000001,0.903408625,0.9434751874999999
0.0,1.0,1.0,0.541936,0.907215,1.007494
0.0625,0.0,0.0,0.028629,0.0057990625,-0.000468375
0.0625,0.0,0.0625,0.020026375000000003,0.009605437500000001,0.0635504375
0.0625,0.0,0.125,0.011423750000000003,0.0134118125,0.12756925
0.0625,0.0,0.1875,0.002821125000000004,0.0172181875,0.1915880625
0.0625,0.0,0.25,-0.005781499999999995,0.0210245625,0.25560687499999996
0.0625,0.0,0.3125,-0.014384124999999998,0.0248309375,0.3196256874999999
0.0625,0.0,0.375,-0.022986749999999993,0.028637312499999998,0.38364449999999994
0.0625,0.0,0.4375,-0.03158937499999999,0.0324436875,0.44766331249999997
0.0625,0.0,0.5,-0.04019199999999999,0.0362500625,0.511682125
0.0625,0.0,0.5625,-0.048794624999999994,0.0400564375,0.5757009375
0.0625,0.0,0.625,-0.05739725,0.0438628125,0.6397197499999999
0.0625,0.0,0.6875,-0.06599987499999999,0.0476691875,0.7037385625
0.0625,0.0,0.75,-0.07460249999999999,0.051475562499999995,0.767757375
0.0625,0.0,0.8125,-0.08320512499999999,0.055281937499999996,0.8317761874999999
0.0625,0.0,0.875,-0.09180774999999998,0.0590883125,0.895795
0.0625,0.0,0.9375,-0.10041037499999998,0.06289468749999999,0.9598138125
0.0625,0.0,1.0,-0.10901299999999998,0.06670106249999999,1.0238326249999998
0.0625,0.0625,0.0,0.071102625,0.058693625,-0.0015188125
0.0625,0.0625,0.0625,0.0625,0.0625,0.06249999999999999
0.0625,0.0625,0.125,0.053897375000000004,0.066306375,0.1265188125
0.0625,0.0625,0.1875,0.04529475000000001,0.07011275,0.190537625
0.0625,0.0625,0.25,0.036692125000000006,0.073919125,0.25455643749999995
0.0625,0.0625,0.3125,0.028089500000000003,0.0777255,0.3185752499999999
0.0625,0.0625,0.375,0.019486875000000008,0.081531875,0.38259406249999994
0.0625,0.0625,0.4375,0.010884250000000012,0.08533825,0.44661287499999996
0.0625,0.0625,0.5,0.0022816250000000093,0.089144625,0.5106316875
0.0625,0.0625,0.5625,-0.006320999999999993,0.092951,0.5746505
0.0625,0.0625,0.625,-0.014923624999999996,0.096757375,0.6386693124999999
0.0625,0.0625,0.6875,-0.023526249999999985,0.10056375000000001,0.702688125
0.0625,0.0625,0.75,-0.03212887499999999,0.104370125,0.7667069375
0.0625,0.0625,0.8125,-0.04073149999999999,0.1081765,0.8307257499999999
0.0625,0.0625,0.875,-0.04933412499999998,0.111982875,0.8947445625
0.0625,0.0625,0.9375,-0.05793674999999998,0.11578925,0.958763375
0.0625,0.0625,1.0,-0.06653937499999998,0.119595625,1.0227821874999998
0.0625,0.125,0.0,0.11357625,0.11158818749999999,-0.00256925
0.0625,0.125,0.0625,0.104973625,0.11539456249999999,0.06144956249999999
0.0625,0.125,0.125,0.09637100000000001,0.11920093749999999,0.125468375
0.0625,0.125,0.1875,0.08776837500000001,0.1230073125,0.1894871875
0.0625,0.125,0.25,0.07916575000000001,0.1268136875,0.25350599999999995
0.0625,0.125,0.3125,0.070563125,0.1306200625,0.3175248124999999
0.0625,0.125,0.375,0.06196050000000001,0.1344264375,0.38154362499999994
0.0625,0.125,0.4375,0.05335787500000001,0.1382328125,0.44556243749999996
0.0625,0.125,0.5,0.04475525000000001,0.1420391875,0.50958125
0.0625,0.125,0.5625,0.03615262500000001,0.1458455625,0.5736000625
0.0625,0.125,0.625,0.027550000000000005,0.1496519375,0.6376188749999999
0.0625,0.125,0.6875,0.018947375000000016,0.1534583125,0.7016376875
0.0625,0.125,0.75,0.010344750000000014,0.1572646875,0.7656565
0.0625,0.125,0.8125,0.001742125000000011,0.16107106249999997,0.8296753124999999
0.0625,0.125,0.875,-0.006860499999999978,0.1648774375,0.893694125
0.0625,0.125,0.9375,-0.01546312499999998,0.16868381249999997,0.9577129375
0.0625,0.125,1.0,-0.024065749999999983,0.1724901875,1.0217317499999998
0.0625,0.1875,0.0,0.156049875,0.16448275,-0.0036196874999999996
0.0625,0.1875,0.0625,0.14744725,0.168289125,0.060399125
0.0625,0.1875,0.125,0.138844625,0.1720955,0.12441793749999999
0.0625,0.1875,0.1875,0.130242,0.175901875,0.18843675
0.0625,0.1875,0.25,0.12163937500000001,0.17970825,0.25245556249999995
0.0625,0.1875,0.3125,0.11303675,0.18351462500000001,0.3164743749999999
0.0625,0.1875,0.375,0.10443412500000002,0.18732100000000002,0.38049318749999994
0.0625,0.1875,0.4375,0.09583150000000001,0.19112737500000002,0.44451199999999996
0.0625,0.1875,0.5,0.08722887500000001,0.19493375000000002,0.5085308125
0.0625,0.1875,0.5625,0.07862625000000001,0.19874012500000002,0.572549625
0.0625,0.1875,0.625,0.070023625,0.20254650000000002,0.6365684374999999
0.0625,0.1875,0.6875,0.06142100000000002,0.20635287500000002,0.70058725
0.0625,0.1875,0.75,0.052818375000000015,0.21015925000000002,0.7646060625
0.0625,0.1875,0.8125,0.04421575000000001,0.213965625,0.8286248749999999
0.0625,0.1875,0.875,0.03561312500000002,0.21777200000000002,0.8926436875
0.0625,0.1875,0.9375,0.02701050000000002,0.221578375,0.9566625
0.0625,0.1875,1.0,0.018407875000000018,0.22538475000000002,1.0206813124999998
0.0625,0.25,0.0,0.19852350000000002,0.2173773125,-0.004670125
0.0625,0.25,0.0625,0.18992087500000002,0.2211836875,0.0593486875
0.0625,0.25,0.125,0.18131825000000001,0.2249900625,0.12336749999999999
0.0625,0.25,0.1875,0.172715625,0.2287964375,0.18738631249999999
0.0625,0.25,0.25,0.164113,0.2326028125,0.25140512499999995
0.0625,0.25,0.3125,0.15551037500000003,0.2364091875,0.3154239374999999
0.0625,0.25,0.375,0.14690775000000003,0.2402155625,0.37944274999999994
0.0625,0.25,0.4375,0.13830512500000003,0.2440219375,0.44346156249999996
0.0625,0.25,0.5,0.12970250000000003,0.2478283125,0.507480375
0.0625,0.25,0.5625,0.12109987500000002,0.2516346875,0.5714991875
0.0625,0.25,0.625,0.11249725000000002,0.2554410625,0.6355179999999999
0.0625,0.25,0.6875,0.10389462500000003,0.2592474375,0.6995368125
0.0625,0.25,0.75,0.09529200000000003,0.2630538125,0.763555625
0.0625,0.25,0.8125,0.08668937500000003,0.2668601875,0.8275744374999999
0.0625,0.25,0.875,0.07808675000000004,0.2706665625,0.89159325
0.0625,0.25,0.9375,0.06948412500000004,0.2744729375,0.9556120625
0.0625,0.25,1.0,0.06088150000000003,0.2782793125,1.0196308749999998
0.0625,0.3125,0.0,0.24099712500000003,0.270271875,-0.0057205625
0.0625,0.3125,0.0625,0.23239450000000003,0.27407824999999997,0.058298249999999996
0.0625,0.3125,0.125,0.22379187500000003,0.277884625,0.12231706249999999
0.0625,0.3125,0.1875,0.21518925000000003,0.28169099999999997,0.18633587499999998
0.0625,0.3125,0.25,0.20658662500000002,0.285497375,0.25035468749999995
0.0625,0.3125,0.3125,0.19798400000000005,0.28930374999999997,0.3143734999999999
0.0625,0.3125,0.375,0.18938137500000005,0.293110125,0.37839231249999994
0.0625,0.3125,0.4375,0.18077875000000004,0.29691649999999997,0.44241112499999996
0.0625,0.3125,0.5,0.17217612500000004,0.300722875,0.5064299375
0.0625,0.3125,0.5625,0.16357350000000004,0.30452925,0.57044875
0.0625,0.3125,0.625,0.15497087500000004,0.308335625,0.6344675624999999
0.0625,0.3125,0.6875,0.14636825000000003,0.312142,0.698486375
0.0625,0.3125,0.75,0.13776562500000006,0.315948375,0.7625051875
0.0625,0.3125,0.8125,0.12916300000000003,0.31975475,0.8265239999999999
0.0625,0.3125,0.875,0.12056037500000005,0.323561125,0.8905428125
0.0625,0.3125,0.9375,0.11195775000000005,0.3273675,0.954561625
0.0625,0.3125,1.0,0.10335512500000005,0.331173875,1.0185804374999998
0.0625,0.375,0.0,0.28347075,0.3231664375,-0.006770999999999999
0.0625,0.375,0.0625,0.274868125,0.3269728125,0.057247812499999995
0.0625,0.375,0.125,0.2662655,0.3307791875,0.12126662499999999
0.0625,0.375,0.1875,0.257662875,0.3345855625,0.18528543749999998
0.0625,0.375,0.25,0.24906024999999998,0.3383919375,0.24930424999999998
0.0625,0.375,0.3125,0.240457625,0.3421983125,0.31332306249999997
0.0625,0.375,0.375,0.231855,0.3460046875,0.37734187499999994
0.0625,0.375,0.4375,0.223252375,0.3498110625,0.4413606875
0.0625,0.375,0.5,0.21464975,0.3536174375,0.5053795
0.0625,0.375,0.5625,0.206047125,0.3574238125,0.5693983125
0.0625,0.375,0.625,0.1974445,0.3612301875,0.6334171249999999
0.0625,0.375,0.6875,0.188841875,0.3650365625,0.6974359375
0.0625,0.375,0.75,0.18023925000000002,0.3688429375,0.76145475
0.0625,0.375,0.8125,0.171636625,0.3726493125,0.8254735624999999
0.0625,0.375,0.875,0.163034,0.3764556875,0.889492375
0.0625,0.375,0.9375,0.154431375,0.3802620625,0.9535111875
0.0625,0.375,1.0,0.14582875,0.3840684375,1.0175299999999998
0.0625,0.4375,0.0,0.325944375,0.376061,-0.007821437499999999
0.0625,0.4375,0.0625,0.31734175000000003,0.37986737499999995,0.056197374999999994
0.0625,0.4375,0.125,0.308739125,0.38367375,0.12021618749999999
0.0625,0.4375,0.1875,0.30013650000000003,0.38748012499999995,0.18423499999999998
0.0625,0.4375,0.25,0.291533875,0.3912865,0.24825381249999998
0.0625,0.4375,0.3125,0.28293125,0.39509287499999995,0.31227262499999997
0.0625,0.4375,0.375,0.274328625,0.39889925,0.3762914375
0.0625,0.4375,0.4375,0.265726,0.40270562499999996,0.44031025
0.0625,0.4375,0.5,0.25712337500000004,0.406512,0.5043290625
0.0625,0.4375,0.5625,0.24852075,0.41031837499999996,0.568347875
0.0625,0.4375,0.625,0.239918125,0.41412475,0.6323666874999999
0.0625,0.4375,0.6875,0.2313155,0.41793112499999996,0.6963855
0.0625,0.4375,0.75,0.22271287500000003,0.4217375,0.7604043125
0.0625,0.4375,0.8125,0.21411025,0.42554387499999996,0.8244231249999999
0.0625,0.4375,0.875,0.20550762500000003,0.42935025,0.8884419375
0.0625,0.4375,0.9375,0.19690500000000002,0.43315662499999996,0.95246075
0.0625,0.4375,1.0,0.18830237500000002,0.436963,1.0164795624999998
0.0625,0.5,0.0,0.368418,0.4289555625,-0.008871875
0.0625,0.5,0.0625,0.35981537500000005,0.43276193749999997,0.05514693749999999
0.0625,0.5,0.125,0.35121275,0.4365683125,0.11916574999999999
0.0625,0.5,0.1875,0.34261012500000004,0.4403746875,0.18318456249999998
0.0625,0.5,0.25,0.3340075,0.4441810625,0.24720337499999998
0.0625,0.5,0.3125,0.32540487500000004,0.4479874375,0.31122218749999997
0.0625,0.5,0.375,0.31680225,0.4517938125,0.375241
0.0625,0.5,0.4375,0.30819962500000003,0.4556001875,0.4392598125
0.0625,0.5,0.5,0.299597,0.4594065625,0.503278625
0.0625,0.5,0.5625,0.290994375,0.4632129375,0.5672974375
0.0625,0.5,0.625,0.28239175000000005,0.4670193125,0.6313162499999999
0.0625,0.5,0.6875,0.273789125,0.4708256875,0.6953350625
0.0625,0.5,0.75,0.26518650000000005,0.4746320625,0.759353875
0.0625,0.5,0.8125,0.256583875,0.4784384375,0.8233726874999999
0.0625,0.5,0.875,0.24798125000000004,0.4822448125,0.8873915
0.0625,0.5,0.9375,0.23937862500000004,0.4860511875,0.9514103125
0.0625,0.5,1.0,0.23077600000000004,0.4898575625,1.0154291249999998
0.0625,0.5625,0.0,0.41089162500000004,0.481850125,-0.009922312499999999
0.0625,0.5625,0.0625,0.40228900000000006,0.4856565,0.05409649999999999
0.0625,0.5625,0.125,0.39368637500000003,0.489462875,0.11811531249999999
0.0625,0.5625,0.1875,0.38508375000000006,0.49326925,0.18213412499999998
0.0625,0.5625,0.25,0.376481125,0.497075625,0.24615293749999997
0.0625,0.5625,0.3125,0.36787850000000005,0.500882,0.31017174999999997
0.0625,0.5625,0.375,0.359275875,0.504688375,0.3741905625
0.0625,0.5625,0.4375,0.35067325000000005,0.50849475,0.438209375
0.0625,0.5625,0.5,0.3420706250000001,0.512301125,0.5022281875
0.0625,0.5625,0.5625,0.33346800000000004,0.5161075,0.566247
0.0625,0.5625,0.625,0.324865375,0.519913875,0.6302658124999999
0.0625,0.5625,0.6875,0.31626275000000004,0.52372025,0.694284625
0.0625,0.5625,0.75,0.30766012500000006,0.527526625,0.7583034375
0.0625,0.5625,0.8125,0.29905750000000003,0.531333,0.8223222499999999
0.0625,0.5625,0.875,0.29045487500000006,0.535139375,0.8863410625
0.0625,0.5625,0.9375,0.28185225,0.53894575,0.950359875
0.0625,0.5625,1.0,0.27324962500000005,0.542752125,1.0143786874999998
0.0625,0.625,0.0,0.45336525000000005,0.5347446874999999,-0.01097275
0.0625,0.625,0.0625,0.4447626250000001,0.5385510625,0.05304606249999999
0.0625,0.625,0.125,0.43616000000000005,0.5423574374999999,0.11706487499999998
0.0625,0.625,0.1875,0.4275573750000001,0.5461638124999999,0.18108368749999998
0.0625,0.625,0.25,0.41895475000000004,0.5499701874999999,0.24510249999999997
0.0625,0.625,0.3125,0.41035212500000007,0.5537765625,0.30912131249999997
0.0625,0.625,0.375,0.40174950000000004,0.5575829374999999,0.373140125
0.0625,0.625,0.4375,0.39314687500000006,0.5613893124999999,0.4371589375
0.0625,0.625,0.5,0.38454425000000003,0.5651956874999999,0.50117775
0.0625,0.625,0.5625,0.37594162500000006,0.5690020625,0.5651965624999999
0.0625,0.625,0.625,0.3673390000000001,0.5728084374999999,0.6292153749999999
0.0625,0.625,0.6875,0.35873637500000005,0.5766148124999999,0.6932341875
0.0625,0.625,0.75,0.3501337500000001,0.5804211874999999,0.757253
0.0625,0.625,0.8125,0.34153112500000005,0.5842275625,0.8212718124999999
0.0625,0.625,0.875,0.33292850000000007,0.5880339374999999,0.885290625
0.0625,0.625,0.9375,0.3243258750000001,0.5918403124999999,0.9493094375
0.0625,0.625,1.0,0.31572325000000007,0.5956466874999999,1.0133282499999998
0.0625,0.6875,0.0,0.495838875,0.58763925,-0.0120231875
0.0625,0.6875,0.0625,0.48723625000000004,0.591445625,0.051995625
0.0625,0.6875,0.125,0.478633625,0.5952519999999999,0.11601443749999998
0.0625,0.6875,0.1875,0.47003100000000003,0.5990583749999999,0.18003324999999998
0.0625,0.6875,0.25,0.461428375,0.60286475,0.24405206249999997
0.0625,0.6875,0.3125,0.45282575,0.606671125,0.30807087499999997
0.0625,0.6875,0.375,0.444223125,0.6104774999999999,0.3720896875
0.0625,0.6875,0.4375,0.4356205,0.6142838749999999,0.4361085
0.0625,0.6875,0.5,0.427017875,0.61809025,0.5001273125
0.0625,0.6875,0.5625,0.41841525,0.621896625,0.5641461249999999
0.0625,0.6875,0.625,0.40981262500000004,0.6257029999999999,0.6281649374999999
0.0625,0.6875,0.6875,0.40121,0.6295093749999999,0.69218375
0.0625,0.6875,0.75,0.39260737500000004,0.63331575,0.7562025625
0.0625,0.6875,0.8125,0.38400475,0.637122125,0.8202213749999999
0.0625,0.6875,0.875,0.37540212500000003,0.6409284999999999,0.8842401875
0.0625,0.6875,0.9375,0.36679950000000006,0.6447348749999999,0.948259
0.0625,0.6875,1.0,0.358196875,0.64854125,1.0122778124999998
0.0625,0.75,0.0,0.5383125,0.6405338125,-0.013073624999999998
0.0625,0.75,0.0625,0.529709875,0.6443401875,0.050945187499999996
0.0625,0.75,0.125,0.52110725,0.6481465624999999,0.11496399999999998
0.0625,0.75,0.1875,0.5125046249999999,0.6519529374999999,0.17898281249999998
0.0625,0.75,0.25,0.503902,0.6557593125,0.24300162499999997
0.0625,0.75,0.3125,0.495299375,0.6595656875,0.30702043749999997
0.0625,0.75,0.375,0.48669674999999996,0.6633720624999999,0.37103925
0.0625,0.75,0.4375,0.478094125,0.6671784374999999,0.4350580625
0.0625,0.75,0.5,0.46949149999999995,0.6709848125,0.499076875
0.0625,0.75,0.5625,0.460888875,0.6747911875,0.5630956874999999
0.0625,0.75,0.625,0.45228625,0.6785975624999999,0.6271144999999999
0.0625,0.75,0.6875,0.44368362499999997,0.6824039375,0.6911333125
0.0625,0.75,0.75,0.435081,0.6862103125,0.755152125
0.0625,0.75,0.8125,0.42647837499999997,0.6900166875,0.8191709374999999
0.0625,0.75,0.875,0.41787575,0.6938230624999999,0.88318975
0.0625,0.75,0.9375,0.409273125,0.6976294375,0.9472085625
0.0625,0.75,1.0,0.4006705,0.7014358125,1.0112273749999998
0.0625,0.8125,0.0,0.580786125,0.693428375,-0.0141240625
0.0625,0.8125,0.0625,0.5721835000000001,0.69723475,0.049894749999999995
0.0625,0.8125,0.125,0.5635808750000001,0.7010411249999999,0.11391356249999998
0.0625,0.8125,0.1875,0.55497825,0.7048475,0.17793237499999998
0.0625,0.8125,0.25,0.546375625,0.708653875,0.24195118749999997
0.0625,0.8125,0.3125,0.5377730000000001,0.71246025,0.30596999999999996
0.0625,0.8125,0.375,0.5291703750000001,0.7162666249999999,0.3699888125
0.0625,0.8125,0.4375,0.5205677500000001,0.720073,0.434007625
0.0625,0.8125,0.5,0.511965125,0.723879375,0.4980264375
0.0625,0.8125,0.5625,0.5033625,0.72768575,0.5620452499999999
0.0625,0.8125,0.625,0.49475987500000007,0.7314921249999999,0.6260640624999999
0.0625,0.8125,0.6875,0.48615725000000004,0.7352985,0.690082875
0.0625,0.8125,0.75,0.47755462500000007,0.739104875,0.7541016875
0.0625,0.8125,0.8125,0.46895200000000004,0.74291125,0.8181204999999999
0.0625,0.8125,0.875,0.46034937500000006,0.7467176249999999,0.8821393125
0.0625,0.8125,0.9375,0.4517467500000001,0.750524,0.946158125
0.0625,0.8125,1.0,0.44314412500000006,0.754330375,1.0101769374999998
0.0625,0.875,0.0,0.62325975,0.7463229374999999,-0.015174499999999999
0.0625,0.875,0.0625,0.614657125,0.7501293124999999,0.048844312499999994
0.0625,0.875,0.125,0.6060545,0.7539356874999998,0.112863125
0.0625,0.875,0.1875,0.597451875,0.7577420624999999,0.17688193749999997
0.0625,0.875,0.25,0.58884925,0.7615484374999999,0.24090074999999997
0.0625,0.875,0.3125,0.580246625,0.7653548124999999,0.30491956249999996
0.0625,0.875,0.375,0.571644,0.7691611874999998,0.368938375
0.0625,0.875,0.4375,0.5630413750000001,0.7729675624999999,0.4329571875
0.0625,0.875,0.5,0.55443875,0.7767739374999999,0.496976
0.0625,0.875,0.5625,0.545836125,0.7805803124999999,0.5609948124999999
0.0625,0.875,0.625,0.5372335,0.7843866874999998,0.6250136249999999
0.0625,0.875,0.6875,0.5286308750000001,0.7881930624999999,0.6890324375
0.0625,0.875,0.75,0.52002825,0.7919994374999999,0.75305125
0.0625,0.875,0.8125,0.511425625,0.7958058124999999,0.8170700624999999
0.0625,0.875,0.875,0.502823,0.7996121874999998,0.881088875
0.0625,0.875,0.9375,0.49422037500000005,0.8034185624999999,0.9451076875
0.0625,0.875,1.0,0.48561775,0.8072249374999999,1.0091264999999998
0.0625,0.9375,0.0,0.6657333750000001,0.7992174999999999,-0.016224937499999998
0.0625,0.9375,0.0625,0.6571307500000001,0.8030238749999999,0.047793875
0.0625,0.9375,0.125,0.6485281250000001,0.8068302499999999,0.1118126875
0.0625,0.9375,0.1875,0.6399255,0.8106366249999999,0.17583149999999997
0.0625,0.9375,0.25,0.6313228750000001,0.8144429999999999,0.23985031249999997
0.0625,0.9375,0.3125,0.6227202500000001,0.818249375,0.30386912499999996
0.0625,0.9375,0.375,0.6141176250000001,0.8220557499999999,0.3678879375
0.0625,0.9375,0.4375,0.605515,0.8258621249999999,0.43190675
0.0625,0.9375,0.5,0.596912375,0.8296684999999999,0.4959255625
0.0625,0.9375,0.5625,0.5883097500000001,0.833474875,0.5599443749999999
0.0625,0.9375,0.625,0.5797071250000001,0.8372812499999999,0.6239631874999999
0.0625,0.9375,0.6875,0.5711045000000001,0.8410876249999999,0.687982
0.0625,0.9375,0.75,0.562501875,0.8448939999999999,0.7520008125
0.0625,0.9375,0.8125,0.5538992500000001,0.848700375,0.8160196249999999
0.0625,0.9375,0.875,0.5452966250000001,0.8525067499999999,0.8800384375
0.0625,0.9375,0.9375,0.5366940000000001,0.8563131249999999,0.94405725
0.0625,0.9375,1.0,0.528091375,0.8601194999999999,1.0080760624999998
0.0625,1.0,0.0,0.708207,0.8521120624999999,-0.017275375
0.0625,1.0,0.0625,0.6996043750000001,0.8559184375,0.0467434375
0.0625,1.0,0.125,0.6910017500000001,0.8597248124999999,0.11076224999999999
0.0625,1.0,0.1875,0.682399125,0.8635311874999999,0.17478106249999997
0.0625,1.0,0.25,0.6737965,0.8673375624999999,0.23879987499999997
0.0625,1.0,0.3125,0.665193875,0.8711439375,0.30281868749999996
0.0625,1.0,0.375,0.6565912500000001,0.8749503124999999,0.3668375
0.0625,1.0,0.4375,0.647988625,0.8787566874999999,0.4308563125
0.0625,1.0,0.5,0.639386,0.8825630624999999,0.49487512499999997
0.0625,1.0,0.5625,0.630783375,0.8863694375,0.5588939374999999
0.0625,1.0,0.625,0.6221807500000001,0.8901758124999999,0.6229127499999999
0.0625,1.0,0.6875,0.6135781250000001,0.8939821874999999,0.6869315625
0.0625,1.0,0.75,0.6049755,0.8977885624999999,0.750950375
0.0625,1.0,0.8125,0.596372875,0.9015949375,0.8149691874999999
0.0625,1.0,0.875,0.58777025,0.9054013124999999,0.878988
0.0625,1.0,0.9375,0.5791676250000001,0.9092076874999999,0.9430068125
0.0625,1.0,1.0,0.570565,0.9130140625,1.0070256249999998
0.125,0.0,0.0,0.057258,0.011598125,-0.00093675
0.125,0.0,0.0625,0.048655375,0.015404500000000002,0.0630820625
0.125,0.0,0.125,0.040052750000000005,0.019210875000000002,0.127100875
0.125,0.0,0.1875,0.03145012500000001,0.02301725,0.1911196875
0.125,0.0,0.25,0.022847500000000007,0.026823625,0.2551385
0.125,0.0,0.3125,0.014244875000000004,0.03063,0.31915731249999996
0.125,0.0,0.375,0.005642250000000008,0.034436375,0.383176125
0.125,0.0,0.4375,-0.0029603749999999873,0.03824275,0.4471949375
0.125,0.0,0.5,-0.01156299999999999,0.042049125,0.5112137499999999
0.125,0.0,0.5625,-0.020165624999999993,0.0458555,0.5752325624999999
0.125,0.0,0.625,-0.028768249999999995,0.049661875,0.6392513749999998
0.125,0.0,0.6875,-0.037370874999999984,0.05346825,0.7032701874999999
0.125,0.0,0.75,-0.04597349999999999,0.057274624999999996,0.7672889999999999
0.125,0.0,0.8125,-0.05457612499999999,0.061080999999999996,0.8313078124999999
0.125,0.0,0.875,-0.06317874999999998,0.064887375,0.8953266249999999
0.125,0.0,0.9375,-0.07178137499999998,0.06869375,0.9593454374999999
0.125,0.0,1.0,-0.08038399999999998,0.072500125,1.02336425
0.125,0.0625,0.0,0.099731625,0.0644926875,-0.0019871875
0.125,0.0625,0.0625,0.091129,0.06829906250000001,0.06203162499999999
0.125,0.0625,0.125,0.08252637500000001,0.07210543750000001,0.1260504375
0.125,0.0625,0.1875,0.07392375000000001,0.07591181250000001,0.19006925
0.125,0.0625,0.25,0.06532112500000001,0.07971818750000001,0.2540880625
0.125,0.0625,0.3125,0.056718500000000005,0.08352456250000001,0.31810687499999996
0.125,0.0625,0.375,0.04811587500000001,0.08733093750000001,0.3821256875
0.125,0.0625,0.4375,0.039513250000000014,0.09113731250000001,0.4461445
0.125,0.0625,0.5,0.03091062500000001,0.09494368750000001,0.5101633124999999
0.125,0.0625,0.5625,0.02230800000000001,0.09875006250000001,0.5741821249999999
0.125,0.0625,0.625,0.013705375000000006,0.10255643750000001,0.6382009374999998
0.125,0.0625,0.6875,0.005102750000000017,0.10636281250000001,0.7022197499999999
0.125,0.0625,0.75,-0.0034998749999999856,0.1101691875,0.7662385624999999
0.125,0.0625,0.8125,-0.012102499999999988,0.1139755625,0.8302573749999999
0.125,0.0625,0.875,-0.020705124999999977,0.1177819375,0.8942761874999999
0.125,0.0625,0.9375,-0.02930774999999998,0.1215883125,0.9582949999999999
0.125,0.0625,1.0,-0.03791037499999998,0.1253946875,1.0223138125
0.125,0.125,0.0,0.14220525,0.11738725,-0.003037625
0.125,0.125,0.0625,0.133602625,0.121193625,0.06098118749999999
0.125,0.125,0.125,0.125,0.125,0.12499999999999999
0.125,0.125,0.1875,0.11639737500000001,0.128806375,0.1890188125
0.125,0.125,0.25,0.10779475000000001,0.13261275,0.253037625
0.125,0.125,0.3125,0.099192125,0.136419125,0.31705643749999995
0.125,0.125,0.375,0.09058950000000002,0.1402255,0.38107525
0.125,0.125,0.4375,0.08198687500000001,0.144031875,0.4450940625
0.125,0.125,0.5,0.07338425000000001,0.14783825,0.5091128749999999
0.125,0.125,0.5625,0.06478162500000001,0.151644625,0.5731316874999999
0.125,0.125,0.625,0.05617900000000001,0.155451,0.6371504999999998
0.125,0.125,0.6875,0.04757637500000002,0.159257375,0.7011693124999999
0.125,0.125,0.75,0.038973750000000015,0.16306375,0.7651881249999999
0.125,0.125,0.8125,0.030371125000000013,0.16687012499999998,0.8292069374999999
0.125,0.125,0.875,0.021768500000000024,0.1706765,0.8932257499999999
0.125,0.125,0.9375,0.013165875000000021,0.17448287499999998,0.9572445624999999
0.125,0.125,1.0,0.004563250000000019,0.17828925,1.021263375
0.125,0.1875,0.0,0.184678875,0.17028181250000002,-0.0040880625
0.125,0.1875,0.0625,0.17607625,0.17408818750000002,0.05993074999999999
0.125,0.1875,0.125,0.167473625,0.17789456250000002,0.12394956249999999
0.125,0.1875,0.1875,0.15887099999999998,0.18170093750000002,0.187968375
0.125,0.1875,0.25,0.150268375,0.18550731250000002,0.2519871875
0.125,0.1875,0.3125,0.14166574999999998,0.18931368750000002,0.31600599999999995
0.125,0.1875,0.375,0.133063125,0.19312006250000002,0.3800248125
0.125,0.1875,0.4375,0.1244605,0.19692643750000002,0.444043625
0.125,0.1875,0.5,0.115857875,0.20073281250000002,0.5080624374999999
0.125,0.1875,0.5625,0.10725525,0.20453918750000002,0.5720812499999999
0.125,0.1875,0.625,0.098652625,0.20834556250000003,0.6361000624999998
0.125,0.1875,0.6875,0.09005,0.21215193750000003,0.7001188749999999
0.125,0.1875,0.75,0.081447375,0.21595831250000003,0.7641376874999999
0.125,0.1875,0.8125,0.07284475,0.2197646875,0.8281564999999999
0.125,0.1875,0.875,0.06424212500000001,0.22357106250000003,0.8921753124999999
0.125,0.1875,0.9375,0.05563950000000001,0.2273774375,0.9561941249999999
0.125,0.1875,1.0,0.047036875000000006,0.23118381250000003,1.0202129375
0.125,0.25,0.0,0.2271525,0.22317637499999998,-0.0051385
0.125,0.25,0.0625,0.218549875,0.22698274999999998,0.0588803125
0.125,0.25,0.125,0.20994725,0.23078912499999998,0.12289912499999998
0.125,0.25,0.1875,0.201344625,0.23459549999999998,0.1869179375
0.125,0.25,0.25,0.19274200000000002,0.23840187499999999,0.25093675
0.125,0.25,0.3125,0.184139375,0.24220824999999999,0.31495556249999995
0.125,0.25,0.375,0.17553675000000002,0.246014625,0.378974375
0.125,0.25,0.4375,0.16693412500000002,0.249821,0.4429931875
0.125,0.25,0.5,0.15833150000000001,0.253627375,0.5070119999999999
0.125,0.25,0.5625,0.149728875,0.25743374999999996,0.5710308124999999
0.125,0.25,0.625,0.14112625,0.261240125,0.6350496249999998
0.125,0.25,0.6875,0.13252362500000003,0.26504649999999996,0.6990684374999999
0.125,0.25,0.75,0.12392100000000002,0.268852875,0.7630872499999999
0.125,0.25,0.8125,0.11531837500000001,0.27265924999999996,0.8271060624999999
0.125,0.25,0.875,0.10671575000000003,0.276465625,0.8911248749999999
0.125,0.25,0.9375,0.09811312500000002,0.28027199999999997,0.9551436874999999
0.125,0.25,1.0,0.08951050000000002,0.284078375,1.0191625
0.125,0.3125,0.0,0.26962612500000005,0.2760709375,-0.0061889375
0.125,0.3125,0.0625,0.2610235000000001,0.2798773125,0.057829874999999996
0.125,0.3125,0.125,0.25242087500000004,0.2836836875,0.12184868749999998
0.125,0.3125,0.1875,0.24381825000000004,0.2874900625,0.1858675
0.125,0.3125,0.25,0.23521562500000004,0.2912964375,0.24988631249999999
0.125,0.3125,0.3125,0.22661300000000006,0.2951028125,0.31390512499999995
0.125,0.3125,0.375,0.21801037500000006,0.2989091875,0.3779239375
0.125,0.3125,0.4375,0.20940775000000006,0.3027155625,0.44194275
0.125,0.3125,0.5,0.20080512500000006,0.3065219375,0.5059615624999999
0.125,0.3125,0.5625,0.19220250000000005,0.3103283125,0.5699803749999999
0.125,0.3125,0.625,0.18359987500000005,0.3141346875,0.6339991874999998
0.125,0.3125,0.6875,0.17499725000000005,0.3179410625,0.6980179999999999
0.125,0.3125,0.75,0.16639462500000007,0.3217474375,0.7620368124999999
0.125,0.3125,0.8125,0.15779200000000004,0.3255538125,0.8260556249999998
0.125,0.3125,0.875,0.14918937500000007,0.3293601875,0.8900744374999999
0.125,0.3125,0.9375,0.14058675000000007,0.3331665625,0.9540932499999999
0.125,0.3125,1.0,0.13198412500000006,0.3369729375,1.0181120625
0.125,0.375,0.0,0.31209975,0.3289655,-0.007239374999999999
0.125,0.375,0.0625,0.30349712500000003,0.332771875,0.056779437499999995
0.125,0.375,0.125,0.2948945,0.33657825,0.12079825
0.125,0.375,0.1875,0.28629187500000003,0.340384625,0.1848170625
0.125,0.375,0.25,0.27768925,0.344191,0.24883587499999998
0.125,0.375,0.3125,0.269086625,0.347997375,0.31285468749999995
0.125,0.375,0.375,0.260484,0.35180375,0.3768735
0.125,0.375,0.4375,0.251881375,0.355610125,0.4408923125
0.125,0.375,0.5,0.24327875000000002,0.3594165,0.5049111249999999
0.125,0.375,0.5625,0.234676125,0.363222875,0.5689299374999999
0.125,0.375,0.625,0.2260735,0.36702925000000003,0.6329487499999998
0.125,0.375,0.6875,0.217470875,0.370835625,0.6969675624999999
0.125,0.375,0.75,0.20886825000000003,0.37464200000000003,0.7609863749999999
0.125,0.375,0.8125,0.200265625,0.378448375,0.8250051874999998
0.125,0.375,0.875,0.19166300000000003,0.38225475000000003,0.8890239999999999
0.125,0.375,0.9375,0.18306037500000003,0.386061125,0.9530428124999999
0.125,0.375,1.0,0.17445775000000002,0.38986750000000003,1.017061625
0.125,0.4375,0.0,0.35457337499999997,0.3818600625,-0.008289812499999999
0.125,0.4375,0.0625,0.34597075,0.38566643749999996,0.055728999999999994
0.125,0.4375,0.125,0.33736812499999996,0.3894728125,0.1197478125
0.125,0.4375,0.1875,0.3287655,0.39327918749999996,0.183766625
0.125,0.4375,0.25,0.32016287499999996,0.3970855625,0.24778543749999998
0.125,0.4375,0.3125,0.31156025,0.40089193749999996,0.31180424999999995
0.125,0.4375,0.375,0.30295762499999995,0.4046983125,0.37582306249999997
0.125,0.4375,0.4375,0.294355,0.40850468749999996,0.439841875
0.125,0.4375,0.5,0.28575237499999995,0.4123110625,0.5038606874999999
0.125,0.4375,0.5625,0.27714975,0.41611743749999996,0.5678794999999999
0.125,0.4375,0.625,0.268547125,0.4199238125,0.6318983124999998
0.125,0.4375,0.6875,0.25994449999999997,0.42373018749999997,0.6959171249999999
0.125,0.4375,0.75,0.251341875,0.4275365625,0.7599359374999999
0.125,0.4375,0.8125,0.24273924999999996,0.43134293749999997,0.8239547499999998
0.125,0.4375,0.875,0.234136625,0.4351493125,0.8879735624999999
0.125,0.4375,0.9375,0.22553399999999998,0.43895568749999997,0.9519923749999999
0.125,0.4375,1.0,0.21693137499999998,0.4427620625,1.0160111875
0.125,0.5,0.0,0.39704700000000004,0.434754625,-0.00934025
0.125,0.5,0.0625,0.38844437500000006,0.438561,0.05467856249999999
0.125,0.5,0.125,0.37984175000000003,0.442367375,0.118697375
0.125,0.5,0.1875,0.37123912500000006,0.44617375,0.1827161875
0.125,0.5,0.25,0.36263650000000003,0.449980125,0.24673499999999998
0.125,0.5,0.3125,0.35403387500000005,0.4537865,0.31075381249999995
0.125,0.5,0.375,0.34543125,0.457592875,0.37477262499999997
0.125,0.5,0.4375,0.33682862500000005,0.46139925,0.4387914375
0.125,0.5,0.5,0.328226,0.465205625,0.5028102499999999
0.125,0.5,0.5625,0.31962337500000004,0.469012,0.5668290624999999
0.125,0.5,0.625,0.31102075000000007,0.472818375,0.6308478749999998
0.125,0.5,0.6875,0.30241812500000004,0.47662475,0.6948666874999999
0.125,0.5,0.75,0.29381550000000006,0.480431125,0.7588854999999999
0.125,0.5,0.8125,0.28521287500000003,0.4842375,0.8229043124999998
0.125,0.5,0.875,0.27661025000000006,0.488043875,0.8869231249999999
0.125,0.5,0.9375,0.2680076250000001,0.49185025,0.9509419374999999
0.125,0.5,1.0,0.25940500000000005,0.495656625,1.01496075
0.125,0.5625,0.0,0.439520625,0.4876491875,-0.010390687499999999
0.125,0.5625,0.0625,0.430918,0.4914555625,0.053628125
0.125,0.5625,0.125,0.422315375,0.4952619375,0.11764693749999999
0.125,0.5625,0.1875,0.41371275,0.4990683125,0.18166575
0.125,0.5625,0.25,0.405110125,0.5028746875,0.24568456249999998
0.125,0.5625,0.3125,0.3965075,0.5066810625,0.30970337499999995
0.125,0.5625,0.375,0.387904875,0.5104874375,0.37372218749999997
0.125,0.5625,0.4375,0.37930225,0.5142938125000001,0.437741
0.125,0.5625,0.5,0.370699625,0.5181001875,0.5017598124999999
0.125,0.5625,0.5625,0.362097,0.5219065625,0.5657786249999999
0.125,0.5625,0.625,0.353494375,0.5257129375,0.6297974374999998
0.125,0.5625,0.6875,0.34489175,0.5295193125000001,0.6938162499999999
0.125,0.5625,0.75,0.336289125,0.5333256875,0.7578350624999999
0.125,0.5625,0.8125,0.3276865,0.5371320625,0.8218538749999998
0.125,0.5625,0.875,0.319083875,0.5409384375,0.8858726874999999
0.125,0.5625,0.9375,0.31048125000000004,0.5447448125000001,0.9498914999999999
0.125,0.5625,1.0,0.301878625,0.5485511875,1.0139103125
0.125,0.625,0.0,0.48199425000000007,0.54054375,-0.011441125
0.125,0.625,0.0625,0.4733916250000001,0.544350125,0.0525776875
0.125,0.625,0.125,0.46478900000000006,0.5481564999999999,0.11659649999999999
0.125,0.625,0.1875,0.4561863750000001,0.551962875,0.18061531249999999
0.125,0.625,0.25,0.44758375000000006,0.55576925,0.24463412499999998
0.125,0.625,0.3125,0.4389811250000001,0.559575625,0.30865293749999995
0.125,0.625,0.375,0.43037850000000005,0.5633819999999999,0.37267174999999997
0.125,0.625,0.4375,0.4217758750000001,0.567188375,0.4366905625
0.125,0.625,0.5,0.41317325000000005,0.57099475,0.5007093749999999
0.125,0.625,0.5625,0.4045706250000001,0.574801125,0.5647281874999999
0.125,0.625,0.625,0.3959680000000001,0.5786074999999999,0.6287469999999998
0.125,0.625,0.6875,0.38736537500000007,0.582413875,0.6927658124999999
0.125,0.625,0.75,0.3787627500000001,0.58622025,0.7567846249999999
0.125,0.625,0.8125,0.37016012500000006,0.590026625,0.8208034374999998
0.125,0.625,0.875,0.3615575000000001,0.5938329999999999,0.8848222499999999
0.125,0.625,0.9375,0.3529548750000001,0.597639375,0.9488410624999999
0.125,0.625,1.0,0.3443522500000001,0.60144575,1.012859875
0.125,0.6875,0.0,0.524467875,0.5934383125,-0.0124915625
0.125,0.6875,0.0625,0.51586525,0.5972446875,0.05152725
0.125,0.6875,0.125,0.5072626250000001,0.6010510625,0.11554606249999999
0.125,0.6875,0.1875,0.49866000000000005,0.6048574375,0.17956487499999998
0.125,0.6875,0.25,0.490057375,0.6086638125,0.24358368749999998
0.125,0.6875,0.3125,0.48145475000000004,0.6124701875,0.30760249999999995
0.125,0.6875,0.375,0.472852125,0.6162765625,0.37162131249999997
0.125,0.6875,0.4375,0.46424950000000004,0.6200829375,0.435640125
0.125,0.6875,0.5,0.455646875,0.6238893125,0.49965893749999996
0.125,0.6875,0.5625,0.44704425000000003,0.6276956875,0.5636777499999999
0.125,0.6875,0.625,0.43844162500000006,0.6315020625,0.6276965624999998
0.125,0.6875,0.6875,0.429839,0.6353084375,0.6917153749999999
0.125,0.6875,0.75,0.42123637500000005,0.6391148125,0.7557341874999999
0.125,0.6875,0.8125,0.41263375,0.6429211875,0.8197529999999998
0.125,0.6875,0.875,0.40403112500000005,0.6467275625,0.8837718124999999
0.125,0.6875,0.9375,0.39542850000000007,0.6505339375,0.9477906249999999
0.125,0.6875,1.0,0.38682587500000004,0.6543403125,1.0118094375
0.125,0.75,0.0,0.5669415,0.646332875,-0.013541999999999998
0.125,0.75,0.0625,0.558338875,0.6501392500000001,0.050476812499999996
0.125,0.75,0.125,0.54973625,0.653945625,0.11449562499999999
0.125,0.75,0.1875,0.541133625,0.657752,0.17851443749999998
0.125,0.75,0.25,0.532531,0.661558375,0.24253324999999998
0.125,0.75,0.3125,0.523928375,0.6653647500000001,0.30655206249999994
0.125,0.75,0.375,0.51532575,0.669171125,0.37057087499999997
0.125,0.75,0.4375,0.5067231249999999,0.6729775,0.4345896875
0.125,0.75,0.5,0.49812049999999997,0.676783875,0.49860849999999995
0.125,0.75,0.5625,0.489517875,0.6805902500000001,0.5626273124999999
0.125,0.75,0.625,0.48091525,0.684396625,0.6266461249999999
0.125,0.75,0.6875,0.472312625,0.688203,0.6906649375
0.125,0.75,0.75,0.46371,0.692009375,0.7546837499999999
0.125,0.75,0.8125,0.455107375,0.6958157500000001,0.8187025625
0.125,0.75,0.875,0.44650475,0.699622125,0.882721375
0.125,0.75,0.9375,0.43790212500000003,0.7034285,0.9467401874999999
0.125,0.75,1.0,0.4292995,0.707234875,1.010759
0.125,0.8125,0.0,0.6094151250000001,0.6992274375,-0.0145924375
0.125,0.8125,0.0625,0.6008125000000001,0.7030338125000001,0.049426374999999995
0.125,0.8125,0.125,0.5922098750000001,0.7068401875,0.11344518749999999
0.125,0.8125,0.1875,0.58360725,0.7106465625,0.17746399999999998
0.125,0.8125,0.25,0.575004625,0.7144529375,0.24148281249999998
0.125,0.8125,0.3125,0.5664020000000001,0.7182593125000001,0.30550162499999994
0.125,0.8125,0.375,0.5577993750000001,0.7220656875,0.36952043749999997
0.125,0.8125,0.4375,0.5491967500000001,0.7258720625,0.43353925
0.125,0.8125,0.5,0.540594125,0.7296784375,0.49755806249999995
0.125,0.8125,0.5625,0.5319915000000001,0.7334848125000001,0.5615768749999999
0.125,0.8125,0.625,0.5233888750000001,0.7372911875,0.6255956874999999
0.125,0.8125,0.6875,0.5147862500000001,0.7410975625,0.6896145
0.125,0.8125,0.75,0.506183625,0.7449039375000001,0.7536333124999999
0.125,0.8125,0.8125,0.49758100000000005,0.7487103125000001,0.817652125
0.125,0.8125,0.875,0.4889783750000001,0.7525166875,0.8816709375
0.125,0.8125,0.9375,0.4803757500000001,0.7563230625,0.9456897499999999
0.125,0.8125,1.0,0.47177312500000007,0.7601294375000001,1.0097085625
0.125,0.875,0.0,0.65188875,0.752122,-0.015642874999999997
0.125,0.875,0.0625,0.643286125,0.755928375,0.048375937499999994
0.125,0.875,0.125,0.6346835000000001,0.7597347499999999,0.11239474999999999
0.125,0.875,0.1875,0.626080875,0.7635411249999999,0.17641356249999998
0.125,0.875,0.25,0.61747825,0.7673475,0.24043237499999998
0.125,0.875,0.3125,0.608875625,0.771153875,0.30445118749999994
0.125,0.875,0.375,0.6002730000000001,0.7749602499999999,0.36846999999999996
0.125,0.875,0.4375,0.5916703750000001,0.7787666249999999,0.4324888125
0.125,0.875,0.5,0.58306775,0.782573,0.49650762499999995
0.125,0.875,0.5625,0.574465125,0.786379375,0.5605264375
0.125,0.875,0.625,0.5658625,0.7901857499999999,0.6245452499999999
0.125,0.875,0.6875,0.5572598750000001,0.7939921249999999,0.6885640625
0.125,0.875,0.75,0.54865725,0.7977985,0.752582875
0.125,0.875,0.8125,0.540054625,0.801604875,0.8166016875
0.125,0.875,0.875,0.531452,0.8054112499999999,0.8806205
0.125,0.875,0.9375,0.5228493750000001,0.8092176249999999,0.9446393125
0.125,0.875,1.0,0.5142467500000001,0.813024,1.008658125
0.125,0.9375,0.0,0.6943623750000001,0.8050165625,-0.016693312499999998
0.125,0.9375,0.0625,0.6857597500000001,0.8088229375,0.04732549999999999
0.125,0.9375,0.125,0.6771571250000001,0.8126293124999999,0.11134431249999999
0.125,0.9375,0.1875,0.6685545,0.8164356875,0.17536312499999998
0.125,0.9375,0.25,0.6599518750000001,0.8202420625,0.23938193749999997
0.125,0.9375,0.3125,0.6513492500000001,0.8240484375,0.30340074999999994
0.125,0.9375,0.375,0.6427466250000001,0.8278548124999999,0.36741956249999996
0.125,0.9375,0.4375,0.634144,0.8316611875,0.431438375
0.125,0.9375,0.5,0.6255413750000001,0.8354675625,0.49545718749999995
0.125,0.9375,0.5625,0.6169387500000001,0.8392739375,0.559476
0.125,0.9375,0.625,0.6083361250000001,0.8430803124999999,0.6234948124999999
0.125,0.9375,0.6875,0.5997335000000001,0.8468866875,0.687513625
0.125,0.9375,0.75,0.5911308750000001,0.8506930625,0.7515324375
0.125,0.9375,0.8125,0.5825282500000001,0.8544994375,0.81555125
0.125,0.9375,0.875,0.5739256250000001,0.8583058124999999,0.8795700625
0.125,0.9375,0.9375,0.5653230000000001,0.8621121875,0.943588875
0.125,0.9375,1.0,0.556720375,0.8659185625,1.0076076875
0.125,1.0,0.0,0.736836,0.857911125,-0.01774375
0.125,1.0,0.0625,0.7282333750000001,0.8617175,0.04627506249999999
0.125,1.0,0.125,0.7196307500000001,0.8655238749999999,0.11029387499999999
0.125,1.0,0.1875,0.711028125,0.86933025,0.17431268749999998
0.125,1.0,0.25,0.7024255,0.873136625,0.23833149999999997
0.125,1.0,0.3125,0.6938228750000001,0.876943,0.30235031249999994
0.125,1.0,0.375,0.6852202500000001,0.880749375,0.36636912499999996
0.125,1.0,0.4375,0.676617625,0.88455575,0.4303879375
0.125,1.0,0.5,0.668015,0.888362125,0.49440674999999995
0.125,1.0,0.5625,0.659412375,0.8921685,0.5584255625
0.125,1.0,0.625,0.6508097500000001,0.895974875,0.6224443749999999
0.125,1.0,0.6875,0.6422071250000001,0.89978125,0.6864631875
0.125,1.0,0.75,0.6336045,0.903587625,0.750482
0.125,1.0,0.8125,0.625001875,0.907394,0.8145008125
0.125,1.0,0.875,0.6163992500000001,0.911200375,0.878519625
0.125,1.0,0.9375,0.6077966250000001,0.91500675,0.9425384375
0.125,1.0,1.0,0.599194,0.918813125,1.00655725
0.1875,0.0,0.0,0.085887,0.0173971875,-0.001405125
0.1875,0.0,0.0625,0.077284375,0.021203562500000002,0.0626136875
0.1875,0.0,0.125,0.06868175000000001,0.025009937500000003,0.12663249999999998
0.1875,0.0,0.1875,0.06007912500000001,0.0288163125,0.19065131249999998
0.1875,0.0,0.25,0.05147650000000001,0.0326226875,0.25467012499999997
0.1875,0.0,0.3125,0.042873875000000006,0.0364290625,0.31868893749999994
0.1875,0.0,0.375,0.03427125000000001,0.0402354375,0.38270774999999996
0.1875,0.0,0.4375,0.025668625000000014,0.0440418125,0.4467265625
0.1875,0.0,0.5,0.01706600000000001,0.0478481875,0.510745375
0.1875,0.0,0.5625,0.008463375000000009,0.0516545625,0.5747641874999999
0.1875,0.0,0.625,-0.00013924999999999355,0.0554609375,0.6387829999999999
0.1875,0.0,0.6875,-0.008741874999999982,0.0592673125,0.7028018125
0.1875,0.0,0.75,-0.017344499999999985,0.0630736875,0.7668206249999999
0.1875,0.0,0.8125,-0.025947124999999988,0.0668800625,0.8308394374999999
0.1875,0.0,0.875,-0.034549749999999976,0.0706864375,0.89485825
0.1875,0.0,0.9375,-0.04315237499999998,0.0744928125,0.9588770624999999
0.1875,0.0,1.0,-0.05175499999999998,0.0782991875,1.022895875
0.1875,0.0625,0.0,0.128360625,0.07029175,-0.0024555625
0.1875,0.0625,0.0625,0.119758,0.074098125,0.06156324999999999
0.1875,0.0625,0.125,0.111155375,0.0779045,0.12558206249999998
0.1875,0.0625,0.1875,0.10255275000000001,0.081710875,0.18960087499999997
0.1875,0.0625,0.25,0.09395012500000001,0.08551725,0.25361968749999997
0.1875,0.0625,0.3125,0.0853475,0.089323625,0.31763849999999993
0.1875,0.0625,0.375,0.07674487500000002,0.09312999999999999,0.38165731249999996
0.1875,0.0625,0.4375,0.06814225000000002,0.09693637499999999,0.445676125
0.1875,0.0625,0.5,0.05953962500000001,0.10074274999999999,0.5096949375
0.1875,0.0625,0.5625,0.05093700000000001,0.10454912499999999,0.5737137499999999
0.1875,0.0625,0.625,0.04233437500000001,0.1083555,0.6377325624999999
0.1875,0.0625,0.6875,0.03373175000000002,0.112161875,0.701751375
0.1875,0.0625,0.75,0.025129125000000016,0.11596825,0.7657701874999999
0.1875,0.0625,0.8125,0.016526500000000013,0.119774625,0.8297889999999999
0.1875,0.0625,0.875,0.007923875000000025,0.123581,0.8938078125
0.1875,0.0625,0.9375,-0.000678749999999978,0.127387375,0.9578266249999999
0.1875,0.0625,1.0,-0.00928137499999998,0.13119375,1.0218454375
0.1875,0.125,0.0,0.17083425000000002,0.1231863125,-0.0035059999999999996
0.1875,0.125,0.0625,0.16223162500000002,0.1269926875,0.06051281249999999
0.1875,0.125,0.125,0.15362900000000002,0.1307990625,0.12453162499999999
0.1875,0.125,0.1875,0.145026375,0.1346054375,0.18855043749999997
0.1875,0.125,0.25,0.13642375,0.1384118125,0.25256924999999997
0.1875,0.125,0.3125,0.12782112500000004,0.1422181875,0.31658806249999993
0.1875,0.125,0.375,0.11921850000000003,0.1460245625,0.38060687499999996
0.1875,0.125,0.4375,0.11061587500000003,0.1498309375,0.4446256875
0.1875,0.125,0.5,0.10201325000000003,0.1536373125,0.5086444999999999
0.1875,0.125,0.5625,0.09341062500000002,0.1574436875,0.5726633124999999
0.1875,0.125,0.625,0.08480800000000002,0.1612500625,0.6366821249999999
0.1875,0.125,0.6875,0.07620537500000003,0.16505643750000001,0.7007009375
0.1875,0.125,0.75,0.06760275000000003,0.16886281250000001,0.7647197499999999
0.1875,0.125,0.8125,0.05900012500000003,0.1726691875,0.8287385624999999
0.1875,0.125,0.875,0.05039750000000004,0.17647556250000002,0.892757375
0.1875,0.125,0.9375,0.04179487500000004,0.1802819375,0.9567761874999999
0.1875,0.125,1.0,0.033192250000000034,0.18408831250000002,1.020795
0.1875,0.1875,0.0,0.21330787499999998,0.176080875,-0.0045564375
0.1875,0.1875,0.0625,0.20470524999999998,0.17988725,0.059462375
0.1875,0.1875,0.125,0.19610262499999997,0.183693625,0.12348118749999999
0.1875,0.1875,0.1875,0.18749999999999997,0.1875,0.18749999999999997
0.1875,0.1875,0.25,0.17889737499999997,0.191306375,0.25151881249999997
0.1875,0.1875,0.3125,0.17029475,0.19511275,0.31553762499999993
0.1875,0.1875,0.375,0.161692125,0.198919125,0.37955643749999995
0.1875,0.1875,0.4375,0.1530895,0.2027255,0.44357525
0.1875,0.1875,0.5,0.144486875,0.206531875,0.5075940624999999
0.1875,0.1875,0.5625,0.13588424999999998,0.21033825,0.5716128749999999
0.1875,0.1875,0.625,0.12728162499999998,0.214144625,0.6356316874999999
0.1875,0.1875,0.6875,0.11867899999999999,0.217951,0.6996505
0.1875,0.1875,0.75,0.11007637499999999,0.22175737499999998,0.7636693124999999
0.1875,0.1875,0.8125,0.10147374999999999,0.22556375,0.8276881249999999
0.1875,0.1875,0.875,0.092871125,0.22937012499999998,0.8917069375
0.1875,0.1875,0.9375,0.0842685,0.2331765,0.9557257499999999
0.1875,0.1875,1.0,0.075665875,0.23698287499999998,1.0197445625
0.1875,0.25,0.0,0.2557815,0.2289754375,-0.005606875
0.1875,0.25,0.0625,0.247178875,0.2327818125,0.0584119375
0.1875,0.25,0.125,0.23857625,0.2365881875,0.12243074999999999
0.1875,0.25,0.1875,0.229973625,0.2403945625,0.18644956249999997
0.1875,0.25,0.25,0.22137099999999998,0.2442009375,0.25046837499999997
0.1875,0.25,0.3125,0.212768375,0.2480073125,0.31448718749999993
0.1875,0.25,0.375,0.20416575,0.2518136875,0.37850599999999995
0.1875,0.25,0.4375,0.195563125,0.25562006249999997,0.4425248125
0.1875,0.25,0.5,0.1869605,0.2594264375,0.5065436249999999
0.1875,0.25,0.5625,0.178357875,0.26323281249999997,0.5705624374999999
0.1875,0.25,0.625,0.16975525,0.2670391875,0.6345812499999999
0.1875,0.25,0.6875,0.161152625,0.27084556249999997,0.6986000625
0.1875,0.25,0.75,0.15255000000000002,0.2746519375,0.7626188749999999
0.1875,0.25,0.8125,0.143947375,0.27845831249999997,0.8266376874999999
0.1875,0.25,0.875,0.13534475,0.2822646875,0.8906565
0.1875,0.25,0.9375,0.126742125,0.2860710625,0.9546753124999999
0.1875,0.25,1.0,0.11813950000000001,0.2898774375,1.018694125
0.1875,0.3125,0.0,0.298255125,0.28187,-0.0066573125
0.1875,0.3125,0.0625,0.28965250000000003,0.285676375,0.057361499999999996
0.1875,0.3125,0.125,0.281049875,0.28948275,0.12138031249999999
0.1875,0.3125,0.1875,0.27244725000000003,0.293289125,0.18539912499999997
0.1875,0.3125,0.25,0.263844625,0.2970955,0.24941793749999996
0.1875,0.3125,0.3125,0.255242,0.300901875,0.31343674999999993
0.1875,0.3125,0.375,0.24663937500000002,0.30470825,0.37745556249999995
0.1875,0.3125,0.4375,0.23803675000000002,0.308514625,0.441474375
0.1875,0.3125,0.5,0.22943412500000002,0.312321,0.5054931874999999
0.1875,0.3125,0.5625,0.22083150000000001,0.316127375,0.5695119999999999
0.1875,0.3125,0.625,0.212228875,0.31993375,0.6335308124999999
0.1875,0.3125,0.6875,0.20362625,0.323740125,0.697549625
0.1875,0.3125,0.75,0.19502362500000003,0.3275465,0.7615684374999999
0.1875,0.3125,0.8125,0.186421,0.331352875,0.8255872499999999
0.1875,0.3125,0.875,0.17781837500000003,0.33515925,0.8896060625
0.1875,0.3125,0.9375,0.16921575000000003,0.338965625,0.9536248749999999
0.1875,0.3125,1.0,0.16061312500000002,0.342772,1.0176436875
0.1875,0.375,0.0,0.34072874999999997,0.33476456250000003,-0.007707749999999999
0.1875,0.375,0.0625,0.332126125,0.3385709375,0.056311062499999995
0.1875,0.375,0.125,0.32352349999999996,0.34237731250000003,0.12032987499999999
0.1875,0.375,0.1875,0.314920875,0.3461836875,0.1843486875
0.1875,0.375,0.25,0.30631824999999996,0.34999006250000003,0.24836749999999996
0.1875,0.375,0.3125,0.297715625,0.3537964375,0.31238631249999993
0.1875,0.375,0.375,0.28911299999999995,0.35760281250000003,0.37640512499999995
0.1875,0.375,0.4375,0.280510375,0.3614091875,0.4404239375
0.1875,0.375,0.5,0.27190775,0.36521556250000003,0.5044427499999999
0.1875,0.375,0.5625,0.263305125,0.3690219375,0.5684615624999999
0.1875,0.375,0.625,0.25470249999999994,0.37282831250000004,0.6324803749999999
0.1875,0.375,0.6875,0.24609987499999997,0.3766346875,0.6964991875
0.1875,0.375,0.75,0.23749725,0.38044106250000004,0.7605179999999999
0.1875,0.375,0.8125,0.22889462499999996,0.3842474375,0.8245368124999999
0.1875,0.375,0.875,0.220292,0.38805381250000004,0.888555625
0.1875,0.375,0.9375,0.21168937499999999,0.3918601875,0.9525744374999999
0.1875,0.375,1.0,0.20308674999999998,0.39566656250000004,1.01659325
0.1875,0.4375,0.0,0.383202375,0.387659125,-0.008758187499999999
0.1875,0.4375,0.0625,0.37459975,0.39146549999999997,0.055260624999999994
0.1875,0.4375,0.125,0.365997125,0.395271875,0.11927943749999999
0.1875,0.4375,0.1875,0.3573945,0.39907824999999997,0.18329825
0.1875,0.4375,0.25,0.348791875,0.402884625,0.2473170625
0.1875,0.4375,0.3125,0.34018925,0.40669099999999997,0.31133587499999993
0.1875,0.4375,0.375,0.33158662499999997,0.410497375,0.37535468749999995
0.1875,0.4375,0.4375,0.322984,0.41430374999999997,0.4393735
0.1875,0.4375,0.5,0.31438137499999996,0.418110125,0.5033923124999999
0.1875,0.4375,0.5625,0.30577875,0.42191649999999997,0.5674111249999999
0.1875,0.4375,0.625,0.297176125,0.425722875,0.6314299374999999
0.1875,0.4375,0.6875,0.2885735,0.42952925,0.69544875
0.1875,0.4375,0.75,0.279970875,0.433335625,0.7594675624999999
0.1875,0.4375,0.8125,0.27136825,0.437142,0.8234863749999999
0.1875,0.4375,0.875,0.262765625,0.440948375,0.8875051875
0.1875,0.4375,0.9375,0.25416300000000003,0.44475475,0.9515239999999999
0.1875,0.4375,1.0,0.245560375,0.448561125,1.0155428125
0.1875,0.5,0.0,0.425676,0.4405536875,-0.009808625
0.1875,0.5,0.0625,0.417073375,0.4443600625,0.05421018749999999
0.1875,0.5,0.125,0.40847075,0.4481664375,0.11822899999999999
0.1875,0.5,0.1875,0.399868125,0.4519728125,0.1822478125
0.1875,0.5,0.25,0.3912655,0.4557791875,0.246266625
0.1875,0.5,0.3125,0.382662875,0.4595855625,0.3102854374999999
0.1875,0.5,0.375,0.37406025,0.4633919375,0.37430424999999995
0.1875,0.5,0.4375,0.365457625,0.4671983125,0.43832306249999997
0.1875,0.5,0.5,0.35685500000000003,0.4710046875,0.5023418749999999
0.1875,0.5,0.5625,0.348252375,0.4748110625,0.5663606874999999
0.1875,0.5,0.625,0.33964975,0.4786174375,0.6303794999999999
0.1875,0.5,0.6875,0.331047125,0.4824238125,0.6943983125
0.1875,0.5,0.75,0.3224445,0.4862301875,0.7584171249999999
0.1875,0.5,0.8125,0.313841875,0.4900365625,0.8224359374999999
0.1875,0.5,0.875,0.30523925,0.4938429375,0.88645475
0.1875,0.5,0.9375,0.296636625,0.4976493125,0.9504735624999999
0.1875,0.5,1.0,0.288034,0.5014556875,1.014492375
0.1875,0.5625,0.0,0.468149625,0.49344825000000003,-0.010859062499999999
0.1875,0.5625,0.0625,0.45954700000000004,0.497254625,0.05315974999999999
0.1875,0.5625,0.125,0.450944375,0.501061,0.11717856249999999
0.1875,0.5625,0.1875,0.44234175000000003,0.504867375,0.181197375
0.1875,0.5625,0.25,0.433739125,0.50867375,0.2452161875
0.1875,0.5625,0.3125,0.42513650000000003,0.5124801250000001,0.3092349999999999
0.1875,0.5625,0.375,0.416533875,0.5162865,0.37325381249999995
0.1875,0.5625,0.4375,0.40793125,0.520092875,0.43727262499999997
0.1875,0.5625,0.5,0.399328625,0.52389925,0.5012914374999999
0.1875,0.5625,0.5625,0.390726,0.5277056250000001,0.5653102499999999
0.1875,0.5625,0.625,0.38212337500000004,0.531512,0.6293290624999999
0.1875,0.5625,0.6875,0.37352075,0.535318375,0.693347875
0.1875,0.5625,0.75,0.36491812500000004,0.53912475,0.7573666874999999
0.1875,0.5625,0.8125,0.3563155,0.5429311250000001,0.8213854999999999
0.1875,0.5625,0.875,0.34771287500000003,0.5467375,0.8854043125
0.1875,0.5625,0.9375,0.33911025000000006,0.550543875,0.9494231249999999
0.1875,0.5625,1.0,0.330507625,0.55435025,1.0134419375
0.1875,0.625,0.0,0.5106232500000001,0.5463428124999999,-0.0119095
0.1875,0.625,0.0625,0.5020206250000001,0.5501491875,0.05210931249999999
0.1875,0.625,0.125,0.4934180000000001,0.5539555624999999,0.11612812499999998
0.1875,0.625,0.1875,0.4848153750000001,0.5577619374999999,0.1801469375
0.1875,0.625,0.25,0.4762127500000001,0.5615683124999999,0.24416575
0.1875,0.625,0.3125,0.4676101250000001,0.5653746875,0.3081845624999999
0.1875,0.625,0.375,0.45900750000000007,0.5691810624999999,0.37220337499999995
0.1875,0.625,0.4375,0.4504048750000001,0.5729874374999999,0.43622218749999997
0.1875,0.625,0.5,0.44180225000000006,0.5767938125,0.5002409999999999
0.1875,0.625,0.5625,0.4331996250000001,0.5806001875,0.5642598124999999
0.1875,0.625,0.625,0.4245970000000001,0.5844065624999999,0.6282786249999999
0.1875,0.625,0.6875,0.4159943750000001,0.5882129374999999,0.6922974375
0.1875,0.625,0.75,0.4073917500000001,0.5920193125,0.7563162499999999
0.1875,0.625,0.8125,0.3987891250000001,0.5958256875,0.8203350624999999
0.1875,0.625,0.875,0.3901865000000001,0.5996320624999999,0.884353875
0.1875,0.625,0.9375,0.38158387500000013,0.6034384374999999,0.9483726874999999
0.1875,0.625,1.0,0.3729812500000001,0.6072448125,1.0123914999999999
0.1875,0.6875,0.0,0.553096875,0.599237375,-0.0129599375
0.1875,0.6875,0.0625,0.5444942500000001,0.60304375,0.051058875
0.1875,0.6875,0.125,0.5358916250000001,0.6068501249999999,0.11507768749999998
0.1875,0.6875,0.1875,0.527289,0.6106564999999999,0.1790965
0.1875,0.6875,0.25,0.518686375,0.614462875,0.24311531249999999
0.1875,0.6875,0.3125,0.5100837500000001,0.61826925,0.3071341249999999
0.1875,0.6875,0.375,0.5014811250000001,0.6220756249999999,0.37115293749999995
0.1875,0.6875,0.4375,0.49287850000000005,0.6258819999999999,0.43517174999999997
0.1875,0.6875,0.5,0.484275875,0.629688375,0.49919056249999993
0.1875,0.6875,0.5625,0.47567325000000005,0.63349475,0.5632093749999999
0.1875,0.6875,0.625,0.4670706250000001,0.6373011249999999,0.6272281874999999
0.1875,0.6875,0.6875,0.45846800000000004,0.6411074999999999,0.691247
0.1875,0.6875,0.75,0.44986537500000007,0.644913875,0.7552658124999999
0.1875,0.6875,0.8125,0.44126275000000004,0.64872025,0.8192846249999999
0.1875,0.6875,0.875,0.43266012500000006,0.6525266249999999,0.8833034375
0.1875,0.6875,0.9375,0.4240575000000001,0.6563329999999999,0.9473222499999999
0.1875,0.6875,1.0,0.41545487500000006,0.660139375,1.0113410624999999
0.1875,0.75,0.0,0.5955705,0.6521319375,-0.014010374999999999
0.1875,0.75,0.0625,0.586967875,0.6559383125,0.050008437499999996
0.1875,0.75,0.125,0.57836525,0.6597446874999999,0.11402725
0.1875,0.75,0.1875,0.569762625,0.6635510625,0.1780460625
0.1875,0.75,0.25,0.56116,0.6673574375,0.24206487499999998
0.1875,0.75,0.3125,0.552557375,0.6711638125,0.3060836874999999
0.1875,0.75,0.375,0.54395475,0.6749701874999999,0.37010249999999995
0.1875,0.75,0.4375,0.535352125,0.6787765625,0.43412131249999997
0.1875,0.75,0.5,0.5267495,0.6825829375,0.49814012499999993
0.1875,0.75,0.5625,0.518146875,0.6863893125,0.5621589374999999
0.1875,0.75,0.625,0.50954425,0.6901956874999999,0.6261777499999999
0.1875,0.75,0.6875,0.5009416250000001,0.6940020625,0.6901965624999999
0.1875,0.75,0.75,0.492339,0.6978084375,0.7542153749999999
0.1875,0.75,0.8125,0.483736375,0.7016148125,0.8182341874999999
0.1875,0.75,0.875,0.47513375,0.7054211874999999,0.882253
0.1875,0.75,0.9375,0.46653112500000005,0.7092275625,0.9462718124999999
0.1875,0.75,1.0,0.4579285,0.7130339375,1.0102906249999999
0.1875,0.8125,0.0,0.6380441250000001,0.7050265,-0.0150608125
0.1875,0.8125,0.0625,0.6294415000000001,0.708832875,0.048957999999999995
0.1875,0.8125,0.125,0.6208388750000001,0.71263925,0.1129768125
0.1875,0.8125,0.1875,0.61223625,0.716445625,0.176995625
0.1875,0.8125,0.25,0.6036336250000001,0.720252,0.24101443749999998
0.1875,0.8125,0.3125,0.5950310000000001,0.724058375,0.3050332499999999
0.1875,0.8125,0.375,0.5864283750000001,0.72786475,0.36905206249999994
0.1875,0.8125,0.4375,0.5778257500000001,0.731671125,0.43307087499999997
0.1875,0.8125,0.5,0.569223125,0.7354775,0.49708968749999993
0.1875,0.8125,0.5625,0.5606205000000001,0.739283875,0.5611084999999999
0.1875,0.8125,0.625,0.5520178750000001,0.74309025,0.6251273124999999
0.1875,0.8125,0.6875,0.5434152500000001,0.746896625,0.6891461249999999
0.1875,0.8125,0.75,0.534812625,0.750703,0.7531649374999999
0.1875,0.8125,0.8125,0.5262100000000001,0.754509375,0.8171837499999999
0.1875,0.8125,0.875,0.5176073750000001,0.75831575,0.8812025625
0.1875,0.8125,0.9375,0.5090047500000001,0.762122125,0.9452213749999999
0.1875,0.8125,1.0,0.5004021250000001,0.7659285,1.0092401874999999
0.1875,0.875,0.0,0.68051775,0.7579210624999999,-0.016111249999999997
0.1875,0.875,0.0625,0.6719151250000001,0.7617274374999999,0.0479075625
0.1875,0.875,0.125,0.6633125000000001,0.7655338124999999,0.111926375
0.1875,0.875,0.1875,0.654709875,0.7693401874999999,0.1759451875
0.1875,0.875,0.25,0.64610725,0.7731465624999999,0.23996399999999998
0.1875,0.875,0.3125,0.637504625,0.7769529374999999,0.3039828124999999
0.1875,0.875,0.375,0.6289020000000001,0.7807593124999999,0.36800162499999994
0.1875,0.875,0.4375,0.6202993750000001,0.7845656874999999,0.43202043749999997
0.1875,0.875,0.5,0.61169675,0.7883720624999999,0.49603924999999993
0.1875,0.875,0.5625,0.603094125,0.7921784374999999,0.5600580624999999
0.1875,0.875,0.625,0.5944915000000001,0.7959848124999999,0.6240768749999999
0.1875,0.875,0.6875,0.5858888750000001,0.7997911874999999,0.6880956874999999
0.1875,0.875,0.75,0.57728625,0.8035975624999999,0.7521144999999999
0.1875,0.875,0.8125,0.568683625,0.8074039375,0.8161333124999999
0.1875,0.875,0.875,0.560081,0.8112103124999999,0.880152125
0.1875,0.875,0.9375,0.5514783750000001,0.8150166874999999,0.9441709374999999
0.1875,0.875,1.0,0.5428757500000001,0.8188230624999999,1.0081897499999999
0.1875,0.9375,0.0,0.7229913750000001,0.8108156249999999,-0.017161687499999998
0.1875,0.9375,0.0625,0.7143887500000001,0.814622,0.046857125
0.1875,0.9375,0.125,0.7057861250000002,0.8184283749999999,0.1108759375
0.1875,0.9375,0.1875,0.6971835000000001,0.8222347499999999,0.17489475
0.1875,0.9375,0.25,0.6885808750000001,0.8260411249999999,0.23891356249999998
0.1875,0.9375,0.3125,0.6799782500000001,0.8298475,0.3029323749999999
0.1875,0.9375,0.375,0.6713756250000001,0.8336538749999999,0.36695118749999994
0.1875,0.9375,0.4375,0.6627730000000001,0.8374602499999999,0.43096999999999996
0.1875,0.9375,0.5,0.6541703750000001,0.8412666249999999,0.49498881249999993
0.1875,0.9375,0.5625,0.6455677500000001,0.845073,0.5590076249999999
0.1875,0.9375,0.625,0.6369651250000001,0.8488793749999999,0.6230264374999999
0.1875,0.9375,0.6875,0.6283625000000002,0.8526857499999999,0.6870452499999999
0.1875,0.9375,0.75,0.6197598750000001,0.8564921249999999,0.7510640624999999
0.1875,0.9375,0.8125,0.6111572500000001,0.8602985,0.8150828749999999
0.1875,0.9375,0.875,0.6025546250000001,0.8641048749999999,0.8791016875
0.1875,0.9375,0.9375,0.5939520000000001,0.8679112499999999,0.9431204999999999
0.1875,0.9375,1.0,0.5853493750000001,0.8717176249999999,1.0071393124999999
0.1875,1.0,0.0,0.7654650000000001,0.8637101875,-0.018212125
0.1875,1.0,0.0625,0.7568623750000001,0.8675165625,0.0458066875
0.1875,1.0,0.125,0.7482597500000001,0.8713229374999999,0.10982549999999999
0.1875,1.0,0.1875,0.739657125,0.8751293124999999,0.1738443125
0.1875,1.0,0.25,0.7310545,0.8789356875,0.23786312499999998
0.1875,1.0,0.3125,0.7224518750000001,0.8827420625,0.3018819374999999
0.1875,1.0,0.375,0.7138492500000001,0.8865484374999999,0.36590074999999994
0.1875,1.0,0.4375,0.705246625,0.8903548124999999,0.42991956249999996
0.1875,1.0,0.5,0.696644,0.8941611875,0.49393837499999993
0.1875,1.0,0.5625,0.6880413750000001,0.8979675625,0.5579571874999999
0.1875,1.0,0.625,0.6794387500000001,0.9017739374999999,0.6219759999999999
0.1875,1.0,0.6875,0.6708361250000001,0.9055803124999999,0.6859948124999999
0.1875,1.0,0.75,0.6622335,0.9093866875,0.7500136249999999
0.1875,1.0,0.8125,0.6536308750000001,0.9131930625,0.8140324374999999
0.1875,1.0,0.875,0.6450282500000001,0.9169994374999999,0.87805125
0.1875,1.0,0.9375,0.6364256250000001,0.9208058124999999,0.9420700624999999
0.1875,1.0,1.0,0.627823,0.9246121875,1.0060888749999999
0.25,0.0,0.0,0.114516,0.02319625,-0.0018735
0.25,0.0,0.0625,0.105913375,0.027002625000000002,0.062145312499999994
0.25,0.0,0.125,0.09731075,0.030809000000000003,0.126164125
0.25,0.0,0.1875,0.08870812500000001,0.034615375000000004,0.19018293749999998
0.25,0.0,0.25,0.08010550000000001,0.038421750000000005,0.25420175
0.25,0.0,0.3125,0.07150287500000001,0.042228125000000005,0.31822056249999997
0.25,0.0,0.375,0.06290025000000002,0.0460345,0.382239375
0.25,0.0,0.4375,0.054297625000000016,0.049840875,0.4462581875
0.25,0.0,0.5,0.04569500000000001,0.05364725,0.510277
0.25,0.0,0.5625,0.03709237500000001,0.057453625,0.5742958125
0.25,0.0,0.625,0.028489750000000008,0.06126,0.6383146249999999
0.25,0.0,0.6875,0.01988712500000002,0.06506637500000001,0.7023334375
0.25,0.0,0.75,0.011284500000000017,0.06887275,0.76635225
0.25,0.0,0.8125,0.002681875000000014,0.072679125,0.8303710624999999
0.25,0.0,0.875,-0.005920749999999975,0.0764855,0.894389875
0.25,0.0,0.9375,-0.014523374999999977,0.080291875,0.9584086875
0.25,0.0,1.0,-0.02312599999999998,0.08409825,1.0224274999999998
0.25,0.0625,0.0,0.15698962500000002,0.0760908125,-0.0029239375
0.25,0.0625,0.0625,0.14838700000000002,0.0798971875,0.06109487499999999
0.25,0.0625,0.125,0.13978437500000002,0.0837035625,0.1251136875
0.25,0.0625,0.1875,0.13118175,0.0875099375,0.18913249999999998
0.25,0.0625,0.25,0.12257912500000002,0.0913163125,0.2531513125
0.25,0.0625,0.3125,0.11397650000000002,0.0951226875,0.31717012499999997
0.25,0.0625,0.375,0.10537387500000003,0.0989290625,0.3811889375
0.25,0.0625,0.4375,0.09677125000000003,0.1027354375,0.44520775
0.25,0.0625,0.5,0.08816862500000003,0.1065418125,0.5092265625
0.25,0.0625,0.5625,0.07956600000000003,0.1103481875,0.573245375
0.25,0.0625,0.625,0.07096337500000002,0.1141545625,0.6372641874999999
0.25,0.0625,0.6875,0.062360750000000034,0.1179609375,0.701283
0.25,0.0625,0.75,0.05375812500000003,0.12176731249999999,0.7653018125
0.25,0.0625,0.8125,0.04515550000000003,0.12557368749999998,0.8293206249999999
0.25,0.0625,0.875,0.03655287500000004,0.1293800625,0.8933394375
0.25,0.0625,0.9375,0.027950250000000038,0.13318643749999998,0.95735825
0.25,0.0625,1.0,0.019347625000000035,0.1369928125,1.0213770624999998
0.25,0.125,0.0,0.19946325,0.128985375,-0.003974375
0.25,0.125,0.0625,0.190860625,0.13279175000000001,0.06004443749999999
0.25,0.125,0.125,0.182258,0.13659812500000001,0.12406324999999999
0.25,0.125,0.1875,0.173655375,0.14040450000000002,0.18808206249999998
0.25,0.125,0.25,0.16505275000000003,0.14421087500000002,0.252100875
0.25,0.125,0.3125,0.156450125,0.14801725000000002,0.31611968749999997
0.25,0.125,0.375,0.14784750000000002,0.15182362500000002,0.3801385
0.25,0.125,0.4375,0.13924487500000002,0.15563000000000002,0.4441573125
0.25,0.125,0.5,0.13064225000000002,0.15943637500000002,0.508176125
0.25,0.125,0.5625,0.12203962500000001,0.16324275000000002,0.5721949375
0.25,0.125,0.625,0.11343700000000001,0.16704912500000002,0.6362137499999999
0.25,0.125,0.6875,0.10483437500000002,0.17085550000000002,0.7002325625
0.25,0.125,0.75,0.09623175000000002,0.17466187500000002,0.764251375
0.25,0.125,0.8125,0.08762912500000002,0.17846825,0.8282701874999999
0.25,0.125,0.875,0.07902650000000003,0.18227462500000002,0.892289
0.25,0.125,0.9375,0.07042387500000002,0.186081,0.9563078125
0.25,0.125,1.0,0.06182125000000002,0.18988737500000002,1.0203266249999998
0.25,0.1875,0.0,0.241936875,0.1818799375,-0.0050248125
0.25,0.1875,0.0625,0.23333425,0.1856863125,0.05899399999999999
0.25,0.1875,0.125,0.224731625,0.1894926875,0.12301281249999999
0.25,0.1875,0.1875,0.216129,0.1932990625,0.18703162499999998
0.25,0.1875,0.25,0.20752637499999999,0.1971054375,0.2510504375
0.25,0.1875,0.3125,0.19892375,0.2009118125,0.31506924999999997
0.25,0.1875,0.375,0.190321125,0.2047181875,0.3790880625
0.25,0.1875,0.4375,0.1817185,0.2085245625,0.443106875
0.25,0.1875,0.5,0.173115875,0.2123309375,0.5071256875
0.25,0.1875,0.5625,0.16451325,0.2161373125,0.5711444999999999
0.25,0.1875,0.625,0.155910625,0.2199436875,0.6351633124999999
0.25,0.1875,0.6875,0.147308,0.2237500625,0.699182125
0.25,0.1875,0.75,0.13870537500000002,0.2275564375,0.7632009375
0.25,0.1875,0.8125,0.13010275,0.23136281250000001,0.8272197499999999
0.25,0.1875,0.875,0.12150012500000001,0.2351691875,0.8912385625
0.25,0.1875,0.9375,0.11289750000000001,0.23897556250000002,0.955257375
0.25,0.1875,1.0,0.10429487500000001,0.2427819375,1.0192761874999998
0.25,0.25,0.0,0.2844105,0.2347745,-0.00607525
0.25,0.25,0.0625,0.27580787500000004,0.238580875,0.0579435625
0.25,0.25,0.125,0.26720525,0.24238725,0.12196237499999998
0.25,0.25,0.1875,0.25860262500000003,0.246193625,0.18598118749999998
0.25,0.25,0.25,0.25,0.25,0.24999999999999997
0.25,0.25,0.3125,0.24139737500000003,0.253806375,0.31401881249999997
0.25,0.25,0.375,0.23279475000000002,0.25761275,0.378037625
0.25,0.25,0.4375,0.22419212500000002,0.261419125,0.4420564375
0.25,0.25,0.5,0.21558950000000002,0.2652255,0.50607525
0.25,0.25,0.5625,0.20698687500000001,0.269031875,0.5700940624999999
0.25,0.25,0.625,0.19838425,0.27283825,0.6341128749999999
0.25,0.25,0.6875,0.189781625,0.276644625,0.6981316875
0.25,0.25,0.75,0.18117900000000003,0.280451,0.7621505
0.25,0.25,0.8125,0.172576375,0.284257375,0.8261693124999999
0.25,0.25,0.875,0.16397375000000003,0.28806375,0.890188125
0.25,0.25,0.9375,0.15537112500000003,0.291870125,0.9542069375
0.25,0.25,1.0,0.14676850000000002,0.2956765,1.0182257499999998
0.25,0.3125,0.0,0.326884125,0.2876690625,-0.0071256875
0.25,0.3125,0.0625,0.31828150000000005,0.2914754375,0.056893124999999996
0.25,0.3125,0.125,0.309678875,0.2952818125,0.12091193749999998
0.25,0.3125,0.1875,0.30107625000000005,0.2990881875,0.18493074999999998
0.25,0.3125,0.25,0.292473625,0.3028945625,0.24894956249999997
0.25,0.3125,0.3125,0.28387100000000004,0.3067009375,0.31296837499999997
0.25,0.3125,0.375,0.275268375,0.3105073125,0.3769871875
0.25,0.3125,0.4375,0.26666575000000003,0.3143136875,0.441006
0.25,0.3125,0.5,0.25806312500000006,0.3181200625,0.5050248125
0.25,0.3125,0.5625,0.24946050000000003,0.3219264375,0.5690436249999999
0.25,0.3125,0.625,0.24085787500000003,0.3257328125,0.6330624374999999
0.25,0.3125,0.6875,0.23225525000000002,0.3295391875,0.69708125
0.25,0.3125,0.75,0.22365262500000005,0.3333455625,0.7611000625
0.25,0.3125,0.8125,0.21505000000000002,0.3371519375,0.8251188749999999
0.25,0.3125,0.875,0.20644737500000004,0.3409583125,0.8891376875
0.25,0.3125,0.9375,0.19784475000000004,0.3447646875,0.9531565
0.25,0.3125,1.0,0.18924212500000004,0.34857106250000003,1.0171753124999998
0.25,0.375,0.0,0.36935775,0.34056362500000004,-0.008176125
0.25,0.375,0.0625,0.360755125,0.34437,0.055842687499999995
0.25,0.375,0.125,0.3521525,0.34817637500000004,0.11986149999999998
0.25,0.375,0.1875,0.343549875,0.35198275,0.18388031249999998
0.25,0.375,0.25,0.33494725,0.35578912500000004,0.24789912499999997
0.25,0.375,0.3125,0.326344625,0.3595955,0.31191793749999996
0.25,0.375,0.375,0.31774199999999997,0.36340187500000004,0.37593675
0.25,0.375,0.4375,0.309139375,0.36720825,0.4399555625
0.25,0.375,0.5,0.30053675,0.37101462500000004,0.503974375
0.25,0.375,0.5625,0.291934125,0.374821,0.5679931874999999
0.25,0.375,0.625,0.28333149999999996,0.37862737500000004,0.6320119999999999
0.25,0.375,0.6875,0.274728875,0.38243375,0.6960308125
0.25,0.375,0.75,0.26612625,0.38624012500000005,0.760049625
0.25,0.375,0.8125,0.257523625,0.3900465,0.8240684374999999
0.25,0.375,0.875,0.248921,0.39385287500000005,0.88808725
0.25,0.375,0.9375,0.240318375,0.39765925,0.9521060625
0.25,0.375,1.0,0.23171575,0.40146562500000005,1.0161248749999998
0.25,0.4375,0.0,0.411831375,0.39345818749999995,-0.009226562499999999
0.25,0.4375,0.0625,0.40322875,0.3972645624999999,0.054792249999999994
0.25,0.4375,0.125,0.394626125,0.40107093749999995,0.1188110625
0.25,0.4375,0.1875,0.3860235,0.4048773124999999,0.18282987499999998
0.25,0.4375,0.25,0.377420875,0.40868368749999995,0.24684868749999997
0.25,0.4375,0.3125,0.36881825,0.4124900624999999,0.31086749999999996
0.25,0.4375,0.375,0.360215625,0.41629643749999995,0.3748863125
0.25,0.4375,0.4375,0.351613,0.4201028124999999,0.438905125
0.25,0.4375,0.5,0.343010375,0.42390918749999995,0.5029239375
0.25,0.4375,0.5625,0.33440775,0.4277155624999999,0.5669427499999999
0.25,0.4375,0.625,0.32580512500000003,0.43152193749999995,0.6309615624999999
0.25,0.4375,0.6875,0.3172025,0.4353283124999999,0.694980375
0.25,0.4375,0.75,0.308599875,0.43913468749999995,0.7589991875
0.25,0.4375,0.8125,0.29999725,0.4429410624999999,0.8230179999999999
0.25,0.4375,0.875,0.291394625,0.44674743749999996,0.8870368125
0.25,0.4375,0.9375,0.28279200000000004,0.45055381249999993,0.951055625
0.25,0.4375,1.0,0.274189375,0.45436018749999996,1.0150744374999998
0.25,0.5,0.0,0.454305,0.44635274999999996,-0.010277
0.25,0.5,0.0625,0.44570237500000004,0.45015912499999994,0.05374181249999999
0.25,0.5,0.125,0.43709975,0.45396549999999997,0.117760625
0.25,0.5,0.1875,0.42849712500000003,0.45777187499999994,0.18177943749999997
0.25,0.5,0.25,0.4198945,0.46157824999999997,0.24579824999999997
0.25,0.5,0.3125,0.41129187500000003,0.46538462499999994,0.30981706249999996
0.25,0.5,0.375,0.40268925,0.46919099999999997,0.373835875
0.25,0.5,0.4375,0.394086625,0.47299737499999994,0.4378546875
0.25,0.5,0.5,0.38548400000000005,0.47680374999999997,0.5018735
0.25,0.5,0.5625,0.376881375,0.48061012499999994,0.5658923124999999
0.25,0.5,0.625,0.36827875,0.48441649999999997,0.6299111249999999
0.25,0.5,0.6875,0.359676125,0.48822287499999995,0.6939299375
0.25,0.5,0.75,0.35107350000000004,0.49202925,0.75794875
0.25,0.5,0.8125,0.342470875,0.49583562499999995,0.8219675624999999
0.25,0.5,0.875,0.33386825000000003,0.499642,0.885986375
0.25,0.5,0.9375,0.325265625,0.503448375,0.9500051875
0.25,0.5,1.0,0.31666300000000003,0.50725475,1.0140239999999998
0.25,0.5625,0.0,0.49677862500000003,0.4992473125,-0.011327437499999999
0.25,0.5625,0.0625,0.48817600000000005,0.5030536875,0.052691375
0.25,0.5625,0.125,0.479573375,0.5068600624999999,0.11671018749999999
0.25,0.5625,0.1875,0.47097075000000005,0.5106664375,0.18072899999999997
0.25,0.5625,0.25,0.462368125,0.5144728125,0.24474781249999997
0.25,0.5625,0.3125,0.45376550000000004,0.5182791875,0.30876662499999996
0.25,0.5625,0.375,0.445162875,0.5220855624999999,0.3727854375
0.25,0.5625,0.4375,0.43656025000000004,0.5258919375,0.43680425
0.25,0.5625,0.5,0.427957625,0.5296983125,0.5008230625
0.25,0.5625,0.5625,0.41935500000000003,0.5335046875,0.5648418749999999
0.25,0.5625,0.625,0.41075237500000006,0.5373110624999999,0.6288606874999999
0.25,0.5625,0.6875,0.40214975000000003,0.5411174375,0.6928795
0.25,0.5625,0.75,0.39354712500000005,0.5449238125,0.7568983125
0.25,0.5625,0.8125,0.3849445,0.5487301875,0.8209171249999999
0.25,0.5625,0.875,0.37634187500000005,0.5525365624999999,0.8849359375
0.25,0.5625,0.9375,0.3677392500000001,0.5563429375,0.94895475
0.25,0.5625,1.0,0.35913662500000004,0.5601493125,1.0129735624999998
0.25,0.625,0.0,0.5392522500000001,0.552141875,-0.012377875
0.25,0.625,0.0625,0.5306496250000001,0.55594825,0.0516409375
0.25,0.625,0.125,0.5220470000000001,0.559754625,0.11565974999999999
0.25,0.625,0.1875,0.5134443750000001,0.563561,0.17967856249999997
0.25,0.625,0.25,0.5048417500000001,0.567367375,0.24369737499999997
0.25,0.625,0.3125,0.4962391250000001,0.57117375,0.30771618749999996
0.25,0.625,0.375,0.4876365000000001,0.574980125,0.371735
0.25,0.625,0.4375,0.4790338750000001,0.5787865,0.4357538125
0.25,0.625,0.5,0.4704312500000001,0.582592875,0.49977262499999997
0.25,0.625,0.5625,0.4618286250000001,0.58639925,0.5637914374999999
0.25,0.625,0.625,0.45322600000000013,0.590205625,0.6278102499999999
0.25,0.625,0.6875,0.4446233750000001,0.594012,0.6918290625
0.25,0.625,0.75,0.4360207500000001,0.597818375,0.755847875
0.25,0.625,0.8125,0.4274181250000001,0.60162475,0.8198666874999999
0.25,0.625,0.875,0.4188155000000001,0.605431125,0.8838855
0.25,0.625,0.9375,0.41021287500000014,0.6092375,0.9479043125
0.25,0.625,1.0,0.4016102500000001,0.613043875,1.0119231249999998
0.25,0.6875,0.0,0.5817258750000001,0.6050364375,-0.0134283125
0.25,0.6875,0.0625,0.5731232500000001,0.6088428125,0.0505905
0.25,0.6875,0.125,0.5645206250000001,0.6126491875,0.11460931249999999
0.25,0.6875,0.1875,0.555918,0.6164555625,0.17862812499999997
0.25,0.6875,0.25,0.547315375,0.6202619375,0.24264693749999997
0.25,0.6875,0.3125,0.5387127500000001,0.6240683125,0.30666574999999996
0.25,0.6875,0.375,0.5301101250000001,0.6278746875,0.3706845625
0.25,0.6875,0.4375,0.5215075,0.6316810625,0.434703375
0.25,0.6875,0.5,0.512904875,0.6354874375,0.49872218749999997
0.25,0.6875,0.5625,0.5043022500000001,0.6392938125000001,0.5627409999999999
0.25,0.6875,0.625,0.4956996250000001,0.6431001875,0.6267598124999999
0.25,0.6875,0.6875,0.48709700000000006,0.6469065625,0.690778625
0.25,0.6875,0.75,0.4784943750000001,0.6507129375,0.7547974375
0.25,0.6875,0.8125,0.46989175000000005,0.6545193125000001,0.8188162499999999
0.25,0.6875,0.875,0.4612891250000001,0.6583256875,0.8828350625
0.25,0.6875,0.9375,0.4526865000000001,0.6621320625,0.946853875
0.25,0.6875,1.0,0.4440838750000001,0.6659384375,1.0108726874999998
0.25,0.75,0.0,0.6241995,0.657931,-0.014478749999999999
0.25,0.75,0.0625,0.615596875,0.6617373750000001,0.049540062499999996
0.25,0.75,0.125,0.6069942500000001,0.66554375,0.11355887499999999
0.25,0.75,0.1875,0.598391625,0.669350125,0.17757768749999997
0.25,0.75,0.25,0.589789,0.6731565,0.2415965
0.25,0.75,0.3125,0.581186375,0.6769628750000001,0.30561531249999996
0.25,0.75,0.375,0.5725837500000001,0.68076925,0.369634125
0.25,0.75,0.4375,0.563981125,0.684575625,0.4336529375
0.25,0.75,0.5,0.5553785,0.688382,0.49767174999999997
0.25,0.75,0.5625,0.546775875,0.6921883750000001,0.5616905624999999
0.25,0.75,0.625,0.53817325,0.69599475,0.6257093749999999
0.25,0.75,0.6875,0.5295706250000001,0.699801125,0.6897281875
0.25,0.75,0.75,0.520968,0.7036075,0.753747
0.25,0.75,0.8125,0.512365375,0.7074138750000001,0.8177658124999999
0.25,0.75,0.875,0.50376275,0.71122025,0.881784625
0.25,0.75,0.9375,0.49516012500000006,0.715026625,0.9458034375
0.25,0.75,1.0,0.48655750000000003,0.718833,1.0098222499999998
0.25,0.8125,0.0,0.666673125,0.7108255625000001,-0.0155291875
0.25,0.8125,0.0625,0.6580705,0.7146319375000001,0.048489624999999995
0.25,0.8125,0.125,0.649467875,0.7184383125,0.11250843749999999
0.25,0.8125,0.1875,0.6408652499999999,0.7222446875,0.17652724999999997
0.25,0.8125,0.25,0.632262625,0.7260510625000001,0.2405460625
0.25,0.8125,0.3125,0.62366,0.7298574375000001,0.30456487499999996
0.25,0.8125,0.375,0.615057375,0.7336638125,0.3685836875
0.25,0.8125,0.4375,0.6064547499999999,0.7374701875,0.4326025
0.25,0.8125,0.5,0.597852125,0.7412765625000001,0.49662131249999997
0.25,0.8125,0.5625,0.5892495,0.7450829375000001,0.5606401249999999
0.25,0.8125,0.625,0.580646875,0.7488893125,0.6246589374999999
0.25,0.8125,0.6875,0.57204425,0.7526956875,0.68867775
0.25,0.8125,0.75,0.563441625,0.7565020625000001,0.7526965624999999
0.25,0.8125,0.8125,0.554839,0.7603084375000001,0.8167153749999999
0.25,0.8125,0.875,0.546236375,0.7641148125,0.8807341875
0.25,0.8125,0.9375,0.53763375,0.7679211875,0.944753
0.25,0.8125,1.0,0.5290311249999999,0.7717275625000001,1.0087718124999998
0.25,0.875,0.0,0.7091467499999999,0.763720125,-0.016579624999999997
0.25,0.875,0.0625,0.700544125,0.7675265,0.047439187499999994
0.25,0.875,0.125,0.6919415,0.7713328749999999,0.11145799999999999
0.25,0.875,0.1875,0.6833388749999999,0.77513925,0.1754768125
0.25,0.875,0.25,0.6747362499999999,0.778945625,0.239495625
0.25,0.875,0.3125,0.666133625,0.782752,0.30351443749999996
0.25,0.875,0.375,0.657531,0.7865583749999999,0.36753325
0.25,0.875,0.4375,0.6489283749999999,0.79036475,0.4315520625
0.25,0.875,0.5,0.6403257499999999,0.794171125,0.49557087499999997
0.25,0.875,0.5625,0.6317231249999999,0.7979775,0.5595896874999999
0.25,0.875,0.625,0.6231205,0.8017838749999999,0.6236084999999999
0.25,0.875,0.6875,0.614517875,0.80559025,0.6876273125
0.25,0.875,0.75,0.6059152499999999,0.809396625,0.7516461249999999
0.25,0.875,0.8125,0.5973126249999999,0.813203,0.8156649374999999
0.25,0.875,0.875,0.58871,0.8170093749999999,0.87968375
0.25,0.875,0.9375,0.580107375,0.82081575,0.9437025625
0.25,0.875,1.0,0.5715047499999999,0.824622125,1.0077213749999998
0.25,0.9375,0.0,0.7516203750000001,0.8166146875,-0.017630062499999998
0.25,0.9375,0.0625,0.7430177500000001,0.8204210625,0.04638874999999999
0.25,0.9375,0.125,0.7344151250000002,0.8242274374999999,0.11040756249999999
0.25,0.9375,0.1875,0.7258125000000001,0.8280338125,0.174426375
0.25,0.9375,0.25,0.7172098750000001,0.8318401875,0.2384451875
0.25,0.9375,0.3125,0.7086072500000001,0.8356465625,0.30246399999999996
0.25,0.9375,0.375,0.7000046250000002,0.8394529374999999,0.3664828125
0.25,0.9375,0.4375,0.6914020000000001,0.8432593125,0.430501625
0.25,0.9375,0.5,0.6827993750000001,0.8470656875,0.49452043749999997
0.25,0.9375,0.5625,0.6741967500000001,0.8508720625,0.5585392499999999
0.25,0.9375,0.625,0.6655941250000001,0.8546784374999999,0.6225580624999999
0.25,0.9375,0.6875,0.6569915000000002,0.8584848125,0.686576875
0.25,0.9375,0.75,0.6483888750000001,0.8622911875,0.7505956874999999
0.25,0.9375,0.8125,0.6397862500000001,0.8660975625,0.8146144999999999
0.25,0.9375,0.875,0.6311836250000001,0.8699039375,0.8786333125
0.25,0.9375,0.9375,0.6225810000000002,0.8737103125,0.942652125
0.25,0.9375,1.0,0.6139783750000001,0.8775166875,1.0066709374999998
0.25,1.0,0.0,0.7940940000000001,0.86950925,-0.0186805
0.25,1.0,0.0625,0.7854913750000001,0.873315625,0.04533831249999999
0.25,1.0,0.125,0.7768887500000001,0.877122,0.10935712499999999
0.25,1.0,0.1875,0.768286125,0.880928375,0.1733759375
0.25,1.0,0.25,0.7596835000000001,0.88473475,0.23739475
0.25,1.0,0.3125,0.7510808750000001,0.888541125,0.30141356249999995
0.25,1.0,0.375,0.7424782500000001,0.8923475,0.365432375
0.25,1.0,0.4375,0.733875625,0.896153875,0.4294511875
0.25,1.0,0.5,0.7252730000000001,0.89996025,0.49346999999999996
0.25,1.0,0.5625,0.7166703750000001,0.903766625,0.5574888124999999
0.25,1.0,0.625,0.7080677500000001,0.907573,0.6215076249999999
0.25,1.0,0.6875,0.6994651250000001,0.911379375,0.6855264375
0.25,1.0,0.75,0.6908625,0.91518575,0.7495452499999999
0.25,1.0,0.8125,0.6822598750000001,0.918992125,0.8135640624999999
0.25,1.0,0.875,0.6736572500000001,0.9227985,0.877582875
0.25,1.0,0.9375,0.6650546250000001,0.926604875,0.9416016875
0.25,1.0,1.0,0.656452,0.93041125,1.0056204999999998
0.3125,0.0,0.0,0.14314500000000002,0.028995312500000002,-0.0023418749999999998
0.3125,0.0,0.0625,0.13454237500000002,0.0328016875,0.061676937499999994
0.3125,0.0,0.125,0.12593975000000002,0.0366080625,0.12569575
0.3125,0.0,0.1875,0.11733712500000003,0.0404144375,0.1897145625
0.3125,0.0,0.25,0.10873450000000003,0.0442208125,0.253733375
0.3125,0.0,0.3125,0.10013187500000002,0.0480271875,0.31775218749999995
0.3125,0.0,0.375,0.09152925000000003,0.0518335625,0.38177099999999997
0.3125,0.0,0.4375,0.08292662500000003,0.0556399375,0.4457898125
0.3125,0.0,0.5,0.07432400000000003,0.0594463125,0.5098086249999999
0.3125,0.0,0.5625,0.06572137500000003,0.0632526875,0.5738274374999999
0.3125,0.0,0.625,0.057118750000000024,0.0670590625,0.6378462499999998
0.3125,0.0,0.6875,0.048516125000000035,0.0708654375,0.7018650624999999
0.3125,0.0,0.75,0.03991350000000003,0.07467181249999999,0.7658838749999999
0.3125,0.0,0.8125,0.03131087500000003,0.07847818749999999,0.8299026874999998
0.3125,0.0,0.875,0.02270825000000004,0.08228456249999999,0.8939214999999999
0.3125,0.0,0.9375,0.014105625000000038,0.08609093749999999,0.9579403124999999
0.3125,0.0,1.0,0.005503000000000036,0.08989731249999999,1.021959125
0.3125,0.0625,0.0,0.18561862500000004,0.081889875,-0.0033923124999999995
0.3125,0.0625,0.0625,0.17701600000000003,0.08569625,0.06062649999999999
0.3125,0.0625,0.125,0.16841337500000003,0.089502625,0.1246453125
0.3125,0.0625,0.1875,0.15981075000000003,0.093309,0.188664125
0.3125,0.0625,0.25,0.15120812500000003,0.097115375,0.2526829375
0.3125,0.0625,0.3125,0.14260550000000005,0.10092175,0.31670174999999995
0.3125,0.0625,0.375,0.13400287500000005,0.104728125,0.38072056249999997
0.3125,0.0625,0.4375,0.12540025000000005,0.1085345,0.444739375
0.3125,0.0625,0.5,0.11679762500000004,0.112340875,0.5087581874999999
0.3125,0.0625,0.5625,0.10819500000000004,0.11614725000000001,0.5727769999999999
0.3125,0.0625,0.625,0.09959237500000004,0.11995362500000001,0.6367958124999998
0.3125,0.0625,0.6875,0.09098975000000005,0.12376000000000001,0.7008146249999999
0.3125,0.0625,0.75,0.08238712500000005,0.127566375,0.7648334374999999
0.3125,0.0625,0.8125,0.07378450000000004,0.13137274999999998,0.8288522499999998
0.3125,0.0625,0.875,0.06518187500000006,0.135179125,0.8928710624999999
0.3125,0.0625,0.9375,0.05657925000000005,0.13898549999999998,0.9568898749999999
0.3125,0.0625,1.0,0.04797662500000005,0.142791875,1.0209086875
0.3125,0.125,0.0,0.22809225000000002,0.1347844375,-0.00444275
0.3125,0.125,0.0625,0.21948962500000002,0.1385908125,0.05957606249999999
0.3125,0.125,0.125,0.21088700000000002,0.1423971875,0.12359487499999999
0.3125,0.125,0.1875,0.20228437500000002,0.1462035625,0.1876136875
0.3125,0.125,0.25,0.19368175000000004,0.1500099375,0.2516325
0.3125,0.125,0.3125,0.185079125,0.1538163125,0.31565131249999995
0.3125,0.125,0.375,0.17647650000000004,0.1576226875,0.37967012499999997
0.3125,0.125,0.4375,0.16787387500000003,0.1614290625,0.4436889375
0.3125,0.125,0.5,0.15927125000000003,0.1652354375,0.5077077499999999
0.3125,0.125,0.5625,0.15066862500000003,0.1690418125,0.5717265624999999
0.3125,0.125,0.625,0.14206600000000003,0.1728481875,0.6357453749999998
0.3125,0.125,0.6875,0.13346337500000005,0.1766545625,0.6997641874999999
0.3125,0.125,0.75,0.12486075000000003,0.18046093749999997,0.7637829999999999
0.3125,0.125,0.8125,0.11625812500000003,0.1842673125,0.8278018124999998
0.3125,0.125,0.875,0.10765550000000004,0.18807368749999998,0.8918206249999999
0.3125,0.125,0.9375,0.09905287500000004,0.1918800625,0.9558394374999999
0.3125,0.125,1.0,0.09045025000000004,0.19568643749999998,1.01985825
0.3125,0.1875,0.0,0.270565875,0.187679,-0.0054931875
0.3125,0.1875,0.0625,0.26196325000000004,0.191485375,0.058525625
0.3125,0.1875,0.125,0.253360625,0.19529175000000001,0.12254443749999999
0.3125,0.1875,0.1875,0.244758,0.19909812500000001,0.18656324999999999
0.3125,0.1875,0.25,0.236155375,0.20290450000000002,0.2505820625
0.3125,0.1875,0.3125,0.22755275000000003,0.20671087500000002,0.31460087499999995
0.3125,0.1875,0.375,0.21895012500000002,0.21051725000000002,0.37861968749999997
0.3125,0.1875,0.4375,0.21034750000000002,0.21432362500000002,0.4426385
0.3125,0.1875,0.5,0.20174487500000002,0.21813000000000002,0.5066573124999999
0.3125,0.1875,0.5625,0.19314225000000002,0.22193637500000002,0.5706761249999999
0.3125,0.1875,0.625,0.184539625,0.22574275000000002,0.6346949374999998
0.3125,0.1875,0.6875,0.175937,0.22954912500000002,0.6987137499999999
0.3125,0.1875,0.75,0.16733437500000004,0.2333555,0.7627325624999999
0.3125,0.1875,0.8125,0.15873175,0.23716187500000002,0.8267513749999998
0.3125,0.1875,0.875,0.15012912500000003,0.24096825,0.8907701874999999
0.3125,0.1875,0.9375,0.14152650000000003,0.24477462500000002,0.9547889999999999
0.3125,0.1875,1.0,0.13292387500000002,0.248581,1.0188078125
0.3125,0.25,0.0,0.3130395,0.2405735625,-0.006543624999999999
0.3125,0.25,0.0625,0.30443687500000005,0.2443799375,0.0574751875
0.3125,0.25,0.125,0.29583425,0.2481863125,0.12149399999999999
0.3125,0.25,0.1875,0.28723162500000005,0.2519926875,0.18551281249999999
0.3125,0.25,0.25,0.278629,0.2557990625,0.24953162499999998
0.3125,0.25,0.3125,0.27002637500000004,0.2596054375,0.31355043749999995
0.3125,0.25,0.375,0.26142375,0.2634118125,0.37756924999999997
0.3125,0.25,0.4375,0.25282112500000004,0.2672181875,0.4415880625
0.3125,0.25,0.5,0.24421850000000003,0.2710245625,0.5056068749999999
0.3125,0.25,0.5625,0.23561587500000003,0.2748309375,0.5696256874999999
0.3125,0.25,0.625,0.22701325000000003,0.2786373125,0.6336444999999998
0.3125,0.25,0.6875,0.21841062500000002,0.2824436875,0.6976633124999999
0.3125,0.25,0.75,0.20980800000000005,0.2862500625,0.7616821249999999
0.3125,0.25,0.8125,0.20120537500000002,0.2900564375,0.8257009374999998
0.3125,0.25,0.875,0.19260275000000004,0.2938628125,0.8897197499999999
0.3125,0.25,0.9375,0.18400012500000004,0.2976691875,0.9537385624999999
0.3125,0.25,1.0,0.17539750000000004,0.3014755625,1.017757375
0.3125,0.3125,0.0,0.35551312500000004,0.29346812499999997,-0.0075940625
0.3125,0.3125,0.0625,0.34691050000000007,0.29727449999999994,0.056424749999999996
0.3125,0.3125,0.125,0.33830787500000004,0.30108087499999997,0.12044356249999999
0.3125,0.3125,0.1875,0.32970525000000006,0.30488724999999994,0.18446237499999998
0.3125,0.3125,0.25,0.32110262500000003,0.30869362499999997,0.24848118749999998
0.3125,0.3125,0.3125,0.31250000000000006,0.31249999999999994,0.31249999999999994
0.3125,0.3125,0.375,0.303897375,0.316306375,0.37651881249999997
0.3125,0.3125,0.4375,0.29529475000000005,0.32011274999999995,0.440537625
0.3125,0.3125,0.5,0.2866921250000001,0.323919125,0.5045564374999999
0.3125,0.3125,0.5625,0.27808950000000004,0.32772549999999995,0.5685752499999999
0.3125,0.3125,0.625,0.269486875,0.331531875,0.6325940624999998
0.3125,0.3125,0.6875,0.26088425000000004,0.33533824999999995,0.6966128749999999
0.3125,0.3125,0.75,0.25228162500000006,0.339144625,0.7606316874999999
0.3125,0.3125,0.8125,0.24367900000000003,0.34295099999999995,0.8246504999999998
0.3125,0.3125,0.875,0.23507637500000006,0.346757375,0.8886693124999999
0.3125,0.3125,0.9375,0.22647375000000006,0.35056374999999995,0.9526881249999999
0.3125,0.3125,1.0,0.21787112500000005,0.354370125,1.0167069375
0.3125,0.375,0.0,0.39798675,0.3463626875,-0.0086445
0.3125,0.375,0.0625,0.389384125,0.35016906249999996,0.055374312499999995
0.3125,0.375,0.125,0.3807815,0.3539754375,0.11939312499999999
0.3125,0.375,0.1875,0.372178875,0.35778181249999996,0.18341193749999998
0.3125,0.375,0.25,0.36357625,0.3615881875,0.24743074999999998
0.3125,0.375,0.3125,0.354973625,0.36539456249999996,0.31144956249999994
0.3125,0.375,0.375,0.346371,0.3692009375,0.37546837499999997
0.3125,0.375,0.4375,0.337768375,0.37300731249999997,0.4394871875
0.3125,0.375,0.5,0.32916575000000003,0.3768136875,0.503506
0.3125,0.375,0.5625,0.320563125,0.38062006249999997,0.5675248124999999
0.3125,0.375,0.625,0.3119605,0.3844264375,0.6315436249999999
0.3125,0.375,0.6875,0.303357875,0.38823281249999997,0.6955624375
0.3125,0.375,0.75,0.29475525,0.3920391875,0.7595812499999999
0.3125,0.375,0.8125,0.286152625,0.39584556249999997,0.8236000625
0.3125,0.375,0.875,0.27755,0.3996519375,0.887618875
0.3125,0.375,0.9375,0.268947375,0.40345831249999997,0.9516376874999999
0.3125,0.375,1.0,0.26034475,0.4072646875,1.0156565
0.3125,0.4375,0.0,0.440460375,0.39925724999999995,-0.009694937499999999
0.3125,0.4375,0.0625,0.43185775000000004,0.4030636249999999,0.054323874999999994
0.3125,0.4375,0.125,0.423255125,0.40686999999999995,0.11834268749999999
0.3125,0.4375,0.1875,0.41465250000000003,0.4106763749999999,0.18236149999999998
0.3125,0.4375,0.25,0.406049875,0.41448274999999996,0.24638031249999998
0.3125,0.4375,0.3125,0.39744725000000003,0.41828912499999993,0.31039912499999994
0.3125,0.4375,0.375,0.388844625,0.42209549999999996,0.37441793749999996
0.3125,0.4375,0.4375,0.380242,0.42590187499999993,0.43843675
0.3125,0.4375,0.5,0.371639375,0.42970824999999996,0.5024555625
0.3125,0.4375,0.5625,0.36303675,0.43351462499999993,0.566474375
0.3125,0.4375,0.625,0.35443412500000004,0.43732099999999996,0.6304931874999999
0.3125,0.4375,0.6875,0.3458315,0.44112737499999993,0.694512
0.3125,0.4375,0.75,0.33722887500000004,0.44493374999999996,0.7585308125
0.3125,0.4375,0.8125,0.32862625,0.44874012499999993,0.822549625
0.3125,0.4375,0.875,0.32002362500000003,0.45254649999999996,0.8865684375
0.3125,0.4375,0.9375,0.31142100000000006,0.45635287499999994,0.95058725
0.3125,0.4375,1.0,0.30281837500000003,0.46015924999999996,1.0146060625
0.3125,0.5,0.0,0.48293400000000003,0.45215181249999997,-0.010745375
0.3125,0.5,0.0625,0.47433137500000006,0.45595818749999995,0.05327343749999999
0.3125,0.5,0.125,0.46572875,0.4597645625,0.11729224999999999
0.3125,0.5,0.1875,0.45712612500000005,0.46357093749999995,0.18131106249999998
0.3125,0.5,0.25,0.4485235,0.4673773125,0.24532987499999998
0.3125,0.5,0.3125,0.43992087500000004,0.47118368749999995,0.30934868749999994
0.3125,0.5,0.375,0.43131825,0.4749900625,0.37336749999999996
0.3125,0.5,0.4375,0.42271562500000004,0.47879643749999995,0.4373863125
0.3125,0.5,0.5,0.41411300000000006,0.4826028125,0.501405125
0.3125,0.5,0.5625,0.40551037500000003,0.48640918749999995,0.5654239375
0.3125,0.5,0.625,0.39690775,0.4902155625,0.6294427499999999
0.3125,0.5,0.6875,0.38830512500000003,0.49402193749999995,0.6934615625
0.3125,0.5,0.75,0.37970250000000005,0.4978283125,0.757480375
0.3125,0.5,0.8125,0.371099875,0.5016346875,0.8214991875
0.3125,0.5,0.875,0.36249725000000005,0.5054410625,0.885518
0.3125,0.5,0.9375,0.353894625,0.5092474375,0.9495368125
0.3125,0.5,1.0,0.34529200000000004,0.5130538124999999,1.013555625
0.3125,0.5625,0.0,0.525407625,0.505046375,-0.011795812499999999
0.3125,0.5625,0.0625,0.5168050000000001,0.5088527500000001,0.05222299999999999
0.3125,0.5625,0.125,0.5082023750000001,0.512659125,0.11624181249999999
0.3125,0.5625,0.1875,0.49959975000000006,0.5164655,0.18026062499999998
0.3125,0.5625,0.25,0.49099712500000003,0.520271875,0.24427943749999997
0.3125,0.5625,0.3125,0.48239450000000006,0.5240782500000001,0.30829824999999994
0.3125,0.5625,0.375,0.47379187500000003,0.527884625,0.37231706249999996
0.3125,0.5625,0.4375,0.46518925000000005,0.531691,0.436335875
0.3125,0.5625,0.5,0.456586625,0.535497375,0.5003546875
0.3125,0.5625,0.5625,0.44798400000000005,0.5393037500000001,0.5643735
0.3125,0.5625,0.625,0.4393813750000001,0.543110125,0.6283923124999999
0.3125,0.5625,0.6875,0.43077875000000004,0.5469165,0.692411125
0.3125,0.5625,0.75,0.42217612500000007,0.5507228750000001,0.7564299375
0.3125,0.5625,0.8125,0.41357350000000004,0.5545292500000001,0.82044875
0.3125,0.5625,0.875,0.40497087500000006,0.558335625,0.8844675625
0.3125,0.5625,0.9375,0.3963682500000001,0.562142,0.948486375
0.3125,0.5625,1.0,0.38776562500000006,0.5659483750000001,1.0125051875
0.3125,0.625,0.0,0.5678812500000001,0.5579409375,-0.01284625
0.3125,0.625,0.0625,0.5592786250000001,0.5617473125,0.05117256249999999
0.3125,0.625,0.125,0.5506760000000002,0.5655536874999999,0.11519137499999998
0.3125,0.625,0.1875,0.5420733750000001,0.5693600624999999,0.17921018749999998
0.3125,0.625,0.25,0.5334707500000001,0.5731664375,0.24322899999999997
0.3125,0.625,0.3125,0.5248681250000001,0.5769728125,0.30724781249999994
0.3125,0.625,0.375,0.5162655000000002,0.5807791874999999,0.37126662499999996
0.3125,0.625,0.4375,0.5076628750000001,0.5845855624999999,0.4352854375
0.3125,0.625,0.5,0.4990602500000001,0.5883919375,0.49930424999999995
0.3125,0.625,0.5625,0.4904576250000001,0.5921983125,0.5633230625
0.3125,0.625,0.625,0.48185500000000014,0.5960046874999999,0.6273418749999999
0.3125,0.625,0.6875,0.4732523750000001,0.5998110624999999,0.6913606875
0.3125,0.625,0.75,0.46464975000000014,0.6036174375,0.7553795
0.3125,0.625,0.8125,0.4560471250000001,0.6074238125,0.8193983125
0.3125,0.625,0.875,0.44744450000000013,0.6112301874999999,0.883417125
0.3125,0.625,0.9375,0.43884187500000016,0.6150365624999999,0.9474359375
0.3125,0.625,1.0,0.43023925000000013,0.6188429375,1.01145475
0.3125,0.6875,0.0,0.6103548750000001,0.6108355,-0.0138966875
0.3125,0.6875,0.0625,0.6017522500000001,0.614641875,0.050122125
0.3125,0.6875,0.125,0.5931496250000001,0.6184482499999999,0.11414093749999998
0.3125,0.6875,0.1875,0.584547,0.622254625,0.17815974999999998
0.3125,0.6875,0.25,0.5759443750000001,0.626061,0.24217856249999997
0.3125,0.6875,0.3125,0.5673417500000001,0.629867375,0.30619737499999994
0.3125,0.6875,0.375,0.5587391250000001,0.6336737499999999,0.37021618749999996
0.3125,0.6875,0.4375,0.5501365,0.637480125,0.434235
0.3125,0.6875,0.5,0.541533875,0.6412865,0.49825381249999995
0.3125,0.6875,0.5625,0.5329312500000001,0.645092875,0.562272625
0.3125,0.6875,0.625,0.5243286250000001,0.6488992499999999,0.6262914374999999
0.3125,0.6875,0.6875,0.5157260000000001,0.652705625,0.69031025
0.3125,0.6875,0.75,0.507123375,0.656512,0.7543290625
0.3125,0.6875,0.8125,0.49852075000000007,0.660318375,0.818347875
0.3125,0.6875,0.875,0.4899181250000001,0.6641247499999999,0.8823666875
0.3125,0.6875,0.9375,0.4813155000000001,0.667931125,0.9463855
0.3125,0.6875,1.0,0.4727128750000001,0.6717375,1.0104043125
0.3125,0.75,0.0,0.6528285,0.6637300625,-0.014947124999999999
0.3125,0.75,0.0625,0.6442258750000001,0.6675364375,0.049071687499999996
0.3125,0.75,0.125,0.6356232500000001,0.6713428124999999,0.11309049999999998
0.3125,0.75,0.1875,0.627020625,0.6751491875,0.17710931249999998
0.3125,0.75,0.25,0.618418,0.6789555625,0.24112812499999997
0.3125,0.75,0.3125,0.609815375,0.6827619375,0.30514693749999994
0.3125,0.75,0.375,0.6012127500000001,0.6865683124999999,0.36916574999999996
0.3125,0.75,0.4375,0.592610125,0.6903746875,0.4331845625
0.3125,0.75,0.5,0.5840075,0.6941810625,0.49720337499999995
0.3125,0.75,0.5625,0.575404875,0.6979874375,0.5612221875
0.3125,0.75,0.625,0.5668022500000001,0.7017938125,0.6252409999999999
0.3125,0.75,0.6875,0.5581996250000001,0.7056001875,0.6892598125
0.3125,0.75,0.75,0.549597,0.7094065625,0.753278625
0.3125,0.75,0.8125,0.540994375,0.7132129375,0.8172974375
0.3125,0.75,0.875,0.53239175,0.7170193125,0.88131625
0.3125,0.75,0.9375,0.5237891250000001,0.7208256875,0.9453350625
0.3125,0.75,1.0,0.5151865,0.7246320625,1.009353875
0.3125,0.8125,0.0,0.695302125,0.716624625,-0.0159975625
0.3125,0.8125,0.0625,0.6866995,0.720431,0.048021249999999994
0.3125,0.8125,0.125,0.678096875,0.724237375,0.11204006249999998
0.3125,0.8125,0.1875,0.66949425,0.72804375,0.17605887499999998
0.3125,0.8125,0.25,0.660891625,0.731850125,0.24007768749999997
0.3125,0.8125,0.3125,0.652289,0.7356565,0.30409649999999994
0.3125,0.8125,0.375,0.643686375,0.739462875,0.36811531249999996
0.3125,0.8125,0.4375,0.63508375,0.74326925,0.432134125
0.3125,0.8125,0.5,0.626481125,0.747075625,0.49615293749999995
0.3125,0.8125,0.5625,0.6178785,0.750882,0.56017175
0.3125,0.8125,0.625,0.609275875,0.754688375,0.6241905624999999
0.3125,0.8125,0.6875,0.60067325,0.75849475,0.688209375
0.3125,0.8125,0.75,0.592070625,0.762301125,0.7522281875
0.3125,0.8125,0.8125,0.583468,0.7661075,0.816247
0.3125,0.8125,0.875,0.574865375,0.769913875,0.8802658125
0.3125,0.8125,0.9375,0.56626275,0.77372025,0.944284625
0.3125,0.8125,1.0,0.557660125,0.777526625,1.0083034375
0.3125,0.875,0.0,0.73777575,0.7695191874999999,-0.017047999999999997
0.3125,0.875,0.0625,0.729173125,0.7733255625,0.0469708125
0.3125,0.875,0.125,0.7205705,0.7771319374999999,0.110989625
0.3125,0.875,0.1875,0.7119678749999999,0.7809383124999999,0.17500843749999997
0.3125,0.875,0.25,0.7033652499999999,0.7847446874999999,0.23902724999999997
0.3125,0.875,0.3125,0.694762625,0.7885510625,0.30304606249999994
0.3125,0.875,0.375,0.68616,0.7923574374999999,0.36706487499999996
0.3125,0.875,0.4375,0.6775573749999999,0.7961638124999999,0.4310836875
0.3125,0.875,0.5,0.6689547499999999,0.7999701874999999,0.49510249999999995
0.3125,0.875,0.5625,0.660352125,0.8037765625,0.5591213125
0.3125,0.875,0.625,0.6517495,0.8075829374999999,0.6231401249999999
0.3125,0.875,0.6875,0.643146875,0.8113893124999999,0.6871589375
0.3125,0.875,0.75,0.6345442499999999,0.8151956874999999,0.75117775
0.3125,0.875,0.8125,0.625941625,0.8190020625,0.8151965624999999
0.3125,0.875,0.875,0.617339,0.8228084374999999,0.879215375
0.3125,0.875,0.9375,0.608736375,0.8266148124999999,0.9432341875
0.3125,0.875,1.0,0.6001337499999999,0.8304211874999999,1.007253
0.3125,0.9375,0.0,0.7802493750000001,0.8224137499999999,-0.018098437499999998
0.3125,0.9375,0.0625,0.7716467500000002,0.826220125,0.045920375
0.3125,0.9375,0.125,0.7630441250000002,0.8300264999999999,0.1099391875
0.3125,0.9375,0.1875,0.7544415000000001,0.8338328749999999,0.17395799999999997
0.3125,0.9375,0.25,0.7458388750000001,0.83763925,0.23797681249999997
0.3125,0.9375,0.3125,0.7372362500000001,0.841445625,0.30199562499999993
0.3125,0.9375,0.375,0.7286336250000002,0.8452519999999999,0.36601443749999996
0.3125,0.9375,0.4375,0.7200310000000001,0.8490583749999999,0.43003325
0.3125,0.9375,0.5,0.7114283750000001,0.85286475,0.49405206249999994
0.3125,0.9375,0.5625,0.7028257500000001,0.856671125,0.558070875
0.3125,0.9375,0.625,0.6942231250000002,0.8604774999999999,0.6220896874999999
0.3125,0.9375,0.6875,0.6856205000000002,0.8642838749999999,0.6861085
0.3125,0.9375,0.75,0.6770178750000001,0.86809025,0.7501273125
0.3125,0.9375,0.8125,0.6684152500000001,0.871896625,0.8141461249999999
0.3125,0.9375,0.875,0.6598126250000002,0.8757029999999999,0.8781649375
0.3125,0.9375,0.9375,0.6512100000000002,0.8795093749999999,0.94218375
0.3125,0.9375,1.0,0.6426073750000001,0.88331575,1.0062025625
0.3125,1.0,0.0,0.8227230000000001,0.8753083125,-0.019148875
0.3125,1.0,0.0625,0.8141203750000001,0.8791146875,0.0448699375
0.3125,1.0,0.125,0.8055177500000001,0.8829210624999999,0.10888874999999999
0.3125,1.0,0.1875,0.7969151250000001,0.8867274374999999,0.17290756249999997
0.3125,1.0,0.25,0.7883125000000001,0.8905338125,0.23692637499999997
0.3125,1.0,0.3125,0.7797098750000001,0.8943401875,0.30094518749999993
0.3125,1.0,0.375,0.7711072500000001,0.8981465624999999,0.36496399999999996
0.3125,1.0,0.4375,0.762504625,0.9019529374999999,0.4289828125
0.3125,1.0,0.5,0.7539020000000001,0.9057593125,0.49300162499999994
0.3125,1.0,0.5625,0.7452993750000001,0.9095656875,0.5570204375
0.3125,1.0,0.625,0.7366967500000001,0.9133720624999999,0.6210392499999999
0.3125,1.0,0.6875,0.7280941250000001,0.9171784374999999,0.6850580625
0.3125,1.0,0.75,0.7194915000000001,0.9209848125,0.749076875
0.3125,1.0,0.8125,0.7108888750000001,0.9247911875,0.8130956874999999
0.3125,1.0,0.875,0.7022862500000001,0.9285975624999999,0.8771145
0.3125,1.0,0.9375,0.6936836250000001,0.9324039375,0.9411333125
0.3125,1.0,1.0,0.685081,0.9362103125,1.005152125
0.375,0.0,0.0,0.171774,0.034794375,-0.00281025
0.375,0.0,0.0625,0.163171375,0.03860075,0.061208562499999994
0.375,0.0,0.125,0.15456875,0.042407125000000004,0.125227375
0.375,0.0,0.1875,0.145966125,0.046213500000000005,0.1892461875
0.375,0.0,0.25,0.13736350000000003,0.050019875000000005,0.25326499999999996
0.375,0.0,0.3125,0.128760875,0.053826250000000006,0.31728381249999993
0.375,0.0,0.375,0.12015825000000002,0.057632625,0.38130262499999995
0.375,0.0,0.4375,0.11155562500000002,0.061439,0.4453214375
0.375,0.0,0.5,0.10295300000000002,0.065245375,0.5093402499999999
0.375,0.0,0.5625,0.09435037500000001,0.06905175,0.5733590624999999
0.375,0.0,0.625,0.08574775000000001,0.072858125,0.6373778749999999
0.375,0.0,0.6875,0.07714512500000002,0.0766645,0.7013966875
0.375,0.0,0.75,0.06854250000000002,0.080470875,0.7654154999999999
0.375,0.0,0.8125,0.05993987500000002,0.08427725,0.8294343124999999
0.375,0.0,0.875,0.05133725000000003,0.088083625,0.893453125
0.375,0.0,0.9375,0.042734625000000026,0.09189,0.9574719374999999
0.375,0.0,1.0,0.03413200000000002,0.095696375,1.02149075
0.375,0.0625,0.0,0.214247625,0.08768893750000001,-0.0038606874999999995
0.375,0.0625,0.0625,0.205645,0.09149531250000001,0.06015812499999999
0.375,0.0625,0.125,0.197042375,0.09530168750000001,0.12417693749999999
0.375,0.0625,0.1875,0.18843975,0.09910806250000001,0.18819575
0.375,0.0625,0.25,0.179837125,0.10291443750000001,0.25221456249999996
0.375,0.0625,0.3125,0.1712345,0.10672081250000001,0.3162333749999999
0.375,0.0625,0.375,0.162631875,0.11052718750000001,0.38025218749999995
0.375,0.0625,0.4375,0.15402925,0.11433356250000001,0.44427099999999997
0.375,0.0625,0.5,0.145426625,0.11813993750000001,0.5082898124999999
0.375,0.0625,0.5625,0.136824,0.12194631250000001,0.5723086249999999
0.375,0.0625,0.625,0.128221375,0.12575268750000002,0.6363274374999999
0.375,0.0625,0.6875,0.11961875000000001,0.12955906250000002,0.70034625
0.375,0.0625,0.75,0.11101612500000001,0.13336543750000002,0.7643650624999999
0.375,0.0625,0.8125,0.1024135,0.1371718125,0.8283838749999999
0.375,0.0625,0.875,0.09381087500000002,0.14097818750000002,0.8924026875
0.375,0.0625,0.9375,0.08520825000000001,0.1447845625,0.9564214999999999
0.375,0.0625,1.0,0.07660562500000001,0.14859093750000002,1.0204403125
0.375,0.125,0.0,0.25672125,0.1405835,-0.004911125
0.375,0.125,0.0625,0.248118625,0.144389875,0.05910768749999999
0.375,0.125,0.125,0.239516,0.14819625,0.12312649999999999
0.375,0.125,0.1875,0.230913375,0.152002625,0.1871453125
0.375,0.125,0.25,0.22231075,0.155809,0.25116412499999996
0.375,0.125,0.3125,0.21370812500000003,0.159615375,0.3151829374999999
0.375,0.125,0.375,0.20510550000000002,0.16342175,0.37920174999999995
0.375,0.125,0.4375,0.19650287500000002,0.167228125,0.44322056249999997
0.375,0.125,0.5,0.18790025000000002,0.1710345,0.5072393749999999
0.375,0.125,0.5625,0.17929762500000002,0.174840875,0.5712581874999999
0.375,0.125,0.625,0.170695,0.17864725,0.6352769999999999
0.375,0.125,0.6875,0.162092375,0.182453625,0.6992958125
0.375,0.125,0.75,0.15348975000000004,0.18625999999999998,0.7633146249999999
0.375,0.125,0.8125,0.144887125,0.190066375,0.8273334374999999
0.375,0.125,0.875,0.13628450000000003,0.19387274999999998,0.89135225
0.375,0.125,0.9375,0.12768187500000003,0.197679125,0.9553710624999999
0.375,0.125,1.0,0.11907925000000003,0.20148549999999998,1.019389875
0.375,0.1875,0.0,0.29919487499999997,0.1934780625,-0.0059615625
0.375,0.1875,0.0625,0.29059225,0.1972844375,0.05805724999999999
0.375,0.1875,0.125,0.28198962499999997,0.2010908125,0.12207606249999998
0.375,0.1875,0.1875,0.273387,0.2048971875,0.186094875
0.375,0.1875,0.25,0.26478437499999996,0.2087035625,0.25011368749999996
0.375,0.1875,0.3125,0.25618175,0.2125099375,0.3141324999999999
0.375,0.1875,0.375,0.24757912499999998,0.2163163125,0.37815131249999995
0.375,0.1875,0.4375,0.23897649999999998,0.2201226875,0.44217012499999997
0.375,0.1875,0.5,0.23037387499999998,0.2239290625,0.5061889374999999
0.375,0.1875,0.5625,0.22177124999999998,0.2277354375,0.5702077499999999
0.375,0.1875,0.625,0.21316862499999997,0.2315418125,0.6342265624999999
0.375,0.1875,0.6875,0.20456599999999997,0.2353481875,0.698245375
0.375,0.1875,0.75,0.195963375,0.2391545625,0.7622641874999999
0.375,0.1875,0.8125,0.18736074999999996,0.24296093749999997,0.8262829999999999
0.375,0.1875,0.875,0.178758125,0.2467673125,0.8903018125
0.375,0.1875,0.9375,0.1701555,0.2505736875,0.9543206249999999
0.375,0.1875,1.0,0.16155287499999998,0.2543800625,1.0183394374999999
0.375,0.25,0.0,0.34166850000000004,0.246372625,-0.007011999999999999
0.375,0.25,0.0625,0.33306587500000007,0.250179,0.0570068125
0.375,0.25,0.125,0.32446325000000004,0.253985375,0.12102562499999998
0.375,0.25,0.1875,0.31586062500000006,0.25779175,0.1850444375
0.375,0.25,0.25,0.30725800000000003,0.261598125,0.24906324999999999
0.375,0.25,0.3125,0.29865537500000006,0.2654045,0.3130820624999999
0.375,0.25,0.375,0.29005275,0.269210875,0.37710087499999995
0.375,0.25,0.4375,0.28145012500000005,0.27301725,0.44111968749999997
0.375,0.25,0.5,0.2728475,0.276823625,0.5051384999999999
0.375,0.25,0.5625,0.26424487500000005,0.28063,0.5691573124999999
0.375,0.25,0.625,0.25564225000000007,0.284436375,0.6331761249999999
0.375,0.25,0.6875,0.24703962500000004,0.28824275,0.6971949375
0.375,0.25,0.75,0.23843700000000007,0.292049125,0.7612137499999999
0.375,0.25,0.8125,0.22983437500000004,0.2958555,0.8252325624999999
0.375,0.25,0.875,0.22123175000000006,0.299661875,0.889251375
0.375,0.25,0.9375,0.21262912500000006,0.30346825,0.9532701874999999
0.375,0.25,1.0,0.20402650000000006,0.307274625,1.0172889999999999
0.375,0.3125,0.0,0.384142125,0.2992671875,-0.0080624375
0.375,0.3125,0.0625,0.3755395,0.30307356249999995,0.055956374999999996
0.375,0.3125,0.125,0.366936875,0.3068799375,0.11997518749999998
0.375,0.3125,0.1875,0.35833425,0.31068631249999995,0.183994
0.375,0.3125,0.25,0.349731625,0.3144926875,0.24801281249999999
0.375,0.3125,0.3125,0.341129,0.31829906249999995,0.3120316249999999
0.375,0.3125,0.375,0.332526375,0.3221054375,0.37605043749999995
0.375,0.3125,0.4375,0.32392375,0.32591181249999995,0.44006924999999997
0.375,0.3125,0.5,0.315321125,0.3297181875,0.5040880624999999
0.375,0.3125,0.5625,0.3067185,0.33352456249999995,0.5681068749999999
0.375,0.3125,0.625,0.29811587500000003,0.3373309375,0.6321256874999999
0.375,0.3125,0.6875,0.28951325,0.34113731249999996,0.6961444999999999
0.375,0.3125,0.75,0.280910625,0.3449436875,0.7601633124999999
0.375,0.3125,0.8125,0.272308,0.34875006249999996,0.8241821249999999
0.375,0.3125,0.875,0.263705375,0.3525564375,0.8882009375
0.375,0.3125,0.9375,0.25510275000000004,0.35636281249999996,0.9522197499999999
0.375,0.3125,1.0,0.24650012500000001,0.3601691875,1.0162385624999999
0.375,0.375,0.0,0.42661574999999996,0.35216175,-0.009112875
0.375,0.375,0.0625,0.418013125,0.35596812499999997,0.054905937499999995
0.375,0.375,0.125,0.40941049999999996,0.3597745,0.11892475
0.375,0.375,0.1875,0.400807875,0.36358087499999997,0.1829435625
0.375,0.375,0.25,0.39220524999999995,0.36738725,0.24696237499999998
0.375,0.375,0.3125,0.383602625,0.37119362499999997,0.3109811874999999
0.375,0.375,0.375,0.37499999999999994,0.375,0.37499999999999994
0.375,0.375,0.4375,0.36639737499999997,0.378806375,0.43901881249999997
0.375,0.375,0.5,0.35779474999999994,0.38261275,0.5030376249999999
0.375,0.375,0.5625,0.34919212499999996,0.386419125,0.5670564374999999
0.375,0.375,0.625,0.3405895,0.3902255,0.6310752499999999
0.375,0.375,0.6875,0.33198687499999996,0.394031875,0.6950940624999999
0.375,0.375,0.75,0.32338425,0.39783825,0.7591128749999999
0.375,0.375,0.8125,0.31478162499999995,0.401644625,0.8231316874999999
0.375,0.375,0.875,0.306179,0.405451,0.8871505
0.375,0.375,0.9375,0.297576375,0.409257375,0.9511693124999999
0.375,0.375,1.0,0.28897375,0.41306375,1.0151881249999999
0.375,0.4375,0.0,0.46908937500000003,0.40505631249999996,-0.010163312499999999
0.375,0.4375,0.0625,0.46048675000000006,0.40886268749999993,0.053855499999999994
0.375,0.4375,0.125,0.451884125,0.41266906249999996,0.1178743125
0.375,0.4375,0.1875,0.44328150000000005,0.41647543749999993,0.181893125
0.375,0.4375,0.25,0.434678875,0.42028181249999996,0.24591193749999998
0.375,0.4375,0.3125,0.42607625000000005,0.42408818749999994,0.3099307499999999
0.375,0.4375,0.375,0.417473625,0.42789456249999996,0.37394956249999994
0.375,0.4375,0.4375,0.40887100000000004,0.43170093749999994,0.43796837499999997
0.375,0.4375,0.5,0.400268375,0.43550731249999997,0.5019871874999999
0.375,0.4375,0.5625,0.39166575000000003,0.43931368749999994,0.5660059999999999
0.375,0.4375,0.625,0.38306312500000006,0.44312006249999997,0.6300248124999999
0.375,0.4375,0.6875,0.37446050000000003,0.44692643749999994,0.6940436249999999
0.375,0.4375,0.75,0.36585787500000005,0.45073281249999997,0.7580624374999999
0.375,0.4375,0.8125,0.35725525,0.45453918749999994,0.8220812499999999
0.375,0.4375,0.875,0.34865262500000005,0.45834556249999997,0.8861000625
0.375,0.4375,0.9375,0.3400500000000001,0.46215193749999994,0.9501188749999999
0.375,0.4375,1.0,0.33144737500000004,0.46595831249999997,1.0141376874999999
0.375,0.5,0.0,0.511563,0.457950875,-0.01121375
0.375,0.5,0.0625,0.502960375,0.46175724999999995,0.05280506249999999
0.375,0.5,0.125,0.49435775,0.465563625,0.116823875
0.375,0.5,0.1875,0.485755125,0.46936999999999995,0.1808426875
0.375,0.5,0.25,0.4771525,0.473176375,0.24486149999999998
0.375,0.5,0.3125,0.468549875,0.47698274999999996,0.3088803124999999
0.375,0.5,0.375,0.45994725,0.480789125,0.37289912499999994
0.375,0.5,0.4375,0.451344625,0.48459549999999996,0.43691793749999996
0.375,0.5,0.5,0.44274199999999997,0.488401875,0.5009367499999999
0.375,0.5,0.5625,0.434139375,0.49220824999999996,0.5649555624999999
0.375,0.5,0.625,0.42553675,0.496014625,0.6289743749999999
0.375,0.5,0.6875,0.416934125,0.49982099999999996,0.6929931874999999
0.375,0.5,0.75,0.4083315,0.503627375,0.7570119999999999
0.375,0.5,0.8125,0.399728875,0.50743375,0.8210308124999999
0.375,0.5,0.875,0.39112625,0.5112401249999999,0.885049625
0.375,0.5,0.9375,0.38252362500000003,0.5150465,0.9490684374999999
0.375,0.5,1.0,0.373921,0.518852875,1.0130872499999999
0.375,0.5625,0.0,0.5540366250000001,0.5108454375,-0.012264187499999999
0.375,0.5625,0.0625,0.5454340000000001,0.5146518125,0.051754625
0.375,0.5625,0.125,0.5368313750000001,0.5184581875,0.11577343749999999
0.375,0.5625,0.1875,0.52822875,0.5222645625,0.17979225
0.375,0.5625,0.25,0.519626125,0.5260709375,0.24381106249999998
0.375,0.5625,0.3125,0.5110235000000001,0.5298773125,0.3078298749999999
0.375,0.5625,0.375,0.5024208750000001,0.5336836875,0.37184868749999994
0.375,0.5625,0.4375,0.49381825000000007,0.5374900625,0.43586749999999996
0.375,0.5625,0.5,0.48521562500000004,0.5412964375,0.49988631249999993
0.375,0.5625,0.5625,0.47661300000000006,0.5451028125,0.5639051249999999
0.375,0.5625,0.625,0.4680103750000001,0.5489091875,0.6279239374999999
0.375,0.5625,0.6875,0.45940775000000006,0.5527155625,0.6919427499999999
0.375,0.5625,0.75,0.4508051250000001,0.5565219375,0.7559615624999999
0.375,0.5625,0.8125,0.44220250000000005,0.5603283125,0.8199803749999999
0.375,0.5625,0.875,0.4335998750000001,0.5641346875,0.8839991875
0.375,0.5625,0.9375,0.4249972500000001,0.5679410625,0.9480179999999999
0.375,0.5625,1.0,0.4163946250000001,0.5717474375,1.0120368124999999
0.375,0.625,0.0,0.59651025,0.56374,-0.013314625
0.375,0.625,0.0625,0.587907625,0.567546375,0.0507041875
0.375,0.625,0.125,0.5793050000000001,0.57135275,0.11472299999999999
0.375,0.625,0.1875,0.570702375,0.575159125,0.17874181249999999
0.375,0.625,0.25,0.56209975,0.5789655,0.24276062499999998
0.375,0.625,0.3125,0.553497125,0.582771875,0.3067794374999999
0.375,0.625,0.375,0.5448945000000001,0.58657825,0.37079824999999994
0.375,0.625,0.4375,0.5362918750000001,0.590384625,0.43481706249999996
0.375,0.625,0.5,0.52768925,0.594191,0.49883587499999993
0.375,0.625,0.5625,0.519086625,0.597997375,0.5628546874999999
0.375,0.625,0.625,0.510484,0.60180375,0.6268734999999999
0.375,0.625,0.6875,0.5018813750000001,0.605610125,0.6908923124999999
0.375,0.625,0.75,0.49327875000000004,0.6094165,0.7549111249999999
0.375,0.625,0.8125,0.484676125,0.6132228750000001,0.8189299374999999
0.375,0.625,0.875,0.47607350000000004,0.61702925,0.88294875
0.375,0.625,0.9375,0.46747087500000006,0.620835625,0.9469675624999999
0.375,0.625,1.0,0.45886825000000003,0.624642,1.0109863749999999
0.375,0.6875,0.0,0.638983875,0.6166345625,-0.0143650625
0.375,0.6875,0.0625,0.63038125,0.6204409375000001,0.049653749999999997
0.375,0.6875,0.125,0.621778625,0.6242473125,0.11367256249999999
0.375,0.6875,0.1875,0.6131759999999999,0.6280536875,0.17769137499999998
0.375,0.6875,0.25,0.604573375,0.6318600625,0.24171018749999998
0.375,0.6875,0.3125,0.59597075,0.6356664375000001,0.3057289999999999
0.375,0.6875,0.375,0.587368125,0.6394728125,0.36974781249999994
0.375,0.6875,0.4375,0.5787655,0.6432791875,0.43376662499999996
0.375,0.6875,0.5,0.570162875,0.6470855625,0.4977854374999999
0.375,0.6875,0.5625,0.56156025,0.6508919375000001,0.5618042499999999
0.375,0.6875,0.625,0.552957625,0.6546983125,0.6258230624999999
0.375,0.6875,0.6875,0.544355,0.6585046875,0.6898418749999999
0.375,0.6875,0.75,0.535752375,0.6623110625,0.7538606874999999
0.375,0.6875,0.8125,0.52714975,0.6661174375000001,0.8178794999999999
0.375,0.6875,0.875,0.518547125,0.6699238125,0.8818983125
0.375,0.6875,0.9375,0.5099445,0.6737301875,0.9459171249999999
0.375,0.6875,1.0,0.501341875,0.6775365625,1.0099359374999999
0.375,0.75,0.0,0.6814574999999999,0.6695291250000001,-0.015415499999999999
0.375,0.75,0.0625,0.672854875,0.6733355000000001,0.048603312499999995
0.375,0.75,0.125,0.66425225,0.677141875,0.11262212499999999
0.375,0.75,0.1875,0.6556496249999999,0.68094825,0.17664093749999998
0.375,0.75,0.25,0.6470469999999999,0.6847546250000001,0.24065974999999998
0.375,0.75,0.3125,0.638444375,0.6885610000000001,0.3046785624999999
0.375,0.75,0.375,0.62984175,0.692367375,0.368697375
0.375,0.75,0.4375,0.621239125,0.69617375,0.43271618749999996
0.375,0.75,0.5,0.6126364999999999,0.6999801250000001,0.4967349999999999
0.375,0.75,0.5625,0.6040338749999999,0.7037865000000001,0.5607538124999999
0.375,0.75,0.625,0.59543125,0.707592875,0.6247726249999999
0.375,0.75,0.6875,0.586828625,0.71139925,0.6887914374999999
0.375,0.75,0.75,0.5782259999999999,0.7152056250000001,0.7528102499999999
0.375,0.75,0.8125,0.5696233749999999,0.7190120000000001,0.8168290624999999
0.375,0.75,0.875,0.56102075,0.722818375,0.880847875
0.375,0.75,0.9375,0.552418125,0.72662475,0.9448666874999999
0.375,0.75,1.0,0.5438155,0.7304311250000001,1.0088854999999999
0.375,0.8125,0.0,0.723931125,0.7224236875000001,-0.0164659375
0.375,0.8125,0.0625,0.7153285,0.7262300625000001,0.047552874999999994
0.375,0.8125,0.125,0.7067258750000001,0.7300364375,0.11157168749999999
0.375,0.8125,0.1875,0.69812325,0.7338428125,0.17559049999999998
0.375,0.8125,0.25,0.689520625,0.7376491875000001,0.23960931249999998
0.375,0.8125,0.3125,0.680918,0.7414555625000001,0.3036281249999999
0.375,0.8125,0.375,0.672315375,0.7452619375,0.3676469375
0.375,0.8125,0.4375,0.66371275,0.7490683125,0.43166574999999996
0.375,0.8125,0.5,0.655110125,0.7528746875000001,0.4956845624999999
0.375,0.8125,0.5625,0.6465075,0.7566810625000001,0.5597033749999999
0.375,0.8125,0.625,0.637904875,0.7604874375,0.6237221874999999
0.375,0.8125,0.6875,0.6293022500000001,0.7642938125000001,0.6877409999999999
0.375,0.8125,0.75,0.620699625,0.7681001875000001,0.7517598124999999
0.375,0.8125,0.8125,0.612097,0.7719065625000001,0.8157786249999999
0.375,0.8125,0.875,0.603494375,0.7757129375,0.8797974375
0.375,0.8125,0.9375,0.59489175,0.7795193125000001,0.9438162499999999
0.375,0.8125,1.0,0.586289125,0.7833256875000001,1.0078350624999999
0.375,0.875,0.0,0.76640475,0.77531825,-0.017516374999999997
0.375,0.875,0.0625,0.757802125,0.779124625,0.04650243749999999
0.375,0.875,0.125,0.7491995,0.7829309999999999,0.11052124999999999
0.375,0.875,0.1875,0.7405968749999999,0.786737375,0.17454006249999998
0.375,0.875,0.25,0.73199425,0.79054375,0.23855887499999998
0.375,0.875,0.3125,0.723391625,0.794350125,0.30257768749999997
0.375,0.875,0.375,0.714789,0.7981564999999999,0.3665965
0.375,0.875,0.4375,0.7061863749999999,0.801962875,0.4306153125
0.375,0.875,0.5,0.69758375,0.80576925,0.494634125
0.375,0.875,0.5625,0.688981125,0.809575625,0.5586529374999999
0.375,0.875,0.625,0.6803785,0.8133819999999999,0.6226717499999999
0.375,0.875,0.6875,0.671775875,0.817188375,0.6866905624999999
0.375,0.875,0.75,0.6631732499999999,0.82099475,0.7507093749999999
0.375,0.875,0.8125,0.654570625,0.824801125,0.8147281874999999
0.375,0.875,0.875,0.645968,0.8286074999999999,0.878747
0.375,0.875,0.9375,0.637365375,0.832413875,0.9427658124999999
0.375,0.875,1.0,0.6287627499999999,0.83622025,1.0067846249999999
0.375,0.9375,0.0,0.808878375,0.8282128125,-0.018566812499999998
0.375,0.9375,0.0625,0.8002757500000001,0.8320191875,0.04545199999999999
0.375,0.9375,0.125,0.7916731250000001,0.8358255625,0.10947081249999999
0.375,0.9375,0.1875,0.7830705,0.8396319375,0.17348962499999998
0.375,0.9375,0.25,0.774467875,0.8434383125,0.23750843749999997
0.375,0.9375,0.3125,0.76586525,0.8472446875,0.30152724999999997
0.375,0.9375,0.375,0.7572626250000001,0.8510510625,0.3655460625
0.375,0.9375,0.4375,0.7486600000000001,0.8548574375,0.429564875
0.375,0.9375,0.5,0.740057375,0.8586638125,0.4935836875
0.375,0.9375,0.5625,0.73145475,0.8624701875,0.5576024999999999
0.375,0.9375,0.625,0.7228521250000001,0.8662765625,0.6216213124999999
0.375,0.9375,0.6875,0.7142495000000001,0.8700829375,0.6856401249999999
0.375,0.9375,0.75,0.705646875,0.8738893125,0.7496589374999999
0.375,0.9375,0.8125,0.69704425,0.8776956875,0.8136777499999999
0.375,0.9375,0.875,0.6884416250000001,0.8815020625,0.8776965624999999
0.375,0.9375,0.9375,0.6798390000000001,0.8853084375,0.9417153749999999
0.375,0.9375,1.0,0.6712363750000001,0.8891148125,1.0057341874999999
0.375,1.0,0.0,0.851352,0.881107375,-0.01961725
0.375,1.0,0.0625,0.842749375,0.88491375,0.04440156249999999
0.375,1.0,0.125,0.83414675,0.888720125,0.10842037499999999
0.375,1.0,0.1875,0.825544125,0.8925265,0.17243918749999998
0.375,1.0,0.25,0.8169415,0.896332875,0.23645799999999997
0.375,1.0,0.3125,0.808338875,0.9001392500000001,0.30047681249999997
0.375,1.0,0.375,0.79973625,0.903945625,0.364495625
0.375,1.0,0.4375,0.7911336250000001,0.907752,0.4285144375
0.375,1.0,0.5,0.782531,0.911558375,0.49253325
0.375,1.0,0.5625,0.773928375,0.9153647500000001,0.5565520624999999
0.375,1.0,0.625,0.76532575,0.919171125,0.6205708749999999
0.375,1.0,0.6875,0.756723125,0.9229775,0.6845896874999999
0.375,1.0,0.75,0.7481205,0.926783875,0.7486084999999999
0.375,1.0,0.8125,0.739517875,0.9305902500000001,0.8126273124999999
0.375,1.0,0.875,0.73091525,0.934396625,0.8766461249999999
0.375,1.0,0.9375,0.722312625,0.938203,0.9406649374999999
0.375,1.0,1.0,0.7137100000000001,0.942009375,1.0046837499999999
0.4375,0.0,0.0,0.200403,0.0405934375,-0.003278625
0.4375,0.0,0.0625,0.191800375,0.044399812500000004,0.060740187499999994
0.4375,0.0,0.125,0.18319775,0.048206187500000004,0.124759
0.4375,0.0,0.1875,0.174595125,0.0520125625,0.18877781249999998
0.4375,0.0,0.25,0.1659925,0.0558189375,0.252796625
0.4375,0.0,0.3125,0.157389875,0.0596253125,0.31681543749999996
0.4375,0.0,0.375,0.14878725,0.0634316875,0.38083425
0.4375,0.0,0.4375,0.140184625,0.0672380625,0.4448530625
0.4375,0.0,0.5,0.131582,0.0710444375,0.508871875
0.4375,0.0,0.5625,0.122979375,0.0748508125,0.5728906874999999
0.4375,0.0,0.625,0.11437675,0.0786571875,0.6369094999999999
0.4375,0.0,0.6875,0.10577412500000001,0.0824635625,0.7009283125
0.4375,0.0,0.75,0.09717150000000001,0.0862699375,0.764947125
0.4375,0.0,0.8125,0.088568875,0.0900763125,0.8289659374999999
0.4375,0.0,0.875,0.07996625000000002,0.0938826875,0.89298475
0.4375,0.0,0.9375,0.07136362500000001,0.0976890625,0.9570035625
0.4375,0.0,1.0,0.06276100000000001,0.10149543750000001,1.0210223749999998
0.4375,0.0625,0.0,0.242876625,0.093488,-0.0043290625
0.4375,0.0625,0.0625,0.234274,0.097294375,0.05968974999999999
0.4375,0.0625,0.125,0.225671375,0.10110075,0.1237085625
0.4375,0.0625,0.1875,0.21706875,0.104907125,0.18772737499999997
0.4375,0.0625,0.25,0.208466125,0.1087135,0.2517461875
0.4375,0.0625,0.3125,0.19986350000000003,0.112519875,0.31576499999999996
0.4375,0.0625,0.375,0.19126087500000002,0.11632624999999999,0.3797838125
0.4375,0.0625,0.4375,0.18265825000000002,0.12013262499999999,0.443802625
0.4375,0.0625,0.5,0.17405562500000002,0.123939,0.5078214375
0.4375,0.0625,0.5625,0.16545300000000002,0.127745375,0.5718402499999999
0.4375,0.0625,0.625,0.15685037500000001,0.13155175,0.6358590624999999
0.4375,0.0625,0.6875,0.14824775,0.135358125,0.699877875
0.4375,0.0625,0.75,0.13964512500000004,0.1391645,0.7638966875
0.4375,0.0625,0.8125,0.1310425,0.142970875,0.8279154999999999
0.4375,0.0625,0.875,0.12243987500000003,0.14677725,0.8919343125
0.4375,0.0625,0.9375,0.11383725000000003,0.150583625,0.955953125
0.4375,0.0625,1.0,0.10523462500000003,0.15439,1.0199719374999998
0.4375,0.125,0.0,0.28535025,0.1463825625,-0.0053795
0.4375,0.125,0.0625,0.27674762500000005,0.1501889375,0.05863931249999999
0.4375,0.125,0.125,0.268145,0.1539953125,0.12265812499999999
0.4375,0.125,0.1875,0.25954237500000005,0.1578016875,0.18667693749999997
0.4375,0.125,0.25,0.25093975,0.1616080625,0.25069575
0.4375,0.125,0.3125,0.24233712500000004,0.1654144375,0.31471456249999996
0.4375,0.125,0.375,0.23373450000000004,0.1692208125,0.378733375
0.4375,0.125,0.4375,0.22513187500000004,0.1730271875,0.4427521875
0.4375,0.125,0.5,0.21652925000000003,0.1768335625,0.506771
0.4375,0.125,0.5625,0.20792662500000003,0.18063993750000001,0.5707898124999999
0.4375,0.125,0.625,0.19932400000000003,0.18444631250000001,0.6348086249999999
0.4375,0.125,0.6875,0.19072137500000003,0.18825268750000002,0.6988274375
0.4375,0.125,0.75,0.18211875000000005,0.1920590625,0.76284625
0.4375,0.125,0.8125,0.17351612500000002,0.19586543750000002,0.8268650624999999
0.4375,0.125,0.875,0.16491350000000005,0.1996718125,0.890883875
0.4375,0.125,0.9375,0.15631087500000004,0.20347818750000002,0.9549026875
0.4375,0.125,1.0,0.14770825000000004,0.2072845625,1.0189214999999998
0.4375,0.1875,0.0,0.327823875,0.199277125,-0.0064299375
0.4375,0.1875,0.0625,0.31922125,0.2030835,0.057588875
0.4375,0.1875,0.125,0.310618625,0.206889875,0.12160768749999999
0.4375,0.1875,0.1875,0.302016,0.21069625,0.18562649999999997
0.4375,0.1875,0.25,0.293413375,0.214502625,0.24964531249999997
0.4375,0.1875,0.3125,0.28481075,0.218309,0.31366412499999996
0.4375,0.1875,0.375,0.27620812499999997,0.222115375,0.3776829375
0.4375,0.1875,0.4375,0.2676055,0.22592175,0.44170175
0.4375,0.1875,0.5,0.25900287499999997,0.229728125,0.5057205625
0.4375,0.1875,0.5625,0.25040025,0.2335345,0.5697393749999999
0.4375,0.1875,0.625,0.241797625,0.237340875,0.6337581874999999
0.4375,0.1875,0.6875,0.23319499999999999,0.24114725,0.697777
0.4375,0.1875,0.75,0.224592375,0.244953625,0.7617958125
0.4375,0.1875,0.8125,0.21598974999999998,0.24875999999999998,0.8258146249999999
0.4375,0.1875,0.875,0.207387125,0.252566375,0.8898334375
0.4375,0.1875,0.9375,0.1987845,0.25637275,0.95385225
0.4375,0.1875,1.0,0.190181875,0.260179125,1.0178710624999998
0.4375,0.25,0.0,0.3702975,0.2521716875,-0.007480374999999999
0.4375,0.25,0.0625,0.361694875,0.2559780625,0.0565384375
0.4375,0.25,0.125,0.35309225,0.2597844375,0.12055724999999999
0.4375,0.25,0.1875,0.344489625,0.2635908125,0.18457606249999997
0.4375,0.25,0.25,0.335887,0.2673971875,0.24859487499999997
0.4375,0.25,0.3125,0.327284375,0.2712035625,0.31261368749999996
0.4375,0.25,0.375,0.31868175,0.2750099375,0.3766325
0.4375,0.25,0.4375,0.310079125,0.2788163125,0.4406513125
0.4375,0.25,0.5,0.30147650000000004,0.2826226875,0.504670125
0.4375,0.25,0.5625,0.292873875,0.2864290625,0.5686889374999999
0.4375,0.25,0.625,0.28427125,0.2902354375,0.6327077499999999
0.4375,0.25,0.6875,0.275668625,0.2940418125,0.6967265625
0.4375,0.25,0.75,0.267066,0.29784818750000003,0.760745375
0.4375,0.25,0.8125,0.258463375,0.3016545625,0.8247641874999999
0.4375,0.25,0.875,0.24986075000000002,0.30546093750000003,0.888783
0.4375,0.25,0.9375,0.24125812500000002,0.3092673125,0.9528018125
0.4375,0.25,1.0,0.23265550000000002,0.31307368750000003,1.0168206249999998
0.4375,0.3125,0.0,0.412771125,0.30506625,-0.0085308125
0.4375,0.3125,0.0625,0.40416850000000004,0.30887262499999996,0.055487999999999996
0.4375,0.3125,0.125,0.395565875,0.312679,0.11950681249999999
0.4375,0.3125,0.1875,0.38696325000000004,0.31648537499999996,0.18352562499999997
0.4375,0.3125,0.25,0.378360625,0.32029175,0.24754443749999996
0.4375,0.3125,0.3125,0.36975800000000003,0.32409812499999996,0.31156324999999996
0.4375,0.3125,0.375,0.361155375,0.3279045,0.3755820625
0.4375,0.3125,0.4375,0.35255275,0.33171087499999996,0.439600875
0.4375,0.3125,0.5,0.343950125,0.33551725,0.5036196875
0.4375,0.3125,0.5625,0.3353475,0.33932362499999996,0.5676384999999999
0.4375,0.3125,0.625,0.32674487500000005,0.34313,0.6316573124999999
0.4375,0.3125,0.6875,0.31814225,0.34693637499999996,0.695676125
0.4375,0.3125,0.75,0.30953962500000004,0.35074275,0.7596949375
0.4375,0.3125,0.8125,0.300937,0.35454912499999997,0.8237137499999999
0.4375,0.3125,0.875,0.29233437500000004,0.3583555,0.8877325625
0.4375,0.3125,0.9375,0.28373175000000006,0.36216187499999997,0.951751375
0.4375,0.3125,1.0,0.27512912500000003,0.36596825,1.0157701874999998
0.4375,0.375,0.0,0.45524475,0.3579608125,-0.00958125
0.4375,0.375,0.0625,0.446642125,0.3617671875,0.054437562499999995
0.4375,0.375,0.125,0.43803949999999997,0.3655735625,0.11845637499999999
0.4375,0.375,0.1875,0.429436875,0.3693799375,0.18247518749999997
0.4375,0.375,0.25,0.42083424999999997,0.3731863125,0.246494
0.4375,0.375,0.3125,0.412231625,0.3769926875,0.31051281249999996
0.4375,0.375,0.375,0.40362899999999996,0.3807990625,0.374531625
0.4375,0.375,0.4375,0.395026375,0.3846054375,0.4385504375
0.4375,0.375,0.5,0.38642374999999995,0.3884118125,0.50256925
0.4375,0.375,0.5625,0.377821125,0.3922181875,0.5665880624999999
0.4375,0.375,0.625,0.3692185,0.3960245625,0.6306068749999999
0.4375,0.375,0.6875,0.360615875,0.3998309375,0.6946256875
0.4375,0.375,0.75,0.35201325,0.4036373125,0.7586444999999999
0.4375,0.375,0.8125,0.34341062499999997,0.4074436875,0.8226633124999999
0.4375,0.375,0.875,0.334808,0.4112500625,0.886682125
0.4375,0.375,0.9375,0.326205375,0.4150564375,0.9507009375
0.4375,0.375,1.0,0.31760275,0.4188628125,1.0147197499999998
0.4375,0.4375,0.0,0.497718375,0.41085537499999997,-0.010631687499999999
0.4375,0.4375,0.0625,0.48911575,0.41466174999999994,0.053387124999999994
0.4375,0.4375,0.125,0.480513125,0.41846812499999997,0.11740593749999999
0.4375,0.4375,0.1875,0.4719105,0.42227449999999994,0.18142475
0.4375,0.4375,0.25,0.463307875,0.42608087499999997,0.2454435625
0.4375,0.4375,0.3125,0.45470525,0.42988724999999994,0.30946237499999996
0.4375,0.4375,0.375,0.446102625,0.43369362499999997,0.3734811875
0.4375,0.4375,0.4375,0.4375,0.43749999999999994,0.4375
0.4375,0.4375,0.5,0.428897375,0.441306375,0.5015188125
0.4375,0.4375,0.5625,0.42029475,0.44511274999999995,0.5655376249999999
0.4375,0.4375,0.625,0.41169212499999996,0.448919125,0.6295564374999999
0.4375,0.4375,0.6875,0.4030895,0.45272549999999995,0.69357525
0.4375,0.4375,0.75,0.394486875,0.456531875,0.7575940624999999
0.4375,0.4375,0.8125,0.38588425,0.46033824999999995,0.8216128749999999
0.4375,0.4375,0.875,0.377281625,0.464144625,0.8856316875
0.4375,0.4375,0.9375,0.368679,0.46795099999999995,0.9496505
0.4375,0.4375,1.0,0.360076375,0.471757375,1.0136693124999998
0.4375,0.5,0.0,0.540192,0.4637499375,-0.011682125
0.4375,0.5,0.0625,0.531589375,0.46755631249999996,0.05233668749999999
0.4375,0.5,0.125,0.5229867500000001,0.4713626875,0.11635549999999999
0.4375,0.5,0.1875,0.514384125,0.47516906249999996,0.1803743125
0.4375,0.5,0.25,0.5057815,0.4789754375,0.244393125
0.4375,0.5,0.3125,0.497178875,0.48278181249999996,0.30841193749999996
0.4375,0.5,0.375,0.48857625,0.4865881875,0.37243075
0.4375,0.5,0.4375,0.479973625,0.49039456249999996,0.4364495625
0.4375,0.5,0.5,0.471371,0.4942009375,0.500468375
0.4375,0.5,0.5625,0.462768375,0.49800731249999997,0.5644871874999999
0.4375,0.5,0.625,0.45416575000000003,0.5018136875,0.6285059999999999
0.4375,0.5,0.6875,0.445563125,0.5056200625,0.6925248125
0.4375,0.5,0.75,0.43696050000000003,0.5094264374999999,0.7565436249999999
0.4375,0.5,0.8125,0.428357875,0.5132328125,0.8205624374999999
0.4375,0.5,0.875,0.41975525,0.5170391875,0.88458125
0.4375,0.5,0.9375,0.41115262500000005,0.5208455625,0.9486000625
0.4375,0.5,1.0,0.40255,0.5246519374999999,1.0126188749999998
0.4375,0.5625,0.0,0.582665625,0.5166445000000001,-0.012732562499999999
0.4375,0.5625,0.0625,0.574063,0.5204508750000001,0.05128624999999999
0.4375,0.5625,0.125,0.565460375,0.52425725,0.11530506249999999
0.4375,0.5625,0.1875,0.5568577499999999,0.528063625,0.179323875
0.4375,0.5625,0.25,0.548255125,0.5318700000000001,0.2433426875
0.4375,0.5625,0.3125,0.5396525,0.5356763750000001,0.30736149999999995
0.4375,0.5625,0.375,0.531049875,0.53948275,0.3713803125
0.4375,0.5625,0.4375,0.5224472499999999,0.543289125,0.435399125
0.4375,0.5625,0.5,0.5138446249999999,0.5470955000000001,0.49941793749999996
0.4375,0.5625,0.5625,0.505242,0.5509018750000001,0.5634367499999999
0.4375,0.5625,0.625,0.496639375,0.55470825,0.6274555624999999
0.4375,0.5625,0.6875,0.48803674999999996,0.558514625,0.691474375
0.4375,0.5625,0.75,0.479434125,0.5623210000000001,0.7554931874999999
0.4375,0.5625,0.8125,0.47083149999999996,0.5661273750000001,0.8195119999999999
0.4375,0.5625,0.875,0.462228875,0.56993375,0.8835308125
0.4375,0.5625,0.9375,0.45362625,0.573740125,0.947549625
0.4375,0.5625,1.0,0.445023625,0.5775465000000001,1.0115684374999998
0.4375,0.625,0.0,0.62513925,0.5695390625,-0.013783
0.4375,0.625,0.0625,0.6165366250000001,0.5733454375,0.05023581249999999
0.4375,0.625,0.125,0.6079340000000001,0.5771518124999999,0.11425462499999998
0.4375,0.625,0.1875,0.599331375,0.5809581875,0.1782734375
0.4375,0.625,0.25,0.59072875,0.5847645625,0.24229225
0.4375,0.625,0.3125,0.582126125,0.5885709375,0.30631106249999995
0.4375,0.625,0.375,0.5735235000000001,0.5923773124999999,0.370329875
0.4375,0.625,0.4375,0.5649208750000001,0.5961836875,0.4343486875
0.4375,0.625,0.5,0.55631825,0.5999900625,0.49836749999999996
0.4375,0.625,0.5625,0.547715625,0.6037964375,0.5623863124999999
0.4375,0.625,0.625,0.5391130000000001,0.6076028124999999,0.6264051249999999
0.4375,0.625,0.6875,0.5305103750000001,0.6114091875,0.6904239375
0.4375,0.625,0.75,0.52190775,0.6152155625,0.7544427499999999
0.4375,0.625,0.8125,0.513305125,0.6190219375,0.8184615624999999
0.4375,0.625,0.875,0.5047025,0.6228283124999999,0.882480375
0.4375,0.625,0.9375,0.4960998750000001,0.6266346875,0.9464991875
0.4375,0.625,1.0,0.48749725000000005,0.6304410625,1.0105179999999998
0.4375,0.6875,0.0,0.667612875,0.622433625,-0.0148334375
0.4375,0.6875,0.0625,0.65901025,0.62624,0.049185374999999996
0.4375,0.6875,0.125,0.650407625,0.6300463749999999,0.11320418749999998
0.4375,0.6875,0.1875,0.641805,0.63385275,0.177223
0.4375,0.6875,0.25,0.633202375,0.637659125,0.24124181249999999
0.4375,0.6875,0.3125,0.62459975,0.6414655,0.30526062499999995
0.4375,0.6875,0.375,0.615997125,0.6452718749999999,0.3692794375
0.4375,0.6875,0.4375,0.6073945000000001,0.64907825,0.43329825
0.4375,0.6875,0.5,0.598791875,0.652884625,0.49731706249999996
0.4375,0.6875,0.5625,0.59018925,0.656691,0.5613358749999999
0.4375,0.6875,0.625,0.581586625,0.6604973749999999,0.6253546874999999
0.4375,0.6875,0.6875,0.572984,0.66430375,0.6893735
0.4375,0.6875,0.75,0.564381375,0.668110125,0.7533923124999999
0.4375,0.6875,0.8125,0.55577875,0.6719165,0.8174111249999999
0.4375,0.6875,0.875,0.547176125,0.675722875,0.8814299375
0.4375,0.6875,0.9375,0.5385735,0.67952925,0.94544875
0.4375,0.6875,1.0,0.5299708750000001,0.683335625,1.0094675624999998
0.4375,0.75,0.0,0.7100865,0.6753281875,-0.015883875
0.4375,0.75,0.0625,0.701483875,0.6791345625,0.048134937499999995
0.4375,0.75,0.125,0.69288125,0.6829409375,0.11215375
0.4375,0.75,0.1875,0.6842786249999999,0.6867473125,0.1761725625
0.4375,0.75,0.25,0.6756759999999999,0.6905536875,0.24019137499999998
0.4375,0.75,0.3125,0.667073375,0.6943600625,0.30421018749999995
0.4375,0.75,0.375,0.65847075,0.6981664375,0.368229
0.4375,0.75,0.4375,0.649868125,0.7019728125,0.4322478125
0.4375,0.75,0.5,0.6412654999999999,0.7057791875,0.49626662499999996
0.4375,0.75,0.5625,0.632662875,0.7095855625,0.5602854374999999
0.4375,0.75,0.625,0.62406025,0.7133919375,0.6243042499999999
0.4375,0.75,0.6875,0.615457625,0.7171983125,0.6883230625
0.4375,0.75,0.75,0.6068549999999999,0.7210046875,0.7523418749999999
0.4375,0.75,0.8125,0.598252375,0.7248110625,0.8163606874999999
0.4375,0.75,0.875,0.58964975,0.7286174375,0.8803795
0.4375,0.75,0.9375,0.581047125,0.7324238125,0.9443983125
0.4375,0.75,1.0,0.5724445,0.7362301875,1.0084171249999998
0.4375,0.8125,0.0,0.752560125,0.72822275,-0.0169343125
0.4375,0.8125,0.0625,0.7439575,0.7320291250000001,0.047084499999999994
0.4375,0.8125,0.125,0.7353548750000001,0.7358355,0.1111033125
0.4375,0.8125,0.1875,0.72675225,0.739641875,0.175122125
0.4375,0.8125,0.25,0.718149625,0.74344825,0.23914093749999998
0.4375,0.8125,0.3125,0.709547,0.7472546250000001,0.30315974999999995
0.4375,0.8125,0.375,0.7009443750000001,0.751061,0.36717856249999997
0.4375,0.8125,0.4375,0.69234175,0.754867375,0.431197375
0.4375,0.8125,0.5,0.683739125,0.75867375,0.49521618749999996
0.4375,0.8125,0.5625,0.6751365,0.7624801250000001,0.5592349999999999
0.4375,0.8125,0.625,0.666533875,0.7662865,0.6232538124999999
0.4375,0.8125,0.6875,0.6579312500000001,0.770092875,0.687272625
0.4375,0.8125,0.75,0.649328625,0.77389925,0.7512914374999999
0.4375,0.8125,0.8125,0.640726,0.7777056250000001,0.8153102499999999
0.4375,0.8125,0.875,0.632123375,0.781512,0.8793290625
0.4375,0.8125,0.9375,0.6235207500000001,0.785318375,0.943347875
0.4375,0.8125,1.0,0.614918125,0.78912475,1.0073666874999998
0.4375,0.875,0.0,0.79503375,0.7811173124999999,-0.017984749999999997
0.4375,0.875,0.0625,0.786431125,0.7849236875,0.0460340625
0.4375,0.875,0.125,0.7778285,0.7887300624999999,0.110052875
0.4375,0.875,0.1875,0.769225875,0.7925364374999999,0.1740716875
0.4375,0.875,0.25,0.76062325,0.7963428124999999,0.23809049999999998
0.4375,0.875,0.3125,0.752020625,0.8001491875,0.30210931249999995
0.4375,0.875,0.375,0.743418,0.8039555624999999,0.36612812499999997
0.4375,0.875,0.4375,0.7348153749999999,0.8077619374999999,0.4301469375
0.4375,0.875,0.5,0.72621275,0.8115683124999999,0.49416574999999996
0.4375,0.875,0.5625,0.717610125,0.8153746875,0.5581845624999999
0.4375,0.875,0.625,0.7090075,0.8191810624999999,0.6222033749999999
0.4375,0.875,0.6875,0.700404875,0.8229874374999999,0.6862221875
0.4375,0.875,0.75,0.69180225,0.8267938125,0.7502409999999999
0.4375,0.875,0.8125,0.683199625,0.8306001875,0.8142598124999999
0.4375,0.875,0.875,0.674597,0.8344065624999999,0.878278625
0.4375,0.875,0.9375,0.665994375,0.8382129374999999,0.9422974375
0.4375,0.875,1.0,0.6573917499999999,0.8420193125,1.0063162499999998
0.4375,0.9375,0.0,0.837507375,0.834011875,-0.0190351875
0.4375,0.9375,0.0625,0.8289047500000001,0.83781825,0.044983625
0.4375,0.9375,0.125,0.8203021250000001,0.8416246249999999,0.1090024375
0.4375,0.9375,0.1875,0.8116995,0.8454309999999999,0.17302125
0.4375,0.9375,0.25,0.803096875,0.849237375,0.23704006249999998
0.4375,0.9375,0.3125,0.7944942500000001,0.85304375,0.30105887499999995
0.4375,0.9375,0.375,0.7858916250000001,0.8568501249999999,0.36507768749999997
0.4375,0.9375,0.4375,0.7772890000000001,0.8606564999999999,0.4290965
0.4375,0.9375,0.5,0.768686375,0.864462875,0.49311531249999996
0.4375,0.9375,0.5625,0.7600837500000001,0.86826925,0.5571341249999999
0.4375,0.9375,0.625,0.7514811250000001,0.8720756249999999,0.6211529374999999
0.4375,0.9375,0.6875,0.7428785000000001,0.8758819999999999,0.68517175
0.4375,0.9375,0.75,0.734275875,0.879688375,0.7491905624999999
0.4375,0.9375,0.8125,0.72567325,0.88349475,0.8132093749999999
0.4375,0.9375,0.875,0.7170706250000001,0.8873011249999999,0.8772281875
0.4375,0.9375,0.9375,0.7084680000000001,0.8911074999999999,0.941247
0.4375,0.9375,1.0,0.6998653750000001,0.894913875,1.0052658124999998
0.4375,1.0,0.0,0.879981,0.8869064375,-0.020085625
0.4375,1.0,0.0625,0.871378375,0.8907128125,0.0439331875
0.4375,1.0,0.125,0.8627757500000001,0.8945191874999999,0.10795199999999999
0.4375,1.0,0.1875,0.854173125,0.8983255625,0.1719708125
0.4375,1.0,0.25,0.8455705,0.9021319375,0.23598962499999998
0.4375,1.0,0.3125,0.836967875,0.9059383125,0.30000843749999995
0.4375,1.0,0.375,0.82836525,0.9097446874999999,0.36402724999999997
0.4375,1.0,0.4375,0.8197626250000001,0.9135510625,0.4280460625
0.4375,1.0,0.5,0.81116,0.9173574375,0.49206487499999996
0.4375,1.0,0.5625,0.802557375,0.9211638125,0.5560836874999999
0.4375,1.0,0.625,0.79395475,0.9249701874999999,0.6201024999999999
0.4375,1.0,0.6875,0.7853521250000001,0.9287765625,0.6841213125
0.4375,1.0,0.75,0.7767495,0.9325829375,0.7481401249999999
0.4375,1.0,0.8125,0.768146875,0.9363893125,0.8121589374999999
0.4375,1.0,0.875,0.75954425,0.9401956874999999,0.87617775
0.4375,1.0,0.9375,0.7509416250000001,0.9440020625,0.9401965624999999
0.4375,1.0,1.0,0.7423390000000001,0.9478084375,1.0042153749999998
0.5,0.0,0.0,0.229032,0.0463925,-0.003747
0.5,0.0,0.0625,0.220429375,0.050198875000000004,0.060271812499999994
0.5,0.0,0.125,0.21182675,0.054005250000000005,0.12429062499999999
0.5,0.0,0.1875,0.203224125,0.057811625000000005,0.18830943749999998
0.5,0.0,0.25,0.1946215,0.061618000000000006,0.25232825
0.5,0.0,0.3125,0.18601887500000003,0.065424375,0.31634706249999994
0.5,0.0,0.375,0.17741625000000003,0.06923075000000001,0.38036587499999996
0.5,0.0,0.4375,0.16881362500000002,0.07303712500000001,0.4443846875
0.5,0.0,0.5,0.16021100000000002,0.07684350000000001,0.5084035
0.5,0.0,0.5625,0.15160837500000002,0.08064987500000001,0.5724223125
0.5,0.0,0.625,0.14300575000000001,0.08445625000000001,0.6364411249999999
0.5,0.0,0.6875,0.134403125,0.08826262500000001,0.7004599375
0.5,0.0,0.75,0.12580050000000004,0.092069,0.76447875
0.5,0.0,0.8125,0.11719787500000002,0.095875375,0.8284975625
0.5,0.0,0.875,0.10859525000000003,0.09968175,0.892516375
0.5,0.0,0.9375,0.09999262500000003,0.103488125,0.9565351875
0.5,0.0,1.0,0.09139000000000003,0.1072945,1.020554
0.5,0.0625,0.0,0.27150562500000003,0.0992870625,-0.0047974375
0.5,0.0625,0.0625,0.26290300000000005,0.1030934375,0.05922137499999999
0.5,0.0625,0.125,0.254300375,0.1068998125,0.12324018749999999
0.5,0.0625,0.1875,0.24569775000000002,0.1107061875,0.18725899999999998
0.5,0.0625,0.25,0.23709512500000002,0.1145125625,0.2512778125
0.5,0.0625,0.3125,0.22849250000000004,0.1183189375,0.31529662499999994
0.5,0.0625,0.375,0.21988987500000004,0.1221253125,0.37931543749999996
0.5,0.0625,0.4375,0.21128725000000004,0.1259316875,0.44333425
0.5,0.0625,0.5,0.20268462500000003,0.1297380625,0.5073530625
0.5,0.0625,0.5625,0.19408200000000003,0.1335444375,0.571371875
0.5,0.0625,0.625,0.18547937500000003,0.1373508125,0.6353906874999999
0.5,0.0625,0.6875,0.17687675000000003,0.1411571875,0.6994095
0.5,0.0625,0.75,0.16827412500000005,0.14496356249999998,0.7634283125
0.5,0.0625,0.8125,0.15967150000000002,0.1487699375,0.827447125
0.5,0.0625,0.875,0.15106887500000005,0.15257631249999998,0.8914659375
0.5,0.0625,0.9375,0.14246625000000004,0.1563826875,0.95548475
0.5,0.0625,1.0,0.13386362500000004,0.16018906249999998,1.0195035625
0.5,0.125,0.0,0.31397925000000004,0.152181625,-0.005847875
0.5,0.125,0.0625,0.30537662500000007,0.155988,0.05817093749999999
0.5,0.125,0.125,0.29677400000000004,0.159794375,0.12218974999999999
0.5,0.125,0.1875,0.28817137500000006,0.16360075,0.18620856249999998
0.5,0.125,0.25,0.27956875000000003,0.167407125,0.250227375
0.5,0.125,0.3125,0.27096612500000006,0.1712135,0.31424618749999994
0.5,0.125,0.375,0.2623635,0.175019875,0.37826499999999996
0.5,0.125,0.4375,0.25376087500000005,0.17882625,0.4422838125
0.5,0.125,0.5,0.24515825000000005,0.182632625,0.506302625
0.5,0.125,0.5625,0.23655562500000005,0.186439,0.5703214375
0.5,0.125,0.625,0.22795300000000004,0.190245375,0.6343402499999999
0.5,0.125,0.6875,0.21935037500000004,0.19405175,0.6983590625
0.5,0.125,0.75,0.21074775000000007,0.197858125,0.762377875
0.5,0.125,0.8125,0.20214512500000004,0.20166449999999997,0.8263966875
0.5,0.125,0.875,0.19354250000000006,0.205470875,0.8904155
0.5,0.125,0.9375,0.18493987500000006,0.20927724999999997,0.9544343125
0.5,0.125,1.0,0.17633725000000006,0.213083625,1.018453125
0.5,0.1875,0.0,0.356452875,0.2050761875,-0.0068983125
0.5,0.1875,0.0625,0.34785025,0.2088825625,0.05712049999999999
0.5,0.1875,0.125,0.339247625,0.2126889375,0.12113931249999998
0.5,0.1875,0.1875,0.330645,0.2164953125,0.18515812499999998
0.5,0.1875,0.25,0.322042375,0.2203016875,0.24917693749999997
0.5,0.1875,0.3125,0.31343975,0.2241080625,0.31319574999999994
0.5,0.1875,0.375,0.304837125,0.2279144375,0.37721456249999996
0.5,0.1875,0.4375,0.2962345,0.2317208125,0.441233375
0.5,0.1875,0.5,0.287631875,0.2355271875,0.5052521875
0.5,0.1875,0.5625,0.27902925,0.2393335625,0.569271
0.5,0.1875,0.625,0.27042662500000003,0.24313993750000001,0.6332898124999999
0.5,0.1875,0.6875,0.261824,0.24694631250000001,0.697308625
0.5,0.1875,0.75,0.253221375,0.2507526875,0.7613274375
0.5,0.1875,0.8125,0.24461875,0.2545590625,0.82534625
0.5,0.1875,0.875,0.23601612500000002,0.2583654375,0.8893650625
0.5,0.1875,0.9375,0.22741350000000002,0.2621718125,0.953383875
0.5,0.1875,1.0,0.21881087500000002,0.2659781875,1.0174026875
0.5,0.25,0.0,0.3989265,0.25797075,-0.00794875
0.5,0.25,0.0625,0.39032387500000004,0.261777125,0.0560700625
0.5,0.25,0.125,0.38172125,0.26558350000000003,0.12008887499999998
0.5,0.25,0.1875,0.37311862500000004,0.269389875,0.18410768749999998
0.5,0.25,0.25,0.364516,0.27319625000000003,0.24812649999999997
0.5,0.25,0.3125,0.35591337500000003,0.277002625,0.31214531249999994
0.5,0.25,0.375,0.34731075,0.28080900000000003,0.37616412499999996
0.5,0.25,0.4375,0.338708125,0.284615375,0.4401829375
0.5,0.25,0.5,0.33010550000000005,0.28842175000000003,0.50420175
0.5,0.25,0.5625,0.321502875,0.292228125,0.5682205625
0.5,0.25,0.625,0.31290025,0.29603450000000003,0.6322393749999999
0.5,0.25,0.6875,0.304297625,0.299840875,0.6962581875
0.5,0.25,0.75,0.29569500000000004,0.30364725000000004,0.760277
0.5,0.25,0.8125,0.287092375,0.307453625,0.8242958125
0.5,0.25,0.875,0.27848975000000004,0.31126000000000004,0.888314625
0.5,0.25,0.9375,0.269887125,0.315066375,0.9523334375
0.5,0.25,1.0,0.26128450000000003,0.31887275000000004,1.01635225
0.5,0.3125,0.0,0.44140012500000003,0.3108653125,-0.0089991875
0.5,0.3125,0.0625,0.43279750000000006,0.31467168749999996,0.055019624999999996
0.5,0.3125,0.125,0.424194875,0.3184780625,0.11903843749999998
0.5,0.3125,0.1875,0.41559225000000005,0.32228443749999997,0.18305724999999998
0.5,0.3125,0.25,0.406989625,0.3260908125,0.24707606249999997
0.5,0.3125,0.3125,0.39838700000000005,0.32989718749999997,0.31109487499999994
0.5,0.3125,0.375,0.389784375,0.3337035625,0.37511368749999996
0.5,0.3125,0.4375,0.38118175000000004,0.33750993749999997,0.4391325
0.5,0.3125,0.5,0.372579125,0.3413163125,0.5031513125
0.5,0.3125,0.5625,0.36397650000000004,0.34512268749999997,0.567170125
0.5,0.3125,0.625,0.35537387500000006,0.3489290625,0.6311889374999999
0.5,0.3125,0.6875,0.34677125000000003,0.35273543749999997,0.69520775
0.5,0.3125,0.75,0.33816862500000006,0.3565418125,0.7592265625
0.5,0.3125,0.8125,0.329566,0.3603481875,0.823245375
0.5,0.3125,0.875,0.32096337500000005,0.3641545625,0.8872641875
0.5,0.3125,0.9375,0.3123607500000001,0.3679609375,0.951283
0.5,0.3125,1.0,0.30375812500000005,0.3717673125,1.0153018125
0.5,0.375,0.0,0.48387375,0.363759875,-0.010049625
0.5,0.375,0.0625,0.475271125,0.36756625,0.053969187499999995
0.5,0.375,0.125,0.4666685,0.371372625,0.11798799999999998
0.5,0.375,0.1875,0.458065875,0.375179,0.18200681249999998
0.5,0.375,0.25,0.44946325,0.378985375,0.24602562499999997
0.5,0.375,0.3125,0.440860625,0.38279175,0.31004443749999994
0.5,0.375,0.375,0.432258,0.386598125,0.37406324999999996
0.5,0.375,0.4375,0.423655375,0.3904045,0.4380820625
0.5,0.375,0.5,0.41505274999999997,0.394210875,0.502100875
0.5,0.375,0.5625,0.406450125,0.39801725,0.5661196875
0.5,0.375,0.625,0.3978475,0.401823625,0.6301384999999999
0.5,0.375,0.6875,0.389244875,0.40563,0.6941573125
0.5,0.375,0.75,0.38064225,0.409436375,0.758176125
0.5,0.375,0.8125,0.372039625,0.41324275,0.8221949375
0.5,0.375,0.875,0.363437,0.417049125,0.88621375
0.5,0.375,0.9375,0.35483437500000004,0.4208555,0.9502325625
0.5,0.375,1.0,0.34623175,0.424661875,1.014251375
0.5,0.4375,0.0,0.5263473750000001,0.4166544375,-0.011100062499999999
0.5,0.4375,0.0625,0.5177447500000001,0.42046081249999995,0.052918749999999994
0.5,0.4375,0.125,0.5091421250000001,0.4242671875,0.1169375625
0.5,0.4375,0.1875,0.5005395,0.42807356249999995,0.18095637499999997
0.5,0.4375,0.25,0.49193687500000005,0.4318799375,0.24497518749999997
0.5,0.4375,0.3125,0.4833342500000001,0.43568631249999995,0.30899399999999994
0.5,0.4375,0.375,0.47473162500000005,0.4394926875,0.37301281249999996
0.5,0.4375,0.4375,0.46612900000000007,0.44329906249999995,0.437031625
0.5,0.4375,0.5,0.45752637500000004,0.4471054375,0.5010504375
0.5,0.4375,0.5625,0.44892375000000007,0.45091181249999995,0.56506925
0.5,0.4375,0.625,0.4403211250000001,0.4547181875,0.6290880624999999
0.5,0.4375,0.6875,0.43171850000000006,0.45852456249999995,0.693106875
0.5,0.4375,0.75,0.4231158750000001,0.4623309375,0.7571256875
0.5,0.4375,0.8125,0.41451325000000006,0.46613731249999996,0.8211444999999999
0.5,0.4375,0.875,0.4059106250000001,0.4699436875,0.8851633125
0.5,0.4375,0.9375,0.3973080000000001,0.47375006249999996,0.949182125
0.5,0.4375,1.0,0.3887053750000001,0.4775564375,1.0132009375
0.5,0.5,0.0,0.568821,0.469549,-0.0121505
0.5,0.5,0.0625,0.560218375,0.47335537499999997,0.05186831249999999
0.5,0.5,0.125,0.5516157500000001,0.47716175,0.115887125
0.5,0.5,0.1875,0.543013125,0.48096812499999997,0.17990593749999997
0.5,0.5,0.25,0.5344105,0.4847745,0.24392474999999997
0.5,0.5,0.3125,0.525807875,0.48858087499999997,0.30794356249999993
0.5,0.5,0.375,0.5172052500000001,0.49238725,0.37196237499999996
0.5,0.5,0.4375,0.508602625,0.49619362499999997,0.4359811875
0.5,0.5,0.5,0.5,0.5,0.49999999999999994
0.5,0.5,0.5625,0.491397375,0.503806375,0.5640188125
0.5,0.5,0.625,0.48279475000000005,0.50761275,0.6280376249999999
0.5,0.5,0.6875,0.474192125,0.511419125,0.6920564375
0.5,0.5,0.75,0.46558950000000004,0.5152255,0.75607525
0.5,0.5,0.8125,0.456986875,0.519031875,0.8200940624999999
0.5,0.5,0.875,0.44838425000000004,0.52283825,0.884112875
0.5,0.5,0.9375,0.43978162500000006,0.526644625,0.9481316875
0.5,0.5,1.0,0.43117900000000003,0.530451,1.0121505
0.5,0.5625,0.0,0.611294625,0.5224435625,-0.013200937499999999
0.5,0.5625,0.0625,0.602692,0.5262499375,0.050817875
0.5,0.5625,0.125,0.594089375,0.5300563125,0.11483668749999999
0.5,0.5625,0.1875,0.58548675,0.5338626875,0.17885549999999997
0.5,0.5625,0.25,0.576884125,0.5376690625,0.24287431249999997
0.5,0.5625,0.3125,0.5682815,0.5414754375,0.30689312499999993
0.5,0.5625,0.375,0.559678875,0.5452818125,0.37091193749999996
0.5,0.5625,0.4375,0.5510762499999999,0.5490881875,0.43493075
0.5,0.5625,0.5,0.542473625,0.5528945625,0.49894956249999994
0.5,0.5625,0.5625,0.533871,0.5567009375,0.562968375
0.5,0.5625,0.625,0.525268375,0.5605073125,0.6269871874999999
0.5,0.5625,0.6875,0.51666575,0.5643136875,0.691006
0.5,0.5625,0.75,0.508063125,0.5681200625,0.7550248125
0.5,0.5625,0.8125,0.4994605,0.5719264375,0.8190436249999999
0.5,0.5625,0.875,0.490857875,0.5757328125,0.8830624375
0.5,0.5625,0.9375,0.48225525,0.5795391875,0.94708125
0.5,0.5625,1.0,0.473652625,0.5833455625,1.0111000625
0.5,0.625,0.0,0.65376825,0.575338125,-0.014251375
0.5,0.625,0.0625,0.6451656250000001,0.5791445000000001,0.0497674375
0.5,0.625,0.125,0.6365630000000001,0.582950875,0.11378624999999999
0.5,0.625,0.1875,0.627960375,0.58675725,0.17780506249999997
0.5,0.625,0.25,0.61935775,0.590563625,0.24182387499999997
0.5,0.625,0.3125,0.6107551250000001,0.5943700000000001,0.30584268749999993
0.5,0.625,0.375,0.6021525000000001,0.598176375,0.36986149999999995
0.5,0.625,0.4375,0.5935498750000001,0.60198275,0.4338803125
0.5,0.625,0.5,0.58494725,0.605789125,0.49789912499999994
0.5,0.625,0.5625,0.576344625,0.6095955000000001,0.5619179375
0.5,0.625,0.625,0.5677420000000001,0.613401875,0.6259367499999999
0.5,0.625,0.6875,0.5591393750000001,0.61720825,0.6899555625
0.5,0.625,0.75,0.55053675,0.621014625,0.753974375
0.5,0.625,0.8125,0.541934125,0.6248210000000001,0.8179931874999999
0.5,0.625,0.875,0.5333315000000001,0.628627375,0.882012
0.5,0.625,0.9375,0.5247288750000001,0.63243375,0.9460308125
0.5,0.625,1.0,0.5161262500000001,0.636240125,1.010049625
0.5,0.6875,0.0,0.696241875,0.6282326874999999,-0.0153018125
0.5,0.6875,0.0625,0.68763925,0.6320390625,0.048716999999999996
0.5,0.6875,0.125,0.6790366250000001,0.6358454374999999,0.11273581249999999
0.5,0.6875,0.1875,0.670434,0.6396518124999999,0.17675462499999997
0.5,0.6875,0.25,0.661831375,0.6434581875,0.24077343749999996
0.5,0.6875,0.3125,0.65322875,0.6472645625,0.30479224999999993
0.5,0.6875,0.375,0.644626125,0.6510709374999999,0.36881106249999995
0.5,0.6875,0.4375,0.6360235000000001,0.6548773124999999,0.432829875
0.5,0.6875,0.5,0.627420875,0.6586836875,0.49684868749999994
0.5,0.6875,0.5625,0.61881825,0.6624900625,0.5608675
0.5,0.6875,0.625,0.610215625,0.6662964374999999,0.6248863124999999
0.5,0.6875,0.6875,0.6016130000000001,0.6701028124999999,0.688905125
0.5,0.6875,0.75,0.593010375,0.6739091875,0.7529239375
0.5,0.6875,0.8125,0.58440775,0.6777155625,0.8169427499999999
0.5,0.6875,0.875,0.575805125,0.6815219374999999,0.8809615625
0.5,0.6875,0.9375,0.5672025,0.6853283124999999,0.944980375
0.5,0.6875,1.0,0.5585998750000001,0.6891346875,1.0089991875
0.5,0.75,0.0,0.7387155,0.6811272500000001,-0.01635225
0.5,0.75,0.0625,0.730112875,0.6849336250000001,0.047666562499999995
0.5,0.75,0.125,0.72151025,0.68874,0.11168537499999999
0.5,0.75,0.1875,0.7129076249999999,0.692546375,0.1757041875
0.5,0.75,0.25,0.704305,0.6963527500000001,0.23972299999999996
0.5,0.75,0.3125,0.695702375,0.7001591250000001,0.30374181249999993
0.5,0.75,0.375,0.68709975,0.7039655,0.36776062499999995
0.5,0.75,0.4375,0.678497125,0.707771875,0.4317794375
0.5,0.75,0.5,0.6698945,0.7115782500000001,0.49579824999999994
0.5,0.75,0.5625,0.661291875,0.7153846250000001,0.5598170625
0.5,0.75,0.625,0.65268925,0.719191,0.6238358749999999
0.5,0.75,0.6875,0.644086625,0.722997375,0.6878546875
0.5,0.75,0.75,0.6354839999999999,0.7268037500000001,0.7518735
0.5,0.75,0.8125,0.626881375,0.7306101250000001,0.8158923124999999
0.5,0.75,0.875,0.61827875,0.7344165,0.879911125
0.5,0.75,0.9375,0.609676125,0.7382228750000001,0.9439299375
0.5,0.75,1.0,0.6010735,0.7420292500000001,1.00794875
0.5,0.8125,0.0,0.781189125,0.7340218125,-0.0174026875
0.5,0.8125,0.0625,0.7725865000000001,0.7378281875,0.046616124999999994
0.5,0.8125,0.125,0.7639838750000001,0.7416345624999999,0.11063493749999999
0.5,0.8125,0.1875,0.75538125,0.7454409375,0.17465375
0.5,0.8125,0.25,0.746778625,0.7492473125,0.23867256249999996
0.5,0.8125,0.3125,0.738176,0.7530536875,0.30269137499999993
0.5,0.8125,0.375,0.7295733750000001,0.7568600624999999,0.36671018749999995
0.5,0.8125,0.4375,0.72097075,0.7606664375,0.430729
0.5,0.8125,0.5,0.712368125,0.7644728125,0.49474781249999994
0.5,0.8125,0.5625,0.7037655,0.7682791875,0.558766625
0.5,0.8125,0.625,0.6951628750000001,0.7720855624999999,0.6227854374999999
0.5,0.8125,0.6875,0.6865602500000001,0.7758919375,0.68680425
0.5,0.8125,0.75,0.677957625,0.7796983125,0.7508230625
0.5,0.8125,0.8125,0.669355,0.7835046875,0.8148418749999999
0.5,0.8125,0.875,0.6607523750000001,0.7873110624999999,0.8788606875
0.5,0.8125,0.9375,0.6521497500000001,0.7911174375,0.9428795
0.5,0.8125,1.0,0.643547125,0.7949238125,1.0068983125
0.5,0.875,0.0,0.82366275,0.7869163749999999,-0.018453124999999997
0.5,0.875,0.0625,0.815060125,0.7907227499999999,0.04556568749999999
0.5,0.875,0.125,0.8064575,0.7945291249999998,0.10958449999999999
0.5,0.875,0.1875,0.797854875,0.7983354999999999,0.1736033125
0.5,0.875,0.25,0.78925225,0.8021418749999999,0.237622125
0.5,0.875,0.3125,0.780649625,0.8059482499999999,0.30164093749999993
0.5,0.875,0.375,0.772047,0.8097546249999998,0.36565974999999995
0.5,0.875,0.4375,0.763444375,0.8135609999999999,0.42967856249999997
0.5,0.875,0.5,0.75484175,0.8173673749999999,0.49369737499999994
0.5,0.875,0.5625,0.746239125,0.8211737499999999,0.5577161875
0.5,0.875,0.625,0.7376365,0.8249801249999998,0.6217349999999999
0.5,0.875,0.6875,0.729033875,0.8287864999999999,0.6857538125
0.5,0.875,0.75,0.72043125,0.8325928749999999,0.749772625
0.5,0.875,0.8125,0.711828625,0.8363992499999999,0.8137914374999999
0.5,0.875,0.875,0.703226,0.8402056249999998,0.87781025
0.5,0.875,0.9375,0.694623375,0.8440119999999999,0.9418290625
0.5,0.875,1.0,0.68602075,0.8478183749999999,1.005847875
0.5,0.9375,0.0,0.8661363750000001,0.8398109375,-0.0195035625
0.5,0.9375,0.0625,0.8575337500000001,0.8436173125,0.04451524999999999
0.5,0.9375,0.125,0.8489311250000001,0.8474236875,0.10853406249999999
0.5,0.9375,0.1875,0.8403285,0.8512300625,0.172552875
0.5,0.9375,0.25,0.8317258750000001,0.8550364375,0.2365716875
0.5,0.9375,0.3125,0.8231232500000001,0.8588428125,0.3005904999999999
0.5,0.9375,0.375,0.8145206250000001,0.8626491875,0.36460931249999995
0.5,0.9375,0.4375,0.8059180000000001,0.8664555625,0.42862812499999997
0.5,0.9375,0.5,0.797315375,0.8702619375,0.49264693749999994
0.5,0.9375,0.5625,0.7887127500000001,0.8740683125,0.55666575
0.5,0.9375,0.625,0.7801101250000001,0.8778746875,0.6206845624999999
0.5,0.9375,0.6875,0.7715075000000001,0.8816810625,0.684703375
0.5,0.9375,0.75,0.762904875,0.8854874375,0.7487221875
0.5,0.9375,0.8125,0.7543022500000001,0.8892938125000001,0.8127409999999999
0.5,0.9375,0.875,0.7456996250000001,0.8931001875,0.8767598125
0.5,0.9375,0.9375,0.7370970000000001,0.8969065625,0.940778625
0.5,0.9375,1.0,0.7284943750000001,0.9007129375,1.0047974375
0.5,1.0,0.0,0.90861,0.8927054999999999,-0.020554
0.5,1.0,0.0625,0.900007375,0.896511875,0.04346481249999999
0.5,1.0,0.125,0.8914047500000001,0.9003182499999999,0.10748362499999999
0.5,1.0,0.1875,0.882802125,0.9041246249999999,0.1715024375
0.5,1.0,0.25,0.8741995,0.9079309999999999,0.23552125
0.5,1.0,0.3125,0.865596875,0.911737375,0.2995400624999999
0.5,1.0,0.375,0.8569942500000001,0.9155437499999999,0.36355887499999995
0.5,1.0,0.4375,0.8483916250000001,0.9193501249999999,0.42757768749999997
0.5,1.0,0.5,0.839789,0.9231564999999999,0.49159649999999994
0.5,1.0,0.5625,0.831186375,0.926962875,0.5556153125
0.5,1.0,0.625,0.8225837500000001,0.9307692499999999,0.6196341249999999
0.5,1.0,0.6875,0.8139811250000001,0.9345756249999999,0.6836529375
0.5,1.0,0.75,0.8053785,0.9383819999999999,0.74767175
0.5,1.0,0.8125,0.796775875,0.942188375,0.8116905624999999
0.5,1.0,0.875,0.78817325,0.9459947499999999,0.875709375
0.5,1.0,0.9375,0.7795706250000001,0.9498011249999999,0.9397281875
0.5,1.0,1.0,0.7709680000000001,0.9536074999999999,1.003747
0.5625,0.0,0.0,0.25766100000000003,0.052191562500000004,-0.0042153749999999995
0.5625,0.0,0.0625,0.24905837500000003,0.055997937500000004,0.059803437499999994
0.5625,0.0,0.125,0.24045575000000002,0.059804312500000005,0.12382225
0.5625,0.0,0.1875,0.23185312500000002,0.0636106875,0.1878410625
0.5625,0.0,0.25,0.22325050000000002,0.0674170625,0.25185987499999996
0.5625,0.0,0.3125,0.21464787500000004,0.0712234375,0.3158786874999999
0.5625,0.0,0.375,0.20604525000000004,0.0750298125,0.37989749999999994
0.5625,0.0,0.4375,0.19744262500000004,0.0788361875,0.44391631249999997
0.5625,0.0,0.5,0.18884000000000004,0.0826425625,0.5079351249999999
0.5625,0.0,0.5625,0.18023737500000003,0.0864489375,0.5719539374999999
0.5625,0.0,0.625,0.17163475000000003,0.0902553125,0.6359727499999999
0.5625,0.0,0.6875,0.16303212500000003,0.0940616875,0.6999915624999999
0.5625,0.0,0.75,0.15442950000000005,0.09786806249999999,0.7640103749999999
0.5625,0.0,0.8125,0.14582687500000002,0.10167443749999999,0.8280291874999999
0.5625,0.0,0.875,0.13722425000000005,0.10548081249999999,0.892048
0.5625,0.0,0.9375,0.12862162500000004,0.1092871875,0.9560668124999999
0.5625,0.0,1.0,0.12001900000000004,0.1130935625,1.0200856249999999
0.5625,0.0625,0.0,0.30013462500000004,0.105086125,-0.0052658125
0.5625,0.0625,0.0625,0.29153200000000007,0.1088925,0.05875299999999999
0.5625,0.0625,0.125,0.28292937500000004,0.112698875,0.1227718125
0.5625,0.0625,0.1875,0.27432675000000006,0.11650525,0.186790625
0.5625,0.0625,0.25,0.26572412500000003,0.120311625,0.25080943749999995
0.5625,0.0625,0.3125,0.25712150000000006,0.124118,0.3148282499999999
0.5625,0.0625,0.375,0.24851887500000006,0.127924375,0.37884706249999994
0.5625,0.0625,0.4375,0.23991625000000005,0.13173075,0.44286587499999996
0.5625,0.0625,0.5,0.23131362500000005,0.135537125,0.5068846874999999
0.5625,0.0625,0.5625,0.22271100000000005,0.1393435,0.5709034999999999
0.5625,0.0625,0.625,0.21410837500000005,0.143149875,0.6349223124999999
0.5625,0.0625,0.6875,0.20550575000000004,0.14695625,0.6989411249999999
0.5625,0.0625,0.75,0.19690312500000007,0.15076262499999998,0.7629599374999999
0.5625,0.0625,0.8125,0.18830050000000004,0.154569,0.8269787499999999
0.5625,0.0625,0.875,0.17969787500000006,0.15837537499999998,0.8909975625
0.5625,0.0625,0.9375,0.17109525000000006,0.16218175,0.9550163749999999
0.5625,0.0625,1.0,0.16249262500000006,0.165988125,1.0190351874999999
0.5625,0.125,0.0,0.34260825000000006,0.1579806875,-0.006316249999999999
0.5625,0.125,0.0625,0.3340056250000001,0.1617870625,0.0577025625
0.5625,0.125,0.125,0.32540300000000005,0.1655934375,0.12172137499999999
0.5625,0.125,0.1875,0.3168003750000001,0.1693998125,0.1857401875
0.5625,0.125,0.25,0.30819775000000005,0.1732061875,0.24975899999999998
0.5625,0.125,0.3125,0.2995951250000001,0.1770125625,0.3137778124999999
0.5625,0.125,0.375,0.29099250000000004,0.1808189375,0.37779662499999994
0.5625,0.125,0.4375,0.28238987500000007,0.1846253125,0.44181543749999996
0.5625,0.125,0.5,0.27378725000000004,0.1884316875,0.5058342499999999
0.5625,0.125,0.5625,0.26518462500000006,0.1922380625,0.5698530624999999
0.5625,0.125,0.625,0.2565820000000001,0.1960444375,0.6338718749999999
0.5625,0.125,0.6875,0.24797937500000006,0.1998508125,0.6978906874999999
0.5625,0.125,0.75,0.23937675000000008,0.2036571875,0.7619094999999999
0.5625,0.125,0.8125,0.23077412500000005,0.20746356249999998,0.8259283124999999
0.5625,0.125,0.875,0.22217150000000008,0.2112699375,0.889947125
0.5625,0.125,0.9375,0.21356887500000007,0.21507631249999998,0.9539659374999999
0.5625,0.125,1.0,0.20496625000000007,0.2188826875,1.0179847499999999
0.5625,0.1875,0.0,0.385081875,0.21087525000000001,-0.007366687499999999
0.5625,0.1875,0.0625,0.37647925000000004,0.21468162500000001,0.056652125
0.5625,0.1875,0.125,0.367876625,0.21848800000000002,0.12067093749999999
0.5625,0.1875,0.1875,0.35927400000000004,0.22229437500000002,0.18468974999999999
0.5625,0.1875,0.25,0.350671375,0.22610075000000002,0.24870856249999998
0.5625,0.1875,0.3125,0.34206875000000003,0.22990712500000002,0.3127273749999999
0.5625,0.1875,0.375,0.333466125,0.23371350000000002,0.37674618749999994
0.5625,0.1875,0.4375,0.3248635,0.23751987500000002,0.44076499999999996
0.5625,0.1875,0.5,0.316260875,0.24132625000000002,0.5047838124999999
0.5625,0.1875,0.5625,0.30765825,0.24513262500000002,0.5688026249999999
0.5625,0.1875,0.625,0.29905562500000005,0.24893900000000002,0.6328214374999999
0.5625,0.1875,0.6875,0.290453,0.252745375,0.6968402499999999
0.5625,0.1875,0.75,0.28185037500000004,0.25655175,0.7608590624999999
0.5625,0.1875,0.8125,0.27324775,0.260358125,0.8248778749999999
0.5625,0.1875,0.875,0.26464512500000004,0.2641645,0.8888966875
0.5625,0.1875,0.9375,0.25604250000000006,0.267970875,0.9529154999999999
0.5625,0.1875,1.0,0.24743987500000003,0.27177725,1.0169343124999999
0.5625,0.25,0.0,0.42755550000000003,0.2637698125,-0.008417125
0.5625,0.25,0.0625,0.41895287500000006,0.26757618749999995,0.0556016875
0.5625,0.25,0.125,0.41035025,0.2713825625,0.11962049999999999
0.5625,0.25,0.1875,0.40174762500000005,0.27518893749999995,0.18363931249999998
0.5625,0.25,0.25,0.393145,0.2789953125,0.24765812499999998
0.5625,0.25,0.3125,0.38454237500000005,0.28280168749999995,0.3116769374999999
0.5625,0.25,0.375,0.37593975,0.2866080625,0.37569574999999994
0.5625,0.25,0.4375,0.36733712500000004,0.29041443749999996,0.43971456249999996
0.5625,0.25,0.5,0.35873450000000007,0.2942208125,0.5037333749999999
0.5625,0.25,0.5625,0.35013187500000004,0.29802718749999996,0.5677521874999999
0.5625,0.25,0.625,0.34152925,0.3018335625,0.6317709999999999
0.5625,0.25,0.6875,0.33292662500000003,0.30563993749999996,0.6957898124999999
0.5625,0.25,0.75,0.32432400000000006,0.3094463125,0.7598086249999999
0.5625,0.25,0.8125,0.315721375,0.31325268749999996,0.8238274374999999
0.5625,0.25,0.875,0.30711875000000005,0.3170590625,0.88784625
0.5625,0.25,0.9375,0.298516125,0.32086543749999996,0.9518650624999999
0.5625,0.25,1.0,0.28991350000000005,0.3246718125,1.0158838749999999
0.5625,0.3125,0.0,0.47002912500000005,0.316664375,-0.009467562499999999
0.5625,0.3125,0.0625,0.4614265000000001,0.32047074999999997,0.054551249999999996
0.5625,0.3125,0.125,0.45282387500000004,0.324277125,0.11857006249999999
0.5625,0.3125,0.1875,0.44422125000000007,0.3280835,0.18258887499999998
0.5625,0.3125,0.25,0.43561862500000004,0.331889875,0.24660768749999998
0.5625,0.3125,0.3125,0.42701600000000006,0.33569625,0.3106264999999999
0.5625,0.3125,0.375,0.41841337500000003,0.339502625,0.3746453125
0.5625,0.3125,0.4375,0.40981075000000006,0.343309,0.43866412499999996
0.5625,0.3125,0.5,0.401208125,0.347115375,0.5026829374999999
0.5625,0.3125,0.5625,0.39260550000000005,0.35092175,0.5667017499999999
0.5625,0.3125,0.625,0.3840028750000001,0.354728125,0.6307205624999999
0.5625,0.3125,0.6875,0.37540025000000005,0.3585345,0.6947393749999999
0.5625,0.3125,0.75,0.36679762500000007,0.362340875,0.7587581874999999
0.5625,0.3125,0.8125,0.35819500000000004,0.36614725,0.8227769999999999
0.5625,0.3125,0.875,0.34959237500000007,0.369953625,0.8867958125
0.5625,0.3125,0.9375,0.3409897500000001,0.37376,0.9508146249999999
0.5625,0.3125,1.0,0.33238712500000006,0.377566375,1.0148334374999999
0.5625,0.375,0.0,0.51250275,0.3695589375,-0.010518
0.5625,0.375,0.0625,0.503900125,0.3733653125,0.053500812499999995
0.5625,0.375,0.125,0.4952975,0.3771716875,0.11751962499999999
0.5625,0.375,0.1875,0.486694875,0.3809780625,0.18153843749999998
0.5625,0.375,0.25,0.47809225,0.3847844375,0.24555724999999998
0.5625,0.375,0.3125,0.469489625,0.3885908125,0.3095760624999999
0.5625,0.375,0.375,0.460887,0.3923971875,0.373594875
0.5625,0.375,0.4375,0.452284375,0.3962035625,0.43761368749999996
0.5625,0.375,0.5,0.44368175,0.4000099375,0.5016324999999999
0.5625,0.375,0.5625,0.435079125,0.4038163125,0.5656513124999999
0.5625,0.375,0.625,0.42647650000000004,0.4076226875,0.6296701249999999
0.5625,0.375,0.6875,0.417873875,0.4114290625,0.6936889374999999
0.5625,0.375,0.75,0.40927125000000003,0.4152354375,0.7577077499999999
0.5625,0.375,0.8125,0.400668625,0.4190418125,0.8217265624999999
0.5625,0.375,0.875,0.392066,0.42284818750000003,0.885745375
0.5625,0.375,0.9375,0.38346337500000005,0.4266545625,0.9497641874999999
0.5625,0.375,1.0,0.37486075,0.43046093750000003,1.0137829999999999
0.5625,0.4375,0.0,0.5549763750000001,0.4224535,-0.011568437499999999
0.5625,0.4375,0.0625,0.5463737500000001,0.42625987499999995,0.052450374999999994
0.5625,0.4375,0.125,0.5377711250000001,0.43006625,0.11646918749999999
0.5625,0.4375,0.1875,0.5291685,0.43387262499999996,0.18048799999999998
0.5625,0.4375,0.25,0.5205658750000001,0.437679,0.24450681249999998
0.5625,0.4375,0.3125,0.5119632500000001,0.44148537499999996,0.30852562499999997
0.5625,0.4375,0.375,0.5033606250000001,0.44529175,0.3725444375
0.5625,0.4375,0.4375,0.4947580000000001,0.44909812499999996,0.43656325
0.5625,0.4375,0.5,0.48615537500000006,0.4529045,0.5005820624999999
0.5625,0.4375,0.5625,0.4775527500000001,0.45671087499999996,0.5646008749999999
0.5625,0.4375,0.625,0.4689501250000001,0.46051725,0.6286196874999999
0.5625,0.4375,0.6875,0.4603475000000001,0.46432362499999996,0.6926384999999999
0.5625,0.4375,0.75,0.4517448750000001,0.46813,0.7566573124999999
0.5625,0.4375,0.8125,0.44314225000000007,0.47193637499999996,0.8206761249999999
0.5625,0.4375,0.875,0.4345396250000001,0.47574275,0.8846949375
0.5625,0.4375,0.9375,0.4259370000000001,0.47954912499999997,0.9487137499999999
0.5625,0.4375,1.0,0.4173343750000001,0.4833555,1.0127325624999999
0.5625,0.5,0.0,0.59745,0.4753480625,-0.012618874999999998
0.5625,0.5,0.0625,0.5888473750000001,0.4791544375,0.05139993749999999
0.5625,0.5,0.125,0.5802447500000001,0.4829608125,0.11541874999999999
0.5625,0.5,0.1875,0.571642125,0.4867671875,0.17943756249999998
0.5625,0.5,0.25,0.5630395,0.4905735625,0.24345637499999997
0.5625,0.5,0.3125,0.554436875,0.4943799375,0.30747518749999997
0.5625,0.5,0.375,0.5458342500000001,0.4981863125,0.371494
0.5625,0.5,0.4375,0.537231625,0.5019926875,0.4355128125
0.5625,0.5,0.5,0.528629,0.5057990625,0.499531625
0.5625,0.5,0.5625,0.520026375,0.5096054375,0.5635504374999999
0.5625,0.5,0.625,0.5114237500000001,0.5134118125,0.6275692499999999
0.5625,0.5,0.6875,0.5028211250000001,0.5172181875,0.6915880624999999
0.5625,0.5,0.75,0.49421850000000006,0.5210245625,0.7556068749999999
0.5625,0.5,0.8125,0.48561587500000003,0.5248309375,0.8196256874999999
0.5625,0.5,0.875,0.47701325000000006,0.5286373125,0.8836444999999999
0.5625,0.5,0.9375,0.4684106250000001,0.5324436875,0.9476633124999999
0.5625,0.5,1.0,0.45980800000000005,0.5362500625,1.0116821249999999
0.5625,0.5625,0.0,0.639923625,0.528242625,-0.0136693125
0.5625,0.5625,0.0625,0.631321,0.532049,0.05034949999999999
0.5625,0.5625,0.125,0.622718375,0.5358553749999999,0.11436831249999999
0.5625,0.5625,0.1875,0.61411575,0.5396617499999999,0.17838712499999998
0.5625,0.5625,0.25,0.605513125,0.543468125,0.24240593749999997
0.5625,0.5625,0.3125,0.5969105,0.5472745,0.30642474999999997
0.5625,0.5625,0.375,0.588307875,0.5510808749999999,0.3704435625
0.5625,0.5625,0.4375,0.57970525,0.5548872499999999,0.434462375
0.5625,0.5625,0.5,0.571102625,0.558693625,0.4984811875
0.5625,0.5625,0.5625,0.5625,0.5625,0.5624999999999999
0.5625,0.5625,0.625,0.553897375,0.5663063749999999,0.6265188124999999
0.5625,0.5625,0.6875,0.54529475,0.57011275,0.6905376249999999
0.5625,0.5625,0.75,0.536692125,0.573919125,0.7545564374999999
0.5625,0.5625,0.8125,0.5280895,0.5777255,0.8185752499999999
0.5625,0.5625,0.875,0.519486875,0.5815318749999999,0.8825940624999999
0.5625,0.5625,0.9375,0.51088425,0.58533825,0.9466128749999999
0.5625,0.5625,1.0,0.502281625,0.589144625,1.0106316874999999
0.5625,0.625,0.0,0.6823972500000001,0.5811371875,-0.01471975
0.5625,0.625,0.0625,0.6737946250000001,0.5849435625,0.04929906249999999
0.5625,0.625,0.125,0.6651920000000001,0.5887499374999999,0.11331787499999998
0.5625,0.625,0.1875,0.656589375,0.5925563125,0.17733668749999998
0.5625,0.625,0.25,0.6479867500000001,0.5963626875,0.24135549999999997
0.5625,0.625,0.3125,0.6393841250000001,0.6001690625,0.30537431249999997
0.5625,0.625,0.375,0.6307815000000001,0.6039754374999999,0.369393125
0.5625,0.625,0.4375,0.6221788750000001,0.6077818125,0.4334119375
0.5625,0.625,0.5,0.61357625,0.6115881875,0.49743075
0.5625,0.625,0.5625,0.6049736250000001,0.6153945625,0.5614495624999999
0.5625,0.625,0.625,0.5963710000000001,0.6192009374999999,0.6254683749999999
0.5625,0.625,0.6875,0.5877683750000001,0.6230073125,0.6894871874999999
0.5625,0.625,0.75,0.57916575,0.6268136875,0.7535059999999999
0.5625,0.625,0.8125,0.5705631250000001,0.6306200625,0.8175248124999999
0.5625,0.625,0.875,0.5619605000000001,0.6344264374999999,0.8815436249999999
0.5625,0.625,0.9375,0.5533578750000001,0.6382328125,0.9455624374999999
0.5625,0.625,1.0,0.5447552500000001,0.6420391875,1.0095812499999999
0.5625,0.6875,0.0,0.724870875,0.63403175,-0.015770187499999998
0.5625,0.6875,0.0625,0.71626825,0.637838125,0.048248624999999996
0.5625,0.6875,0.125,0.7076656250000001,0.6416445,0.11226743749999998
0.5625,0.6875,0.1875,0.699063,0.645450875,0.17628624999999998
0.5625,0.6875,0.25,0.690460375,0.64925725,0.24030506249999997
0.5625,0.6875,0.3125,0.68185775,0.653063625,0.30432387499999997
0.5625,0.6875,0.375,0.6732551250000001,0.65687,0.3683426875
0.5625,0.6875,0.4375,0.6646525000000001,0.660676375,0.4323615
0.5625,0.6875,0.5,0.656049875,0.66448275,0.4963803125
0.5625,0.6875,0.5625,0.64744725,0.668289125,0.5603991249999999
0.5625,0.6875,0.625,0.638844625,0.6720955,0.6244179374999999
0.5625,0.6875,0.6875,0.6302420000000001,0.675901875,0.6884367499999999
0.5625,0.6875,0.75,0.621639375,0.67970825,0.7524555624999999
0.5625,0.6875,0.8125,0.61303675,0.683514625,0.8164743749999999
0.5625,0.6875,0.875,0.604434125,0.687321,0.8804931874999999
0.5625,0.6875,0.9375,0.5958315000000001,0.691127375,0.9445119999999999
0.5625,0.6875,1.0,0.5872288750000001,0.69493375,1.0085308124999999
0.5625,0.75,0.0,0.7673445,0.6869263125,-0.016820625
0.5625,0.75,0.0625,0.758741875,0.6907326875,0.047198187499999995
0.5625,0.75,0.125,0.75013925,0.6945390625,0.11121699999999998
0.5625,0.75,0.1875,0.741536625,0.6983454375,0.17523581249999998
0.5625,0.75,0.25,0.732934,0.7021518125,0.23925462499999997
0.5625,0.75,0.3125,0.724331375,0.7059581875000001,0.30327343749999996
0.5625,0.75,0.375,0.71572875,0.7097645625,0.36729225
0.5625,0.75,0.4375,0.707126125,0.7135709375,0.4313110625
0.5625,0.75,0.5,0.6985235,0.7173773125,0.495329875
0.5625,0.75,0.5625,0.689920875,0.7211836875000001,0.5593486874999999
0.5625,0.75,0.625,0.68131825,0.7249900625,0.6233674999999999
0.5625,0.75,0.6875,0.672715625,0.7287964375,0.6873863124999999
0.5625,0.75,0.75,0.664113,0.7326028125,0.7514051249999999
0.5625,0.75,0.8125,0.655510375,0.7364091875000001,0.8154239374999999
0.5625,0.75,0.875,0.64690775,0.7402155625,0.8794427499999999
0.5625,0.75,0.9375,0.638305125,0.7440219375,0.9434615624999999
0.5625,0.75,1.0,0.6297025,0.7478283125,1.0074803749999999
0.5625,0.8125,0.0,0.809818125,0.739820875,-0.0178710625
0.5625,0.8125,0.0625,0.8012155000000001,0.7436272500000001,0.046147749999999994
0.5625,0.8125,0.125,0.7926128750000001,0.747433625,0.11016656249999998
0.5625,0.8125,0.1875,0.78401025,0.75124,0.17418537499999998
0.5625,0.8125,0.25,0.775407625,0.755046375,0.23820418749999997
0.5625,0.8125,0.3125,0.7668050000000001,0.7588527500000001,0.30222299999999996
0.5625,0.8125,0.375,0.7582023750000001,0.762659125,0.3662418125
0.5625,0.8125,0.4375,0.74959975,0.7664655,0.430260625
0.5625,0.8125,0.5,0.740997125,0.770271875,0.4942794375
0.5625,0.8125,0.5625,0.7323945000000001,0.7740782500000001,0.5582982499999999
0.5625,0.8125,0.625,0.7237918750000001,0.777884625,0.6223170624999999
0.5625,0.8125,0.6875,0.7151892500000001,0.781691,0.6863358749999999
0.5625,0.8125,0.75,0.706586625,0.785497375,0.7503546874999999
0.5625,0.8125,0.8125,0.697984,0.7893037500000001,0.8143734999999999
0.5625,0.8125,0.875,0.6893813750000001,0.793110125,0.8783923124999999
0.5625,0.8125,0.9375,0.6807787500000001,0.7969165,0.9424111249999999
0.5625,0.8125,1.0,0.672176125,0.8007228750000001,1.0064299374999999
0.5625,0.875,0.0,0.85229175,0.7927154375,-0.018921499999999997
0.5625,0.875,0.0625,0.843689125,0.7965218125,0.0450973125
0.5625,0.875,0.125,0.8350865000000001,0.8003281874999999,0.109116125
0.5625,0.875,0.1875,0.826483875,0.8041345624999999,0.17313493749999997
0.5625,0.875,0.25,0.81788125,0.8079409375,0.23715374999999997
0.5625,0.875,0.3125,0.809278625,0.8117473125,0.30117256249999996
0.5625,0.875,0.375,0.800676,0.8155536874999999,0.365191375
0.5625,0.875,0.4375,0.792073375,0.8193600624999999,0.4292101875
0.5625,0.875,0.5,0.78347075,0.8231664375,0.493229
0.5625,0.875,0.5625,0.774868125,0.8269728125,0.5572478124999999
0.5625,0.875,0.625,0.7662655,0.8307791874999999,0.6212666249999999
0.5625,0.875,0.6875,0.7576628750000001,0.8345855624999999,0.6852854374999999
0.5625,0.875,0.75,0.74906025,0.8383919375,0.7493042499999999
0.5625,0.875,0.8125,0.740457625,0.8421983125,0.8133230624999999
0.5625,0.875,0.875,0.731855,0.8460046874999999,0.8773418749999999
0.5625,0.875,0.9375,0.7232523750000001,0.8498110624999999,0.9413606874999999
0.5625,0.875,1.0,0.71464975,0.8536174375,1.0053794999999999
0.5625,0.9375,0.0,0.8947653750000001,0.84561,-0.0199719375
0.5625,0.9375,0.0625,0.8861627500000001,0.849416375,0.044046875
0.5625,0.9375,0.125,0.8775601250000001,0.8532227499999999,0.1080656875
0.5625,0.9375,0.1875,0.8689575,0.857029125,0.17208449999999997
0.5625,0.9375,0.25,0.8603548750000001,0.8608355,0.23610331249999997
0.5625,0.9375,0.3125,0.8517522500000001,0.864641875,0.30012212499999996
0.5625,0.9375,0.375,0.8431496250000001,0.8684482499999999,0.3641409375
0.5625,0.9375,0.4375,0.8345470000000001,0.872254625,0.42815975
0.5625,0.9375,0.5,0.8259443750000001,0.876061,0.49217856249999997
0.5625,0.9375,0.5625,0.8173417500000001,0.879867375,0.5561973749999999
0.5625,0.9375,0.625,0.8087391250000001,0.8836737499999999,0.6202161874999998
0.5625,0.9375,0.6875,0.8001365000000001,0.887480125,0.6842349999999999
0.5625,0.9375,0.75,0.791533875,0.8912865,0.7482538124999999
0.5625,0.9375,0.8125,0.7829312500000001,0.895092875,0.8122726249999999
0.5625,0.9375,0.875,0.7743286250000001,0.8988992499999999,0.8762914374999999
0.5625,0.9375,0.9375,0.7657260000000001,0.902705625,0.9403102499999999
0.5625,0.9375,1.0,0.7571233750000002,0.906512,1.0043290624999999
0.5625,1.0,0.0,0.937239,0.8985045625,-0.021022375
0.5625,1.0,0.0625,0.9286363750000001,0.9023109375,0.0429964375
0.5625,1.0,0.125,0.9200337500000001,0.9061173124999999,0.10701524999999999
0.5625,1.0,0.1875,0.911431125,0.9099236875,0.17103406249999997
0.5625,1.0,0.25,0.9028285,0.9137300625,0.23505287499999997
0.5625,1.0,0.3125,0.8942258750000001,0.9175364375,0.29907168749999996
0.5625,1.0,0.375,0.8856232500000001,0.9213428124999999,0.3630905
0.5625,1.0,0.4375,0.8770206250000001,0.9251491875,0.4271093125
0.5625,1.0,0.5,0.868418,0.9289555625,0.49112812499999997
0.5625,1.0,0.5625,0.859815375,0.9327619375,0.5551469374999999
0.5625,1.0,0.625,0.8512127500000001,0.9365683124999999,0.6191657499999998
0.5625,1.0,0.6875,0.8426101250000001,0.9403746875,0.6831845624999999
0.5625,1.0,0.75,0.8340075,0.9441810625,0.7472033749999999
0.5625,1.0,0.8125,0.825404875,0.9479874375,0.8112221874999999
0.5625,1.0,0.875,0.8168022500000001,0.9517938125,0.8752409999999999
0.5625,1.0,0.9375,0.8081996250000001,0.9556001875,0.9392598124999999
0.5625,1.0,1.0,0.7995970000000001,0.9594065625,1.0032786249999999
0.625,0.0,0.0,0.28629000000000004,0.057990625000000004,-0.0046837499999999995
0.625,0.0,0.0625,0.27768737500000007,0.061797000000000005,0.059335062499999994
0.625,0.0,0.125,0.26908475000000004,0.065603375,0.12335387499999999
0.625,0.0,0.1875,0.26048212500000006,0.06940975,0.1873726875
0.625,0.0,0.25,0.25187950000000003,0.073216125,0.2513915
0.625,0.0,0.3125,0.24327687500000006,0.07702250000000001,0.31541031249999996
0.625,0.0,0.375,0.23467425000000006,0.080828875,0.379429125
0.625,0.0,0.4375,0.22607162500000005,0.08463525,0.4434479375
0.625,0.0,0.5,0.21746900000000005,0.088441625,0.50746675
0.625,0.0,0.5625,0.20886637500000005,0.092248,0.5714855624999999
0.625,0.0,0.625,0.20026375000000005,0.096054375,0.6355043749999999
0.625,0.0,0.6875,0.19166112500000004,0.09986075,0.6995231875
0.625,0.0,0.75,0.18305850000000007,0.103667125,0.7635419999999999
0.625,0.0,0.8125,0.17445587500000004,0.1074735,0.8275608124999999
0.625,0.0,0.875,0.16585325000000006,0.111279875,0.891579625
0.625,0.0,0.9375,0.15725062500000006,0.11508625,0.9555984375
0.625,0.0,1.0,0.14864800000000006,0.118892625,1.0196172499999998
0.625,0.0625,0.0,0.32876362500000006,0.11088518750000001,-0.0057341875
0.625,0.0625,0.0625,0.3201610000000001,0.11469156250000001,0.05828462499999999
0.625,0.0625,0.125,0.31155837500000005,0.11849793750000001,0.12230343749999999
0.625,0.0625,0.1875,0.3029557500000001,0.12230431250000001,0.18632225
0.625,0.0625,0.25,0.29435312500000005,0.1261106875,0.2503410625
0.625,0.0625,0.3125,0.2857505000000001,0.1299170625,0.31435987499999996
0.625,0.0625,0.375,0.27714787500000004,0.13372343750000001,0.3783786875
0.625,0.0625,0.4375,0.26854525000000007,0.13752981250000001,0.4423975
0.625,0.0625,0.5,0.2599426250000001,0.14133618750000002,0.5064163125
0.625,0.0625,0.5625,0.25134000000000006,0.14514256250000002,0.5704351249999999
0.625,0.0625,0.625,0.24273737500000006,0.14894893750000002,0.6344539374999999
0.625,0.0625,0.6875,0.23413475000000006,0.15275531250000002,0.69847275
0.625,0.0625,0.75,0.22553212500000008,0.1565616875,0.7624915624999999
0.625,0.0625,0.8125,0.21692950000000005,0.16036806250000002,0.8265103749999999
0.625,0.0625,0.875,0.20832687500000008,0.1641744375,0.8905291875
0.625,0.0625,0.9375,0.19972425000000008,0.16798081250000002,0.954548
0.625,0.0625,1.0,0.19112162500000007,0.1717871875,1.0185668124999998
0.625,0.125,0.0,0.3712372500000001,0.16377975,-0.006784624999999999
0.625,0.125,0.0625,0.3626346250000001,0.167586125,0.05723418749999999
0.625,0.125,0.125,0.35403200000000007,0.1713925,0.12125299999999999
0.625,0.125,0.1875,0.3454293750000001,0.175198875,0.1852718125
0.625,0.125,0.25,0.33682675000000006,0.17900525,0.249290625
0.625,0.125,0.3125,0.3282241250000001,0.182811625,0.31330943749999995
0.625,0.125,0.375,0.31962150000000006,0.186618,0.37732825
0.625,0.125,0.4375,0.3110188750000001,0.190424375,0.4413470625
0.625,0.125,0.5,0.30241625000000005,0.19423075,0.505365875
0.625,0.125,0.5625,0.2938136250000001,0.198037125,0.5693846874999999
0.625,0.125,0.625,0.2852110000000001,0.2018435,0.6334034999999999
0.625,0.125,0.6875,0.2766083750000001,0.205649875,0.6974223125
0.625,0.125,0.75,0.2680057500000001,0.20945625,0.7614411249999999
0.625,0.125,0.8125,0.25940312500000007,0.21326262499999998,0.8254599374999999
0.625,0.125,0.875,0.2508005000000001,0.217069,0.88947875
0.625,0.125,0.9375,0.2421978750000001,0.22087537499999998,0.9534975625
0.625,0.125,1.0,0.2335952500000001,0.22468175,1.0175163749999998
0.625,0.1875,0.0,0.41371087500000003,0.21667431250000002,-0.0078350625
0.625,0.1875,0.0625,0.40510825000000006,0.22048068750000002,0.05618374999999999
0.625,0.1875,0.125,0.39650562500000003,0.22428706250000002,0.12020256249999998
0.625,0.1875,0.1875,0.38790300000000005,0.22809343750000002,0.184221375
0.625,0.1875,0.25,0.379300375,0.23189981250000002,0.2482401875
0.625,0.1875,0.3125,0.37069775000000005,0.23570618750000003,0.31225899999999995
0.625,0.1875,0.375,0.362095125,0.23951256250000003,0.3762778125
0.625,0.1875,0.4375,0.35349250000000004,0.24331893750000003,0.440296625
0.625,0.1875,0.5,0.344889875,0.24712531250000003,0.5043154375
0.625,0.1875,0.5625,0.33628725000000004,0.2509316875,0.5683342499999999
0.625,0.1875,0.625,0.32768462500000006,0.25473806250000003,0.6323530624999999
0.625,0.1875,0.6875,0.31908200000000003,0.2585444375,0.696371875
0.625,0.1875,0.75,0.31047937500000006,0.26235081250000003,0.7603906874999999
0.625,0.1875,0.8125,0.30187675,0.2661571875,0.8244094999999999
0.625,0.1875,0.875,0.29327412500000005,0.26996356250000003,0.8884283125
0.625,0.1875,0.9375,0.2846715000000001,0.2737699375,0.952447125
0.625,0.1875,1.0,0.27606887500000005,0.27757631250000003,1.0164659374999998
0.625,0.25,0.0,0.45618450000000005,0.269568875,-0.0088855
0.625,0.25,0.0625,0.4475818750000001,0.27337524999999996,0.0551333125
0.625,0.25,0.125,0.43897925000000004,0.277181625,0.11915212499999998
0.625,0.25,0.1875,0.43037662500000007,0.28098799999999996,0.1831709375
0.625,0.25,0.25,0.42177400000000004,0.284794375,0.24718974999999999
0.625,0.25,0.3125,0.41317137500000006,0.28860074999999996,0.31120856249999995
0.625,0.25,0.375,0.40456875000000003,0.292407125,0.375227375
0.625,0.25,0.4375,0.39596612500000006,0.29621349999999996,0.4392461875
0.625,0.25,0.5,0.3873635000000001,0.300019875,0.503265
0.625,0.25,0.5625,0.37876087500000005,0.30382624999999996,0.5672838124999999
0.625,0.25,0.625,0.37015825,0.307632625,0.6313026249999999
0.625,0.25,0.6875,0.36155562500000005,0.31143899999999997,0.6953214375
0.625,0.25,0.75,0.35295300000000007,0.315245375,0.7593402499999999
0.625,0.25,0.8125,0.34435037500000004,0.31905174999999997,0.8233590624999999
0.625,0.25,0.875,0.33574775000000007,0.322858125,0.887377875
0.625,0.25,0.9375,0.32714512500000004,0.32666449999999997,0.9513966875
0.625,0.25,1.0,0.31854250000000006,0.330470875,1.0154154999999998
0.625,0.3125,0.0,0.49865812500000006,0.3224634375,-0.009935937499999999
0.625,0.3125,0.0625,0.4900555000000001,0.3262698125,0.054082874999999996
0.625,0.3125,0.125,0.48145287500000006,0.3300761875,0.1181016875
0.625,0.3125,0.1875,0.4728502500000001,0.3338825625,0.1821205
0.625,0.3125,0.25,0.46424762500000005,0.3376889375,0.24613931249999998
0.625,0.3125,0.3125,0.4556450000000001,0.3414953125,0.31015812499999995
0.625,0.3125,0.375,0.44704237500000005,0.3453016875,0.3741769375
0.625,0.3125,0.4375,0.4384397500000001,0.3491080625,0.43819575
0.625,0.3125,0.5,0.42983712500000004,0.3529144375,0.5022145625
0.625,0.3125,0.5625,0.42123450000000007,0.3567208125,0.5662333749999999
0.625,0.3125,0.625,0.4126318750000001,0.3605271875,0.6302521874999999
0.625,0.3125,0.6875,0.40402925000000006,0.3643335625,0.694271
0.625,0.3125,0.75,0.3954266250000001,0.3681399375,0.7582898124999999
0.625,0.3125,0.8125,0.38682400000000006,0.3719463125,0.8223086249999999
0.625,0.3125,0.875,0.3782213750000001,0.3757526875,0.8863274375
0.625,0.3125,0.9375,0.3696187500000001,0.3795590625,0.95034625
0.625,0.3125,1.0,0.3610161250000001,0.3833654375,1.0143650624999998
0.625,0.375,0.0,0.54113175,0.375358,-0.010986375
0.625,0.375,0.0625,0.532529125,0.379164375,0.053032437499999995
0.625,0.375,0.125,0.5239265000000001,0.38297075,0.11705125
0.625,0.375,0.1875,0.515323875,0.386777125,0.1810700625
0.625,0.375,0.25,0.50672125,0.39058350000000003,0.24508887499999998
0.625,0.375,0.3125,0.49811862500000004,0.394389875,0.30910768749999995
0.625,0.375,0.375,0.489516,0.39819625000000003,0.37312649999999997
0.625,0.375,0.4375,0.48091337500000003,0.402002625,0.4371453125
0.625,0.375,0.5,0.47231075,0.40580900000000003,0.501164125
0.625,0.375,0.5625,0.463708125,0.409615375,0.5651829374999999
0.625,0.375,0.625,0.45510550000000005,0.41342175000000003,0.6292017499999999
0.625,0.375,0.6875,0.446502875,0.417228125,0.6932205625
0.625,0.375,0.75,0.43790025000000005,0.42103450000000003,0.7572393749999999
0.625,0.375,0.8125,0.429297625,0.424840875,0.8212581874999999
0.625,0.375,0.875,0.42069500000000004,0.42864725000000004,0.885277
0.625,0.375,0.9375,0.41209237500000007,0.432453625,0.9492958125
0.625,0.375,1.0,0.40348975000000004,0.43626000000000004,1.0133146249999998
0.625,0.4375,0.0,0.5836053750000001,0.4282525625,-0.012036812499999999
0.625,0.4375,0.0625,0.5750027500000001,0.43205893749999996,0.051981999999999993
0.625,0.4375,0.125,0.5664001250000001,0.4358653125,0.1160008125
0.625,0.4375,0.1875,0.5577975000000001,0.43967168749999996,0.180019625
0.625,0.4375,0.25,0.5491948750000001,0.4434780625,0.24403843749999998
0.625,0.4375,0.3125,0.5405922500000001,0.44728443749999997,0.30805724999999995
0.625,0.4375,0.375,0.5319896250000001,0.4510908125,0.37207606249999997
0.625,0.4375,0.4375,0.523387,0.45489718749999997,0.436094875
0.625,0.4375,0.5,0.5147843750000001,0.4587035625,0.5001136875
0.625,0.4375,0.5625,0.5061817500000001,0.46250993749999997,0.5641324999999999
0.625,0.4375,0.625,0.4975791250000001,0.4663163125,0.6281513124999999
0.625,0.4375,0.6875,0.4889765000000001,0.47012268749999997,0.692170125
0.625,0.4375,0.75,0.4803738750000001,0.4739290625,0.7561889374999999
0.625,0.4375,0.8125,0.4717712500000001,0.47773543749999997,0.8202077499999999
0.625,0.4375,0.875,0.4631686250000001,0.4815418125,0.8842265625
0.625,0.4375,0.9375,0.45456600000000014,0.4853481875,0.948245375
0.625,0.4375,1.0,0.4459633750000001,0.4891545625,1.0122641874999998
0.625,0.5,0.0,0.626079,0.481147125,-0.013087249999999998
0.625,0.5,0.0625,0.6174763750000001,0.4849535,0.0509315625
0.625,0.5,0.125,0.6088737500000001,0.488759875,0.114950375
0.625,0.5,0.1875,0.600271125,0.49256625,0.1789691875
0.625,0.5,0.25,0.5916685,0.496372625,0.24298799999999998
0.625,0.5,0.3125,0.5830658750000001,0.500179,0.30700681249999995
0.625,0.5,0.375,0.5744632500000001,0.503985375,0.37102562499999997
0.625,0.5,0.4375,0.565860625,0.50779175,0.4350444375
0.625,0.5,0.5,0.557258,0.511598125,0.49906324999999996
0.625,0.5,0.5625,0.5486553750000001,0.5154045,0.5630820624999999
0.625,0.5,0.625,0.5400527500000001,0.519210875,0.6271008749999999
0.625,0.5,0.6875,0.5314501250000001,0.52301725,0.6911196875
0.625,0.5,0.75,0.5228475,0.526823625,0.7551384999999999
0.625,0.5,0.8125,0.514244875,0.53063,0.8191573124999999
0.625,0.5,0.875,0.5056422500000001,0.534436375,0.883176125
0.625,0.5,0.9375,0.4970396250000001,0.53824275,0.9471949375
0.625,0.5,1.0,0.48843700000000007,0.542049125,1.0112137499999998
0.625,0.5625,0.0,0.668552625,0.5340416875,-0.0141376875
0.625,0.5625,0.0625,0.65995,0.5378480625000001,0.049881125
0.625,0.5625,0.125,0.6513473750000001,0.5416544375,0.11389993749999999
0.625,0.5625,0.1875,0.64274475,0.5454608125,0.17791875
0.625,0.5625,0.25,0.634142125,0.5492671875,0.24193756249999998
0.625,0.5625,0.3125,0.6255395,0.5530735625000001,0.30595637499999995
0.625,0.5625,0.375,0.616936875,0.5568799375,0.36997518749999997
0.625,0.5625,0.4375,0.60833425,0.5606863125,0.433994
0.625,0.5625,0.5,0.599731625,0.5644926875,0.49801281249999996
0.625,0.5625,0.5625,0.591129,0.5682990625000001,0.5620316249999999
0.625,0.5625,0.625,0.582526375,0.5721054375,0.6260504374999999
0.625,0.5625,0.6875,0.5739237500000001,0.5759118125,0.69006925
0.625,0.5625,0.75,0.565321125,0.5797181875,0.7540880624999999
0.625,0.5625,0.8125,0.5567185,0.5835245625000001,0.8181068749999999
0.625,0.5625,0.875,0.548115875,0.5873309375,0.8821256875
0.625,0.5625,0.9375,0.53951325,0.5911373125,0.9461444999999999
0.625,0.5625,1.0,0.530910625,0.5949436875,1.0101633124999998
0.625,0.625,0.0,0.7110262500000001,0.5869362499999999,-0.015188125
0.625,0.625,0.0625,0.7024236250000001,0.590742625,0.0488306875
0.625,0.625,0.125,0.6938210000000001,0.5945489999999999,0.11284949999999999
0.625,0.625,0.1875,0.685218375,0.5983553749999999,0.17686831249999999
0.625,0.625,0.25,0.6766157500000001,0.6021617499999999,0.24088712499999998
0.625,0.625,0.3125,0.6680131250000001,0.605968125,0.30490593749999995
0.625,0.625,0.375,0.6594105000000001,0.6097744999999999,0.36892474999999997
0.625,0.625,0.4375,0.6508078750000001,0.6135808749999999,0.4329435625
0.625,0.625,0.5,0.6422052500000001,0.6173872499999999,0.49696237499999996
0.625,0.625,0.5625,0.6336026250000001,0.621193625,0.5609811874999999
0.625,0.625,0.625,0.6250000000000001,0.6249999999999999,0.6249999999999999
0.625,0.625,0.6875,0.6163973750000001,0.6288063749999999,0.6890188125
0.625,0.625,0.75,0.60779475,0.63261275,0.7530376249999999
0.625,0.625,0.8125,0.5991921250000001,0.636419125,0.8170564374999999
0.625,0.625,0.875,0.5905895000000001,0.6402254999999999,0.88107525
0.625,0.625,0.9375,0.5819868750000001,0.6440318749999999,0.9450940624999999
0.625,0.625,1.0,0.5733842500000002,0.64783825,1.0091128749999998
0.625,0.6875,0.0,0.753499875,0.6398308125,-0.016238562499999998
0.625,0.6875,0.0625,0.7448972500000001,0.6436371875,0.047780249999999996
0.625,0.6875,0.125,0.7362946250000001,0.6474435624999999,0.11179906249999999
0.625,0.6875,0.1875,0.727692,0.6512499374999999,0.17581787499999998
0.625,0.6875,0.25,0.719089375,0.6550563125,0.23983668749999998
0.625,0.6875,0.3125,0.7104867500000001,0.6588626875,0.30385549999999995
0.625,0.6875,0.375,0.7018841250000001,0.6626690624999999,0.36787431249999997
0.625,0.6875,0.4375,0.6932815000000001,0.6664754374999999,0.431893125
0.625,0.6875,0.5,0.684678875,0.6702818125,0.49591193749999996
0.625,0.6875,0.5625,0.67607625,0.6740881875,0.5599307499999999
0.625,0.6875,0.625,0.6674736250000001,0.6778945624999999,0.6239495624999999
0.625,0.6875,0.6875,0.6588710000000001,0.6817009374999999,0.687968375
0.625,0.6875,0.75,0.650268375,0.6855073125,0.7519871874999999
0.625,0.6875,0.8125,0.64166575,0.6893136875,0.8160059999999999
0.625,0.6875,0.875,0.6330631250000001,0.6931200624999999,0.8800248125
0.625,0.6875,0.9375,0.6244605000000001,0.6969264374999999,0.9440436249999999
0.625,0.6875,1.0,0.6158578750000001,0.7007328125,1.0080624375
0.625,0.75,0.0,0.7959735,0.692725375,-0.017289
0.625,0.75,0.0625,0.787370875,0.69653175,0.046729812499999995
0.625,0.75,0.125,0.77876825,0.7003381249999999,0.11074862499999999
0.625,0.75,0.1875,0.770165625,0.7041445,0.17476743749999998
0.625,0.75,0.25,0.761563,0.707950875,0.23878624999999998
0.625,0.75,0.3125,0.752960375,0.71175725,0.30280506249999994
0.625,0.75,0.375,0.74435775,0.7155636249999999,0.36682387499999997
0.625,0.75,0.4375,0.7357551250000001,0.71937,0.4308426875
0.625,0.75,0.5,0.7271525,0.723176375,0.49486149999999995
0.625,0.75,0.5625,0.718549875,0.72698275,0.5588803124999999
0.625,0.75,0.625,0.70994725,0.7307891249999999,0.6228991249999999
0.625,0.75,0.6875,0.701344625,0.7345955,0.6869179375
0.625,0.75,0.75,0.692742,0.738401875,0.7509367499999999
0.625,0.75,0.8125,0.684139375,0.74220825,0.8149555624999999
0.625,0.75,0.875,0.67553675,0.7460146249999999,0.878974375
0.625,0.75,0.9375,0.666934125,0.749821,0.9429931874999999
0.625,0.75,1.0,0.6583315000000001,0.753627375,1.007012
0.625,0.8125,0.0,0.8384471250000001,0.7456199375,-0.0183394375
0.625,0.8125,0.0625,0.8298445000000001,0.7494263125,0.045679374999999994
0.625,0.8125,0.125,0.8212418750000001,0.7532326874999999,0.10969818749999999
0.625,0.8125,0.1875,0.81263925,0.7570390625,0.17371699999999998
0.625,0.8125,0.25,0.8040366250000001,0.7608454375,0.23773581249999998
0.625,0.8125,0.3125,0.7954340000000001,0.7646518125,0.30175462499999994
0.625,0.8125,0.375,0.7868313750000001,0.7684581875,0.36577343749999996
0.625,0.8125,0.4375,0.77822875,0.7722645625,0.42979225
0.625,0.8125,0.5,0.769626125,0.7760709375,0.49381106249999995
0.625,0.8125,0.5625,0.7610235000000001,0.7798773125,0.5578298749999999
0.625,0.8125,0.625,0.7524208750000001,0.7836836875,0.6218486874999999
0.625,0.8125,0.6875,0.7438182500000001,0.7874900625,0.6858675
0.625,0.8125,0.75,0.735215625,0.7912964375,0.7498863124999999
0.625,0.8125,0.8125,0.7266130000000001,0.7951028125,0.8139051249999999
0.625,0.8125,0.875,0.7180103750000001,0.7989091875,0.8779239375
0.625,0.8125,0.9375,0.7094077500000001,0.8027155625,0.9419427499999999
0.625,0.8125,1.0,0.700805125,0.8065219375,1.0059615625
0.625,0.875,0.0,0.88092075,0.7985144999999999,-0.019389874999999997
0.625,0.875,0.0625,0.872318125,0.8023208749999999,0.04462893749999999
0.625,0.875,0.125,0.8637155000000001,0.8061272499999999,0.10864774999999999
0.625,0.875,0.1875,0.855112875,0.8099336249999999,0.17266656249999998
0.625,0.875,0.25,0.84651025,0.8137399999999999,0.23668537499999998
0.625,0.875,0.3125,0.837907625,0.8175463749999999,0.30070418749999994
0.625,0.875,0.375,0.8293050000000001,0.8213527499999999,0.36472299999999996
0.625,0.875,0.4375,0.820702375,0.8251591249999999,0.4287418125
0.625,0.875,0.5,0.81209975,0.8289654999999999,0.49276062499999995
0.625,0.875,0.5625,0.803497125,0.8327718749999999,0.5567794374999999
0.625,0.875,0.625,0.7948945000000001,0.8365782499999999,0.6207982499999999
0.625,0.875,0.6875,0.7862918750000001,0.8403846249999999,0.6848170625
0.625,0.875,0.75,0.77768925,0.8441909999999999,0.7488358749999999
0.625,0.875,0.8125,0.769086625,0.8479973749999999,0.8128546874999999
0.625,0.875,0.875,0.760484,0.8518037499999999,0.8768735
0.625,0.875,0.9375,0.7518813750000001,0.8556101249999999,0.9408923124999999
0.625,0.875,1.0,0.74327875,0.8594164999999999,1.004911125
0.625,0.9375,0.0,0.9233943750000001,0.8514090624999999,-0.0204403125
0.625,0.9375,0.0625,0.9147917500000001,0.8552154375,0.04357849999999999
0.625,0.9375,0.125,0.9061891250000002,0.8590218124999999,0.10759731249999999
0.625,0.9375,0.1875,0.8975865000000001,0.8628281874999999,0.17161612499999998
0.625,0.9375,0.25,0.8889838750000001,0.8666345624999999,0.23563493749999997
0.625,0.9375,0.3125,0.8803812500000001,0.8704409375,0.29965374999999994
0.625,0.9375,0.375,0.8717786250000001,0.8742473124999999,0.36367256249999996
0.625,0.9375,0.4375,0.8631760000000002,0.8780536874999999,0.427691375
0.625,0.9375,0.5,0.8545733750000001,0.8818600624999999,0.49171018749999995
0.625,0.9375,0.5625,0.8459707500000001,0.8856664375,0.5557289999999999
0.625,0.9375,0.625,0.8373681250000001,0.8894728124999999,0.6197478124999999
0.625,0.9375,0.6875,0.8287655000000002,0.8932791874999999,0.683766625
0.625,0.9375,0.75,0.8201628750000001,0.8970855624999999,0.7477854374999999
0.625,0.9375,0.8125,0.8115602500000001,0.9008919375,0.8118042499999999
0.625,0.9375,0.875,0.8029576250000001,0.9046983124999999,0.8758230625
0.625,0.9375,0.9375,0.7943550000000001,0.9085046874999999,0.9398418749999999
0.625,0.9375,1.0,0.7857523750000002,0.9123110624999999,1.0038606875
0.625,1.0,0.0,0.9658680000000001,0.9043036249999999,-0.02149075
0.625,1.0,0.0625,0.9572653750000001,0.90811,0.04252806249999999
0.625,1.0,0.125,0.9486627500000001,0.9119163749999999,0.10654687499999999
0.625,1.0,0.1875,0.940060125,0.9157227499999999,0.17056568749999998
0.625,1.0,0.25,0.9314575,0.919529125,0.23458449999999997
0.625,1.0,0.3125,0.9228548750000001,0.9233355,0.29860331249999994
0.625,1.0,0.375,0.9142522500000001,0.9271418749999999,0.36262212499999996
0.625,1.0,0.4375,0.9056496250000001,0.9309482499999999,0.4266409375
0.625,1.0,0.5,0.897047,0.934754625,0.49065974999999995
0.625,1.0,0.5625,0.8884443750000001,0.938561,0.5546785624999999
0.625,1.0,0.625,0.8798417500000001,0.9423673749999999,0.6186973749999999
0.625,1.0,0.6875,0.8712391250000001,0.9461737499999999,0.6827161875
0.625,1.0,0.75,0.8626365,0.949980125,0.7467349999999999
0.625,1.0,0.8125,0.854033875,0.9537865,0.8107538124999999
0.625,1.0,0.875,0.8454312500000001,0.9575928749999999,0.874772625
0.625,1.0,0.9375,0.8368286250000001,0.9613992499999999,0.9387914374999999
0.625,1.0,1.0,0.8282260000000001,0.965205625,1.00281025
0.6875,0.0,0.0,0.314919,0.0637896875,-0.005152125
0.6875,0.0,0.0625,0.30631637500000003,0.0675960625,0.058866687499999994
0.6875,0.0,0.125,0.29771375,0.0714024375,0.1228855
0.6875,0.0,0.1875,0.289111125,0.0752088125,0.18690431249999997
0.6875,0.0,0.25,0.2805085,0.0790151875,0.25092312499999997
0.6875,0.0,0.3125,0.271905875,0.0828215625,0.31494193749999994
0.6875,0.0,0.375,0.26330325,0.0866279375,0.37896074999999996
0.6875,0.0,0.4375,0.254700625,0.0904343125,0.4429795625
0.6875,0.0,0.5,0.246098,0.0942406875,0.506998375
0.6875,0.0,0.5625,0.237495375,0.0980470625,0.5710171875
0.6875,0.0,0.625,0.22889275,0.1018534375,0.6350359999999999
0.6875,0.0,0.6875,0.220290125,0.1056598125,0.6990548125
0.6875,0.0,0.75,0.21168750000000003,0.10946618749999999,0.763073625
0.6875,0.0,0.8125,0.203084875,0.11327256249999999,0.8270924374999999
0.6875,0.0,0.875,0.19448225000000002,0.1170789375,0.89111125
0.6875,0.0,0.9375,0.18587962500000002,0.1208853125,0.9551300625
0.6875,0.0,1.0,0.17727700000000002,0.1246916875,1.019148875
0.6875,0.0625,0.0,0.357392625,0.11668424999999999,-0.0062025625
0.6875,0.0625,0.0625,0.34879000000000004,0.12049062499999999,0.05781624999999999
0.6875,0.0625,0.125,0.340187375,0.12429699999999999,0.1218350625
0.6875,0.0625,0.1875,0.33158475000000004,0.128103375,0.18585387499999997
0.6875,0.0625,0.25,0.322982125,0.13190975,0.24987268749999997
0.6875,0.0625,0.3125,0.31437950000000003,0.135716125,0.31389149999999993
0.6875,0.0625,0.375,0.305776875,0.1395225,0.37791031249999996
0.6875,0.0625,0.4375,0.29717425000000003,0.143328875,0.441929125
0.6875,0.0625,0.5,0.288571625,0.14713525,0.5059479375
0.6875,0.0625,0.5625,0.279969,0.150941625,0.56996675
0.6875,0.0625,0.625,0.27136637500000005,0.154748,0.6339855624999999
0.6875,0.0625,0.6875,0.26276375,0.158554375,0.698004375
0.6875,0.0625,0.75,0.25416112500000004,0.16236075,0.7620231875
0.6875,0.0625,0.8125,0.2455585,0.16616712499999997,0.8260419999999999
0.6875,0.0625,0.875,0.23695587500000004,0.1699735,0.8900608125
0.6875,0.0625,0.9375,0.22835325000000004,0.17377987499999997,0.954079625
0.6875,0.0625,1.0,0.21975062500000003,0.17758625,1.0180984375
0.6875,0.125,0.0,0.39986625,0.1695788125,-0.007252999999999999
0.6875,0.125,0.0625,0.391263625,0.1733851875,0.0567658125
0.6875,0.125,0.125,0.382661,0.1771915625,0.12078462499999999
0.6875,0.125,0.1875,0.374058375,0.1809979375,0.18480343749999997
0.6875,0.125,0.25,0.36545574999999997,0.1848043125,0.24882224999999997
0.6875,0.125,0.3125,0.356853125,0.1886106875,0.31284106249999993
0.6875,0.125,0.375,0.34825049999999996,0.1924170625,0.37685987499999996
0.6875,0.125,0.4375,0.339647875,0.19622343750000001,0.4408786875
0.6875,0.125,0.5,0.33104524999999996,0.20002981250000001,0.5048975
0.6875,0.125,0.5625,0.322442625,0.20383618750000002,0.5689163125
0.6875,0.125,0.625,0.31384,0.20764256250000002,0.6329351249999999
0.6875,0.125,0.6875,0.305237375,0.21144893750000002,0.6969539375
0.6875,0.125,0.75,0.29663475,0.21525531250000002,0.76097275
0.6875,0.125,0.8125,0.28803212499999997,0.2190616875,0.8249915624999999
0.6875,0.125,0.875,0.2794295,0.22286806250000002,0.889010375
0.6875,0.125,0.9375,0.270826875,0.2266744375,0.9530291875
0.6875,0.125,1.0,0.26222425,0.23048081250000002,1.017048
0.6875,0.1875,0.0,0.442339875,0.222473375,-0.0083034375
0.6875,0.1875,0.0625,0.43373725,0.22627975,0.055715375
0.6875,0.1875,0.125,0.425134625,0.230086125,0.11973418749999999
0.6875,0.1875,0.1875,0.416532,0.2338925,0.18375299999999997
0.6875,0.1875,0.25,0.407929375,0.237698875,0.24777181249999997
0.6875,0.1875,0.3125,0.39932675,0.24150525,0.31179062499999993
0.6875,0.1875,0.375,0.390724125,0.245311625,0.37580943749999995
0.6875,0.1875,0.4375,0.3821215,0.249118,0.43982825
0.6875,0.1875,0.5,0.37351887500000003,0.252924375,0.5038470625
0.6875,0.1875,0.5625,0.36491625,0.25673075,0.567865875
0.6875,0.1875,0.625,0.35631362499999997,0.260537125,0.6318846874999999
0.6875,0.1875,0.6875,0.347711,0.2643435,0.6959035
0.6875,0.1875,0.75,0.339108375,0.268149875,0.7599223125
0.6875,0.1875,0.8125,0.33050575,0.27195625,0.8239411249999999
0.6875,0.1875,0.875,0.321903125,0.275762625,0.8879599375
0.6875,0.1875,0.9375,0.3133005,0.279569,0.95197875
0.6875,0.1875,1.0,0.304697875,0.283375375,1.0159975625
0.6875,0.25,0.0,0.4848135,0.2753679375,-0.009353875
0.6875,0.25,0.0625,0.47621087500000003,0.27917431249999997,0.054664937499999997
0.6875,0.25,0.125,0.46760825,0.2829806875,0.11868374999999999
0.6875,0.25,0.1875,0.45900562500000003,0.28678706249999997,0.18270256249999997
0.6875,0.25,0.25,0.450403,0.2905934375,0.24672137499999997
0.6875,0.25,0.3125,0.441800375,0.29439981249999997,0.31074018749999993
0.6875,0.25,0.375,0.43319775,0.2982061875,0.37475899999999995
0.6875,0.25,0.4375,0.424595125,0.30201256249999997,0.4387778125
0.6875,0.25,0.5,0.4159925,0.3058189375,0.502796625
0.6875,0.25,0.5625,0.407389875,0.30962531249999997,0.5668154375
0.6875,0.25,0.625,0.39878725000000004,0.3134316875,0.6308342499999999
0.6875,0.25,0.6875,0.390184625,0.3172380625,0.6948530625
0.6875,0.25,0.75,0.38158200000000003,0.3210444375,0.758871875
0.6875,0.25,0.8125,0.372979375,0.3248508125,0.8228906874999999
0.6875,0.25,0.875,0.36437675,0.3286571875,0.8869095
0.6875,0.25,0.9375,0.35577412500000005,0.3324635625,0.9509283125
0.6875,0.25,1.0,0.3471715,0.3362699375,1.014947125
0.6875,0.3125,0.0,0.527287125,0.3282625,-0.010404312499999999
0.6875,0.3125,0.0625,0.5186845,0.332068875,0.053614499999999995
0.6875,0.3125,0.125,0.510081875,0.33587525,0.11763331249999999
0.6875,0.3125,0.1875,0.5014792499999999,0.339681625,0.181652125
0.6875,0.3125,0.25,0.49287662499999996,0.343488,0.24567093749999996
0.6875,0.3125,0.3125,0.484274,0.347294375,0.30968974999999993
0.6875,0.3125,0.375,0.47567137499999995,0.35110075,0.37370856249999995
0.6875,0.3125,0.4375,0.46706875,0.354907125,0.437727375
0.6875,0.3125,0.5,0.45846612499999995,0.3587135,0.5017461875
0.6875,0.3125,0.5625,0.44986349999999997,0.362519875,0.565765
0.6875,0.3125,0.625,0.441260875,0.36632625,0.6297838124999999
0.6875,0.3125,0.6875,0.43265824999999997,0.370132625,0.693802625
0.6875,0.3125,0.75,0.424055625,0.373939,0.7578214375
0.6875,0.3125,0.8125,0.41545299999999996,0.377745375,0.8218402499999999
0.6875,0.3125,0.875,0.406850375,0.38155175,0.8858590625
0.6875,0.3125,0.9375,0.39824775,0.385358125,0.949877875
0.6875,0.3125,1.0,0.389645125,0.3891645,1.0138966875
0.6875,0.375,0.0,0.5697607499999999,0.38115706250000003,-0.01145475
0.6875,0.375,0.0625,0.561158125,0.3849634375,0.052564062499999994
0.6875,0.375,0.125,0.5525555,0.38876981250000003,0.11658287499999999
0.6875,0.375,0.1875,0.5439528749999999,0.3925761875,0.1806016875
0.6875,0.375,0.25,0.5353502499999999,0.39638256250000004,0.24462049999999996
0.6875,0.375,0.3125,0.5267476249999999,0.4001889375,0.30863931249999993
0.6875,0.375,0.375,0.518145,0.40399531250000004,0.37265812499999995
0.6875,0.375,0.4375,0.5095423749999999,0.4078016875,0.4366769375
0.6875,0.375,0.5,0.5009397499999999,0.41160806250000004,0.50069575
0.6875,0.375,0.5625,0.49233712499999993,0.4154144375,0.5647145625
0.6875,0.375,0.625,0.48373449999999996,0.41922081250000004,0.6287333749999999
0.6875,0.375,0.6875,0.4751318749999999,0.4230271875,0.6927521875
0.6875,0.375,0.75,0.46652924999999995,0.42683356250000004,0.756771
0.6875,0.375,0.8125,0.4579266249999999,0.4306399375,0.8207898124999999
0.6875,0.375,0.875,0.44932399999999995,0.43444631250000004,0.884808625
0.6875,0.375,0.9375,0.44072137499999997,0.4382526875,0.9488274375
0.6875,0.375,1.0,0.43211874999999994,0.44205906250000004,1.01284625
0.6875,0.4375,0.0,0.612234375,0.43405162499999994,-0.012505187499999999
0.6875,0.4375,0.0625,0.60363175,0.4378579999999999,0.05151362499999999
0.6875,0.4375,0.125,0.595029125,0.44166437499999994,0.11553243749999999
0.6875,0.4375,0.1875,0.5864265,0.4454707499999999,0.17955125
0.6875,0.4375,0.25,0.577823875,0.44927712499999994,0.2435700625
0.6875,0.4375,0.3125,0.56922125,0.4530834999999999,0.30758887499999993
0.6875,0.4375,0.375,0.560618625,0.45688987499999995,0.37160768749999995
0.6875,0.4375,0.4375,0.5520160000000001,0.4606962499999999,0.43562649999999997
0.6875,0.4375,0.5,0.543413375,0.46450262499999995,0.49964531249999994
0.6875,0.4375,0.5625,0.53481075,0.4683089999999999,0.563664125
0.6875,0.4375,0.625,0.526208125,0.47211537499999995,0.6276829374999999
0.6875,0.4375,0.6875,0.5176055,0.4759217499999999,0.69170175
0.6875,0.4375,0.75,0.509002875,0.47972812499999995,0.7557205625
0.6875,0.4375,0.8125,0.50040025,0.4835344999999999,0.8197393749999999
0.6875,0.4375,0.875,0.491797625,0.48734087499999995,0.8837581875
0.6875,0.4375,0.9375,0.48319500000000004,0.4911472499999999,0.947777
0.6875,0.4375,1.0,0.474592375,0.49495362499999995,1.0117958125
0.6875,0.5,0.0,0.6547080000000001,0.48694618749999996,-0.013555624999999998
0.6875,0.5,0.0625,0.6461053750000001,0.49075256249999993,0.05046318749999999
0.6875,0.5,0.125,0.6375027500000001,0.49455893749999996,0.11448199999999999
0.6875,0.5,0.1875,0.628900125,0.49836531249999994,0.1785008125
0.6875,0.5,0.25,0.6202975000000001,0.5021716875,0.242519625
0.6875,0.5,0.3125,0.6116948750000001,0.5059780625,0.3065384374999999
0.6875,0.5,0.375,0.6030922500000001,0.5097844374999999,0.37055724999999995
0.6875,0.5,0.4375,0.594489625,0.5135908124999999,0.43457606249999997
0.6875,0.5,0.5,0.585887,0.5173971875,0.49859487499999994
0.6875,0.5,0.5625,0.5772843750000001,0.5212035625,0.5626136875
0.6875,0.5,0.625,0.5686817500000001,0.5250099374999999,0.6266324999999999
0.6875,0.5,0.6875,0.5600791250000001,0.5288163124999999,0.6906513125
0.6875,0.5,0.75,0.5514765,0.5326226875,0.754670125
0.6875,0.5,0.8125,0.5428738750000001,0.5364290625,0.8186889374999999
0.6875,0.5,0.875,0.5342712500000001,0.5402354374999999,0.88270775
0.6875,0.5,0.9375,0.5256686250000001,0.5440418124999999,0.9467265625
0.6875,0.5,1.0,0.517066,0.5478481875,1.010745375
0.6875,0.5625,0.0,0.697181625,0.53984075,-0.0146060625
0.6875,0.5625,0.0625,0.688579,0.543647125,0.04941274999999999
0.6875,0.5625,0.125,0.6799763750000001,0.5474534999999999,0.11343156249999999
0.6875,0.5625,0.1875,0.67137375,0.551259875,0.177450375
0.6875,0.5625,0.25,0.662771125,0.55506625,0.2414691875
0.6875,0.5625,0.3125,0.6541685,0.558872625,0.3054879999999999
0.6875,0.5625,0.375,0.6455658750000001,0.5626789999999999,0.36950681249999995
0.6875,0.5625,0.4375,0.63696325,0.566485375,0.43352562499999997
0.6875,0.5625,0.5,0.628360625,0.57029175,0.49754443749999994
0.6875,0.5625,0.5625,0.619758,0.574098125,0.56156325
0.6875,0.5625,0.625,0.6111553750000001,0.5779044999999999,0.6255820624999999
0.6875,0.5625,0.6875,0.6025527500000001,0.581710875,0.689600875
0.6875,0.5625,0.75,0.593950125,0.58551725,0.7536196875
0.6875,0.5625,0.8125,0.5853475,0.589323625,0.8176384999999999
0.6875,0.5625,0.875,0.576744875,0.5931299999999999,0.8816573125
0.6875,0.5625,0.9375,0.5681422500000001,0.596936375,0.945676125
0.6875,0.5625,1.0,0.559539625,0.60074275,1.0096949375
0.6875,0.625,0.0,0.73965525,0.5927353125,-0.0156565
0.6875,0.625,0.0625,0.731052625,0.5965416875,0.04836231249999999
0.6875,0.625,0.125,0.72245,0.6003480625,0.11238112499999998
0.6875,0.625,0.1875,0.713847375,0.6041544375,0.1763999375
0.6875,0.625,0.25,0.70524475,0.6079608125,0.24041875
0.6875,0.625,0.3125,0.696642125,0.6117671875,0.3044375624999999
0.6875,0.625,0.375,0.6880395,0.6155735625,0.36845637499999995
0.6875,0.625,0.4375,0.6794368749999999,0.6193799375,0.43247518749999997
0.6875,0.625,0.5,0.67083425,0.6231863125,0.49649399999999994
0.6875,0.625,0.5625,0.662231625,0.6269926875,0.5605128125
0.6875,0.625,0.625,0.653629,0.6307990625,0.6245316249999999
0.6875,0.625,0.6875,0.645026375,0.6346054375,0.6885504375
0.6875,0.625,0.75,0.63642375,0.6384118125,0.75256925
0.6875,0.625,0.8125,0.627821125,0.6422181875,0.8165880624999999
0.6875,0.625,0.875,0.6192185,0.6460245625,0.880606875
0.6875,0.625,0.9375,0.610615875,0.6498309375,0.9446256875
0.6875,0.625,1.0,0.6020132499999999,0.6536373125,1.0086445
0.6875,0.6875,0.0,0.782128875,0.645629875,-0.016706937499999998
0.6875,0.6875,0.0625,0.77352625,0.64943625,0.047311874999999996
0.6875,0.6875,0.125,0.764923625,0.653242625,0.1113306875
0.6875,0.6875,0.1875,0.7563209999999999,0.657049,0.1753495
0.6875,0.6875,0.25,0.7477183749999999,0.660855375,0.23936831249999999
0.6875,0.6875,0.3125,0.73911575,0.66466175,0.3033871249999999
0.6875,0.6875,0.375,0.730513125,0.668468125,0.36740593749999995
0.6875,0.6875,0.4375,0.7219104999999999,0.6722745,0.43142474999999997
0.6875,0.6875,0.5,0.7133078749999999,0.676080875,0.49544356249999993
0.6875,0.6875,0.5625,0.70470525,0.67988725,0.559462375
0.6875,0.6875,0.625,0.696102625,0.683693625,0.6234811874999999
0.6875,0.6875,0.6875,0.6875,0.6875,0.6875
0.6875,0.6875,0.75,0.6788973749999999,0.691306375,0.7515188125
0.6875,0.6875,0.8125,0.6702947499999999,0.6951127500000001,0.8155376249999999
0.6875,0.6875,0.875,0.661692125,0.698919125,0.8795564375
0.6875,0.6875,0.9375,0.6530895,0.7027255,0.94357525
0.6875,0.6875,1.0,0.6444868749999999,0.706531875,1.0075940625
0.6875,0.75,0.0,0.8246024999999999,0.6985244375,-0.017757375
0.6875,0.75,0.0625,0.8159998749999999,0.7023308125000001,0.046261437499999995
0.6875,0.75,0.125,0.80739725,0.7061371875,0.11028025
0.6875,0.75,0.1875,0.7987946249999999,0.7099435625,0.1742990625
0.6875,0.75,0.25,0.7901919999999999,0.7137499375,0.23831787499999998
0.6875,0.75,0.3125,0.7815893749999999,0.7175563125000001,0.3023366874999999
0.6875,0.75,0.375,0.77298675,0.7213626875,0.36635549999999995
0.6875,0.75,0.4375,0.7643841249999999,0.7251690625,0.43037431249999997
0.6875,0.75,0.5,0.7557814999999999,0.7289754375,0.49439312499999993
0.6875,0.75,0.5625,0.7471788749999999,0.7327818125000001,0.5584119375
0.6875,0.75,0.625,0.7385762499999999,0.7365881875,0.6224307499999999
0.6875,0.75,0.6875,0.729973625,0.7403945625,0.6864495625
0.6875,0.75,0.75,0.7213709999999999,0.7442009375,0.750468375
0.6875,0.75,0.8125,0.7127683749999999,0.7480073125000001,0.8144871874999999
0.6875,0.75,0.875,0.7041657499999999,0.7518136875,0.878506
0.6875,0.75,0.9375,0.695563125,0.7556200625,0.9425248125
0.6875,0.75,1.0,0.6869604999999999,0.7594264375,1.006543625
0.6875,0.8125,0.0,0.8670761250000001,0.7514190000000001,-0.0188078125
0.6875,0.8125,0.0625,0.8584735000000001,0.7552253750000001,0.045210999999999994
0.6875,0.8125,0.125,0.8498708750000001,0.75903175,0.1092298125
0.6875,0.8125,0.1875,0.84126825,0.762838125,0.173248625
0.6875,0.8125,0.25,0.8326656250000001,0.7666445000000001,0.23726743749999998
0.6875,0.8125,0.3125,0.8240630000000001,0.7704508750000001,0.3012862499999999
0.6875,0.8125,0.375,0.8154603750000001,0.77425725,0.36530506249999994
0.6875,0.8125,0.4375,0.80685775,0.778063625,0.42932387499999997
0.6875,0.8125,0.5,0.7982551250000001,0.7818700000000001,0.49334268749999993
0.6875,0.8125,0.5625,0.7896525000000001,0.7856763750000001,0.5573615
0.6875,0.8125,0.625,0.7810498750000001,0.78948275,0.6213803124999999
0.6875,0.8125,0.6875,0.7724472500000001,0.793289125,0.685399125
0.6875,0.8125,0.75,0.763844625,0.7970955000000001,0.7494179375
0.6875,0.8125,0.8125,0.7552420000000001,0.8009018750000001,0.8134367499999999
0.6875,0.8125,0.875,0.7466393750000001,0.80470825,0.8774555625
0.6875,0.8125,0.9375,0.7380367500000001,0.808514625,0.941474375
0.6875,0.8125,1.0,0.729434125,0.8123210000000001,1.0054931875
0.6875,0.875,0.0,0.90954975,0.8043135625,-0.019858249999999997
0.6875,0.875,0.0625,0.9009471250000001,0.8081199375,0.0441605625
0.6875,0.875,0.125,0.8923445000000001,0.8119263124999999,0.108179375
0.6875,0.875,0.1875,0.883741875,0.8157326874999999,0.1721981875
0.6875,0.875,0.25,0.87513925,0.8195390625,0.23621699999999998
0.6875,0.875,0.3125,0.8665366250000001,0.8233454375,0.3002358124999999
0.6875,0.875,0.375,0.8579340000000001,0.8271518124999999,0.36425462499999994
0.6875,0.875,0.4375,0.849331375,0.8309581875,0.42827343749999996
0.6875,0.875,0.5,0.84072875,0.8347645625,0.49229224999999993
0.6875,0.875,0.5625,0.832126125,0.8385709375,0.5563110625
0.6875,0.875,0.625,0.8235235000000001,0.8423773124999999,0.6203298749999999
0.6875,0.875,0.6875,0.8149208750000001,0.8461836875,0.6843486875
0.6875,0.875,0.75,0.80631825,0.8499900625,0.7483675
0.6875,0.875,0.8125,0.797715625,0.8537964375,0.8123863124999999
0.6875,0.875,0.875,0.7891130000000001,0.8576028124999999,0.876405125
0.6875,0.875,0.9375,0.7805103750000001,0.8614091875,0.9404239375
0.6875,0.875,1.0,0.77190775,0.8652155625,1.00444275
0.6875,0.9375,0.0,0.952023375,0.857208125,-0.0209086875
0.6875,0.9375,0.0625,0.94342075,0.8610145,0.043110125
0.6875,0.9375,0.125,0.934818125,0.8648208749999999,0.1071289375
0.6875,0.9375,0.1875,0.9262155,0.86862725,0.17114775
0.6875,0.9375,0.25,0.917612875,0.872433625,0.23516656249999998
0.6875,0.9375,0.3125,0.90901025,0.87624,0.2991853749999999
0.6875,0.9375,0.375,0.900407625,0.8800463749999999,0.36320418749999994
0.6875,0.9375,0.4375,0.891805,0.88385275,0.42722299999999996
0.6875,0.9375,0.5,0.883202375,0.887659125,0.49124181249999993
0.6875,0.9375,0.5625,0.87459975,0.8914655,0.555260625
0.6875,0.9375,0.625,0.865997125,0.8952718749999999,0.6192794374999999
0.6875,0.9375,0.6875,0.8573945000000001,0.89907825,0.68329825
0.6875,0.9375,0.75,0.848791875,0.902884625,0.7473170625
0.6875,0.9375,0.8125,0.84018925,0.906691,0.8113358749999999
0.6875,0.9375,0.875,0.831586625,0.9104973749999999,0.8753546875
0.6875,0.9375,0.9375,0.822984,0.91430375,0.9393735
0.6875,0.9375,1.0,0.814381375,0.918110125,1.0033923125
0.6875,1.0,0.0,0.994497,0.9101026875,-0.021959125
0.6875,1.0,0.0625,0.985894375,0.9139090625,0.0420596875
0.6875,1.0,0.125,0.97729175,0.9177154375,0.10607849999999999
0.6875,1.0,0.1875,0.9686891249999999,0.9215218125,0.1700973125
0.6875,1.0,0.25,0.9600865,0.9253281875,0.23411612499999998
0.6875,1.0,0.3125,0.951483875,0.9291345625,0.2981349374999999
0.6875,1.0,0.375,0.94288125,0.9329409375,0.36215374999999994
0.6875,1.0,0.4375,0.9342786249999999,0.9367473125,0.42617256249999996
0.6875,1.0,0.5,0.9256759999999999,0.9405536875,0.49019137499999993
0.6875,1.0,0.5625,0.917073375,0.9443600625,0.5542101875
0.6875,1.0,0.625,0.90847075,0.9481664375,0.6182289999999999
0.6875,1.0,0.6875,0.899868125,0.9519728125,0.6822478125
0.6875,1.0,0.75,0.8912654999999999,0.9557791875,0.746266625
0.6875,1.0,0.8125,0.882662875,0.9595855625,0.8102854374999999
0.6875,1.0,0.875,0.87406025,0.9633919375,0.87430425
0.6875,1.0,0.9375,0.865457625,0.9671983125,0.9383230625
0.6875,1.0,1.0,0.8568549999999999,0.9710046875,1.002341875
0.75,0.0,0.0,0.343548,0.06958875,-0.0056205
0.75,0.0,0.0625,0.33494537500000005,0.073395125,0.058398312499999994
0.75,0.0,0.125,0.32634275,0.0772015,0.12241712499999999
0.75,0.0,0.1875,0.31774012500000004,0.08100787500000001,0.18643593749999998
0.75,0.0,0.25,0.3091375,0.08481425000000001,0.25045475
0.75,0.0,0.3125,0.30053487500000003,0.08862062500000001,0.31447356249999997
0.75,0.0,0.375,0.29193225,0.09242700000000001,0.378492375
0.75,0.0,0.4375,0.28332962500000003,0.09623337500000001,0.4425111875
0.75,0.0,0.5,0.27472700000000005,0.10003975000000001,0.5065299999999999
0.75,0.0,0.5625,0.266124375,0.10384612500000001,0.5705488124999999
0.75,0.0,0.625,0.25752175,0.10765250000000001,0.6345676249999999
0.75,0.0,0.6875,0.24891912500000002,0.11145887500000001,0.6985864374999999
0.75,0.0,0.75,0.24031650000000004,0.11526525,0.7626052499999999
0.75,0.0,0.8125,0.231713875,0.119071625,0.8266240624999999
0.75,0.0,0.875,0.22311125000000004,0.122878,0.890642875
0.75,0.0,0.9375,0.21450862500000004,0.12668437500000002,0.9546616874999999
0.75,0.0,1.0,0.20590600000000003,0.13049075,1.0186804999999999
0.75,0.0625,0.0,0.38602162500000003,0.1224833125,-0.0066709375
0.75,0.0625,0.0625,0.37741900000000006,0.1262896875,0.05734787499999999
0.75,0.0625,0.125,0.36881637500000003,0.1300960625,0.12136668749999999
0.75,0.0625,0.1875,0.36021375000000005,0.1339024375,0.18538549999999998
0.75,0.0625,0.25,0.351611125,0.1377088125,0.24940431249999997
0.75,0.0625,0.3125,0.34300850000000005,0.1415151875,0.31342312499999997
0.75,0.0625,0.375,0.334405875,0.1453215625,0.3774419375
0.75,0.0625,0.4375,0.32580325000000004,0.1491279375,0.44146075
0.75,0.0625,0.5,0.317200625,0.1529343125,0.5054795624999999
0.75,0.0625,0.5625,0.30859800000000004,0.1567406875,0.5694983749999999
0.75,0.0625,0.625,0.29999537500000006,0.1605470625,0.6335171874999999
0.75,0.0625,0.6875,0.29139275000000003,0.1643534375,0.6975359999999999
0.75,0.0625,0.75,0.28279012500000006,0.1681598125,0.7615548124999999
0.75,0.0625,0.8125,0.27418750000000003,0.17196618749999998,0.8255736249999999
0.75,0.0625,0.875,0.26558487500000005,0.1757725625,0.8895924374999999
0.75,0.0625,0.9375,0.2569822500000001,0.17957893749999998,0.9536112499999999
0.75,0.0625,1.0,0.24837962500000005,0.1833853125,1.0176300624999999
0.75,0.125,0.0,0.42849525,0.17537787500000002,-0.007721374999999999
0.75,0.125,0.0625,0.419892625,0.17918425000000002,0.05629743749999999
0.75,0.125,0.125,0.41129,0.18299062500000002,0.12031624999999999
0.75,0.125,0.1875,0.402687375,0.18679700000000002,0.18433506249999998
0.75,0.125,0.25,0.39408475,0.19060337500000002,0.24835387499999997
0.75,0.125,0.3125,0.385482125,0.19440975000000002,0.31237268749999997
0.75,0.125,0.375,0.3768795,0.19821612500000002,0.3763915
0.75,0.125,0.4375,0.368276875,0.20202250000000002,0.4404103125
0.75,0.125,0.5,0.35967425,0.20582887500000002,0.5044291249999999
0.75,0.125,0.5625,0.351071625,0.20963525000000002,0.5684479374999999
0.75,0.125,0.625,0.342469,0.21344162500000002,0.6324667499999999
0.75,0.125,0.6875,0.333866375,0.21724800000000002,0.6964855624999999
0.75,0.125,0.75,0.32526375,0.22105437500000003,0.7605043749999999
0.75,0.125,0.8125,0.316661125,0.22486075,0.8245231874999999
0.75,0.125,0.875,0.3080585,0.22866712500000003,0.8885419999999999
0.75,0.125,0.9375,0.29945587500000004,0.2324735,0.9525608124999999
0.75,0.125,1.0,0.29085325,0.23627987500000003,1.0165796249999999
0.75,0.1875,0.0,0.470968875,0.2282724375,-0.0087718125
0.75,0.1875,0.0625,0.46236625000000003,0.2320788125,0.05524699999999999
0.75,0.1875,0.125,0.453763625,0.2358851875,0.11926581249999998
0.75,0.1875,0.1875,0.44516100000000003,0.2396915625,0.18328462499999998
0.75,0.1875,0.25,0.436558375,0.2434979375,0.24730343749999997
0.75,0.1875,0.3125,0.42795575,0.2473043125,0.31132224999999997
0.75,0.1875,0.375,0.419353125,0.2511106875,0.3753410625
0.75,0.1875,0.4375,0.4107505,0.2549170625,0.439359875
0.75,0.1875,0.5,0.40214787500000004,0.2587234375,0.5033786874999999
0.75,0.1875,0.5625,0.39354525,0.2625298125,0.5673974999999999
0.75,0.1875,0.625,0.384942625,0.2663361875,0.6314163124999999
0.75,0.1875,0.6875,0.37634,0.2701425625,0.6954351249999999
0.75,0.1875,0.75,0.36773737500000003,0.2739489375,0.7594539374999999
0.75,0.1875,0.8125,0.35913475,0.2777553125,0.8234727499999999
0.75,0.1875,0.875,0.350532125,0.2815616875,0.8874915624999999
0.75,0.1875,0.9375,0.3419295,0.2853680625,0.9515103749999999
0.75,0.1875,1.0,0.333326875,0.2891744375,1.0155291874999999
0.75,0.25,0.0,0.5134425,0.281167,-0.00982225
0.75,0.25,0.0625,0.504839875,0.284973375,0.054196562499999996
0.75,0.25,0.125,0.49623725,0.28877975,0.11821537499999998
0.75,0.25,0.1875,0.48763462500000004,0.292586125,0.18223418749999998
0.75,0.25,0.25,0.479032,0.2963925,0.24625299999999997
0.75,0.25,0.3125,0.47042937500000004,0.300198875,0.31027181249999997
0.75,0.25,0.375,0.46182675,0.30400525,0.374290625
0.75,0.25,0.4375,0.45322412500000003,0.307811625,0.4383094375
0.75,0.25,0.5,0.4446215,0.311618,0.5023282499999999
0.75,0.25,0.5625,0.43601887500000003,0.315424375,0.5663470624999999
0.75,0.25,0.625,0.42741625000000005,0.31923075,0.6303658749999999
0.75,0.25,0.6875,0.418813625,0.323037125,0.6943846874999999
0.75,0.25,0.75,0.41021100000000005,0.3268435,0.7584034999999999
0.75,0.25,0.8125,0.401608375,0.330649875,0.8224223124999999
0.75,0.25,0.875,0.39300575000000004,0.33445625,0.8864411249999999
0.75,0.25,0.9375,0.38440312500000007,0.338262625,0.9504599374999999
0.75,0.25,1.0,0.37580050000000004,0.342069,1.0144787499999999
0.75,0.3125,0.0,0.555916125,0.33406156249999996,-0.010872687499999999
0.75,0.3125,0.0625,0.5473135,0.33786793749999994,0.053146124999999995
0.75,0.3125,0.125,0.538710875,0.34167431249999997,0.11716493749999998
0.75,0.3125,0.1875,0.53010825,0.34548068749999994,0.18118374999999998
0.75,0.3125,0.25,0.521505625,0.34928706249999997,0.24520256249999997
0.75,0.3125,0.3125,0.512903,0.35309343749999994,0.30922137499999997
0.75,0.3125,0.375,0.504300375,0.35689981249999997,0.3732401875
0.75,0.3125,0.4375,0.49569775,0.36070618749999994,0.437259
0.75,0.3125,0.5,0.48709512499999996,0.36451256249999997,0.5012778124999999
0.75,0.3125,0.5625,0.4784925,0.36831893749999994,0.5652966249999999
0.75,0.3125,0.625,0.469889875,0.37212531249999997,0.6293154374999999
0.75,0.3125,0.6875,0.46128725,0.37593168749999994,0.6933342499999999
0.75,0.3125,0.75,0.452684625,0.3797380625,0.7573530624999999
0.75,0.3125,0.8125,0.444082,0.38354443749999995,0.8213718749999999
0.75,0.3125,0.875,0.435479375,0.3873508125,0.8853906874999999
0.75,0.3125,0.9375,0.42687675,0.39115718749999995,0.9494094999999999
0.75,0.3125,1.0,0.418274125,0.3949635625,1.0134283124999999
0.75,0.375,0.0,0.5983897499999999,0.386956125,-0.011923125
0.75,0.375,0.0625,0.589787125,0.39076249999999996,0.052095687499999994
0.75,0.375,0.125,0.5811845,0.394568875,0.11611449999999998
0.75,0.375,0.1875,0.5725818749999999,0.39837524999999996,0.18013331249999998
0.75,0.375,0.25,0.5639792499999999,0.402181625,0.24415212499999997
0.75,0.375,0.3125,0.555376625,0.40598799999999996,0.30817093749999996
0.75,0.375,0.375,0.546774,0.409794375,0.37218975
0.75,0.375,0.4375,0.5381713749999999,0.41360074999999996,0.4362085625
0.75,0.375,0.5,0.5295687499999999,0.417407125,0.5002273749999999
0.75,0.375,0.5625,0.520966125,0.42121349999999996,0.5642461874999999
0.75,0.375,0.625,0.5123635,0.425019875,0.6282649999999999
0.75,0.375,0.6875,0.503760875,0.42882624999999996,0.6922838124999999
0.75,0.375,0.75,0.49515824999999997,0.432632625,0.7563026249999999
0.75,0.375,0.8125,0.48655562499999994,0.43643899999999997,0.8203214374999999
0.75,0.375,0.875,0.47795299999999996,0.440245375,0.8843402499999999
0.75,0.375,0.9375,0.469350375,0.44405174999999997,0.9483590624999999
0.75,0.375,1.0,0.46074774999999996,0.447858125,1.0123778749999999
0.75,0.4375,0.0,0.640863375,0.4398506875,-0.012973562499999999
0.75,0.4375,0.0625,0.63226075,0.4436570625,0.05104524999999999
0.75,0.4375,0.125,0.6236581250000001,0.4474634375,0.1150640625
0.75,0.4375,0.1875,0.6150555,0.4512698125,0.17908287499999997
0.75,0.4375,0.25,0.606452875,0.4550761875,0.24310168749999997
0.75,0.4375,0.3125,0.59785025,0.4588825625,0.30712049999999996
0.75,0.4375,0.375,0.589247625,0.4626889375,0.3711393125
0.75,0.4375,0.4375,0.5806450000000001,0.4664953125,0.435158125
0.75,0.4375,0.5,0.572042375,0.4703016875,0.4991769375
0.75,0.4375,0.5625,0.56343975,0.4741080625,0.5631957499999999
0.75,0.4375,0.625,0.554837125,0.4779144375,0.6272145624999999
0.75,0.4375,0.6875,0.5462345000000001,0.4817208125,0.6912333749999999
0.75,0.4375,0.75,0.537631875,0.4855271875,0.7552521874999999
0.75,0.4375,0.8125,0.52902925,0.4893335625,0.8192709999999999
0.75,0.4375,0.875,0.520426625,0.4931399375,0.8832898124999999
0.75,0.4375,0.9375,0.5118240000000001,0.4969463125,0.9473086249999999
0.75,0.4375,1.0,0.5032213750000001,0.5007526875,1.0113274374999999
0.75,0.5,0.0,0.6833370000000001,0.49274525,-0.014023999999999998
0.75,0.5,0.0625,0.6747343750000001,0.496551625,0.0499948125
0.75,0.5,0.125,0.6661317500000001,0.500358,0.114013625
0.75,0.5,0.1875,0.657529125,0.504164375,0.17803243749999997
0.75,0.5,0.25,0.6489265000000001,0.50797075,0.24205124999999997
0.75,0.5,0.3125,0.6403238750000001,0.511777125,0.30607006249999996
0.75,0.5,0.375,0.6317212500000001,0.5155835,0.370088875
0.75,0.5,0.4375,0.623118625,0.519389875,0.4341076875
0.75,0.5,0.5,0.6145160000000001,0.52319625,0.49812649999999997
0.75,0.5,0.5625,0.6059133750000001,0.5270026250000001,0.5621453124999999
0.75,0.5,0.625,0.5973107500000001,0.530809,0.6261641249999998
0.75,0.5,0.6875,0.5887081250000001,0.534615375,0.6901829374999999
0.75,0.5,0.75,0.5801055,0.53842175,0.7542017499999999
0.75,0.5,0.8125,0.5715028750000001,0.5422281250000001,0.8182205624999999
0.75,0.5,0.875,0.5629002500000001,0.5460345,0.8822393749999999
0.75,0.5,0.9375,0.5542976250000001,0.549840875,0.9462581874999999
0.75,0.5,1.0,0.545695,0.55364725,1.0102769999999999
0.75,0.5625,0.0,0.725810625,0.5456398125,-0.0150744375
0.75,0.5625,0.0625,0.7172080000000001,0.5494461875000001,0.048944375
0.75,0.5625,0.125,0.7086053750000001,0.5532525625,0.11296318749999999
0.75,0.5625,0.1875,0.70000275,0.5570589375,0.17698199999999997
0.75,0.5625,0.25,0.691400125,0.5608653125,0.24100081249999997
0.75,0.5625,0.3125,0.6827975000000001,0.5646716875000001,0.30501962499999996
0.75,0.5625,0.375,0.6741948750000001,0.5684780625,0.3690384375
0.75,0.5625,0.4375,0.66559225,0.5722844375,0.43305725
0.75,0.5625,0.5,0.656989625,0.5760908125,0.49707606249999997
0.75,0.5625,0.5625,0.648387,0.5798971875000001,0.5610948749999999
0.75,0.5625,0.625,0.6397843750000001,0.5837035625,0.6251136874999998
0.75,0.5625,0.6875,0.6311817500000001,0.5875099375,0.6891324999999999
0.75,0.5625,0.75,0.622579125,0.5913163125,0.7531513124999999
0.75,0.5625,0.8125,0.6139765,0.5951226875000001,0.8171701249999999
0.75,0.5625,0.875,0.6053738750000001,0.5989290625,0.8811889374999999
0.75,0.5625,0.9375,0.5967712500000001,0.6027354375,0.9452077499999999
0.75,0.5625,1.0,0.588168625,0.6065418125,1.0092265624999999
0.75,0.625,0.0,0.76828425,0.598534375,-0.016124875
0.75,0.625,0.0625,0.759681625,0.60234075,0.0478939375
0.75,0.625,0.125,0.751079,0.6061471249999999,0.11191274999999999
0.75,0.625,0.1875,0.742476375,0.6099534999999999,0.17593156249999997
0.75,0.625,0.25,0.73387375,0.613759875,0.23995037499999997
0.75,0.625,0.3125,0.725271125,0.61756625,0.30396918749999996
0.75,0.625,0.375,0.7166685,0.6213726249999999,0.367988
0.75,0.625,0.4375,0.708065875,0.6251789999999999,0.4320068125
0.75,0.625,0.5,0.69946325,0.628985375,0.49602562499999997
0.75,0.625,0.5625,0.690860625,0.63279175,0.5600444374999999
0.75,0.625,0.625,0.682258,0.6365981249999999,0.6240632499999998
0.75,0.625,0.6875,0.6736553750000001,0.6404044999999999,0.6880820624999999
0.75,0.625,0.75,0.66505275,0.644210875,0.7521008749999999
0.75,0.625,0.8125,0.656450125,0.64801725,0.8161196874999999
0.75,0.625,0.875,0.6478475,0.6518236249999999,0.8801384999999999
0.75,0.625,0.9375,0.639244875,0.6556299999999999,0.9441573124999999
0.75,0.625,1.0,0.63064225,0.659436375,1.0081761249999999
0.75,0.6875,0.0,0.810757875,0.6514289375,-0.017175312499999998
0.75,0.6875,0.0625,0.80215525,0.6552353125,0.046843499999999996
0.75,0.6875,0.125,0.793552625,0.6590416874999999,0.11086231249999999
0.75,0.6875,0.1875,0.7849499999999999,0.6628480625,0.17488112499999997
0.75,0.6875,0.25,0.776347375,0.6666544375,0.2388999375
0.75,0.6875,0.3125,0.76774475,0.6704608125,0.30291874999999996
0.75,0.6875,0.375,0.759142125,0.6742671874999999,0.3669375625
0.75,0.6875,0.4375,0.7505394999999999,0.6780735625,0.430956375
0.75,0.6875,0.5,0.7419368749999999,0.6818799375,0.49497518749999997
0.75,0.6875,0.5625,0.73333425,0.6856863125,0.5589939999999999
0.75,0.6875,0.625,0.724731625,0.6894926874999999,0.6230128124999998
0.75,0.6875,0.6875,0.716129,0.6932990625,0.6870316249999999
0.75,0.6875,0.75,0.7075263749999999,0.6971054375,0.7510504374999999
0.75,0.6875,0.8125,0.69892375,0.7009118125,0.8150692499999999
0.75,0.6875,0.875,0.690321125,0.7047181874999999,0.8790880624999999
0.75,0.6875,0.9375,0.6817185,0.7085245625,0.9431068749999999
0.75,0.6875,1.0,0.6731158749999999,0.7123309375,1.0071256874999999
0.75,0.75,0.0,0.8532314999999999,0.7043235,-0.01822575
0.75,0.75,0.0625,0.844628875,0.708129875,0.045793062499999995
0.75,0.75,0.125,0.83602625,0.7119362499999999,0.10981187499999999
0.75,0.75,0.1875,0.8274236249999999,0.715742625,0.17383068749999997
0.75,0.75,0.25,0.8188209999999999,0.719549,0.2378495
0.75,0.75,0.3125,0.8102183749999999,0.723355375,0.30186831249999996
0.75,0.75,0.375,0.80161575,0.7271617499999999,0.365887125
0.75,0.75,0.4375,0.7930131249999999,0.730968125,0.4299059375
0.75,0.75,0.5,0.7844104999999999,0.7347745,0.49392474999999997
0.75,0.75,0.5625,0.7758078749999999,0.738580875,0.5579435624999999
0.75,0.75,0.625,0.76720525,0.7423872499999999,0.6219623749999998
0.75,0.75,0.6875,0.758602625,0.746193625,0.6859811874999999
0.75,0.75,0.75,0.7499999999999999,0.75,0.7499999999999999
0.75,0.75,0.8125,0.7413973749999999,0.753806375,0.8140188124999999
0.75,0.75,0.875,0.7327947499999999,0.75761275,0.8780376249999999
0.75,0.75,0.9375,0.724192125,0.761419125,0.9420564374999999
0.75,0.75,1.0,0.7155894999999999,0.7652255,1.0060752499999999
0.75,0.8125,0.0,0.8957051250000001,0.7572180625,-0.0192761875
0.75,0.8125,0.0625,0.8871025000000001,0.7610244375,0.044742624999999994
0.75,0.8125,0.125,0.8784998750000002,0.7648308125,0.10876143749999999
0.75,0.8125,0.1875,0.8698972500000001,0.7686371875,0.17278024999999997
0.75,0.8125,0.25,0.8612946250000001,0.7724435625,0.2367990625
0.75,0.8125,0.3125,0.8526920000000001,0.7762499375,0.30081787499999996
0.75,0.8125,0.375,0.8440893750000001,0.7800563125,0.3648366875
0.75,0.8125,0.4375,0.8354867500000001,0.7838626875,0.4288555
0.75,0.8125,0.5,0.8268841250000001,0.7876690625,0.49287431249999997
0.75,0.8125,0.5625,0.8182815000000001,0.7914754375,0.5568931249999999
0.75,0.8125,0.625,0.8096788750000001,0.7952818125,0.6209119374999998
0.75,0.8125,0.6875,0.8010762500000002,0.7990881875,0.6849307499999999
0.75,0.8125,0.75,0.7924736250000001,0.8028945625,0.7489495624999999
0.75,0.8125,0.8125,0.7838710000000001,0.8067009375,0.8129683749999999
0.75,0.8125,0.875,0.7752683750000001,0.8105073125,0.8769871874999999
0.75,0.8125,0.9375,0.7666657500000001,0.8143136875,0.9410059999999999
0.75,0.8125,1.0,0.7580631250000001,0.8181200625,1.0050248124999999
0.75,0.875,0.0,0.9381787500000001,0.8101126249999999,-0.020326624999999997
0.75,0.875,0.0625,0.9295761250000001,0.813919,0.04369218749999999
0.75,0.875,0.125,0.9209735000000001,0.8177253749999999,0.10771099999999999
0.75,0.875,0.1875,0.912370875,0.8215317499999999,0.1717298125
0.75,0.875,0.25,0.90376825,0.8253381249999999,0.235748625
0.75,0.875,0.3125,0.8951656250000001,0.8291445,0.29976743749999996
0.75,0.875,0.375,0.8865630000000001,0.8329508749999999,0.36378625
0.75,0.875,0.4375,0.877960375,0.8367572499999999,0.4278050625
0.75,0.875,0.5,0.86935775,0.8405636249999999,0.49182387499999997
0.75,0.875,0.5625,0.8607551250000001,0.84437,0.5558426874999999
0.75,0.875,0.625,0.8521525000000001,0.8481763749999999,0.6198614999999998
0.75,0.875,0.6875,0.8435498750000001,0.8519827499999999,0.6838803124999999
0.75,0.875,0.75,0.83494725,0.8557891249999999,0.7478991249999999
0.75,0.875,0.8125,0.826344625,0.8595955,0.8119179374999999
0.75,0.875,0.875,0.8177420000000001,0.8634018749999999,0.8759367499999999
0.75,0.875,0.9375,0.8091393750000001,0.8672082499999999,0.9399555624999999
0.75,0.875,1.0,0.80053675,0.8710146249999999,1.0039743749999999
0.75,0.9375,0.0,0.980652375,0.8630071874999999,-0.0213770625
0.75,0.9375,0.0625,0.97204975,0.8668135625,0.04264174999999999
0.75,0.9375,0.125,0.9634471250000001,0.8706199374999999,0.10666056249999999
0.75,0.9375,0.1875,0.9548445,0.8744263124999999,0.170679375
0.75,0.9375,0.25,0.946241875,0.8782326874999999,0.2346981875
0.75,0.9375,0.3125,0.93763925,0.8820390625,0.29871699999999995
0.75,0.9375,0.375,0.9290366250000001,0.8858454374999999,0.3627358125
0.75,0.9375,0.4375,0.920434,0.8896518124999999,0.426754625
0.75,0.9375,0.5,0.911831375,0.8934581875,0.49077343749999996
0.75,0.9375,0.5625,0.90322875,0.8972645625,0.5547922499999999
0.75,0.9375,0.625,0.894626125,0.9010709374999999,0.6188110624999998
0.75,0.9375,0.6875,0.8860235000000001,0.9048773124999999,0.6828298749999999
0.75,0.9375,0.75,0.877420875,0.9086836875,0.7468486874999999
0.75,0.9375,0.8125,0.86881825,0.9124900625,0.8108674999999999
0.75,0.9375,0.875,0.860215625,0.9162964374999999,0.8748863124999999
0.75,0.9375,0.9375,0.8516130000000001,0.9201028124999999,0.9389051249999999
0.75,0.9375,1.0,0.843010375,0.9239091875,1.0029239374999999
0.75,1.0,0.0,1.023126,0.91590175,-0.0224275
0.75,1.0,0.0625,1.014523375,0.919708125,0.04159131249999999
0.75,1.0,0.125,1.00592075,0.9235144999999999,0.10561012499999999
0.75,1.0,0.1875,0.9973181249999999,0.9273208749999999,0.1696289375
0.75,1.0,0.25,0.9887155,0.93112725,0.23364775
0.75,1.0,0.3125,0.980112875,0.934933625,0.29766656249999995
0.75,1.0,0.375,0.97151025,0.9387399999999999,0.361685375
0.75,1.0,0.4375,0.9629076249999999,0.9425463749999999,0.4257041875
0.75,1.0,0.5,0.954305,0.94635275,0.48972299999999996
0.75,1.0,0.5625,0.945702375,0.950159125,0.5537418124999999
0.75,1.0,0.625,0.93709975,0.9539654999999999,0.6177606249999998
0.75,1.0,0.6875,0.928497125,0.9577718749999999,0.6817794374999999
0.75,1.0,0.75,0.9198945,0.96157825,0.7457982499999999
0.75,1.0,0.8125,0.911291875,0.965384625,0.8098170624999999
0.75,1.0,0.875,0.90268925,0.9691909999999999,0.8738358749999999
0.75,1.0,0.9375,0.894086625,0.9729973749999999,0.9378546874999999
0.75,1.0,1.0,0.8854839999999999,0.97680375,1.0018734999999999
0.8125,0.0,0.0,0.37217700000000004,0.07538781250000001,-0.006088875
0.8125,0.0,0.0625,0.36357437500000006,0.07919418750000001,0.057929937499999994
0.8125,0.0,0.125,0.35497175000000003,0.08300056250000001,0.12194875
0.8125,0.0,0.1875,0.34636912500000006,0.08680693750000001,0.1859675625
0.8125,0.0,0.25,0.3377665,0.09061331250000002,0.24998637499999998
0.8125,0.0,0.3125,0.32916387500000005,0.09441968750000002,0.31400518749999995
0.8125,0.0,0.375,0.32056125,0.09822606250000002,0.37802399999999997
0.8125,0.0,0.4375,0.31195862500000004,0.10203243750000002,0.4420428125
0.8125,0.0,0.5,0.30335600000000007,0.10583881250000002,0.506061625
0.8125,0.0,0.5625,0.29475337500000004,0.10964518750000002,0.5700804374999999
0.8125,0.0,0.625,0.28615075,0.11345156250000002,0.6340992499999999
0.8125,0.0,0.6875,0.27754812500000003,0.11725793750000002,0.6981180625
0.8125,0.0,0.75,0.26894550000000006,0.12106431250000001,0.7621368749999999
0.8125,0.0,0.8125,0.26034287500000003,0.12487068750000001,0.8261556874999999
0.8125,0.0,0.875,0.25174025000000005,0.1286770625,0.8901745
0.8125,0.0,0.9375,0.24313762500000005,0.13248343750000002,0.9541933125
0.8125,0.0,1.0,0.23453500000000005,0.1362898125,1.0182121249999998
0.8125,0.0625,0.0,0.41465062500000005,0.128282375,-0.0071393125
0.8125,0.0625,0.0625,0.4060480000000001,0.13208875,0.05687949999999999
0.8125,0.0625,0.125,0.39744537500000005,0.135895125,0.1208983125
0.8125,0.0625,0.1875,0.38884275000000007,0.1397015,0.184917125
0.8125,0.0625,0.25,0.38024012500000004,0.143507875,0.24893593749999998
0.8125,0.0625,0.3125,0.37163750000000007,0.14731425,0.31295474999999995
0.8125,0.0625,0.375,0.36303487500000003,0.151120625,0.37697356249999997
0.8125,0.0625,0.4375,0.35443225000000006,0.154927,0.440992375
0.8125,0.0625,0.5,0.34582962500000003,0.158733375,0.5050111875
0.8125,0.0625,0.5625,0.33722700000000005,0.16253975,0.5690299999999999
0.8125,0.0625,0.625,0.3286243750000001,0.166346125,0.6330488124999999
0.8125,0.0625,0.6875,0.32002175000000005,0.1701525,0.697067625
0.8125,0.0625,0.75,0.3114191250000001,0.173958875,0.7610864374999999
0.8125,0.0625,0.8125,0.30281650000000004,0.17776524999999999,0.8251052499999999
0.8125,0.0625,0.875,0.29421387500000007,0.18157162500000001,0.8891240625
0.8125,0.0625,0.9375,0.2856112500000001,0.185378,0.953142875
0.8125,0.0625,1.0,0.27700862500000006,0.18918437500000002,1.0171616874999998
0.8125,0.125,0.0,0.45712425,0.18117693750000002,-0.008189749999999999
0.8125,0.125,0.0625,0.44852162500000003,0.18498331250000002,0.0558290625
0.8125,0.125,0.125,0.439919,0.18878968750000003,0.11984787499999999
0.8125,0.125,0.1875,0.43131637500000003,0.19259606250000003,0.1838666875
0.8125,0.125,0.25,0.42271375,0.19640243750000003,0.24788549999999998
0.8125,0.125,0.3125,0.414111125,0.20020881250000003,0.31190431249999995
0.8125,0.125,0.375,0.4055085,0.20401518750000003,0.37592312499999997
0.8125,0.125,0.4375,0.396905875,0.20782156250000003,0.4399419375
0.8125,0.125,0.5,0.38830325,0.21162793750000003,0.50396075
0.8125,0.125,0.5625,0.379700625,0.21543431250000003,0.5679795624999999
0.8125,0.125,0.625,0.37109800000000004,0.21924068750000003,0.6319983749999999
0.8125,0.125,0.6875,0.362495375,0.22304706250000003,0.6960171875
0.8125,0.125,0.75,0.35389275000000003,0.22685343750000003,0.7600359999999999
0.8125,0.125,0.8125,0.345290125,0.2306598125,0.8240548124999999
0.8125,0.125,0.875,0.33668750000000003,0.23446618750000003,0.888073625
0.8125,0.125,0.9375,0.32808487500000005,0.2382725625,0.9520924374999999
0.8125,0.125,1.0,0.31948225,0.24207893750000004,1.0161112499999998
0.8125,0.1875,0.0,0.499597875,0.23407150000000002,-0.0092401875
0.8125,0.1875,0.0625,0.49099525000000005,0.23787787500000002,0.054778625
0.8125,0.1875,0.125,0.482392625,0.24168425000000002,0.11879743749999999
0.8125,0.1875,0.1875,0.47379000000000004,0.24549062500000002,0.18281624999999999
0.8125,0.1875,0.25,0.465187375,0.24929700000000002,0.24683506249999998
0.8125,0.1875,0.3125,0.45658475000000004,0.253103375,0.31085387499999995
0.8125,0.1875,0.375,0.447982125,0.25690975,0.37487268749999997
0.8125,0.1875,0.4375,0.43937950000000003,0.260716125,0.4388915
0.8125,0.1875,0.5,0.43077687500000006,0.2645225,0.5029103125
0.8125,0.1875,0.5625,0.42217425000000003,0.268328875,0.5669291249999999
0.8125,0.1875,0.625,0.413571625,0.27213525,0.6309479374999999
0.8125,0.1875,0.6875,0.404969,0.275941625,0.69496675
0.8125,0.1875,0.75,0.39636637500000005,0.279748,0.7589855624999999
0.8125,0.1875,0.8125,0.38776375,0.283554375,0.8230043749999999
0.8125,0.1875,0.875,0.37916112500000004,0.28736075,0.8870231875
0.8125,0.1875,0.9375,0.3705585,0.291167125,0.9510419999999999
0.8125,0.1875,1.0,0.36195587500000004,0.2949735,1.0150608124999998
0.8125,0.25,0.0,0.5420715,0.2869660625,-0.010290625
0.8125,0.25,0.0625,0.5334688750000001,0.2907724375,0.053728187499999996
0.8125,0.25,0.125,0.5248662500000001,0.2945788125,0.11774699999999999
0.8125,0.25,0.1875,0.516263625,0.2983851875,0.18176581249999998
0.8125,0.25,0.25,0.507661,0.3021915625,0.24578462499999998
0.8125,0.25,0.3125,0.49905837500000005,0.3059979375,0.30980343749999995
0.8125,0.25,0.375,0.49045575,0.3098043125,0.37382224999999997
0.8125,0.25,0.4375,0.48185312500000005,0.3136106875,0.4378410625
0.8125,0.25,0.5,0.4732505,0.3174170625,0.501859875
0.8125,0.25,0.5625,0.46464787500000004,0.3212234375,0.5658786874999999
0.8125,0.25,0.625,0.45604525000000007,0.3250298125,0.6298974999999999
0.8125,0.25,0.6875,0.44744262500000004,0.3288361875,0.6939163125
0.8125,0.25,0.75,0.43884000000000006,0.3326425625,0.7579351249999999
0.8125,0.25,0.8125,0.43023737500000003,0.3364489375,0.8219539374999999
0.8125,0.25,0.875,0.42163475000000006,0.3402553125,0.88597275
0.8125,0.25,0.9375,0.4130321250000001,0.3440616875,0.9499915624999999
0.8125,0.25,1.0,0.40442950000000005,0.3478680625,1.0140103749999998
0.8125,0.3125,0.0,0.584545125,0.339860625,-0.011341062499999999
0.8125,0.3125,0.0625,0.5759425,0.343667,0.052677749999999995
0.8125,0.3125,0.125,0.567339875,0.34747337500000003,0.11669656249999999
0.8125,0.3125,0.1875,0.55873725,0.35127975,0.18071537499999998
0.8125,0.3125,0.25,0.550134625,0.35508612500000003,0.24473418749999998
0.8125,0.3125,0.3125,0.541532,0.3588925,0.30875299999999994
0.8125,0.3125,0.375,0.532929375,0.36269887500000003,0.37277181249999997
0.8125,0.3125,0.4375,0.52432675,0.36650525,0.436790625
0.8125,0.3125,0.5,0.515724125,0.37031162500000003,0.5008094375
0.8125,0.3125,0.5625,0.5071215,0.374118,0.5648282499999999
0.8125,0.3125,0.625,0.49851887500000003,0.37792437500000003,0.6288470624999999
0.8125,0.3125,0.6875,0.48991625,0.38173075,0.692865875
0.8125,0.3125,0.75,0.481313625,0.38553712500000004,0.7568846874999999
0.8125,0.3125,0.8125,0.472711,0.3893435,0.8209034999999999
0.8125,0.3125,0.875,0.464108375,0.39314987500000004,0.8849223125
0.8125,0.3125,0.9375,0.45550575000000004,0.39695625,0.9489411249999999
0.8125,0.3125,1.0,0.446903125,0.40076262500000004,1.0129599374999998
0.8125,0.375,0.0,0.62701875,0.39275518750000005,-0.0123915
0.8125,0.375,0.0625,0.618416125,0.3965615625,0.051627312499999994
0.8125,0.375,0.125,0.6098135,0.40036793750000005,0.11564612499999999
0.8125,0.375,0.1875,0.6012108749999999,0.4041743125,0.17966493749999998
0.8125,0.375,0.25,0.59260825,0.40798068750000005,0.24368374999999998
0.8125,0.375,0.3125,0.584005625,0.4117870625,0.30770256249999994
0.8125,0.375,0.375,0.575403,0.41559343750000005,0.37172137499999997
0.8125,0.375,0.4375,0.5668003749999999,0.4193998125,0.4357401875
0.8125,0.375,0.5,0.5581977499999999,0.42320618750000005,0.49975899999999995
0.8125,0.375,0.5625,0.549595125,0.4270125625,0.5637778124999999
0.8125,0.375,0.625,0.5409925,0.43081893750000005,0.6277966249999999
0.8125,0.375,0.6875,0.532389875,0.4346253125,0.6918154375
0.8125,0.375,0.75,0.5237872499999999,0.43843168750000006,0.7558342499999999
0.8125,0.375,0.8125,0.515184625,0.44223806250000003,0.8198530624999999
0.8125,0.375,0.875,0.506582,0.44604443750000006,0.883871875
0.8125,0.375,0.9375,0.497979375,0.44985081250000003,0.9478906874999999
0.8125,0.375,1.0,0.48937674999999997,0.45365718750000006,1.0119094999999998
0.8125,0.4375,0.0,0.669492375,0.44564974999999996,-0.013441937499999999
0.8125,0.4375,0.0625,0.66088975,0.44945612499999993,0.05057687499999999
0.8125,0.4375,0.125,0.6522871250000001,0.45326249999999996,0.11459568749999999
0.8125,0.4375,0.1875,0.6436845,0.45706887499999993,0.17861449999999998
0.8125,0.4375,0.25,0.635081875,0.46087524999999996,0.24263331249999998
0.8125,0.4375,0.3125,0.62647925,0.46468162499999993,0.30665212499999994
0.8125,0.4375,0.375,0.6178766250000001,0.46848799999999996,0.37067093749999996
0.8125,0.4375,0.4375,0.6092740000000001,0.47229437499999993,0.43468975
0.8125,0.4375,0.5,0.600671375,0.47610074999999996,0.49870856249999995
0.8125,0.4375,0.5625,0.59206875,0.47990712499999993,0.5627273749999999
0.8125,0.4375,0.625,0.5834661250000001,0.48371349999999996,0.6267461874999999
0.8125,0.4375,0.6875,0.5748635000000001,0.48751987499999994,0.690765
0.8125,0.4375,0.75,0.566260875,0.49132624999999996,0.7547838124999999
0.8125,0.4375,0.8125,0.55765825,0.49513262499999994,0.8188026249999999
0.8125,0.4375,0.875,0.549055625,0.49893899999999997,0.8828214375
0.8125,0.4375,0.9375,0.5404530000000001,0.5027453749999999,0.9468402499999999
0.8125,0.4375,1.0,0.5318503750000001,0.50655175,1.0108590625
0.8125,0.5,0.0,0.7119660000000001,0.4985443125,-0.014492374999999998
0.8125,0.5,0.0625,0.7033633750000001,0.5023506875,0.04952643749999999
0.8125,0.5,0.125,0.6947607500000001,0.5061570624999999,0.11354524999999999
0.8125,0.5,0.1875,0.6861581250000001,0.5099634375,0.17756406249999998
0.8125,0.5,0.25,0.6775555000000001,0.5137698125,0.24158287499999997
0.8125,0.5,0.3125,0.6689528750000001,0.5175761875,0.30560168749999994
0.8125,0.5,0.375,0.6603502500000001,0.5213825624999999,0.36962049999999996
0.8125,0.5,0.4375,0.651747625,0.5251889375,0.4336393125
0.8125,0.5,0.5,0.6431450000000001,0.5289953125,0.49765812499999995
0.8125,0.5,0.5625,0.6345423750000001,0.5328016875,0.5616769374999999
0.8125,0.5,0.625,0.6259397500000001,0.5366080624999999,0.6256957499999999
0.8125,0.5,0.6875,0.6173371250000002,0.5404144375,0.6897145625
0.8125,0.5,0.75,0.6087345000000001,0.5442208125,0.7537333749999999
0.8125,0.5,0.8125,0.6001318750000001,0.5480271875,0.8177521874999999
0.8125,0.5,0.875,0.5915292500000001,0.5518335624999999,0.881771
0.8125,0.5,0.9375,0.5829266250000001,0.5556399375,0.9457898124999999
0.8125,0.5,1.0,0.5743240000000001,0.5594463125,1.009808625
0.8125,0.5625,0.0,0.7544396250000001,0.551438875,-0.0155428125
0.8125,0.5625,0.0625,0.7458370000000001,0.55524525,0.04847599999999999
0.8125,0.5625,0.125,0.7372343750000001,0.5590516249999999,0.11249481249999999
0.8125,0.5625,0.1875,0.72863175,0.562858,0.17651362499999998
0.8125,0.5625,0.25,0.720029125,0.566664375,0.24053243749999997
0.8125,0.5625,0.3125,0.7114265000000001,0.57047075,0.30455124999999994
0.8125,0.5625,0.375,0.7028238750000001,0.5742771249999999,0.36857006249999996
0.8125,0.5625,0.4375,0.69422125,0.5780835,0.432588875
0.8125,0.5625,0.5,0.685618625,0.581889875,0.49660768749999995
0.8125,0.5625,0.5625,0.6770160000000001,0.58569625,0.5606264999999999
0.8125,0.5625,0.625,0.6684133750000001,0.589502625,0.6246453124999999
0.8125,0.5625,0.6875,0.6598107500000001,0.593309,0.688664125
0.8125,0.5625,0.75,0.651208125,0.597115375,0.7526829374999999
0.8125,0.5625,0.8125,0.6426055,0.60092175,0.8167017499999999
0.8125,0.5625,0.875,0.6340028750000001,0.604728125,0.8807205625
0.8125,0.5625,0.9375,0.6254002500000001,0.6085345,0.9447393749999999
0.8125,0.5625,1.0,0.616797625,0.612340875,1.0087581875
0.8125,0.625,0.0,0.79691325,0.6043334375,-0.01659325
0.8125,0.625,0.0625,0.788310625,0.6081398125,0.04742556249999999
0.8125,0.625,0.125,0.7797080000000001,0.6119461875,0.11144437499999998
0.8125,0.625,0.1875,0.771105375,0.6157525625,0.17546318749999998
0.8125,0.625,0.25,0.76250275,0.6195589375,0.23948199999999997
0.8125,0.625,0.3125,0.753900125,0.6233653125,0.30350081249999994
0.8125,0.625,0.375,0.7452975000000001,0.6271716875,0.36751962499999996
0.8125,0.625,0.4375,0.736694875,0.6309780625,0.4315384375
0.8125,0.625,0.5,0.72809225,0.6347844375,0.49555724999999995
0.8125,0.625,0.5625,0.719489625,0.6385908125,0.5595760624999999
0.8125,0.625,0.625,0.710887,0.6423971875,0.6235948749999999
0.8125,0.625,0.6875,0.7022843750000001,0.6462035625,0.6876136875
0.8125,0.625,0.75,0.69368175,0.6500099375,0.7516324999999999
0.8125,0.625,0.8125,0.685079125,0.6538163125,0.8156513124999999
0.8125,0.625,0.875,0.6764765,0.6576226875,0.879670125
0.8125,0.625,0.9375,0.6678738750000001,0.6614290625,0.9436889374999999
0.8125,0.625,1.0,0.65927125,0.6652354375,1.00770775
0.8125,0.6875,0.0,0.839386875,0.657228,-0.017643687499999998
0.8125,0.6875,0.0625,0.83078425,0.6610343750000001,0.046375124999999996
0.8125,0.6875,0.125,0.822181625,0.66484075,0.11039393749999998
0.8125,0.6875,0.1875,0.8135789999999999,0.668647125,0.17441274999999998
0.8125,0.6875,0.25,0.804976375,0.6724535,0.23843156249999997
0.8125,0.6875,0.3125,0.79637375,0.6762598750000001,0.30245037499999994
0.8125,0.6875,0.375,0.787771125,0.68006625,0.36646918749999996
0.8125,0.6875,0.4375,0.7791684999999999,0.683872625,0.430488
0.8125,0.6875,0.5,0.770565875,0.687679,0.49450681249999995
0.8125,0.6875,0.5625,0.76196325,0.6914853750000001,0.5585256249999999
0.8125,0.6875,0.625,0.753360625,0.69529175,0.6225444374999999
0.8125,0.6875,0.6875,0.744758,0.699098125,0.68656325
0.8125,0.6875,0.75,0.736155375,0.7029045,0.7505820624999999
0.8125,0.6875,0.8125,0.72755275,0.7067108750000001,0.8146008749999999
0.8125,0.6875,0.875,0.718950125,0.71051725,0.8786196875
0.8125,0.6875,0.9375,0.7103475,0.714323625,0.9426384999999999
0.8125,0.6875,1.0,0.7017448749999999,0.71813,1.0066573125
0.8125,0.75,0.0,0.8818604999999999,0.7101225625,-0.018694125
0.8125,0.75,0.0625,0.873257875,0.7139289375000001,0.045324687499999995
0.8125,0.75,0.125,0.86465525,0.7177353125,0.10934349999999998
0.8125,0.75,0.1875,0.8560526249999999,0.7215416875,0.17336231249999998
0.8125,0.75,0.25,0.8474499999999999,0.7253480625000001,0.23738112499999997
0.8125,0.75,0.3125,0.838847375,0.7291544375000001,0.30139993749999994
0.8125,0.75,0.375,0.83024475,0.7329608125,0.36541874999999996
0.8125,0.75,0.4375,0.8216421249999999,0.7367671875,0.4294375625
0.8125,0.75,0.5,0.8130394999999999,0.7405735625000001,0.49345637499999995
0.8125,0.75,0.5625,0.8044368749999999,0.7443799375000001,0.5574751874999999
0.8125,0.75,0.625,0.79583425,0.7481863125,0.6214939999999999
0.8125,0.75,0.6875,0.787231625,0.7519926875,0.6855128125
0.8125,0.75,0.75,0.7786289999999999,0.7557990625000001,0.7495316249999999
0.8125,0.75,0.8125,0.7700263749999999,0.7596054375000001,0.8135504374999999
0.8125,0.75,0.875,0.76142375,0.7634118125,0.87756925
0.8125,0.75,0.9375,0.752821125,0.7672181875,0.9415880624999999
0.8125,0.75,1.0,0.7442184999999999,0.7710245625000001,1.005606875
0.8125,0.8125,0.0,0.9243341250000001,0.7630171250000001,-0.0197445625
0.8125,0.8125,0.0625,0.9157315000000001,0.7668235000000001,0.044274249999999994
0.8125,0.8125,0.125,0.9071288750000002,0.770629875,0.10829306249999998
0.8125,0.8125,0.1875,0.8985262500000001,0.77443625,0.17231187499999998
0.8125,0.8125,0.25,0.8899236250000001,0.7782426250000001,0.23633068749999997
0.8125,0.8125,0.3125,0.8813210000000001,0.7820490000000001,0.30034949999999994
0.8125,0.8125,0.375,0.8727183750000002,0.785855375,0.36436831249999996
0.8125,0.8125,0.4375,0.8641157500000001,0.78966175,0.428387125
0.8125,0.8125,0.5,0.8555131250000001,0.7934681250000001,0.49240593749999995
0.8125,0.8125,0.5625,0.8469105000000001,0.7972745000000001,0.5564247499999999
0.8125,0.8125,0.625,0.8383078750000001,0.801080875,0.6204435624999999
0.8125,0.8125,0.6875,0.8297052500000002,0.80488725,0.684462375
0.8125,0.8125,0.75,0.8211026250000001,0.8086936250000001,0.7484811874999999
0.8125,0.8125,0.8125,0.8125000000000001,0.8125000000000001,0.8124999999999999
0.8125,0.8125,0.875,0.8038973750000001,0.816306375,0.8765188125
0.8125,0.8125,0.9375,0.7952947500000002,0.8201127500000001,0.9405376249999999
0.8125,0.8125,1.0,0.7866921250000001,0.8239191250000001,1.0045564375
0.8125,0.875,0.0,0.9668077500000001,0.8159116875,-0.020794999999999998
0.8125,0.875,0.0625,0.9582051250000001,0.8197180625,0.0432238125
0.8125,0.875,0.125,0.9496025000000001,0.8235244374999999,0.107242625
0.8125,0.875,0.1875,0.940999875,0.8273308125,0.17126143749999997
0.8125,0.875,0.25,0.9323972500000001,0.8311371875,0.23528024999999997
0.8125,0.875,0.3125,0.9237946250000001,0.8349435625,0.29929906249999993
0.8125,0.875,0.375,0.9151920000000001,0.8387499374999999,0.36331787499999996
0.8125,0.875,0.4375,0.906589375,0.8425563125,0.4273366875
0.8125,0.875,0.5,0.8979867500000001,0.8463626875,0.49135549999999995
0.8125,0.875,0.5625,0.8893841250000001,0.8501690625,0.5553743124999999
0.8125,0.875,0.625,0.8807815000000001,0.8539754374999999,0.6193931249999999
0.8125,0.875,0.6875,0.8721788750000001,0.8577818125,0.6834119375
0.8125,0.875,0.75,0.86357625,0.8615881875,0.7474307499999999
0.8125,0.875,0.8125,0.8549736250000001,0.8653945625,0.8114495624999999
0.8125,0.875,0.875,0.8463710000000001,0.8692009374999999,0.875468375
0.8125,0.875,0.9375,0.8377683750000001,0.8730073125,0.9394871874999999
0.8125,0.875,1.0,0.82916575,0.8768136875,1.003506
0.8125,0.9375,0.0,1.009281375,0.86880625,-0.0218454375
0.8125,0.9375,0.0625,1.00067875,0.872612625,0.042173375
0.8125,0.9375,0.125,0.9920761250000001,0.876419,0.1061921875
0.8125,0.9375,0.1875,0.9834735,0.880225375,0.17021099999999997
0.8125,0.9375,0.25,0.974870875,0.88403175,0.23422981249999997
0.8125,0.9375,0.3125,0.96626825,0.887838125,0.29824862499999993
0.8125,0.9375,0.375,0.9576656250000001,0.8916445,0.36226743749999996
0.8125,0.9375,0.4375,0.949063,0.895450875,0.42628625
0.8125,0.9375,0.5,0.940460375,0.89925725,0.49030506249999994
0.8125,0.9375,0.5625,0.93185775,0.903063625,0.5543238749999999
0.8125,0.9375,0.625,0.9232551250000001,0.90687,0.6183426874999999
0.8125,0.9375,0.6875,0.9146525000000001,0.910676375,0.6823615
0.8125,0.9375,0.75,0.906049875,0.91448275,0.7463803124999999
0.8125,0.9375,0.8125,0.89744725,0.918289125,0.8103991249999999
0.8125,0.9375,0.875,0.888844625,0.9220955,0.8744179375
0.8125,0.9375,0.9375,0.8802420000000001,0.925901875,0.9384367499999999
0.8125,0.9375,1.0,0.871639375,0.92970825,1.0024555625
0.8125,1.0,0.0,1.051755,0.9217008125,-0.022895875
0.8125,1.0,0.0625,1.043152375,0.9255071875,0.0411229375
0.8125,1.0,0.125,1.03454975,0.9293135625,0.10514174999999999
0.8125,1.0,0.1875,1.025947125,0.9331199375,0.16916056249999997
0.8125,1.0,0.25,1.0173445,0.9369263125,0.23317937499999997
0.8125,1.0,0.3125,1.008741875,0.9407326875,0.29719818749999993
0.8125,1.0,0.375,1.00013925,0.9445390625,0.36121699999999995
0.8125,1.0,0.4375,0.991536625,0.9483454375,0.4252358125
0.8125,1.0,0.5,0.982934,0.9521518125,0.48925462499999994
0.8125,1.0,0.5625,0.974331375,0.9559581875000001,0.5532734374999999
0.8125,1.0,0.625,0.96572875,0.9597645625,0.6172922499999999
0.8125,1.0,0.6875,0.957126125,0.9635709375,0.6813110625
0.8125,1.0,0.75,0.9485235,0.9673773125,0.7453298749999999
0.8125,1.0,0.8125,0.939920875,0.9711836875000001,0.8093486874999999
0.8125,1.0,0.875,0.93131825,0.9749900625,0.8733675
0.8125,1.0,0.9375,0.922715625,0.9787964375,0.9373863124999999
0.8125,1.0,1.0,0.914113,0.9826028125,1.001405125
0.875,0.0,0.0,0.400806,0.081186875,-0.00655725
0.875,0.0,0.0625,0.392203375,0.08499325,0.057461562499999994
0.875,0.0,0.125,0.38360075,0.08879962500000001,0.12148037499999999
0.875,0.0,0.1875,0.374998125,0.09260600000000001,0.1854991875
0.875,0.0,0.25,0.3663955,0.09641237500000001,0.249518
0.875,0.0,0.3125,0.357792875,0.10021875000000001,0.31353681249999993
0.875,0.0,0.375,0.34919025,0.104025125,0.37755562499999995
0.875,0.0,0.4375,0.340587625,0.1078315,0.44157443749999997
0.875,0.0,0.5,0.331985,0.111637875,0.50559325
0.875,0.0,0.5625,0.323382375,0.11544425,0.5696120625
0.875,0.0,0.625,0.31477975,0.119250625,0.6336308749999999
0.875,0.0,0.6875,0.306177125,0.123057,0.6976496875
0.875,0.0,0.75,0.2975745,0.126863375,0.7616685
0.875,0.0,0.8125,0.288971875,0.13066975,0.8256873124999999
0.875,0.0,0.875,0.28036925,0.134476125,0.889706125
0.875,0.0,0.9375,0.27176662500000004,0.1382825,0.9537249375
0.875,0.0,1.0,0.263164,0.142088875,1.01774375
0.875,0.0625,0.0,0.443279625,0.1340814375,-0.0076076875
0.875,0.0625,0.0625,0.43467700000000004,0.1378878125,0.05641112499999999
0.875,0.0625,0.125,0.426074375,0.1416941875,0.12042993749999999
0.875,0.0625,0.1875,0.41747175000000003,0.1455005625,0.18444875
0.875,0.0625,0.25,0.408869125,0.14930693750000001,0.2484675625
0.875,0.0625,0.3125,0.4002665,0.15311331250000002,0.3124863749999999
0.875,0.0625,0.375,0.391663875,0.15691968750000002,0.37650518749999995
0.875,0.0625,0.4375,0.38306125,0.16072606250000002,0.44052399999999997
0.875,0.0625,0.5,0.37445862500000004,0.16453243750000002,0.5045428125
0.875,0.0625,0.5625,0.365856,0.16833881250000002,0.568561625
0.875,0.0625,0.625,0.357253375,0.17214518750000002,0.6325804374999999
0.875,0.0625,0.6875,0.34865075,0.17595156250000002,0.69659925
0.875,0.0625,0.75,0.34004812500000003,0.17975793750000002,0.7606180625
0.875,0.0625,0.8125,0.3314455,0.1835643125,0.8246368749999999
0.875,0.0625,0.875,0.32284287500000003,0.18737068750000002,0.8886556875
0.875,0.0625,0.9375,0.31424025,0.1911770625,0.9526745
0.875,0.0625,1.0,0.305637625,0.19498343750000002,1.0166933125
0.875,0.125,0.0,0.48575325,0.186976,-0.008658125
0.875,0.125,0.0625,0.47715062500000005,0.190782375,0.05536068749999999
0.875,0.125,0.125,0.468548,0.19458875,0.11937949999999999
0.875,0.125,0.1875,0.45994537500000005,0.198395125,0.1833983125
0.875,0.125,0.25,0.45134275,0.2022015,0.247417125
0.875,0.125,0.3125,0.44274012500000004,0.206007875,0.3114359374999999
0.875,0.125,0.375,0.4341375,0.20981425,0.37545474999999995
0.875,0.125,0.4375,0.42553487500000003,0.213620625,0.43947356249999997
0.875,0.125,0.5,0.41693225,0.217427,0.503492375
0.875,0.125,0.5625,0.40832962500000003,0.221233375,0.5675111875
0.875,0.125,0.625,0.39972700000000005,0.22503975,0.6315299999999999
0.875,0.125,0.6875,0.391124375,0.228846125,0.6955488125
0.875,0.125,0.75,0.38252175000000005,0.23265249999999998,0.759567625
0.875,0.125,0.8125,0.373919125,0.236458875,0.8235864374999999
0.875,0.125,0.875,0.36531650000000004,0.24026524999999999,0.88760525
0.875,0.125,0.9375,0.35671387500000007,0.24407162500000001,0.9516240625
0.875,0.125,1.0,0.34811125000000004,0.247878,1.015642875
0.875,0.1875,0.0,0.528226875,0.2398705625,-0.0097085625
0.875,0.1875,0.0625,0.51962425,0.2436769375,0.05431024999999999
0.875,0.1875,0.125,0.511021625,0.2474833125,0.11832906249999998
0.875,0.1875,0.1875,0.502419,0.25128968749999997,0.182347875
0.875,0.1875,0.25,0.493816375,0.2550960625,0.2463666875
0.875,0.1875,0.3125,0.48521375,0.25890243749999997,0.3103854999999999
0.875,0.1875,0.375,0.47661112499999997,0.2627088125,0.37440431249999995
0.875,0.1875,0.4375,0.4680085,0.2665151875,0.43842312499999997
0.875,0.1875,0.5,0.45940587499999996,0.2703215625,0.5024419375
0.875,0.1875,0.5625,0.45080325,0.2741279375,0.56646075
0.875,0.1875,0.625,0.442200625,0.2779343125,0.6304795624999999
0.875,0.1875,0.6875,0.433598,0.2817406875,0.694498375
0.875,0.1875,0.75,0.424995375,0.2855470625,0.7585171875
0.875,0.1875,0.8125,0.41639275,0.2893534375,0.8225359999999999
0.875,0.1875,0.875,0.407790125,0.2931598125,0.8865548125
0.875,0.1875,0.9375,0.39918750000000003,0.2969661875,0.950573625
0.875,0.1875,1.0,0.390584875,0.3007725625,1.0145924375
0.875,0.25,0.0,0.5707005,0.292765125,-0.010759
0.875,0.25,0.0625,0.5620978750000001,0.2965715,0.053259812499999996
0.875,0.25,0.125,0.5534952500000001,0.300377875,0.11727862499999998
0.875,0.25,0.1875,0.544892625,0.30418425,0.1812974375
0.875,0.25,0.25,0.53629,0.307990625,0.24531624999999999
0.875,0.25,0.3125,0.5276873750000001,0.311797,0.3093350624999999
0.875,0.25,0.375,0.5190847500000001,0.315603375,0.37335387499999995
0.875,0.25,0.4375,0.510482125,0.31940975,0.43737268749999997
0.875,0.25,0.5,0.5018795,0.323216125,0.5013915
0.875,0.25,0.5625,0.49327687500000006,0.3270225,0.5654103125
0.875,0.25,0.625,0.4846742500000001,0.330828875,0.6294291249999999
0.875,0.25,0.6875,0.47607162500000005,0.33463525,0.6934479375
0.875,0.25,0.75,0.4674690000000001,0.338441625,0.75746675
0.875,0.25,0.8125,0.45886637500000005,0.342248,0.8214855624999999
0.875,0.25,0.875,0.4502637500000001,0.346054375,0.885504375
0.875,0.25,0.9375,0.4416611250000001,0.34986075,0.9495231875
0.875,0.25,1.0,0.43305850000000007,0.353667125,1.013542
0.875,0.3125,0.0,0.613174125,0.3456596875,-0.011809437499999999
0.875,0.3125,0.0625,0.6045715,0.34946606249999995,0.052209374999999995
0.875,0.3125,0.125,0.5959688750000001,0.3532724375,0.1162281875
0.875,0.3125,0.1875,0.58736625,0.35707881249999995,0.180247
0.875,0.3125,0.25,0.578763625,0.3608851875,0.24426581249999998
0.875,0.3125,0.3125,0.570161,0.36469156249999996,0.3082846249999999
0.875,0.3125,0.375,0.561558375,0.3684979375,0.37230343749999995
0.875,0.3125,0.4375,0.55295575,0.37230431249999996,0.43632224999999997
0.875,0.3125,0.5,0.544353125,0.3761106875,0.5003410625
0.875,0.3125,0.5625,0.5357505,0.37991706249999996,0.564359875
0.875,0.3125,0.625,0.527147875,0.3837234375,0.6283786874999999
0.875,0.3125,0.6875,0.5185452500000001,0.38752981249999996,0.6923975
0.875,0.3125,0.75,0.509942625,0.3913361875,0.7564163125
0.875,0.3125,0.8125,0.50134,0.39514256249999996,0.8204351249999999
0.875,0.3125,0.875,0.49273737500000003,0.3989489375,0.8844539375
0.875,0.3125,0.9375,0.48413475000000006,0.40275531249999996,0.94847275
0.875,0.3125,1.0,0.475532125,0.4065616875,1.0124915625
0.875,0.375,0.0,0.65564775,0.39855425,-0.012859875
0.875,0.375,0.0625,0.647045125,0.40236062499999997,0.051158937499999994
0.875,0.375,0.125,0.6384425,0.406167,0.11517775
0.875,0.375,0.1875,0.6298398749999999,0.409973375,0.1791965625
0.875,0.375,0.25,0.62123725,0.41377975,0.24321537499999998
0.875,0.375,0.3125,0.612634625,0.417586125,0.3072341874999999
0.875,0.375,0.375,0.604032,0.4213925,0.37125299999999994
0.875,0.375,0.4375,0.5954293749999999,0.425198875,0.43527181249999997
0.875,0.375,0.5,0.58682675,0.42900525,0.49929062499999993
0.875,0.375,0.5625,0.578224125,0.432811625,0.5633094375
0.875,0.375,0.625,0.5696215,0.436618,0.6273282499999999
0.875,0.375,0.6875,0.561018875,0.440424375,0.6913470625
0.875,0.375,0.75,0.5524162499999999,0.44423075,0.755365875
0.875,0.375,0.8125,0.543813625,0.448037125,0.8193846874999999
0.875,0.375,0.875,0.535211,0.4518435,0.8834035
0.875,0.375,0.9375,0.526608375,0.455649875,0.9474223125
0.875,0.375,1.0,0.5180057499999999,0.45945625,1.011441125
0.875,0.4375,0.0,0.6981213749999999,0.45144881249999996,-0.013910312499999999
0.875,0.4375,0.0625,0.68951875,0.45525518749999994,0.05010849999999999
0.875,0.4375,0.125,0.680916125,0.45906156249999996,0.1141273125
0.875,0.4375,0.1875,0.6723134999999999,0.46286793749999994,0.178146125
0.875,0.4375,0.25,0.6637108749999999,0.46667431249999997,0.24216493749999998
0.875,0.4375,0.3125,0.65510825,0.47048068749999994,0.3061837499999999
0.875,0.4375,0.375,0.646505625,0.47428706249999997,0.37020256249999994
0.875,0.4375,0.4375,0.6379029999999999,0.47809343749999994,0.43422137499999997
0.875,0.4375,0.5,0.6293003749999999,0.48189981249999997,0.49824018749999993
0.875,0.4375,0.5625,0.6206977499999999,0.48570618749999994,0.562259
0.875,0.4375,0.625,0.612095125,0.48951256249999997,0.6262778124999999
0.875,0.4375,0.6875,0.6034925,0.49331893749999994,0.690296625
0.875,0.4375,0.75,0.5948898749999999,0.49712531249999997,0.7543154375
0.875,0.4375,0.8125,0.5862872499999999,0.5009316875,0.8183342499999999
0.875,0.4375,0.875,0.577684625,0.5047380625,0.8823530625
0.875,0.4375,0.9375,0.569082,0.5085444375,0.946371875
0.875,0.4375,1.0,0.5604793749999999,0.5123508124999999,1.0103906875
0.875,0.5,0.0,0.740595,0.504343375,-0.014960749999999998
0.875,0.5,0.0625,0.731992375,0.5081497500000001,0.0490580625
0.875,0.5,0.125,0.72338975,0.511956125,0.113076875
0.875,0.5,0.1875,0.714787125,0.5157625,0.1770956875
0.875,0.5,0.25,0.7061845,0.519568875,0.24111449999999998
0.875,0.5,0.3125,0.697581875,0.5233752500000001,0.3051333124999999
0.875,0.5,0.375,0.68897925,0.527181625,0.36915212499999994
0.875,0.5,0.4375,0.6803766250000001,0.530988,0.43317093749999996
0.875,0.5,0.5,0.671774,0.534794375,0.49718974999999993
0.875,0.5,0.5625,0.663171375,0.5386007500000001,0.5612085625
0.875,0.5,0.625,0.65456875,0.542407125,0.6252273749999999
0.875,0.5,0.6875,0.6459661250000001,0.5462135,0.6892461875
0.875,0.5,0.75,0.6373635,0.550019875,0.753265
0.875,0.5,0.8125,0.628760875,0.5538262500000001,0.8172838124999999
0.875,0.5,0.875,0.62015825,0.557632625,0.881302625
0.875,0.5,0.9375,0.611555625,0.561439,0.9453214375
0.875,0.5,1.0,0.6029530000000001,0.565245375,1.00934025
0.875,0.5625,0.0,0.7830686250000001,0.5572379375000001,-0.0160111875
0.875,0.5625,0.0625,0.7744660000000001,0.5610443125000001,0.048007625
0.875,0.5625,0.125,0.7658633750000001,0.5648506875,0.11202643749999999
0.875,0.5625,0.1875,0.75726075,0.5686570625,0.17604525
0.875,0.5625,0.25,0.7486581250000001,0.5724634375000001,0.24006406249999998
0.875,0.5625,0.3125,0.7400555000000001,0.5762698125000001,0.3040828749999999
0.875,0.5625,0.375,0.7314528750000001,0.5800761875,0.36810168749999994
0.875,0.5625,0.4375,0.72285025,0.5838825625,0.43212049999999996
0.875,0.5625,0.5,0.714247625,0.5876889375000001,0.49613931249999993
0.875,0.5625,0.5625,0.7056450000000001,0.5914953125000001,0.560158125
0.875,0.5625,0.625,0.6970423750000001,0.5953016875,0.6241769374999999
0.875,0.5625,0.6875,0.6884397500000001,0.5991080625,0.68819575
0.875,0.5625,0.75,0.679837125,0.6029144375000001,0.7522145625
0.875,0.5625,0.8125,0.6712345000000001,0.6067208125000001,0.8162333749999999
0.875,0.5625,0.875,0.6626318750000001,0.6105271875,0.8802521875
0.875,0.5625,0.9375,0.6540292500000001,0.6143335625,0.944271
0.875,0.5625,1.0,0.645426625,0.6181399375000001,1.0082898125
0.875,0.625,0.0,0.82554225,0.6101325,-0.017061625
0.875,0.625,0.0625,0.8169396250000001,0.613938875,0.0469571875
0.875,0.625,0.125,0.8083370000000001,0.6177452499999999,0.11097599999999999
0.875,0.625,0.1875,0.799734375,0.6215516249999999,0.17499481249999999
0.875,0.625,0.25,0.79113175,0.625358,0.23901362499999998
0.875,0.625,0.3125,0.782529125,0.629164375,0.3030324374999999
0.875,0.625,0.375,0.7739265000000001,0.6329707499999999,0.36705124999999994
0.875,0.625,0.4375,0.765323875,0.6367771249999999,0.43107006249999996
0.875,0.625,0.5,0.75672125,0.6405835,0.49508887499999993
0.875,0.625,0.5625,0.748118625,0.644389875,0.5591076875
0.875,0.625,0.625,0.7395160000000001,0.6481962499999999,0.6231264999999999
0.875,0.625,0.6875,0.7309133750000001,0.652002625,0.6871453125
0.875,0.625,0.75,0.72231075,0.655809,0.751164125
0.875,0.625,0.8125,0.713708125,0.659615375,0.8151829374999999
0.875,0.625,0.875,0.7051055,0.6634217499999999,0.87920175
0.875,0.625,0.9375,0.6965028750000001,0.667228125,0.9432205625
0.875,0.625,1.0,0.68790025,0.6710345,1.007239375
0.875,0.6875,0.0,0.868015875,0.6630270625,-0.018112062499999998
0.875,0.6875,0.0625,0.85941325,0.6668334375,0.045906749999999996
0.875,0.6875,0.125,0.850810625,0.6706398124999999,0.10992556249999999
0.875,0.6875,0.1875,0.842208,0.6744461875,0.17394437499999998
0.875,0.6875,0.25,0.833605375,0.6782525625,0.23796318749999998
0.875,0.6875,0.3125,0.82500275,0.6820589375,0.301982
0.875,0.6875,0.375,0.816400125,0.6858653124999999,0.36600081249999994
0.875,0.6875,0.4375,0.8077975,0.6896716875,0.430019625
0.875,0.6875,0.5,0.799194875,0.6934780625,0.4940384375
0.875,0.6875,0.5625,0.79059225,0.6972844375,0.55805725
0.875,0.6875,0.625,0.781989625,0.7010908124999999,0.6220760624999999
0.875,0.6875,0.6875,0.773387,0.7048971875,0.686094875
0.875,0.6875,0.75,0.764784375,0.7087035625,0.7501136875
0.875,0.6875,0.8125,0.75618175,0.7125099375,0.8141324999999999
0.875,0.6875,0.875,0.747579125,0.7163163124999999,0.8781513125
0.875,0.6875,0.9375,0.7389765,0.7201226875,0.942170125
0.875,0.6875,1.0,0.730373875,0.7239290625,1.0061889375
0.875,0.75,0.0,0.9104895,0.715921625,-0.0191625
0.875,0.75,0.0625,0.901886875,0.719728,0.044856312499999995
0.875,0.75,0.125,0.89328425,0.723534375,0.10887512499999999
0.875,0.75,0.1875,0.8846816249999999,0.72734075,0.17289393749999998
0.875,0.75,0.25,0.8760789999999999,0.731147125,0.23691274999999998
0.875,0.75,0.3125,0.867476375,0.7349535,0.30093156249999997
0.875,0.75,0.375,0.85887375,0.738759875,0.36495037499999994
0.875,0.75,0.4375,0.8502711249999999,0.74256625,0.4289691875
0.875,0.75,0.5,0.8416684999999999,0.746372625,0.492988
0.875,0.75,0.5625,0.833065875,0.750179,0.5570068125
0.875,0.75,0.625,0.82446325,0.753985375,0.6210256249999999
0.875,0.75,0.6875,0.815860625,0.75779175,0.6850444375
0.875,0.75,0.75,0.8072579999999999,0.761598125,0.74906325
0.875,0.75,0.8125,0.798655375,0.7654045,0.8130820624999999
0.875,0.75,0.875,0.79005275,0.769210875,0.877100875
0.875,0.75,0.9375,0.781450125,0.77301725,0.9411196875
0.875,0.75,1.0,0.7728474999999999,0.776823625,1.0051385
0.875,0.8125,0.0,0.952963125,0.7688161875,-0.0202129375
0.875,0.8125,0.0625,0.9443605,0.7726225625,0.043805874999999994
0.875,0.8125,0.125,0.9357578750000001,0.7764289375,0.10782468749999999
0.875,0.8125,0.1875,0.92715525,0.7802353125,0.17184349999999998
0.875,0.8125,0.25,0.918552625,0.7840416875,0.23586231249999998
0.875,0.8125,0.3125,0.90995,0.7878480625000001,0.29988112499999997
0.875,0.8125,0.375,0.9013473750000001,0.7916544375,0.36389993749999994
0.875,0.8125,0.4375,0.8927447500000001,0.7954608125,0.42791875
0.875,0.8125,0.5,0.884142125,0.7992671875,0.4919375625
0.875,0.8125,0.5625,0.8755395,0.8030735625000001,0.555956375
0.875,0.8125,0.625,0.866936875,0.8068799375,0.6199751874999999
0.875,0.8125,0.6875,0.8583342500000001,0.8106863125,0.683994
0.875,0.8125,0.75,0.849731625,0.8144926875,0.7480128125
0.875,0.8125,0.8125,0.841129,0.8182990625000001,0.8120316249999999
0.875,0.8125,0.875,0.832526375,0.8221054375,0.8760504375
0.875,0.8125,0.9375,0.8239237500000001,0.8259118125,0.94006925
0.875,0.8125,1.0,0.8153211250000001,0.8297181875,1.0040880625
0.875,0.875,0.0,0.99543675,0.8217107499999999,-0.021263374999999998
0.875,0.875,0.0625,0.986834125,0.825517125,0.04275543749999999
0.875,0.875,0.125,0.9782315,0.8293234999999999,0.10677424999999999
0.875,0.875,0.1875,0.969628875,0.8331298749999999,0.17079306249999998
0.875,0.875,0.25,0.96102625,0.8369362499999999,0.23481187499999998
0.875,0.875,0.3125,0.952423625,0.840742625,0.29883068749999997
0.875,0.875,0.375,0.943821,0.8445489999999999,0.3628495
0.875,0.875,0.4375,0.935218375,0.8483553749999999,0.4268683125
0.875,0.875,0.5,0.92661575,0.8521617499999999,0.490887125
0.875,0.875,0.5625,0.918013125,0.855968125,0.5549059375
0.875,0.875,0.625,0.9094105,0.8597744999999999,0.6189247499999999
0.875,0.875,0.6875,0.900807875,0.8635808749999999,0.6829435625
0.875,0.875,0.75,0.89220525,0.8673872499999999,0.746962375
0.875,0.875,0.8125,0.883602625,0.871193625,0.8109811874999999
0.875,0.875,0.875,0.875,0.8749999999999999,0.875
0.875,0.875,0.9375,0.866397375,0.8788063749999999,0.9390188125
0.875,0.875,1.0,0.85779475,0.88261275,1.003037625
0.875,0.9375,0.0,1.037910375,0.8746053125,-0.0223138125
0.875,0.9375,0.0625,1.02930775,0.8784116875,0.04170499999999999
0.875,0.9375,0.125,1.020705125,0.8822180624999999,0.10572381249999999
0.875,0.9375,0.1875,1.0121025000000001,0.8860244374999999,0.16974262499999998
0.875,0.9375,0.25,1.0034998750000002,0.8898308125,0.23376143749999997
0.875,0.9375,0.3125,0.9948972500000001,0.8936371875,0.29778024999999997
0.875,0.9375,0.375,0.9862946250000001,0.8974435624999999,0.3617990625
0.875,0.9375,0.4375,0.977692,0.9012499374999999,0.425817875
0.875,0.9375,0.5,0.969089375,0.9050563125,0.4898366875
0.875,0.9375,0.5625,0.9604867500000001,0.9088626875,0.5538555
0.875,0.9375,0.625,0.9518841250000001,0.9126690624999999,0.6178743124999999
0.875,0.9375,0.6875,0.9432815000000001,0.9164754374999999,0.681893125
0.875,0.9375,0.75,0.934678875,0.9202818125,0.7459119375
0.875,0.9375,0.8125,0.92607625,0.9240881875,0.8099307499999999
0.875,0.9375,0.875,0.9174736250000001,0.9278945624999999,0.8739495625
0.875,0.9375,0.9375,0.9088710000000001,0.9317009374999999,0.937968375
0.875,0.9375,1.0,0.900268375,0.9355073125,1.0019871875
0.875,1.0,0.0,1.080384,0.927499875,-0.02336425
0.875,1.0,0.0625,1.071781375,0.93130625,0.04065456249999999
0.875,1.0,0.125,1.06317875,0.9351126249999999,0.10467337499999999
0.875,1.0,0.1875,1.054576125,0.938919,0.16869218749999998
0.875,1.0,0.25,1.0459735000000001,0.942725375,0.23271099999999997
0.875,1.0,0.3125,1.037370875,0.94653175,0.29672981249999997
0.875,1.0,0.375,1.02876825,0.9503381249999999,0.360748625
0.875,1.0,0.4375,1.020165625,0.9541445,0.4247674375
0.875,1.0,0.5,1.011563,0.957950875,0.48878625
0.875,1.0,0.5625,1.002960375,0.96175725,0.5528050624999999
0.875,1.0,0.625,0.99435775,0.9655636249999999,0.6168238749999999
0.875,1.0,0.6875,0.9857551250000001,0.96937,0.6808426875
0.875,1.0,0.75,0.9771525,0.973176375,0.7448615
0.875,1.0,0.8125,0.968549875,0.97698275,0.8088803124999999
0.875,1.0,0.875,0.95994725,0.9807891249999999,0.872899125
0.875,1.0,0.9375,0.951344625,0.9845955,0.9369179375
0.875,1.0,1.0,0.942742,0.988401875,1.00093675
0.9375,0.0,0.0,0.429435,0.0869859375,-0.007025625
0.9375,0.0,0.0625,0.42083237500000004,0.0907923125,0.056993187499999994
0.9375,0.0,0.125,0.41222975,0.0945986875,0.121012
0.9375,0.0,0.1875,0.40362712500000003,0.0984050625,0.18503081249999997
0.9375,0.0,0.25,0.3950245,0.1022114375,0.24904962499999997
0.9375,0.0,0.3125,0.386421875,0.1060178125,0.31306843749999996
0.9375,0.0,0.375,0.37781925,0.1098241875,0.37708725
0.9375,0.0,0.4375,0.369216625,0.1136305625,0.4411060625
0.9375,0.0,0.5,0.360614,0.1174369375,0.5051248749999999
0.9375,0.0,0.5625,0.352011375,0.1212433125,0.5691436874999999
0.9375,0.0,0.625,0.34340875000000004,0.1250496875,0.6331624999999999
0.9375,0.0,0.6875,0.334806125,0.1288560625,0.6971813124999999
0.9375,0.0,0.75,0.32620350000000004,0.1326624375,0.7612001249999999
0.9375,0.0,0.8125,0.317600875,0.13646881249999998,0.8252189374999999
0.9375,0.0,0.875,0.30899825000000003,0.1402751875,0.8892377499999999
0.9375,0.0,0.9375,0.30039562500000005,0.14408156249999998,0.9532565624999999
0.9375,0.0,1.0,0.291793,0.1478879375,1.0172753749999999
0.9375,0.0625,0.0,0.471908625,0.1398805,-0.0080760625
0.9375,0.0625,0.0625,0.46330600000000005,0.143686875,0.05594274999999999
0.9375,0.0625,0.125,0.454703375,0.14749325,0.1199615625
0.9375,0.0625,0.1875,0.44610075000000005,0.151299625,0.18398037499999997
0.9375,0.0625,0.25,0.437498125,0.155106,0.24799918749999997
0.9375,0.0625,0.3125,0.42889550000000004,0.158912375,0.31201799999999996
0.9375,0.0625,0.375,0.420292875,0.16271875,0.3760368125
0.9375,0.0625,0.4375,0.41169025000000004,0.166525125,0.440055625
0.9375,0.0625,0.5,0.40308762500000006,0.1703315,0.5040744374999999
0.9375,0.0625,0.5625,0.39448500000000003,0.174137875,0.5680932499999999
0.9375,0.0625,0.625,0.385882375,0.17794425,0.6321120624999998
0.9375,0.0625,0.6875,0.37727975,0.181750625,0.6961308749999999
0.9375,0.0625,0.75,0.36867712500000005,0.18555699999999997,0.7601496874999999
0.9375,0.0625,0.8125,0.3600745,0.189363375,0.8241684999999999
0.9375,0.0625,0.875,0.35147187500000004,0.19316974999999997,0.8881873124999999
0.9375,0.0625,0.9375,0.34286925,0.196976125,0.9522061249999999
0.9375,0.0625,1.0,0.33426662500000004,0.20078249999999997,1.0162249374999999
0.9375,0.125,0.0,0.51438225,0.19277506249999998,-0.0091265
0.9375,0.125,0.0625,0.5057796250000001,0.19658143749999998,0.0548923125
0.9375,0.125,0.125,0.49717700000000004,0.20038781249999998,0.11891112499999999
0.9375,0.125,0.1875,0.48857437500000006,0.20419418749999999,0.18292993749999997
0.9375,0.125,0.25,0.47997175000000003,0.20800056249999999,0.24694874999999997
0.9375,0.125,0.3125,0.47136912500000006,0.2118069375,0.31096756249999996
0.9375,0.125,0.375,0.4627665,0.2156133125,0.374986375
0.9375,0.125,0.4375,0.45416387500000005,0.2194196875,0.4390051875
0.9375,0.125,0.5,0.44556125,0.2232260625,0.5030239999999999
0.9375,0.125,0.5625,0.43695862500000004,0.2270324375,0.5670428124999999
0.9375,0.125,0.625,0.42835600000000007,0.2308388125,0.6310616249999998
0.9375,0.125,0.6875,0.41975337500000004,0.2346451875,0.6950804374999999
0.9375,0.125,0.75,0.41115075000000006,0.2384515625,0.7590992499999999
0.9375,0.125,0.8125,0.40254812500000003,0.24225793749999996,0.8231180624999999
0.9375,0.125,0.875,0.39394550000000006,0.2460643125,0.8871368749999999
0.9375,0.125,0.9375,0.3853428750000001,0.24987068749999997,0.9511556874999999
0.9375,0.125,1.0,0.37674025000000005,0.2536770625,1.0151744999999999
0.9375,0.1875,0.0,0.556855875,0.245669625,-0.0101769375
0.9375,0.1875,0.0625,0.54825325,0.249476,0.053841875
0.9375,0.1875,0.125,0.539650625,0.253282375,0.11786068749999999
0.9375,0.1875,0.1875,0.531048,0.25708875,0.18187949999999997
0.9375,0.1875,0.25,0.522445375,0.260895125,0.24589831249999997
0.9375,0.1875,0.3125,0.51384275,0.2647015,0.30991712499999996
0.9375,0.1875,0.375,0.505240125,0.268507875,0.3739359375
0.9375,0.1875,0.4375,0.4966375,0.27231425,0.43795475
0.9375,0.1875,0.5,0.488034875,0.276120625,0.5019735624999999
0.9375,0.1875,0.5625,0.47943225,0.279927,0.5659923749999999
0.9375,0.1875,0.625,0.47082962500000003,0.283733375,0.6300111874999998
0.9375,0.1875,0.6875,0.462227,0.28753975,0.6940299999999999
0.9375,0.1875,0.75,0.453624375,0.291346125,0.7580488124999999
0.9375,0.1875,0.8125,0.44502175,0.2951525,0.8220676249999999
0.9375,0.1875,0.875,0.436419125,0.298958875,0.8860864374999999
0.9375,0.1875,0.9375,0.42781650000000004,0.30276525,0.9501052499999999
0.9375,0.1875,1.0,0.419213875,0.306571625,1.0141240624999999
0.9375,0.25,0.0,0.5993295000000001,0.2985641875,-0.011227375
0.9375,0.25,0.0625,0.5907268750000001,0.3023705625,0.052791437499999996
0.9375,0.25,0.125,0.5821242500000001,0.3061769375,0.11681024999999999
0.9375,0.25,0.1875,0.573521625,0.3099833125,0.18082906249999997
0.9375,0.25,0.25,0.5649190000000001,0.3137896875,0.24484787499999996
0.9375,0.25,0.3125,0.5563163750000001,0.3175960625,0.30886668749999996
0.9375,0.25,0.375,0.5477137500000001,0.3214024375,0.3728855
0.9375,0.25,0.4375,0.539111125,0.3252088125,0.4369043125
0.9375,0.25,0.5,0.5305085,0.32901518750000003,0.5009231249999999
0.9375,0.25,0.5625,0.5219058750000001,0.3328215625,0.5649419374999999
0.9375,0.25,0.625,0.5133032500000001,0.33662793750000003,0.6289607499999998
0.9375,0.25,0.6875,0.5047006250000001,0.3404343125,0.6929795624999999
0.9375,0.25,0.75,0.4960980000000001,0.34424068750000003,0.7569983749999999
0.9375,0.25,0.8125,0.48749537500000006,0.3480470625,0.8210171874999999
0.9375,0.25,0.875,0.4788927500000001,0.35185343750000003,0.8850359999999999
0.9375,0.25,0.9375,0.4702901250000001,0.3556598125,0.9490548124999999
0.9375,0.25,1.0,0.4616875000000001,0.35946618750000003,1.0130736249999999
0.9375,0.3125,0.0,0.641803125,0.35145875,-0.012277812499999999
0.9375,0.3125,0.0625,0.6332005,0.35526512499999996,0.051740999999999995
0.9375,0.3125,0.125,0.6245978750000001,0.3590715,0.11575981249999999
0.9375,0.3125,0.1875,0.61599525,0.36287787499999996,0.17977862499999997
0.9375,0.3125,0.25,0.607392625,0.36668425,0.2437974375
0.9375,0.3125,0.3125,0.59879,0.37049062499999996,0.30781624999999996
0.9375,0.3125,0.375,0.5901873750000001,0.374297,0.3718350625
0.9375,0.3125,0.4375,0.58158475,0.37810337499999996,0.435853875
0.9375,0.3125,0.5,0.572982125,0.38190975,0.49987268749999997
0.9375,0.3125,0.5625,0.5643795,0.38571612499999997,0.5638914999999999
0.9375,0.3125,0.625,0.5557768750000001,0.3895225,0.6279103124999998
0.9375,0.3125,0.6875,0.5471742500000001,0.39332887499999997,0.6919291249999999
0.9375,0.3125,0.75,0.538571625,0.39713525,0.7559479374999999
0.9375,0.3125,0.8125,0.529969,0.40094162499999997,0.8199667499999999
0.9375,0.3125,0.875,0.521366375,0.404748,0.8839855624999999
0.9375,0.3125,0.9375,0.5127637500000001,0.40855437499999997,0.9480043749999999
0.9375,0.3125,1.0,0.504161125,0.41236075,1.0120231874999999
0.9375,0.375,0.0,0.68427675,0.4043533125,-0.01332825
0.9375,0.375,0.0625,0.675674125,0.4081596875,0.050690562499999994
0.9375,0.375,0.125,0.6670715,0.4119660625,0.11470937499999999
0.9375,0.375,0.1875,0.658468875,0.4157724375,0.17872818749999997
0.9375,0.375,0.25,0.64986625,0.4195788125,0.242747
0.9375,0.375,0.3125,0.641263625,0.4233851875,0.30676581249999996
0.9375,0.375,0.375,0.632661,0.4271915625,0.370784625
0.9375,0.375,0.4375,0.6240583749999999,0.4309979375,0.4348034375
0.9375,0.375,0.5,0.61545575,0.4348043125,0.49882224999999997
0.9375,0.375,0.5625,0.606853125,0.4386106875,0.5628410624999999
0.9375,0.375,0.625,0.5982505,0.4424170625,0.6268598749999998
0.9375,0.375,0.6875,0.589647875,0.4462234375,0.6908786874999999
0.9375,0.375,0.75,0.58104525,0.4500298125,0.7548974999999999
0.9375,0.375,0.8125,0.572442625,0.4538361875,0.8189163124999999
0.9375,0.375,0.875,0.56384,0.4576425625,0.8829351249999999
0.9375,0.375,0.9375,0.555237375,0.4614489375,0.9469539374999999
0.9375,0.375,1.0,0.54663475,0.4652553125,1.0109727499999999
0.9375,0.4375,0.0,0.726750375,0.45724787499999997,-0.014378687499999999
0.9375,0.4375,0.0625,0.71814775,0.46105424999999994,0.04964012499999999
0.9375,0.4375,0.125,0.709545125,0.46486062499999997,0.11365893749999999
0.9375,0.4375,0.1875,0.7009424999999999,0.46866699999999994,0.17767775
0.9375,0.4375,0.25,0.6923398749999999,0.472473375,0.2416965625
0.9375,0.4375,0.3125,0.68373725,0.47627974999999995,0.30571537499999996
0.9375,0.4375,0.375,0.675134625,0.480086125,0.3697341875
0.9375,0.4375,0.4375,0.6665319999999999,0.48389249999999995,0.433753
0.9375,0.4375,0.5,0.6579293749999999,0.487698875,0.49777181249999997
0.9375,0.4375,0.5625,0.64932675,0.49150524999999995,0.5617906249999999
0.9375,0.4375,0.625,0.640724125,0.495311625,0.6258094374999998
0.9375,0.4375,0.6875,0.6321215,0.49911799999999995,0.6898282499999999
0.9375,0.4375,0.75,0.6235188749999999,0.502924375,0.7538470624999999
0.9375,0.4375,0.8125,0.6149162499999999,0.50673075,0.8178658749999999
0.9375,0.4375,0.875,0.606313625,0.5105371249999999,0.8818846874999999
0.9375,0.4375,0.9375,0.597711,0.5143435,0.9459034999999999
0.9375,0.4375,1.0,0.5891083749999999,0.518149875,1.0099223124999999
0.9375,0.5,0.0,0.769224,0.5101424375,-0.015429124999999998
0.9375,0.5,0.0625,0.760621375,0.5139488125,0.04858968749999999
0.9375,0.5,0.125,0.7520187500000001,0.5177551874999999,0.11260849999999999
0.9375,0.5,0.1875,0.743416125,0.5215615625,0.1766273125
0.9375,0.5,0.25,0.7348135,0.5253679375,0.240646125
0.9375,0.5,0.3125,0.726210875,0.5291743125,0.30466493749999995
0.9375,0.5,0.375,0.7176082500000001,0.5329806874999999,0.36868375
0.9375,0.5,0.4375,0.7090056250000001,0.5367870625,0.4327025625
0.9375,0.5,0.5,0.700403,0.5405934375,0.49672137499999997
0.9375,0.5,0.5625,0.691800375,0.5443998125,0.5607401874999999
0.9375,0.5,0.625,0.68319775,0.5482061874999999,0.6247589999999998
0.9375,0.5,0.6875,0.6745951250000001,0.5520125625,0.6887778124999999
0.9375,0.5,0.75,0.6659925,0.5558189375,0.7527966249999999
0.9375,0.5,0.8125,0.657389875,0.5596253125,0.8168154374999999
0.9375,0.5,0.875,0.64878725,0.5634316875,0.8808342499999999
0.9375,0.5,0.9375,0.6401846250000001,0.5672380625,0.9448530624999999
0.9375,0.5,1.0,0.6315820000000001,0.5710444375,1.0088718749999999
0.9375,0.5625,0.0,0.8116976250000001,0.563037,-0.0164795625
0.9375,0.5625,0.0625,0.8030950000000001,0.566843375,0.04753924999999999
0.9375,0.5625,0.125,0.7944923750000001,0.57064975,0.11155806249999999
0.9375,0.5625,0.1875,0.78588975,0.574456125,0.175576875
0.9375,0.5625,0.25,0.7772871250000001,0.5782625,0.2395956875
0.9375,0.5625,0.3125,0.7686845000000001,0.582068875,0.30361449999999995
0.9375,0.5625,0.375,0.7600818750000001,0.58587525,0.3676333125
0.9375,0.5625,0.4375,0.75147925,0.589681625,0.431652125
0.9375,0.5625,0.5,0.7428766250000001,0.593488,0.49567093749999996
0.9375,0.5625,0.5625,0.7342740000000001,0.597294375,0.5596897499999999
0.9375,0.5625,0.625,0.7256713750000001,0.60110075,0.6237085624999998
0.9375,0.5625,0.6875,0.7170687500000001,0.604907125,0.6877273749999999
0.9375,0.5625,0.75,0.7084661250000001,0.6087135,0.7517461874999999
0.9375,0.5625,0.8125,0.6998635000000001,0.612519875,0.8157649999999999
0.9375,0.5625,0.875,0.6912608750000001,0.61632625,0.8797838124999999
0.9375,0.5625,0.9375,0.6826582500000001,0.620132625,0.9438026249999999
0.9375,0.5625,1.0,0.674055625,0.623939,1.0078214374999999
0.9375,0.625,0.0,0.85417125,0.6159315624999999,-0.01753
0.9375,0.625,0.0625,0.8455686250000001,0.6197379375,0.04648881249999999
0.9375,0.625,0.125,0.8369660000000001,0.6235443124999999,0.11050762499999998
0.9375,0.625,0.1875,0.828363375,0.6273506874999999,0.1745264375
0.9375,0.625,0.25,0.81976075,0.6311570624999999,0.23854525
0.9375,0.625,0.3125,0.8111581250000001,0.6349634375,0.30256406249999995
0.9375,0.625,0.375,0.8025555000000001,0.6387698124999999,0.366582875
0.9375,0.625,0.4375,0.793952875,0.6425761874999999,0.4306016875
0.9375,0.625,0.5,0.78535025,0.6463825624999999,0.49462049999999996
0.9375,0.625,0.5625,0.776747625,0.6501889375,0.5586393124999999
0.9375,0.625,0.625,0.7681450000000001,0.6539953124999999,0.6226581249999998
0.9375,0.625,0.6875,0.7595423750000001,0.6578016874999999,0.6866769374999999
0.9375,0.625,0.75,0.75093975,0.6616080624999999,0.7506957499999999
0.9375,0.625,0.8125,0.742337125,0.6654144375,0.8147145624999999
0.9375,0.625,0.875,0.7337345000000001,0.6692208124999999,0.8787333749999999
0.9375,0.625,0.9375,0.7251318750000001,0.6730271874999999,0.9427521874999999
0.9375,0.625,1.0,0.71652925,0.6768335624999999,1.0067709999999999
0.9375,0.6875,0.0,0.896644875,0.668826125,-0.018580437499999998
0.9375,0.6875,0.0625,0.88804225,0.6726325000000001,0.045438374999999996
0.9375,0.6875,0.125,0.8794396250000001,0.676438875,0.1094571875
0.9375,0.6875,0.1875,0.870837,0.68024525,0.173476
0.9375,0.6875,0.25,0.862234375,0.684051625,0.23749481249999999
0.9375,0.6875,0.3125,0.85363175,0.6878580000000001,0.30151362499999995
0.9375,0.6875,0.375,0.845029125,0.691664375,0.3655324375
0.9375,0.6875,0.4375,0.8364265,0.69547075,0.42955125
0.9375,0.6875,0.5,0.827823875,0.699277125,0.49357006249999996
0.9375,0.6875,0.5625,0.81922125,0.7030835000000001,0.5575888749999999
0.9375,0.6875,0.625,0.810618625,0.706889875,0.6216076874999998
0.9375,0.6875,0.6875,0.8020160000000001,0.71069625,0.6856264999999999
0.9375,0.6875,0.75,0.793413375,0.7145026250000001,0.7496453124999999
0.9375,0.6875,0.8125,0.78481075,0.7183090000000001,0.8136641249999998
0.9375,0.6875,0.875,0.776208125,0.722115375,0.8776829374999999
0.9375,0.6875,0.9375,0.7676055,0.72592175,0.9417017499999999
0.9375,0.6875,1.0,0.759002875,0.7297281250000001,1.0057205624999999
0.9375,0.75,0.0,0.9391185,0.7217206875,-0.019630875
0.9375,0.75,0.0625,0.930515875,0.7255270625,0.044387937499999995
0.9375,0.75,0.125,0.92191325,0.7293334374999999,0.10840675
0.9375,0.75,0.1875,0.9133106249999999,0.7331398124999999,0.1724255625
0.9375,0.75,0.25,0.904708,0.7369461875,0.23644437499999998
0.9375,0.75,0.3125,0.896105375,0.7407525625,0.30046318749999995
0.9375,0.75,0.375,0.88750275,0.7445589374999999,0.364482
0.9375,0.75,0.4375,0.8789001249999999,0.7483653124999999,0.4285008125
0.9375,0.75,0.5,0.8702975,0.7521716875,0.49251962499999996
0.9375,0.75,0.5625,0.861694875,0.7559780625,0.5565384374999999
0.9375,0.75,0.625,0.85309225,0.7597844374999999,0.6205572499999998
0.9375,0.75,0.6875,0.844489625,0.7635908124999999,0.6845760624999999
0.9375,0.75,0.75,0.8358869999999999,0.7673971875,0.7485948749999999
0.9375,0.75,0.8125,0.827284375,0.7712035625,0.8126136874999998
0.9375,0.75,0.875,0.81868175,0.7750099374999999,0.8766324999999999
0.9375,0.75,0.9375,0.810079125,0.7788163124999999,0.9406513124999999
0.9375,0.75,1.0,0.8014764999999999,0.7826226875,1.0046701249999999
0.9375,0.8125,0.0,0.981592125,0.7746152500000001,-0.0206813125
0.9375,0.8125,0.0625,0.9729895000000001,0.7784216250000001,0.043337499999999994
0.9375,0.8125,0.125,0.9643868750000001,0.782228,0.1073563125
0.9375,0.8125,0.1875,0.95578425,0.7860343750000001,0.171375125
0.9375,0.8125,0.25,0.947181625,0.7898407500000001,0.23539393749999998
0.9375,0.8125,0.3125,0.938579,0.7936471250000001,0.29941274999999995
0.9375,0.8125,0.375,0.9299763750000001,0.7974535,0.36343156249999997
0.9375,0.8125,0.4375,0.9213737500000001,0.8012598750000001,0.427450375
0.9375,0.8125,0.5,0.912771125,0.8050662500000001,0.49146918749999996
0.9375,0.8125,0.5625,0.9041685,0.8088726250000001,0.5554879999999999
0.9375,0.8125,0.625,0.8955658750000001,0.812679,0.6195068124999998
0.9375,0.8125,0.6875,0.8869632500000001,0.8164853750000001,0.6835256249999999
0.9375,0.8125,0.75,0.878360625,0.8202917500000001,0.7475444374999999
0.9375,0.8125,0.8125,0.869758,0.8240981250000001,0.8115632499999998
0.9375,0.8125,0.875,0.8611553750000001,0.8279045,0.8755820624999999
0.9375,0.8125,0.9375,0.8525527500000001,0.8317108750000001,0.9396008749999999
0.9375,0.8125,1.0,0.8439501250000001,0.8355172500000001,1.0036196874999999
0.9375,0.875,0.0,1.02406575,0.8275098125,-0.021731749999999998
0.9375,0.875,0.0625,1.0154631250000001,0.8313161875,0.0422870625
0.9375,0.875,0.125,1.0068605000000002,0.8351225624999999,0.106305875
0.9375,0.875,0.1875,0.9982578750000001,0.8389289375,0.1703246875
0.9375,0.875,0.25,0.9896552500000001,0.8427353125,0.23434349999999998
0.9375,0.875,0.3125,0.9810526250000001,0.8465416875,0.29836231249999995
0.9375,0.875,0.375,0.9724500000000001,0.8503480625,0.36238112499999997
0.9375,0.875,0.4375,0.9638473750000001,0.8541544375,0.4263999375
0.9375,0.875,0.5,0.9552447500000001,0.8579608125,0.49041874999999996
0.9375,0.875,0.5625,0.9466421250000001,0.8617671875,0.5544375624999999
0.9375,0.875,0.625,0.9380395000000001,0.8655735625,0.6184563749999998
0.9375,0.875,0.6875,0.9294368750000002,0.8693799375,0.6824751874999999
0.9375,0.875,0.75,0.9208342500000001,0.8731863125,0.7464939999999999
0.9375,0.875,0.8125,0.9122316250000001,0.8769926875,0.8105128124999998
0.9375,0.875,0.875,0.9036290000000001,0.8807990625,0.8745316249999999
0.9375,0.875,0.9375,0.8950263750000002,0.8846054375,0.9385504374999999
0.9375,0.875,1.0,0.8864237500000001,0.8884118125,1.0025692499999999
0.9375,0.9375,0.0,1.066539375,0.8804043749999999,-0.0227821875
0.9375,0.9375,0.0625,1.05793675,0.8842107499999999,0.041236625
0.9375,0.9375,0.125,1.0493341250000001,0.8880171249999999,0.1052554375
0.9375,0.9375,0.1875,1.0407315000000001,0.8918234999999999,0.16927425
0.9375,0.9375,0.25,1.0321288750000002,0.8956298749999999,0.23329306249999998
0.9375,0.9375,0.3125,1.02352625,0.8994362499999999,0.29731187499999995
0.9375,0.9375,0.375,1.014923625,0.9032426249999999,0.36133068749999997
0.9375,0.9375,0.4375,1.006321,0.9070489999999999,0.4253495
0.9375,0.9375,0.5,0.997718375,0.9108553749999999,0.48936831249999996
0.9375,0.9375,0.5625,0.9891157500000001,0.9146617499999999,0.5533871249999999
0.9375,0.9375,0.625,0.9805131250000001,0.9184681249999999,0.6174059374999998
0.9375,0.9375,0.6875,0.9719105000000001,0.9222744999999999,0.6814247499999999
0.9375,0.9375,0.75,0.963307875,0.9260808749999999,0.7454435624999999
0.9375,0.9375,0.8125,0.9547052500000001,0.9298872499999999,0.8094623749999998
0.9375,0.9375,0.875,0.9461026250000001,0.9336936249999999,0.8734811874999999
0.9375,0.9375,0.9375,0.9375000000000001,0.9374999999999999,0.9374999999999999
0.9375,0.9375,1.0,0.928897375,0.9413063749999999,1.0015188124999999
0.9375,1.0,0.0,1.109013,0.9332989375,-0.023832625
0.9375,1.0,0.0625,1.100410375,0.9371053125000001,0.0401861875
0.9375,1.0,0.125,1.09180775,0.9409116875,0.10420499999999999
0.9375,1.0,0.1875,1.083205125,0.9447180625,0.1682238125
0.9375,1.0,0.25,1.0746025000000001,0.9485244375,0.23224262499999998
0.9375,1.0,0.3125,1.065999875,0.9523308125000001,0.29626143749999995
0.9375,1.0,0.375,1.05739725,0.9561371875,0.36028024999999997
0.9375,1.0,0.4375,1.048794625,0.9599435625,0.4242990625
0.9375,1.0,0.5,1.040192,0.9637499375,0.48831787499999996
0.9375,1.0,0.5625,1.031589375,0.9675563125000001,0.5523366874999999
0.9375,1.0,0.625,1.02298675,0.9713626875,0.6163554999999998
0.9375,1.0,0.6875,1.014384125,0.9751690625,0.6803743124999999
0.9375,1.0,0.75,1.0057815,0.9789754375,0.7443931249999999
0.9375,1.0,0.8125,0.997178875,0.9827818125000001,0.8084119374999998
0.9375,1.0,0.875,0.98857625,0.9865881875,0.8724307499999999
0.9375,1.0,0.9375,0.9799736250000001,0.9903945625,0.9364495624999999
0.9375,1.0,1.0,0.971371,0.9942009375,1.0004683749999999
1.0,0.0,0.0,0.458064,0.092785,-0.007494
1.0,0.0,0.0625,0.44946137500000005,0.09659137500000001,0.05652481249999999
1.0,0.0,0.125,0.44085875,0.10039775000000001,0.12054362499999999
1.0,0.0,0.1875,0.43225612500000005,0.10420412500000001,0.18456243749999998
1.0,0.0,0.25,0.4236535,0.10801050000000001,0.24858124999999998
1.0,0.0,0.3125,0.41505087500000004,0.11181687500000001,0.31260006249999994
1.0,0.0,0.375,0.40644825,0.11562325000000001,0.37661887499999996
1.0,0.0,0.4375,0.39784562500000004,0.11942962500000001,0.4406376875
1.0,0.0,0.5,0.389243,0.12323600000000001,0.5046565
1.0,0.0,0.5625,0.38064037500000003,0.127042375,0.5686753124999999
1.0,0.0,0.625,0.37203775000000006,0.13084875,0.6326941249999999
1.0,0.0,0.6875,0.363435125,0.13465512500000001,0.6967129375
1.0,0.0,0.75,0.35483250000000005,0.13846150000000002,0.7607317499999999
1.0,0.0,0.8125,0.346229875,0.142267875,0.8247505624999999
1.0,0.0,0.875,0.33762725000000005,0.14607425000000002,0.888769375
1.0,0.0,0.9375,0.32902462500000007,0.149880625,0.9527881874999999
1.0,0.0,1.0,0.32042200000000004,0.15368700000000002,1.016807
1.0,0.0625,0.0,0.500537625,0.1456795625,-0.0085444375
1.0,0.0625,0.0625,0.491935,0.1494859375,0.05547437499999999
1.0,0.0625,0.125,0.483332375,0.1532923125,0.11949318749999999
1.0,0.0625,0.1875,0.47472975,0.1570986875,0.18351199999999998
1.0,0.0625,0.25,0.466127125,0.1609050625,0.24753081249999997
1.0,0.0625,0.3125,0.4575245,0.1647114375,0.31154962499999994
1.0,0.0625,0.375,0.44892187499999997,0.1685178125,0.37556843749999996
1.0,0.0625,0.4375,0.44031925,0.1723241875,0.43958725
1.0,0.0625,0.5,0.43171662499999996,0.1761305625,0.5036060625
1.0,0.0625,0.5625,0.423114,0.1799369375,0.5676248749999999
1.0,0.0625,0.625,0.414511375,0.1837433125,0.6316436874999999
1.0,0.0625,0.6875,0.40590875,0.1875496875,0.6956625
1.0,0.0625,0.75,0.397306125,0.19135606249999998,0.7596813124999999
1.0,0.0625,0.8125,0.3887035,0.1951624375,0.8237001249999999
1.0,0.0625,0.875,0.380100875,0.19896881249999998,0.8877189375
1.0,0.0625,0.9375,0.37149825000000003,0.2027751875,0.9517377499999999
1.0,0.0625,1.0,0.362895625,0.20658156249999998,1.0157565625
1.0,0.125,0.0,0.5430112500000001,0.198574125,-0.009594875
1.0,0.125,0.0625,0.5344086250000001,0.2023805,0.05442393749999999
1.0,0.125,0.125,0.5258060000000001,0.206186875,0.11844274999999999
1.0,0.125,0.1875,0.517203375,0.20999325,0.18246156249999998
1.0,0.125,0.25,0.50860075,0.213799625,0.24648037499999997
1.0,0.125,0.3125,0.49999812500000007,0.217606,0.31049918749999994
1.0,0.125,0.375,0.49139550000000004,0.221412375,0.37451799999999996
1.0,0.125,0.4375,0.48279287500000007,0.22521875,0.4385368125
1.0,0.125,0.5,0.47419025000000004,0.229025125,0.502555625
1.0,0.125,0.5625,0.46558762500000006,0.2328315,0.5665744374999999
1.0,0.125,0.625,0.4569850000000001,0.236637875,0.6305932499999999
1.0,0.125,0.6875,0.44838237500000006,0.24044425,0.6946120625
1.0,0.125,0.75,0.4397797500000001,0.244250625,0.7586308749999999
1.0,0.125,0.8125,0.43117712500000005,0.24805699999999997,0.8226496874999999
1.0,0.125,0.875,0.4225745000000001,0.251863375,0.8866685
1.0,0.125,0.9375,0.4139718750000001,0.25566975,0.9506873124999999
1.0,0.125,1.0,0.40536925000000007,0.259476125,1.014706125
1.0,0.1875,0.0,0.585484875,0.2514686875,-0.0106453125
1.0,0.1875,0.0625,0.57688225,0.2552750625,0.05337349999999999
1.0,0.1875,0.125,0.5682796250000001,0.2590814375,0.11739231249999998
1.0,0.1875,0.1875,0.559677,0.2628878125,0.18141112499999998
1.0,0.1875,0.25,0.551074375,0.2666941875,0.24542993749999997
1.0,0.1875,0.3125,0.54247175,0.2705005625,0.30944874999999994
1.0,0.1875,0.375,0.533869125,0.2743069375,0.37346756249999996
1.0,0.1875,0.4375,0.5252665000000001,0.2781133125,0.437486375
1.0,0.1875,0.5,0.516663875,0.2819196875,0.5015051875
1.0,0.1875,0.5625,0.50806125,0.2857260625,0.5655239999999999
1.0,0.1875,0.625,0.49945862500000004,0.2895324375,0.6295428124999999
1.0,0.1875,0.6875,0.490856,0.2933388125,0.693561625
1.0,0.1875,0.75,0.48225337500000004,0.2971451875,0.7575804374999999
1.0,0.1875,0.8125,0.47365075,0.3009515625,0.8215992499999999
1.0,0.1875,0.875,0.46504812500000003,0.3047579375,0.8856180625
1.0,0.1875,0.9375,0.45644550000000006,0.3085643125,0.9496368749999999
1.0,0.1875,1.0,0.44784287500000003,0.3123706875,1.0136556875
1.0,0.25,0.0,0.6279585000000001,0.30436325,-0.01169575
1.0,0.25,0.0625,0.6193558750000001,0.30816962499999995,0.052323062499999996
1.0,0.25,0.125,0.6107532500000001,0.311976,0.11634187499999998
1.0,0.25,0.1875,0.602150625,0.31578237499999995,0.18036068749999998
1.0,0.25,0.25,0.5935480000000001,0.31958875,0.24437949999999997
1.0,0.25,0.3125,0.5849453750000001,0.32339512499999995,0.30839831249999994
1.0,0.25,0.375,0.5763427500000001,0.3272015,0.37241712499999996
1.0,0.25,0.4375,0.567740125,0.33100787499999995,0.4364359375
1.0,0.25,0.5,0.5591375000000001,0.33481425,0.50045475
1.0,0.25,0.5625,0.5505348750000001,0.33862062499999995,0.5644735624999999
1.0,0.25,0.625,0.5419322500000001,0.342427,0.6284923749999999
1.0,0.25,0.6875,0.5333296250000001,0.34623337499999995,0.6925111875
1.0,0.25,0.75,0.524727,0.35003975,0.7565299999999999
1.0,0.25,0.8125,0.5161243750000001,0.35384612499999996,0.8205488124999999
1.0,0.25,0.875,0.5075217500000001,0.3576525,0.884567625
1.0,0.25,0.9375,0.49891912500000013,0.36145887499999996,0.9485864374999999
1.0,0.25,1.0,0.4903165000000001,0.36526525,1.01260525
1.0,0.3125,0.0,0.670432125,0.3572578125,-0.012746187499999999
1.0,0.3125,0.0625,0.6618295000000001,0.36106418749999997,0.051272624999999995
1.0,0.3125,0.125,0.6532268750000001,0.3648705625,0.11529143749999998
1.0,0.3125,0.1875,0.64462425,0.36867693749999997,0.17931024999999998
1.0,0.3125,0.25,0.636021625,0.3724833125,0.24332906249999997
1.0,0.3125,0.3125,0.6274190000000001,0.37628968749999997,0.30734787499999994
1.0,0.3125,0.375,0.6188163750000001,0.3800960625,0.37136668749999996
1.0,0.3125,0.4375,0.61021375,0.38390243749999997,0.4353855
1.0,0.3125,0.5,0.601611125,0.3877088125,0.49940431249999995
1.0,0.3125,0.5625,0.5930085,0.3915151875,0.5634231249999999
1.0,0.3125,0.625,0.5844058750000001,0.3953215625,0.6274419374999999
1.0,0.3125,0.6875,0.5758032500000001,0.3991279375,0.69146075
1.0,0.3125,0.75,0.567200625,0.4029343125,0.7554795624999999
1.0,0.3125,0.8125,0.558598,0.4067406875,0.8194983749999999
1.0,0.3125,0.875,0.5499953750000001,0.4105470625,0.8835171875
1.0,0.3125,0.9375,0.5413927500000001,0.4143534375,0.9475359999999999
1.0,0.3125,1.0,0.532790125,0.4181598125,1.0115548125
1.0,0.375,0.0,0.71290575,0.410152375,-0.013796625
1.0,0.375,0.0625,0.704303125,0.41395875,0.050222187499999994
1.0,0.375,0.125,0.6957005,0.417765125,0.11424099999999998
1.0,0.375,0.1875,0.687097875,0.4215715,0.17825981249999998
1.0,0.375,0.25,0.67849525,0.425377875,0.24227862499999997
1.0,0.375,0.3125,0.669892625,0.42918425,0.30629743749999994
1.0,0.375,0.375,0.66129,0.432990625,0.37031624999999996
1.0,0.375,0.4375,0.652687375,0.436797,0.4343350625
1.0,0.375,0.5,0.64408475,0.440603375,0.49835387499999995
1.0,0.375,0.5625,0.635482125,0.44440975,0.5623726874999999
1.0,0.375,0.625,0.6268795,0.448216125,0.6263914999999999
1.0,0.375,0.6875,0.6182768750000001,0.4520225,0.6904103125
1.0,0.375,0.75,0.60967425,0.455828875,0.7544291249999999
1.0,0.375,0.8125,0.601071625,0.45963525,0.8184479374999999
1.0,0.375,0.875,0.592469,0.463441625,0.88246675
1.0,0.375,0.9375,0.583866375,0.467248,0.9464855624999999
1.0,0.375,1.0,0.57526375,0.471054375,1.010504375
1.0,0.4375,0.0,0.755379375,0.4630469375,-0.0148470625
1.0,0.4375,0.0625,0.74677675,0.46685331249999995,0.04917174999999999
1.0,0.4375,0.125,0.738174125,0.4706596875,0.1131905625
1.0,0.4375,0.1875,0.7295714999999999,0.47446606249999995,0.17720937499999997
1.0,0.4375,0.25,0.720968875,0.4782724375,0.24122818749999997
1.0,0.4375,0.3125,0.71236625,0.48207881249999995,0.30524699999999994
1.0,0.4375,0.375,0.703763625,0.4858851875,0.36926581249999996
1.0,0.4375,0.4375,0.6951609999999999,0.48969156249999996,0.433284625
1.0,0.4375,0.5,0.6865583749999999,0.4934979375,0.49730343749999995
1.0,0.4375,0.5625,0.67795575,0.49730431249999996,0.5613222499999999
1.0,0.4375,0.625,0.669353125,0.5011106875,0.6253410624999999
1.0,0.4375,0.6875,0.6607505,0.5049170625,0.689359875
1.0,0.4375,0.75,0.6521478749999999,0.5087234374999999,0.7533786874999999
1.0,0.4375,0.8125,0.64354525,0.5125298125,0.8173974999999999
1.0,0.4375,0.875,0.634942625,0.5163361875,0.8814163125
1.0,0.4375,0.9375,0.62634,0.5201425625,0.9454351249999999
1.0,0.4375,1.0,0.6177373749999999,0.5239489374999999,1.0094539375
1.0,0.5,0.0,0.797853,0.5159415,-0.0158975
1.0,0.5,0.0625,0.7892503750000001,0.5197478750000001,0.0481213125
1.0,0.5,0.125,0.7806477500000001,0.52355425,0.112140125
1.0,0.5,0.1875,0.772045125,0.527360625,0.17615893749999997
1.0,0.5,0.25,0.7634425,0.5311670000000001,0.24017774999999997
1.0,0.5,0.3125,0.754839875,0.5349733750000001,0.30419656249999993
1.0,0.5,0.375,0.7462372500000001,0.53877975,0.36821537499999996
1.0,0.5,0.4375,0.7376346250000001,0.542586125,0.4322341875
1.0,0.5,0.5,0.729032,0.5463925000000001,0.49625299999999994
1.0,0.5,0.5625,0.720429375,0.5501988750000001,0.5602718124999999
1.0,0.5,0.625,0.7118267500000001,0.55400525,0.6242906249999999
1.0,0.5,0.6875,0.7032241250000001,0.557811625,0.6883094375
1.0,0.5,0.75,0.6946215,0.5616180000000001,0.7523282499999999
1.0,0.5,0.8125,0.686018875,0.5654243750000001,0.8163470624999999
1.0,0.5,0.875,0.67741625,0.56923075,0.880365875
1.0,0.5,0.9375,0.6688136250000001,0.573037125,0.9443846874999999
1.0,0.5,1.0,0.6602110000000001,0.5768435000000001,1.0084035
1.0,0.5625,0.0,0.8403266250000001,0.5688360625,-0.0169479375
1.0,0.5625,0.0625,0.8317240000000001,0.5726424375,0.047070875
1.0,0.5625,0.125,0.8231213750000002,0.5764488124999999,0.11108968749999999
1.0,0.5625,0.1875,0.8145187500000001,0.5802551874999999,0.17510849999999997
1.0,0.5625,0.25,0.8059161250000001,0.5840615625,0.23912731249999997
1.0,0.5625,0.3125,0.7973135000000001,0.5878679375,0.30314612499999993
1.0,0.5625,0.375,0.7887108750000001,0.5916743124999999,0.36716493749999995
1.0,0.5625,0.4375,0.7801082500000001,0.5954806874999999,0.43118375
1.0,0.5625,0.5,0.7715056250000001,0.5992870625,0.49520256249999994
1.0,0.5625,0.5625,0.7629030000000001,0.6030934375,0.5592213749999999
1.0,0.5625,0.625,0.7543003750000001,0.6068998124999999,0.6232401874999999
1.0,0.5625,0.6875,0.7456977500000002,0.6107061874999999,0.687259
1.0,0.5625,0.75,0.7370951250000001,0.6145125625,0.7512778124999999
1.0,0.5625,0.8125,0.7284925000000001,0.6183189375,0.8152966249999999
1.0,0.5625,0.875,0.7198898750000001,0.6221253124999999,0.8793154375
1.0,0.5625,0.9375,0.7112872500000001,0.6259316875,0.9433342499999999
1.0,0.5625,1.0,0.7026846250000001,0.6297380625,1.0073530625
1.0,0.625,0.0,0.8828002500000001,0.621730625,-0.017998375
1.0,0.625,0.0625,0.8741976250000001,0.625537,0.0460204375
1.0,0.625,0.125,0.8655950000000001,0.6293433749999999,0.11003924999999999
1.0,0.625,0.1875,0.856992375,0.63314975,0.17405806249999997
1.0,0.625,0.25,0.84838975,0.636956125,0.23807687499999997
1.0,0.625,0.3125,0.8397871250000001,0.6407625,0.30209568749999993
1.0,0.625,0.375,0.8311845000000001,0.6445688749999999,0.36611449999999995
1.0,0.625,0.4375,0.822581875,0.64837525,0.4301333125
1.0,0.625,0.5,0.81397925,0.652181625,0.49415212499999994
1.0,0.625,0.5625,0.8053766250000001,0.655988,0.5581709374999999
1.0,0.625,0.625,0.7967740000000001,0.6597943749999999,0.6221897499999999
1.0,0.625,0.6875,0.7881713750000001,0.66360075,0.6862085625
1.0,0.625,0.75,0.77956875,0.667407125,0.7502273749999999
1.0,0.625,0.8125,0.7709661250000001,0.6712135,0.8142461874999999
1.0,0.625,0.875,0.7623635000000001,0.6750198749999999,0.878265
1.0,0.625,0.9375,0.7537608750000001,0.67882625,0.9422838124999999
1.0,0.625,1.0,0.74515825,0.682632625,1.006302625
1.0,0.6875,0.0,0.925273875,0.6746251875,-0.019048812499999998
1.0,0.6875,0.0625,0.91667125,0.6784315625,0.044969999999999996
1.0,0.6875,0.125,0.9080686250000001,0.6822379375,0.10898881249999999
1.0,0.6875,0.1875,0.899466,0.6860443125,0.173007625
1.0,0.6875,0.25,0.890863375,0.6898506875,0.23702643749999996
1.0,0.6875,0.3125,0.88226075,0.6936570625,0.30104524999999993
1.0,0.6875,0.375,0.8736581250000001,0.6974634375,0.36506406249999995
1.0,0.6875,0.4375,0.8650555,0.7012698125,0.429082875
1.0,0.6875,0.5,0.856452875,0.7050761875,0.49310168749999994
1.0,0.6875,0.5625,0.84785025,0.7088825625,0.5571204999999999
1.0,0.6875,0.625,0.839247625,0.7126889375,0.6211393124999999
1.0,0.6875,0.6875,0.8306450000000001,0.7164953125,0.685158125
1.0,0.6875,0.75,0.822042375,0.7203016875,0.7491769374999999
1.0,0.6875,0.8125,0.81343975,0.7241080625,0.8131957499999999
1.0,0.6875,0.875,0.804837125,0.7279144375,0.8772145625
1.0,0.6875,0.9375,0.7962345000000001,0.7317208125,0.9412333749999999
1.0,0.6875,1.0,0.787631875,0.7355271875,1.0052521875
1.0,0.75,0.0,0.9677475,0.72751975,-0.02009925
1.0,0.75,0.0625,0.959144875,0.731326125,0.043919562499999995
1.0,0.75,0.125,0.95054225,0.7351325,0.10793837499999999
1.0,0.75,0.1875,0.941939625,0.738938875,0.1719571875
1.0,0.75,0.25,0.933337,0.74274525,0.23597599999999996
1.0,0.75,0.3125,0.924734375,0.746551625,0.29999481249999993
1.0,0.75,0.375,0.91613175,0.750358,0.36401362499999995
1.0,0.75,0.4375,0.9075291249999999,0.754164375,0.4280324375
1.0,0.75,0.5,0.8989265,0.75797075,0.49205124999999994
1.0,0.75,0.5625,0.890323875,0.761777125,0.5560700624999999
1.0,0.75,0.625,0.88172125,0.7655835,0.6200888749999999
1.0,0.75,0.6875,0.873118625,0.769389875,0.6841076875
1.0,0.75,0.75,0.864516,0.77319625,0.7481264999999999
1.0,0.75,0.8125,0.855913375,0.7770026250000001,0.8121453124999999
1.0,0.75,0.875,0.84731075,0.780809,0.876164125
1.0,0.75,0.9375,0.838708125,0.784615375,0.9401829374999999
1.0,0.75,1.0,0.8301054999999999,0.78842175,1.00420175
1.0,0.8125,0.0,1.0102211250000002,0.7804143125,-0.0211496875
1.0,0.8125,0.0625,1.0016185000000002,0.7842206875000001,0.042869124999999994
1.0,0.8125,0.125,0.9930158750000002,0.7880270625,0.10688793749999999
1.0,0.8125,0.1875,0.9844132500000001,0.7918334375,0.17090675
1.0,0.8125,0.25,0.9758106250000002,0.7956398125,0.23492556249999996
1.0,0.8125,0.3125,0.9672080000000002,0.7994461875000001,0.29894437499999993
1.0,0.8125,0.375,0.9586053750000002,0.8032525625,0.36296318749999995
1.0,0.8125,0.4375,0.9500027500000001,0.8070589375,0.426982
1.0,0.8125,0.5,0.9414001250000001,0.8108653125,0.49100081249999994
1.0,0.8125,0.5625,0.9327975000000002,0.8146716875000001,0.5550196249999999
1.0,0.8125,0.625,0.9241948750000002,0.8184780625,0.6190384374999999
1.0,0.8125,0.6875,0.9155922500000002,0.8222844375,0.68305725
1.0,0.8125,0.75,0.9069896250000001,0.8260908125,0.7470760624999999
1.0,0.8125,0.8125,0.8983870000000002,0.8298971875000001,0.8110948749999999
1.0,0.8125,0.875,0.8897843750000002,0.8337035625,0.8751136875
1.0,0.8125,0.9375,0.8811817500000002,0.8375099375,0.9391324999999999
1.0,0.8125,1.0,0.8725791250000001,0.8413163125,1.0031513125
1.0,0.875,0.0,1.0526947500000001,0.833308875,-0.022200124999999998
1.0,0.875,0.0625,1.0440921250000001,0.83711525,0.04181868749999999
1.0,0.875,0.125,1.0354895000000002,0.8409216249999999,0.10583749999999999
1.0,0.875,0.1875,1.0268868750000002,0.8447279999999999,0.1698563125
1.0,0.875,0.25,1.0182842500000002,0.848534375,0.233875125
1.0,0.875,0.3125,1.009681625,0.85234075,0.29789393749999993
1.0,0.875,0.375,1.001079,0.8561471249999999,0.36191274999999995
1.0,0.875,0.4375,0.9924763750000001,0.8599534999999999,0.42593156249999997
1.0,0.875,0.5,0.9838737500000001,0.863759875,0.48995037499999994
1.0,0.875,0.5625,0.9752711250000001,0.86756625,0.5539691874999999
1.0,0.875,0.625,0.9666685000000002,0.8713726249999999,0.6179879999999999
1.0,0.875,0.6875,0.9580658750000002,0.8751789999999999,0.6820068125
1.0,0.875,0.75,0.9494632500000001,0.878985375,0.7460256249999999
1.0,0.875,0.8125,0.9408606250000001,0.88279175,0.8100444374999999
1.0,0.875,0.875,0.9322580000000001,0.8865981249999999,0.87406325
1.0,0.875,0.9375,0.9236553750000002,0.8904044999999999,0.9380820624999999
1.0,0.875,1.0,0.9150527500000001,0.894210875,1.002100875
1.0,0.9375,0.0,1.095168375,0.8862034375,-0.0232505625
1.0,0.9375,0.0625,1.08656575,0.8900098125,0.04076824999999999
1.0,0.9375,0.125,1.0779631250000001,0.8938161874999999,0.10478706249999999
1.0,0.9375,0.1875,1.0693605000000002,0.8976225624999999,0.168805875
1.0,0.9375,0.25,1.0607578750000002,0.9014289375,0.2328246875
1.0,0.9375,0.3125,1.05215525,0.9052353125,0.2968434999999999
1.0,0.9375,0.375,1.043552625,0.9090416874999999,0.36086231249999995
1.0,0.9375,0.4375,1.03495,0.9128480625,0.42488112499999997
1.0,0.9375,0.5,1.026347375,0.9166544375,0.48889993749999994
1.0,0.9375,0.5625,1.01774475,0.9204608125,0.5529187499999999
1.0,0.9375,0.625,1.0091421250000001,0.9242671874999999,0.6169375624999999
1.0,0.9375,0.6875,1.0005395000000001,0.9280735625,0.680956375
1.0,0.9375,0.75,0.991936875,0.9318799375,0.7449751874999999
1.0,0.9375,0.8125,0.9833342500000001,0.9356863125,0.8089939999999999
1.0,0.9375,0.875,0.9747316250000001,0.9394926874999999,0.8730128125
1.0,0.9375,0.9375,0.9661290000000001,0.9432990625,0.9370316249999999
1.0,0.9375,1.0,0.957526375,0.9471054375,1.0010504375
1.0,1.0,0.0,1.137642,0.939098,-0.024301
1.0,1.0,0.0625,1.129039375,0.942904375,0.03971781249999999
1.0,1.0,0.125,1.12043675,0.9467107499999999,0.10373662499999999
1.0,1.0,0.1875,1.1118341250000001,0.950517125,0.1677554375
1.0,1.0,0.25,1.1032315000000001,0.9543235,0.23177425
1.0,1.0,0.3125,1.094628875,0.958129875,0.2957930624999999
1.0,1.0,0.375,1.08602625,0.9619362499999999,0.35981187499999995
1.0,1.0,0.4375,1.077423625,0.965742625,0.42383068749999997
1.0,1.0,0.5,1.068821,0.969549,0.48784949999999994
1.0,1.0,0.5625,1.060218375,0.973355375,0.5518683124999999
1.0,1.0,0.625,1.05161575,0.9771617499999999,0.6158871249999999
1.0,1.0,0.6875,1.043013125,0.980968125,0.6799059375
1.0,1.0,0.75,1.0344105000000001,0.9847745,0.7439247499999999
1.0,1.0,0.8125,1.0258078750000001,0.988580875,0.8079435624999999
1.0,1.0,0.875,1.01720525,0.9923872499999999,0.871962375
1.0,1.0,0.9375,1.008602625,0.996193625,0.9359811874999999
1.0,1.0,1.0,1.0,1.0,0.9999999999999999
