R,G,B,R_out,G_out,B_out
0.0,0.0,0.0,0.0,0.0,0.0
0.0,0.0,0.0625,-0.0095956875,0.007942125,0.024989875
0.0,0.0,0.125,-0.019191375,0.01588425,0.04997975
0.0,0.0,0.1875,-0.028787062500000002,0.023826374999999997,0.07496962500000001
0.0,0.0,0.25,-0.03838275,0.0317685,0.0999595
0.0,0.0,0.3125,-0.0479784375,0.039710625,0.124949375
0.0,0.0,0.375,-0.057574125000000004,0.047652749999999994,0.14993925000000002
0.0,0.0,0.4375,-0.0671698125,0.055594874999999995,0.17492912500000002
0.0,0.0,0.5,-0.0767655,0.063537,0.199919
0.0,0.0,0.5625,-0.0863611875,0.07147912499999999,0.224908875
0.0,0.0,0.625,-0.095956875,0.07942125,0.24989875
0.0,0.0,0.6875,-0.1055525625,0.087363375,0.274888625
0.0,0.0,0.75,-0.11514825000000001,0.09530549999999999,0.29987850000000005
0.0,0.0,0.8125,-0.1247439375,0.103247625,0.32486837500000004
0.0,0.0,0.875,-0.134339625,0.11118974999999999,0.34985825000000004
0.0,0.0,0.9375,-0.1439353125,0.119131875,0.37484812500000003
0.0,0.0,1.0,-0.153531,0.127074,0.399838
0.0,0.0625,0.0,-0.0078333125,0.059854625,0.0375719375
0.0,0.0625,0.0625,-0.017429,0.06779675,0.06256181250000001
0.0,0.0625,0.125,-0.0270246875,0.075738875,0.0875516875
0.0,0.0625,0.1875,-0.036620375000000004,0.083681,0.11254156250000001
0.0,0.0625,0.25,-0.0462160625,0.091623125,0.13753143750000002
0.0,0.0625,0.3125,-0.05581175,0.09956525,0.16252131250000001
0.0,0.0625,0.375,-0.0654074375,0.10750737499999999,0.1875111875
0.0,0.0625,0.4375,-0.07500312499999999,0.1154495,0.2125010625
0.0,0.0625,0.5,-0.0845988125,0.123391625,0.2374909375
0.0,0.0625,0.5625,-0.0941945,0.13133375,0.2624808125
0.0,0.0625,0.625,-0.10379018749999999,0.139275875,0.2874706875
0.0,0.0625,0.6875,-0.113385875,0.147218,0.3124605625
0.0,0.0625,0.75,-0.1229815625,0.15516012499999998,0.33745043750000003
0.0,0.0625,0.8125,-0.13257725,0.16310225,0.36244031250000003
0.0,0.0625,0.875,-0.14217293749999999,0.171044375,0.3874301875
0.0,0.0625,0.9375,-0.151768625,0.1789865,0.4124200625
0.0,0.0625,1.0,-0.1613643125,0.186928625,0.4374099375
0.0,0.125,0.0,-0.015666625,0.11970925,0.075143875
0.0,0.125,0.0625,-0.025262312500000002,0.127651375,0.10013375
0.0,0.125,0.125,-0.034858,0.1355935,0.12512362500000002
0.0,0.125,0.1875,-0.044453687500000005,0.143535625,0.1501135
0.0,0.125,0.25,-0.054049375,0.15147775,0.175103375
0.0,0.125,0.3125,-0.0636450625,0.159419875,0.20009325
0.0,0.125,0.375,-0.07324075000000001,0.167362,0.22508312500000002
0.0,0.125,0.4375,-0.0828364375,0.175304125,0.250073
0.0,0.125,0.5,-0.092432125,0.18324625,0.27506287500000004
0.0,0.125,0.5625,-0.10202781250000001,0.191188375,0.30005275
0.0,0.125,0.625,-0.1116235,0.1991305,0.32504262500000003
0.0,0.125,0.6875,-0.1212191875,0.207072625,0.35003249999999997
0.0,0.125,0.75,-0.130814875,0.21501474999999998,0.375022375
0.0,0.125,0.8125,-0.1404105625,0.222956875,0.40001225000000007
0.0,0.125,0.875,-0.15000624999999998,0.230899,0.425002125
0.0,0.125,0.9375,-0.15960193749999999,0.238841125,0.44999200000000006
0.0,0.125,1.0,-0.169197625,0.24678325,0.474981875
0.0,0.1875,0.0,-0.023499937499999998,0.179563875,0.1127158125
0.0,0.1875,0.0625,-0.033095625,0.187506,0.1377056875
0.0,0.1875,0.125,-0.042691312499999995,0.195448125,0.1626955625
0.0,0.1875,0.1875,-0.052287,0.20339025,0.1876854375
0.0,0.1875,0.25,-0.0618826875,0.21133237500000002,0.2126753125
0.0,0.1875,0.3125,-0.071478375,0.2192745,0.23766518749999999
0.0,0.1875,0.375,-0.0810740625,0.227216625,0.26265506250000004
0.0,0.1875,0.4375,-0.09066975,0.23515875,0.28764493750000003
0.0,0.1875,0.5,-0.1002654375,0.243100875,0.3126348125
0.0,0.1875,0.5625,-0.109861125,0.251043,0.3376246875
0.0,0.1875,0.625,-0.1194568125,0.25898512500000004,0.3626145625
0.0,0.1875,0.6875,-0.12905250000000001,0.26692725,0.3876044375
0.0,0.1875,0.75,-0.13864818750000002,0.27486937499999997,0.41259431250000006
0.0,0.1875,0.8125,-0.148243875,0.2828115,0.43758418750000005
0.0,0.1875,0.875,-0.15783956249999997,0.290753625,0.46257406250000005
0.0,0.1875,0.9375,-0.16743524999999998,0.29869575000000004,0.48756393750000004
0.0,0.1875,1.0,-0.17703093749999999,0.306637875,0.5125538125
0.0,0.25,0.0,-0.03133325,0.2394185,0.15028775
0.0,0.25,0.0625,-0.0409289375,0.247360625,0.175277625
0.0,0.25,0.125,-0.050524625000000004,0.25530275,0.2002675
0.0,0.25,0.1875,-0.0601203125,0.263244875,0.225257375
0.0,0.25,0.25,-0.069716,0.271187,0.25024725000000003
0.0,0.25,0.3125,-0.0793116875,0.279129125,0.27523712499999997
0.0,0.25,0.375,-0.08890737500000001,0.28707125,0.300227
0.0,0.25,0.4375,-0.09850306249999999,0.295013375,0.325216875
0.0,0.25,0.5,-0.10809875,0.3029555,0.35020675
0.0,0.25,0.5625,-0.1176944375,0.310897625,0.375196625
0.0,0.25,0.625,-0.127290125,0.31883975,0.4001865
0.0,0.25,0.6875,-0.1368858125,0.326781875,0.425176375
0.0,0.25,0.75,-0.14648150000000001,0.334724,0.45016625000000005
0.0,0.25,0.8125,-0.1560771875,0.342666125,0.47515612500000004
0.0,0.25,0.875,-0.165672875,0.35060825,0.500146
0.0,0.25,0.9375,-0.1752685625,0.358550375,0.525135875
0.0,0.25,1.0,-0.18486425,0.3664925,0.5501257500000001
0.0,0.3125,0.0,-0.0391665625,0.29927312500000003,0.18785968749999998
0.0,0.3125,0.0625,-0.04876225,0.30721525000000005,0.21284956249999998
0.0,0.3125,0.125,-0.0583579375,0.315157375,0.23783943749999997
0.0,0.3125,0.1875,-0.067953625,0.32309950000000004,0.26282931249999997
0.0,0.3125,0.25,-0.0775493125,0.331041625,0.2878191875
0.0,0.3125,0.3125,-0.087145,0.33898375000000003,0.31280906249999996
0.0,0.3125,0.375,-0.0967406875,0.34692587500000005,0.3377989375
0.0,0.3125,0.4375,-0.106336375,0.354868,0.3627888125
0.0,0.3125,0.5,-0.1159320625,0.36281012500000004,0.3877786875
0.0,0.3125,0.5625,-0.12552775,0.37075225,0.4127685625
0.0,0.3125,0.625,-0.1351234375,0.378694375,0.4377584375
0.0,0.3125,0.6875,-0.144719125,0.38663650000000005,0.4627483125
0.0,0.3125,0.75,-0.1543148125,0.394578625,0.48773818750000003
0.0,0.3125,0.8125,-0.16391050000000001,0.40252075000000004,0.5127280625
0.0,0.3125,0.875,-0.1735061875,0.410462875,0.5377179375000001
0.0,0.3125,0.9375,-0.183101875,0.418405,0.5627078125
0.0,0.3125,1.0,-0.1926975625,0.42634712500000005,0.5876976875
0.0,0.375,0.0,-0.046999874999999997,0.35912775,0.225431625
0.0,0.375,0.0625,-0.056595562499999995,0.36706987500000005,0.2504215
0.0,0.375,0.125,-0.06619125,0.375012,0.275411375
0.0,0.375,0.1875,-0.0757869375,0.38295412500000003,0.30040125
0.0,0.375,0.25,-0.08538262499999999,0.39089625,0.325391125
0.0,0.375,0.3125,-0.0949783125,0.398838375,0.350381
0.0,0.375,0.375,-0.104574,0.4067805,0.375370875
0.0,0.375,0.4375,-0.11416968749999999,0.414722625,0.40036075000000004
0.0,0.375,0.5,-0.123765375,0.42266475000000003,0.425350625
0.0,0.375,0.5625,-0.13336106250000002,0.430606875,0.45034050000000003
0.0,0.375,0.625,-0.14295675,0.438549,0.47533037499999997
0.0,0.375,0.6875,-0.1525524375,0.446491125,0.50032025
0.0,0.375,0.75,-0.162148125,0.45443325,0.5253101250000001
0.0,0.375,0.8125,-0.17174381249999998,0.46237537500000003,0.5503
0.0,0.375,0.875,-0.1813395,0.4703175,0.5752898750000001
0.0,0.375,0.9375,-0.1909351875,0.478259625,0.60027975
0.0,0.375,1.0,-0.200530875,0.48620175,0.625269625
0.0,0.4375,0.0,-0.0548331875,0.418982375,0.2630035625
0.0,0.4375,0.0625,-0.064428875,0.42692450000000004,0.2879934375
0.0,0.4375,0.125,-0.0740245625,0.434866625,0.3129833125
0.0,0.4375,0.1875,-0.08362025000000001,0.44280875000000003,0.33797318750000005
0.0,0.4375,0.25,-0.0932159375,0.450750875,0.3629630625
0.0,0.4375,0.3125,-0.10281162499999999,0.458693,0.38795293750000004
0.0,0.4375,0.375,-0.1124073125,0.46663512500000004,0.41294281250000003
0.0,0.4375,0.4375,-0.122003,0.47457725,0.43793268750000003
0.0,0.4375,0.5,-0.1315986875,0.48251937500000003,0.4629225625
0.0,0.4375,0.5625,-0.141194375,0.4904615,0.4879124375
0.0,0.4375,0.625,-0.1507900625,0.498403625,0.5129023125000001
0.0,0.4375,0.6875,-0.16038575,0.50634575,0.5378921875
0.0,0.4375,0.75,-0.1699814375,0.514287875,0.5628820625000001
0.0,0.4375,0.8125,-0.179577125,0.52223,0.5878719375000001
0.0,0.4375,0.875,-0.18917281249999998,0.530172125,0.6128618125
0.0,0.4375,0.9375,-0.1987685,0.53811425,0.6378516875
0.0,0.4375,1.0,-0.2083641875,0.546056375,0.6628415625
0.0,0.5,0.0,-0.0626665,0.478837,0.3005755
0.0,0.5,0.0625,-0.0722621875,0.48677912500000003,0.325565375
0.0,0.5,0.125,-0.081857875,0.49472125,0.35055525
0.0,0.5,0.1875,-0.0914535625,0.502663375,0.37554512500000004
0.0,0.5,0.25,-0.10104925000000001,0.5106055,0.400535
0.0,0.5,0.3125,-0.1106449375,0.5185476250000001,0.425524875
0.0,0.5,0.375,-0.120240625,0.52648975,0.45051475
0.0,0.5,0.4375,-0.1298363125,0.534431875,0.475504625
0.0,0.5,0.5,-0.139432,0.542374,0.5004945000000001
0.0,0.5,0.5625,-0.1490276875,0.550316125,0.525484375
0.0,0.5,0.625,-0.158623375,0.55825825,0.5504742499999999
0.0,0.5,0.6875,-0.16821906250000002,0.566200375,0.575464125
0.0,0.5,0.75,-0.17781475000000002,0.5741425,0.600454
0.0,0.5,0.8125,-0.1874104375,0.582084625,0.625443875
0.0,0.5,0.875,-0.19700612499999998,0.59002675,0.65043375
0.0,0.5,0.9375,-0.20660181249999998,0.5979688750000001,0.6754236250000001
0.0,0.5,1.0,-0.2161975,0.605911,0.7004135
0.0,0.5625,0.0,-0.0704998125,0.538691625,0.3381474375
0.0,0.5625,0.0625,-0.0800955,0.54663375,0.3631373125
0.0,0.5625,0.125,-0.08969118749999999,0.554575875,0.38812718749999997
0.0,0.5625,0.1875,-0.099286875,0.562518,0.4131170625
0.0,0.5625,0.25,-0.1088825625,0.570460125,0.43810693749999996
0.0,0.5625,0.3125,-0.11847825,0.57840225,0.4630968125
0.0,0.5625,0.375,-0.1280739375,0.586344375,0.4880866875
0.0,0.5625,0.4375,-0.137669625,0.5942865,0.5130765625
0.0,0.5625,0.5,-0.1472653125,0.602228625,0.5380664374999999
0.0,0.5625,0.5625,-0.156861,0.61017075,0.5630563125
0.0,0.5625,0.625,-0.16645668749999998,0.618112875,0.5880461875
0.0,0.5625,0.6875,-0.17605237499999998,0.626055,0.6130360625
0.0,0.5625,0.75,-0.1856480625,0.633997125,0.6380259375
0.0,0.5625,0.8125,-0.19524375,0.64193925,0.6630158125000001
0.0,0.5625,0.875,-0.2048394375,0.649881375,0.6880056875
0.0,0.5625,0.9375,-0.214435125,0.6578235,0.7129955625
0.0,0.5625,1.0,-0.2240308125,0.665765625,0.7379854375
0.0,0.625,0.0,-0.078333125,0.5985462500000001,0.37571937499999997
0.0,0.625,0.0625,-0.08792881250000001,0.6064883750000001,0.40070924999999996
0.0,0.625,0.125,-0.0975245,0.6144305000000001,0.42569912499999996
0.0,0.625,0.1875,-0.1071201875,0.622372625,0.450689
0.0,0.625,0.25,-0.116715875,0.63031475,0.47567887499999995
0.0,0.625,0.3125,-0.1263115625,0.6382568750000001,0.50066875
0.0,0.625,0.375,-0.13590725,0.6461990000000001,0.5256586249999999
0.0,0.625,0.4375,-0.14550293749999998,0.6541411250000001,0.5506485
0.0,0.625,0.5,-0.155098625,0.66208325,0.575638375
0.0,0.625,0.5625,-0.1646943125,0.670025375,0.60062825
0.0,0.625,0.625,-0.17429,0.6779675000000001,0.6256181249999999
0.0,0.625,0.6875,-0.1838856875,0.6859096250000001,0.650608
0.0,0.625,0.75,-0.193481375,0.6938517500000001,0.675597875
0.0,0.625,0.8125,-0.20307706250000002,0.701793875,0.70058775
0.0,0.625,0.875,-0.21267275,0.709736,0.725577625
0.0,0.625,0.9375,-0.2222684375,0.7176781250000001,0.7505675
0.0,0.625,1.0,-0.231864125,0.7256202500000001,0.775557375
0.0,0.6875,0.0,-0.0861664375,0.658400875,0.4132913125
0.0,0.6875,0.0625,-0.095762125,0.666343,0.4382811875
0.0,0.6875,0.125,-0.1053578125,0.674285125,0.4632710625
0.0,0.6875,0.1875,-0.1149535,0.68222725,0.4882609375
0.0,0.6875,0.25,-0.12454918749999999,0.690169375,0.5132508125
0.0,0.6875,0.3125,-0.134144875,0.6981115,0.5382406875
0.0,0.6875,0.375,-0.1437405625,0.706053625,0.5632305625
0.0,0.6875,0.4375,-0.15333625,0.71399575,0.5882204375
0.0,0.6875,0.5,-0.1629319375,0.721937875,0.6132103125
0.0,0.6875,0.5625,-0.17252762500000002,0.72988,0.6382001875000001
0.0,0.6875,0.625,-0.1821233125,0.737822125,0.6631900625
0.0,0.6875,0.6875,-0.191719,0.74576425,0.6881799375
0.0,0.6875,0.75,-0.2013146875,0.7537063749999999,0.7131698125000001
0.0,0.6875,0.8125,-0.21091037499999998,0.7616485,0.7381596875
0.0,0.6875,0.875,-0.2205060625,0.769590625,0.7631495625
0.0,0.6875,0.9375,-0.23010175,0.77753275,0.7881394375
0.0,0.6875,1.0,-0.2396974375,0.785474875,0.8131293125000001
0.0,0.75,0.0,-0.09399974999999999,0.7182555,0.45086325
0.0,0.75,0.0625,-0.1035954375,0.7261976250000001,0.475853125
0.0,0.75,0.125,-0.11319112499999999,0.7341397500000001,0.500843
0.0,0.75,0.1875,-0.1227868125,0.742081875,0.525832875
0.0,0.75,0.25,-0.1323825,0.750024,0.55082275
0.0,0.75,0.3125,-0.1419781875,0.757966125,0.575812625
0.0,0.75,0.375,-0.151573875,0.7659082500000001,0.6008025
0.0,0.75,0.4375,-0.16116956249999997,0.7738503750000001,0.6257923750000001
0.0,0.75,0.5,-0.17076524999999998,0.7817925,0.65078225
0.0,0.75,0.5625,-0.18036093749999998,0.789734625,0.675772125
0.0,0.75,0.625,-0.189956625,0.79767675,0.700762
0.0,0.75,0.6875,-0.1995523125,0.8056188750000001,0.725751875
0.0,0.75,0.75,-0.209148,0.813561,0.75074175
0.0,0.75,0.8125,-0.2187436875,0.821503125,0.775731625
0.0,0.75,0.875,-0.22833937499999998,0.82944525,0.8007215000000001
0.0,0.75,0.9375,-0.2379350625,0.837387375,0.825711375
0.0,0.75,1.0,-0.24753075,0.8453295000000001,0.85070125
0.0,0.8125,0.0,-0.1018330625,0.778110125,0.4884351875
0.0,0.8125,0.0625,-0.11142875000000001,0.78605225,0.5134250625
0.0,0.8125,0.125,-0.1210244375,0.793994375,0.5384149375
0.0,0.8125,0.1875,-0.130620125,0.8019364999999999,0.5634048125
0.0,0.8125,0.25,-0.1402158125,0.809878625,0.5883946875
0.0,0.8125,0.3125,-0.1498115,0.81782075,0.6133845625
0.0,0.8125,0.375,-0.1594071875,0.825762875,0.6383744375
0.0,0.8125,0.4375,-0.169002875,0.833705,0.6633643124999999
0.0,0.8125,0.5,-0.1785985625,0.8416471249999999,0.6883541875
0.0,0.8125,0.5625,-0.18819425,0.84958925,0.7133440625
0.0,0.8125,0.625,-0.1977899375,0.857531375,0.7383339375
0.0,0.8125,0.6875,-0.20738562500000002,0.8654735,0.7633238124999999
0.0,0.8125,0.75,-0.21698131250000002,0.873415625,0.7883136875000001
0.0,0.8125,0.8125,-0.226577,0.8813577499999999,0.8133035625
0.0,0.8125,0.875,-0.23617268749999998,0.889299875,0.8382934375
0.0,0.8125,0.9375,-0.24576837499999998,0.897242,0.8632833125
0.0,0.8125,1.0,-0.2553640625,0.905184125,0.8882731875000001
0.0,0.875,0.0,-0.109666375,0.83796475,0.526007125
0.0,0.875,0.0625,-0.1192620625,0.8459068750000001,0.5509970000000001
0.0,0.875,0.125,-0.12885775,0.8538490000000001,0.575986875
0.0,0.875,0.1875,-0.1384534375,0.861791125,0.6009767500000001
0.0,0.875,0.25,-0.148049125,0.86973325,0.625966625
0.0,0.875,0.3125,-0.1576448125,0.877675375,0.6509565
0.0,0.875,0.375,-0.16724050000000001,0.8856175000000001,0.6759463750000001
0.0,0.875,0.4375,-0.1768361875,0.8935596250000001,0.70093625
0.0,0.875,0.5,-0.186431875,0.90150175,0.725926125
0.0,0.875,0.5625,-0.1960275625,0.909443875,0.750916
0.0,0.875,0.625,-0.20562324999999998,0.917386,0.7759058750000001
0.0,0.875,0.6875,-0.21521893749999998,0.9253281250000001,0.80089575
0.0,0.875,0.75,-0.224814625,0.9332702500000001,0.8258856250000001
0.0,0.875,0.8125,-0.2344103125,0.941212375,0.8508755000000001
0.0,0.875,0.875,-0.244006,0.9491545,0.8758653750000001
0.0,0.875,0.9375,-0.2536016875,0.957096625,0.90085525
0.0,0.875,1.0,-0.263197375,0.9650387500000001,0.925845125
0.0,0.9375,0.0,-0.1174996875,0.897819375,0.5635790625
0.0,0.9375,0.0625,-0.127095375,0.9057615,0.5885689375000001
0.0,0.9375,0.125,-0.13669106250000002,0.913703625,0.6135588125
0.0,0.9375,0.1875,-0.14628675000000002,0.9216457499999999,0.6385486875
0.0,0.9375,0.25,-0.1558824375,0.929587875,0.6635385625
0.0,0.9375,0.3125,-0.165478125,0.93753,0.6885284375
0.0,0.9375,0.375,-0.1750738125,0.945472125,0.7135183125
0.0,0.9375,0.4375,-0.1846695,0.95341425,0.7385081875
0.0,0.9375,0.5,-0.1942651875,0.9613563749999999,0.7634980625000001
0.0,0.9375,0.5625,-0.203860875,0.9692985,0.7884879375
0.0,0.9375,0.625,-0.2134565625,0.977240625,0.8134778125
0.0,0.9375,0.6875,-0.22305225,0.98518275,0.8384676875
0.0,0.9375,0.75,-0.2326479375,0.9931248749999999,0.8634575625
0.0,0.9375,0.8125,-0.24224362500000002,1.001067,0.8884474375
0.0,0.9375,0.875,-0.2518393125,1.009009125,0.9134373125
0.0,0.9375,0.9375,-0.261435,1.01695125,0.9384271875000001
0.0,0.9375,1.0,-0.27103068750000003,1.024893375,0.9634170625
0.0,1.0,0.0,-0.125333,0.957674,0.601151
0.0,1.0,0.0625,-0.1349286875,0.965616125,0.626140875
0.0,1.0,0.125,-0.144524375,0.9735582500000001,0.65113075
0.0,1.0,0.1875,-0.1541200625,0.981500375,0.676120625
0.0,1.0,0.25,-0.16371575,0.9894425,0.7011105
0.0,1.0,0.3125,-0.1733114375,0.997384625,0.726100375
0.0,1.0,0.375,-0.182907125,1.00532675,0.7510902500000001
0.0,1.0,0.4375,-0.1925028125,1.013268875,0.776080125
0.0,1.0,0.5,-0.20209850000000001,1.021211,0.80107
0.0,1.0,0.5625,-0.21169418750000002,1.0291531250000001,0.826059875
0.0,1.0,0.625,-0.221289875,1.0370952500000001,0.85104975
0.0,1.0,0.6875,-0.2308855625,1.045037375,0.876039625
0.0,1.0,0.75,-0.24048125,1.0529795,0.9010295
0.0,1.0,0.8125,-0.2500769375,1.060921625,0.9260193750000001
0.0,1.0,0.875,-0.259672625,1.06886375,0.95100925
0.0,1.0,0.9375,-0.2692683125,1.076805875,0.975999125
0.0,1.0,1.0,-0.278864,1.084748,1.0009890000000001
0.0625,0.0,0.0,0.079929,-0.00529675,-6.18125e-05
0.0625,0.0,0.0625,0.0703333125,0.0026453749999999993,0.0249280625
0.0625,0.0,0.125,0.060737625,0.0105875,0.0499179375
0.0625,0.0,0.1875,0.0511419375,0.018529624999999997,0.07490781250000002
0.0625,0.0,0.25,0.04154625,0.02647175,0.09989768750000001
0.0625,0.0,0.3125,0.0319505625,0.034413875,0.12488756250000001
0.0625,0.0,0.375,0.022354874999999996,0.04235599999999999,0.14987743750000002
0.0625,0.0,0.4375,0.012759187500000005,0.05029812499999999,0.1748673125
0.0625,0.0,0.5,0.0031634999999999996,0.05824024999999999,0.1998571875
0.0625,0.0,0.5625,-0.006432187500000006,0.06618237499999999,0.2248470625
0.0625,0.0,0.625,-0.016027874999999997,0.0741245,0.2498369375
0.0625,0.0,0.6875,-0.025623562500000002,0.08206662499999999,0.2748268125
0.0625,0.0,0.75,-0.03521925000000001,0.09000874999999998,0.29981668750000007
0.0625,0.0,0.8125,-0.0448149375,0.09795087499999999,0.32480656250000006
0.0625,0.0,0.875,-0.05441062499999999,0.10589299999999999,0.34979643750000006
0.0625,0.0,0.9375,-0.0640063125,0.113835125,0.37478631250000005
0.0625,0.0,1.0,-0.073602,0.12177724999999999,0.39977618750000005
0.0625,0.0625,0.0,0.0720956875,0.054557875,0.037510125
0.0625,0.0625,0.0625,0.0625,0.0625,0.0625
0.0625,0.0625,0.125,0.05290431250000001,0.070442125,0.087489875
0.0625,0.0625,0.1875,0.043308625,0.07838424999999999,0.11247975000000002
0.0625,0.0625,0.25,0.033712937500000005,0.086326375,0.137469625
0.0625,0.0625,0.3125,0.024117250000000007,0.0942685,0.1624595
0.0625,0.0625,0.375,0.014521562500000001,0.102210625,0.18744937500000003
0.0625,0.0625,0.4375,0.00492587500000001,0.11015275,0.21243925000000002
0.0625,0.0625,0.5,-0.004669812499999995,0.11809487499999999,0.23742912500000002
0.0625,0.0625,0.5625,-0.0142655,0.12603699999999998,0.262419
0.0625,0.0625,0.625,-0.023861187499999992,0.133979125,0.287408875
0.0625,0.0625,0.6875,-0.033456875,0.14192125,0.31239875
0.0625,0.0625,0.75,-0.0430525625,0.149863375,0.33738862500000005
0.0625,0.0625,0.8125,-0.052648249999999994,0.1578055,0.36237850000000005
0.0625,0.0625,0.875,-0.062243937499999985,0.16574762499999998,0.38736837500000004
0.0625,0.0625,0.9375,-0.07183962499999999,0.17368975,0.41235825000000004
0.0625,0.0625,1.0,-0.0814353125,0.181631875,0.43734812500000003
0.0625,0.125,0.0,0.064262375,0.1144125,0.0750820625
0.0625,0.125,0.0625,0.0546666875,0.122354625,0.10007193750000001
0.0625,0.125,0.125,0.045071,0.13029675,0.1250618125
0.0625,0.125,0.1875,0.035475312499999995,0.13823887499999998,0.15005168750000003
0.0625,0.125,0.25,0.025879624999999996,0.146181,0.17504156250000003
0.0625,0.125,0.3125,0.016283937499999998,0.154123125,0.20003143750000002
0.0625,0.125,0.375,0.006688249999999993,0.16206525,0.22502131250000001
0.0625,0.125,0.4375,-0.0029074374999999986,0.170007375,0.2500111875
0.0625,0.125,0.5,-0.012503125000000004,0.17794949999999998,0.2750010625
0.0625,0.125,0.5625,-0.02209881250000001,0.185891625,0.2999909375
0.0625,0.125,0.625,-0.0316945,0.19383375,0.3249808125
0.0625,0.125,0.6875,-0.041290187500000006,0.201775875,0.3499706875
0.0625,0.125,0.75,-0.05088587500000001,0.209718,0.37496056250000004
0.0625,0.125,0.8125,-0.0604815625,0.21766012499999998,0.39995043750000003
0.0625,0.125,0.875,-0.07007725,0.22560225,0.42494031250000003
0.0625,0.125,0.9375,-0.0796729375,0.233544375,0.4499301875
0.0625,0.125,1.0,-0.089268625,0.2414865,0.4749200625
0.0625,0.1875,0.0,0.0564290625,0.17426712500000002,0.112654
0.0625,0.1875,0.0625,0.046833375000000003,0.18220925000000002,0.137643875
0.0625,0.1875,0.125,0.037237687500000005,0.190151375,0.16263375000000002
0.0625,0.1875,0.1875,0.027642,0.19809350000000003,0.18762362500000002
0.0625,0.1875,0.25,0.0180463125,0.20603562500000003,0.2126135
0.0625,0.1875,0.3125,0.008450625000000003,0.21397775000000002,0.237603375
0.0625,0.1875,0.375,-0.001145062500000002,0.22191987500000002,0.26259325
0.0625,0.1875,0.4375,-0.010740749999999993,0.229862,0.28758312500000005
0.0625,0.1875,0.5,-0.0203364375,0.23780412500000003,0.312573
0.0625,0.1875,0.5625,-0.029932125000000004,0.24574625,0.33756287500000004
0.0625,0.1875,0.625,-0.039527812499999995,0.253688375,0.36255275
0.0625,0.1875,0.6875,-0.0491235,0.2616305,0.38754262500000003
0.0625,0.1875,0.75,-0.058719187500000006,0.269572625,0.4125325000000001
0.0625,0.1875,0.8125,-0.068314875,0.27751475000000003,0.437522375
0.0625,0.1875,0.875,-0.07791056249999999,0.285456875,0.46251225000000007
0.0625,0.1875,0.9375,-0.08750625,0.293399,0.487502125
0.0625,0.1875,1.0,-0.0971019375,0.301341125,0.5124920000000001
0.0625,0.25,0.0,0.04859575,0.23412175000000002,0.1502259375
0.0625,0.25,0.0625,0.0390000625,0.242063875,0.17521581249999998
0.0625,0.25,0.125,0.029404375,0.250006,0.2002056875
0.0625,0.25,0.1875,0.019808687499999998,0.25794812500000003,0.2251955625
0.0625,0.25,0.25,0.010213,0.26589025,0.2501854375
0.0625,0.25,0.3125,0.0006173125000000015,0.273832375,0.2751753125
0.0625,0.25,0.375,-0.008978375000000004,0.28177450000000004,0.3001651875
0.0625,0.25,0.4375,-0.018574062499999995,0.289716625,0.32515506250000004
0.0625,0.25,0.5,-0.02816975,0.29765875,0.3501449375
0.0625,0.25,0.5625,-0.037765437500000006,0.305600875,0.3751348125
0.0625,0.25,0.625,-0.047361125,0.313543,0.40012468749999996
0.0625,0.25,0.6875,-0.0569568125,0.32148512500000004,0.4251145625
0.0625,0.25,0.75,-0.06655250000000001,0.32942725,0.45010443750000007
0.0625,0.25,0.8125,-0.07614818749999999,0.337369375,0.4750943125
0.0625,0.25,0.875,-0.085743875,0.3453115,0.5000841875
0.0625,0.25,0.9375,-0.0953395625,0.353253625,0.5250740625
0.0625,0.25,1.0,-0.10493525000000001,0.36119575000000004,0.5500639375
0.0625,0.3125,0.0,0.0407624375,0.293976375,0.18779787499999998
0.0625,0.3125,0.0625,0.03116675,0.30191850000000003,0.21278774999999997
0.0625,0.3125,0.125,0.021571062499999998,0.309860625,0.237777625
0.0625,0.3125,0.1875,0.011975374999999996,0.31780275,0.2627675
0.0625,0.3125,0.25,0.002379687499999998,0.325744875,0.287757375
0.0625,0.3125,0.3125,-0.007216,0.333687,0.31274725
0.0625,0.3125,0.375,-0.016811687500000005,0.341629125,0.33773712499999997
0.0625,0.3125,0.4375,-0.026407374999999997,0.34957125,0.362727
0.0625,0.3125,0.5,-0.0360030625,0.357513375,0.38771687499999996
0.0625,0.3125,0.5625,-0.04559875000000001,0.3654555,0.41270675
0.0625,0.3125,0.625,-0.0551944375,0.373397625,0.43769662499999995
0.0625,0.3125,0.6875,-0.064790125,0.38133975,0.4626865
0.0625,0.3125,0.75,-0.07438581250000001,0.389281875,0.48767637500000005
0.0625,0.3125,0.8125,-0.0839815,0.397224,0.51266625
0.0625,0.3125,0.875,-0.09357718749999999,0.405166125,0.537656125
0.0625,0.3125,0.9375,-0.103172875,0.41310825,0.562646
0.0625,0.3125,1.0,-0.1127685625,0.421050375,0.587635875
0.0625,0.375,0.0,0.032929125000000004,0.353831,0.2253698125
0.0625,0.375,0.0625,0.023333437500000005,0.36177312500000003,0.2503596875
0.0625,0.375,0.125,0.013737750000000003,0.36971525,0.2753495625
0.0625,0.375,0.1875,0.004142062500000002,0.377657375,0.30033943750000003
0.0625,0.375,0.25,-0.005453624999999997,0.3855995,0.32532931249999997
0.0625,0.375,0.3125,-0.015049312499999995,0.393541625,0.3503191875
0.0625,0.375,0.375,-0.024645,0.40148375000000003,0.3753090625
0.0625,0.375,0.4375,-0.03424068749999999,0.409425875,0.4002989375
0.0625,0.375,0.5,-0.043836375,0.417368,0.4252888125
0.0625,0.375,0.5625,-0.0534320625,0.425310125,0.4502786875
0.0625,0.375,0.625,-0.06302775,0.43325225,0.4752685625
0.0625,0.375,0.6875,-0.0726234375,0.441194375,0.5002584375
0.0625,0.375,0.75,-0.082219125,0.4491365,0.5252483125
0.0625,0.375,0.8125,-0.0918148125,0.457078625,0.5502381875
0.0625,0.375,0.875,-0.10141049999999999,0.46502075,0.5752280625
0.0625,0.375,0.9375,-0.11100618749999999,0.472962875,0.6002179375000001
0.0625,0.375,1.0,-0.120601875,0.480905,0.6252078125
0.0625,0.4375,0.0,0.025095812500000002,0.413685625,0.26294175000000003
0.0625,0.4375,0.0625,0.015500125000000002,0.42162775,0.287931625
0.0625,0.4375,0.125,0.005904437500000002,0.429569875,0.3129215
0.0625,0.4375,0.1875,-0.00369125,0.437512,0.337911375
0.0625,0.4375,0.25,-0.013286937499999998,0.445454125,0.36290125000000006
0.0625,0.4375,0.3125,-0.022882624999999997,0.45339625,0.387891125
0.0625,0.4375,0.375,-0.0324783125,0.46133837499999997,0.41288100000000005
0.0625,0.4375,0.4375,-0.04207399999999999,0.4692805,0.43787087500000005
0.0625,0.4375,0.5,-0.0516696875,0.477222625,0.46286075000000004
0.0625,0.4375,0.5625,-0.061265375000000004,0.48516475,0.48785062500000004
0.0625,0.4375,0.625,-0.07086106249999999,0.493106875,0.5128405
0.0625,0.4375,0.6875,-0.08045675,0.501049,0.537830375
0.0625,0.4375,0.75,-0.0900524375,0.508991125,0.5628202500000001
0.0625,0.4375,0.8125,-0.099648125,0.51693325,0.5878101250000001
0.0625,0.4375,0.875,-0.10924381249999998,0.524875375,0.6128
0.0625,0.4375,0.9375,-0.11883949999999999,0.5328174999999999,0.6377898750000001
0.0625,0.4375,1.0,-0.1284351875,0.540759625,0.6627797500000001
0.0625,0.5,0.0,0.0172625,0.47354025,0.3005136875
0.0625,0.5,0.0625,0.0076668125,0.481482375,0.3255035625
0.0625,0.5,0.125,-0.001928875,0.4894245,0.3504934375
0.0625,0.5,0.1875,-0.011524562500000002,0.497366625,0.3754833125
0.0625,0.5,0.25,-0.02112025,0.50530875,0.40047318750000005
0.0625,0.5,0.3125,-0.0307159375,0.513250875,0.4254630625
0.0625,0.5,0.375,-0.040311625000000004,0.521193,0.45045293750000004
0.0625,0.5,0.4375,-0.049907312499999995,0.529135125,0.47544281250000003
0.0625,0.5,0.5,-0.059503,0.53707725,0.5004326875
0.0625,0.5,0.5625,-0.0690986875,0.545019375,0.5254225625
0.0625,0.5,0.625,-0.078694375,0.5529615,0.5504124375
0.0625,0.5,0.6875,-0.0882900625,0.560903625,0.5754023125000001
0.0625,0.5,0.75,-0.09788575000000001,0.5688457499999999,0.6003921875
0.0625,0.5,0.8125,-0.1074814375,0.576787875,0.6253820625000001
0.0625,0.5,0.875,-0.11707712499999999,0.58473,0.6503719375000001
0.0625,0.5,0.9375,-0.1266728125,0.592672125,0.6753618125
0.0625,0.5,1.0,-0.13626850000000001,0.60061425,0.7003516875
0.0625,0.5625,0.0,0.009429187500000005,0.533394875,0.338085625
0.0625,0.5625,0.0625,-0.00016649999999999478,0.5413370000000001,0.3630755
0.0625,0.5625,0.125,-0.009762187499999995,0.5492791250000001,0.388065375
0.0625,0.5625,0.1875,-0.019357874999999997,0.55722125,0.41305525
0.0625,0.5625,0.25,-0.028953562499999995,0.565163375,0.43804512500000004
0.0625,0.5625,0.3125,-0.03854924999999999,0.5731055,0.463035
0.0625,0.5625,0.375,-0.0481449375,0.5810476250000001,0.488024875
0.0625,0.5625,0.4375,-0.05774062499999999,0.5889897500000001,0.51301475
0.0625,0.5625,0.5,-0.0673363125,0.596931875,0.538004625
0.0625,0.5625,0.5625,-0.076932,0.604874,0.5629945000000001
0.0625,0.5625,0.625,-0.08652768749999999,0.612816125,0.587984375
0.0625,0.5625,0.6875,-0.096123375,0.6207582500000001,0.6129742499999999
0.0625,0.5625,0.75,-0.1057190625,0.628700375,0.6379641250000001
0.0625,0.5625,0.8125,-0.11531475,0.6366425,0.662954
0.0625,0.5625,0.875,-0.12491043749999999,0.644584625,0.687943875
0.0625,0.5625,0.9375,-0.13450612499999998,0.65252675,0.71293375
0.0625,0.5625,1.0,-0.14410181249999998,0.6604688750000001,0.7379236250000001
0.0625,0.625,0.0,0.0015958749999999966,0.5932495000000001,0.3756575625
0.0625,0.625,0.0625,-0.007999812500000003,0.6011916250000001,0.4006474375
0.0625,0.625,0.125,-0.017595500000000003,0.6091337500000001,0.4256373125
0.0625,0.625,0.1875,-0.027191187500000005,0.617075875,0.45062718749999997
0.0625,0.625,0.25,-0.036786875000000004,0.6250180000000001,0.4756170625
0.0625,0.625,0.3125,-0.0463825625,0.6329601250000001,0.5006069375
0.0625,0.625,0.375,-0.05597825000000001,0.6409022500000001,0.5255968125
0.0625,0.625,0.4375,-0.0655739375,0.6488443750000001,0.5505866875000001
0.0625,0.625,0.5,-0.075169625,0.6567865,0.5755765625
0.0625,0.625,0.5625,-0.08476531250000001,0.6647286250000001,0.6005664374999999
0.0625,0.625,0.625,-0.094361,0.6726707500000001,0.6255563125
0.0625,0.625,0.6875,-0.1039566875,0.6806128750000001,0.6505461875
0.0625,0.625,0.75,-0.11355237500000001,0.688555,0.6755360625
0.0625,0.625,0.8125,-0.1231480625,0.696497125,0.7005259375
0.0625,0.625,0.875,-0.13274375,0.7044392500000001,0.7255158125000001
0.0625,0.625,0.9375,-0.1423394375,0.7123813750000001,0.7505056875
0.0625,0.625,1.0,-0.151935125,0.7203235000000001,0.7754955625
0.0625,0.6875,0.0,-0.006237437499999998,0.653104125,0.4132295
0.0625,0.6875,0.0625,-0.015833124999999997,0.6610462500000001,0.438219375
0.0625,0.6875,0.125,-0.0254288125,0.6689883750000001,0.46320925
0.0625,0.6875,0.1875,-0.0350245,0.6769305,0.48819912500000007
0.0625,0.6875,0.25,-0.0446201875,0.684872625,0.513189
0.0625,0.6875,0.3125,-0.054215875,0.69281475,0.5381788750000001
0.0625,0.6875,0.375,-0.0638115625,0.7007568750000001,0.56316875
0.0625,0.6875,0.4375,-0.07340725,0.7086990000000001,0.588158625
0.0625,0.6875,0.5,-0.0830029375,0.716641125,0.6131485000000001
0.0625,0.6875,0.5625,-0.092598625,0.72458325,0.638138375
0.0625,0.6875,0.625,-0.1021943125,0.732525375,0.66312825
0.0625,0.6875,0.6875,-0.11179,0.7404675000000001,0.688118125
0.0625,0.6875,0.75,-0.1213856875,0.7484096250000001,0.7131080000000001
0.0625,0.6875,0.8125,-0.130981375,0.75635175,0.738097875
0.0625,0.6875,0.875,-0.1405770625,0.764293875,0.7630877500000001
0.0625,0.6875,0.9375,-0.15017275,0.772236,0.7880776250000001
0.0625,0.6875,1.0,-0.1597684375,0.7801781250000001,0.8130675
0.0625,0.75,0.0,-0.014070749999999993,0.7129587500000001,0.4508014375
0.0625,0.75,0.0625,-0.02366643749999999,0.7209008750000001,0.4757913125
0.0625,0.75,0.125,-0.03326212499999999,0.7288430000000001,0.5007811875
0.0625,0.75,0.1875,-0.042857812499999995,0.736785125,0.5257710625
0.0625,0.75,0.25,-0.05245349999999999,0.7447272500000001,0.5507609375
0.0625,0.75,0.3125,-0.06204918749999999,0.7526693750000001,0.5757508125
0.0625,0.75,0.375,-0.071644875,0.7606115000000001,0.6007406875000001
0.0625,0.75,0.4375,-0.08124056249999999,0.7685536250000001,0.6257305625
0.0625,0.75,0.5,-0.09083625,0.77649575,0.6507204375
0.0625,0.75,0.5625,-0.1004319375,0.7844378750000001,0.6757103125
0.0625,0.75,0.625,-0.11002762499999999,0.7923800000000001,0.7007001875000001
0.0625,0.75,0.6875,-0.1196233125,0.8003221250000001,0.7256900625
0.0625,0.75,0.75,-0.129219,0.8082642500000001,0.7506799375000001
0.0625,0.75,0.8125,-0.13881468749999998,0.816206375,0.7756698125000001
0.0625,0.75,0.875,-0.14841037499999998,0.8241485000000001,0.8006596875
0.0625,0.75,0.9375,-0.1580060625,0.8320906250000001,0.8256495625
0.0625,0.75,1.0,-0.16760175,0.8400327500000001,0.8506394375
0.0625,0.8125,0.0,-0.0219040625,0.772813375,0.488373375
0.0625,0.8125,0.0625,-0.03149975,0.7807555,0.51336325
0.0625,0.8125,0.125,-0.0410954375,0.7886976250000001,0.538353125
0.0625,0.8125,0.1875,-0.050691125000000004,0.79663975,0.563343
0.0625,0.8125,0.25,-0.0602868125,0.804581875,0.588332875
0.0625,0.8125,0.3125,-0.0698825,0.812524,0.61332275
0.0625,0.8125,0.375,-0.0794781875,0.820466125,0.638312625
0.0625,0.8125,0.4375,-0.089073875,0.8284082500000001,0.6633025
0.0625,0.8125,0.5,-0.0986695625,0.836350375,0.6882923750000001
0.0625,0.8125,0.5625,-0.10826525000000001,0.8442925,0.71328225
0.0625,0.8125,0.625,-0.1178609375,0.852234625,0.738272125
0.0625,0.8125,0.6875,-0.127456625,0.86017675,0.763262
0.0625,0.8125,0.75,-0.1370523125,0.868118875,0.788251875
0.0625,0.8125,0.8125,-0.146648,0.876061,0.81324175
0.0625,0.8125,0.875,-0.1562436875,0.884003125,0.838231625
0.0625,0.8125,0.9375,-0.165839375,0.89194525,0.8632215000000001
0.0625,0.8125,1.0,-0.17543506250000002,0.899887375,0.888211375
0.0625,0.875,0.0,-0.029737374999999996,0.8326680000000001,0.5259453125
0.0625,0.875,0.0625,-0.039333062499999995,0.8406101250000001,0.5509351875
0.0625,0.875,0.125,-0.04892874999999999,0.8485522500000001,0.5759250625
0.0625,0.875,0.1875,-0.0585244375,0.856494375,0.6009149375
0.0625,0.875,0.25,-0.068120125,0.8644365,0.6259048125
0.0625,0.875,0.3125,-0.0777158125,0.8723786250000001,0.6508946875
0.0625,0.875,0.375,-0.0873115,0.8803207500000001,0.6758845625000001
0.0625,0.875,0.4375,-0.09690718749999999,0.8882628750000001,0.7008744375
0.0625,0.875,0.5,-0.106502875,0.896205,0.7258643124999999
0.0625,0.875,0.5625,-0.1160985625,0.904147125,0.7508541875
0.0625,0.875,0.625,-0.12569425,0.9120892500000001,0.7758440625
0.0625,0.875,0.6875,-0.1352899375,0.9200313750000001,0.8008339375
0.0625,0.875,0.75,-0.14488562500000002,0.9279735,0.8258238125
0.0625,0.875,0.8125,-0.1544813125,0.935915625,0.8508136875000001
0.0625,0.875,0.875,-0.16407699999999997,0.94385775,0.8758035625
0.0625,0.875,0.9375,-0.17367268749999998,0.9517998750000001,0.9007934375
0.0625,0.875,1.0,-0.18326837499999998,0.9597420000000001,0.9257833125
0.0625,0.9375,0.0,-0.037570687500000005,0.892522625,0.56351725
0.0625,0.9375,0.0625,-0.047166375,0.90046475,0.588507125
0.0625,0.9375,0.125,-0.0567620625,0.9084068750000001,0.613497
0.0625,0.9375,0.1875,-0.06635775000000001,0.916349,0.638486875
0.0625,0.9375,0.25,-0.0759534375,0.924291125,0.66347675
0.0625,0.9375,0.3125,-0.085549125,0.93223325,0.688466625
0.0625,0.9375,0.375,-0.09514481250000001,0.940175375,0.7134564999999999
0.0625,0.9375,0.4375,-0.1047405,0.9481175000000001,0.738446375
0.0625,0.9375,0.5,-0.1143361875,0.956059625,0.76343625
0.0625,0.9375,0.5625,-0.12393187500000001,0.96400175,0.788426125
0.0625,0.9375,0.625,-0.1335275625,0.971943875,0.8134159999999999
0.0625,0.9375,0.6875,-0.14312325,0.979886,0.838405875
0.0625,0.9375,0.75,-0.1527189375,0.9878281250000001,0.86339575
0.0625,0.9375,0.8125,-0.162314625,0.99577025,0.888385625
0.0625,0.9375,0.875,-0.1719103125,1.003712375,0.9133755
0.0625,0.9375,0.9375,-0.181506,1.0116545000000001,0.9383653750000001
0.0625,0.9375,1.0,-0.1911016875,1.019596625,0.96335525
0.0625,1.0,0.0,-0.045404,0.9523772500000001,0.6010891875
0.0625,1.0,0.0625,-0.0549996875,0.9603193750000001,0.6260790625
0.0625,1.0,0.125,-0.064595375,0.9682615000000001,0.6510689375
0.0625,1.0,0.1875,-0.0741910625,0.976203625,0.6760588125
0.0625,1.0,0.25,-0.08378675,0.98414575,0.7010486874999999
0.0625,1.0,0.3125,-0.0933824375,0.9920878750000001,0.7260385625
0.0625,1.0,0.375,-0.102978125,1.00003,0.7510284375
0.0625,1.0,0.4375,-0.1125738125,1.007972125,0.7760183125
0.0625,1.0,0.5,-0.1221695,1.01591425,0.8010081874999999
0.0625,1.0,0.5625,-0.1317651875,1.023856375,0.8259980625
0.0625,1.0,0.625,-0.141360875,1.0317985,0.8509879375
0.0625,1.0,0.6875,-0.1509565625,1.039740625,0.8759778125
0.0625,1.0,0.75,-0.16055225,1.04768275,0.9009676875
0.0625,1.0,0.8125,-0.1701479375,1.0556248750000001,0.9259575625
0.0625,1.0,0.875,-0.179743625,1.0635670000000002,0.9509474375
0.0625,1.0,0.9375,-0.1893393125,1.071509125,0.9759373124999999
0.0625,1.0,1.0,-0.198935,1.07945125,1.0009271874999999
0.125,0.0,0.0,0.159858,-0.0105935,-0.000123625
0.125,0.0,0.0625,0.1502623125,-0.002651375000000001,0.024866250000000003
0.125,0.0,0.125,0.140666625,0.005290749999999999,0.049856125
0.125,0.0,0.1875,0.13107093749999998,0.013232874999999996,0.07484600000000001
0.125,0.0,0.25,0.12147525,0.021175,0.099835875
0.125,0.0,0.3125,0.1118795625,0.029117125,0.12482575
0.125,0.0,0.375,0.102283875,0.037059249999999995,0.14981562500000004
0.125,0.0,0.4375,0.0926881875,0.045001374999999996,0.17480550000000003
0.125,0.0,0.5,0.0830925,0.0529435,0.19979537500000003
0.125,0.0,0.5625,0.0734968125,0.06088562499999999,0.22478525000000002
0.125,0.0,0.625,0.063901125,0.06882775,0.24977512500000001
0.125,0.0,0.6875,0.0543054375,0.07676987499999999,0.274765
0.125,0.0,0.75,0.04470974999999999,0.08471199999999998,0.29975487500000003
0.125,0.0,0.8125,0.0351140625,0.09265412499999999,0.32474475
0.125,0.0,0.875,0.02551837500000001,0.10059624999999998,0.349734625
0.125,0.0,0.9375,0.015922687500000005,0.10853837499999999,0.3747245
0.125,0.0,1.0,0.006326999999999999,0.11648049999999999,0.399714375
0.125,0.0625,0.0,0.1520246875,0.049261125,0.0374483125
0.125,0.0625,0.0625,0.142429,0.057203250000000004,0.0624381875
0.125,0.0625,0.125,0.1328333125,0.065145375,0.0874280625
0.125,0.0625,0.1875,0.123237625,0.0730875,0.11241793750000001
0.125,0.0625,0.25,0.11364193750000001,0.081029625,0.1374078125
0.125,0.0625,0.3125,0.10404625,0.08897175,0.1623976875
0.125,0.0625,0.375,0.0944505625,0.096913875,0.18738756250000002
0.125,0.0625,0.4375,0.08485487500000001,0.104856,0.21237743750000002
0.125,0.0625,0.5,0.0752591875,0.112798125,0.2373673125
0.125,0.0625,0.5625,0.0656635,0.12074025,0.26235718750000003
0.125,0.0625,0.625,0.05606781250000001,0.12868237500000002,0.2873470625
0.125,0.0625,0.6875,0.046472125,0.13662449999999998,0.3123369375
0.125,0.0625,0.75,0.0368764375,0.144566625,0.3373268125000001
0.125,0.0625,0.8125,0.027280750000000006,0.15250875,0.3623166875
0.125,0.0625,0.875,0.017685062500000015,0.160450875,0.38730656250000006
0.125,0.0625,0.9375,0.00808937500000001,0.16839300000000001,0.4122964375
0.125,0.0625,1.0,-0.0015063124999999955,0.17633512499999998,0.43728631250000005
0.125,0.125,0.0,0.144191375,0.10911575,0.07502025
0.125,0.125,0.0625,0.1345956875,0.11705787499999999,0.100010125
0.125,0.125,0.125,0.125,0.125,0.125
0.125,0.125,0.1875,0.11540431250000001,0.132942125,0.149989875
0.125,0.125,0.25,0.10580862500000002,0.14088425,0.17497975
0.125,0.125,0.3125,0.09621293750000001,0.148826375,0.19996962499999998
0.125,0.125,0.375,0.08661725,0.15676849999999998,0.22495950000000003
0.125,0.125,0.4375,0.07702156250000002,0.164710625,0.24994937500000003
0.125,0.125,0.5,0.06742587500000001,0.17265275,0.27493925
0.125,0.125,0.5625,0.057830187500000005,0.180594875,0.299929125
0.125,0.125,0.625,0.048234500000000013,0.188537,0.324919
0.125,0.125,0.6875,0.03863881250000001,0.19647912499999998,0.349908875
0.125,0.125,0.75,0.029043125000000003,0.20442125,0.37489875000000006
0.125,0.125,0.8125,0.01944743750000001,0.212363375,0.39988862500000005
0.125,0.125,0.875,0.00985175000000002,0.2203055,0.42487850000000005
0.125,0.125,0.9375,0.00025606250000001496,0.228247625,0.44986837500000004
0.125,0.125,1.0,-0.00933962499999999,0.23618974999999998,0.47485825000000004
0.125,0.1875,0.0,0.1363580625,0.168970375,0.1125921875
0.125,0.1875,0.0625,0.12676237499999998,0.1769125,0.1375820625
0.125,0.1875,0.125,0.11716668749999999,0.184854625,0.16257193749999999
0.125,0.1875,0.1875,0.10757099999999999,0.19279675000000002,0.1875618125
0.125,0.1875,0.25,0.0979753125,0.200738875,0.2125516875
0.125,0.1875,0.3125,0.08837962499999999,0.208681,0.2375415625
0.125,0.1875,0.375,0.07878393749999998,0.216623125,0.2625314375
0.125,0.1875,0.4375,0.06918824999999999,0.22456525,0.2875213125
0.125,0.1875,0.5,0.05959256249999999,0.23250737500000002,0.3125111875
0.125,0.1875,0.5625,0.04999687499999998,0.24044949999999998,0.3375010625
0.125,0.1875,0.625,0.04040118749999999,0.248391625,0.3624909375
0.125,0.1875,0.6875,0.030805499999999986,0.25633375,0.3874808125
0.125,0.1875,0.75,0.02120981249999998,0.264275875,0.41247068750000004
0.125,0.1875,0.8125,0.011614124999999989,0.272218,0.43746056250000004
0.125,0.1875,0.875,0.0020184374999999977,0.280160125,0.46245043750000003
0.125,0.1875,0.9375,-0.007577250000000008,0.28810225,0.48744031250000003
0.125,0.1875,1.0,-0.017172937500000013,0.296044375,0.5124301875
0.125,0.25,0.0,0.12852475,0.228825,0.150164125
0.125,0.25,0.0625,0.11892906249999999,0.236767125,0.175154
0.125,0.25,0.125,0.109333375,0.24470925,0.20014387500000003
0.125,0.25,0.1875,0.09973768749999999,0.252651375,0.22513375000000002
0.125,0.25,0.25,0.090142,0.2605935,0.250123625
0.125,0.25,0.3125,0.0805463125,0.268535625,0.2751135
0.125,0.25,0.375,0.07095062499999999,0.27647774999999997,0.30010337500000006
0.125,0.25,0.4375,0.0613549375,0.284419875,0.32509325
0.125,0.25,0.5,0.05175924999999999,0.292362,0.35008312500000005
0.125,0.25,0.5625,0.04216356249999999,0.300304125,0.375073
0.125,0.25,0.625,0.032567874999999996,0.30824625,0.40006287500000004
0.125,0.25,0.6875,0.02297218749999999,0.31618837499999997,0.42505275
0.125,0.25,0.75,0.013376499999999986,0.3241305,0.45004262500000003
0.125,0.25,0.8125,0.0037808124999999942,0.332072625,0.4750325000000001
0.125,0.25,0.875,-0.005814874999999997,0.34001475,0.500022375
0.125,0.25,0.9375,-0.015410562500000002,0.347956875,0.5250122500000001
0.125,0.25,1.0,-0.025006250000000008,0.35589899999999997,0.550002125
0.125,0.3125,0.0,0.1206914375,0.28867962500000005,0.1877360625
0.125,0.3125,0.0625,0.11109575,0.2966217500000001,0.2127259375
0.125,0.3125,0.125,0.1015000625,0.30456387500000004,0.2377158125
0.125,0.3125,0.1875,0.091904375,0.31250600000000006,0.2627056875
0.125,0.3125,0.25,0.0823086875,0.32044812500000003,0.2876955625
0.125,0.3125,0.3125,0.072713,0.32839025000000005,0.3126854375
0.125,0.3125,0.375,0.0631173125,0.336332375,0.33767531250000005
0.125,0.3125,0.4375,0.053521625,0.34427450000000004,0.3626651875
0.125,0.3125,0.5,0.0439259375,0.35221662500000006,0.38765506250000004
0.125,0.3125,0.5625,0.03433024999999999,0.36015875,0.4126449375
0.125,0.3125,0.625,0.0247345625,0.36810087500000005,0.4376348125
0.125,0.3125,0.6875,0.015138874999999996,0.376043,0.46262468749999996
0.125,0.3125,0.75,0.005543187499999991,0.38398512500000004,0.4876145625
0.125,0.3125,0.8125,-0.0040525000000000005,0.39192725000000006,0.5126044375000001
0.125,0.3125,0.875,-0.013648187499999992,0.399869375,0.5375943125
0.125,0.3125,0.9375,-0.023243874999999997,0.40781150000000005,0.5625841875
0.125,0.3125,1.0,-0.0328395625,0.415753625,0.5875740625
0.125,0.375,0.0,0.112858125,0.34853425000000005,0.225308
0.125,0.375,0.0625,0.1032624375,0.35647637500000007,0.250297875
0.125,0.375,0.125,0.09366675000000001,0.36441850000000003,0.27528775
0.125,0.375,0.1875,0.0840710625,0.37236062500000006,0.300277625
0.125,0.375,0.25,0.07447537500000001,0.38030275,0.32526750000000004
0.125,0.375,0.3125,0.0648796875,0.38824487500000004,0.350257375
0.125,0.375,0.375,0.055284,0.39618700000000007,0.37524725000000003
0.125,0.375,0.4375,0.04568831250000001,0.40412912500000003,0.400237125
0.125,0.375,0.5,0.036092625,0.41207125000000006,0.425227
0.125,0.375,0.5625,0.026496937499999998,0.420013375,0.450216875
0.125,0.375,0.625,0.016901250000000007,0.42795550000000004,0.47520675
0.125,0.375,0.6875,0.007305562500000001,0.43589762500000007,0.5001966250000001
0.125,0.375,0.75,-0.002290125000000004,0.44383975000000003,0.5251865
0.125,0.375,0.8125,-0.011885812499999995,0.45178187500000005,0.550176375
0.125,0.375,0.875,-0.021481499999999987,0.459724,0.5751662500000001
0.125,0.375,0.9375,-0.031077187499999992,0.46766612500000004,0.600156125
0.125,0.375,1.0,-0.040672875,0.47560825000000007,0.625146
0.125,0.4375,0.0,0.10502481250000001,0.40838887500000004,0.2628799375
0.125,0.4375,0.0625,0.095429125,0.41633100000000006,0.2878698125
0.125,0.4375,0.125,0.08583343750000001,0.42427312500000003,0.3128596875
0.125,0.4375,0.1875,0.07623775,0.43221525000000005,0.3378495625
0.125,0.4375,0.25,0.06664206250000002,0.440157375,0.36283943750000003
0.125,0.4375,0.3125,0.05704637500000001,0.44809950000000004,0.38782931249999997
0.125,0.4375,0.375,0.047450687500000005,0.456041625,0.4128191875
0.125,0.4375,0.4375,0.037855000000000014,0.46398375000000003,0.4378090625
0.125,0.4375,0.5,0.02825931250000001,0.47192587500000005,0.4627989375
0.125,0.4375,0.5625,0.018663625000000003,0.479868,0.4877888125
0.125,0.4375,0.625,0.009067937500000012,0.48781012500000004,0.5127786875
0.125,0.4375,0.6875,-0.0005277499999999935,0.49575225,0.5377685624999999
0.125,0.4375,0.75,-0.010123437499999999,0.503694375,0.5627584375000001
0.125,0.4375,0.8125,-0.01971912499999999,0.5116365,0.5877483125
0.125,0.4375,0.875,-0.02931481249999998,0.5195786250000001,0.6127381875
0.125,0.4375,0.9375,-0.03891049999999999,0.5275207500000001,0.6377280625
0.125,0.4375,1.0,-0.04850618749999999,0.535462875,0.6627179375000001
0.125,0.5,0.0,0.0971915,0.46824350000000003,0.300451875
0.125,0.5,0.0625,0.0875958125,0.47618562500000006,0.32544175
0.125,0.5,0.125,0.078000125,0.48412775,0.35043162499999997
0.125,0.5,0.1875,0.0684044375,0.49206987500000005,0.37542149999999996
0.125,0.5,0.25,0.05880875,0.500012,0.400411375
0.125,0.5,0.3125,0.0492130625,0.507954125,0.42540124999999995
0.125,0.5,0.375,0.039617374999999996,0.5158962500000001,0.450391125
0.125,0.5,0.4375,0.030021687500000005,0.5238383750000001,0.475381
0.125,0.5,0.5,0.020426,0.5317805,0.500370875
0.125,0.5,0.5625,0.010830312499999994,0.539722625,0.5253607499999999
0.125,0.5,0.625,0.001234625000000003,0.54766475,0.550350625
0.125,0.5,0.6875,-0.008361062500000002,0.5556068750000001,0.5753405
0.125,0.5,0.75,-0.017956750000000007,0.5635490000000001,0.600330375
0.125,0.5,0.8125,-0.0275524375,0.571491125,0.62532025
0.125,0.5,0.875,-0.03714812499999999,0.57943325,0.6503101250000001
0.125,0.5,0.9375,-0.046743812499999995,0.587375375,0.6753
0.125,0.5,1.0,-0.0563395,0.5953175,0.700289875
0.125,0.5625,0.0,0.0893581875,0.528098125,0.33802381249999996
0.125,0.5625,0.0625,0.0797625,0.53604025,0.36301368749999996
0.125,0.5625,0.125,0.07016681250000001,0.543982375,0.38800356249999995
0.125,0.5625,0.1875,0.060571125,0.5519244999999999,0.41299343749999995
0.125,0.5625,0.25,0.050975437500000005,0.559866625,0.4379833125
0.125,0.5625,0.3125,0.04137975000000001,0.56780875,0.46297318749999994
0.125,0.5625,0.375,0.0317840625,0.575750875,0.4879630625
0.125,0.5625,0.4375,0.02218837500000001,0.583693,0.5129529374999999
0.125,0.5625,0.5,0.012592687500000005,0.5916351249999999,0.5379428125
0.125,0.5625,0.5625,0.0029969999999999997,0.59957725,0.5629326875
0.125,0.5625,0.625,-0.006598687499999992,0.607519375,0.5879225625
0.125,0.5625,0.6875,-0.016194374999999997,0.6154615,0.6129124374999999
0.125,0.5625,0.75,-0.025790062500000002,0.6234036249999999,0.6379023125000001
0.125,0.5625,0.8125,-0.035385749999999994,0.6313457499999999,0.6628921875
0.125,0.5625,0.875,-0.044981437499999985,0.639287875,0.6878820625
0.125,0.5625,0.9375,-0.05457712499999999,0.64723,0.7128719375
0.125,0.5625,1.0,-0.0641728125,0.655172125,0.7378618125
0.125,0.625,0.0,0.081524875,0.58795275,0.37559574999999995
0.125,0.625,0.0625,0.07192918749999999,0.595894875,0.40058562499999995
0.125,0.625,0.125,0.0623335,0.6038370000000001,0.42557549999999994
0.125,0.625,0.1875,0.052737812499999995,0.611779125,0.45056537499999993
0.125,0.625,0.25,0.043142124999999996,0.61972125,0.47555525
0.125,0.625,0.3125,0.0335464375,0.627663375,0.5005451249999999
0.125,0.625,0.375,0.023950749999999993,0.6356055,0.525535
0.125,0.625,0.4375,0.014355062500000002,0.6435476250000001,0.550524875
0.125,0.625,0.5,0.004759374999999996,0.65148975,0.57551475
0.125,0.625,0.5625,-0.004836312500000009,0.659431875,0.6005046249999999
0.125,0.625,0.625,-0.014432,0.667374,0.6254945
0.125,0.625,0.6875,-0.024027687500000006,0.675316125,0.650484375
0.125,0.625,0.75,-0.03362337500000001,0.68325825,0.6754742499999999
0.125,0.625,0.8125,-0.0432190625,0.691200375,0.700464125
0.125,0.625,0.875,-0.052814749999999994,0.6991425,0.725454
0.125,0.625,0.9375,-0.0624104375,0.707084625,0.750443875
0.125,0.625,1.0,-0.072006125,0.71502675,0.7754337499999999
0.125,0.6875,0.0,0.0736915625,0.647807375,0.4131676875
0.125,0.6875,0.0625,0.064095875,0.6557495,0.4381575625
0.125,0.6875,0.125,0.054500187500000005,0.663691625,0.4631474375
0.125,0.6875,0.1875,0.0449045,0.6716337499999999,0.48813731250000003
0.125,0.6875,0.25,0.0353088125,0.6795758749999999,0.5131271875
0.125,0.6875,0.3125,0.025713125000000003,0.687518,0.5381170625
0.125,0.6875,0.375,0.016117437499999998,0.695460125,0.5631069375
0.125,0.6875,0.4375,0.006521750000000007,0.70340225,0.5880968125
0.125,0.6875,0.5,-0.0030739374999999985,0.7113443749999999,0.6130866875000001
0.125,0.6875,0.5625,-0.012669625000000004,0.7192864999999999,0.6380765625
0.125,0.6875,0.625,-0.022265312499999995,0.727228625,0.6630664374999999
0.125,0.6875,0.6875,-0.031861,0.73517075,0.6880563125
0.125,0.6875,0.75,-0.041456687500000006,0.743112875,0.7130461875
0.125,0.6875,0.8125,-0.051052375,0.7510549999999999,0.7380360625
0.125,0.6875,0.875,-0.06064806249999999,0.7589971249999999,0.7630259375
0.125,0.6875,0.9375,-0.07024375,0.76693925,0.7880158125000001
0.125,0.6875,1.0,-0.0798394375,0.774881375,0.8130056875
0.125,0.75,0.0,0.06585825000000001,0.707662,0.450739625
0.125,0.75,0.0625,0.05626256250000001,0.715604125,0.47572949999999997
0.125,0.75,0.125,0.04666687500000001,0.7235462500000001,0.500719375
0.125,0.75,0.1875,0.037071187500000005,0.731488375,0.52570925
0.125,0.75,0.25,0.027475500000000007,0.7394305,0.550699125
0.125,0.75,0.3125,0.01787981250000001,0.747372625,0.575689
0.125,0.75,0.375,0.008284125000000003,0.75531475,0.6006788750000001
0.125,0.75,0.4375,-0.001311562499999988,0.7632568750000001,0.62566875
0.125,0.75,0.5,-0.010907249999999993,0.771199,0.6506586249999999
0.125,0.75,0.5625,-0.0205029375,0.779141125,0.6756485
0.125,0.75,0.625,-0.03009862499999999,0.78708325,0.700638375
0.125,0.75,0.6875,-0.039694312499999995,0.795025375,0.72562825
0.125,0.75,0.75,-0.04929,0.8029675000000001,0.750618125
0.125,0.75,0.8125,-0.05888568749999999,0.810909625,0.7756080000000001
0.125,0.75,0.875,-0.06848137499999998,0.81885175,0.800597875
0.125,0.75,0.9375,-0.07807706249999999,0.826793875,0.82558775
0.125,0.75,1.0,-0.08767275,0.834736,0.850577625
0.125,0.8125,0.0,0.0580249375,0.767516625,0.48831156249999996
0.125,0.8125,0.0625,0.04842925,0.77545875,0.5133014375
0.125,0.8125,0.125,0.0388335625,0.783400875,0.5382913125
0.125,0.8125,0.1875,0.029237874999999997,0.7913429999999999,0.5632811875
0.125,0.8125,0.25,0.019642187499999998,0.7992851249999999,0.5882710624999999
0.125,0.8125,0.3125,0.0100465,0.80722725,0.6132609375
0.125,0.8125,0.375,0.0004508124999999946,0.815169375,0.6382508124999999
0.125,0.8125,0.4375,-0.009144874999999997,0.8231115,0.6632406875
0.125,0.8125,0.5,-0.018740562500000002,0.8310536249999999,0.6882305625
0.125,0.8125,0.5625,-0.028336250000000007,0.8389957499999999,0.7132204375
0.125,0.8125,0.625,-0.0379319375,0.846937875,0.7382103124999999
0.125,0.8125,0.6875,-0.047527625000000004,0.85488,0.7632001875
0.125,0.8125,0.75,-0.05712331250000001,0.8628221249999999,0.7881900625
0.125,0.8125,0.8125,-0.066719,0.8707642499999999,0.8131799375
0.125,0.8125,0.875,-0.07631468749999999,0.8787063749999999,0.8381698125
0.125,0.8125,0.9375,-0.085910375,0.8866485,0.8631596875
0.125,0.8125,1.0,-0.0955060625,0.894590625,0.8881495625
0.125,0.875,0.0,0.050191625000000004,0.82737125,0.5258835000000001
0.125,0.875,0.0625,0.040595937500000005,0.835313375,0.5508733750000001
0.125,0.875,0.125,0.031000250000000003,0.8432555,0.57586325
0.125,0.875,0.1875,0.0214045625,0.851197625,0.6008531250000001
0.125,0.875,0.25,0.011808875000000003,0.85913975,0.625843
0.125,0.875,0.3125,0.002213187500000005,0.867081875,0.6508328750000001
0.125,0.875,0.375,-0.0073825,0.875024,0.67582275
0.125,0.875,0.4375,-0.01697818749999999,0.882966125,0.7008126250000001
0.125,0.875,0.5,-0.026573874999999997,0.89090825,0.7258025000000001
0.125,0.875,0.5625,-0.0361695625,0.898850375,0.7507923750000001
0.125,0.875,0.625,-0.04576524999999999,0.9067925,0.77578225
0.125,0.875,0.6875,-0.0553609375,0.914734625,0.8007721250000001
0.125,0.875,0.75,-0.064956625,0.9226767499999999,0.8257620000000001
0.125,0.875,0.8125,-0.0745523125,0.930618875,0.850751875
0.125,0.875,0.875,-0.08414799999999999,0.938561,0.8757417500000001
0.125,0.875,0.9375,-0.09374368749999999,0.946503125,0.9007316250000001
0.125,0.875,1.0,-0.103339375,0.95444525,0.9257215000000001
0.125,0.9375,0.0,0.042358312499999995,0.8872258749999999,0.5634554375
0.125,0.9375,0.0625,0.032762625,0.895168,0.5884453125000001
0.125,0.9375,0.125,0.023166937499999995,0.903110125,0.6134351875
0.125,0.9375,0.1875,0.013571249999999993,0.9110522499999999,0.6384250625000001
0.125,0.9375,0.25,0.003975562499999995,0.9189943749999999,0.6634149375
0.125,0.9375,0.3125,-0.005620125000000004,0.9269364999999999,0.6884048125000001
0.125,0.9375,0.375,-0.015215812500000009,0.934878625,0.7133946875000001
0.125,0.9375,0.4375,-0.0248115,0.94282075,0.7383845625000001
0.125,0.9375,0.5,-0.034407187500000005,0.9507628749999999,0.7633744375
0.125,0.9375,0.5625,-0.04400287500000001,0.9587049999999999,0.7883643125
0.125,0.9375,0.625,-0.0535985625,0.9666471249999999,0.8133541875000001
0.125,0.9375,0.6875,-0.06319425000000001,0.97458925,0.8383440625
0.125,0.9375,0.75,-0.07278993750000001,0.982531375,0.8633339375000001
0.125,0.9375,0.8125,-0.082385625,0.9904734999999999,0.8883238125000001
0.125,0.9375,0.875,-0.0919813125,0.9984156249999999,0.9133136875000001
0.125,0.9375,0.9375,-0.101577,1.0063577499999998,0.9383035625
0.125,0.9375,1.0,-0.1111726875,1.0142998749999999,0.9632934375000001
0.125,1.0,0.0,0.034525,0.9470805,0.601027375
0.125,1.0,0.0625,0.024929312500000002,0.955022625,0.6260172500000001
0.125,1.0,0.125,0.015333625,0.96296475,0.651007125
0.125,1.0,0.1875,0.005737937499999998,0.970906875,0.6759970000000001
0.125,1.0,0.25,-0.00385775,0.978849,0.700986875
0.125,1.0,0.3125,-0.013453437499999998,0.986791125,0.7259767500000001
0.125,1.0,0.375,-0.023049125000000004,0.99473325,0.750966625
0.125,1.0,0.4375,-0.032644812499999995,1.002675375,0.7759565
0.125,1.0,0.5,-0.0422405,1.0106175,0.8009463750000001
0.125,1.0,0.5625,-0.051836187500000006,1.018559625,0.82593625
0.125,1.0,0.625,-0.061431875,1.02650175,0.850926125
0.125,1.0,0.6875,-0.0710275625,1.034443875,0.875916
0.125,1.0,0.75,-0.08062325000000001,1.042386,0.9009058750000001
0.125,1.0,0.8125,-0.0902189375,1.050328125,0.92589575
0.125,1.0,0.875,-0.09981462499999999,1.05827025,0.9508856250000001
0.125,1.0,0.9375,-0.1094103125,1.066212375,0.9758755000000001
0.125,1.0,1.0,-0.119006,1.0741545,1.000865375
0.1875,0.0,0.0,0.239787,-0.01589025,-0.0001854375
0.1875,0.0,0.0625,0.2301913125,-0.007948125000000002,0.024804437500000002
0.1875,0.0,0.125,0.220595625,-6.000000000002531e-06,0.0497943125
0.1875,0.0,0.1875,0.2109999375,0.007936124999999995,0.07478418750000002
0.1875,0.0,0.25,0.20140425,0.015878249999999997,0.09977406250000001
0.1875,0.0,0.3125,0.1918085625,0.023820374999999998,0.1247639375
0.1875,0.0,0.375,0.182212875,0.03176249999999999,0.14975381250000003
0.1875,0.0,0.4375,0.1726171875,0.03970462499999999,0.17474368750000002
0.1875,0.0,0.5,0.16302149999999999,0.047646749999999995,0.19973356250000002
0.1875,0.0,0.5625,0.15342581249999998,0.05558887499999999,0.2247234375
0.1875,0.0,0.625,0.143830125,0.063531,0.2497133125
0.1875,0.0,0.6875,0.1342344375,0.071473125,0.2747031875
0.1875,0.0,0.75,0.12463874999999999,0.07941524999999999,0.29969306250000005
0.1875,0.0,0.8125,0.1150430625,0.08735737499999999,0.32468293750000005
0.1875,0.0,0.875,0.10544737500000001,0.09529949999999998,0.34967281250000004
0.1875,0.0,0.9375,0.0958516875,0.103241625,0.37466268750000004
0.1875,0.0,1.0,0.086256,0.11118375,0.39965256250000003
0.1875,0.0625,0.0,0.2319536875,0.043964375,0.037386499999999996
0.1875,0.0625,0.0625,0.222358,0.0519065,0.062376375
0.1875,0.0625,0.125,0.2127623125,0.059848625,0.08736625
0.1875,0.0625,0.1875,0.203166625,0.06779075,0.112356125
0.1875,0.0625,0.25,0.1935709375,0.075732875,0.137346
0.1875,0.0625,0.3125,0.18397525,0.083675,0.162335875
0.1875,0.0625,0.375,0.1743795625,0.091617125,0.18732575
0.1875,0.0625,0.4375,0.16478387500000002,0.09955924999999999,0.212315625
0.1875,0.0625,0.5,0.15518818750000002,0.107501375,0.2373055
0.1875,0.0625,0.5625,0.1455925,0.11544349999999999,0.262295375
0.1875,0.0625,0.625,0.1359968125,0.123385625,0.28728525
0.1875,0.0625,0.6875,0.126401125,0.13132775,0.312275125
0.1875,0.0625,0.75,0.1168054375,0.139269875,0.33726500000000004
0.1875,0.0625,0.8125,0.10720975,0.147212,0.36225487500000003
0.1875,0.0625,0.875,0.09761406250000002,0.15515412499999998,0.38724475
0.1875,0.0625,0.9375,0.08801837500000001,0.16309625,0.412234625
0.1875,0.0625,1.0,0.0784226875,0.171038375,0.4372245
0.1875,0.125,0.0,0.224120375,0.103819,0.0749584375
0.1875,0.125,0.0625,0.2145246875,0.11176112499999999,0.0999483125
0.1875,0.125,0.125,0.204929,0.11970325,0.1249381875
0.1875,0.125,0.1875,0.19533331250000002,0.127645375,0.14992806250000001
0.1875,0.125,0.25,0.18573762500000002,0.1355875,0.1749179375
0.1875,0.125,0.3125,0.1761419375,0.143529625,0.1999078125
0.1875,0.125,0.375,0.16654625,0.15147175,0.22489768750000003
0.1875,0.125,0.4375,0.1569505625,0.15941387499999998,0.24988756250000002
0.1875,0.125,0.5,0.147354875,0.167356,0.27487743750000004
0.1875,0.125,0.5625,0.1377591875,0.17529812499999997,0.2998673125
0.1875,0.125,0.625,0.1281635,0.18324025,0.32485718750000003
0.1875,0.125,0.6875,0.11856781250000001,0.191182375,0.3498470625
0.1875,0.125,0.75,0.108972125,0.19912449999999998,0.3748369375
0.1875,0.125,0.8125,0.09937643750000001,0.207066625,0.3998268125000001
0.1875,0.125,0.875,0.08978075000000002,0.21500874999999997,0.4248166875
0.1875,0.125,0.9375,0.08018506250000002,0.222950875,0.44980656250000006
0.1875,0.125,1.0,0.07058937500000001,0.230893,0.4747964375
0.1875,0.1875,0.0,0.21628706250000002,0.16367362500000002,0.112530375
0.1875,0.1875,0.0625,0.206691375,0.17161575,0.13752025
0.1875,0.1875,0.125,0.1970956875,0.179557875,0.162510125
0.1875,0.1875,0.1875,0.1875,0.1875,0.1875
0.1875,0.1875,0.25,0.17790431250000002,0.19544212500000002,0.212489875
0.1875,0.1875,0.3125,0.16830862500000002,0.20338425000000002,0.23747975
0.1875,0.1875,0.375,0.1587129375,0.211326375,0.26246962500000004
0.1875,0.1875,0.4375,0.14911725000000003,0.2192685,0.28745950000000003
0.1875,0.1875,0.5,0.13952156250000003,0.227210625,0.31244937500000003
0.1875,0.1875,0.5625,0.12992587500000002,0.23515275000000002,0.33743925
0.1875,0.1875,0.625,0.12033018750000002,0.24309487500000002,0.362429125
0.1875,0.1875,0.6875,0.11073450000000001,0.251037,0.387419
0.1875,0.1875,0.75,0.10113881250000001,0.258979125,0.41240887500000006
0.1875,0.1875,0.8125,0.09154312500000002,0.26692125,0.43739875000000006
0.1875,0.1875,0.875,0.08194743750000003,0.274863375,0.46238862500000005
0.1875,0.1875,0.9375,0.07235175000000002,0.28280550000000004,0.48737850000000005
0.1875,0.1875,1.0,0.06275606250000001,0.290747625,0.512368375
0.1875,0.25,0.0,0.20845375,0.22352825,0.1501023125
0.1875,0.25,0.0625,0.1988580625,0.231470375,0.1750921875
0.1875,0.25,0.125,0.18926237499999998,0.2394125,0.2000820625
0.1875,0.25,0.1875,0.17966668749999998,0.247354625,0.2250719375
0.1875,0.25,0.25,0.170071,0.25529675,0.25006181250000004
0.1875,0.25,0.3125,0.1604753125,0.263238875,0.2750516875
0.1875,0.25,0.375,0.150879625,0.271181,0.3000415625
0.1875,0.25,0.4375,0.1412839375,0.279123125,0.3250314375
0.1875,0.25,0.5,0.13168825,0.28706525,0.3500213125
0.1875,0.25,0.5625,0.12209256249999999,0.295007375,0.3750111875
0.1875,0.25,0.625,0.112496875,0.3029495,0.4000010625
0.1875,0.25,0.6875,0.10290118749999999,0.310891625,0.4249909375
0.1875,0.25,0.75,0.09330549999999999,0.31883375,0.44998081250000005
0.1875,0.25,0.8125,0.0837098125,0.326775875,0.47497068750000004
0.1875,0.25,0.875,0.074114125,0.334718,0.49996056250000004
0.1875,0.25,0.9375,0.0645184375,0.342660125,0.5249504375
0.1875,0.25,1.0,0.05492274999999999,0.35060225,0.5499403125
0.1875,0.3125,0.0,0.2006204375,0.28338287500000003,0.18767425
0.1875,0.3125,0.0625,0.19102475,0.29132500000000006,0.21266412499999998
0.1875,0.3125,0.125,0.1814290625,0.299267125,0.23765399999999998
0.1875,0.3125,0.1875,0.171833375,0.30720925000000004,0.26264387499999997
0.1875,0.3125,0.25,0.1622376875,0.315151375,0.28763375
0.1875,0.3125,0.3125,0.152642,0.32309350000000003,0.31262362499999996
0.1875,0.3125,0.375,0.1430463125,0.33103562500000006,0.3376135
0.1875,0.3125,0.4375,0.133450625,0.33897775,0.362603375
0.1875,0.3125,0.5,0.1238549375,0.34691987500000004,0.38759325
0.1875,0.3125,0.5625,0.11425924999999999,0.354862,0.412583125
0.1875,0.3125,0.625,0.1046635625,0.36280412500000003,0.437573
0.1875,0.3125,0.6875,0.095067875,0.37074625000000005,0.462562875
0.1875,0.3125,0.75,0.08547218749999999,0.378688375,0.48755275000000003
0.1875,0.3125,0.8125,0.0758765,0.38663050000000004,0.512542625
0.1875,0.3125,0.875,0.06628081250000001,0.394572625,0.5375325
0.1875,0.3125,0.9375,0.056685125,0.40251475000000003,0.562522375
0.1875,0.3125,1.0,0.0470894375,0.41045687500000005,0.5875122500000001
0.1875,0.375,0.0,0.192787125,0.34323750000000003,0.2252461875
0.1875,0.375,0.0625,0.1831914375,0.35117962500000005,0.2502360625
0.1875,0.375,0.125,0.17359575,0.35912175,0.2752259375
0.1875,0.375,0.1875,0.1640000625,0.36706387500000004,0.3002158125
0.1875,0.375,0.25,0.154404375,0.375006,0.3252056875
0.1875,0.375,0.3125,0.1448086875,0.38294812500000003,0.3501955625
0.1875,0.375,0.375,0.135213,0.39089025,0.3751854375
0.1875,0.375,0.4375,0.12561731250000002,0.398832375,0.40017531250000005
0.1875,0.375,0.5,0.116021625,0.40677450000000004,0.4251651875
0.1875,0.375,0.5625,0.1064259375,0.414716625,0.45015506250000004
0.1875,0.375,0.625,0.09683025,0.42265875,0.4751449375
0.1875,0.375,0.6875,0.0872345625,0.430600875,0.5001348125
0.1875,0.375,0.75,0.077638875,0.438543,0.5251246875000001
0.1875,0.375,0.8125,0.0680431875,0.44648512500000004,0.5501145625
0.1875,0.375,0.875,0.05844750000000001,0.45442725,0.5751044375000001
0.1875,0.375,0.9375,0.04885181250000001,0.462369375,0.6000943125
0.1875,0.375,1.0,0.039256125,0.4703115,0.6250841875
0.1875,0.4375,0.0,0.1849538125,0.403092125,0.262818125
0.1875,0.4375,0.0625,0.175358125,0.41103425000000005,0.287808
0.1875,0.4375,0.125,0.1657624375,0.418976375,0.312797875
0.1875,0.4375,0.1875,0.15616675000000002,0.42691850000000003,0.33778775000000005
0.1875,0.4375,0.25,0.14657106250000002,0.434860625,0.362777625
0.1875,0.4375,0.3125,0.136975375,0.44280275,0.38776750000000004
0.1875,0.4375,0.375,0.1273796875,0.45074487500000004,0.41275737500000004
0.1875,0.4375,0.4375,0.11778400000000001,0.458687,0.43774725000000003
0.1875,0.4375,0.5,0.10818831250000001,0.46662912500000003,0.462737125
0.1875,0.4375,0.5625,0.098592625,0.47457125,0.487727
0.1875,0.4375,0.625,0.08899693750000001,0.482513375,0.512716875
0.1875,0.4375,0.6875,0.07940125,0.49045550000000004,0.53770675
0.1875,0.4375,0.75,0.0698055625,0.498397625,0.5626966250000001
0.1875,0.4375,0.8125,0.06020987500000001,0.50633975,0.5876865
0.1875,0.4375,0.875,0.05061418750000002,0.514281875,0.612676375
0.1875,0.4375,0.9375,0.04101850000000001,0.522224,0.6376662500000001
0.1875,0.4375,1.0,0.03142281250000001,0.530166125,0.662656125
0.1875,0.5,0.0,0.17712050000000001,0.46294675,0.3003900625
0.1875,0.5,0.0625,0.1675248125,0.47088887500000004,0.3253799375
0.1875,0.5,0.125,0.157929125,0.478831,0.3503698125
0.1875,0.5,0.1875,0.1483334375,0.48677312500000003,0.37535968750000004
0.1875,0.5,0.25,0.13873775000000002,0.49471525,0.4003495625
0.1875,0.5,0.3125,0.12914206250000002,0.5026573750000001,0.42533943750000003
0.1875,0.5,0.375,0.11954637500000001,0.5105995,0.4503293125
0.1875,0.5,0.4375,0.10995068750000002,0.518541625,0.4753191875
0.1875,0.5,0.5,0.10035500000000001,0.52648375,0.5003090625
0.1875,0.5,0.5625,0.09075931250000001,0.534425875,0.5252989375
0.1875,0.5,0.625,0.08116362500000002,0.542368,0.5502888125000001
0.1875,0.5,0.6875,0.07156793750000001,0.550310125,0.5752786875
0.1875,0.5,0.75,0.061972250000000006,0.55825225,0.6002685625
0.1875,0.5,0.8125,0.052376562500000015,0.566194375,0.6252584375000001
0.1875,0.5,0.875,0.042780875000000024,0.5741365,0.6502483125
0.1875,0.5,0.9375,0.03318518750000002,0.5820786250000001,0.6752381875
0.1875,0.5,1.0,0.023589500000000013,0.59002075,0.7002280625
0.1875,0.5625,0.0,0.1692871875,0.522801375,0.337962
0.1875,0.5625,0.0625,0.1596915,0.5307435,0.362951875
0.1875,0.5625,0.125,0.15009581249999998,0.5386856250000001,0.38794175
0.1875,0.5625,0.1875,0.14050012499999998,0.54662775,0.412931625
0.1875,0.5625,0.25,0.1309044375,0.554569875,0.43792149999999996
0.1875,0.5625,0.3125,0.12130874999999999,0.562512,0.462911375
0.1875,0.5625,0.375,0.11171306249999999,0.570454125,0.48790125
0.1875,0.5625,0.4375,0.102117375,0.5783962500000001,0.512891125
0.1875,0.5625,0.5,0.09252168749999999,0.586338375,0.537881
0.1875,0.5625,0.5625,0.08292599999999999,0.5942805,0.562870875
0.1875,0.5625,0.625,0.0733303125,0.602222625,0.5878607499999999
0.1875,0.5625,0.6875,0.06373462499999999,0.61016475,0.612850625
0.1875,0.5625,0.75,0.054138937499999984,0.6181068750000001,0.6378405
0.1875,0.5625,0.8125,0.04454324999999999,0.626049,0.662830375
0.1875,0.5625,0.875,0.0349475625,0.633991125,0.68782025
0.1875,0.5625,0.9375,0.025351874999999996,0.64193325,0.7128101250000001
0.1875,0.5625,1.0,0.01575618749999999,0.649875375,0.7378
0.1875,0.625,0.0,0.161453875,0.5826560000000001,0.37553393749999997
0.1875,0.625,0.0625,0.1518581875,0.5905981250000001,0.40052381249999996
0.1875,0.625,0.125,0.1422625,0.5985402500000001,0.42551368749999996
0.1875,0.625,0.1875,0.1326668125,0.606482375,0.4505035625
0.1875,0.625,0.25,0.123071125,0.6144245,0.47549343749999995
0.1875,0.625,0.3125,0.1134754375,0.6223666250000001,0.5004833125
0.1875,0.625,0.375,0.10387974999999999,0.6303087500000001,0.5254731875
0.1875,0.625,0.4375,0.0942840625,0.6382508750000001,0.5504630625
0.1875,0.625,0.5,0.084688375,0.646193,0.5754529374999999
0.1875,0.625,0.5625,0.07509268749999999,0.654135125,0.6004428125
0.1875,0.625,0.625,0.065497,0.6620772500000001,0.6254326875
0.1875,0.625,0.6875,0.055901312499999994,0.6700193750000001,0.6504225625
0.1875,0.625,0.75,0.04630562499999999,0.6779615000000001,0.6754124375
0.1875,0.625,0.8125,0.0367099375,0.685903625,0.7004023125000001
0.1875,0.625,0.875,0.027114250000000006,0.69384575,0.7253921875
0.1875,0.625,0.9375,0.0175185625,0.7017878750000001,0.7503820625
0.1875,0.625,1.0,0.007922874999999996,0.7097300000000001,0.7753719375
0.1875,0.6875,0.0,0.1536205625,0.642510625,0.413105875
0.1875,0.6875,0.0625,0.144024875,0.65045275,0.43809575
0.1875,0.6875,0.125,0.1344291875,0.658394875,0.463085625
0.1875,0.6875,0.1875,0.1248335,0.666337,0.4880755
0.1875,0.6875,0.25,0.11523781250000001,0.674279125,0.513065375
0.1875,0.6875,0.3125,0.105642125,0.68222125,0.53805525
0.1875,0.6875,0.375,0.0960464375,0.690163375,0.563045125
0.1875,0.6875,0.4375,0.08645075,0.6981055,0.5880350000000001
0.1875,0.6875,0.5,0.0768550625,0.706047625,0.613024875
0.1875,0.6875,0.5625,0.067259375,0.71398975,0.63801475
0.1875,0.6875,0.625,0.057663687500000005,0.721931875,0.663004625
0.1875,0.6875,0.6875,0.048068,0.729874,0.6879945000000001
0.1875,0.6875,0.75,0.038472312499999994,0.7378161249999999,0.712984375
0.1875,0.6875,0.8125,0.028876625000000003,0.74575825,0.73797425
0.1875,0.6875,0.875,0.01928093750000001,0.753700375,0.7629641250000001
0.1875,0.6875,0.9375,0.009685250000000006,0.7616425,0.787954
0.1875,0.6875,1.0,8.95625000000011e-05,0.769584625,0.812943875
0.1875,0.75,0.0,0.14578725,0.70236525,0.4506778125
0.1875,0.75,0.0625,0.1361915625,0.7103073750000001,0.4756676875
0.1875,0.75,0.125,0.126595875,0.7182495000000001,0.5006575625
0.1875,0.75,0.1875,0.1170001875,0.726191625,0.5256474375
0.1875,0.75,0.25,0.10740450000000001,0.73413375,0.5506373125
0.1875,0.75,0.3125,0.09780881250000001,0.742075875,0.5756271875
0.1875,0.75,0.375,0.088213125,0.7500180000000001,0.6006170625
0.1875,0.75,0.4375,0.07861743750000001,0.7579601250000001,0.6256069375
0.1875,0.75,0.5,0.06902175,0.76590225,0.6505968125
0.1875,0.75,0.5625,0.0594260625,0.773844375,0.6755866875000001
0.1875,0.75,0.625,0.04983037500000001,0.7817865,0.7005765625
0.1875,0.75,0.6875,0.040234687500000005,0.7897286250000001,0.7255664374999999
0.1875,0.75,0.75,0.030639,0.79767075,0.7505563125000001
0.1875,0.75,0.8125,0.021043312500000008,0.805612875,0.7755461875
0.1875,0.75,0.875,0.011447625000000017,0.813555,0.8005360625
0.1875,0.75,0.9375,0.0018519375000000116,0.821497125,0.8255259375
0.1875,0.75,1.0,-0.007743749999999994,0.8294392500000001,0.8505158125000001
0.1875,0.8125,0.0,0.1379539375,0.762219875,0.48824975
0.1875,0.8125,0.0625,0.12835825,0.770162,0.513239625
0.1875,0.8125,0.125,0.11876256250000002,0.778104125,0.5382295
0.1875,0.8125,0.1875,0.10916687500000001,0.78604625,0.563219375
0.1875,0.8125,0.25,0.09957118750000002,0.793988375,0.58820925
0.1875,0.8125,0.3125,0.08997550000000001,0.8019305,0.613199125
0.1875,0.8125,0.375,0.08037981250000001,0.809872625,0.638189
0.1875,0.8125,0.4375,0.07078412500000002,0.81781475,0.6631788750000001
0.1875,0.8125,0.5,0.06118843750000001,0.825756875,0.68816875
0.1875,0.8125,0.5625,0.05159275000000001,0.833699,0.7131586249999999
0.1875,0.8125,0.625,0.041997062500000015,0.841641125,0.7381485
0.1875,0.8125,0.6875,0.03240137500000001,0.84958325,0.763138375
0.1875,0.8125,0.75,0.022805687500000005,0.857525375,0.78812825
0.1875,0.8125,0.8125,0.013210000000000013,0.8654675,0.813118125
0.1875,0.8125,0.875,0.003614312500000022,0.873409625,0.8381080000000001
0.1875,0.8125,0.9375,-0.005981374999999983,0.88135175,0.863097875
0.1875,0.8125,1.0,-0.015577062499999988,0.889293875,0.88808775
0.1875,0.875,0.0,0.130120625,0.8220745,0.5258216875
0.1875,0.875,0.0625,0.12052493749999998,0.8300166250000001,0.5508115625000001
0.1875,0.875,0.125,0.11092925,0.8379587500000001,0.5758014375
0.1875,0.875,0.1875,0.10133356249999999,0.845900875,0.6007913125000001
0.1875,0.875,0.25,0.091737875,0.853843,0.6257811875
0.1875,0.875,0.3125,0.08214218749999999,0.861785125,0.6507710625
0.1875,0.875,0.375,0.07254649999999999,0.8697272500000001,0.6757609375
0.1875,0.875,0.4375,0.0629508125,0.8776693750000001,0.7007508125
0.1875,0.875,0.5,0.05335512499999999,0.8856115,0.7257406875000001
0.1875,0.875,0.5625,0.043759437499999984,0.893553625,0.7507305625
0.1875,0.875,0.625,0.03416374999999999,0.90149575,0.7757204375
0.1875,0.875,0.6875,0.024568062499999987,0.9094378750000001,0.8007103125
0.1875,0.875,0.75,0.014972374999999982,0.9173800000000001,0.8257001875000001
0.1875,0.875,0.8125,0.005376687499999991,0.925322125,0.8506900625
0.1875,0.875,0.875,-0.0042190000000000005,0.93326425,0.8756799375000001
0.1875,0.875,0.9375,-0.013814687500000006,0.941206375,0.9006698125000001
0.1875,0.875,1.0,-0.02341037500000001,0.9491485000000001,0.9256596875
0.1875,0.9375,0.0,0.1222873125,0.881929125,0.563393625
0.1875,0.9375,0.0625,0.11269162499999999,0.88987125,0.5883835000000001
0.1875,0.9375,0.125,0.1030959375,0.897813375,0.613373375
0.1875,0.9375,0.1875,0.09350025,0.9057554999999999,0.63836325
0.1875,0.9375,0.25,0.0839045625,0.913697625,0.663353125
0.1875,0.9375,0.3125,0.074308875,0.92163975,0.688343
0.1875,0.9375,0.375,0.06471318749999999,0.929581875,0.7133328750000001
0.1875,0.9375,0.4375,0.0551175,0.937524,0.73832275
0.1875,0.9375,0.5,0.045521812499999995,0.9454661249999999,0.763312625
0.1875,0.9375,0.5625,0.03592612499999999,0.95340825,0.7883025
0.1875,0.9375,0.625,0.026330437499999998,0.961350375,0.8132923750000001
0.1875,0.9375,0.6875,0.016734749999999993,0.9692925,0.83828225
0.1875,0.9375,0.75,0.007139062499999987,0.9772346249999999,0.8632721250000001
0.1875,0.9375,0.8125,-0.002456625000000004,0.9851767499999999,0.8882620000000001
0.1875,0.9375,0.875,-0.012052312499999995,0.993118875,0.913251875
0.1875,0.9375,0.9375,-0.021648,1.001061,0.93824175
0.1875,0.9375,1.0,-0.031243687500000006,1.009003125,0.963231625
0.1875,1.0,0.0,0.114454,0.94178375,0.6009655625
0.1875,1.0,0.0625,0.1048583125,0.949725875,0.6259554375
0.1875,1.0,0.125,0.095262625,0.9576680000000001,0.6509453125
0.1875,1.0,0.1875,0.0856669375,0.965610125,0.6759351875
0.1875,1.0,0.25,0.07607125,0.97355225,0.7009250625
0.1875,1.0,0.3125,0.0664755625,0.981494375,0.7259149375
0.1875,1.0,0.375,0.056879874999999996,0.9894365,0.7509048125
0.1875,1.0,0.4375,0.047284187500000005,0.9973786250000001,0.7758946875
0.1875,1.0,0.5,0.0376885,1.00532075,0.8008845625000001
0.1875,1.0,0.5625,0.028092812499999995,1.0132628750000001,0.8258744375
0.1875,1.0,0.625,0.018497125000000003,1.0212050000000001,0.8508643124999999
0.1875,1.0,0.6875,0.008901437499999998,1.029147125,0.8758541875
0.1875,1.0,0.75,-0.0006942500000000074,1.03708925,0.9008440625
0.1875,1.0,0.8125,-0.010289937499999999,1.045031375,0.9258339375
0.1875,1.0,0.875,-0.01988562499999999,1.0529735,0.9508238125
0.1875,1.0,0.9375,-0.029481312499999995,1.060915625,0.9758136875000001
0.1875,1.0,1.0,-0.039077,1.06885775,1.0008035625
0.25,0.0,0.0,0.319716,-0.021187,-0.00024725
0.25,0.0,0.0625,0.3101203125,-0.013244875000000001,0.024742625
0.25,0.0,0.125,0.300524625,-0.005302750000000002,0.049732500000000006
0.25,0.0,0.1875,0.2909289375,0.002639374999999996,0.07472237500000001
0.25,0.0,0.25,0.28133325,0.010581499999999997,0.09971225
0.25,0.0,0.3125,0.27173756250000003,0.018523625,0.124702125
0.25,0.0,0.375,0.26214187499999997,0.026465749999999993,0.14969200000000002
0.25,0.0,0.4375,0.2525461875,0.03440787499999999,0.17468187500000001
0.25,0.0,0.5,0.2429505,0.04235,0.19967175
0.25,0.0,0.5625,0.2333548125,0.05029212499999999,0.224661625
0.25,0.0,0.625,0.223759125,0.05823425,0.2496515
0.25,0.0,0.6875,0.2141634375,0.066176375,0.274641375
0.25,0.0,0.75,0.20456775,0.07411849999999999,0.29963125000000007
0.25,0.0,0.8125,0.1949720625,0.082060625,0.32462112500000007
0.25,0.0,0.875,0.185376375,0.09000274999999999,0.34961100000000006
0.25,0.0,0.9375,0.1757806875,0.097944875,0.37460087500000006
0.25,0.0,1.0,0.166185,0.105887,0.39959075000000005
0.25,0.0625,0.0,0.3118826875,0.038667625,0.0373246875
0.25,0.0625,0.0625,0.302287,0.04660975,0.062314562500000004
0.25,0.0625,0.125,0.29269131249999997,0.054551875,0.0873044375
0.25,0.0625,0.1875,0.28309562499999996,0.062493999999999994,0.11229431250000002
0.25,0.0625,0.25,0.27349993749999996,0.07043612499999999,0.13728418750000002
0.25,0.0625,0.3125,0.26390424999999995,0.07837825,0.1622740625
0.25,0.0625,0.375,0.2543085625,0.08632037499999999,0.18726393750000003
0.25,0.0625,0.4375,0.244712875,0.0942625,0.21225381250000003
0.25,0.0625,0.5,0.2351171875,0.102204625,0.23724368750000002
0.25,0.0625,0.5625,0.22552149999999999,0.11014674999999999,0.2622335625
0.25,0.0625,0.625,0.21592581249999998,0.118088875,0.2872234375
0.25,0.0625,0.6875,0.20633012499999998,0.126031,0.3122133125
0.25,0.0625,0.75,0.19673443749999997,0.13397312499999997,0.33720318750000006
0.25,0.0625,0.8125,0.18713874999999996,0.14191525,0.36219306250000005
0.25,0.0625,0.875,0.1775430625,0.149857375,0.38718293750000005
0.25,0.0625,0.9375,0.16794737499999998,0.15779949999999998,0.41217281250000004
0.25,0.0625,1.0,0.15835168749999998,0.165741625,0.43716268750000004
0.25,0.125,0.0,0.304049375,0.09852225,0.074896625
0.25,0.125,0.0625,0.2944536875,0.106464375,0.09988649999999999
0.25,0.125,0.125,0.284858,0.11440650000000001,0.124876375
0.25,0.125,0.1875,0.2752623125,0.122348625,0.14986625
0.25,0.125,0.25,0.265666625,0.13029075,0.174856125
0.25,0.125,0.3125,0.2560709375,0.138232875,0.199846
0.25,0.125,0.375,0.24647525,0.146175,0.22483587500000002
0.25,0.125,0.4375,0.23687956250000003,0.154117125,0.24982575
0.25,0.125,0.5,0.22728387500000002,0.16205925,0.274815625
0.25,0.125,0.5625,0.21768818750000002,0.170001375,0.2998055
0.25,0.125,0.625,0.2080925,0.1779435,0.324795375
0.25,0.125,0.6875,0.1984968125,0.185885625,0.34978525
0.25,0.125,0.75,0.188901125,0.19382775,0.37477512500000004
0.25,0.125,0.8125,0.1793054375,0.201769875,0.39976500000000004
0.25,0.125,0.875,0.16970975000000002,0.209712,0.42475487500000003
0.25,0.125,0.9375,0.16011406250000002,0.217654125,0.44974475
0.25,0.125,1.0,0.150518375,0.22559625,0.474734625
0.25,0.1875,0.0,0.2962160625,0.158376875,0.1124685625
0.25,0.1875,0.0625,0.286620375,0.166319,0.1374584375
0.25,0.1875,0.125,0.2770246875,0.174261125,0.1624483125
0.25,0.1875,0.1875,0.267429,0.18220324999999998,0.18743818750000002
0.25,0.1875,0.25,0.25783331249999997,0.190145375,0.21242806250000001
0.25,0.1875,0.3125,0.248237625,0.1980875,0.2374179375
0.25,0.1875,0.375,0.23864193749999998,0.206029625,0.2624078125
0.25,0.1875,0.4375,0.22904625,0.21397175,0.2873976875
0.25,0.1875,0.5,0.2194505625,0.22191387499999998,0.3123875625
0.25,0.1875,0.5625,0.209854875,0.229856,0.3373774375
0.25,0.1875,0.625,0.2002591875,0.237798125,0.3623673125
0.25,0.1875,0.6875,0.19066349999999999,0.24574025,0.3873571875
0.25,0.1875,0.75,0.18106781249999998,0.253682375,0.41234706250000003
0.25,0.1875,0.8125,0.17147212499999998,0.2616245,0.4373369375
0.25,0.1875,0.875,0.1618764375,0.269566625,0.4623268125
0.25,0.1875,0.9375,0.15228075,0.27750874999999997,0.4873166875
0.25,0.1875,1.0,0.1426850625,0.285450875,0.5123065625000001
0.25,0.25,0.0,0.28838275,0.2182315,0.1500405
0.25,0.25,0.0625,0.2787870625,0.226173625,0.175030375
0.25,0.25,0.125,0.269191375,0.23411574999999998,0.20002025
0.25,0.25,0.1875,0.2595956875,0.24205787499999998,0.225010125
0.25,0.25,0.25,0.25,0.25,0.25
0.25,0.25,0.3125,0.24040431250000002,0.257942125,0.274989875
0.25,0.25,0.375,0.23080862500000002,0.26588425,0.29997975
0.25,0.25,0.4375,0.22121293750000004,0.273826375,0.32496962500000004
0.25,0.25,0.5,0.21161725000000003,0.2817685,0.3499595
0.25,0.25,0.5625,0.20202156250000003,0.289710625,0.37494937500000003
0.25,0.25,0.625,0.19242587500000002,0.29765275,0.39993924999999997
0.25,0.25,0.6875,0.18283018750000002,0.305594875,0.424929125
0.25,0.25,0.75,0.1732345,0.31353699999999995,0.44991900000000007
0.25,0.25,0.8125,0.1636388125,0.321479125,0.474908875
0.25,0.25,0.875,0.15404312500000003,0.32942125,0.49989875000000006
0.25,0.25,0.9375,0.14444743750000003,0.337363375,0.524888625
0.25,0.25,1.0,0.13485175000000002,0.3453055,0.5498785
0.25,0.3125,0.0,0.2805494375,0.278086125,0.18761243749999998
0.25,0.3125,0.0625,0.27095375,0.28602825000000004,0.21260231249999997
0.25,0.3125,0.125,0.2613580625,0.293970375,0.2375921875
0.25,0.3125,0.1875,0.251762375,0.30191250000000003,0.2625820625
0.25,0.3125,0.25,0.2421666875,0.309854625,0.2875719375
0.25,0.3125,0.3125,0.232571,0.31779675,0.3125618125
0.25,0.3125,0.375,0.2229753125,0.325738875,0.3375516875
0.25,0.3125,0.4375,0.21337962500000002,0.333681,0.3625415625
0.25,0.3125,0.5,0.2037839375,0.341623125,0.38753143749999996
0.25,0.3125,0.5625,0.19418825,0.34956525,0.4125213125
0.25,0.3125,0.625,0.1845925625,0.357507375,0.43751118749999995
0.25,0.3125,0.6875,0.174996875,0.3654495,0.4625010625
0.25,0.3125,0.75,0.1654011875,0.373391625,0.48749093750000005
0.25,0.3125,0.8125,0.15580549999999999,0.38133375,0.5124808125
0.25,0.3125,0.875,0.1462098125,0.389275875,0.5374706875
0.25,0.3125,0.9375,0.136614125,0.397218,0.5624605625
0.25,0.3125,1.0,0.1270184375,0.405160125,0.5874504375
0.25,0.375,0.0,0.272716125,0.33794075,0.225184375
0.25,0.375,0.0625,0.26312043749999997,0.34588287500000003,0.25017425
0.25,0.375,0.125,0.25352474999999997,0.353825,0.275164125
0.25,0.375,0.1875,0.24392906249999996,0.361767125,0.30015400000000003
0.25,0.375,0.25,0.23433337499999998,0.36970925,0.32514387499999997
0.25,0.375,0.3125,0.22473768749999998,0.377651375,0.35013375
0.25,0.375,0.375,0.21514199999999997,0.38559350000000003,0.375123625
0.25,0.375,0.4375,0.2055463125,0.393535625,0.4001135
0.25,0.375,0.5,0.195950625,0.40147775,0.425103375
0.25,0.375,0.5625,0.18635493749999998,0.409419875,0.45009325
0.25,0.375,0.625,0.17675924999999998,0.417362,0.475083125
0.25,0.375,0.6875,0.16716356249999997,0.42530412500000003,0.500073
0.25,0.375,0.75,0.15756787499999997,0.43324625,0.525062875
0.25,0.375,0.8125,0.14797218749999996,0.441188375,0.5500527500000001
0.25,0.375,0.875,0.13837649999999999,0.4491305,0.575042625
0.25,0.375,0.9375,0.12878081249999998,0.457072625,0.6000325
0.25,0.375,1.0,0.11918512499999998,0.46501475000000003,0.625022375
0.25,0.4375,0.0,0.2648828125,0.397795375,0.26275631250000003
0.25,0.4375,0.0625,0.255287125,0.40573750000000003,0.28774618750000003
0.25,0.4375,0.125,0.2456914375,0.413679625,0.3127360625
0.25,0.4375,0.1875,0.23609575,0.42162175,0.3377259375
0.25,0.4375,0.25,0.22650006250000002,0.429563875,0.36271581250000007
0.25,0.4375,0.3125,0.216904375,0.437506,0.3877056875
0.25,0.4375,0.375,0.2073086875,0.445448125,0.41269556250000006
0.25,0.4375,0.4375,0.19771300000000003,0.45339025,0.43768543750000005
0.25,0.4375,0.5,0.18811731250000002,0.461332375,0.46267531250000005
0.25,0.4375,0.5625,0.17852162500000002,0.4692745,0.48766518750000004
0.25,0.4375,0.625,0.1689259375,0.477216625,0.5126550625
0.25,0.4375,0.6875,0.15933025,0.48515874999999997,0.5376449375000001
0.25,0.4375,0.75,0.1497345625,0.493100875,0.5626348125
0.25,0.4375,0.8125,0.140138875,0.501043,0.5876246875000001
0.25,0.4375,0.875,0.13054318750000002,0.508985125,0.6126145625000001
0.25,0.4375,0.9375,0.12094750000000001,0.51692725,0.6376044375000001
0.25,0.4375,1.0,0.11135181250000001,0.524869375,0.6625943125
0.25,0.5,0.0,0.2570495,0.45765,0.30032825
0.25,0.5,0.0625,0.24745381249999998,0.465592125,0.325318125
0.25,0.5,0.125,0.23785812499999998,0.47353425,0.350308
0.25,0.5,0.1875,0.22826243749999997,0.481476375,0.375297875
0.25,0.5,0.25,0.21866675,0.4894185,0.40028775000000005
0.25,0.5,0.3125,0.2090710625,0.497360625,0.425277625
0.25,0.5,0.375,0.19947537499999998,0.50530275,0.45026750000000004
0.25,0.5,0.4375,0.1898796875,0.513244875,0.47525737500000004
0.25,0.5,0.5,0.180284,0.521187,0.50024725
0.25,0.5,0.5625,0.1706883125,0.529129125,0.5252371250000001
0.25,0.5,0.625,0.161092625,0.53707125,0.550227
0.25,0.5,0.6875,0.15149693749999998,0.545013375,0.575216875
0.25,0.5,0.75,0.14190124999999998,0.5529554999999999,0.6002067500000001
0.25,0.5,0.8125,0.13230556249999997,0.560897625,0.6251966250000001
0.25,0.5,0.875,0.122709875,0.56883975,0.6501865
0.25,0.5,0.9375,0.11311418749999999,0.576781875,0.675176375
0.25,0.5,1.0,0.10351849999999999,0.584724,0.7001662500000001
0.25,0.5625,0.0,0.24921618750000002,0.517504625,0.3379001875
0.25,0.5625,0.0625,0.23962050000000001,0.5254467500000001,0.3628900625
0.25,0.5625,0.125,0.2300248125,0.5333888750000001,0.3878799375
0.25,0.5625,0.1875,0.220429125,0.541331,0.4128698125
0.25,0.5625,0.25,0.21083343750000003,0.549273125,0.43785968750000004
0.25,0.5625,0.3125,0.20123775000000002,0.55721525,0.4628495625
0.25,0.5625,0.375,0.19164206250000002,0.5651573750000001,0.48783943750000003
0.25,0.5625,0.4375,0.18204637500000004,0.5730995000000001,0.5128293125000001
0.25,0.5625,0.5,0.17245068750000003,0.581041625,0.5378191875
0.25,0.5625,0.5625,0.16285500000000003,0.58898375,0.5628090625
0.25,0.5625,0.625,0.15325931250000002,0.596925875,0.5877989375
0.25,0.5625,0.6875,0.14366362500000002,0.6048680000000001,0.6127888125000001
0.25,0.5625,0.75,0.1340679375,0.612810125,0.6377786875
0.25,0.5625,0.8125,0.12447225000000002,0.62075225,0.6627685625
0.25,0.5625,0.875,0.11487656250000003,0.628694375,0.6877584375000001
0.25,0.5625,0.9375,0.10528087500000002,0.6366365,0.7127483125
0.25,0.5625,1.0,0.09568518750000002,0.6445786250000001,0.7377381875
0.25,0.625,0.0,0.241382875,0.5773592500000001,0.375472125
0.25,0.625,0.0625,0.2317871875,0.5853013750000001,0.400462
0.25,0.625,0.125,0.2221915,0.5932435000000001,0.425451875
0.25,0.625,0.1875,0.21259581249999998,0.6011856250000001,0.45044175
0.25,0.625,0.25,0.203000125,0.6091277500000001,0.475431625
0.25,0.625,0.3125,0.1934044375,0.6170698750000001,0.5004215
0.25,0.625,0.375,0.18380875,0.6250120000000001,0.525411375
0.25,0.625,0.4375,0.17421306250000002,0.6329541250000001,0.55040125
0.25,0.625,0.5,0.164617375,0.6408962500000001,0.575391125
0.25,0.625,0.5625,0.1550216875,0.6488383750000001,0.600381
0.25,0.625,0.625,0.145426,0.6567805000000001,0.625370875
0.25,0.625,0.6875,0.1358303125,0.6647226250000001,0.6503607499999999
0.25,0.625,0.75,0.126234625,0.67266475,0.6753506250000001
0.25,0.625,0.8125,0.1166389375,0.6806068750000001,0.7003405
0.25,0.625,0.875,0.10704325,0.6885490000000001,0.725330375
0.25,0.625,0.9375,0.0974475625,0.6964911250000001,0.75032025
0.25,0.625,1.0,0.087851875,0.7044332500000001,0.7753101250000001
0.25,0.6875,0.0,0.2335495625,0.637213875,0.41304406250000003
0.25,0.6875,0.0625,0.223953875,0.6451560000000001,0.4380339375
0.25,0.6875,0.125,0.2143581875,0.6530981250000001,0.4630238125
0.25,0.6875,0.1875,0.20476250000000001,0.66104025,0.48801368750000007
0.25,0.6875,0.25,0.1951668125,0.668982375,0.5130035625
0.25,0.6875,0.3125,0.185571125,0.6769245,0.5379934375000001
0.25,0.6875,0.375,0.1759754375,0.6848666250000001,0.5629833125000001
0.25,0.6875,0.4375,0.16637975,0.6928087500000001,0.5879731875
0.25,0.6875,0.5,0.1567840625,0.700750875,0.6129630625
0.25,0.6875,0.5625,0.14718837499999998,0.708693,0.6379529375
0.25,0.6875,0.625,0.1375926875,0.716635125,0.6629428125000001
0.25,0.6875,0.6875,0.127997,0.7245772500000001,0.6879326875
0.25,0.6875,0.75,0.1184013125,0.7325193750000001,0.7129225625000001
0.25,0.6875,0.8125,0.108805625,0.7404615,0.7379124375000001
0.25,0.6875,0.875,0.09920993750000001,0.748403625,0.7629023125000001
0.25,0.6875,0.9375,0.08961425,0.75634575,0.7878921875
0.25,0.6875,1.0,0.0800185625,0.7642878750000001,0.8128820625000001
0.25,0.75,0.0,0.22571625,0.6970685000000001,0.450616
0.25,0.75,0.0625,0.2161205625,0.7050106250000001,0.475605875
0.25,0.75,0.125,0.206524875,0.7129527500000001,0.50059575
0.25,0.75,0.1875,0.1969291875,0.720894875,0.5255856250000001
0.25,0.75,0.25,0.18733350000000001,0.7288370000000001,0.5505755
0.25,0.75,0.3125,0.1777378125,0.7367791250000001,0.575565375
0.25,0.75,0.375,0.168142125,0.7447212500000001,0.60055525
0.25,0.75,0.4375,0.15854643750000003,0.7526633750000001,0.625545125
0.25,0.75,0.5,0.14895075000000002,0.7606055,0.6505350000000001
0.25,0.75,0.5625,0.13935506250000002,0.7685476250000001,0.675524875
0.25,0.75,0.625,0.129759375,0.7764897500000001,0.70051475
0.25,0.75,0.6875,0.1201636875,0.7844318750000001,0.725504625
0.25,0.75,0.75,0.110568,0.7923740000000001,0.7504945000000001
0.25,0.75,0.8125,0.10097231250000001,0.800316125,0.775484375
0.25,0.75,0.875,0.09137662500000002,0.8082582500000001,0.80047425
0.25,0.75,0.9375,0.08178093750000001,0.8162003750000001,0.8254641250000001
0.25,0.75,1.0,0.07218525,0.8241425000000001,0.850454
0.25,0.8125,0.0,0.21788293749999998,0.756923125,0.4881879375
0.25,0.8125,0.0625,0.20828724999999998,0.76486525,0.5131778125
0.25,0.8125,0.125,0.19869156249999997,0.7728073750000001,0.5381676875
0.25,0.8125,0.1875,0.18909587499999997,0.7807495,0.5631575625
0.25,0.8125,0.25,0.1795001875,0.788691625,0.5881474375
0.25,0.8125,0.3125,0.16990449999999999,0.79663375,0.6131373125
0.25,0.8125,0.375,0.16030881249999998,0.804575875,0.6381271875000001
0.25,0.8125,0.4375,0.150713125,0.8125180000000001,0.6631170625
0.25,0.8125,0.5,0.1411174375,0.820460125,0.6881069375
0.25,0.8125,0.5625,0.13152175,0.82840225,0.7130968125
0.25,0.8125,0.625,0.12192606249999999,0.836344375,0.7380866875000001
0.25,0.8125,0.6875,0.11233037499999998,0.8442865,0.7630765625
0.25,0.8125,0.75,0.10273468749999998,0.852228625,0.7880664375
0.25,0.8125,0.8125,0.09313899999999999,0.86017075,0.8130563125000001
0.25,0.8125,0.875,0.0835433125,0.868112875,0.8380461875
0.25,0.8125,0.9375,0.07394762499999999,0.876055,0.8630360625
0.25,0.8125,1.0,0.06435193749999998,0.883997125,0.8880259375
0.25,0.875,0.0,0.21004962500000002,0.8167777500000001,0.525759875
0.25,0.875,0.0625,0.2004539375,0.8247198750000001,0.55074975
0.25,0.875,0.125,0.19085825,0.8326620000000001,0.575739625
0.25,0.875,0.1875,0.1812625625,0.840604125,0.6007295
0.25,0.875,0.25,0.17166687500000002,0.8485462500000001,0.625719375
0.25,0.875,0.3125,0.16207118750000002,0.8564883750000001,0.65070925
0.25,0.875,0.375,0.1524755,0.8644305000000001,0.675699125
0.25,0.875,0.4375,0.14287981250000004,0.8723726250000001,0.700689
0.25,0.875,0.5,0.13328412500000003,0.88031475,0.7256788750000001
0.25,0.875,0.5625,0.12368843750000001,0.8882568750000001,0.75066875
0.25,0.875,0.625,0.11409275000000002,0.8961990000000001,0.7756586249999999
0.25,0.875,0.6875,0.10449706250000002,0.9041411250000001,0.8006485
0.25,0.875,0.75,0.09490137500000001,0.91208325,0.825638375
0.25,0.875,0.8125,0.08530568750000002,0.920025375,0.85062825
0.25,0.875,0.875,0.07571000000000003,0.9279675000000001,0.875618125
0.25,0.875,0.9375,0.06611431250000002,0.9359096250000001,0.9006080000000001
0.25,0.875,1.0,0.05651862500000002,0.9438517500000001,0.925597875
0.25,0.9375,0.0,0.2022163125,0.876632375,0.5633318125
0.25,0.9375,0.0625,0.192620625,0.8845745,0.5883216875
0.25,0.9375,0.125,0.18302493749999998,0.8925166250000001,0.6133115625
0.25,0.9375,0.1875,0.17342924999999998,0.90045875,0.6383014375
0.25,0.9375,0.25,0.1638335625,0.908400875,0.6632913125
0.25,0.9375,0.3125,0.154237875,0.916343,0.6882811875
0.25,0.9375,0.375,0.1446421875,0.924285125,0.7132710625
0.25,0.9375,0.4375,0.1350465,0.9322272500000001,0.7382609375
0.25,0.9375,0.5,0.1254508125,0.940169375,0.7632508124999999
0.25,0.9375,0.5625,0.11585512499999999,0.9481115,0.7882406875
0.25,0.9375,0.625,0.1062594375,0.956053625,0.8132305625
0.25,0.9375,0.6875,0.09666374999999999,0.96399575,0.8382204375
0.25,0.9375,0.75,0.08706806249999999,0.9719378750000001,0.8632103125
0.25,0.9375,0.8125,0.077472375,0.97988,0.8882001875000001
0.25,0.9375,0.875,0.0678766875,0.987822125,0.9131900625
0.25,0.9375,0.9375,0.058281,0.99576425,0.9381799375
0.25,0.9375,1.0,0.048685312499999994,1.003706375,0.9631698125
0.25,1.0,0.0,0.194383,0.9364870000000001,0.60090375
0.25,1.0,0.0625,0.1847873125,0.9444291250000001,0.625893625
0.25,1.0,0.125,0.175191625,0.9523712500000001,0.6508835
0.25,1.0,0.1875,0.1655959375,0.960313375,0.675873375
0.25,1.0,0.25,0.15600025,0.9682555,0.7008632499999999
0.25,1.0,0.3125,0.1464045625,0.9761976250000001,0.725853125
0.25,1.0,0.375,0.136808875,0.9841397500000001,0.7508429999999999
0.25,1.0,0.4375,0.1272131875,0.9920818750000001,0.775832875
0.25,1.0,0.5,0.1176175,1.000024,0.80082275
0.25,1.0,0.5625,0.1080218125,1.007966125,0.825812625
0.25,1.0,0.625,0.098426125,1.01590825,0.8508024999999999
0.25,1.0,0.6875,0.0888304375,1.023850375,0.875792375
0.25,1.0,0.75,0.07923474999999999,1.0317925000000001,0.90078225
0.25,1.0,0.8125,0.0696390625,1.0397346250000001,0.925772125
0.25,1.0,0.875,0.06004337500000001,1.0476767500000002,0.950762
0.25,1.0,0.9375,0.050447687500000005,1.055618875,0.975751875
0.25,1.0,1.0,0.040852,1.063561,1.00074175
0.3125,0.0,0.0,0.39964500000000003,-0.02648375,-0.00030906250000000004
0.3125,0.0,0.0625,0.3900493125,-0.018541625,0.024680812500000003
0.3125,0.0,0.125,0.380453625,-0.010599500000000001,0.049670687500000005
0.3125,0.0,0.1875,0.3708579375,-0.0026573750000000035,0.07466056250000001
0.3125,0.0,0.25,0.36126225,0.005284749999999998,0.09965043750000001
0.3125,0.0,0.3125,0.35166656250000006,0.013226874999999999,0.1246403125
0.3125,0.0,0.375,0.342070875,0.021168999999999993,0.1496301875
0.3125,0.0,0.4375,0.33247518750000005,0.029111124999999995,0.1746200625
0.3125,0.0,0.5,0.32287950000000004,0.037053249999999996,0.1996099375
0.3125,0.0,0.5625,0.31328381250000004,0.04499537499999999,0.2245998125
0.3125,0.0,0.625,0.30368812500000003,0.0529375,0.2495896875
0.3125,0.0,0.6875,0.2940924375,0.06087962499999999,0.2745795625
0.3125,0.0,0.75,0.28449675,0.06882174999999999,0.29956943750000004
0.3125,0.0,0.8125,0.2749010625,0.076763875,0.32455931250000003
0.3125,0.0,0.875,0.26530537500000007,0.08470599999999999,0.3495491875
0.3125,0.0,0.9375,0.2557096875,0.092648125,0.3745390625
0.3125,0.0,1.0,0.24611400000000003,0.10059024999999999,0.3995289375
0.3125,0.0625,0.0,0.3918116875,0.033370875,0.037262875
0.3125,0.0625,0.0625,0.382216,0.041313,0.06225275
0.3125,0.0625,0.125,0.3726203125,0.049255125,0.087242625
0.3125,0.0625,0.1875,0.363024625,0.05719725,0.11223250000000001
0.3125,0.0625,0.25,0.3534289375,0.065139375,0.137222375
0.3125,0.0625,0.3125,0.34383325,0.0730815,0.16221225
0.3125,0.0625,0.375,0.33423756250000003,0.08102362499999999,0.18720212500000002
0.3125,0.0625,0.4375,0.324641875,0.08896575,0.21219200000000002
0.3125,0.0625,0.5,0.3150461875,0.096907875,0.23718187500000001
0.3125,0.0625,0.5625,0.3054505,0.10485,0.26217175000000004
0.3125,0.0625,0.625,0.2958548125,0.112792125,0.287161625
0.3125,0.0625,0.6875,0.286259125,0.12073424999999999,0.3121515
0.3125,0.0625,0.75,0.2766634375,0.12867637499999998,0.3371413750000001
0.3125,0.0625,0.8125,0.26706775,0.1366185,0.36213125
0.3125,0.0625,0.875,0.2574720625,0.144560625,0.38712112500000007
0.3125,0.0625,0.9375,0.247876375,0.15250275,0.412111
0.3125,0.0625,1.0,0.2382806875,0.160444875,0.43710087500000006
0.3125,0.125,0.0,0.38397837500000004,0.0932255,0.0748348125
0.3125,0.125,0.0625,0.37438268750000003,0.101167625,0.09982468750000001
0.3125,0.125,0.125,0.36478700000000003,0.10910975,0.1248145625
0.3125,0.125,0.1875,0.3551913125,0.117051875,0.1498044375
0.3125,0.125,0.25,0.345595625,0.124994,0.1747943125
0.3125,0.125,0.3125,0.3359999375,0.13293612500000002,0.1997841875
0.3125,0.125,0.375,0.32640425000000006,0.14087824999999998,0.22477406250000004
0.3125,0.125,0.4375,0.31680856250000006,0.148820375,0.24976393750000003
0.3125,0.125,0.5,0.30721287500000005,0.1567625,0.2747538125
0.3125,0.125,0.5625,0.29761718750000005,0.164704625,0.2997436875
0.3125,0.125,0.625,0.28802150000000004,0.17264675000000002,0.3247335625
0.3125,0.125,0.6875,0.27842581250000004,0.18058887499999998,0.3497234375
0.3125,0.125,0.75,0.26883012500000003,0.188531,0.37471331250000006
0.3125,0.125,0.8125,0.2592344375,0.196473125,0.39970318750000006
0.3125,0.125,0.875,0.24963875000000005,0.20441525,0.42469306250000005
0.3125,0.125,0.9375,0.24004306250000004,0.21235737500000001,0.44968293750000005
0.3125,0.125,1.0,0.23044737500000004,0.22029949999999998,0.47467281250000004
0.3125,0.1875,0.0,0.3761450625,0.153080125,0.11240675
0.3125,0.1875,0.0625,0.366549375,0.16102225,0.137396625
0.3125,0.1875,0.125,0.3569536875,0.168964375,0.1623865
0.3125,0.1875,0.1875,0.347358,0.17690650000000002,0.187376375
0.3125,0.1875,0.25,0.3377623125,0.18484862500000002,0.21236625
0.3125,0.1875,0.3125,0.32816662500000005,0.19279075,0.237356125
0.3125,0.1875,0.375,0.3185709375,0.200732875,0.262346
0.3125,0.1875,0.4375,0.30897525000000003,0.208675,0.287335875
0.3125,0.1875,0.5,0.29937956250000003,0.21661712500000002,0.31232575
0.3125,0.1875,0.5625,0.289783875,0.22455925,0.337315625
0.3125,0.1875,0.625,0.2801881875,0.232501375,0.3623055
0.3125,0.1875,0.6875,0.2705925,0.2404435,0.387295375
0.3125,0.1875,0.75,0.2609968125,0.248385625,0.41228525000000005
0.3125,0.1875,0.8125,0.251401125,0.25632775,0.43727512500000004
0.3125,0.1875,0.875,0.24180543750000003,0.264269875,0.46226500000000004
0.3125,0.1875,0.9375,0.23220975000000002,0.272212,0.48725487500000003
0.3125,0.1875,1.0,0.22261406250000002,0.28015412500000003,0.51224475
0.3125,0.25,0.0,0.36831175000000005,0.21293475,0.14997868749999999
0.3125,0.25,0.0625,0.35871606250000004,0.220876875,0.17496856249999998
0.3125,0.25,0.125,0.34912037500000004,0.228819,0.19995843749999997
0.3125,0.25,0.1875,0.33952468750000003,0.23676112500000002,0.2249483125
0.3125,0.25,0.25,0.32992900000000003,0.24470325,0.2499381875
0.3125,0.25,0.3125,0.3203333125000001,0.252645375,0.2749280625
0.3125,0.25,0.375,0.310737625,0.26058749999999997,0.2999179375
0.3125,0.25,0.4375,0.30114193750000007,0.268529625,0.3249078125
0.3125,0.25,0.5,0.29154625000000006,0.27647175,0.3498976875
0.3125,0.25,0.5625,0.28195056250000006,0.284413875,0.3748875625
0.3125,0.25,0.625,0.27235487500000005,0.292356,0.3998774375
0.3125,0.25,0.6875,0.26275918750000005,0.30029812499999997,0.4248673125
0.3125,0.25,0.75,0.25316350000000004,0.30824025,0.44985718750000003
0.3125,0.25,0.8125,0.24356781250000004,0.316182375,0.47484706250000003
0.3125,0.25,0.875,0.23397212500000006,0.3241245,0.4998369375
0.3125,0.25,0.9375,0.22437643750000005,0.332066625,0.5248268125
0.3125,0.25,1.0,0.21478075000000005,0.34000874999999997,0.5498166875
0.3125,0.3125,0.0,0.3604784375,0.272789375,0.18755062499999997
0.3125,0.3125,0.0625,0.35088275,0.2807315,0.21254049999999997
0.3125,0.3125,0.125,0.3412870625,0.288673625,0.23753037499999996
0.3125,0.3125,0.1875,0.331691375,0.29661575,0.26252025
0.3125,0.3125,0.25,0.3220956875,0.304557875,0.28751012499999995
0.3125,0.3125,0.3125,0.3125,0.3125,0.3125
0.3125,0.3125,0.375,0.30290431250000005,0.320442125,0.337489875
0.3125,0.3125,0.4375,0.29330862500000005,0.32838425,0.36247975
0.3125,0.3125,0.5,0.28371293750000004,0.336326375,0.387469625
0.3125,0.3125,0.5625,0.27411725000000003,0.3442685,0.4124595
0.3125,0.3125,0.625,0.26452156250000003,0.352210625,0.437449375
0.3125,0.3125,0.6875,0.254925875,0.36015275,0.46243924999999997
0.3125,0.3125,0.75,0.24533018750000002,0.368094875,0.487429125
0.3125,0.3125,0.8125,0.2357345,0.376037,0.512419
0.3125,0.3125,0.875,0.22613881250000004,0.383979125,0.537408875
0.3125,0.3125,0.9375,0.21654312500000003,0.39192125,0.5623987500000001
0.3125,0.3125,1.0,0.20694743750000003,0.399863375,0.587388625
0.3125,0.375,0.0,0.352645125,0.33264400000000005,0.22512256249999998
0.3125,0.375,0.0625,0.3430494375,0.3405861250000001,0.2501124375
0.3125,0.375,0.125,0.33345375,0.34852825000000004,0.2751023125
0.3125,0.375,0.1875,0.3238580625,0.35647037500000006,0.3000921875
0.3125,0.375,0.25,0.314262375,0.36441250000000003,0.3250820625
0.3125,0.375,0.3125,0.30466668750000003,0.37235462500000005,0.3500719375
0.3125,0.375,0.375,0.29507099999999997,0.38029675000000007,0.37506181250000004
0.3125,0.375,0.4375,0.2854753125,0.38823887500000004,0.4000516875
0.3125,0.375,0.5,0.275879625,0.39618100000000006,0.4250415625
0.3125,0.375,0.5625,0.2662839375,0.404123125,0.45003143749999996
0.3125,0.375,0.625,0.25668825,0.41206525000000005,0.4750213125
0.3125,0.375,0.6875,0.2470925625,0.42000737500000007,0.5000111875
0.3125,0.375,0.75,0.237496875,0.42794950000000004,0.5250010625
0.3125,0.375,0.8125,0.2279011875,0.43589162500000006,0.5499909375
0.3125,0.375,0.875,0.2183055,0.44383375,0.5749808125
0.3125,0.375,0.9375,0.2087098125,0.45177587500000005,0.5999706875
0.3125,0.375,1.0,0.199114125,0.45971800000000007,0.6249605625
0.3125,0.4375,0.0,0.34481181250000004,0.392498625,0.2626945
0.3125,0.4375,0.0625,0.33521612500000003,0.40044075,0.287684375
0.3125,0.4375,0.125,0.3256204375,0.408382875,0.31267425
0.3125,0.4375,0.1875,0.31602475,0.416325,0.337664125
0.3125,0.4375,0.25,0.3064290625,0.42426712499999997,0.36265400000000003
0.3125,0.4375,0.3125,0.29683337500000007,0.43220925,0.38764387499999997
0.3125,0.4375,0.375,0.2872376875,0.440151375,0.41263375
0.3125,0.4375,0.4375,0.27764200000000006,0.4480935,0.437623625
0.3125,0.4375,0.5,0.26804631250000005,0.456035625,0.4626135
0.3125,0.4375,0.5625,0.25845062500000004,0.46397774999999997,0.487603375
0.3125,0.4375,0.625,0.24885493750000004,0.471919875,0.51259325
0.3125,0.4375,0.6875,0.23925925000000003,0.479862,0.537583125
0.3125,0.4375,0.75,0.22966356250000003,0.487804125,0.562573
0.3125,0.4375,0.8125,0.22006787500000002,0.49574625,0.587562875
0.3125,0.4375,0.875,0.21047218750000005,0.503688375,0.6125527500000001
0.3125,0.4375,0.9375,0.20087650000000004,0.5116305,0.637542625
0.3125,0.4375,1.0,0.19128081250000004,0.519572625,0.6625325
0.3125,0.5,0.0,0.3369785,0.45235325000000004,0.3002664375
0.3125,0.5,0.0625,0.3273828125,0.46029537500000006,0.3252563125
0.3125,0.5,0.125,0.317787125,0.46823750000000003,0.3502461875
0.3125,0.5,0.1875,0.3081914375,0.47617962500000005,0.37523606249999997
0.3125,0.5,0.25,0.29859575,0.48412175,0.4002259375
0.3125,0.5,0.3125,0.2890000625,0.49206387500000004,0.42521581249999996
0.3125,0.5,0.375,0.27940437500000004,0.5000060000000001,0.4502056875
0.3125,0.5,0.4375,0.26980868750000003,0.5079481250000001,0.4751955625
0.3125,0.5,0.5,0.260213,0.51589025,0.5001854375
0.3125,0.5,0.5625,0.2506173125,0.523832375,0.5251753125
0.3125,0.5,0.625,0.24102162500000002,0.5317745,0.5501651875
0.3125,0.5,0.6875,0.2314259375,0.5397166250000001,0.5751550624999999
0.3125,0.5,0.75,0.22183025,0.5476587500000001,0.6001449375000001
0.3125,0.5,0.8125,0.2122345625,0.555600875,0.6251348125
0.3125,0.5,0.875,0.20263887500000002,0.563543,0.6501246875
0.3125,0.5,0.9375,0.19304318750000002,0.571485125,0.6751145625
0.3125,0.5,1.0,0.1834475,0.5794272500000001,0.7001044375000001
0.3125,0.5625,0.0,0.32914518750000005,0.512207875,0.33783837499999997
0.3125,0.5625,0.0625,0.31954950000000004,0.52015,0.36282824999999996
0.3125,0.5625,0.125,0.30995381250000004,0.528092125,0.38781812499999996
0.3125,0.5625,0.1875,0.30035812500000003,0.5360342499999999,0.41280799999999995
0.3125,0.5625,0.25,0.2907624375,0.543976375,0.437797875
0.3125,0.5625,0.3125,0.28116675,0.5519185,0.46278774999999994
0.3125,0.5625,0.375,0.27157106250000007,0.559860625,0.487777625
0.3125,0.5625,0.4375,0.26197537500000007,0.56780275,0.5127675
0.3125,0.5625,0.5,0.25237968750000006,0.5757448749999999,0.537757375
0.3125,0.5625,0.5625,0.24278400000000006,0.583687,0.5627472499999999
0.3125,0.5625,0.625,0.23318831250000005,0.591629125,0.587737125
0.3125,0.5625,0.6875,0.22359262500000004,0.59957125,0.612727
0.3125,0.5625,0.75,0.21399693750000004,0.6075133749999999,0.637716875
0.3125,0.5625,0.8125,0.20440125000000003,0.6154554999999999,0.66270675
0.3125,0.5625,0.875,0.19480556250000006,0.623397625,0.6876966250000001
0.3125,0.5625,0.9375,0.18520987500000005,0.63133975,0.7126865
0.3125,0.5625,1.0,0.17561418750000005,0.639281875,0.7376763749999999
0.3125,0.625,0.0,0.321311875,0.5720625,0.37541031249999995
0.3125,0.625,0.0625,0.3117161875,0.580004625,0.40040018749999995
0.3125,0.625,0.125,0.3021205,0.5879467500000001,0.42539006249999994
0.3125,0.625,0.1875,0.2925248125,0.595888875,0.45037993749999994
0.3125,0.625,0.25,0.282929125,0.603831,0.4753698125
0.3125,0.625,0.3125,0.27333343750000005,0.611773125,0.5003596874999999
0.3125,0.625,0.375,0.26373775,0.61971525,0.5253495625
0.3125,0.625,0.4375,0.25414206250000004,0.6276573750000001,0.5503394374999999
0.3125,0.625,0.5,0.24454637500000004,0.6355995,0.5753293125
0.3125,0.625,0.5625,0.23495068750000003,0.643541625,0.6003191875
0.3125,0.625,0.625,0.22535500000000003,0.65148375,0.6253090625
0.3125,0.625,0.6875,0.21575931250000002,0.659425875,0.6502989374999999
0.3125,0.625,0.75,0.20616362500000002,0.667368,0.6752888125000001
0.3125,0.625,0.8125,0.1965679375,0.675310125,0.7002786875
0.3125,0.625,0.875,0.18697225000000003,0.68325225,0.7252685624999999
0.3125,0.625,0.9375,0.17737656250000003,0.691194375,0.7502584375
0.3125,0.625,1.0,0.16778087500000002,0.6991365,0.7752483125
0.3125,0.6875,0.0,0.31347856250000006,0.631917125,0.41298225
0.3125,0.6875,0.0625,0.30388287500000005,0.63985925,0.437972125
0.3125,0.6875,0.125,0.29428718750000005,0.647801375,0.462962
0.3125,0.6875,0.1875,0.28469150000000004,0.6557434999999999,0.48795187500000003
0.3125,0.6875,0.25,0.27509581250000004,0.663685625,0.51294175
0.3125,0.6875,0.3125,0.2655001250000001,0.67162775,0.537931625
0.3125,0.6875,0.375,0.2559044375,0.679569875,0.5629215000000001
0.3125,0.6875,0.4375,0.24630875000000008,0.687512,0.587911375
0.3125,0.6875,0.5,0.23671306250000007,0.6954541249999999,0.61290125
0.3125,0.6875,0.5625,0.22711737500000007,0.70339625,0.637891125
0.3125,0.6875,0.625,0.21752168750000006,0.711338375,0.662881
0.3125,0.6875,0.6875,0.20792600000000006,0.7192805,0.687870875
0.3125,0.6875,0.75,0.19833031250000005,0.727222625,0.71286075
0.3125,0.6875,0.8125,0.18873462500000004,0.7351647499999999,0.7378506250000001
0.3125,0.6875,0.875,0.17913893750000007,0.743106875,0.7628405
0.3125,0.6875,0.9375,0.16954325000000006,0.751049,0.787830375
0.3125,0.6875,1.0,0.15994756250000006,0.758991125,0.81282025
0.3125,0.75,0.0,0.30564525000000003,0.69177175,0.4505541875
0.3125,0.75,0.0625,0.29604956250000003,0.699713875,0.4755440625
0.3125,0.75,0.125,0.286453875,0.7076560000000001,0.5005339375
0.3125,0.75,0.1875,0.2768581875,0.715598125,0.5255238125
0.3125,0.75,0.25,0.2672625,0.72354025,0.5505136875
0.3125,0.75,0.3125,0.2576668125,0.731482375,0.5755035625
0.3125,0.75,0.375,0.24807112500000003,0.7394245,0.6004934375
0.3125,0.75,0.4375,0.23847543750000005,0.7473666250000001,0.6254833125
0.3125,0.75,0.5,0.22887975000000005,0.75530875,0.6504731875
0.3125,0.75,0.5625,0.21928406250000004,0.763250875,0.6754630625
0.3125,0.75,0.625,0.20968837500000004,0.771193,0.7004529374999999
0.3125,0.75,0.6875,0.20009268750000003,0.779135125,0.7254428125
0.3125,0.75,0.75,0.19049700000000003,0.7870772500000001,0.7504326875
0.3125,0.75,0.8125,0.18090131250000002,0.795019375,0.7754225625
0.3125,0.75,0.875,0.17130562500000004,0.8029615,0.8004124375
0.3125,0.75,0.9375,0.16170993750000004,0.810903625,0.8254023125000001
0.3125,0.75,1.0,0.15211425000000003,0.81884575,0.8503921875
0.3125,0.8125,0.0,0.2978119375,0.751626375,0.48812612499999997
0.3125,0.8125,0.0625,0.28821625,0.7595685,0.513116
0.3125,0.8125,0.125,0.2786205625,0.767510625,0.538105875
0.3125,0.8125,0.1875,0.269024875,0.7754527499999999,0.56309575
0.3125,0.8125,0.25,0.2594291875,0.7833948749999999,0.588085625
0.3125,0.8125,0.3125,0.24983350000000001,0.791337,0.6130755
0.3125,0.8125,0.375,0.2402378125,0.799279125,0.638065375
0.3125,0.8125,0.4375,0.23064212500000003,0.80722125,0.66305525
0.3125,0.8125,0.5,0.22104643750000003,0.8151633749999999,0.6880451249999999
0.3125,0.8125,0.5625,0.21145075000000002,0.8231054999999999,0.713035
0.3125,0.8125,0.625,0.20185506250000002,0.831047625,0.738024875
0.3125,0.8125,0.6875,0.192259375,0.83898975,0.76301475
0.3125,0.8125,0.75,0.1826636875,0.8469318749999999,0.788004625
0.3125,0.8125,0.8125,0.173068,0.8548739999999999,0.8129945000000001
0.3125,0.8125,0.875,0.16347231250000002,0.8628161249999999,0.837984375
0.3125,0.8125,0.9375,0.15387662500000002,0.87075825,0.8629742499999999
0.3125,0.8125,1.0,0.1442809375,0.878700375,0.887964125
0.3125,0.875,0.0,0.28997862500000005,0.811481,0.5256980625000001
0.3125,0.875,0.0625,0.28038293750000004,0.819423125,0.5506879375000001
0.3125,0.875,0.125,0.27078725000000003,0.82736525,0.5756778125
0.3125,0.875,0.1875,0.26119156250000003,0.835307375,0.6006676875000001
0.3125,0.875,0.25,0.251595875,0.8432495,0.6256575625
0.3125,0.875,0.3125,0.24200018750000005,0.851191625,0.6506474375000001
0.3125,0.875,0.375,0.23240450000000004,0.85913375,0.6756373125000001
0.3125,0.875,0.4375,0.22280881250000006,0.867075875,0.7006271875000001
0.3125,0.875,0.5,0.21321312500000006,0.875018,0.7256170625
0.3125,0.875,0.5625,0.20361743750000005,0.882960125,0.7506069375000001
0.3125,0.875,0.625,0.19402175000000005,0.89090225,0.7755968125000001
0.3125,0.875,0.6875,0.18442606250000004,0.898844375,0.8005866875000001
0.3125,0.875,0.75,0.17483037500000004,0.9067864999999999,0.8255765625000001
0.3125,0.875,0.8125,0.16523468750000003,0.914728625,0.8505664375000002
0.3125,0.875,0.875,0.15563900000000006,0.92267075,0.8755563125000001
0.3125,0.875,0.9375,0.14604331250000005,0.930612875,0.9005461875
0.3125,0.875,1.0,0.13644762500000004,0.938555,0.9255360625000001
0.3125,0.9375,0.0,0.2821453125,0.871335625,0.56327
0.3125,0.9375,0.0625,0.272549625,0.87927775,0.5882598750000001
0.3125,0.9375,0.125,0.2629539375,0.887219875,0.61324975
0.3125,0.9375,0.1875,0.25335825,0.8951619999999999,0.6382396250000001
0.3125,0.9375,0.25,0.24376256250000003,0.9031041249999999,0.6632295
0.3125,0.9375,0.3125,0.23416687500000002,0.91104625,0.6882193750000001
0.3125,0.9375,0.375,0.22457118750000002,0.918988375,0.71320925
0.3125,0.9375,0.4375,0.21497550000000004,0.9269305,0.7381991250000001
0.3125,0.9375,0.5,0.20537981250000004,0.9348726249999999,0.7631890000000001
0.3125,0.9375,0.5625,0.19578412500000003,0.9428147499999999,0.7881788750000001
0.3125,0.9375,0.625,0.18618843750000003,0.950756875,0.81316875
0.3125,0.9375,0.6875,0.17659275000000002,0.958699,0.838158625
0.3125,0.9375,0.75,0.16699706250000002,0.966641125,0.8631485000000001
0.3125,0.9375,0.8125,0.157401375,0.9745832499999999,0.888138375
0.3125,0.9375,0.875,0.14780568750000003,0.9825253749999999,0.9131282500000001
0.3125,0.9375,0.9375,0.13821000000000003,0.9904675,0.9381181250000001
0.3125,0.9375,1.0,0.12861431250000002,0.998409625,0.9631080000000001
0.3125,1.0,0.0,0.274312,0.93119025,0.6008419375
0.3125,1.0,0.0625,0.2647163125,0.939132375,0.6258318125000001
0.3125,1.0,0.125,0.255120625,0.9470745,0.6508216875
0.3125,1.0,0.1875,0.24552493749999998,0.955016625,0.6758115625000001
0.3125,1.0,0.25,0.23592925,0.96295875,0.7008014375
0.3125,1.0,0.3125,0.2263335625,0.970900875,0.7257913125000001
0.3125,1.0,0.375,0.216737875,0.978843,0.7507811875000001
0.3125,1.0,0.4375,0.20714218750000002,0.986785125,0.7757710625
0.3125,1.0,0.5,0.1975465,0.99472725,0.8007609375
0.3125,1.0,0.5625,0.1879508125,1.002669375,0.8257508125
0.3125,1.0,0.625,0.178355125,1.0106115,0.8507406875000001
0.3125,1.0,0.6875,0.1687594375,1.018553625,0.8757305625
0.3125,1.0,0.75,0.15916375,1.02649575,0.9007204375000001
0.3125,1.0,0.8125,0.1495680625,1.034437875,0.9257103125000001
0.3125,1.0,0.875,0.139972375,1.04238,0.9507001875000001
0.3125,1.0,0.9375,0.1303766875,1.050322125,0.9756900625
0.3125,1.0,1.0,0.120781,1.05826425,1.0006799375000002
0.375,0.0,0.0,0.479574,-0.0317805,-0.000370875
0.375,0.0,0.0625,0.4699783125,-0.023838375000000002,0.024619000000000002
0.375,0.0,0.125,0.460382625,-0.015896250000000004,0.049608875000000004
0.375,0.0,0.1875,0.4507869375,-0.007954125000000006,0.07459875
0.375,0.0,0.25,0.44119125,-1.2000000000005062e-05,0.099588625
0.375,0.0,0.3125,0.4315955625,0.007930124999999996,0.1245785
0.375,0.0,0.375,0.421999875,0.01587224999999999,0.14956837500000003
0.375,0.0,0.4375,0.4124041875,0.023814374999999992,0.17455825000000003
0.375,0.0,0.5,0.4028085,0.03175649999999999,0.19954812500000002
0.375,0.0,0.5625,0.3932128125,0.03969862499999999,0.22453800000000002
0.375,0.0,0.625,0.383617125,0.047640749999999996,0.249527875
0.375,0.0,0.6875,0.3740214375,0.05558287499999999,0.27451775
0.375,0.0,0.75,0.36442575,0.06352499999999998,0.29950762500000006
0.375,0.0,0.8125,0.3548300625,0.07146712499999999,0.32449750000000005
0.375,0.0,0.875,0.345234375,0.07940924999999999,0.34948737500000004
0.375,0.0,0.9375,0.33563868750000003,0.087351375,0.37447725000000004
0.375,0.0,1.0,0.32604299999999997,0.09529349999999999,0.39946712500000003
0.375,0.0625,0.0,0.4717406875,0.028074125,0.0372010625
0.375,0.0625,0.0625,0.462145,0.03601625,0.0621909375
0.375,0.0625,0.125,0.45254931249999997,0.043958374999999994,0.08718081250000001
0.375,0.0625,0.1875,0.44295362499999996,0.051900499999999995,0.1121706875
0.375,0.0625,0.25,0.43335793749999996,0.059842624999999997,0.1371605625
0.375,0.0625,0.3125,0.42376225,0.06778475,0.1621504375
0.375,0.0625,0.375,0.41416656249999995,0.075726875,0.18714031250000002
0.375,0.0625,0.4375,0.404570875,0.083669,0.2121301875
0.375,0.0625,0.5,0.3949751875,0.09161112499999999,0.2371200625
0.375,0.0625,0.5625,0.3853795,0.09955324999999998,0.2621099375
0.375,0.0625,0.625,0.3757838125,0.107495375,0.2870998125
0.375,0.0625,0.6875,0.366188125,0.1154375,0.3120896875
0.375,0.0625,0.75,0.35659243749999997,0.12337962499999999,0.33707956250000004
0.375,0.0625,0.8125,0.34699674999999996,0.13132175,0.36206943750000004
0.375,0.0625,0.875,0.3374010625,0.13926387499999998,0.38705931250000003
0.375,0.0625,0.9375,0.32780537499999995,0.147206,0.4120491875
0.375,0.0625,1.0,0.3182096875,0.155148125,0.4370390625
0.375,0.125,0.0,0.463907375,0.08792875,0.07477299999999999
0.375,0.125,0.0625,0.4543116875,0.095870875,0.099762875
0.375,0.125,0.125,0.444716,0.103813,0.12475275
0.375,0.125,0.1875,0.4351203125,0.111755125,0.14974262500000002
0.375,0.125,0.25,0.425524625,0.11969725,0.1747325
0.375,0.125,0.3125,0.41592893750000004,0.127639375,0.199722375
0.375,0.125,0.375,0.40633325,0.1355815,0.22471225
0.375,0.125,0.4375,0.39673756250000003,0.143523625,0.249702125
0.375,0.125,0.5,0.387141875,0.15146575,0.274692
0.375,0.125,0.5625,0.3775461875,0.15940787499999998,0.299681875
0.375,0.125,0.625,0.3679505,0.16735,0.32467175
0.375,0.125,0.6875,0.3583548125,0.175292125,0.349661625
0.375,0.125,0.75,0.348759125,0.18323425,0.3746515
0.375,0.125,0.8125,0.3391634375,0.191176375,0.399641375
0.375,0.125,0.875,0.32956775000000005,0.19911849999999998,0.42463125
0.375,0.125,0.9375,0.3199720625,0.207060625,0.449621125
0.375,0.125,1.0,0.31037637500000004,0.21500275,0.474611
0.375,0.1875,0.0,0.4560740625,0.147783375,0.11234493749999999
0.375,0.1875,0.0625,0.446478375,0.1557255,0.1373348125
0.375,0.1875,0.125,0.4368826875,0.16366762499999998,0.1623246875
0.375,0.1875,0.1875,0.427287,0.17160975,0.1873145625
0.375,0.1875,0.25,0.41769131249999997,0.179551875,0.2123044375
0.375,0.1875,0.3125,0.40809562499999996,0.187494,0.2372943125
0.375,0.1875,0.375,0.3984999375,0.195436125,0.26228418750000004
0.375,0.1875,0.4375,0.38890425,0.20337824999999998,0.2872740625
0.375,0.1875,0.5,0.3793085625,0.211320375,0.31226393750000003
0.375,0.1875,0.5625,0.369712875,0.21926249999999997,0.33725381249999997
0.375,0.1875,0.625,0.3601171875,0.227204625,0.3622436875
0.375,0.1875,0.6875,0.3505215,0.23514675,0.38723356249999996
0.375,0.1875,0.75,0.3409258125,0.24308887499999998,0.4122234375
0.375,0.1875,0.8125,0.331330125,0.251031,0.43721331250000006
0.375,0.1875,0.875,0.32173443749999997,0.25897312499999997,0.4622031875
0.375,0.1875,0.9375,0.31213875,0.26691525,0.48719306250000005
0.375,0.1875,1.0,0.30254306249999996,0.27485737499999996,0.5121829375
0.375,0.25,0.0,0.44824075,0.207638,0.149916875
0.375,0.25,0.0625,0.4386450625,0.21558012499999998,0.17490675
0.375,0.25,0.125,0.429049375,0.22352224999999998,0.199896625
0.375,0.25,0.1875,0.4194536875,0.231464375,0.22488650000000002
0.375,0.25,0.25,0.409858,0.2394065,0.249876375
0.375,0.25,0.3125,0.4002623125,0.247348625,0.27486625
0.375,0.25,0.375,0.39066662500000005,0.25529075,0.29985612500000003
0.375,0.25,0.4375,0.38107093750000004,0.263232875,0.324846
0.375,0.25,0.5,0.37147525000000003,0.271175,0.349835875
0.375,0.25,0.5625,0.36187956250000003,0.27911712499999997,0.37482575
0.375,0.25,0.625,0.352283875,0.28705925,0.399815625
0.375,0.25,0.6875,0.3426881875,0.295001375,0.4248055
0.375,0.25,0.75,0.3330925,0.3029435,0.44979537500000005
0.375,0.25,0.8125,0.3234968125,0.310885625,0.47478525000000005
0.375,0.25,0.875,0.313901125,0.31882774999999997,0.49977512500000004
0.375,0.25,0.9375,0.30430543750000005,0.326769875,0.524765
0.375,0.25,1.0,0.29470975,0.334712,0.5497548750000001
0.375,0.3125,0.0,0.4404074375,0.26749262500000004,0.1874888125
0.375,0.3125,0.0625,0.43081175,0.27543475000000006,0.21247868749999999
0.375,0.3125,0.125,0.4212160625,0.28337687500000003,0.23746856249999998
0.375,0.3125,0.1875,0.411620375,0.29131900000000005,0.2624584375
0.375,0.3125,0.25,0.4020246875,0.299261125,0.2874483125
0.375,0.3125,0.3125,0.39242900000000003,0.30720325000000004,0.31243818749999996
0.375,0.3125,0.375,0.38283331249999997,0.31514537500000006,0.3374280625
0.375,0.3125,0.4375,0.373237625,0.3230875,0.3624179375
0.375,0.3125,0.5,0.3636419375,0.33102962500000005,0.3874078125
0.375,0.3125,0.5625,0.35404625,0.33897175,0.4123976875
0.375,0.3125,0.625,0.3444505625,0.34691387500000004,0.4373875625
0.375,0.3125,0.6875,0.334854875,0.35485600000000006,0.4623774375
0.375,0.3125,0.75,0.3252591875,0.362798125,0.48736731250000004
0.375,0.3125,0.8125,0.3156635,0.37074025000000005,0.5123571875
0.375,0.3125,0.875,0.30606781250000004,0.378682375,0.5373470625000001
0.375,0.3125,0.9375,0.296472125,0.38662450000000004,0.5623369375
0.375,0.3125,1.0,0.2868764375,0.39456662500000006,0.5873268125
0.375,0.375,0.0,0.43257412500000003,0.32734725000000003,0.22506075
0.375,0.375,0.0625,0.4229784375,0.33528937500000006,0.250050625
0.375,0.375,0.125,0.41338275,0.3432315,0.2750405
0.375,0.375,0.1875,0.4037870625,0.35117362500000004,0.300030375
0.375,0.375,0.25,0.394191375,0.35911575,0.32502025
0.375,0.375,0.3125,0.38459568750000006,0.36705787500000003,0.350010125
0.375,0.375,0.375,0.375,0.375,0.375
0.375,0.375,0.4375,0.36540431250000005,0.382942125,0.39998987500000005
0.375,0.375,0.5,0.35580862500000005,0.39088425000000004,0.42497975
0.375,0.375,0.5625,0.34621293750000004,0.398826375,0.44996962500000004
0.375,0.375,0.625,0.33661725000000003,0.40676850000000003,0.4749595
0.375,0.375,0.6875,0.32702156250000003,0.414710625,0.49994937500000003
0.375,0.375,0.75,0.317425875,0.42265275,0.5249392500000001
0.375,0.375,0.8125,0.3078301875,0.43059487500000004,0.549929125
0.375,0.375,0.875,0.29823450000000007,0.438537,0.5749190000000001
0.375,0.375,0.9375,0.2886388125,0.44647912500000003,0.599908875
0.375,0.375,1.0,0.27904312500000006,0.45442125,0.6248987500000001
0.375,0.4375,0.0,0.4247408125,0.38720187500000003,0.2626326875
0.375,0.4375,0.0625,0.415145125,0.39514400000000005,0.2876225625
0.375,0.4375,0.125,0.4055494375,0.403086125,0.3126124375
0.375,0.4375,0.1875,0.39595375,0.41102825000000004,0.33760231250000006
0.375,0.4375,0.25,0.3863580625,0.418970375,0.3625921875
0.375,0.4375,0.3125,0.376762375,0.42691250000000003,0.38758206250000005
0.375,0.4375,0.375,0.36716668750000003,0.43485462500000005,0.41257193750000004
0.375,0.4375,0.4375,0.357571,0.44279675,0.43756181250000004
0.375,0.4375,0.5,0.3479753125,0.45073887500000004,0.46255168750000003
0.375,0.4375,0.5625,0.338379625,0.458681,0.4875415625
0.375,0.4375,0.625,0.3287839375,0.466623125,0.5125314375000001
0.375,0.4375,0.6875,0.31918825,0.47456525000000005,0.5375213125
0.375,0.4375,0.75,0.3095925625,0.482507375,0.5625111875000001
0.375,0.4375,0.8125,0.299996875,0.49044950000000004,0.5875010625000001
0.375,0.4375,0.875,0.2904011875,0.498391625,0.6124909375
0.375,0.4375,0.9375,0.28080550000000004,0.50633375,0.6374808125
0.375,0.4375,1.0,0.2712098125,0.514275875,0.6624706875
0.375,0.5,0.0,0.4169075,0.4470565,0.300204625
0.375,0.5,0.0625,0.4073118125,0.45499862500000005,0.3251945
0.375,0.5,0.125,0.397716125,0.46294075,0.350184375
0.375,0.5,0.1875,0.38812043749999997,0.47088287500000003,0.37517425000000004
0.375,0.5,0.25,0.37852474999999997,0.478825,0.400164125
0.375,0.5,0.3125,0.3689290625,0.486767125,0.42515400000000003
0.375,0.5,0.375,0.35933337499999995,0.49470925,0.450143875
0.375,0.5,0.4375,0.3497376875,0.502651375,0.47513375
0.375,0.5,0.5,0.340142,0.5105935,0.5001236250000001
0.375,0.5,0.5625,0.3305463125,0.5185356250000001,0.5251135
0.375,0.5,0.625,0.320950625,0.52647775,0.550103375
0.375,0.5,0.6875,0.3113549375,0.534419875,0.57509325
0.375,0.5,0.75,0.30175925,0.542362,0.600083125
0.375,0.5,0.8125,0.2921635625,0.550304125,0.625073
0.375,0.5,0.875,0.282567875,0.55824625,0.650062875
0.375,0.5,0.9375,0.27297218749999996,0.5661883750000001,0.6750527500000001
0.375,0.5,1.0,0.2633765,0.5741305,0.700042625
0.375,0.5625,0.0,0.4090741875,0.506911125,0.3377765625
0.375,0.5625,0.0625,0.3994785,0.51485325,0.3627664375
0.375,0.5625,0.125,0.3898828125,0.5227953750000001,0.3877563125
0.375,0.5625,0.1875,0.380287125,0.5307375,0.41274618750000003
0.375,0.5625,0.25,0.3706914375,0.538679625,0.43773606249999997
0.375,0.5625,0.3125,0.36109575000000005,0.54662175,0.4627259375
0.375,0.5625,0.375,0.3515000625,0.554563875,0.4877158125
0.375,0.5625,0.4375,0.34190437500000004,0.5625060000000001,0.5127056875
0.375,0.5625,0.5,0.33230868750000003,0.570448125,0.5376955625
0.375,0.5625,0.5625,0.322713,0.57839025,0.5626854375
0.375,0.5625,0.625,0.3131173125,0.586332375,0.5876753125
0.375,0.5625,0.6875,0.303521625,0.5942745,0.6126651875
0.375,0.5625,0.75,0.2939259375,0.6022166250000001,0.6376550625
0.375,0.5625,0.8125,0.28433025,0.61015875,0.6626449375000001
0.375,0.5625,0.875,0.27473456250000006,0.618100875,0.6876348125
0.375,0.5625,0.9375,0.265138875,0.626043,0.7126246875
0.375,0.5625,1.0,0.25554318750000005,0.633985125,0.7376145625
0.375,0.625,0.0,0.401240875,0.5667657500000001,0.3753485
0.375,0.625,0.0625,0.3916451875,0.5747078750000001,0.40033837499999997
0.375,0.625,0.125,0.3820495,0.5826500000000001,0.42532824999999996
0.375,0.625,0.1875,0.3724538125,0.590592125,0.450318125
0.375,0.625,0.25,0.362858125,0.59853425,0.47530799999999995
0.375,0.625,0.3125,0.35326243749999997,0.6064763750000001,0.500297875
0.375,0.625,0.375,0.34366675,0.6144185000000001,0.5252877499999999
0.375,0.625,0.4375,0.3340710625,0.6223606250000001,0.550277625
0.375,0.625,0.5,0.324475375,0.63030275,0.5752675
0.375,0.625,0.5625,0.3148796875,0.638244875,0.600257375
0.375,0.625,0.625,0.305284,0.6461870000000001,0.6252472499999999
0.375,0.625,0.6875,0.2956883125,0.6541291250000001,0.650237125
0.375,0.625,0.75,0.286092625,0.6620712500000001,0.675227
0.375,0.625,0.8125,0.2764969375,0.670013375,0.700216875
0.375,0.625,0.875,0.26690125,0.6779555,0.72520675
0.375,0.625,0.9375,0.25730556250000003,0.6858976250000001,0.7501966250000001
0.375,0.625,1.0,0.247709875,0.6938397500000001,0.7751865
0.375,0.6875,0.0,0.3934075625,0.626620375,0.4129204375
0.375,0.6875,0.0625,0.38381187499999997,0.6345625,0.4379103125
0.375,0.6875,0.125,0.37421618749999996,0.642504625,0.4629001875
0.375,0.6875,0.1875,0.36462049999999996,0.65044675,0.4878900625
0.375,0.6875,0.25,0.35502481249999995,0.658388875,0.5128799375
0.375,0.6875,0.3125,0.345429125,0.666331,0.5378698125
0.375,0.6875,0.375,0.33583343749999994,0.674273125,0.5628596875
0.375,0.6875,0.4375,0.32623775,0.68221525,0.5878495625
0.375,0.6875,0.5,0.3166420625,0.690157375,0.6128394375
0.375,0.6875,0.5625,0.307046375,0.6980995,0.6378293125000001
0.375,0.6875,0.625,0.2974506875,0.706041625,0.6628191875
0.375,0.6875,0.6875,0.28785499999999997,0.71398375,0.6878090625
0.375,0.6875,0.75,0.27825931249999997,0.7219258749999999,0.7127989375000001
0.375,0.6875,0.8125,0.26866362499999996,0.729868,0.7377888125000001
0.375,0.6875,0.875,0.2590679375,0.737810125,0.7627786875
0.375,0.6875,0.9375,0.24947224999999998,0.74575225,0.7877685625
0.375,0.6875,1.0,0.23987656249999997,0.753694375,0.8127584375000001
0.375,0.75,0.0,0.38557425,0.6864750000000001,0.450492375
0.375,0.75,0.0625,0.3759785625,0.6944171250000001,0.47548225
0.375,0.75,0.125,0.366382875,0.7023592500000001,0.500472125
0.375,0.75,0.1875,0.3567871875,0.710301375,0.525462
0.375,0.75,0.25,0.3471915,0.7182435,0.550451875
0.375,0.75,0.3125,0.33759581250000004,0.7261856250000001,0.57544175
0.375,0.75,0.375,0.328000125,0.7341277500000001,0.600431625
0.375,0.75,0.4375,0.3184044375,0.7420698750000001,0.6254215000000001
0.375,0.75,0.5,0.30880875,0.750012,0.650411375
0.375,0.75,0.5625,0.2992130625,0.757954125,0.67540125
0.375,0.75,0.625,0.289617375,0.7658962500000001,0.700391125
0.375,0.75,0.6875,0.2800216875,0.7738383750000001,0.725381
0.375,0.75,0.75,0.270426,0.7817805,0.750370875
0.375,0.75,0.8125,0.2608303125,0.789722625,0.77536075
0.375,0.75,0.875,0.25123462500000004,0.79766475,0.8003506250000001
0.375,0.75,0.9375,0.2416389375,0.8056068750000001,0.8253405
0.375,0.75,1.0,0.23204325,0.8135490000000001,0.850330375
0.375,0.8125,0.0,0.3777409375,0.746329625,0.4880643125
0.375,0.8125,0.0625,0.36814525,0.75427175,0.5130541875
0.375,0.8125,0.125,0.3585495625,0.762213875,0.5380440625
0.375,0.8125,0.1875,0.34895387499999997,0.770156,0.5630339375
0.375,0.8125,0.25,0.33935818749999996,0.778098125,0.5880238125
0.375,0.8125,0.3125,0.32976249999999996,0.78604025,0.6130136875
0.375,0.8125,0.375,0.3201668125,0.793982375,0.6380035625
0.375,0.8125,0.4375,0.310571125,0.8019245,0.6629934375
0.375,0.8125,0.5,0.3009754375,0.809866625,0.6879833125
0.375,0.8125,0.5625,0.29137975,0.81780875,0.7129731875
0.375,0.8125,0.625,0.2817840625,0.825750875,0.7379630625
0.375,0.8125,0.6875,0.272188375,0.833693,0.7629529374999999
0.375,0.8125,0.75,0.2625926875,0.841635125,0.7879428125000001
0.375,0.8125,0.8125,0.25299699999999997,0.84957725,0.8129326875
0.375,0.8125,0.875,0.2434013125,0.857519375,0.8379225625
0.375,0.8125,0.9375,0.233805625,0.8654615,0.8629124375
0.375,0.8125,1.0,0.22420993749999998,0.873403625,0.8879023125000001
0.375,0.875,0.0,0.369907625,0.80618425,0.52563625
0.375,0.875,0.0625,0.3603119375,0.8141263750000001,0.5506261250000001
0.375,0.875,0.125,0.35071625,0.8220685000000001,0.575616
0.375,0.875,0.1875,0.3411205625,0.830010625,0.6006058750000001
0.375,0.875,0.25,0.331524875,0.83795275,0.62559575
0.375,0.875,0.3125,0.3219291875,0.845894875,0.6505856250000001
0.375,0.875,0.375,0.31233350000000004,0.8538370000000001,0.6755755000000001
0.375,0.875,0.4375,0.30273781250000004,0.8617791250000001,0.700565375
0.375,0.875,0.5,0.29314212500000003,0.86972125,0.72555525
0.375,0.875,0.5625,0.2835464375,0.877663375,0.750545125
0.375,0.875,0.625,0.27395075,0.8856055,0.7755350000000001
0.375,0.875,0.6875,0.2643550625,0.8935476250000001,0.800524875
0.375,0.875,0.75,0.254759375,0.9014897500000001,0.8255147500000001
0.375,0.875,0.8125,0.2451636875,0.909431875,0.8505046250000001
0.375,0.875,0.875,0.23556800000000003,0.917374,0.8754945000000001
0.375,0.875,0.9375,0.22597231250000002,0.925316125,0.900484375
0.375,0.875,1.0,0.21637662500000002,0.9332582500000001,0.92547425
0.375,0.9375,0.0,0.3620743125,0.866038875,0.5632081875
0.375,0.9375,0.0625,0.352478625,0.873981,0.5881980625000001
0.375,0.9375,0.125,0.3428829375,0.881923125,0.6131879375
0.375,0.9375,0.1875,0.33328725,0.8898652499999999,0.6381778125
0.375,0.9375,0.25,0.3236915625,0.897807375,0.6631676875
0.375,0.9375,0.3125,0.314095875,0.9057495,0.6881575625
0.375,0.9375,0.375,0.30450018749999996,0.913691625,0.7131474375
0.375,0.9375,0.4375,0.2949045,0.92163375,0.7381373125
0.375,0.9375,0.5,0.2853088125,0.9295758749999999,0.7631271875000001
0.375,0.9375,0.5625,0.275713125,0.937518,0.7881170625
0.375,0.9375,0.625,0.2661174375,0.945460125,0.8131069375
0.375,0.9375,0.6875,0.25652175,0.95340225,0.8380968125
0.375,0.9375,0.75,0.2469260625,0.9613443749999999,0.8630866875000001
0.375,0.9375,0.8125,0.23733037499999998,0.9692864999999999,0.8880765625
0.375,0.9375,0.875,0.2277346875,0.977228625,0.9130664375
0.375,0.9375,0.9375,0.218139,0.98517075,0.9380563125000001
0.375,0.9375,1.0,0.2085433125,0.993112875,0.9630461875
0.375,1.0,0.0,0.35424100000000003,0.9258935,0.600780125
0.375,1.0,0.0625,0.3446453125,0.9338356250000001,0.62577
0.375,1.0,0.125,0.335049625,0.9417777500000001,0.650759875
0.375,1.0,0.1875,0.3254539375,0.949719875,0.67574975
0.375,1.0,0.25,0.31585825,0.957662,0.700739625
0.375,1.0,0.3125,0.30626256250000006,0.965604125,0.7257295
0.375,1.0,0.375,0.296666875,0.9735462500000001,0.7507193750000001
0.375,1.0,0.4375,0.28707118750000005,0.9814883750000001,0.77570925
0.375,1.0,0.5,0.27747550000000004,0.9894305,0.800699125
0.375,1.0,0.5625,0.26787981250000004,0.997372625,0.825689
0.375,1.0,0.625,0.25828412500000003,1.0053147500000001,0.8506788750000001
0.375,1.0,0.6875,0.24868843750000003,1.013256875,0.87566875
0.375,1.0,0.75,0.23909275000000002,1.021199,0.900658625
0.375,1.0,0.8125,0.22949706250000002,1.029141125,0.9256485000000001
0.375,1.0,0.875,0.21990137500000004,1.03708325,0.950638375
0.375,1.0,0.9375,0.21030568750000003,1.045025375,0.97562825
0.375,1.0,1.0,0.20071000000000003,1.0529675,1.000618125
0.4375,0.0,0.0,0.559503,-0.03707725,-0.0004326875
0.4375,0.0,0.0625,0.5499073125,-0.029135124999999998,0.0245571875
0.4375,0.0,0.125,0.540311625,-0.021193,0.0495470625
0.4375,0.0,0.1875,0.5307159375,-0.013250875000000002,0.07453693750000001
0.4375,0.0,0.25,0.52112025,-0.005308750000000001,0.0995268125
0.4375,0.0,0.3125,0.5115245625,0.0026333750000000003,0.1245166875
0.4375,0.0,0.375,0.5019288749999999,0.010575499999999995,0.14950656250000002
0.4375,0.0,0.4375,0.4923331875,0.018517624999999996,0.17449643750000002
0.4375,0.0,0.5,0.4827375,0.026459749999999997,0.1994863125
0.4375,0.0,0.5625,0.4731418125,0.03440187499999999,0.2244761875
0.4375,0.0,0.625,0.463546125,0.042344,0.2494660625
0.4375,0.0,0.6875,0.45395043749999997,0.050286124999999994,0.2744559375
0.4375,0.0,0.75,0.44435474999999997,0.05822824999999999,0.2994458125000001
0.4375,0.0,0.8125,0.43475906249999996,0.066170375,0.32443568750000007
0.4375,0.0,0.875,0.425163375,0.0741125,0.34942556250000006
0.4375,0.0,0.9375,0.41556768749999995,0.08205462499999999,0.37441543750000006
0.4375,0.0,1.0,0.405972,0.08999674999999999,0.39940531250000005
0.4375,0.0625,0.0,0.5516696875,0.022777375000000002,0.03713925
0.4375,0.0625,0.0625,0.5420740000000001,0.030719500000000004,0.062129125
0.4375,0.0625,0.125,0.5324783125,0.038661625000000005,0.087119
0.4375,0.0625,0.1875,0.522882625,0.04660375,0.11210887500000001
0.4375,0.0625,0.25,0.5132869375,0.054545875,0.13709875
0.4375,0.0625,0.3125,0.50369125,0.062488,0.162088625
0.4375,0.0625,0.375,0.4940955625,0.070430125,0.18707850000000004
0.4375,0.0625,0.4375,0.484499875,0.07837225,0.21206837500000003
0.4375,0.0625,0.5,0.4749041875,0.086314375,0.23705825000000003
0.4375,0.0625,0.5625,0.4653085,0.0942565,0.262048125
0.4375,0.0625,0.625,0.4557128125,0.102198625,0.287038
0.4375,0.0625,0.6875,0.446117125,0.11014075,0.312027875
0.4375,0.0625,0.75,0.4365214375,0.11808287499999999,0.33701775000000006
0.4375,0.0625,0.8125,0.42692575,0.126025,0.36200762500000006
0.4375,0.0625,0.875,0.41733006250000004,0.133967125,0.38699750000000005
0.4375,0.0625,0.9375,0.407734375,0.14190925,0.41198737500000004
0.4375,0.0625,1.0,0.39813868750000003,0.149851375,0.43697725000000004
0.4375,0.125,0.0,0.5438363749999999,0.08263200000000001,0.0747111875
0.4375,0.125,0.0625,0.5342406875,0.090574125,0.09970106249999999
0.4375,0.125,0.125,0.5246449999999999,0.09851625000000001,0.1246909375
0.4375,0.125,0.1875,0.5150493125,0.10645837500000001,0.1496808125
0.4375,0.125,0.25,0.5054536249999999,0.11440050000000002,0.1746706875
0.4375,0.125,0.3125,0.49585793749999996,0.12234262500000001,0.1996605625
0.4375,0.125,0.375,0.4862622499999999,0.13028475,0.22465043750000002
0.4375,0.125,0.4375,0.47666656249999995,0.138226875,0.24964031250000002
0.4375,0.125,0.5,0.46707087499999994,0.146169,0.2746301875
0.4375,0.125,0.5625,0.45747518749999994,0.15411112500000002,0.2996200625
0.4375,0.125,0.625,0.44787949999999993,0.16205325,0.3246099375
0.4375,0.125,0.6875,0.4382838124999999,0.169995375,0.3495998125
0.4375,0.125,0.75,0.4286881249999999,0.1779375,0.37458968750000005
0.4375,0.125,0.8125,0.4190924374999999,0.185879625,0.39957956250000004
0.4375,0.125,0.875,0.40949674999999996,0.19382175000000001,0.42456943750000004
0.4375,0.125,0.9375,0.3999010624999999,0.201763875,0.44955931250000003
0.4375,0.125,1.0,0.39030537499999995,0.209706,0.4745491875
0.4375,0.1875,0.0,0.5360030625,0.142486625,0.112283125
0.4375,0.1875,0.0625,0.526407375,0.15042875,0.137273
0.4375,0.1875,0.125,0.5168116875,0.158370875,0.162262875
0.4375,0.1875,0.1875,0.507216,0.166313,0.18725275000000002
0.4375,0.1875,0.25,0.49762031249999994,0.174255125,0.21224262500000002
0.4375,0.1875,0.3125,0.488024625,0.18219725,0.2372325
0.4375,0.1875,0.375,0.47842893749999993,0.190139375,0.262222375
0.4375,0.1875,0.4375,0.46883325,0.1980815,0.28721225
0.4375,0.1875,0.5,0.4592375625,0.206023625,0.312202125
0.4375,0.1875,0.5625,0.44964187499999997,0.21396575,0.337192
0.4375,0.1875,0.625,0.44004618749999996,0.221907875,0.362181875
0.4375,0.1875,0.6875,0.43045049999999996,0.22985,0.38717175
0.4375,0.1875,0.75,0.42085481249999995,0.237792125,0.41216162500000003
0.4375,0.1875,0.8125,0.41125912499999995,0.24573425,0.4371515
0.4375,0.1875,0.875,0.4016634375,0.253676375,0.462141375
0.4375,0.1875,0.9375,0.39206774999999994,0.2616185,0.48713125
0.4375,0.1875,1.0,0.3824720625,0.269560625,0.5121211250000001
0.4375,0.25,0.0,0.52816975,0.20234125,0.1498550625
0.4375,0.25,0.0625,0.5185740625,0.210283375,0.1748449375
0.4375,0.25,0.125,0.508978375,0.2182255,0.19983481250000001
0.4375,0.25,0.1875,0.4993826875,0.22616762499999998,0.2248246875
0.4375,0.25,0.25,0.489787,0.23410975,0.2498145625
0.4375,0.25,0.3125,0.4801913125,0.242051875,0.2748044375
0.4375,0.25,0.375,0.47059562499999996,0.249994,0.2997943125
0.4375,0.25,0.4375,0.4609999375,0.257936125,0.32478418750000004
0.4375,0.25,0.5,0.45140425,0.26587825,0.3497740625
0.4375,0.25,0.5625,0.4418085625,0.273820375,0.37476393750000003
0.4375,0.25,0.625,0.432212875,0.2817625,0.39975381249999997
0.4375,0.25,0.6875,0.4226171875,0.289704625,0.4247436875
0.4375,0.25,0.75,0.4130215,0.29764674999999996,0.4497335625000001
0.4375,0.25,0.8125,0.4034258125,0.305588875,0.4747234375
0.4375,0.25,0.875,0.39383012500000003,0.313531,0.49971331250000006
0.4375,0.25,0.9375,0.38423443749999997,0.321473125,0.5247031875
0.4375,0.25,1.0,0.37463875,0.32941525,0.5496930625
0.4375,0.3125,0.0,0.5203364374999999,0.262195875,0.18742699999999998
0.4375,0.3125,0.0625,0.51074075,0.27013800000000004,0.21241687499999998
0.4375,0.3125,0.125,0.5011450624999999,0.278080125,0.23740675
0.4375,0.3125,0.1875,0.4915493749999999,0.28602225000000003,0.262396625
0.4375,0.3125,0.25,0.4819536874999999,0.293964375,0.2873865
0.4375,0.3125,0.3125,0.47235799999999994,0.3019065,0.312376375
0.4375,0.3125,0.375,0.4627623124999999,0.309848625,0.33736625
0.4375,0.3125,0.4375,0.45316662499999993,0.31779075,0.36235612500000003
0.4375,0.3125,0.5,0.44357093749999993,0.32573287500000003,0.38734599999999997
0.4375,0.3125,0.5625,0.4339752499999999,0.333675,0.412335875
0.4375,0.3125,0.625,0.4243795624999999,0.341617125,0.43732574999999996
0.4375,0.3125,0.6875,0.4147838749999999,0.34955925,0.462315625
0.4375,0.3125,0.75,0.4051881874999999,0.357501375,0.48730550000000006
0.4375,0.3125,0.8125,0.3955924999999999,0.36544350000000003,0.512295375
0.4375,0.3125,0.875,0.38599681249999995,0.373385625,0.53728525
0.4375,0.3125,0.9375,0.3764011249999999,0.38132775,0.562275125
0.4375,0.3125,1.0,0.36680543749999994,0.389269875,0.587265
0.4375,0.375,0.0,0.512503125,0.3220505,0.2249989375
0.4375,0.375,0.0625,0.5029074375,0.32999262500000004,0.2499888125
0.4375,0.375,0.125,0.49331174999999994,0.33793475,0.2749786875
0.4375,0.375,0.1875,0.48371606249999993,0.34587687500000003,0.29996856250000004
0.4375,0.375,0.25,0.4741203749999999,0.353819,0.3249584375
0.4375,0.375,0.3125,0.4645246875,0.361761125,0.3499483125
0.4375,0.375,0.375,0.4549289999999999,0.36970325000000004,0.3749381875
0.4375,0.375,0.4375,0.44533331249999997,0.377645375,0.3999280625
0.4375,0.375,0.5,0.43573762499999996,0.3855875,0.4249179375
0.4375,0.375,0.5625,0.42614193749999996,0.393529625,0.4499078125
0.4375,0.375,0.625,0.41654624999999995,0.40147175,0.4748976875
0.4375,0.375,0.6875,0.40695056249999995,0.40941387500000004,0.4998875625
0.4375,0.375,0.75,0.39735487499999994,0.417356,0.5248774375
0.4375,0.375,0.8125,0.38775918749999994,0.425298125,0.5498673125
0.4375,0.375,0.875,0.3781635,0.43324025,0.5748571875
0.4375,0.375,0.9375,0.3685678124999999,0.441182375,0.5998470625000001
0.4375,0.375,1.0,0.358972125,0.44912450000000004,0.6248369375
0.4375,0.4375,0.0,0.5046698125,0.381905125,0.26257087500000004
0.4375,0.4375,0.0625,0.495074125,0.38984725000000003,0.28756075000000003
0.4375,0.4375,0.125,0.48547843749999997,0.397789375,0.312550625
0.4375,0.4375,0.1875,0.47588274999999997,0.4057315,0.3375405
0.4375,0.4375,0.25,0.46628706249999996,0.413673625,0.36253037500000007
0.4375,0.4375,0.3125,0.456691375,0.42161575,0.38752025
0.4375,0.4375,0.375,0.44709568749999995,0.429557875,0.41251012500000006
0.4375,0.4375,0.4375,0.4375,0.4375,0.43750000000000006
0.4375,0.4375,0.5,0.4279043125,0.445442125,0.46248987500000005
0.4375,0.4375,0.5625,0.418308625,0.45338425,0.48747975000000004
0.4375,0.4375,0.625,0.4087129375,0.461326375,0.512469625
0.4375,0.4375,0.6875,0.39911725,0.4692685,0.5374595
0.4375,0.4375,0.75,0.3895215625,0.477210625,0.5624493750000001
0.4375,0.4375,0.8125,0.37992587499999997,0.48515275,0.5874392500000001
0.4375,0.4375,0.875,0.3703301875,0.493094875,0.612429125
0.4375,0.4375,0.9375,0.36073449999999996,0.501037,0.6374190000000001
0.4375,0.4375,1.0,0.3511388125,0.508979125,0.6624088750000001
0.4375,0.5,0.0,0.49683649999999996,0.44175975,0.3001428125
0.4375,0.5,0.0625,0.48724081249999995,0.44970187500000003,0.3251326875
0.4375,0.5,0.125,0.47764512499999995,0.457644,0.3501225625
0.4375,0.5,0.1875,0.46804943749999994,0.465586125,0.3751124375
0.4375,0.5,0.25,0.45845374999999994,0.47352825,0.40010231250000006
0.4375,0.5,0.3125,0.44885806249999993,0.481470375,0.4250921875
0.4375,0.5,0.375,0.439262375,0.48941250000000003,0.45008206250000005
0.4375,0.5,0.4375,0.4296666875,0.497354625,0.47507193750000004
0.4375,0.5,0.5,0.42007099999999997,0.50529675,0.5000618125
0.4375,0.5,0.5625,0.41047531249999997,0.513238875,0.5250516875
0.4375,0.5,0.625,0.40087962499999996,0.521181,0.5500415625
0.4375,0.5,0.6875,0.39128393749999996,0.529123125,0.5750314375000001
0.4375,0.5,0.75,0.38168824999999995,0.5370652499999999,0.6000213125
0.4375,0.5,0.8125,0.37209256249999995,0.545007375,0.6250111875000001
0.4375,0.5,0.875,0.36249687499999994,0.5529495,0.6500010625000001
0.4375,0.5,0.9375,0.3529011875,0.560891625,0.6749909375
0.4375,0.5,1.0,0.34330549999999993,0.56883375,0.6999808125
0.4375,0.5625,0.0,0.4890031875,0.5016143750000001,0.33771475
0.4375,0.5625,0.0625,0.4794075,0.5095565000000001,0.362704625
0.4375,0.5625,0.125,0.4698118125,0.5174986250000001,0.3876945
0.4375,0.5625,0.1875,0.460216125,0.52544075,0.412684375
0.4375,0.5625,0.25,0.45062043749999997,0.533382875,0.43767425000000004
0.4375,0.5625,0.3125,0.44102474999999997,0.5413250000000001,0.462664125
0.4375,0.5625,0.375,0.4314290625,0.5492671250000001,0.48765400000000003
0.4375,0.5625,0.4375,0.421833375,0.5572092500000001,0.512643875
0.4375,0.5625,0.5,0.4122376875,0.565151375,0.53763375
0.4375,0.5625,0.5625,0.402642,0.5730935,0.5626236250000001
0.4375,0.5625,0.625,0.3930463125,0.5810356250000001,0.5876135
0.4375,0.5625,0.6875,0.383450625,0.5889777500000001,0.612603375
0.4375,0.5625,0.75,0.3738549375,0.596919875,0.6375932500000001
0.4375,0.5625,0.8125,0.36425925,0.604862,0.662583125
0.4375,0.5625,0.875,0.3546635625,0.612804125,0.687573
0.4375,0.5625,0.9375,0.345067875,0.62074625,0.712562875
0.4375,0.5625,1.0,0.33547218749999996,0.6286883750000001,0.7375527500000001
0.4375,0.625,0.0,0.48116987499999997,0.5614690000000001,0.3752866875
0.4375,0.625,0.0625,0.47157418749999996,0.5694111250000001,0.4002765625
0.4375,0.625,0.125,0.46197849999999996,0.5773532500000002,0.4252664375
0.4375,0.625,0.1875,0.45238281249999995,0.5852953750000001,0.4502563125
0.4375,0.625,0.25,0.44278712499999995,0.5932375000000001,0.47524618750000003
0.4375,0.625,0.3125,0.4331914375,0.6011796250000001,0.5002360625
0.4375,0.625,0.375,0.42359574999999994,0.6091217500000001,0.5252259375
0.4375,0.625,0.4375,0.4140000625,0.6170638750000002,0.5502158125000001
0.4375,0.625,0.5,0.404404375,0.6250060000000001,0.5752056875
0.4375,0.625,0.5625,0.3948086875,0.6329481250000001,0.6001955625
0.4375,0.625,0.625,0.38521299999999997,0.6408902500000001,0.6251854375
0.4375,0.625,0.6875,0.37561731249999997,0.6488323750000001,0.6501753125
0.4375,0.625,0.75,0.36602162499999996,0.6567745,0.6751651875
0.4375,0.625,0.8125,0.35642593749999996,0.6647166250000001,0.7001550625
0.4375,0.625,0.875,0.34683025,0.6726587500000001,0.7251449375000001
0.4375,0.625,0.9375,0.33723456249999995,0.6806008750000001,0.7501348125
0.4375,0.625,1.0,0.327638875,0.6885430000000001,0.7751246875
0.4375,0.6875,0.0,0.4733365625,0.621323625,0.41285862500000003
0.4375,0.6875,0.0625,0.463740875,0.6292657500000001,0.43784850000000003
0.4375,0.6875,0.125,0.4541451875,0.6372078750000001,0.462838375
0.4375,0.6875,0.1875,0.4445495,0.64515,0.4878282500000001
0.4375,0.6875,0.25,0.4349538125,0.653092125,0.512818125
0.4375,0.6875,0.3125,0.42535812500000003,0.66103425,0.5378080000000001
0.4375,0.6875,0.375,0.41576243749999997,0.6689763750000001,0.562797875
0.4375,0.6875,0.4375,0.40616675,0.6769185000000001,0.58778775
0.4375,0.6875,0.5,0.3965710625,0.684860625,0.6127776250000001
0.4375,0.6875,0.5625,0.386975375,0.69280275,0.6377675
0.4375,0.6875,0.625,0.3773796875,0.700744875,0.662757375
0.4375,0.6875,0.6875,0.367784,0.7086870000000001,0.68774725
0.4375,0.6875,0.75,0.3581883125,0.7166291250000001,0.7127371250000001
0.4375,0.6875,0.8125,0.348592625,0.72457125,0.737727
0.4375,0.6875,0.875,0.33899693750000004,0.732513375,0.7627168750000001
0.4375,0.6875,0.9375,0.32940125,0.7404555,0.7877067500000001
0.4375,0.6875,1.0,0.31980556250000003,0.7483976250000001,0.8126966250000001
0.4375,0.75,0.0,0.46550325,0.6811782500000001,0.4504305625
0.4375,0.75,0.0625,0.4559075625,0.6891203750000001,0.4754204375
0.4375,0.75,0.125,0.44631187499999997,0.6970625000000001,0.5004103125
0.4375,0.75,0.1875,0.43671618749999996,0.705004625,0.5254001875000001
0.4375,0.75,0.25,0.42712049999999996,0.7129467500000001,0.5503900625
0.4375,0.75,0.3125,0.41752481249999995,0.7208888750000001,0.5753799375
0.4375,0.75,0.375,0.407929125,0.7288310000000001,0.6003698125000001
0.4375,0.75,0.4375,0.3983334375,0.7367731250000001,0.6253596875
0.4375,0.75,0.5,0.38873775,0.74471525,0.6503495625
0.4375,0.75,0.5625,0.3791420625,0.7526573750000001,0.6753394375
0.4375,0.75,0.625,0.369546375,0.7605995000000001,0.7003293125000001
0.4375,0.75,0.6875,0.3599506875,0.7685416250000001,0.7253191875
0.4375,0.75,0.75,0.35035499999999997,0.7764837500000001,0.7503090625000001
0.4375,0.75,0.8125,0.34075931249999997,0.784425875,0.7752989375000001
0.4375,0.75,0.875,0.33116362499999996,0.7923680000000001,0.8002888125000001
0.4375,0.75,0.9375,0.3215679375,0.8003101250000001,0.8252786875
0.4375,0.75,1.0,0.31197224999999995,0.8082522500000001,0.8502685625
0.4375,0.8125,0.0,0.45766993749999996,0.741032875,0.4880025
0.4375,0.8125,0.0625,0.44807424999999995,0.7489750000000001,0.5129923750000001
0.4375,0.8125,0.125,0.43847856249999995,0.7569171250000001,0.53798225
0.4375,0.8125,0.1875,0.42888287499999994,0.76485925,0.562972125
0.4375,0.8125,0.25,0.41928718749999994,0.772801375,0.587962
0.4375,0.8125,0.3125,0.4096915,0.7807435,0.612951875
0.4375,0.8125,0.375,0.4000958124999999,0.7886856250000001,0.63794175
0.4375,0.8125,0.4375,0.390500125,0.7966277500000001,0.662931625
0.4375,0.8125,0.5,0.38090443749999997,0.804569875,0.6879215000000001
0.4375,0.8125,0.5625,0.37130874999999997,0.812512,0.712911375
0.4375,0.8125,0.625,0.36171306249999996,0.820454125,0.73790125
0.4375,0.8125,0.6875,0.35211737499999995,0.8283962500000001,0.762891125
0.4375,0.8125,0.75,0.34252168749999995,0.836338375,0.787881
0.4375,0.8125,0.8125,0.33292599999999994,0.8442805,0.812870875
0.4375,0.8125,0.875,0.3233303125,0.852222625,0.83786075
0.4375,0.8125,0.9375,0.31373462499999993,0.86016475,0.8628506250000001
0.4375,0.8125,1.0,0.3041389375,0.8681068750000001,0.8878405
0.4375,0.875,0.0,0.449836625,0.8008875000000001,0.5255744375
0.4375,0.875,0.0625,0.4402409375,0.8088296250000001,0.5505643125
0.4375,0.875,0.125,0.43064525,0.8167717500000001,0.5755541875
0.4375,0.875,0.1875,0.4210495625,0.824713875,0.6005440625
0.4375,0.875,0.25,0.41145387499999997,0.8326560000000001,0.6255339375
0.4375,0.875,0.3125,0.4018581875,0.8405981250000001,0.6505238125
0.4375,0.875,0.375,0.39226249999999996,0.8485402500000001,0.6755136875000001
0.4375,0.875,0.4375,0.3826668125,0.8564823750000001,0.7005035625
0.4375,0.875,0.5,0.373071125,0.8644245,0.7254934375
0.4375,0.875,0.5625,0.3634754375,0.8723666250000001,0.7504833125
0.4375,0.875,0.625,0.35387975,0.8803087500000001,0.7754731875
0.4375,0.875,0.6875,0.3442840625,0.8882508750000001,0.8004630625
0.4375,0.875,0.75,0.334688375,0.896193,0.8254529375
0.4375,0.875,0.8125,0.3250926875,0.904135125,0.8504428125000001
0.4375,0.875,0.875,0.315497,0.9120772500000001,0.8754326875
0.4375,0.875,0.9375,0.30590131249999997,0.9200193750000001,0.9004225625
0.4375,0.875,1.0,0.296305625,0.9279615000000001,0.9254124375
0.4375,0.9375,0.0,0.44200331249999997,0.860742125,0.563146375
0.4375,0.9375,0.0625,0.43240762499999996,0.86868425,0.58813625
0.4375,0.9375,0.125,0.42281193749999996,0.8766263750000001,0.613126125
0.4375,0.9375,0.1875,0.41321624999999995,0.8845685,0.638116
0.4375,0.9375,0.25,0.40362056249999995,0.892510625,0.663105875
0.4375,0.9375,0.3125,0.39402487499999994,0.90045275,0.68809575
0.4375,0.9375,0.375,0.3844291875,0.908394875,0.713085625
0.4375,0.9375,0.4375,0.3748335,0.9163370000000001,0.7380755
0.4375,0.9375,0.5,0.3652378125,0.924279125,0.763065375
0.4375,0.9375,0.5625,0.355642125,0.93222125,0.78805525
0.4375,0.9375,0.625,0.34604643749999997,0.940163375,0.8130451249999999
0.4375,0.9375,0.6875,0.33645074999999997,0.9481055,0.838035
0.4375,0.9375,0.75,0.32685506249999996,0.9560476250000001,0.863024875
0.4375,0.9375,0.8125,0.31725937499999995,0.96398975,0.88801475
0.4375,0.9375,0.875,0.30766368749999995,0.971931875,0.913004625
0.4375,0.9375,0.9375,0.298068,0.979874,0.9379945000000001
0.4375,0.9375,1.0,0.28847231249999994,0.987816125,0.962984375
0.4375,1.0,0.0,0.43416999999999994,0.9205967500000001,0.6007183125
0.4375,1.0,0.0625,0.42457431249999994,0.9285388750000001,0.6257081875
0.4375,1.0,0.125,0.41497862499999993,0.9364810000000001,0.6506980625
0.4375,1.0,0.1875,0.40538293749999993,0.944423125,0.6756879375
0.4375,1.0,0.25,0.3957872499999999,0.95236525,0.7006778124999999
0.4375,1.0,0.3125,0.3861915625,0.9603073750000001,0.7256676875
0.4375,1.0,0.375,0.3765958749999999,0.9682495000000001,0.7506575625
0.4375,1.0,0.4375,0.36700018749999996,0.9761916250000001,0.7756474375
0.4375,1.0,0.5,0.35740449999999996,0.98413375,0.8006373124999999
0.4375,1.0,0.5625,0.34780881249999995,0.992075875,0.8256271875
0.4375,1.0,0.625,0.33821312499999995,1.000018,0.8506170625
0.4375,1.0,0.6875,0.32861743749999994,1.007960125,0.8756069375
0.4375,1.0,0.75,0.31902174999999994,1.0159022500000001,0.9005968125
0.4375,1.0,0.8125,0.30942606249999993,1.0238443750000001,0.9255866875000001
0.4375,1.0,0.875,0.299830375,1.0317865000000002,0.9505765625
0.4375,1.0,0.9375,0.2902346874999999,1.039728625,0.9755664374999999
0.4375,1.0,1.0,0.28063899999999997,1.04767075,1.0005563125
0.5,0.0,0.0,0.639432,-0.042374,-0.0004945
0.5,0.0,0.0625,0.6298363125,-0.034431875,0.024495375000000003
0.5,0.0,0.125,0.620240625,-0.026489750000000003,0.04948525
0.5,0.0,0.1875,0.6106449375,-0.018547625000000005,0.07447512500000002
0.5,0.0,0.25,0.60104925,-0.010605500000000004,0.09946500000000001
0.5,0.0,0.3125,0.5914535625,-0.0026633750000000025,0.124454875
0.5,0.0,0.375,0.581857875,0.005278749999999992,0.14944475000000002
0.5,0.0,0.4375,0.5722621875,0.013220874999999993,0.174434625
0.5,0.0,0.5,0.5626665,0.021162999999999994,0.1994245
0.5,0.0,0.5625,0.5530708125,0.02910512499999999,0.224414375
0.5,0.0,0.625,0.5434751250000001,0.03704725,0.24940425
0.5,0.0,0.6875,0.5338794375,0.04498937499999999,0.274394125
0.5,0.0,0.75,0.5242837499999999,0.052931499999999986,0.29938400000000004
0.5,0.0,0.8125,0.5146880625,0.060873624999999994,0.32437387500000003
0.5,0.0,0.875,0.505092375,0.06881574999999998,0.34936375000000003
0.5,0.0,0.9375,0.4954966875,0.076757875,0.374353625
0.5,0.0,1.0,0.485901,0.0847,0.3993435
0.5,0.0625,0.0,0.6315986875,0.017480625,0.0370774375
0.5,0.0625,0.0625,0.6220030000000001,0.02542275,0.0620673125
0.5,0.0625,0.125,0.6124073125,0.033364875,0.0870571875
0.5,0.0625,0.1875,0.6028116250000001,0.041306999999999996,0.11204706250000002
0.5,0.0625,0.25,0.5932159375,0.049249125,0.1370369375
0.5,0.0625,0.3125,0.5836202500000001,0.05719125,0.1620268125
0.5,0.0625,0.375,0.5740245625,0.065133375,0.18701668750000003
0.5,0.0625,0.4375,0.564428875,0.07307549999999999,0.21200656250000002
0.5,0.0625,0.5,0.5548331875,0.081017625,0.23699643750000002
0.5,0.0625,0.5625,0.5452375,0.08895974999999999,0.2619863125
0.5,0.0625,0.625,0.5356418125,0.096901875,0.2869761875
0.5,0.0625,0.6875,0.526046125,0.10484399999999999,0.3119660625
0.5,0.0625,0.75,0.5164504375000001,0.11278612499999999,0.3369559375
0.5,0.0625,0.8125,0.50685475,0.12072825,0.3619458125
0.5,0.0625,0.875,0.49725906250000007,0.128670375,0.3869356875
0.5,0.0625,0.9375,0.487663375,0.1366125,0.4119255625
0.5,0.0625,1.0,0.47806768750000006,0.144554625,0.4369154375
0.5,0.125,0.0,0.623765375,0.07733525,0.074649375
0.5,0.125,0.0625,0.6141696875,0.08527737499999999,0.09963925000000001
0.5,0.125,0.125,0.604574,0.0932195,0.12462912500000001
0.5,0.125,0.1875,0.5949783125,0.10116162499999999,0.149619
0.5,0.125,0.25,0.5853826249999999,0.10910375,0.174608875
0.5,0.125,0.3125,0.5757869375,0.117045875,0.19959875
0.5,0.125,0.375,0.5661912499999999,0.12498799999999999,0.22458862500000004
0.5,0.125,0.4375,0.5565955625,0.13293012499999998,0.24957850000000004
0.5,0.125,0.5,0.5469998749999999,0.14087224999999998,0.27456837500000003
0.5,0.125,0.5625,0.5374041875,0.148814375,0.29955825
0.5,0.125,0.625,0.5278084999999999,0.1567565,0.324548125
0.5,0.125,0.6875,0.5182128125,0.164698625,0.349538
0.5,0.125,0.75,0.508617125,0.17264074999999998,0.37452787500000007
0.5,0.125,0.8125,0.49902143749999994,0.18058287499999998,0.39951775000000006
0.5,0.125,0.875,0.48942575,0.188525,0.42450762500000006
0.5,0.125,0.9375,0.47983006249999993,0.196467125,0.44949750000000005
0.5,0.125,1.0,0.470234375,0.20440925,0.47448737500000004
0.5,0.1875,0.0,0.6159320625,0.13718987500000002,0.1122213125
0.5,0.1875,0.0625,0.606336375,0.145132,0.1372111875
0.5,0.1875,0.125,0.5967406875,0.153074125,0.1622010625
0.5,0.1875,0.1875,0.587145,0.16101625000000003,0.18719093750000002
0.5,0.1875,0.25,0.5775493125,0.16895837500000002,0.2121808125
0.5,0.1875,0.3125,0.567953625,0.17690050000000002,0.2371706875
0.5,0.1875,0.375,0.5583579375,0.184842625,0.2621605625
0.5,0.1875,0.4375,0.54876225,0.19278475,0.2871504375
0.5,0.1875,0.5,0.5391665625,0.20072687500000003,0.3121403125
0.5,0.1875,0.5625,0.529570875,0.208669,0.3371301875
0.5,0.1875,0.625,0.5199751875,0.21661112500000002,0.3621200625
0.5,0.1875,0.6875,0.5103795,0.22455325,0.3871099375
0.5,0.1875,0.75,0.5007838124999999,0.232495375,0.41209981250000005
0.5,0.1875,0.8125,0.491188125,0.24043750000000003,0.43708968750000005
0.5,0.1875,0.875,0.4815924375,0.248379625,0.46207956250000004
0.5,0.1875,0.9375,0.47199674999999996,0.25632175,0.48706943750000004
0.5,0.1875,1.0,0.4624010625,0.26426387500000004,0.5120593125
0.5,0.25,0.0,0.60809875,0.1970445,0.14979325
0.5,0.25,0.0625,0.5985030625000001,0.204986625,0.17478312499999998
0.5,0.25,0.125,0.588907375,0.21292875,0.19977299999999998
0.5,0.25,0.1875,0.5793116875000001,0.22087087500000002,0.224762875
0.5,0.25,0.25,0.569716,0.22881300000000002,0.24975275
0.5,0.25,0.3125,0.5601203125,0.236755125,0.274742625
0.5,0.25,0.375,0.550524625,0.24469725,0.2997325
0.5,0.25,0.4375,0.5409289375,0.252639375,0.324722375
0.5,0.25,0.5,0.53133325,0.2605815,0.34971225
0.5,0.25,0.5625,0.5217375625,0.268523625,0.374702125
0.5,0.25,0.625,0.512141875,0.27646575,0.399692
0.5,0.25,0.6875,0.5025461875,0.284407875,0.424681875
0.5,0.25,0.75,0.4929505,0.29235,0.44967175000000004
0.5,0.25,0.8125,0.4833548125,0.300292125,0.47466162500000003
0.5,0.25,0.875,0.47375912500000006,0.30823425,0.4996515
0.5,0.25,0.9375,0.4641634375,0.316176375,0.5246413750000001
0.5,0.25,1.0,0.45456775000000005,0.3241185,0.54963125
0.5,0.3125,0.0,0.6002654375,0.256899125,0.18736518749999997
0.5,0.3125,0.0625,0.5906697500000001,0.26484125000000003,0.21235506249999997
0.5,0.3125,0.125,0.5810740625,0.272783375,0.23734493749999996
0.5,0.3125,0.1875,0.5714783750000001,0.2807255,0.2623348125
0.5,0.3125,0.25,0.5618826875,0.288667625,0.28732468749999995
0.5,0.3125,0.3125,0.5522870000000001,0.29660975,0.3123145625
0.5,0.3125,0.375,0.5426913125,0.304551875,0.3373044375
0.5,0.3125,0.4375,0.5330956250000001,0.312494,0.3622943125
0.5,0.3125,0.5,0.5234999375,0.320436125,0.3872841875
0.5,0.3125,0.5625,0.5139042500000001,0.32837825,0.4122740625
0.5,0.3125,0.625,0.5043085625000001,0.336320375,0.4372639375
0.5,0.3125,0.6875,0.49471287500000005,0.3442625,0.46225381249999997
0.5,0.3125,0.75,0.48511718750000005,0.352204625,0.4872436875
0.5,0.3125,0.8125,0.47552150000000004,0.36014675,0.5122335625000001
0.5,0.3125,0.875,0.4659258125000001,0.368088875,0.5372234375
0.5,0.3125,0.9375,0.45633012500000003,0.376031,0.5622133125
0.5,0.3125,1.0,0.4467344375000001,0.383973125,0.5872031875
0.5,0.375,0.0,0.592432125,0.31675375,0.224937125
0.5,0.375,0.0625,0.5828364375,0.324695875,0.24992699999999998
0.5,0.375,0.125,0.57324075,0.332638,0.274916875
0.5,0.375,0.1875,0.5636450625,0.340580125,0.29990675
0.5,0.375,0.25,0.554049375,0.34852225,0.324896625
0.5,0.375,0.3125,0.5444536875,0.356464375,0.3498865
0.5,0.375,0.375,0.534858,0.36440649999999997,0.37487637500000004
0.5,0.375,0.4375,0.5252623125,0.372348625,0.39986625
0.5,0.375,0.5,0.5156666249999999,0.38029075,0.42485612500000003
0.5,0.375,0.5625,0.5060709375,0.388232875,0.44984599999999997
0.5,0.375,0.625,0.49647525,0.396175,0.474835875
0.5,0.375,0.6875,0.4868795625,0.40411712499999997,0.49982574999999996
0.5,0.375,0.75,0.47728387499999997,0.41205925,0.524815625
0.5,0.375,0.8125,0.46768818749999996,0.420001375,0.5498055000000001
0.5,0.375,0.875,0.4580925,0.4279435,0.574795375
0.5,0.375,0.9375,0.44849681249999995,0.435885625,0.59978525
0.5,0.375,1.0,0.438901125,0.44382774999999997,0.624775125
0.5,0.4375,0.0,0.5845988125,0.376608375,0.2625090625
0.5,0.4375,0.0625,0.5750031250000001,0.3845505,0.2874989375
0.5,0.4375,0.125,0.5654074375,0.392492625,0.3124888125
0.5,0.4375,0.1875,0.55581175,0.40043475,0.3374786875
0.5,0.4375,0.25,0.5462160625,0.408376875,0.36246856250000004
0.5,0.4375,0.3125,0.536620375,0.416319,0.3874584375
0.5,0.4375,0.375,0.5270246875,0.424261125,0.4124483125
0.5,0.4375,0.4375,0.517429,0.43220325,0.4374381875
0.5,0.4375,0.5,0.5078333125,0.440145375,0.4624280625
0.5,0.4375,0.5625,0.498237625,0.44808749999999997,0.4874179375
0.5,0.4375,0.625,0.4886419375,0.456029625,0.5124078125
0.5,0.4375,0.6875,0.47904625,0.46397175,0.5373976874999999
0.5,0.4375,0.75,0.4694505625,0.471913875,0.5623875625000001
0.5,0.4375,0.8125,0.459854875,0.479856,0.5873774375
0.5,0.4375,0.875,0.45025918750000005,0.48779812499999997,0.6123673125
0.5,0.4375,0.9375,0.4406635,0.49574025,0.6373571875
0.5,0.4375,1.0,0.43106781250000004,0.503682375,0.6623470625000001
0.5,0.5,0.0,0.5767655,0.436463,0.300081
0.5,0.5,0.0625,0.5671698125000001,0.444405125,0.325070875
0.5,0.5,0.125,0.557574125,0.45234725,0.35006075
0.5,0.5,0.1875,0.5479784375000001,0.460289375,0.37505062499999997
0.5,0.5,0.25,0.53838275,0.46823149999999997,0.4000405
0.5,0.5,0.3125,0.5287870625000001,0.476173625,0.42503037499999996
0.5,0.5,0.375,0.519191375,0.48411574999999996,0.45002025
0.5,0.5,0.4375,0.5095956875000001,0.492057875,0.475010125
0.5,0.5,0.5,0.5,0.5,0.5
0.5,0.5,0.5625,0.49040431250000005,0.507942125,0.5249898749999999
0.5,0.5,0.625,0.48080862500000005,0.51588425,0.54997975
0.5,0.5,0.6875,0.47121293750000004,0.523826375,0.574969625
0.5,0.5,0.75,0.46161725000000003,0.5317685,0.5999595
0.5,0.5,0.8125,0.45202156250000003,0.539710625,0.624949375
0.5,0.5,0.875,0.4424258750000001,0.54765275,0.6499392500000001
0.5,0.5,0.9375,0.4328301875,0.5555948749999999,0.674929125
0.5,0.5,1.0,0.42323450000000007,0.563537,0.699919
0.5,0.5625,0.0,0.5689321875,0.496317625,0.33765293749999997
0.5,0.5625,0.0625,0.5593365,0.50425975,0.36264281249999997
0.5,0.5625,0.125,0.5497408125,0.512201875,0.38763268749999996
0.5,0.5625,0.1875,0.540145125,0.5201439999999999,0.41262256249999996
0.5,0.5625,0.25,0.5305494374999999,0.528086125,0.4376124375
0.5,0.5625,0.3125,0.52095375,0.53602825,0.46260231249999995
0.5,0.5625,0.375,0.5113580624999999,0.543970375,0.4875921875
0.5,0.5625,0.4375,0.501762375,0.5519125,0.5125820624999999
0.5,0.5625,0.5,0.4921666875,0.5598546249999999,0.5375719375
0.5,0.5625,0.5625,0.48257099999999997,0.56779675,0.5625618125
0.5,0.5625,0.625,0.47297531249999997,0.575738875,0.5875516875
0.5,0.5625,0.6875,0.46337962499999996,0.583681,0.6125415624999999
0.5,0.5625,0.75,0.45378393749999996,0.5916231249999999,0.6375314375000001
0.5,0.5625,0.8125,0.44418824999999995,0.5995652499999999,0.6625213125
0.5,0.5625,0.875,0.4345925625,0.607507375,0.6875111875
0.5,0.5625,0.9375,0.42499687499999994,0.6154495,0.7125010625
0.5,0.5625,1.0,0.4154011875,0.623391625,0.7374909375
0.5,0.625,0.0,0.561098875,0.55617225,0.37522487499999996
0.5,0.625,0.0625,0.5515031875,0.5641143750000001,0.40021474999999995
0.5,0.625,0.125,0.5419075,0.5720565000000001,0.42520462499999995
0.5,0.625,0.1875,0.5323118125,0.579998625,0.45019449999999994
0.5,0.625,0.25,0.522716125,0.58794075,0.475184375
0.5,0.625,0.3125,0.5131204375,0.595882875,0.5001742499999999
0.5,0.625,0.375,0.50352475,0.6038250000000001,0.525164125
0.5,0.625,0.4375,0.4939290625,0.6117671250000001,0.550154
0.5,0.625,0.5,0.484333375,0.61970925,0.575143875
0.5,0.625,0.5625,0.4747376875,0.627651375,0.6001337499999999
0.5,0.625,0.625,0.465142,0.6355935,0.625123625
0.5,0.625,0.6875,0.4555463125,0.6435356250000001,0.6501135
0.5,0.625,0.75,0.445950625,0.65147775,0.675103375
0.5,0.625,0.8125,0.4363549375,0.659419875,0.70009325
0.5,0.625,0.875,0.42675925000000003,0.667362,0.725083125
0.5,0.625,0.9375,0.4171635625,0.675304125,0.750073
0.5,0.625,1.0,0.407567875,0.68324625,0.7750628749999999
0.5,0.6875,0.0,0.5532655625,0.616026875,0.4127968125
0.5,0.6875,0.0625,0.5436698750000001,0.623969,0.4377866875
0.5,0.6875,0.125,0.5340741875,0.631911125,0.4627765625
0.5,0.6875,0.1875,0.5244785000000001,0.6398532499999999,0.48776643750000004
0.5,0.6875,0.25,0.5148828125,0.647795375,0.5127563125
0.5,0.6875,0.3125,0.5052871250000001,0.6557375,0.5377461875
0.5,0.6875,0.375,0.4956914375,0.663679625,0.5627360625
0.5,0.6875,0.4375,0.48609575000000005,0.67162175,0.5877259375
0.5,0.6875,0.5,0.47650006250000004,0.6795638749999999,0.6127158125000001
0.5,0.6875,0.5625,0.46690437500000004,0.687506,0.6377056875
0.5,0.6875,0.625,0.45730868750000003,0.695448125,0.6626955625
0.5,0.6875,0.6875,0.447713,0.70339025,0.6876854375
0.5,0.6875,0.75,0.4381173125,0.711332375,0.7126753125
0.5,0.6875,0.8125,0.428521625,0.7192744999999999,0.7376651875
0.5,0.6875,0.875,0.41892593750000007,0.727216625,0.7626550625
0.5,0.6875,0.9375,0.40933025,0.73515875,0.7876449375000001
0.5,0.6875,1.0,0.39973456250000006,0.743100875,0.8126348125
0.5,0.75,0.0,0.54543225,0.6758815,0.45036875
0.5,0.75,0.0625,0.5358365625,0.683823625,0.475358625
0.5,0.75,0.125,0.5262408749999999,0.6917657500000001,0.5003485
0.5,0.75,0.1875,0.5166451875,0.699707875,0.525338375
0.5,0.75,0.25,0.5070494999999999,0.70765,0.55032825
0.5,0.75,0.3125,0.4974538125,0.715592125,0.575318125
0.5,0.75,0.375,0.4878581249999999,0.72353425,0.6003080000000001
0.5,0.75,0.4375,0.47826243749999997,0.7314763750000001,0.625297875
0.5,0.75,0.5,0.46866674999999997,0.7394185,0.6502877499999999
0.5,0.75,0.5625,0.45907106249999996,0.747360625,0.675277625
0.5,0.75,0.625,0.44947537499999995,0.75530275,0.7002675
0.5,0.75,0.6875,0.43987968749999995,0.763244875,0.725257375
0.5,0.75,0.75,0.43028399999999994,0.7711870000000001,0.75024725
0.5,0.75,0.8125,0.42068831249999994,0.779129125,0.7752371250000001
0.5,0.75,0.875,0.411092625,0.78707125,0.800227
0.5,0.75,0.9375,0.40149693749999993,0.795013375,0.825216875
0.5,0.75,1.0,0.39190125,0.8029555,0.85020675
0.5,0.8125,0.0,0.5375989375,0.735736125,0.48794068749999997
0.5,0.8125,0.0625,0.52800325,0.74367825,0.5129305625
0.5,0.8125,0.125,0.5184075625,0.751620375,0.5379204375
0.5,0.8125,0.1875,0.508811875,0.7595624999999999,0.5629103125
0.5,0.8125,0.25,0.49921618749999996,0.7675046249999999,0.5879001875
0.5,0.8125,0.3125,0.4896205,0.77544675,0.6128900625
0.5,0.8125,0.375,0.48002481249999995,0.783388875,0.6378799374999999
0.5,0.8125,0.4375,0.470429125,0.791331,0.6628698125
0.5,0.8125,0.5,0.4608334375,0.7992731249999999,0.6878596875
0.5,0.8125,0.5625,0.45123775,0.8072152499999999,0.7128495625
0.5,0.8125,0.625,0.4416420625,0.815157375,0.7378394374999999
0.5,0.8125,0.6875,0.432046375,0.8230995,0.7628293125
0.5,0.8125,0.75,0.4224506875,0.8310416249999999,0.7878191875
0.5,0.8125,0.8125,0.41285499999999997,0.8389837499999999,0.8128090625
0.5,0.8125,0.875,0.4032593125,0.8469258749999999,0.8377989375
0.5,0.8125,0.9375,0.39366362499999996,0.854868,0.8627888125000001
0.5,0.8125,1.0,0.3840679375,0.862810125,0.8877786875
0.5,0.875,0.0,0.529765625,0.79559075,0.5255126250000001
0.5,0.875,0.0625,0.5201699375000001,0.803532875,0.5505025000000001
0.5,0.875,0.125,0.51057425,0.8114750000000001,0.5754923750000001
0.5,0.875,0.1875,0.5009785625000001,0.819417125,0.6004822500000001
0.5,0.875,0.25,0.491382875,0.82735925,0.625472125
0.5,0.875,0.3125,0.48178718750000005,0.835301375,0.6504620000000001
0.5,0.875,0.375,0.4721915,0.8432435,0.675451875
0.5,0.875,0.4375,0.46259581250000004,0.8511856250000001,0.7004417500000001
0.5,0.875,0.5,0.45300012500000003,0.85912775,0.7254316250000001
0.5,0.875,0.5625,0.4434044375,0.867069875,0.7504215000000001
0.5,0.875,0.625,0.43380875,0.875012,0.775411375
0.5,0.875,0.6875,0.4242130625,0.882954125,0.8004012500000001
0.5,0.875,0.75,0.414617375,0.89089625,0.8253911250000001
0.5,0.875,0.8125,0.4050216875,0.898838375,0.850381
0.5,0.875,0.875,0.39542600000000006,0.9067805,0.8753708750000001
0.5,0.875,0.9375,0.3858303125,0.914722625,0.9003607500000002
0.5,0.875,1.0,0.37623462500000004,0.92266475,0.9253506250000001
0.5,0.9375,0.0,0.5219323124999999,0.855445375,0.5630845625
0.5,0.9375,0.0625,0.512336625,0.8633875,0.5880744375000001
0.5,0.9375,0.125,0.5027409374999999,0.871329625,0.6130643125
0.5,0.9375,0.1875,0.4931452499999999,0.8792717499999999,0.6380541875000001
0.5,0.9375,0.25,0.4835495624999999,0.8872138749999999,0.6630440625
0.5,0.9375,0.3125,0.47395387499999997,0.895156,0.6880339375000001
0.5,0.9375,0.375,0.4643581874999999,0.903098125,0.7130238125000001
0.5,0.9375,0.4375,0.45476249999999996,0.91104025,0.7380136875000001
0.5,0.9375,0.5,0.44516681249999995,0.9189823749999999,0.7630035625
0.5,0.9375,0.5625,0.43557112499999995,0.9269244999999999,0.7879934375000001
0.5,0.9375,0.625,0.42597543749999994,0.934866625,0.8129833125000001
0.5,0.9375,0.6875,0.41637974999999994,0.94280875,0.8379731875
0.5,0.9375,0.75,0.40678406249999993,0.950750875,0.8629630625000001
0.5,0.9375,0.8125,0.3971883749999999,0.9586929999999999,0.8879529375000002
0.5,0.9375,0.875,0.3875926875,0.9666351249999999,0.9129428125000001
0.5,0.9375,0.9375,0.3779969999999999,0.97457725,0.9379326875
0.5,0.9375,1.0,0.36840131249999997,0.982519375,0.9629225625000001
0.5,1.0,0.0,0.514099,0.9153,0.6006565
0.5,1.0,0.0625,0.5045033125,0.923242125,0.6256463750000001
0.5,1.0,0.125,0.49490762499999996,0.93118425,0.65063625
0.5,1.0,0.1875,0.48531193749999996,0.939126375,0.6756261250000001
0.5,1.0,0.25,0.47571624999999995,0.9470685,0.700616
0.5,1.0,0.3125,0.4661205625,0.955010625,0.7256058750000001
0.5,1.0,0.375,0.45652487499999994,0.96295275,0.75059575
0.5,1.0,0.4375,0.4469291875,0.970894875,0.7755856250000001
0.5,1.0,0.5,0.4373335,0.978837,0.8005755000000001
0.5,1.0,0.5625,0.4277378125,0.986779125,0.825565375
0.5,1.0,0.625,0.418142125,0.99472125,0.85055525
0.5,1.0,0.6875,0.40854643749999997,1.002663375,0.875545125
0.5,1.0,0.75,0.39895074999999997,1.0106055,0.9005350000000001
0.5,1.0,0.8125,0.38935506249999996,1.018547625,0.925524875
0.5,1.0,0.875,0.379759375,1.02648975,0.9505147500000001
0.5,1.0,0.9375,0.37016368749999995,1.0344318750000001,0.9755046250000001
0.5,1.0,1.0,0.360568,1.042374,1.0004945
0.5625,0.0,0.0,0.719361,-0.047670750000000005,-0.0005563125000000001
0.5625,0.0,0.0625,0.7097653125000001,-0.039728625000000004,0.024433562500000002
0.5625,0.0,0.125,0.700169625,-0.03178650000000001,0.0494234375
0.5625,0.0,0.1875,0.6905739375000001,-0.023844375000000008,0.07441331250000001
0.5625,0.0,0.25,0.68097825,-0.015902250000000007,0.0994031875
0.5625,0.0,0.3125,0.6713825625000001,-0.007960125000000005,0.1243930625
0.5625,0.0,0.375,0.661786875,-1.8000000000011063e-05,0.14938293750000003
0.5625,0.0,0.4375,0.6521911875,0.00792412499999999,0.17437281250000003
0.5625,0.0,0.5,0.6425955,0.01586624999999999,0.19936268750000002
0.5625,0.0,0.5625,0.6329998125,0.023808374999999986,0.22435256250000002
0.5625,0.0,0.625,0.623404125,0.031750499999999994,0.2493424375
0.5625,0.0,0.6875,0.6138084375,0.03969262499999999,0.2743323125
0.5625,0.0,0.75,0.6042127500000001,0.04763474999999998,0.29932218750000006
0.5625,0.0,0.8125,0.5946170625,0.05557687499999999,0.32431206250000005
0.5625,0.0,0.875,0.5850213750000001,0.06351899999999999,0.34930193750000005
0.5625,0.0,0.9375,0.5754256875,0.07146112499999999,0.37429181250000004
0.5625,0.0,1.0,0.56583,0.07940324999999998,0.39928168750000004
0.5625,0.0625,0.0,0.7115276875000001,0.012183874999999997,0.037015624999999996
0.5625,0.0625,0.0625,0.7019320000000001,0.020125999999999998,0.0620055
0.5625,0.0625,0.125,0.6923363125,0.028068124999999996,0.086995375
0.5625,0.0625,0.1875,0.6827406250000001,0.036010249999999994,0.11198525000000001
0.5625,0.0625,0.25,0.6731449375,0.043952374999999995,0.136975125
0.5625,0.0625,0.3125,0.6635492500000001,0.051894499999999996,0.161965
0.5625,0.0625,0.375,0.6539535625,0.05983662499999999,0.18695487500000002
0.5625,0.0625,0.4375,0.6443578750000001,0.06777875,0.21194475000000002
0.5625,0.0625,0.5,0.6347621875,0.07572087499999999,0.236934625
0.5625,0.0625,0.5625,0.6251665000000001,0.08366299999999999,0.2619245
0.5625,0.0625,0.625,0.6155708125000001,0.091605125,0.286914375
0.5625,0.0625,0.6875,0.6059751250000001,0.09954724999999999,0.31190425
0.5625,0.0625,0.75,0.5963794375,0.10748937499999998,0.33689412500000004
0.5625,0.0625,0.8125,0.58678375,0.11543149999999999,0.36188400000000004
0.5625,0.0625,0.875,0.5771880625000001,0.12337362499999999,0.38687387500000003
0.5625,0.0625,0.9375,0.567592375,0.13131575,0.41186375000000003
0.5625,0.0625,1.0,0.5579966875000001,0.13925787499999998,0.436853625
0.5625,0.125,0.0,0.703694375,0.0720385,0.0745875625
0.5625,0.125,0.0625,0.6940986875,0.079980625,0.0995774375
0.5625,0.125,0.125,0.684503,0.08792275000000001,0.1245673125
0.5625,0.125,0.1875,0.6749073125,0.095864875,0.14955718750000002
0.5625,0.125,0.25,0.665311625,0.10380700000000001,0.17454706250000002
0.5625,0.125,0.3125,0.6557159375,0.111749125,0.1995369375
0.5625,0.125,0.375,0.64612025,0.11969125,0.2245268125
0.5625,0.125,0.4375,0.6365245625,0.127633375,0.2495166875
0.5625,0.125,0.5,0.6269288749999999,0.13557550000000002,0.2745065625
0.5625,0.125,0.5625,0.6173331875,0.14351762499999998,0.2994964375
0.5625,0.125,0.625,0.6077375,0.15145975,0.3244863125
0.5625,0.125,0.6875,0.5981418125,0.159401875,0.3494761875
0.5625,0.125,0.75,0.5885461249999999,0.167344,0.37446606250000003
0.5625,0.125,0.8125,0.5789504375,0.17528612500000001,0.3994559375
0.5625,0.125,0.875,0.56935475,0.18322824999999998,0.4244458125
0.5625,0.125,0.9375,0.5597590625,0.191170375,0.4494356875
0.5625,0.125,1.0,0.550163375,0.1991125,0.4744255625
0.5625,0.1875,0.0,0.6958610625,0.131893125,0.1121595
0.5625,0.1875,0.0625,0.6862653750000001,0.13983525,0.137149375
0.5625,0.1875,0.125,0.6766696875,0.147777375,0.16213925
0.5625,0.1875,0.1875,0.6670740000000001,0.1557195,0.187129125
0.5625,0.1875,0.25,0.6574783125,0.163661625,0.212119
0.5625,0.1875,0.3125,0.647882625,0.17160375,0.237108875
0.5625,0.1875,0.375,0.6382869375,0.179545875,0.26209875000000005
0.5625,0.1875,0.4375,0.62869125,0.187488,0.287088625
0.5625,0.1875,0.5,0.6190955625,0.195430125,0.31207850000000004
0.5625,0.1875,0.5625,0.609499875,0.20337224999999998,0.337068375
0.5625,0.1875,0.625,0.5999041875,0.211314375,0.36205825
0.5625,0.1875,0.6875,0.5903085,0.2192565,0.38704812499999997
0.5625,0.1875,0.75,0.5807128125000001,0.227198625,0.412038
0.5625,0.1875,0.8125,0.571117125,0.23514075,0.43702787500000007
0.5625,0.1875,0.875,0.5615214375,0.24308287499999998,0.46201775
0.5625,0.1875,0.9375,0.55192575,0.251025,0.48700762500000006
0.5625,0.1875,1.0,0.5423300625,0.25896712499999996,0.5119975
0.5625,0.25,0.0,0.68802775,0.19174775,0.1497314375
0.5625,0.25,0.0625,0.6784320625000001,0.199689875,0.1747213125
0.5625,0.25,0.125,0.668836375,0.20763199999999998,0.1997111875
0.5625,0.25,0.1875,0.6592406875000001,0.215574125,0.22470106250000002
0.5625,0.25,0.25,0.649645,0.22351625,0.24969093750000002
0.5625,0.25,0.3125,0.6400493125000001,0.231458375,0.2746808125
0.5625,0.25,0.375,0.630453625,0.2394005,0.29967068750000003
0.5625,0.25,0.4375,0.6208579375000001,0.24734262499999998,0.3246605625
0.5625,0.25,0.5,0.61126225,0.25528475,0.3496504375
0.5625,0.25,0.5625,0.6016665625000001,0.26322687499999997,0.3746403125
0.5625,0.25,0.625,0.5920708750000001,0.271169,0.3996301875
0.5625,0.25,0.6875,0.5824751875,0.279111125,0.4246200625
0.5625,0.25,0.75,0.5728795,0.28705325,0.44960993750000006
0.5625,0.25,0.8125,0.5632838125,0.294995375,0.47459981250000005
0.5625,0.25,0.875,0.5536881250000001,0.30293749999999997,0.49958968750000005
0.5625,0.25,0.9375,0.5440924375,0.310879625,0.5245795625
0.5625,0.25,1.0,0.5344967500000001,0.31882175,0.5495694375
0.5625,0.3125,0.0,0.6801944375,0.25160237500000004,0.187303375
0.5625,0.3125,0.0625,0.67059875,0.25954450000000007,0.21229325
0.5625,0.3125,0.125,0.6610030625,0.26748662500000003,0.23728312499999998
0.5625,0.3125,0.1875,0.651407375,0.27542875000000006,0.262273
0.5625,0.3125,0.25,0.6418116875,0.283370875,0.28726287500000003
0.5625,0.3125,0.3125,0.632216,0.29131300000000004,0.31225274999999997
0.5625,0.3125,0.375,0.6226203124999999,0.29925512500000007,0.337242625
0.5625,0.3125,0.4375,0.613024625,0.30719725000000003,0.3622325
0.5625,0.3125,0.5,0.6034289374999999,0.31513937500000005,0.387222375
0.5625,0.3125,0.5625,0.59383325,0.3230815,0.41221225
0.5625,0.3125,0.625,0.5842375625,0.33102362500000004,0.437202125
0.5625,0.3125,0.6875,0.574641875,0.33896575000000007,0.462192
0.5625,0.3125,0.75,0.5650461874999999,0.34690787500000003,0.48718187500000004
0.5625,0.3125,0.8125,0.5554505,0.35485000000000005,0.51217175
0.5625,0.3125,0.875,0.5458548125,0.362792125,0.537161625
0.5625,0.3125,0.9375,0.536259125,0.37073425000000004,0.5621515
0.5625,0.3125,1.0,0.5266634375,0.37867637500000007,0.5871413750000001
0.5625,0.375,0.0,0.672361125,0.31145700000000004,0.2248753125
0.5625,0.375,0.0625,0.6627654375,0.31939912500000006,0.2498651875
0.5625,0.375,0.125,0.65316975,0.32734125000000003,0.2748550625
0.5625,0.375,0.1875,0.6435740625,0.33528337500000005,0.2998449375
0.5625,0.375,0.25,0.633978375,0.3432255,0.3248348125
0.5625,0.375,0.3125,0.6243826875,0.35116762500000004,0.3498246875
0.5625,0.375,0.375,0.614787,0.35910975,0.3748145625
0.5625,0.375,0.4375,0.6051913125,0.367051875,0.39980443750000005
0.5625,0.375,0.5,0.595595625,0.37499400000000005,0.4247943125
0.5625,0.375,0.5625,0.5859999375,0.382936125,0.44978418750000004
0.5625,0.375,0.625,0.57640425,0.39087825000000004,0.4747740625
0.5625,0.375,0.6875,0.5668085625,0.398820375,0.49976393750000003
0.5625,0.375,0.75,0.557212875,0.4067625,0.5247538125000001
0.5625,0.375,0.8125,0.5476171875,0.41470462500000005,0.5497436875
0.5625,0.375,0.875,0.5380215,0.42264675,0.5747335625000001
0.5625,0.375,0.9375,0.5284258125,0.43058887500000004,0.5997234375
0.5625,0.375,1.0,0.518830125,0.438531,0.6247133125000001
0.5625,0.4375,0.0,0.6645278125,0.37131162500000003,0.26244725
0.5625,0.4375,0.0625,0.6549321250000001,0.37925375000000006,0.287437125
0.5625,0.4375,0.125,0.6453364375,0.387195875,0.312427
0.5625,0.4375,0.1875,0.6357407500000001,0.39513800000000004,0.33741687500000006
0.5625,0.4375,0.25,0.6261450625,0.403080125,0.36240675
0.5625,0.4375,0.3125,0.6165493750000001,0.41102225000000003,0.38739662500000005
0.5625,0.4375,0.375,0.6069536875,0.41896437500000006,0.41238650000000004
0.5625,0.4375,0.4375,0.5973580000000001,0.4269065,0.43737637500000004
0.5625,0.4375,0.5,0.5877623125,0.43484862500000004,0.46236625000000003
0.5625,0.4375,0.5625,0.578166625,0.44279075,0.48735612500000003
0.5625,0.4375,0.625,0.5685709375000001,0.45073287500000003,0.512346
0.5625,0.4375,0.6875,0.55897525,0.45867500000000005,0.537335875
0.5625,0.4375,0.75,0.5493795625,0.466617125,0.5623257500000001
0.5625,0.4375,0.8125,0.539783875,0.47455925000000004,0.587315625
0.5625,0.4375,0.875,0.5301881875000001,0.482501375,0.6123055000000001
0.5625,0.4375,0.9375,0.5205925,0.49044350000000003,0.6372953750000001
0.5625,0.4375,1.0,0.5109968125000001,0.49838562500000005,0.66228525
0.5625,0.5,0.0,0.6566945000000001,0.43116625000000003,0.3000191875
0.5625,0.5,0.0625,0.6470988125000001,0.43910837500000005,0.3250090625
0.5625,0.5,0.125,0.6375031250000001,0.4470505,0.3499989375
0.5625,0.5,0.1875,0.6279074375000001,0.45499262500000004,0.37498881250000005
0.5625,0.5,0.25,0.61831175,0.46293475,0.3999786875
0.5625,0.5,0.3125,0.6087160625000001,0.47087687500000003,0.42496856250000004
0.5625,0.5,0.375,0.599120375,0.478819,0.44995843750000003
0.5625,0.5,0.4375,0.5895246875000001,0.486761125,0.4749483125
0.5625,0.5,0.5,0.579929,0.49470325000000004,0.4999381875
0.5625,0.5,0.5625,0.5703333125000001,0.5026453750000001,0.5249280625
0.5625,0.5,0.625,0.560737625,0.5105875,0.5499179375000001
0.5625,0.5,0.6875,0.5511419375000001,0.518529625,0.5749078125
0.5625,0.5,0.75,0.5415462500000001,0.52647175,0.5998976875
0.5625,0.5,0.8125,0.5319505625000001,0.534413875,0.6248875625000001
0.5625,0.5,0.875,0.5223548750000001,0.5423560000000001,0.6498774375
0.5625,0.5,0.9375,0.5127591875,0.5502981250000001,0.6748673125
0.5625,0.5,1.0,0.5031635000000001,0.55824025,0.6998571875
0.5625,0.5625,0.0,0.6488611875,0.491020875,0.337591125
0.5625,0.5625,0.0625,0.6392655,0.49896300000000005,0.362581
0.5625,0.5625,0.125,0.6296698125,0.5069051250000001,0.387570875
0.5625,0.5625,0.1875,0.620074125,0.51484725,0.41256075000000003
0.5625,0.5625,0.25,0.6104784375,0.522789375,0.43755062499999997
0.5625,0.5625,0.3125,0.60088275,0.5307315,0.4625405
0.5625,0.5625,0.375,0.5912870625,0.538673625,0.487530375
0.5625,0.5625,0.4375,0.581691375,0.5466157500000001,0.51252025
0.5625,0.5625,0.5,0.5720956875,0.554557875,0.5375101250000001
0.5625,0.5625,0.5625,0.5625,0.5625,0.5625
0.5625,0.5625,0.625,0.5529043124999999,0.570442125,0.5874898749999999
0.5625,0.5625,0.6875,0.543308625,0.57838425,0.61247975
0.5625,0.5625,0.75,0.5337129375,0.5863263750000001,0.637469625
0.5625,0.5625,0.8125,0.52411725,0.5942685,0.6624595
0.5625,0.5625,0.875,0.5145215625,0.602210625,0.687449375
0.5625,0.5625,0.9375,0.504925875,0.61015275,0.7124392500000001
0.5625,0.5625,1.0,0.4953301875,0.618094875,0.737429125
0.5625,0.625,0.0,0.641027875,0.5508755000000001,0.3751630625
0.5625,0.625,0.0625,0.6314321875000001,0.5588176250000001,0.40015293749999997
0.5625,0.625,0.125,0.6218365,0.5667597500000001,0.42514281249999997
0.5625,0.625,0.1875,0.6122408125000001,0.574701875,0.4501326875
0.5625,0.625,0.25,0.602645125,0.582644,0.47512256249999996
0.5625,0.625,0.3125,0.5930494375,0.5905861250000001,0.5001124375
0.5625,0.625,0.375,0.58345375,0.5985282500000001,0.5251023125000001
0.5625,0.625,0.4375,0.5738580625,0.6064703750000001,0.5500921875
0.5625,0.625,0.5,0.564262375,0.6144125,0.5750820624999999
0.5625,0.625,0.5625,0.5546666875,0.622354625,0.6000719375
0.5625,0.625,0.625,0.5450710000000001,0.6302967500000001,0.6250618125
0.5625,0.625,0.6875,0.5354753125,0.6382388750000001,0.6500516875
0.5625,0.625,0.75,0.525879625,0.6461810000000001,0.6750415625
0.5625,0.625,0.8125,0.5162839375,0.654123125,0.7000314375000001
0.5625,0.625,0.875,0.5066882500000001,0.66206525,0.7250213125
0.5625,0.625,0.9375,0.4970925625,0.6700073750000001,0.7500111875
0.5625,0.625,1.0,0.48749687500000005,0.6779495000000001,0.7750010625
0.5625,0.6875,0.0,0.6331945625000001,0.610730125,0.412735
0.5625,0.6875,0.0625,0.6235988750000001,0.61867225,0.437724875
0.5625,0.6875,0.125,0.6140031875,0.6266143750000001,0.46271475
0.5625,0.6875,0.1875,0.6044075000000001,0.6345565,0.487704625
0.5625,0.6875,0.25,0.5948118125,0.642498625,0.5126945
0.5625,0.6875,0.3125,0.5852161250000001,0.65044075,0.537684375
0.5625,0.6875,0.375,0.5756204375,0.658382875,0.56267425
0.5625,0.6875,0.4375,0.5660247500000001,0.6663250000000001,0.5876641250000001
0.5625,0.6875,0.5,0.5564290625,0.674267125,0.612654
0.5625,0.6875,0.5625,0.5468333750000001,0.68220925,0.637643875
0.5625,0.6875,0.625,0.5372376875,0.690151375,0.66263375
0.5625,0.6875,0.6875,0.527642,0.6980935,0.6876236250000001
0.5625,0.6875,0.75,0.5180463125000001,0.706035625,0.7126135
0.5625,0.6875,0.8125,0.508450625,0.71397775,0.7376033750000001
0.5625,0.6875,0.875,0.4988549375000001,0.721919875,0.7625932500000001
0.5625,0.6875,0.9375,0.48925925000000003,0.729862,0.787583125
0.5625,0.6875,1.0,0.4796635625000001,0.737804125,0.812573
0.5625,0.75,0.0,0.6253612500000001,0.6705847500000001,0.4503069375
0.5625,0.75,0.0625,0.6157655625000001,0.6785268750000001,0.4752968125
0.5625,0.75,0.125,0.6061698750000001,0.6864690000000001,0.5002866875
0.5625,0.75,0.1875,0.5965741875000001,0.694411125,0.5252765625
0.5625,0.75,0.25,0.5869785000000001,0.70235325,0.5502664375
0.5625,0.75,0.3125,0.5773828125000001,0.7102953750000001,0.5752563125
0.5625,0.75,0.375,0.5677871250000001,0.7182375000000001,0.6002461875
0.5625,0.75,0.4375,0.5581914375000001,0.7261796250000001,0.6252360625
0.5625,0.75,0.5,0.54859575,0.73412175,0.6502259375
0.5625,0.75,0.5625,0.5390000625000001,0.742063875,0.6752158125000001
0.5625,0.75,0.625,0.5294043750000001,0.7500060000000001,0.7002056875
0.5625,0.75,0.6875,0.5198086875000001,0.7579481250000001,0.7251955625
0.5625,0.75,0.75,0.510213,0.76589025,0.7501854375000001
0.5625,0.75,0.8125,0.5006173125000001,0.773832375,0.7751753125
0.5625,0.75,0.875,0.49102162500000013,0.7817745,0.8001651875
0.5625,0.75,0.9375,0.48142593750000007,0.7897166250000001,0.8251550625
0.5625,0.75,1.0,0.4718302500000001,0.7976587500000001,0.8501449375000001
0.5625,0.8125,0.0,0.6175279375,0.730439375,0.487878875
0.5625,0.8125,0.0625,0.6079322500000001,0.7383815,0.51286875
0.5625,0.8125,0.125,0.5983365625,0.746323625,0.537858625
0.5625,0.8125,0.1875,0.588740875,0.75426575,0.5628485
0.5625,0.8125,0.25,0.5791451875,0.762207875,0.587838375
0.5625,0.8125,0.3125,0.5695495,0.77015,0.61282825
0.5625,0.8125,0.375,0.5599538125,0.778092125,0.637818125
0.5625,0.8125,0.4375,0.550358125,0.78603425,0.6628080000000001
0.5625,0.8125,0.5,0.5407624375,0.793976375,0.687797875
0.5625,0.8125,0.5625,0.53116675,0.8019185,0.7127877499999999
0.5625,0.8125,0.625,0.5215710625000001,0.809860625,0.737777625
0.5625,0.8125,0.6875,0.511975375,0.81780275,0.7627675
0.5625,0.8125,0.75,0.5023796875,0.825744875,0.787757375
0.5625,0.8125,0.8125,0.492784,0.833687,0.81274725
0.5625,0.8125,0.875,0.48318831250000005,0.841629125,0.8377371250000001
0.5625,0.8125,0.9375,0.473592625,0.84957125,0.862727
0.5625,0.8125,1.0,0.46399693750000004,0.857513375,0.887716875
0.5625,0.875,0.0,0.609694625,0.790294,0.5254508125
0.5625,0.875,0.0625,0.6000989375000001,0.7982361250000001,0.5504406875000001
0.5625,0.875,0.125,0.59050325,0.8061782500000001,0.5754305625
0.5625,0.875,0.1875,0.5809075625000001,0.814120375,0.6004204375000001
0.5625,0.875,0.25,0.571311875,0.8220625,0.6254103125
0.5625,0.875,0.3125,0.5617161875000001,0.830004625,0.6504001875000001
0.5625,0.875,0.375,0.5521205,0.8379467500000001,0.6753900625
0.5625,0.875,0.4375,0.5425248125000001,0.8458888750000001,0.7003799375
0.5625,0.875,0.5,0.532929125,0.853831,0.7253698125000001
0.5625,0.875,0.5625,0.5233334375,0.861773125,0.7503596875
0.5625,0.875,0.625,0.51373775,0.86971525,0.7753495625
0.5625,0.875,0.6875,0.5041420625,0.8776573750000001,0.8003394375
0.5625,0.875,0.75,0.49454637500000004,0.8855995000000001,0.8253293125000001
0.5625,0.875,0.8125,0.48495068750000003,0.893541625,0.8503191875
0.5625,0.875,0.875,0.4753550000000001,0.90148375,0.8753090625000001
0.5625,0.875,0.9375,0.4657593125,0.909425875,0.9002989375000001
0.5625,0.875,1.0,0.4561636250000001,0.9173680000000001,0.9252888125000001
0.5625,0.9375,0.0,0.6018613125000001,0.850148625,0.56302275
0.5625,0.9375,0.0625,0.5922656250000001,0.85809075,0.5880126250000001
0.5625,0.9375,0.125,0.5826699375000001,0.866032875,0.6130025
0.5625,0.9375,0.1875,0.5730742500000001,0.873975,0.6379923750000001
0.5625,0.9375,0.25,0.5634785625000001,0.881917125,0.66298225
0.5625,0.9375,0.3125,0.5538828750000001,0.88985925,0.687972125
0.5625,0.9375,0.375,0.5442871875,0.897801375,0.7129620000000001
0.5625,0.9375,0.4375,0.5346915000000001,0.9057435,0.737951875
0.5625,0.9375,0.5,0.5250958125,0.913685625,0.76294175
0.5625,0.9375,0.5625,0.5155001250000001,0.92162775,0.787931625
0.5625,0.9375,0.625,0.5059044375000001,0.929569875,0.8129215000000001
0.5625,0.9375,0.6875,0.4963087500000001,0.937512,0.837911375
0.5625,0.9375,0.75,0.48671306250000007,0.9454541249999999,0.8629012500000001
0.5625,0.9375,0.8125,0.47711737500000007,0.95339625,0.8878911250000001
0.5625,0.9375,0.875,0.4675216875000001,0.961338375,0.912881
0.5625,0.9375,0.9375,0.45792600000000006,0.9692805,0.937870875
0.5625,0.9375,1.0,0.4483303125000001,0.977222625,0.96286075
0.5625,1.0,0.0,0.594028,0.91000325,0.6005946875
0.5625,1.0,0.0625,0.5844323125,0.9179453750000001,0.6255845625
0.5625,1.0,0.125,0.574836625,0.9258875000000001,0.6505744375
0.5625,1.0,0.1875,0.5652409375,0.933829625,0.6755643125
0.5625,1.0,0.25,0.55564525,0.94177175,0.7005541875
0.5625,1.0,0.3125,0.5460495625,0.949713875,0.7255440625
0.5625,1.0,0.375,0.536453875,0.9576560000000001,0.7505339375
0.5625,1.0,0.4375,0.5268581875,0.9655981250000001,0.7755238125
0.5625,1.0,0.5,0.5172625,0.97354025,0.8005136875000001
0.5625,1.0,0.5625,0.5076668125,0.981482375,0.8255035625
0.5625,1.0,0.625,0.498071125,0.9894245,0.8504934375
0.5625,1.0,0.6875,0.4884754375,0.9973666250000001,0.8754833125
0.5625,1.0,0.75,0.47887975,1.00530875,0.9004731875
0.5625,1.0,0.8125,0.4692840625,1.013250875,0.9254630625
0.5625,1.0,0.875,0.45968837500000004,1.021193,0.9504529375
0.5625,1.0,0.9375,0.4500926875,1.029135125,0.9754428125000001
0.5625,1.0,1.0,0.440497,1.03707725,1.0004326875
0.625,0.0,0.0,0.7992900000000001,-0.0529675,-0.0006181250000000001
0.625,0.0,0.0625,0.7896943125000001,-0.045025375,0.02437175
0.625,0.0,0.125,0.780098625,-0.03708325,0.049361625000000006
0.625,0.0,0.1875,0.7705029375000001,-0.029141125000000004,0.07435150000000001
0.625,0.0,0.25,0.76090725,-0.021199000000000003,0.09934137500000001
0.625,0.0,0.3125,0.7513115625000001,-0.013256875000000001,0.12433125
0.625,0.0,0.375,0.741715875,-0.005314750000000007,0.14932112500000003
0.625,0.0,0.4375,0.7321201875000001,0.0026273749999999943,0.17431100000000002
0.625,0.0,0.5,0.7225245,0.010569499999999996,0.19930087500000002
0.625,0.0,0.5625,0.7129288125000001,0.01851162499999999,0.22429075
0.625,0.0,0.625,0.7033331250000001,0.026453749999999998,0.249280625
0.625,0.0,0.6875,0.6937374375,0.03439587499999999,0.2742705
0.625,0.0,0.75,0.68414175,0.04233799999999999,0.299260375
0.625,0.0,0.8125,0.6745460625,0.050280124999999995,0.32425025
0.625,0.0,0.875,0.6649503750000001,0.05822224999999999,0.349240125
0.625,0.0,0.9375,0.6553546875,0.066164375,0.37423
0.625,0.0,1.0,0.6457590000000001,0.07410649999999999,0.399219875
0.625,0.0625,0.0,0.7914566875000001,0.006887125000000001,0.0369538125
0.625,0.0625,0.0625,0.7818610000000001,0.01482925,0.061943687500000004
0.625,0.0625,0.125,0.7722653125000001,0.022771375,0.0869335625
0.625,0.0625,0.1875,0.7626696250000001,0.030713499999999998,0.11192343750000001
0.625,0.0625,0.25,0.7530739375000001,0.038655625,0.1369133125
0.625,0.0625,0.3125,0.7434782500000001,0.04659775,0.1619031875
0.625,0.0625,0.375,0.7338825625000001,0.054539874999999995,0.18689306250000004
0.625,0.0625,0.4375,0.7242868750000001,0.062481999999999996,0.21188293750000003
0.625,0.0625,0.5,0.7146911875,0.070424125,0.23687281250000003
0.625,0.0625,0.5625,0.7050955000000001,0.07836625,0.2618626875
0.625,0.0625,0.625,0.6954998125,0.08630837499999999,0.2868525625
0.625,0.0625,0.6875,0.6859041250000001,0.09425049999999999,0.3118424375
0.625,0.0625,0.75,0.6763084375000001,0.10219262499999998,0.33683231250000006
0.625,0.0625,0.8125,0.6667127500000001,0.11013475,0.36182218750000006
0.625,0.0625,0.875,0.6571170625000001,0.118076875,0.38681206250000005
0.625,0.0625,0.9375,0.6475213750000001,0.126019,0.41180193750000005
0.625,0.0625,1.0,0.6379256875000001,0.133961125,0.43679181250000004
0.625,0.125,0.0,0.783623375,0.06674175,0.07452575
0.625,0.125,0.0625,0.7740276875000001,0.074683875,0.099515625
0.625,0.125,0.125,0.764432,0.082626,0.1245055
0.625,0.125,0.1875,0.7548363125,0.090568125,0.149495375
0.625,0.125,0.25,0.745240625,0.09851025,0.17448525
0.625,0.125,0.3125,0.7356449375,0.106452375,0.199475125
0.625,0.125,0.375,0.72604925,0.1143945,0.22446500000000003
0.625,0.125,0.4375,0.7164535625,0.122336625,0.24945487500000002
0.625,0.125,0.5,0.706857875,0.13027875,0.27444475
0.625,0.125,0.5625,0.6972621875,0.138220875,0.299434625
0.625,0.125,0.625,0.6876665,0.146163,0.3244245
0.625,0.125,0.6875,0.6780708125,0.154105125,0.349414375
0.625,0.125,0.75,0.6684751250000001,0.16204724999999998,0.37440425000000005
0.625,0.125,0.8125,0.6588794375,0.169989375,0.39939412500000004
0.625,0.125,0.875,0.64928375,0.1779315,0.42438400000000004
0.625,0.125,0.9375,0.6396880625,0.185873625,0.44937387500000003
0.625,0.125,1.0,0.630092375,0.19381575,0.47436375000000003
0.625,0.1875,0.0,0.7757900625,0.126596375,0.1120976875
0.625,0.1875,0.0625,0.7661943750000001,0.1345385,0.1370875625
0.625,0.1875,0.125,0.7565986875,0.142480625,0.1620774375
0.625,0.1875,0.1875,0.7470030000000001,0.15042275,0.18706731250000003
0.625,0.1875,0.25,0.7374073125,0.15836487500000002,0.21205718750000002
0.625,0.1875,0.3125,0.7278116250000001,0.166307,0.23704706250000002
0.625,0.1875,0.375,0.7182159375,0.174249125,0.2620369375
0.625,0.1875,0.4375,0.7086202500000001,0.18219125,0.2870268125
0.625,0.1875,0.5,0.6990245625,0.190133375,0.3120166875
0.625,0.1875,0.5625,0.689428875,0.19807550000000002,0.3370065625
0.625,0.1875,0.625,0.6798331875000001,0.206017625,0.3619964375
0.625,0.1875,0.6875,0.6702375,0.21395975,0.3869863125
0.625,0.1875,0.75,0.6606418125,0.221901875,0.41197618750000004
0.625,0.1875,0.8125,0.651046125,0.229844,0.43696606250000003
0.625,0.1875,0.875,0.6414504375000001,0.23778612500000001,0.4619559375
0.625,0.1875,0.9375,0.63185475,0.24572825,0.4869458125
0.625,0.1875,1.0,0.6222590625000001,0.253670375,0.5119356875000001
0.625,0.25,0.0,0.7679567500000001,0.186451,0.149669625
0.625,0.25,0.0625,0.7583610625000001,0.194393125,0.1746595
0.625,0.25,0.125,0.7487653750000001,0.20233525,0.19964937500000002
0.625,0.25,0.1875,0.7391696875000001,0.210277375,0.22463925
0.625,0.25,0.25,0.7295740000000001,0.2182195,0.249629125
0.625,0.25,0.3125,0.7199783125000001,0.226161625,0.274619
0.625,0.25,0.375,0.710382625,0.23410375,0.299608875
0.625,0.25,0.4375,0.7007869375000001,0.242045875,0.32459875000000005
0.625,0.25,0.5,0.69119125,0.249988,0.349588625
0.625,0.25,0.5625,0.6815955625000001,0.257930125,0.37457850000000004
0.625,0.25,0.625,0.671999875,0.26587225000000003,0.399568375
0.625,0.25,0.6875,0.6624041875000001,0.273814375,0.42455825
0.625,0.25,0.75,0.6528085000000001,0.28175649999999997,0.4495481250000001
0.625,0.25,0.8125,0.6432128125000001,0.289698625,0.474538
0.625,0.25,0.875,0.6336171250000001,0.29764075,0.49952787500000007
0.625,0.25,0.9375,0.6240214375,0.30558287500000003,0.52451775
0.625,0.25,1.0,0.6144257500000001,0.313525,0.549507625
0.625,0.3125,0.0,0.7601234375000001,0.24630562500000003,0.1872415625
0.625,0.3125,0.0625,0.7505277500000002,0.25424775000000005,0.21223143749999998
0.625,0.3125,0.125,0.7409320625000001,0.262189875,0.2372213125
0.625,0.3125,0.1875,0.7313363750000001,0.27013200000000004,0.2622111875
0.625,0.3125,0.25,0.7217406875000001,0.278074125,0.2872010625
0.625,0.3125,0.3125,0.7121450000000001,0.28601625,0.3121909375
0.625,0.3125,0.375,0.7025493125000001,0.293958375,0.3371808125
0.625,0.3125,0.4375,0.6929536250000001,0.3019005,0.36217068750000003
0.625,0.3125,0.5,0.6833579375000001,0.30984262500000004,0.38716056249999997
0.625,0.3125,0.5625,0.6737622500000001,0.31778475,0.4121504375
0.625,0.3125,0.625,0.6641665625000002,0.325726875,0.43714031249999996
0.625,0.3125,0.6875,0.6545708750000001,0.333669,0.4621301875
0.625,0.3125,0.75,0.6449751875,0.341611125,0.48712006250000006
0.625,0.3125,0.8125,0.6353795000000001,0.34955325000000004,0.5121099375
0.625,0.3125,0.875,0.6257838125000001,0.357495375,0.5370998125
0.625,0.3125,0.9375,0.6161881250000001,0.3654375,0.5620896875
0.625,0.3125,1.0,0.6065924375000001,0.373379625,0.5870795625
0.625,0.375,0.0,0.752290125,0.30616025,0.2248135
0.625,0.375,0.0625,0.7426944375000001,0.31410237500000004,0.249803375
0.625,0.375,0.125,0.73309875,0.3220445,0.27479325
0.625,0.375,0.1875,0.7235030625000001,0.32998662500000003,0.29978312500000004
0.625,0.375,0.25,0.713907375,0.33792875,0.324773
0.625,0.375,0.3125,0.7043116875000001,0.345870875,0.34976287500000003
0.625,0.375,0.375,0.694716,0.35381300000000004,0.37475275
0.625,0.375,0.4375,0.6851203125,0.361755125,0.399742625
0.625,0.375,0.5,0.675524625,0.36969725000000003,0.4247325
0.625,0.375,0.5625,0.6659289375,0.377639375,0.449722375
0.625,0.375,0.625,0.6563332500000001,0.3855815,0.47471225
0.625,0.375,0.6875,0.6467375625,0.39352362500000004,0.499702125
0.625,0.375,0.75,0.637141875,0.40146575,0.524692
0.625,0.375,0.8125,0.6275461875,0.40940787500000003,0.5496818750000001
0.625,0.375,0.875,0.6179505000000001,0.41735,0.57467175
0.625,0.375,0.9375,0.6083548125,0.425292125,0.599661625
0.625,0.375,1.0,0.5987591250000001,0.43323425000000004,0.6246515
0.625,0.4375,0.0,0.7444568125000001,0.366014875,0.2623854375
0.625,0.4375,0.0625,0.7348611250000001,0.37395700000000004,0.2873753125
0.625,0.4375,0.125,0.7252654375,0.381899125,0.3123651875
0.625,0.4375,0.1875,0.7156697500000001,0.38984125000000003,0.3373550625
0.625,0.4375,0.25,0.7060740625,0.397783375,0.36234493749999996
0.625,0.4375,0.3125,0.6964783750000001,0.4057255,0.3873348125
0.625,0.4375,0.375,0.6868826875,0.413667625,0.4123246875
0.625,0.4375,0.4375,0.6772870000000001,0.42160975,0.4373145625
0.625,0.4375,0.5,0.6676913125,0.429551875,0.4623044375
0.625,0.4375,0.5625,0.6580956250000001,0.437494,0.4872943125
0.625,0.4375,0.625,0.6484999375,0.445436125,0.5122841874999999
0.625,0.4375,0.6875,0.6389042500000001,0.45337825,0.5372740625
0.625,0.4375,0.75,0.6293085625000001,0.461320375,0.5622639375
0.625,0.4375,0.8125,0.619712875,0.4692625,0.5872538125
0.625,0.4375,0.875,0.6101171875000001,0.477204625,0.6122436875
0.625,0.4375,0.9375,0.6005215,0.48514675,0.6372335625000001
0.625,0.4375,1.0,0.5909258125000001,0.493088875,0.6622234375
0.625,0.5,0.0,0.7366235000000001,0.4258695,0.29995737499999997
0.625,0.5,0.0625,0.7270278125000001,0.43381162500000003,0.32494724999999997
0.625,0.5,0.125,0.7174321250000001,0.44175375,0.34993712499999996
0.625,0.5,0.1875,0.7078364375000001,0.449695875,0.374927
0.625,0.5,0.25,0.6982407500000001,0.457638,0.39991687499999995
0.625,0.5,0.3125,0.6886450625000001,0.465580125,0.42490675
0.625,0.5,0.375,0.6790493750000001,0.47352225000000003,0.449896625
0.625,0.5,0.4375,0.6694536875000001,0.481464375,0.4748865
0.625,0.5,0.5,0.6598580000000001,0.4894065,0.499876375
0.625,0.5,0.5625,0.6502623125000001,0.497348625,0.52486625
0.625,0.5,0.625,0.6406666250000002,0.50529075,0.549856125
0.625,0.5,0.6875,0.6310709375000001,0.513232875,0.574846
0.625,0.5,0.75,0.62147525,0.5211749999999999,0.599835875
0.625,0.5,0.8125,0.6118795625000001,0.529117125,0.6248257500000001
0.625,0.5,0.875,0.6022838750000001,0.53705925,0.649815625
0.625,0.5,0.9375,0.5926881875000001,0.545001375,0.6748055
0.625,0.5,1.0,0.5830925000000001,0.5529435,0.699795375
0.625,0.5625,0.0,0.7287901875,0.485724125,0.33752931249999996
0.625,0.5625,0.0625,0.7191945000000001,0.49366625000000003,0.36251918749999995
0.625,0.5625,0.125,0.7095988125,0.501608375,0.38750906249999995
0.625,0.5625,0.1875,0.7000031250000001,0.5095505,0.4124989375
0.625,0.5625,0.25,0.6904074375,0.517492625,0.43748881249999994
0.625,0.5625,0.3125,0.68081175,0.5254347500000001,0.4624786875
0.625,0.5625,0.375,0.6712160625,0.533376875,0.4874685625
0.625,0.5625,0.4375,0.661620375,0.541319,0.5124584375
0.625,0.5625,0.5,0.6520246875,0.549261125,0.5374483125
0.625,0.5625,0.5625,0.642429,0.55720325,0.5624381875
0.625,0.5625,0.625,0.6328333125000001,0.565145375,0.5874280624999999
0.625,0.5625,0.6875,0.623237625,0.5730875,0.6124179375
0.625,0.5625,0.75,0.6136419375,0.581029625,0.6374078125
0.625,0.5625,0.8125,0.60404625,0.58897175,0.6623976874999999
0.625,0.5625,0.875,0.5944505625000001,0.596913875,0.6873875625
0.625,0.5625,0.9375,0.584854875,0.6048560000000001,0.7123774375
0.625,0.5625,1.0,0.5752591875,0.612798125,0.7373673125
0.625,0.625,0.0,0.720956875,0.54557875,0.37510124999999994
0.625,0.625,0.0625,0.7113611875000001,0.553520875,0.40009112499999994
0.625,0.625,0.125,0.7017655,0.561463,0.42508099999999993
0.625,0.625,0.1875,0.6921698125000001,0.569405125,0.450070875
0.625,0.625,0.25,0.682574125,0.57734725,0.4750607499999999
0.625,0.625,0.3125,0.6729784375000001,0.585289375,0.500050625
0.625,0.625,0.375,0.66338275,0.5932315,0.5250405
0.625,0.625,0.4375,0.6537870625000001,0.601173625,0.550030375
0.625,0.625,0.5,0.644191375,0.60911575,0.5750202499999999
0.625,0.625,0.5625,0.6345956875000001,0.617057875,0.600010125
0.625,0.625,0.625,0.625,0.625,0.625
0.625,0.625,0.6875,0.6154043125,0.632942125,0.6499898749999999
0.625,0.625,0.75,0.6058086250000001,0.64088425,0.67497975
0.625,0.625,0.8125,0.5962129375,0.648826375,0.699969625
0.625,0.625,0.875,0.5866172500000001,0.6567685,0.7249595
0.625,0.625,0.9375,0.5770215625,0.664710625,0.7499493749999999
0.625,0.625,1.0,0.5674258750000001,0.67265275,0.77493925
0.625,0.6875,0.0,0.7131235625000001,0.605433375,0.4126731875
0.625,0.6875,0.0625,0.7035278750000001,0.6133755000000001,0.4376630625
0.625,0.6875,0.125,0.6939321875000001,0.6213176250000001,0.46265293749999997
0.625,0.6875,0.1875,0.6843365000000001,0.62925975,0.48764281249999997
0.625,0.6875,0.25,0.6747408125000001,0.637201875,0.5126326875
0.625,0.6875,0.3125,0.6651451250000001,0.645144,0.5376225625
0.625,0.6875,0.375,0.6555494375,0.6530861250000001,0.5626124375
0.625,0.6875,0.4375,0.6459537500000001,0.6610282500000001,0.5876023125000001
0.625,0.6875,0.5,0.6363580625,0.668970375,0.6125921875
0.625,0.6875,0.5625,0.6267623750000001,0.6769125,0.6375820624999999
0.625,0.6875,0.625,0.6171666875000001,0.684854625,0.6625719375
0.625,0.6875,0.6875,0.6075710000000001,0.6927967500000001,0.6875618125
0.625,0.6875,0.75,0.5979753125,0.7007388750000001,0.7125516875
0.625,0.6875,0.8125,0.5883796250000001,0.708681,0.7375415625
0.625,0.6875,0.875,0.5787839375000001,0.716623125,0.7625314375000001
0.625,0.6875,0.9375,0.5691882500000001,0.72456525,0.7875213125
0.625,0.6875,1.0,0.5595925625000001,0.7325073750000001,0.8125111875
0.625,0.75,0.0,0.70529025,0.6652880000000001,0.45024512499999997
0.625,0.75,0.0625,0.6956945625000001,0.6732301250000001,0.47523499999999996
0.625,0.75,0.125,0.686098875,0.6811722500000001,0.500224875
0.625,0.75,0.1875,0.6765031875,0.6891143750000001,0.52521475
0.625,0.75,0.25,0.6669075,0.6970565000000001,0.550204625
0.625,0.75,0.3125,0.6573118125,0.7049986250000001,0.5751944999999999
0.625,0.75,0.375,0.647716125,0.7129407500000001,0.600184375
0.625,0.75,0.4375,0.6381204375,0.7208828750000001,0.6251742499999999
0.625,0.75,0.5,0.62852475,0.7288250000000001,0.650164125
0.625,0.75,0.5625,0.6189290625,0.7367671250000001,0.675154
0.625,0.75,0.625,0.6093333750000001,0.7447092500000001,0.700143875
0.625,0.75,0.6875,0.5997376875,0.7526513750000001,0.7251337499999999
0.625,0.75,0.75,0.5901419999999999,0.7605935000000001,0.7501236250000001
0.625,0.75,0.8125,0.5805463125,0.7685356250000001,0.7751135
0.625,0.75,0.875,0.570950625,0.7764777500000001,0.800103375
0.625,0.75,0.9375,0.5613549375,0.7844198750000001,0.82509325
0.625,0.75,1.0,0.55175925,0.7923620000000001,0.850083125
0.625,0.8125,0.0,0.6974569375,0.7251426249999999,0.48781706249999995
0.625,0.8125,0.0625,0.6878612500000001,0.73308475,0.5128069375
0.625,0.8125,0.125,0.6782655625,0.741026875,0.5377968125
0.625,0.8125,0.1875,0.6686698750000001,0.7489689999999999,0.5627866874999999
0.625,0.8125,0.25,0.6590741875,0.7569111249999999,0.5877765625
0.625,0.8125,0.3125,0.6494785000000001,0.7648532499999999,0.6127664374999999
0.625,0.8125,0.375,0.6398828125,0.772795375,0.6377563125
0.625,0.8125,0.4375,0.6302871250000001,0.7807375,0.6627461875
0.625,0.8125,0.5,0.6206914375,0.7886796249999999,0.6877360625
0.625,0.8125,0.5625,0.61109575,0.7966217499999999,0.7127259374999999
0.625,0.8125,0.625,0.6015000625,0.8045638749999999,0.7377158125
0.625,0.8125,0.6875,0.591904375,0.812506,0.7627056875
0.625,0.8125,0.75,0.5823086875000001,0.820448125,0.7876955625
0.625,0.8125,0.8125,0.572713,0.8283902499999999,0.8126854375
0.625,0.8125,0.875,0.5631173125000001,0.8363323749999999,0.8376753125
0.625,0.8125,0.9375,0.553521625,0.8442744999999999,0.8626651875
0.625,0.8125,1.0,0.5439259375000001,0.852216625,0.8876550624999999
0.625,0.875,0.0,0.6896236250000001,0.78499725,0.525389
0.625,0.875,0.0625,0.6800279375000001,0.792939375,0.550378875
0.625,0.875,0.125,0.6704322500000001,0.8008815,0.57536875
0.625,0.875,0.1875,0.6608365625000001,0.8088236249999999,0.600358625
0.625,0.875,0.25,0.651240875,0.81676575,0.6253485
0.625,0.875,0.3125,0.6416451875000001,0.824707875,0.650338375
0.625,0.875,0.375,0.6320495,0.83265,0.67532825
0.625,0.875,0.4375,0.6224538125000001,0.840592125,0.700318125
0.625,0.875,0.5,0.612858125,0.8485342499999999,0.7253080000000001
0.625,0.875,0.5625,0.6032624375000001,0.856476375,0.750297875
0.625,0.875,0.625,0.5936667500000001,0.8644185,0.7752877499999999
0.625,0.875,0.6875,0.5840710625000001,0.872360625,0.800277625
0.625,0.875,0.75,0.574475375,0.88030275,0.8252675
0.625,0.875,0.8125,0.5648796875000001,0.8882448749999999,0.850257375
0.625,0.875,0.875,0.5552840000000001,0.896187,0.87524725
0.625,0.875,0.9375,0.5456883125,0.904129125,0.9002371250000001
0.625,0.875,1.0,0.5360926250000001,0.91207125,0.925227
0.625,0.9375,0.0,0.6817903125,0.844851875,0.5629609375
0.625,0.9375,0.0625,0.672194625,0.852794,0.5879508125
0.625,0.9375,0.125,0.6625989375,0.8607361250000001,0.6129406875
0.625,0.9375,0.1875,0.65300325,0.86867825,0.6379305625
0.625,0.9375,0.25,0.6434075625,0.876620375,0.6629204375
0.625,0.9375,0.3125,0.633811875,0.8845625,0.6879103125
0.625,0.9375,0.375,0.6242161875,0.892504625,0.7129001875000001
0.625,0.9375,0.4375,0.6146205,0.9004467500000001,0.7378900625
0.625,0.9375,0.5,0.6050248125,0.908388875,0.7628799374999999
0.625,0.9375,0.5625,0.595429125,0.916331,0.7878698125
0.625,0.9375,0.625,0.5858334375,0.924273125,0.8128596875
0.625,0.9375,0.6875,0.57623775,0.93221525,0.8378495625
0.625,0.9375,0.75,0.5666420624999999,0.9401573750000001,0.8628394375
0.625,0.9375,0.8125,0.557046375,0.9480995,0.8878293125000001
0.625,0.9375,0.875,0.5474506875,0.956041625,0.9128191875
0.625,0.9375,0.9375,0.537855,0.96398375,0.9378090625
0.625,0.9375,1.0,0.5282593125,0.971925875,0.9627989375
0.625,1.0,0.0,0.673957,0.9047065000000001,0.600532875
0.625,1.0,0.0625,0.6643613125000001,0.9126486250000001,0.62552275
0.625,1.0,0.125,0.654765625,0.9205907500000001,0.650512625
0.625,1.0,0.1875,0.6451699375000001,0.928532875,0.6755025
0.625,1.0,0.25,0.63557425,0.9364750000000001,0.700492375
0.625,1.0,0.3125,0.6259785625000001,0.9444171250000001,0.72548225
0.625,1.0,0.375,0.616382875,0.9523592500000001,0.7504721249999999
0.625,1.0,0.4375,0.6067871875,0.9603013750000001,0.775462
0.625,1.0,0.5,0.5971915,0.9682435,0.800451875
0.625,1.0,0.5625,0.5875958125,0.9761856250000001,0.82544175
0.625,1.0,0.625,0.578000125,0.9841277500000001,0.8504316249999999
0.625,1.0,0.6875,0.5684044375,0.9920698750000001,0.8754215
0.625,1.0,0.75,0.5588087500000001,1.0000120000000001,0.900411375
0.625,1.0,0.8125,0.5492130625,1.0079541250000001,0.92540125
0.625,1.0,0.875,0.5396173750000001,1.0158962500000002,0.950391125
0.625,1.0,0.9375,0.5300216875,1.023838375,0.975381
0.625,1.0,1.0,0.520426,1.0317805,1.000370875
0.6875,0.0,0.0,0.879219,-0.058264250000000004,-0.0006799375000000001
0.6875,0.0,0.0625,0.8696233125,-0.050322125,0.0243099375
0.6875,0.0,0.125,0.860027625,-0.04238,0.049299812500000005
0.6875,0.0,0.1875,0.8504319375,-0.03443787500000001,0.0742896875
0.6875,0.0,0.25,0.84083625,-0.026495750000000005,0.0992795625
0.6875,0.0,0.3125,0.8312405625,-0.018553625000000004,0.1242694375
0.6875,0.0,0.375,0.8216448749999999,-0.01061150000000001,0.14925931250000002
0.6875,0.0,0.4375,0.8120491875,-0.0026693750000000085,0.1742491875
0.6875,0.0,0.5,0.8024534999999999,0.005272749999999993,0.1992390625
0.6875,0.0,0.5625,0.7928578125,0.013214874999999987,0.2242289375
0.6875,0.0,0.625,0.783262125,0.021156999999999995,0.2492188125
0.6875,0.0,0.6875,0.7736664375,0.02909912499999999,0.2742086875
0.6875,0.0,0.75,0.7640707499999999,0.037041249999999984,0.29919856250000004
0.6875,0.0,0.8125,0.7544750625,0.04498337499999999,0.32418843750000004
0.6875,0.0,0.875,0.744879375,0.052925499999999986,0.34917831250000003
0.6875,0.0,0.9375,0.7352836875,0.060867624999999995,0.3741681875
0.6875,0.0,1.0,0.725688,0.06880974999999999,0.3991580625
0.6875,0.0625,0.0,0.8713856875,0.001590374999999998,0.036892
0.6875,0.0625,0.0625,0.8617900000000001,0.009532499999999998,0.061881875
0.6875,0.0625,0.125,0.8521943125,0.017474624999999997,0.08687175
0.6875,0.0625,0.1875,0.842598625,0.025416749999999995,0.11186162500000002
0.6875,0.0625,0.25,0.8330029375,0.033358874999999996,0.13685150000000001
0.6875,0.0625,0.3125,0.82340725,0.041301,0.161841375
0.6875,0.0625,0.375,0.8138115625,0.04924312499999999,0.18683125000000003
0.6875,0.0625,0.4375,0.804215875,0.05718524999999999,0.21182112500000003
0.6875,0.0625,0.5,0.7946201875,0.06512737499999999,0.23681100000000002
0.6875,0.0625,0.5625,0.7850245,0.07306949999999998,0.261800875
0.6875,0.0625,0.625,0.7754288125,0.081011625,0.28679075
0.6875,0.0625,0.6875,0.765833125,0.08895375,0.311780625
0.6875,0.0625,0.75,0.7562374375,0.09689587499999999,0.33677050000000003
0.6875,0.0625,0.8125,0.74664175,0.10483799999999999,0.361760375
0.6875,0.0625,0.875,0.7370460625,0.11278012499999998,0.38675025
0.6875,0.0625,0.9375,0.727450375,0.12072225,0.411740125
0.6875,0.0625,1.0,0.7178546875,0.128664375,0.43673
0.6875,0.125,0.0,0.8635523749999999,0.061445,0.0744639375
0.6875,0.125,0.0625,0.8539566875,0.069387125,0.09945381249999999
0.6875,0.125,0.125,0.8443609999999999,0.07732925,0.1244436875
0.6875,0.125,0.1875,0.8347653125,0.085271375,0.1494335625
0.6875,0.125,0.25,0.8251696249999999,0.0932135,0.1744234375
0.6875,0.125,0.3125,0.8155739375,0.101155625,0.1994133125
0.6875,0.125,0.375,0.8059782499999999,0.10909775,0.22440318750000002
0.6875,0.125,0.4375,0.7963825625,0.11703987499999999,0.2493930625
0.6875,0.125,0.5,0.7867868749999999,0.124982,0.2743829375
0.6875,0.125,0.5625,0.7771911874999999,0.132924125,0.29937281250000003
0.6875,0.125,0.625,0.7675954999999999,0.14086625,0.32436268749999997
0.6875,0.125,0.6875,0.7579998124999999,0.148808375,0.3493525625
0.6875,0.125,0.75,0.748404125,0.1567505,0.37434243750000007
0.6875,0.125,0.8125,0.7388084374999999,0.16469262499999998,0.3993323125
0.6875,0.125,0.875,0.72921275,0.17263475,0.42432218750000006
0.6875,0.125,0.9375,0.7196170624999999,0.180576875,0.4493120625
0.6875,0.125,1.0,0.710021375,0.188519,0.47430193750000005
0.6875,0.1875,0.0,0.8557190625,0.12129962500000001,0.112035875
0.6875,0.1875,0.0625,0.846123375,0.12924175000000002,0.13702575
0.6875,0.1875,0.125,0.8365276875,0.137183875,0.162015625
0.6875,0.1875,0.1875,0.826932,0.145126,0.1870055
0.6875,0.1875,0.25,0.8173363124999999,0.153068125,0.21199537499999999
0.6875,0.1875,0.3125,0.807740625,0.16101025000000002,0.23698524999999998
0.6875,0.1875,0.375,0.7981449374999999,0.168952375,0.26197512500000003
0.6875,0.1875,0.4375,0.78854925,0.1768945,0.286965
0.6875,0.1875,0.5,0.7789535624999999,0.184836625,0.311954875
0.6875,0.1875,0.5625,0.769357875,0.19277875,0.33694475
0.6875,0.1875,0.625,0.7597621875,0.20072087500000002,0.361934625
0.6875,0.1875,0.6875,0.7501665,0.208663,0.3869245
0.6875,0.1875,0.75,0.7405708124999999,0.216605125,0.41191437500000005
0.6875,0.1875,0.8125,0.730975125,0.22454725,0.43690425000000005
0.6875,0.1875,0.875,0.7213794375,0.232489375,0.46189412500000004
0.6875,0.1875,0.9375,0.7117837499999999,0.24043150000000002,0.48688400000000004
0.6875,0.1875,1.0,0.7021880625,0.248373625,0.511873875
0.6875,0.25,0.0,0.84788575,0.18115425000000002,0.1496078125
0.6875,0.25,0.0625,0.8382900625,0.189096375,0.1745976875
0.6875,0.25,0.125,0.828694375,0.1970385,0.19958756249999998
0.6875,0.25,0.1875,0.8190986875,0.20498062500000003,0.2245774375
0.6875,0.25,0.25,0.809503,0.21292275000000002,0.2495673125
0.6875,0.25,0.3125,0.7999073125,0.22086487500000002,0.2745571875
0.6875,0.25,0.375,0.790311625,0.228807,0.2995470625
0.6875,0.25,0.4375,0.7807159375,0.236749125,0.3245369375
0.6875,0.25,0.5,0.77112025,0.24469125000000003,0.3495268125
0.6875,0.25,0.5625,0.7615245625,0.252633375,0.3745166875
0.6875,0.25,0.625,0.7519288749999999,0.2605755,0.3995065625
0.6875,0.25,0.6875,0.7423331875,0.268517625,0.4244964375
0.6875,0.25,0.75,0.7327375,0.27645975,0.44948631250000004
0.6875,0.25,0.8125,0.7231418125,0.284401875,0.47447618750000004
0.6875,0.25,0.875,0.713546125,0.292344,0.49946606250000003
0.6875,0.25,0.9375,0.7039504375,0.300286125,0.5244559375
0.6875,0.25,1.0,0.69435475,0.30822825,0.5494458125
0.6875,0.3125,0.0,0.8400524375,0.241008875,0.18717974999999998
0.6875,0.3125,0.0625,0.8304567500000001,0.248951,0.21216962499999997
0.6875,0.3125,0.125,0.8208610625,0.256893125,0.23715949999999997
0.6875,0.3125,0.1875,0.8112653750000001,0.26483525,0.262149375
0.6875,0.3125,0.25,0.8016696875,0.272777375,0.28713924999999996
0.6875,0.3125,0.3125,0.7920740000000001,0.2807195,0.312129125
0.6875,0.3125,0.375,0.7824783125,0.28866162500000003,0.337119
0.6875,0.3125,0.4375,0.772882625,0.29660375,0.362108875
0.6875,0.3125,0.5,0.7632869375,0.304545875,0.38709875
0.6875,0.3125,0.5625,0.75369125,0.312488,0.412088625
0.6875,0.3125,0.625,0.7440955625000001,0.320430125,0.4370785
0.6875,0.3125,0.6875,0.734499875,0.32837225000000003,0.462068375
0.6875,0.3125,0.75,0.7249041875,0.336314375,0.48705825
0.6875,0.3125,0.8125,0.7153085,0.3442565,0.512048125
0.6875,0.3125,0.875,0.7057128125000001,0.352198625,0.537038
0.6875,0.3125,0.9375,0.696117125,0.36014075,0.5620278750000001
0.6875,0.3125,1.0,0.6865214375,0.36808287500000003,0.58701775
0.6875,0.375,0.0,0.832219125,0.3008635,0.2247516875
0.6875,0.375,0.0625,0.8226234375,0.30880562500000003,0.2497415625
0.6875,0.375,0.125,0.8130277499999999,0.31674775,0.2747314375
0.6875,0.375,0.1875,0.8034320625,0.324689875,0.2997213125
0.6875,0.375,0.25,0.7938363749999999,0.332632,0.3247111875
0.6875,0.375,0.3125,0.7842406875,0.340574125,0.3497010625
0.6875,0.375,0.375,0.7746449999999999,0.34851624999999997,0.37469093750000004
0.6875,0.375,0.4375,0.7650493125,0.356458375,0.3996808125
0.6875,0.375,0.5,0.7554536249999999,0.3644005,0.42467068750000003
0.6875,0.375,0.5625,0.7458579375,0.372342625,0.44966056249999997
0.6875,0.375,0.625,0.73626225,0.38028475,0.4746504375
0.6875,0.375,0.6875,0.7266665625,0.38822687499999997,0.49964031249999996
0.6875,0.375,0.75,0.7170708749999999,0.396169,0.5246301875
0.6875,0.375,0.8125,0.7074751874999999,0.404111125,0.5496200625000001
0.6875,0.375,0.875,0.6978795,0.41205325,0.5746099375
0.6875,0.375,0.9375,0.6882838124999999,0.419995375,0.5995998125
0.6875,0.375,1.0,0.678688125,0.42793749999999997,0.6245896875
0.6875,0.4375,0.0,0.8243858125,0.360718125,0.262323625
0.6875,0.4375,0.0625,0.814790125,0.36866025,0.2873135
0.6875,0.4375,0.125,0.8051944375,0.376602375,0.312303375
0.6875,0.4375,0.1875,0.79559875,0.3845445,0.33729325
0.6875,0.4375,0.25,0.7860030625,0.392486625,0.36228312500000004
0.6875,0.4375,0.3125,0.776407375,0.40042875,0.387273
0.6875,0.4375,0.375,0.7668116875,0.408370875,0.41226287500000003
0.6875,0.4375,0.4375,0.757216,0.416313,0.43725275
0.6875,0.4375,0.5,0.7476203124999999,0.424255125,0.462242625
0.6875,0.4375,0.5625,0.738024625,0.43219725,0.4872325
0.6875,0.4375,0.625,0.7284289374999999,0.440139375,0.512222375
0.6875,0.4375,0.6875,0.71883325,0.4480815,0.5372122500000001
0.6875,0.4375,0.75,0.7092375625,0.456023625,0.562202125
0.6875,0.4375,0.8125,0.699641875,0.46396575,0.587192
0.6875,0.4375,0.875,0.6900461875,0.471907875,0.6121818750000001
0.6875,0.4375,0.9375,0.6804505,0.47985,0.63717175
0.6875,0.4375,1.0,0.6708548125,0.487792125,0.662161625
0.6875,0.5,0.0,0.8165525,0.42057275,0.2998955625
0.6875,0.5,0.0625,0.8069568125000001,0.428514875,0.3248854375
0.6875,0.5,0.125,0.797361125,0.436457,0.3498753125
0.6875,0.5,0.1875,0.7877654375,0.444399125,0.3748651875
0.6875,0.5,0.25,0.77816975,0.45234125,0.3998550625
0.6875,0.5,0.3125,0.7685740625,0.460283375,0.42484493749999996
0.6875,0.5,0.375,0.758978375,0.46822549999999996,0.4498348125
0.6875,0.5,0.4375,0.7493826875,0.476167625,0.4748246875
0.6875,0.5,0.5,0.739787,0.48410975,0.4998145625
0.6875,0.5,0.5625,0.7301913125,0.49205187499999997,0.5248044375
0.6875,0.5,0.625,0.7205956250000001,0.499994,0.5497943125
0.6875,0.5,0.6875,0.7109999375,0.507936125,0.5747841874999999
0.6875,0.5,0.75,0.70140425,0.51587825,0.5997740625000001
0.6875,0.5,0.8125,0.6918085625,0.523820375,0.6247639375
0.6875,0.5,0.875,0.682212875,0.5317625,0.6497538125
0.6875,0.5,0.9375,0.6726171875,0.5397046249999999,0.6747436875
0.6875,0.5,1.0,0.6630215,0.54764675,0.6997335625000001
0.6875,0.5625,0.0,0.8087191874999999,0.480427375,0.3374675
0.6875,0.5625,0.0625,0.7991235,0.4883695,0.36245737499999997
0.6875,0.5625,0.125,0.7895278124999999,0.496311625,0.38744724999999997
0.6875,0.5625,0.1875,0.779932125,0.50425375,0.41243712499999996
0.6875,0.5625,0.25,0.7703364374999999,0.512195875,0.437427
0.6875,0.5625,0.3125,0.76074075,0.520138,0.46241687499999995
0.6875,0.5625,0.375,0.7511450624999999,0.528080125,0.48740675
0.6875,0.5625,0.4375,0.741549375,0.53602225,0.512396625
0.6875,0.5625,0.5,0.7319536874999999,0.5439643749999999,0.5373865
0.6875,0.5625,0.5625,0.722358,0.5519065,0.5623763749999999
0.6875,0.5625,0.625,0.7127623125,0.559848625,0.58736625
0.6875,0.5625,0.6875,0.7031666249999999,0.56779075,0.612356125
0.6875,0.5625,0.75,0.6935709374999999,0.5757328749999999,0.637346
0.6875,0.5625,0.8125,0.6839752499999999,0.5836749999999999,0.662335875
0.6875,0.5625,0.875,0.6743795625,0.591617125,0.6873257500000001
0.6875,0.5625,0.9375,0.6647838749999999,0.59955925,0.712315625
0.6875,0.5625,1.0,0.6551881875,0.607501375,0.7373055
0.6875,0.625,0.0,0.800885875,0.540282,0.37503943749999996
0.6875,0.625,0.0625,0.7912901875,0.5482241250000001,0.40002931249999996
0.6875,0.625,0.125,0.7816945,0.5561662500000001,0.42501918749999995
0.6875,0.625,0.1875,0.7720988125,0.564108375,0.45000906249999995
0.6875,0.625,0.25,0.762503125,0.5720505,0.4749989375
0.6875,0.625,0.3125,0.7529074375,0.579992625,0.49998881249999994
0.6875,0.625,0.375,0.7433117499999999,0.5879347500000001,0.5249786875
0.6875,0.625,0.4375,0.7337160625,0.5958768750000001,0.5499685624999999
0.6875,0.625,0.5,0.7241203749999999,0.603819,0.5749584375
0.6875,0.625,0.5625,0.7145246875,0.611761125,0.5999483125
0.6875,0.625,0.625,0.7049289999999999,0.61970325,0.6249381875
0.6875,0.625,0.6875,0.6953333125,0.6276453750000001,0.6499280624999999
0.6875,0.625,0.75,0.685737625,0.6355875,0.6749179375000001
0.6875,0.625,0.8125,0.6761419375,0.643529625,0.6999078125
0.6875,0.625,0.875,0.66654625,0.65147175,0.7248976874999999
0.6875,0.625,0.9375,0.6569505625,0.659413875,0.7498875625
0.6875,0.625,1.0,0.647354875,0.6673560000000001,0.7748774375
0.6875,0.6875,0.0,0.7930525625,0.600136625,0.412611375
0.6875,0.6875,0.0625,0.783456875,0.60807875,0.43760125
0.6875,0.6875,0.125,0.7738611875,0.616020875,0.462591125
0.6875,0.6875,0.1875,0.7642655,0.6239629999999999,0.48758100000000004
0.6875,0.6875,0.25,0.7546698125,0.631905125,0.512570875
0.6875,0.6875,0.3125,0.745074125,0.63984725,0.53756075
0.6875,0.6875,0.375,0.7354784375,0.647789375,0.5625506250000001
0.6875,0.6875,0.4375,0.72588275,0.6557315,0.5875405
0.6875,0.6875,0.5,0.7162870625,0.6636736249999999,0.612530375
0.6875,0.6875,0.5625,0.706691375,0.67161575,0.63752025
0.6875,0.6875,0.625,0.6970956875000001,0.679557875,0.6625101250000001
0.6875,0.6875,0.6875,0.6875,0.6875,0.6875
0.6875,0.6875,0.75,0.6779043124999999,0.695442125,0.712489875
0.6875,0.6875,0.8125,0.668308625,0.7033842499999999,0.7374797500000001
0.6875,0.6875,0.875,0.6587129375,0.711326375,0.762469625
0.6875,0.6875,0.9375,0.64911725,0.7192685,0.7874595
0.6875,0.6875,1.0,0.6395215625,0.727210625,0.812449375
0.6875,0.75,0.0,0.7852192499999999,0.65999125,0.4501833125
0.6875,0.75,0.0625,0.7756235625,0.667933375,0.4751731875
0.6875,0.75,0.125,0.7660278749999999,0.6758755000000001,0.5001630625
0.6875,0.75,0.1875,0.7564321875,0.683817625,0.5251529375
0.6875,0.75,0.25,0.7468364999999999,0.69175975,0.5501428125
0.6875,0.75,0.3125,0.7372408125,0.699701875,0.5751326875
0.6875,0.75,0.375,0.7276451249999999,0.707644,0.6001225625
0.6875,0.75,0.4375,0.7180494374999999,0.7155861250000001,0.6251124375
0.6875,0.75,0.5,0.7084537499999999,0.72352825,0.6501023125000001
0.6875,0.75,0.5625,0.6988580624999999,0.731470375,0.6750921875
0.6875,0.75,0.625,0.689262375,0.7394125,0.7000820624999999
0.6875,0.75,0.6875,0.6796666874999999,0.747354625,0.7250719375
0.6875,0.75,0.75,0.6700709999999999,0.7552967500000001,0.7500618125
0.6875,0.75,0.8125,0.6604753124999999,0.763238875,0.7750516875
0.6875,0.75,0.875,0.650879625,0.771181,0.8000415625
0.6875,0.75,0.9375,0.6412839374999999,0.779123125,0.8250314375000001
0.6875,0.75,1.0,0.63168825,0.78706525,0.8500213125
0.6875,0.8125,0.0,0.7773859375,0.719845875,0.48775525
0.6875,0.8125,0.0625,0.76779025,0.727788,0.512745125
0.6875,0.8125,0.125,0.7581945625,0.735730125,0.537735
0.6875,0.8125,0.1875,0.748598875,0.7436722499999999,0.562724875
0.6875,0.8125,0.25,0.7390031874999999,0.751614375,0.58771475
0.6875,0.8125,0.3125,0.7294075,0.7595565,0.612704625
0.6875,0.8125,0.375,0.7198118124999999,0.767498625,0.6376945
0.6875,0.8125,0.4375,0.710216125,0.77544075,0.662684375
0.6875,0.8125,0.5,0.7006204374999999,0.7833828749999999,0.6876742499999999
0.6875,0.8125,0.5625,0.69102475,0.791325,0.712664125
0.6875,0.8125,0.625,0.6814290624999999,0.799267125,0.737654
0.6875,0.8125,0.6875,0.671833375,0.80720925,0.762643875
0.6875,0.8125,0.75,0.6622376875,0.8151513749999999,0.78763375
0.6875,0.8125,0.8125,0.6526419999999999,0.8230934999999999,0.8126236250000001
0.6875,0.8125,0.875,0.6430463125,0.831035625,0.8376135
0.6875,0.8125,0.9375,0.6334506249999999,0.83897775,0.862603375
0.6875,0.8125,1.0,0.6238549375,0.846919875,0.88759325
0.6875,0.875,0.0,0.769552625,0.7797005,0.5253271875000001
0.6875,0.875,0.0625,0.7599569375,0.787642625,0.5503170625000001
0.6875,0.875,0.125,0.75036125,0.7955847500000001,0.5753069375000001
0.6875,0.875,0.1875,0.7407655625,0.803526875,0.6002968125000001
0.6875,0.875,0.25,0.731169875,0.811469,0.6252866875
0.6875,0.875,0.3125,0.7215741875,0.819411125,0.6502765625000001
0.6875,0.875,0.375,0.7119785,0.82735325,0.6752664375000001
0.6875,0.875,0.4375,0.7023828125,0.8352953750000001,0.7002563125000001
0.6875,0.875,0.5,0.692787125,0.8432375,0.7252461875
0.6875,0.875,0.5625,0.6831914375,0.851179625,0.7502360625000001
0.6875,0.875,0.625,0.67359575,0.85912175,0.7752259375000001
0.6875,0.875,0.6875,0.6640000625,0.867063875,0.8002158125000001
0.6875,0.875,0.75,0.6544043749999999,0.875006,0.8252056875000001
0.6875,0.875,0.8125,0.6448086875,0.882948125,0.8501955625000002
0.6875,0.875,0.875,0.635213,0.89089025,0.8751854375000001
0.6875,0.875,0.9375,0.6256173125,0.898832375,0.9001753125
0.6875,0.875,1.0,0.616021625,0.9067745,0.9251651875000001
0.6875,0.9375,0.0,0.7617193124999999,0.839555125,0.5628991250000001
0.6875,0.9375,0.0625,0.752123625,0.84749725,0.5878890000000001
0.6875,0.9375,0.125,0.7425279374999999,0.855439375,0.612878875
0.6875,0.9375,0.1875,0.73293225,0.8633814999999999,0.6378687500000001
0.6875,0.9375,0.25,0.7233365624999999,0.8713236249999999,0.662858625
0.6875,0.9375,0.3125,0.7137408749999999,0.87926575,0.6878485000000001
0.6875,0.9375,0.375,0.7041451874999999,0.887207875,0.712838375
0.6875,0.9375,0.4375,0.6945494999999999,0.89515,0.7378282500000001
0.6875,0.9375,0.5,0.6849538124999999,0.9030921249999999,0.7628181250000001
0.6875,0.9375,0.5625,0.6753581249999999,0.9110342499999999,0.7878080000000001
0.6875,0.9375,0.625,0.6657624375,0.918976375,0.812797875
0.6875,0.9375,0.6875,0.6561667499999999,0.9269185,0.83778775
0.6875,0.9375,0.75,0.6465710624999998,0.934860625,0.8627776250000001
0.6875,0.9375,0.8125,0.6369753749999999,0.9428027499999999,0.8877675
0.6875,0.9375,0.875,0.6273796875,0.9507448749999999,0.9127573750000001
0.6875,0.9375,0.9375,0.6177839999999999,0.958687,0.9377472500000001
0.6875,0.9375,1.0,0.6081883124999999,0.966629125,0.9627371250000001
0.6875,1.0,0.0,0.753886,0.89940975,0.6004710625
0.6875,1.0,0.0625,0.7442903125,0.907351875,0.6254609375000001
0.6875,1.0,0.125,0.7346946249999999,0.915294,0.6504508125
0.6875,1.0,0.1875,0.7250989375,0.923236125,0.6754406875000001
0.6875,1.0,0.25,0.7155032499999999,0.93117825,0.7004305625
0.6875,1.0,0.3125,0.7059075625,0.939120375,0.7254204375000001
0.6875,1.0,0.375,0.6963118749999999,0.9470625,0.7504103125000001
0.6875,1.0,0.4375,0.6867161875,0.955004625,0.7754001875000001
0.6875,1.0,0.5,0.6771204999999999,0.96294675,0.8003900625
0.6875,1.0,0.5625,0.6675248125,0.970888875,0.8253799375
0.6875,1.0,0.625,0.6579291249999999,0.978831,0.8503698125000001
0.6875,1.0,0.6875,0.6483334374999999,0.986773125,0.8753596875
0.6875,1.0,0.75,0.63873775,0.99471525,0.9003495625000001
0.6875,1.0,0.8125,0.6291420624999999,1.002657375,0.9253394375000001
0.6875,1.0,0.875,0.619546375,1.0105995,0.9503293125000001
0.6875,1.0,0.9375,0.6099506874999999,1.0185416250000001,0.9753191875
0.6875,1.0,1.0,0.600355,1.02648375,1.0003090625
0.75,0.0,0.0,0.959148,-0.063561,-0.00074175
0.75,0.0,0.0625,0.9495523125,-0.055618875000000005,0.024248125000000002
0.75,0.0,0.125,0.939956625,-0.047676750000000004,0.049238000000000004
0.75,0.0,0.1875,0.9303609375,-0.03973462500000001,0.07422787500000001
0.75,0.0,0.25,0.92076525,-0.03179250000000001,0.09921775000000001
0.75,0.0,0.3125,0.9111695625,-0.023850375000000007,0.124207625
0.75,0.0,0.375,0.901573875,-0.015908250000000013,0.1491975
0.75,0.0,0.4375,0.8919781875,-0.007966125000000011,0.174187375
0.75,0.0,0.5,0.8823825,-2.4000000000010124e-05,0.19917725
0.75,0.0,0.5625,0.8727868125,0.007918124999999984,0.224167125
0.75,0.0,0.625,0.863191125,0.015860249999999992,0.249157
0.75,0.0,0.6875,0.8535954375,0.023802374999999987,0.274146875
0.75,0.0,0.75,0.84399975,0.03174449999999998,0.29913675000000006
0.75,0.0,0.8125,0.8344040625,0.03968662499999999,0.32412662500000006
0.75,0.0,0.875,0.824808375,0.047628749999999984,0.34911650000000005
0.75,0.0,0.9375,0.8152126875,0.05557087499999999,0.37410637500000005
0.75,0.0,1.0,0.805617,0.06351299999999999,0.39909625000000004
0.75,0.0625,0.0,0.9513146875,-0.003706375000000005,0.0368301875
0.75,0.0625,0.0625,0.9417190000000001,0.004235749999999995,0.0618200625
0.75,0.0625,0.125,0.9321233125,0.012177874999999994,0.0868099375
0.75,0.0625,0.1875,0.9225276250000001,0.020119999999999992,0.11179981250000001
0.75,0.0625,0.25,0.9129319375,0.028062124999999993,0.1367896875
0.75,0.0625,0.3125,0.9033362500000001,0.036004249999999995,0.1617795625
0.75,0.0625,0.375,0.8937405625,0.04394637499999999,0.18676943750000002
0.75,0.0625,0.4375,0.884144875,0.05188849999999999,0.21175931250000002
0.75,0.0625,0.5,0.8745491875,0.05983062499999999,0.2367491875
0.75,0.0625,0.5625,0.8649535,0.06777274999999999,0.2617390625
0.75,0.0625,0.625,0.8553578125000001,0.07571487499999999,0.2867289375
0.75,0.0625,0.6875,0.845762125,0.08365699999999998,0.3117188125
0.75,0.0625,0.75,0.8361664375,0.09159912499999998,0.33670868750000005
0.75,0.0625,0.8125,0.82657075,0.09954125,0.36169856250000004
0.75,0.0625,0.875,0.8169750625000001,0.10748337499999999,0.38668843750000004
0.75,0.0625,0.9375,0.807379375,0.11542549999999999,0.41167831250000003
0.75,0.0625,1.0,0.7977836875000001,0.12336762499999998,0.4366681875
0.75,0.125,0.0,0.943481375,0.05614825,0.074402125
0.75,0.125,0.0625,0.9338856875,0.06409037499999999,0.09939200000000001
0.75,0.125,0.125,0.92429,0.0720325,0.124381875
0.75,0.125,0.1875,0.9146943125,0.079974625,0.14937175000000003
0.75,0.125,0.25,0.9050986249999999,0.08791674999999999,0.17436162500000002
0.75,0.125,0.3125,0.8955029375,0.095858875,0.19935150000000001
0.75,0.125,0.375,0.8859072499999999,0.10380099999999999,0.224341375
0.75,0.125,0.4375,0.8763115625,0.111743125,0.24933125
0.75,0.125,0.5,0.8667158749999999,0.11968524999999999,0.274321125
0.75,0.125,0.5625,0.8571201875,0.127627375,0.299311
0.75,0.125,0.625,0.8475245,0.1355695,0.324300875
0.75,0.125,0.6875,0.8379288125,0.14351162499999998,0.34929075
0.75,0.125,0.75,0.8283331249999999,0.15145375,0.37428062500000003
0.75,0.125,0.8125,0.8187374374999999,0.159395875,0.39927050000000003
0.75,0.125,0.875,0.80914175,0.167338,0.424260375
0.75,0.125,0.9375,0.7995460624999999,0.175280125,0.44925025
0.75,0.125,1.0,0.789950375,0.18322224999999998,0.474240125
0.75,0.1875,0.0,0.9356480625,0.116002875,0.1119740625
0.75,0.1875,0.0625,0.926052375,0.123945,0.1369639375
0.75,0.1875,0.125,0.9164566875,0.131887125,0.16195381250000002
0.75,0.1875,0.1875,0.906861,0.13982925000000002,0.1869436875
0.75,0.1875,0.25,0.8972653125,0.147771375,0.2119335625
0.75,0.1875,0.3125,0.887669625,0.1557135,0.2369234375
0.75,0.1875,0.375,0.8780739375,0.163655625,0.26191331250000005
0.75,0.1875,0.4375,0.86847825,0.17159775,0.2869031875
0.75,0.1875,0.5,0.8588825625,0.17953987500000002,0.31189306250000004
0.75,0.1875,0.5625,0.849286875,0.18748199999999998,0.3368829375
0.75,0.1875,0.625,0.8396911874999999,0.195424125,0.36187281250000003
0.75,0.1875,0.6875,0.8300955,0.20336625,0.38686268749999997
0.75,0.1875,0.75,0.8204998125,0.211308375,0.4118525625
0.75,0.1875,0.8125,0.810904125,0.21925050000000001,0.43684243750000007
0.75,0.1875,0.875,0.8013084375,0.22719262499999998,0.4618323125
0.75,0.1875,0.9375,0.79171275,0.23513475,0.48682218750000006
0.75,0.1875,1.0,0.7821170625,0.243076875,0.5118120625
0.75,0.25,0.0,0.92781475,0.1758575,0.14954599999999998
0.75,0.25,0.0625,0.9182190625000001,0.183799625,0.17453587499999998
0.75,0.25,0.125,0.908623375,0.19174175,0.19952575
0.75,0.25,0.1875,0.8990276875000001,0.199683875,0.224515625
0.75,0.25,0.25,0.889432,0.207626,0.2495055
0.75,0.25,0.3125,0.8798363125,0.215568125,0.274495375
0.75,0.25,0.375,0.870240625,0.22351025,0.29948525000000004
0.75,0.25,0.4375,0.8606449375,0.231452375,0.324475125
0.75,0.25,0.5,0.85104925,0.2393945,0.349465
0.75,0.25,0.5625,0.8414535625,0.24733662499999998,0.37445487499999996
0.75,0.25,0.625,0.8318578750000001,0.25527875,0.39944475
0.75,0.25,0.6875,0.8222621875,0.263220875,0.42443462499999995
0.75,0.25,0.75,0.8126665,0.271163,0.4494245
0.75,0.25,0.8125,0.8030708125,0.279105125,0.47441437500000005
0.75,0.25,0.875,0.7934751250000001,0.28704725,0.49940425
0.75,0.25,0.9375,0.7838794375,0.294989375,0.524394125
0.75,0.25,1.0,0.77428375,0.3029315,0.549384
0.75,0.3125,0.0,0.9199814374999999,0.23571212500000002,0.18711793749999997
0.75,0.3125,0.0625,0.91038575,0.24365425000000002,0.21210781249999996
0.75,0.3125,0.125,0.9007900624999999,0.25159637500000004,0.2370976875
0.75,0.3125,0.1875,0.891194375,0.2595385,0.2620875625
0.75,0.3125,0.25,0.8815986874999999,0.267480625,0.2870774375
0.75,0.3125,0.3125,0.872003,0.27542275000000005,0.31206731249999997
0.75,0.3125,0.375,0.8624073124999999,0.283364875,0.3370571875
0.75,0.3125,0.4375,0.852811625,0.29130700000000004,0.36204706249999996
0.75,0.3125,0.5,0.8432159374999999,0.299249125,0.3870369375
0.75,0.3125,0.5625,0.83362025,0.30719125,0.41202681249999995
0.75,0.3125,0.625,0.8240245625,0.31513337500000005,0.4370166875
0.75,0.3125,0.6875,0.8144288749999999,0.3230755,0.46200656249999994
0.75,0.3125,0.75,0.8048331874999999,0.331017625,0.4869964375
0.75,0.3125,0.8125,0.7952374999999999,0.33895975,0.5119863125
0.75,0.3125,0.875,0.7856418125,0.346901875,0.5369761875
0.75,0.3125,0.9375,0.7760461249999999,0.35484400000000005,0.5619660625
0.75,0.3125,1.0,0.7664504375,0.362786125,0.5869559375
0.75,0.375,0.0,0.912148125,0.29556675,0.22468987499999998
0.75,0.375,0.0625,0.9025524375,0.303508875,0.24967974999999998
0.75,0.375,0.125,0.89295675,0.311451,0.274669625
0.75,0.375,0.1875,0.8833610625,0.319393125,0.29965949999999997
0.75,0.375,0.25,0.873765375,0.32733524999999997,0.324649375
0.75,0.375,0.3125,0.8641696875,0.335277375,0.34963924999999996
0.75,0.375,0.375,0.854574,0.3432195,0.374629125
0.75,0.375,0.4375,0.8449783125,0.351161625,0.399619
0.75,0.375,0.5,0.8353826249999999,0.35910375,0.424608875
0.75,0.375,0.5625,0.8257869375,0.36704587499999997,0.44959875
0.75,0.375,0.625,0.8161912499999999,0.374988,0.474588625
0.75,0.375,0.6875,0.8065955625,0.382930125,0.4995785
0.75,0.375,0.75,0.796999875,0.39087225,0.5245683750000001
0.75,0.375,0.8125,0.7874041875,0.398814375,0.54955825
0.75,0.375,0.875,0.7778085,0.40675649999999997,0.574548125
0.75,0.375,0.9375,0.7682128125,0.414698625,0.599538
0.75,0.375,1.0,0.758617125,0.42264075,0.6245278750000001
0.75,0.4375,0.0,0.9043148125,0.35542137500000004,0.2622618125
0.75,0.4375,0.0625,0.8947191250000001,0.36336350000000006,0.2872516875
0.75,0.4375,0.125,0.8851234375,0.37130562500000003,0.3122415625
0.75,0.4375,0.1875,0.87552775,0.37924775000000005,0.33723143750000006
0.75,0.4375,0.25,0.8659320625,0.387189875,0.3622213125
0.75,0.4375,0.3125,0.856336375,0.39513200000000004,0.38721118750000005
0.75,0.4375,0.375,0.8467406875,0.40307412500000006,0.41220106250000005
0.75,0.4375,0.4375,0.837145,0.41101625,0.43719093750000004
0.75,0.4375,0.5,0.8275493125,0.41895837500000005,0.46218081250000004
0.75,0.4375,0.5625,0.817953625,0.4269005,0.48717068750000003
0.75,0.4375,0.625,0.8083579375000001,0.43484262500000004,0.5121605625000001
0.75,0.4375,0.6875,0.79876225,0.44278475000000006,0.5371504375
0.75,0.4375,0.75,0.7891665625,0.450726875,0.5621403125000001
0.75,0.4375,0.8125,0.779570875,0.45866900000000005,0.5871301875000001
0.75,0.4375,0.875,0.7699751875,0.466611125,0.6121200625000001
0.75,0.4375,0.9375,0.7603795,0.47455325000000004,0.6371099375
0.75,0.4375,1.0,0.7507838125,0.48249537500000006,0.6620998125
0.75,0.5,0.0,0.8964815,0.415276,0.29983375
0.75,0.5,0.0625,0.8868858125000001,0.423218125,0.324823625
0.75,0.5,0.125,0.877290125,0.43116024999999997,0.3498135
0.75,0.5,0.1875,0.8676944375000001,0.439102375,0.37480337500000005
0.75,0.5,0.25,0.85809875,0.44704449999999996,0.39979325
0.75,0.5,0.3125,0.8485030625000001,0.454986625,0.42478312500000004
0.75,0.5,0.375,0.838907375,0.46292875,0.44977300000000003
0.75,0.5,0.4375,0.8293116875000001,0.47087087499999997,0.47476287500000003
0.75,0.5,0.5,0.819716,0.478813,0.49975275
0.75,0.5,0.5625,0.8101203125,0.48675512499999996,0.524742625
0.75,0.5,0.625,0.800524625,0.49469725,0.5497325
0.75,0.5,0.6875,0.7909289375,0.502639375,0.574722375
0.75,0.5,0.75,0.7813332500000001,0.5105815,0.5997122500000001
0.75,0.5,0.8125,0.7717375625,0.5185236249999999,0.624702125
0.75,0.5,0.875,0.7621418750000001,0.52646575,0.649692
0.75,0.5,0.9375,0.7525461875,0.534407875,0.6746818750000001
0.75,0.5,1.0,0.7429505000000001,0.54235,0.69967175
0.75,0.5625,0.0,0.8886481875,0.47513062500000003,0.3374056875
0.75,0.5625,0.0625,0.8790525,0.48307275000000005,0.3623955625
0.75,0.5625,0.125,0.8694568125,0.491014875,0.3873854375
0.75,0.5625,0.1875,0.859861125,0.49895700000000004,0.41237531250000004
0.75,0.5625,0.25,0.8502654374999999,0.506899125,0.4373651875
0.75,0.5625,0.3125,0.84066975,0.51484125,0.4623550625
0.75,0.5625,0.375,0.8310740624999999,0.522783375,0.4873449375
0.75,0.5625,0.4375,0.821478375,0.5307255000000001,0.5123348125
0.75,0.5625,0.5,0.8118826874999999,0.538667625,0.5373246875
0.75,0.5625,0.5625,0.802287,0.54660975,0.5623145625
0.75,0.5625,0.625,0.7926913124999999,0.554551875,0.5873044375
0.75,0.5625,0.6875,0.783095625,0.562494,0.6122943125
0.75,0.5625,0.75,0.7734999375,0.5704361250000001,0.6372841875
0.75,0.5625,0.8125,0.76390425,0.57837825,0.6622740625000001
0.75,0.5625,0.875,0.7543085625,0.586320375,0.6872639375
0.75,0.5625,0.9375,0.7447128749999999,0.5942625,0.7122538125
0.75,0.5625,1.0,0.7351171875,0.602204625,0.7372436875
0.75,0.625,0.0,0.880814875,0.5349852500000001,0.374977625
0.75,0.625,0.0625,0.8712191875,0.5429273750000001,0.3999675
0.75,0.625,0.125,0.8616235,0.5508695000000001,0.42495737499999997
0.75,0.625,0.1875,0.8520278125,0.558811625,0.44994725
0.75,0.625,0.25,0.842432125,0.5667537500000001,0.47493712499999996
0.75,0.625,0.3125,0.8328364375,0.5746958750000001,0.499927
0.75,0.625,0.375,0.82324075,0.5826380000000001,0.524916875
0.75,0.625,0.4375,0.8136450625,0.5905801250000001,0.54990675
0.75,0.625,0.5,0.804049375,0.59852225,0.574896625
0.75,0.625,0.5625,0.7944536875,0.606464375,0.5998865
0.75,0.625,0.625,0.7848580000000001,0.6144065000000001,0.6248763749999999
0.75,0.625,0.6875,0.7752623125,0.6223486250000001,0.64986625
0.75,0.625,0.75,0.7656666249999999,0.6302907500000001,0.674856125
0.75,0.625,0.8125,0.7560709375,0.638232875,0.699846
0.75,0.625,0.875,0.74647525,0.646175,0.724835875
0.75,0.625,0.9375,0.7368795625,0.6541171250000001,0.7498257500000001
0.75,0.625,1.0,0.727283875,0.6620592500000001,0.774815625
0.75,0.6875,0.0,0.8729815625,0.594839875,0.4125495625
0.75,0.6875,0.0625,0.8633858750000001,0.602782,0.4375394375
0.75,0.6875,0.125,0.8537901875,0.6107241250000001,0.4625293125
0.75,0.6875,0.1875,0.8441945000000001,0.61866625,0.4875191875
0.75,0.6875,0.25,0.8345988125,0.626608375,0.5125090625000001
0.75,0.6875,0.3125,0.8250031250000001,0.6345505,0.5374989375
0.75,0.6875,0.375,0.8154074375,0.642492625,0.5624888125
0.75,0.6875,0.4375,0.80581175,0.6504347500000001,0.5874786875
0.75,0.6875,0.5,0.7962160625,0.658376875,0.6124685625
0.75,0.6875,0.5625,0.786620375,0.666319,0.6374584375000001
0.75,0.6875,0.625,0.7770246875,0.674261125,0.6624483125
0.75,0.6875,0.6875,0.767429,0.68220325,0.6874381875
0.75,0.6875,0.75,0.7578333125000001,0.690145375,0.7124280625000001
0.75,0.6875,0.8125,0.748237625,0.6980875,0.7374179375000001
0.75,0.6875,0.875,0.7386419375000001,0.706029625,0.7624078125
0.75,0.6875,0.9375,0.72904625,0.71397175,0.7873976875
0.75,0.6875,1.0,0.7194505625000001,0.721913875,0.8123875625000001
0.75,0.75,0.0,0.8651482500000001,0.6546945000000001,0.4501215
0.75,0.75,0.0625,0.8555525625000001,0.6626366250000001,0.475111375
0.75,0.75,0.125,0.845956875,0.6705787500000001,0.50010125
0.75,0.75,0.1875,0.8363611875000001,0.678520875,0.525091125
0.75,0.75,0.25,0.8267655,0.686463,0.550081
0.75,0.75,0.3125,0.8171698125000001,0.6944051250000001,0.575070875
0.75,0.75,0.375,0.807574125,0.7023472500000001,0.60006075
0.75,0.75,0.4375,0.7979784375000001,0.7102893750000001,0.6250506250000001
0.75,0.75,0.5,0.78838275,0.7182315,0.6500405
0.75,0.75,0.5625,0.7787870625000001,0.726173625,0.675030375
0.75,0.75,0.625,0.7691913750000001,0.7341157500000001,0.70002025
0.75,0.75,0.6875,0.7595956875000001,0.7420578750000001,0.7250101250000001
0.75,0.75,0.75,0.75,0.75,0.75
0.75,0.75,0.8125,0.7404043125,0.757942125,0.774989875
0.75,0.75,0.875,0.7308086250000001,0.76588425,0.7999797500000001
0.75,0.75,0.9375,0.7212129375,0.7738263750000001,0.824969625
0.75,0.75,1.0,0.7116172500000001,0.7817685000000001,0.8499595
0.75,0.8125,0.0,0.8573149375,0.714549125,0.4876934375
0.75,0.8125,0.0625,0.84771925,0.72249125,0.5126833125
0.75,0.8125,0.125,0.8381235625,0.730433375,0.5376731875
0.75,0.8125,0.1875,0.828527875,0.7383755,0.5626630625
0.75,0.8125,0.25,0.8189321875,0.746317625,0.5876529375
0.75,0.8125,0.3125,0.8093365,0.75425975,0.6126428125
0.75,0.8125,0.375,0.7997408125,0.762201875,0.6376326875
0.75,0.8125,0.4375,0.790145125,0.770144,0.6626225625
0.75,0.8125,0.5,0.7805494374999999,0.778086125,0.6876124375
0.75,0.8125,0.5625,0.77095375,0.78602825,0.7126023125000001
0.75,0.8125,0.625,0.7613580625,0.793970375,0.7375921875
0.75,0.8125,0.6875,0.751762375,0.8019125,0.7625820624999999
0.75,0.8125,0.75,0.7421666874999999,0.809854625,0.7875719375000001
0.75,0.8125,0.8125,0.732571,0.81779675,0.8125618125
0.75,0.8125,0.875,0.7229753125,0.825738875,0.8375516875
0.75,0.8125,0.9375,0.713379625,0.833681,0.8625415625
0.75,0.8125,1.0,0.7037839375,0.841623125,0.8875314375000001
0.75,0.875,0.0,0.849481625,0.7744037500000001,0.525265375
0.75,0.875,0.0625,0.8398859375000001,0.7823458750000001,0.5502552500000001
0.75,0.875,0.125,0.83029025,0.7902880000000001,0.575245125
0.75,0.875,0.1875,0.8206945625000001,0.798230125,0.6002350000000001
0.75,0.875,0.25,0.811098875,0.80617225,0.625224875
0.75,0.875,0.3125,0.8015031875,0.8141143750000001,0.6502147500000001
0.75,0.875,0.375,0.7919075,0.8220565000000001,0.6752046250000001
0.75,0.875,0.4375,0.7823118125,0.8299986250000001,0.7001945
0.75,0.875,0.5,0.772716125,0.83794075,0.725184375
0.75,0.875,0.5625,0.7631204375,0.845882875,0.75017425
0.75,0.875,0.625,0.75352475,0.8538250000000001,0.7751641250000001
0.75,0.875,0.6875,0.7439290625,0.8617671250000001,0.800154
0.75,0.875,0.75,0.7343333750000001,0.8697092500000001,0.8251438750000001
0.75,0.875,0.8125,0.7247376875,0.877651375,0.8501337500000001
0.75,0.875,0.875,0.715142,0.8855935,0.8751236250000001
0.75,0.875,0.9375,0.7055463125,0.8935356250000001,0.9001135
0.75,0.875,1.0,0.695950625,0.9014777500000001,0.9251033750000001
0.75,0.9375,0.0,0.8416483125,0.834258375,0.5628373125
0.75,0.9375,0.0625,0.8320526250000001,0.8422005,0.5878271875000001
0.75,0.9375,0.125,0.8224569375,0.850142625,0.6128170625
0.75,0.9375,0.1875,0.8128612500000001,0.85808475,0.6378069375000001
0.75,0.9375,0.25,0.8032655625,0.866026875,0.6627968125
0.75,0.9375,0.3125,0.7936698750000001,0.873969,0.6877866875
0.75,0.9375,0.375,0.7840741875,0.881911125,0.7127765625
0.75,0.9375,0.4375,0.7744785000000001,0.88985325,0.7377664375
0.75,0.9375,0.5,0.7648828125,0.897795375,0.7627563125000001
0.75,0.9375,0.5625,0.7552871250000001,0.9057375,0.7877461875
0.75,0.9375,0.625,0.7456914375000001,0.913679625,0.8127360625
0.75,0.9375,0.6875,0.73609575,0.92162175,0.8377259375
0.75,0.9375,0.75,0.7265000625,0.9295638749999999,0.8627158125000001
0.75,0.9375,0.8125,0.716904375,0.937506,0.8877056875
0.75,0.9375,0.875,0.7073086875000001,0.945448125,0.9126955625000001
0.75,0.9375,0.9375,0.697713,0.95339025,0.9376854375000001
0.75,0.9375,1.0,0.6881173125000001,0.961332375,0.9626753125
0.75,1.0,0.0,0.833815,0.894113,0.60040925
0.75,1.0,0.0625,0.8242193125,0.9020551250000001,0.6253991250000001
0.75,1.0,0.125,0.814623625,0.9099972500000001,0.650389
0.75,1.0,0.1875,0.8050279375,0.917939375,0.675378875
0.75,1.0,0.25,0.79543225,0.9258815,0.70036875
0.75,1.0,0.3125,0.7858365625,0.933823625,0.725358625
0.75,1.0,0.375,0.7762408749999999,0.9417657500000001,0.7503485000000001
0.75,1.0,0.4375,0.7666451875,0.9497078750000001,0.775338375
0.75,1.0,0.5,0.7570494999999999,0.95765,0.80032825
0.75,1.0,0.5625,0.7474538125,0.965592125,0.825318125
0.75,1.0,0.625,0.737858125,0.97353425,0.8503080000000001
0.75,1.0,0.6875,0.7282624375,0.9814763750000001,0.875297875
0.75,1.0,0.75,0.7186667499999999,0.9894185,0.90028775
0.75,1.0,0.8125,0.7090710625,0.997360625,0.9252776250000001
0.75,1.0,0.875,0.699475375,1.00530275,0.9502675
0.75,1.0,0.9375,0.6898796875,1.013244875,0.975257375
0.75,1.0,1.0,0.680284,1.021187,1.0002472500000001
0.8125,0.0,0.0,1.039077,-0.06885775000000001,-0.0008035625
0.8125,0.0,0.0625,1.0294813125,-0.06091562500000001,0.0241863125
0.8125,0.0,0.125,1.0198856250000001,-0.05297350000000001,0.0491761875
0.8125,0.0,0.1875,1.0102899375,-0.04503137500000001,0.07416606250000002
0.8125,0.0,0.25,1.00069425,-0.03708925000000001,0.09915593750000001
0.8125,0.0,0.3125,0.9910985625000001,-0.02914712500000001,0.12414581250000001
0.8125,0.0,0.375,0.981502875,-0.021205000000000016,0.14913568750000003
0.8125,0.0,0.4375,0.9719071875,-0.013262875000000014,0.17412556250000003
0.8125,0.0,0.5,0.9623115,-0.005320750000000013,0.19911543750000002
0.8125,0.0,0.5625,0.9527158125,0.0026213749999999814,0.22410531250000001
0.8125,0.0,0.625,0.9431201250000001,0.01056349999999999,0.2490951875
0.8125,0.0,0.6875,0.9335244375,0.018505624999999984,0.2740850625
0.8125,0.0,0.75,0.92392875,0.026447749999999978,0.2990749375
0.8125,0.0,0.8125,0.9143330625,0.034389874999999986,0.3240648125
0.8125,0.0,0.875,0.9047373750000001,0.04233199999999998,0.3490546875
0.8125,0.0,0.9375,0.8951416875,0.05027412499999999,0.3740445625
0.8125,0.0,1.0,0.885546,0.05821624999999998,0.3990344375
0.8125,0.0625,0.0,1.0312436875,-0.009003125000000008,0.036768375
0.8125,0.0625,0.0625,1.021648,-0.0010610000000000081,0.06175825
0.8125,0.0625,0.125,1.0120523125,0.006881124999999991,0.08674812500000001
0.8125,0.0625,0.1875,1.002456625,0.01482324999999999,0.111738
0.8125,0.0625,0.25,0.9928609374999999,0.02276537499999999,0.136727875
0.8125,0.0625,0.3125,0.98326525,0.030707499999999992,0.16171775
0.8125,0.0625,0.375,0.9736695624999999,0.038649624999999986,0.18670762500000002
0.8125,0.0625,0.4375,0.964073875,0.04659174999999999,0.2116975
0.8125,0.0625,0.5,0.9544781874999999,0.05453387499999999,0.236687375
0.8125,0.0625,0.5625,0.9448825,0.06247599999999998,0.26167725000000003
0.8125,0.0625,0.625,0.9352868125,0.070418125,0.286667125
0.8125,0.0625,0.6875,0.925691125,0.07836024999999999,0.311657
0.8125,0.0625,0.75,0.9160954374999999,0.08630237499999999,0.33664687500000007
0.8125,0.0625,0.8125,0.9064997499999999,0.09424449999999998,0.36163675000000006
0.8125,0.0625,0.875,0.8969040625,0.10218662499999998,0.38662662500000006
0.8125,0.0625,0.9375,0.8873083749999999,0.11012875,0.41161650000000005
0.8125,0.0625,1.0,0.8777126875,0.11807087499999999,0.43660637500000005
0.8125,0.125,0.0,1.023410375,0.050851499999999994,0.0743403125
0.8125,0.125,0.0625,1.0138146875,0.058793624999999995,0.0993301875
0.8125,0.125,0.125,1.0042190000000002,0.06673575,0.12432006250000001
0.8125,0.125,0.1875,0.9946233125000001,0.07467787499999999,0.14930993750000002
0.8125,0.125,0.25,0.9850276250000001,0.08262,0.1742998125
0.8125,0.125,0.3125,0.9754319375000001,0.090562125,0.1992896875
0.8125,0.125,0.375,0.9658362500000001,0.09850424999999999,0.22427956250000003
0.8125,0.125,0.4375,0.9562405625000001,0.10644637499999998,0.24926943750000002
0.8125,0.125,0.5,0.946644875,0.11438849999999999,0.2742593125
0.8125,0.125,0.5625,0.9370491875000001,0.12233062499999998,0.2992491875
0.8125,0.125,0.625,0.9274535000000002,0.13027275,0.3242390625
0.8125,0.125,0.6875,0.9178578125000001,0.138214875,0.3492289375
0.8125,0.125,0.75,0.908262125,0.14615699999999998,0.37421881250000005
0.8125,0.125,0.8125,0.8986664375000001,0.154099125,0.39920868750000005
0.8125,0.125,0.875,0.8890707500000001,0.16204124999999997,0.42419856250000004
0.8125,0.125,0.9375,0.8794750625000001,0.169983375,0.44918843750000004
0.8125,0.125,1.0,0.8698793750000001,0.1779255,0.47417831250000003
0.8125,0.1875,0.0,1.0155770625,0.110706125,0.11191225
0.8125,0.1875,0.0625,1.005981375,0.11864825,0.136902125
0.8125,0.1875,0.125,0.9963856875,0.126590375,0.161892
0.8125,0.1875,0.1875,0.9867900000000001,0.1345325,0.18688187500000003
0.8125,0.1875,0.25,0.9771943125,0.142474625,0.21187175000000003
0.8125,0.1875,0.3125,0.967598625,0.15041675,0.23686162500000002
0.8125,0.1875,0.375,0.9580029375,0.158358875,0.2618515
0.8125,0.1875,0.4375,0.94840725,0.166301,0.286841375
0.8125,0.1875,0.5,0.9388115625,0.174243125,0.31183125
0.8125,0.1875,0.5625,0.929215875,0.18218525,0.336821125
0.8125,0.1875,0.625,0.9196201875000001,0.190127375,0.361811
0.8125,0.1875,0.6875,0.9100245,0.1980695,0.386800875
0.8125,0.1875,0.75,0.9004288125,0.20601162499999998,0.41179075000000004
0.8125,0.1875,0.8125,0.890833125,0.21395375,0.43678062500000003
0.8125,0.1875,0.875,0.8812374375,0.221895875,0.46177050000000003
0.8125,0.1875,0.9375,0.87164175,0.229838,0.486760375
0.8125,0.1875,1.0,0.8620460625,0.237780125,0.5117502500000001
0.8125,0.25,0.0,1.00774375,0.17056074999999998,0.1494841875
0.8125,0.25,0.0625,0.9981480625,0.17850287499999998,0.1744740625
0.8125,0.25,0.125,0.9885523749999999,0.18644499999999997,0.19946393750000002
0.8125,0.25,0.1875,0.9789566875,0.194387125,0.22445381250000002
0.8125,0.25,0.25,0.9693609999999999,0.20232925,0.2494436875
0.8125,0.25,0.3125,0.9597653125,0.21027137499999998,0.2744335625
0.8125,0.25,0.375,0.9501696249999999,0.21821349999999998,0.2994234375
0.8125,0.25,0.4375,0.9405739375,0.22615562499999997,0.32441331250000005
0.8125,0.25,0.5,0.9309782499999999,0.23409775,0.3494031875
0.8125,0.25,0.5625,0.9213825625,0.24203987499999996,0.37439306250000004
0.8125,0.25,0.625,0.911786875,0.24998199999999998,0.3993829375
0.8125,0.25,0.6875,0.9021911874999999,0.25792412499999995,0.42437281250000003
0.8125,0.25,0.75,0.8925954999999999,0.26586624999999997,0.4493626875000001
0.8125,0.25,0.8125,0.8829998124999999,0.273808375,0.4743525625
0.8125,0.25,0.875,0.873404125,0.28175049999999996,0.49934243750000007
0.8125,0.25,0.9375,0.8638084374999999,0.289692625,0.5243323125
0.8125,0.25,1.0,0.85421275,0.29763474999999995,0.5493221875000001
0.8125,0.3125,0.0,0.9999104375000001,0.23041537500000003,0.187056125
0.8125,0.3125,0.0625,0.9903147500000001,0.23835750000000003,0.21204599999999998
0.8125,0.3125,0.125,0.9807190625000001,0.24629962500000002,0.237035875
0.8125,0.3125,0.1875,0.9711233750000001,0.25424175000000004,0.26202575
0.8125,0.3125,0.25,0.9615276875000001,0.262183875,0.287015625
0.8125,0.3125,0.3125,0.9519320000000001,0.27012600000000003,0.3120055
0.8125,0.3125,0.375,0.9423363125,0.278068125,0.336995375
0.8125,0.3125,0.4375,0.9327406250000001,0.28601025,0.36198525000000004
0.8125,0.3125,0.5,0.9231449375,0.29395237500000004,0.386975125
0.8125,0.3125,0.5625,0.9135492500000001,0.3018945,0.411965
0.8125,0.3125,0.625,0.9039535625000001,0.30983662500000003,0.43695487499999996
0.8125,0.3125,0.6875,0.8943578750000001,0.31777875,0.46194475
0.8125,0.3125,0.75,0.8847621875,0.325720875,0.48693462500000007
0.8125,0.3125,0.8125,0.8751665000000001,0.33366300000000004,0.5119245
0.8125,0.3125,0.875,0.8655708125000001,0.341605125,0.536914375
0.8125,0.3125,0.9375,0.8559751250000001,0.34954725000000003,0.56190425
0.8125,0.3125,1.0,0.8463794375000001,0.357489375,0.586894125
0.8125,0.375,0.0,0.992077125,0.29027000000000003,0.2246280625
0.8125,0.375,0.0625,0.9824814375,0.29821212500000005,0.2496179375
0.8125,0.375,0.125,0.97288575,0.30615425,0.2746078125
0.8125,0.375,0.1875,0.9632900625,0.31409637500000004,0.29959768750000004
0.8125,0.375,0.25,0.953694375,0.3220385,0.3245875625
0.8125,0.375,0.3125,0.9440986875,0.329980625,0.34957743750000003
0.8125,0.375,0.375,0.934503,0.33792275000000005,0.3745673125
0.8125,0.375,0.4375,0.9249073125,0.345864875,0.3995571875
0.8125,0.375,0.5,0.915311625,0.35380700000000004,0.4245470625
0.8125,0.375,0.5625,0.9057159375,0.361749125,0.4495369375
0.8125,0.375,0.625,0.8961202500000001,0.36969125,0.4745268125
0.8125,0.375,0.6875,0.8865245625,0.37763337500000005,0.4995166875
0.8125,0.375,0.75,0.8769288749999999,0.3855755,0.5245065625
0.8125,0.375,0.8125,0.8673331875,0.39351762500000004,0.5494964375
0.8125,0.375,0.875,0.8577375,0.40145975,0.5744863125
0.8125,0.375,0.9375,0.8481418125,0.409401875,0.5994761875000001
0.8125,0.375,1.0,0.838546125,0.41734400000000005,0.6244660625
0.8125,0.4375,0.0,0.9842438125,0.350124625,0.2622
0.8125,0.4375,0.0625,0.9746481250000001,0.35806675000000004,0.287189875
0.8125,0.4375,0.125,0.9650524375,0.366008875,0.31217975
0.8125,0.4375,0.1875,0.9554567500000001,0.37395100000000003,0.33716962500000003
0.8125,0.4375,0.25,0.9458610625,0.381893125,0.36215949999999997
0.8125,0.4375,0.3125,0.9362653750000001,0.38983525,0.387149375
0.8125,0.4375,0.375,0.9266696875,0.397777375,0.41213925
0.8125,0.4375,0.4375,0.9170740000000001,0.4057195,0.437129125
0.8125,0.4375,0.5,0.9074783125,0.41366162500000003,0.462119
0.8125,0.4375,0.5625,0.897882625,0.42160375,0.487108875
0.8125,0.4375,0.625,0.8882869375,0.429545875,0.51209875
0.8125,0.4375,0.6875,0.87869125,0.437488,0.537088625
0.8125,0.4375,0.75,0.8690955625000001,0.445430125,0.5620785
0.8125,0.4375,0.8125,0.859499875,0.45337225000000003,0.5870683750000001
0.8125,0.4375,0.875,0.8499041875000001,0.461314375,0.61205825
0.8125,0.4375,0.9375,0.8403085,0.4692565,0.637048125
0.8125,0.4375,1.0,0.8307128125000001,0.477198625,0.662038
0.8125,0.5,0.0,0.9764105000000001,0.40997925,0.2997719375
0.8125,0.5,0.0625,0.9668148125000001,0.41792137500000004,0.32476181249999997
0.8125,0.5,0.125,0.9572191250000001,0.4258635,0.34975168749999996
0.8125,0.5,0.1875,0.9476234375000001,0.43380562500000003,0.3747415625
0.8125,0.5,0.25,0.93802775,0.44174775,0.39973143749999995
0.8125,0.5,0.3125,0.9284320625000001,0.449689875,0.4247213125
0.8125,0.5,0.375,0.918836375,0.45763200000000004,0.4497111875
0.8125,0.5,0.4375,0.9092406875000001,0.465574125,0.4747010625
0.8125,0.5,0.5,0.899645,0.47351625,0.4996909375
0.8125,0.5,0.5625,0.8900493125000001,0.481458375,0.5246808125
0.8125,0.5,0.625,0.8804536250000001,0.4894005,0.5496706874999999
0.8125,0.5,0.6875,0.8708579375000001,0.49734262500000004,0.5746605625
0.8125,0.5,0.75,0.86126225,0.50528475,0.5996504375
0.8125,0.5,0.8125,0.8516665625000001,0.513226875,0.6246403125
0.8125,0.5,0.875,0.8420708750000001,0.521169,0.6496301875
0.8125,0.5,0.9375,0.8324751875,0.529111125,0.6746200625000001
0.8125,0.5,1.0,0.8228795000000001,0.53705325,0.6996099375
0.8125,0.5625,0.0,0.9685771875,0.469833875,0.33734387499999996
0.8125,0.5625,0.0625,0.9589815,0.47777600000000003,0.36233374999999995
0.8125,0.5625,0.125,0.9493858125,0.485718125,0.38732362499999995
0.8125,0.5625,0.1875,0.939790125,0.49366025,0.4123135
0.8125,0.5625,0.25,0.9301944375,0.501602375,0.43730337499999994
0.8125,0.5625,0.3125,0.92059875,0.5095445000000001,0.46229325
0.8125,0.5625,0.375,0.9110030625,0.517486625,0.487283125
0.8125,0.5625,0.4375,0.901407375,0.52542875,0.512273
0.8125,0.5625,0.5,0.8918116875,0.533370875,0.5372628749999999
0.8125,0.5625,0.5625,0.882216,0.541313,0.56225275
0.8125,0.5625,0.625,0.8726203125,0.549255125,0.587242625
0.8125,0.5625,0.6875,0.863024625,0.55719725,0.6122325
0.8125,0.5625,0.75,0.8534289374999999,0.565139375,0.637222375
0.8125,0.5625,0.8125,0.84383325,0.5730815,0.6622122500000001
0.8125,0.5625,0.875,0.8342375625,0.581023625,0.687202125
0.8125,0.5625,0.9375,0.824641875,0.5889657500000001,0.7121919999999999
0.8125,0.5625,1.0,0.8150461875,0.596907875,0.737181875
0.8125,0.625,0.0,0.960743875,0.5296885,0.37491581249999995
0.8125,0.625,0.0625,0.9511481875000001,0.537630625,0.39990568749999994
0.8125,0.625,0.125,0.9415525,0.54557275,0.42489556249999993
0.8125,0.625,0.1875,0.9319568125000001,0.553514875,0.4498854375
0.8125,0.625,0.25,0.922361125,0.561457,0.4748753124999999
0.8125,0.625,0.3125,0.9127654375,0.569399125,0.4998651875
0.8125,0.625,0.375,0.90316975,0.57734125,0.5248550624999999
0.8125,0.625,0.4375,0.8935740625,0.585283375,0.5498449375
0.8125,0.625,0.5,0.883978375,0.5932255,0.5748348125
0.8125,0.625,0.5625,0.8743826875,0.601167625,0.5998246875
0.8125,0.625,0.625,0.864787,0.60910975,0.6248145624999999
0.8125,0.625,0.6875,0.8551913125,0.617051875,0.6498044374999999
0.8125,0.625,0.75,0.8455956250000001,0.624994,0.6747943125
0.8125,0.625,0.8125,0.8359999375,0.632936125,0.6997841874999999
0.8125,0.625,0.875,0.8264042500000001,0.64087825,0.7247740625
0.8125,0.625,0.9375,0.8168085625,0.648820375,0.7497639375
0.8125,0.625,1.0,0.807212875,0.6567625,0.7747538125
0.8125,0.6875,0.0,0.9529105625000001,0.589543125,0.41248775
0.8125,0.6875,0.0625,0.9433148750000001,0.59748525,0.437477625
0.8125,0.6875,0.125,0.9337191875,0.605427375,0.4624675
0.8125,0.6875,0.1875,0.9241235000000001,0.6133694999999999,0.48745737499999997
0.8125,0.6875,0.25,0.9145278125,0.6213116249999999,0.51244725
0.8125,0.6875,0.3125,0.9049321250000001,0.62925375,0.537437125
0.8125,0.6875,0.375,0.8953364375,0.637195875,0.562427
0.8125,0.6875,0.4375,0.8857407500000001,0.645138,0.587416875
0.8125,0.6875,0.5,0.8761450625,0.6530801249999999,0.61240675
0.8125,0.6875,0.5625,0.8665493750000001,0.6610222499999999,0.637396625
0.8125,0.6875,0.625,0.8569536875000001,0.6689643749999999,0.6623865
0.8125,0.6875,0.6875,0.8473580000000001,0.6769065,0.6873763749999999
0.8125,0.6875,0.75,0.8377623125,0.6848486249999999,0.7123662500000001
0.8125,0.6875,0.8125,0.828166625,0.6927907499999999,0.737356125
0.8125,0.6875,0.875,0.8185709375000001,0.7007328749999999,0.762346
0.8125,0.6875,0.9375,0.80897525,0.7086749999999999,0.787335875
0.8125,0.6875,1.0,0.7993795625000001,0.716617125,0.8123257500000001
0.8125,0.75,0.0,0.94507725,0.64939775,0.45005968749999997
0.8125,0.75,0.0625,0.9354815625,0.657339875,0.47504956249999997
0.8125,0.75,0.125,0.925885875,0.665282,0.5000394375
0.8125,0.75,0.1875,0.9162901875,0.673224125,0.5250293125
0.8125,0.75,0.25,0.9066945,0.68116625,0.5500191875
0.8125,0.75,0.3125,0.8970988125,0.689108375,0.5750090625
0.8125,0.75,0.375,0.887503125,0.6970505,0.5999989375
0.8125,0.75,0.4375,0.8779074375,0.704992625,0.6249888125
0.8125,0.75,0.5,0.8683117499999999,0.71293475,0.6499786875
0.8125,0.75,0.5625,0.8587160625,0.720876875,0.6749685624999999
0.8125,0.75,0.625,0.849120375,0.728819,0.6999584375
0.8125,0.75,0.6875,0.8395246875,0.736761125,0.7249483125
0.8125,0.75,0.75,0.8299289999999999,0.7447032499999999,0.7499381875
0.8125,0.75,0.8125,0.8203333125,0.752645375,0.7749280625
0.8125,0.75,0.875,0.810737625,0.7605875,0.7999179375000001
0.8125,0.75,0.9375,0.8011419375,0.768529625,0.8249078125
0.8125,0.75,1.0,0.79154625,0.77647175,0.8498976874999999
0.8125,0.8125,0.0,0.9372439375,0.7092523749999999,0.48763162499999996
0.8125,0.8125,0.0625,0.9276482500000001,0.7171945,0.5126215
0.8125,0.8125,0.125,0.9180525625,0.725136625,0.537611375
0.8125,0.8125,0.1875,0.908456875,0.7330787499999999,0.5626012499999999
0.8125,0.8125,0.25,0.8988611875,0.7410208749999999,0.587591125
0.8125,0.8125,0.3125,0.8892655,0.7489629999999999,0.6125809999999999
0.8125,0.8125,0.375,0.8796698125,0.756905125,0.637570875
0.8125,0.8125,0.4375,0.870074125,0.76484725,0.6625607499999999
0.8125,0.8125,0.5,0.8604784375,0.7727893749999999,0.687550625
0.8125,0.8125,0.5625,0.85088275,0.7807314999999999,0.7125405
0.8125,0.8125,0.625,0.8412870625,0.7886736249999999,0.737530375
0.8125,0.8125,0.6875,0.831691375,0.79661575,0.7625202499999999
0.8125,0.8125,0.75,0.8220956875000001,0.804557875,0.7875101250000001
0.8125,0.8125,0.8125,0.8125,0.8124999999999999,0.8125
0.8125,0.8125,0.875,0.8029043125,0.8204421249999999,0.8374898749999999
0.8125,0.8125,0.9375,0.793308625,0.8283842499999999,0.86247975
0.8125,0.8125,1.0,0.7837129375,0.836326375,0.887469625
0.8125,0.875,0.0,0.929410625,0.769107,0.5252035625
0.8125,0.875,0.0625,0.9198149375000001,0.777049125,0.5501934375
0.8125,0.875,0.125,0.91021925,0.78499125,0.5751833125
0.8125,0.875,0.1875,0.9006235625000001,0.7929333749999999,0.6001731875
0.8125,0.875,0.25,0.891027875,0.8008755,0.6251630625
0.8125,0.875,0.3125,0.8814321875000001,0.808817625,0.6501529375
0.8125,0.875,0.375,0.8718365,0.81675975,0.6751428125000001
0.8125,0.875,0.4375,0.8622408125000001,0.824701875,0.7001326875
0.8125,0.875,0.5,0.852645125,0.8326439999999999,0.7251225625
0.8125,0.875,0.5625,0.8430494375,0.840586125,0.7501124375
0.8125,0.875,0.625,0.8334537500000001,0.84852825,0.7751023125000001
0.8125,0.875,0.6875,0.8238580625,0.856470375,0.8000921875
0.8125,0.875,0.75,0.814262375,0.8644125,0.8250820625
0.8125,0.875,0.8125,0.8046666875,0.8723546249999999,0.8500719375000001
0.8125,0.875,0.875,0.7950710000000001,0.88029675,0.8750618125
0.8125,0.875,0.9375,0.7854753125,0.888238875,0.9000516875
0.8125,0.875,1.0,0.7758796250000001,0.896181,0.9250415625
0.8125,0.9375,0.0,0.9215773125,0.8289616249999999,0.5627755
0.8125,0.9375,0.0625,0.911981625,0.83690375,0.587765375
0.8125,0.9375,0.125,0.9023859375,0.844845875,0.61275525
0.8125,0.9375,0.1875,0.89279025,0.8527879999999999,0.637745125
0.8125,0.9375,0.25,0.8831945625,0.8607301249999999,0.662735
0.8125,0.9375,0.3125,0.873598875,0.8686722499999999,0.687724875
0.8125,0.9375,0.375,0.8640031874999999,0.876614375,0.71271475
0.8125,0.9375,0.4375,0.8544075,0.8845565,0.737704625
0.8125,0.9375,0.5,0.8448118124999999,0.8924986249999999,0.7626945
0.8125,0.9375,0.5625,0.835216125,0.9004407499999999,0.787684375
0.8125,0.9375,0.625,0.8256204375,0.9083828749999999,0.8126742499999999
0.8125,0.9375,0.6875,0.81602475,0.916325,0.837664125
0.8125,0.9375,0.75,0.8064290624999999,0.9242671249999999,0.862654
0.8125,0.9375,0.8125,0.796833375,0.9322092499999999,0.887643875
0.8125,0.9375,0.875,0.7872376875,0.9401513749999999,0.91263375
0.8125,0.9375,0.9375,0.7776419999999999,0.9480934999999999,0.9376236250000001
0.8125,0.9375,1.0,0.7680463125,0.956035625,0.9626135
0.8125,1.0,0.0,0.913744,0.88881625,0.6003474375
0.8125,1.0,0.0625,0.9041483125,0.896758375,0.6253373125
0.8125,1.0,0.125,0.894552625,0.9047005,0.6503271875
0.8125,1.0,0.1875,0.8849569375,0.9126426249999999,0.6753170625
0.8125,1.0,0.25,0.87536125,0.92058475,0.7003069375
0.8125,1.0,0.3125,0.8657655625,0.928526875,0.7252968125
0.8125,1.0,0.375,0.856169875,0.936469,0.7502866875
0.8125,1.0,0.4375,0.8465741875,0.944411125,0.7752765625
0.8125,1.0,0.5,0.8369785,0.9523532499999999,0.8002664374999999
0.8125,1.0,0.5625,0.8273828125,0.960295375,0.8252563125
0.8125,1.0,0.625,0.817787125,0.9682375,0.8502461875
0.8125,1.0,0.6875,0.8081914375,0.976179625,0.8752360625
0.8125,1.0,0.75,0.79859575,0.9841217499999999,0.9002259375
0.8125,1.0,0.8125,0.7890000625,0.9920638749999999,0.9252158125000001
0.8125,1.0,0.875,0.779404375,1.000006,0.9502056875
0.8125,1.0,0.9375,0.7698086875,1.007948125,0.9751955625
0.8125,1.0,1.0,0.760213,1.01589025,1.0001854374999999
0.875,0.0,0.0,1.119006,-0.0741545,-0.000865375
0.875,0.0,0.0625,1.1094103124999999,-0.066212375,0.0241245
0.875,0.0,0.125,1.099814625,-0.058270249999999996,0.049114375
0.875,0.0,0.1875,1.0902189375,-0.050328125,0.07410425000000001
0.875,0.0,0.25,1.08062325,-0.042386,0.099094125
0.875,0.0,0.3125,1.0710275624999999,-0.034443875,0.124084
0.875,0.0,0.375,1.061431875,-0.026501750000000004,0.14907387500000002
0.875,0.0,0.4375,1.0518361875,-0.018559625000000003,0.17406375000000002
0.875,0.0,0.5,1.0422405,-0.010617500000000002,0.199053625
0.875,0.0,0.5625,1.0326448124999998,-0.0026753750000000076,0.2240435
0.875,0.0,0.625,1.023049125,0.005266750000000001,0.249033375
0.875,0.0,0.6875,1.0134534375,0.013208874999999995,0.27402325
0.875,0.0,0.75,1.0038577499999999,0.02115099999999999,0.29901312500000005
0.875,0.0,0.8125,0.9942620624999999,0.029093124999999997,0.32400300000000004
0.875,0.0,0.875,0.984666375,0.03703524999999999,0.34899287500000004
0.875,0.0,0.9375,0.9750706874999999,0.044977375,0.37398275000000003
0.875,0.0,1.0,0.965475,0.052919499999999994,0.398972625
0.875,0.0625,0.0,1.1111726874999999,-0.014299874999999997,0.0367065625
0.875,0.0625,0.0625,1.1015769999999998,-0.006357749999999997,0.0616964375
0.875,0.0625,0.125,1.0919813125,0.0015843750000000024,0.0866863125
0.875,0.0625,0.1875,1.082385625,0.0095265,0.11167618750000001
0.875,0.0625,0.25,1.0727899374999998,0.017468625,0.13666606250000002
0.875,0.0625,0.3125,1.0631942499999998,0.025410750000000003,0.1616559375
0.875,0.0625,0.375,1.0535985625,0.033352875,0.1866458125
0.875,0.0625,0.4375,1.0440028749999999,0.041295,0.2116356875
0.875,0.0625,0.5,1.0344071874999998,0.049237125,0.2366255625
0.875,0.0625,0.5625,1.0248114999999998,0.057179249999999994,0.2616154375
0.875,0.0625,0.625,1.0152158125,0.06512137500000001,0.2866053125
0.875,0.0625,0.6875,1.0056201249999999,0.0730635,0.3115951875
0.875,0.0625,0.75,0.9960244374999998,0.081005625,0.33658506250000003
0.875,0.0625,0.8125,0.9864287499999999,0.08894774999999999,0.3615749375
0.875,0.0625,0.875,0.9768330624999999,0.09688987499999999,0.3865648125
0.875,0.0625,0.9375,0.9672373749999998,0.10483200000000001,0.4115546875
0.875,0.0625,1.0,0.9576416874999999,0.112774125,0.4365445625
0.875,0.125,0.0,1.103339375,0.045554750000000005,0.0742785
0.875,0.125,0.0625,1.0937436875,0.053496875000000006,0.09926837499999999
0.875,0.125,0.125,1.0841480000000001,0.06143900000000001,0.12425825
0.875,0.125,0.1875,1.0745523125,0.069381125,0.149248125
0.875,0.125,0.25,1.064956625,0.07732325000000001,0.174238
0.875,0.125,0.3125,1.0553609375,0.085265375,0.199227875
0.875,0.125,0.375,1.04576525,0.0932075,0.22421775000000002
0.875,0.125,0.4375,1.0361695625,0.10114962499999999,0.24920762500000002
0.875,0.125,0.5,1.026573875,0.10909175,0.2741975
0.875,0.125,0.5625,1.0169781875,0.117033875,0.29918737500000003
0.875,0.125,0.625,1.0073825,0.124976,0.32417725
0.875,0.125,0.6875,0.9977868125,0.132918125,0.349167125
0.875,0.125,0.75,0.988191125,0.14086025,0.3741570000000001
0.875,0.125,0.8125,0.9785954375,0.148802375,0.399146875
0.875,0.125,0.875,0.96899975,0.1567445,0.42413675000000006
0.875,0.125,0.9375,0.9594040625,0.164686625,0.449126625
0.875,0.125,1.0,0.949808375,0.17262875,0.47411650000000005
0.875,0.1875,0.0,1.0955060625,0.10540937500000001,0.1118504375
0.875,0.1875,0.0625,1.0859103749999999,0.11335150000000001,0.1368403125
0.875,0.1875,0.125,1.0763146875,0.12129362500000002,0.1618301875
0.875,0.1875,0.1875,1.066719,0.12923575,0.1868200625
0.875,0.1875,0.25,1.0571233125,0.137177875,0.2118099375
0.875,0.1875,0.3125,1.0475276249999999,0.14512000000000003,0.23679981249999998
0.875,0.1875,0.375,1.0379319375,0.153062125,0.26178968750000003
0.875,0.1875,0.4375,1.02833625,0.16100425000000002,0.28677956250000003
0.875,0.1875,0.5,1.0187405625,0.168946375,0.3117694375
0.875,0.1875,0.5625,1.0091448749999998,0.1768885,0.3367593125
0.875,0.1875,0.625,0.9995491875,0.18483062500000003,0.3617491875
0.875,0.1875,0.6875,0.9899534999999999,0.19277275,0.3867390625
0.875,0.1875,0.75,0.9803578124999999,0.20071487500000001,0.41172893750000006
0.875,0.1875,0.8125,0.9707621249999999,0.208657,0.43671881250000005
0.875,0.1875,0.875,0.9611664375,0.216599125,0.46170868750000005
0.875,0.1875,0.9375,0.9515707499999999,0.22454125000000003,0.48669856250000004
0.875,0.1875,1.0,0.9419750625,0.232483375,0.5116884375
0.875,0.25,0.0,1.0876727499999999,0.16526400000000002,0.149422375
0.875,0.25,0.0625,1.0780770624999998,0.17320612500000002,0.17441225
0.875,0.25,0.125,1.068481375,0.18114825,0.19940212499999999
0.875,0.25,0.1875,1.0588856875,0.18909037500000003,0.224392
0.875,0.25,0.25,1.0492899999999998,0.19703250000000003,0.249381875
0.875,0.25,0.3125,1.0396943124999998,0.20497462500000002,0.27437175
0.875,0.25,0.375,1.030098625,0.21291675000000002,0.299361625
0.875,0.25,0.4375,1.0205029374999999,0.220858875,0.3243515
0.875,0.25,0.5,1.0109072499999998,0.22880100000000003,0.349341375
0.875,0.25,0.5625,1.0013115624999998,0.236743125,0.37433125
0.875,0.25,0.625,0.9917158749999999,0.24468525000000002,0.399321125
0.875,0.25,0.6875,0.9821201874999999,0.252627375,0.424311
0.875,0.25,0.75,0.9725244999999998,0.2605695,0.44930087500000004
0.875,0.25,0.8125,0.9629288124999998,0.26851162500000003,0.47429075000000004
0.875,0.25,0.875,0.9533331249999999,0.27645375,0.49928062500000003
0.875,0.25,0.9375,0.9437374374999998,0.284395875,0.5242705000000001
0.875,0.25,1.0,0.9341417499999999,0.292338,0.549260375
0.875,0.3125,0.0,1.0798394375,0.22511862500000002,0.18699431249999998
0.875,0.3125,0.0625,1.07024375,0.23306075,0.21198418749999998
0.875,0.3125,0.125,1.0606480625,0.241002875,0.23697406249999997
0.875,0.3125,0.1875,1.051052375,0.24894500000000003,0.2619639375
0.875,0.3125,0.25,1.0414566875,0.256887125,0.28695381249999996
0.875,0.3125,0.3125,1.031861,0.26482925,0.3119436875
0.875,0.3125,0.375,1.0222653125,0.27277137500000004,0.3369335625
0.875,0.3125,0.4375,1.012669625,0.2807135,0.3619234375
0.875,0.3125,0.5,1.0030739375,0.288655625,0.3869133125
0.875,0.3125,0.5625,0.99347825,0.29659775,0.4119031875
0.875,0.3125,0.625,0.9838825625000001,0.304539875,0.4368930625
0.875,0.3125,0.6875,0.974286875,0.31248200000000004,0.4618829375
0.875,0.3125,0.75,0.9646911874999999,0.320424125,0.48687281250000003
0.875,0.3125,0.8125,0.9550955,0.32836625,0.5118626875000001
0.875,0.3125,0.875,0.9454998125,0.336308375,0.5368525625
0.875,0.3125,0.9375,0.935904125,0.3442505,0.5618424375
0.875,0.3125,1.0,0.9263084375,0.35219262500000004,0.5868323125
0.875,0.375,0.0,1.072006125,0.28497325,0.22456625
0.875,0.375,0.0625,1.0624104374999999,0.29291537500000003,0.249556125
0.875,0.375,0.125,1.05281475,0.3008575,0.274546
0.875,0.375,0.1875,1.0432190625,0.308799625,0.299535875
0.875,0.375,0.25,1.033623375,0.31674175,0.32452575
0.875,0.375,0.3125,1.0240276874999998,0.324683875,0.349515625
0.875,0.375,0.375,1.014432,0.332626,0.37450550000000005
0.875,0.375,0.4375,1.0048363125,0.340568125,0.399495375
0.875,0.375,0.5,0.9952406249999999,0.34851025,0.42448525000000004
0.875,0.375,0.5625,0.9856449374999999,0.356452375,0.449475125
0.875,0.375,0.625,0.97604925,0.3643945,0.474465
0.875,0.375,0.6875,0.9664535624999999,0.372336625,0.49945487499999996
0.875,0.375,0.75,0.9568578749999999,0.38027875,0.52444475
0.875,0.375,0.8125,0.9472621874999999,0.388220875,0.5494346250000001
0.875,0.375,0.875,0.9376665,0.396163,0.5744245
0.875,0.375,0.9375,0.9280708124999999,0.404105125,0.599414375
0.875,0.375,1.0,0.918475125,0.41204725,0.62440425
0.875,0.4375,0.0,1.0641728124999998,0.344827875,0.2621381875
0.875,0.4375,0.0625,1.0545771249999998,0.35277000000000003,0.2871280625
0.875,0.4375,0.125,1.0449814375,0.360712125,0.3121179375
0.875,0.4375,0.1875,1.0353857499999999,0.36865425,0.3371078125
0.875,0.4375,0.25,1.0257900624999998,0.376596375,0.36209768750000004
0.875,0.4375,0.3125,1.0161943749999998,0.3845385,0.3870875625
0.875,0.4375,0.375,1.0065986875,0.392480625,0.41207743750000003
0.875,0.4375,0.4375,0.9970029999999999,0.40042275,0.4370673125
0.875,0.4375,0.5,0.9874073124999998,0.408364875,0.4620571875
0.875,0.4375,0.5625,0.9778116249999999,0.416307,0.4870470625
0.875,0.4375,0.625,0.9682159374999999,0.424249125,0.5120369375
0.875,0.4375,0.6875,0.9586202499999998,0.43219125,0.5370268125
0.875,0.4375,0.75,0.9490245624999998,0.440133375,0.5620166875000001
0.875,0.4375,0.8125,0.9394288749999998,0.4480755,0.5870065625
0.875,0.4375,0.875,0.9298331874999999,0.456017625,0.6119964375
0.875,0.4375,0.9375,0.9202374999999998,0.46395975,0.6369863125
0.875,0.4375,1.0,0.9106418124999999,0.471901875,0.6619761875000001
0.875,0.5,0.0,1.0563395,0.4046825,0.299710125
0.875,0.5,0.0625,1.0467438125,0.412624625,0.3247
0.875,0.5,0.125,1.037148125,0.42056675,0.349689875
0.875,0.5,0.1875,1.0275524375,0.428508875,0.37467975
0.875,0.5,0.25,1.01795675,0.436451,0.39966962500000003
0.875,0.5,0.3125,1.0083610625,0.444393125,0.42465949999999997
0.875,0.5,0.375,0.998765375,0.45233524999999997,0.449649375
0.875,0.5,0.4375,0.9891696875,0.460277375,0.47463925
0.875,0.5,0.5,0.979574,0.4682195,0.499629125
0.875,0.5,0.5625,0.9699783125,0.476161625,0.524619
0.875,0.5,0.625,0.960382625,0.48410375,0.549608875
0.875,0.5,0.6875,0.9507869375,0.49204587499999997,0.57459875
0.875,0.5,0.75,0.9411912499999999,0.499988,0.599588625
0.875,0.5,0.8125,0.9315955625,0.507930125,0.6245785
0.875,0.5,0.875,0.921999875,0.51587225,0.6495683750000001
0.875,0.5,0.9375,0.9124041875,0.5238143749999999,0.67455825
0.875,0.5,1.0,0.9028085,0.5317565,0.699548125
0.875,0.5625,0.0,1.0485061875,0.464537125,0.3372820625
0.875,0.5625,0.0625,1.0389104999999998,0.47247925,0.3622719375
0.875,0.5625,0.125,1.0293148125,0.480421375,0.38726181249999997
0.875,0.5625,0.1875,1.019719125,0.4883635,0.41225168749999996
0.875,0.5625,0.25,1.0101234374999999,0.496305625,0.4372415625
0.875,0.5625,0.3125,1.0005277499999998,0.50424775,0.46223143749999995
0.875,0.5625,0.375,0.9909320624999999,0.512189875,0.4872213125
0.875,0.5625,0.4375,0.9813363749999999,0.520132,0.5122111874999999
0.875,0.5625,0.5,0.9717406874999999,0.528074125,0.5372010625
0.875,0.5625,0.5625,0.9621449999999999,0.53601625,0.5621909375
0.875,0.5625,0.625,0.9525493125,0.543958375,0.5871808125
0.875,0.5625,0.6875,0.9429536249999999,0.5519005,0.6121706874999999
0.875,0.5625,0.75,0.9333579374999998,0.5598426249999999,0.6371605625000001
0.875,0.5625,0.8125,0.9237622499999999,0.56778475,0.6621504375
0.875,0.5625,0.875,0.9141665625,0.575726875,0.6871403125
0.875,0.5625,0.9375,0.9045708749999999,0.583669,0.7121301875
0.875,0.5625,1.0,0.8949751874999999,0.591611125,0.7371200625000001
0.875,0.625,0.0,1.0406728749999998,0.52439175,0.37485399999999997
0.875,0.625,0.0625,1.0310771874999998,0.5323338750000001,0.39984387499999996
0.875,0.625,0.125,1.0214815,0.5402760000000001,0.42483374999999995
0.875,0.625,0.1875,1.0118858124999999,0.548218125,0.44982362499999995
0.875,0.625,0.25,1.0022901249999998,0.55616025,0.4748135
0.875,0.625,0.3125,0.9926944374999999,0.564102375,0.49980337499999994
0.875,0.625,0.375,0.9830987499999998,0.5720445000000001,0.52479325
0.875,0.625,0.4375,0.9735030624999998,0.5799866250000001,0.549783125
0.875,0.625,0.5,0.9639073749999998,0.58792875,0.574773
0.875,0.625,0.5625,0.9543116874999998,0.595870875,0.5997628749999999
0.875,0.625,0.625,0.9447159999999999,0.603813,0.62475275
0.875,0.625,0.6875,0.9351203124999998,0.6117551250000001,0.649742625
0.875,0.625,0.75,0.9255246249999998,0.61969725,0.6747325
0.875,0.625,0.8125,0.9159289374999998,0.627639375,0.699722375
0.875,0.625,0.875,0.9063332499999999,0.6355815,0.7247122500000001
0.875,0.625,0.9375,0.8967375624999998,0.643523625,0.749702125
0.875,0.625,1.0,0.8871418749999999,0.6514657500000001,0.7746919999999999
0.875,0.6875,0.0,1.0328395625,0.584246375,0.4124259375
0.875,0.6875,0.0625,1.023243875,0.5921885,0.4374158125
0.875,0.6875,0.125,1.0136481875,0.600130625,0.4624056875
0.875,0.6875,0.1875,1.0040525,0.6080727499999999,0.48739556250000005
0.875,0.6875,0.25,0.9944568125,0.616014875,0.5123854375
0.875,0.6875,0.3125,0.984861125,0.623957,0.5373753125
0.875,0.6875,0.375,0.9752654374999999,0.631899125,0.5623651875
0.875,0.6875,0.4375,0.96566975,0.63984125,0.5873550625
0.875,0.6875,0.5,0.9560740624999999,0.6477833749999999,0.6123449375000001
0.875,0.6875,0.5625,0.946478375,0.6557255,0.6373348125
0.875,0.6875,0.625,0.9368826875,0.663667625,0.6623246875
0.875,0.6875,0.6875,0.927287,0.67160975,0.6873145625
0.875,0.6875,0.75,0.9176913124999999,0.679551875,0.7123044375
0.875,0.6875,0.8125,0.908095625,0.6874939999999999,0.7372943125
0.875,0.6875,0.875,0.8984999375,0.695436125,0.7622841875
0.875,0.6875,0.9375,0.88890425,0.70337825,0.7872740625000001
0.875,0.6875,1.0,0.8793085625,0.711320375,0.8122639375
0.875,0.75,0.0,1.02500625,0.644101,0.449997875
0.875,0.75,0.0625,1.0154105624999998,0.6520431250000001,0.47498775
0.875,0.75,0.125,1.005814875,0.6599852500000001,0.499977625
0.875,0.75,0.1875,0.9962191874999999,0.667927375,0.5249675
0.875,0.75,0.25,0.9866234999999999,0.6758695,0.549957375
0.875,0.75,0.3125,0.9770278124999999,0.683811625,0.57494725
0.875,0.75,0.375,0.9674321249999999,0.6917537500000001,0.5999371250000001
0.875,0.75,0.4375,0.9578364374999999,0.6996958750000001,0.624927
0.875,0.75,0.5,0.9482407499999999,0.707638,0.649916875
0.875,0.75,0.5625,0.9386450624999999,0.715580125,0.67490675
0.875,0.75,0.625,0.929049375,0.72352225,0.699896625
0.875,0.75,0.6875,0.9194536874999999,0.731464375,0.7248865
0.875,0.75,0.75,0.9098579999999998,0.7394065000000001,0.749876375
0.875,0.75,0.8125,0.9002623124999999,0.747348625,0.7748662500000001
0.875,0.75,0.875,0.8906666249999999,0.75529075,0.799856125
0.875,0.75,0.9375,0.8810709374999999,0.763232875,0.824846
0.875,0.75,1.0,0.8714752499999999,0.771175,0.849835875
0.875,0.8125,0.0,1.0171729375,0.703955625,0.4875698125
0.875,0.8125,0.0625,1.00757725,0.71189775,0.5125596875
0.875,0.8125,0.125,0.9979815625,0.719839875,0.5375495625
0.875,0.8125,0.1875,0.9883858750000001,0.7277819999999999,0.5625394375
0.875,0.8125,0.25,0.9787901875,0.735724125,0.5875293125
0.875,0.8125,0.3125,0.9691945000000001,0.74366625,0.6125191875
0.875,0.8125,0.375,0.9595988125,0.751608375,0.6375090625
0.875,0.8125,0.4375,0.9500031250000001,0.7595505,0.6624989375
0.875,0.8125,0.5,0.9404074375,0.7674926249999999,0.6874888125
0.875,0.8125,0.5625,0.93081175,0.77543475,0.7124786875
0.875,0.8125,0.625,0.9212160625000001,0.783376875,0.7374685624999999
0.875,0.8125,0.6875,0.911620375,0.791319,0.7624584375
0.875,0.8125,0.75,0.9020246875,0.7992611249999999,0.7874483125
0.875,0.8125,0.8125,0.892429,0.8072032499999999,0.8124381875
0.875,0.8125,0.875,0.8828333125000001,0.815145375,0.8374280625
0.875,0.8125,0.9375,0.873237625,0.8230875,0.8624179375000001
0.875,0.8125,1.0,0.8636419375000001,0.831029625,0.8874078125
0.875,0.875,0.0,1.009339625,0.76381025,0.5251417500000001
0.875,0.875,0.0625,0.9997439375,0.771752375,0.5501316250000001
0.875,0.875,0.125,0.99014825,0.7796945000000001,0.5751215000000001
0.875,0.875,0.1875,0.9805525625,0.787636625,0.6001113750000001
0.875,0.875,0.25,0.9709568749999999,0.79557875,0.62510125
0.875,0.875,0.3125,0.9613611875,0.803520875,0.6500911250000001
0.875,0.875,0.375,0.9517654999999999,0.811463,0.675081
0.875,0.875,0.4375,0.9421698125,0.8194051250000001,0.7000708750000001
0.875,0.875,0.5,0.9325741249999999,0.82734725,0.7250607500000001
0.875,0.875,0.5625,0.9229784375,0.835289375,0.7500506250000001
0.875,0.875,0.625,0.91338275,0.8432315,0.7750405
0.875,0.875,0.6875,0.9037870625,0.851173625,0.8000303750000001
0.875,0.875,0.75,0.8941913749999999,0.85911575,0.8250202500000001
0.875,0.875,0.8125,0.8845956875,0.867057875,0.8500101250000001
0.875,0.875,0.875,0.875,0.875,0.8750000000000001
0.875,0.875,0.9375,0.8654043124999999,0.882942125,0.8999898750000002
0.875,0.875,1.0,0.855808625,0.89088425,0.9249797500000001
0.875,0.9375,0.0,1.0015063124999999,0.823664875,0.5627136875000001
0.875,0.9375,0.0625,0.9919106249999999,0.831607,0.5877035625000001
0.875,0.9375,0.125,0.9823149374999999,0.839549125,0.6126934375
0.875,0.9375,0.1875,0.9727192499999999,0.8474912499999999,0.6376833125000001
0.875,0.9375,0.25,0.9631235624999999,0.8554333749999999,0.6626731875
0.875,0.9375,0.3125,0.9535278749999999,0.8633755,0.6876630625000001
0.875,0.9375,0.375,0.9439321874999999,0.871317625,0.7126529375000001
0.875,0.9375,0.4375,0.9343364999999999,0.87925975,0.7376428125000001
0.875,0.9375,0.5,0.9247408124999998,0.8872018749999999,0.7626326875
0.875,0.9375,0.5625,0.9151451249999999,0.8951439999999999,0.7876225625000001
0.875,0.9375,0.625,0.9055494374999999,0.903086125,0.8126124375000001
0.875,0.9375,0.6875,0.8959537499999999,0.91102825,0.8376023125000001
0.875,0.9375,0.75,0.8863580624999998,0.918970375,0.8625921875000001
0.875,0.9375,0.8125,0.8767623749999999,0.9269124999999999,0.8875820625000002
0.875,0.9375,0.875,0.8671666874999999,0.9348546249999999,0.9125719375000001
0.875,0.9375,0.9375,0.8575709999999999,0.94279675,0.9375618125
0.875,0.9375,1.0,0.8479753124999999,0.950738875,0.9625516875000001
0.875,1.0,0.0,0.9936729999999999,0.8835195,0.600285625
0.875,1.0,0.0625,0.9840773125,0.891461625,0.6252755000000001
0.875,1.0,0.125,0.9744816249999999,0.8994037500000001,0.650265375
0.875,1.0,0.1875,0.9648859375,0.907345875,0.6752552500000001
0.875,1.0,0.25,0.9552902499999999,0.915288,0.700245125
0.875,1.0,0.3125,0.9456945625,0.923230125,0.7252350000000001
0.875,1.0,0.375,0.9360988749999999,0.93117225,0.750224875
0.875,1.0,0.4375,0.9265031874999999,0.9391143750000001,0.7752147500000001
0.875,1.0,0.5,0.9169074999999999,0.9470565,0.8002046250000001
0.875,1.0,0.5625,0.9073118124999999,0.954998625,0.8251945
0.875,1.0,0.625,0.8977161249999999,0.96294075,0.850184375
0.875,1.0,0.6875,0.8881204374999999,0.970882875,0.87517425
0.875,1.0,0.75,0.87852475,0.9788250000000001,0.9001641250000001
0.875,1.0,0.8125,0.8689290624999999,0.986767125,0.925154
0.875,1.0,0.875,0.859333375,0.99470925,0.9501438750000001
0.875,1.0,0.9375,0.8497376874999999,1.0026513750000001,0.9751337500000001
0.875,1.0,1.0,0.8401419999999999,1.0105935,1.000123625
0.9375,0.0,0.0,1.198935,-0.07945125,-0.0009271875000000001
0.9375,0.0,0.0625,1.1893393125,-0.071509125,0.024062687500000002
0.9375,0.0,0.125,1.1797436250000002,-0.063567,0.0490525625
0.9375,0.0,0.1875,1.1701479375000001,-0.055624875000000004,0.07404243750000002
0.9375,0.0,0.25,1.16055225,-0.04768275,0.09903231250000001
0.9375,0.0,0.3125,1.1509565625,-0.039740625,0.1240221875
0.9375,0.0,0.375,1.1413608750000002,-0.03179850000000001,0.14901206250000001
0.9375,0.0,0.4375,1.1317651875,-0.023856375000000006,0.1740019375
0.9375,0.0,0.5,1.1221695,-0.015914250000000005,0.1989918125
0.9375,0.0,0.5625,1.1125738125,-0.00797212500000001,0.2239816875
0.9375,0.0,0.625,1.1029781250000001,-3.0000000000002247e-05,0.2489715625
0.9375,0.0,0.6875,1.0933824375,0.007912124999999992,0.2739614375
0.9375,0.0,0.75,1.08378675,0.015854249999999986,0.29895131250000007
0.9375,0.0,0.8125,1.0741910625000002,0.023796374999999995,0.32394118750000006
0.9375,0.0,0.875,1.0645953750000001,0.03173849999999999,0.34893106250000006
0.9375,0.0,0.9375,1.0549996875,0.039680625,0.37392093750000005
0.9375,0.0,1.0,1.045404,0.04762274999999999,0.39891081250000004
0.9375,0.0625,0.0,1.1911016875,-0.019596625,0.03664475
0.9375,0.0625,0.0625,1.181506,-0.0116545,0.061634625
0.9375,0.0625,0.125,1.1719103125,-0.0037123750000000004,0.0866245
0.9375,0.0625,0.1875,1.162314625,0.004229749999999997,0.11161437500000002
0.9375,0.0625,0.25,1.1527189375,0.012171874999999999,0.13660425
0.9375,0.0625,0.3125,1.14312325,0.020114,0.161594125
0.9375,0.0625,0.375,1.1335275625,0.028056124999999994,0.18658400000000003
0.9375,0.0625,0.4375,1.123931875,0.035998249999999996,0.21157387500000002
0.9375,0.0625,0.5,1.1143361875,0.043940375,0.23656375000000002
0.9375,0.0625,0.5625,1.1047405,0.05188249999999999,0.261553625
0.9375,0.0625,0.625,1.0951448125,0.059824625,0.2865435
0.9375,0.0625,0.6875,1.085549125,0.06776674999999999,0.311533375
0.9375,0.0625,0.75,1.0759534375,0.07570887499999998,0.33652325000000005
0.9375,0.0625,0.8125,1.06635775,0.083651,0.36151312500000005
0.9375,0.0625,0.875,1.0567620625,0.091593125,0.38650300000000004
0.9375,0.0625,0.9375,1.047166375,0.09953524999999999,0.41149287500000004
0.9375,0.0625,1.0,1.0375706875,0.10747737499999999,0.43648275000000003
0.9375,0.125,0.0,1.1832683750000001,0.040258,0.0742166875
0.9375,0.125,0.0625,1.1736726875,0.048200125,0.09920656250000001
0.9375,0.125,0.125,1.1640770000000003,0.056142250000000005,0.1241964375
0.9375,0.125,0.1875,1.1544813125000002,0.064084375,0.14918631250000003
0.9375,0.125,0.25,1.1448856250000001,0.0720265,0.17417618750000002
0.9375,0.125,0.3125,1.1352899375,0.079968625,0.19916606250000002
0.9375,0.125,0.375,1.1256942500000002,0.08791075,0.2241559375
0.9375,0.125,0.4375,1.1160985625000002,0.095852875,0.2491458125
0.9375,0.125,0.5,1.106502875,0.103795,0.2741356875
0.9375,0.125,0.5625,1.0969071875,0.11173712499999999,0.2991255625
0.9375,0.125,0.625,1.0873115000000002,0.11967925,0.3241154375
0.9375,0.125,0.6875,1.0777158125000001,0.12762137499999998,0.3491053125
0.9375,0.125,0.75,1.068120125,0.1355635,0.37409518750000004
0.9375,0.125,0.8125,1.0585244375000002,0.143505625,0.39908506250000003
0.9375,0.125,0.875,1.0489287500000002,0.15144775,0.4240749375
0.9375,0.125,0.9375,1.0393330625000001,0.15938987500000001,0.4490648125
0.9375,0.125,1.0,1.029737375,0.16733199999999998,0.4740546875
0.9375,0.1875,0.0,1.1754350625,0.10011262500000001,0.111788625
0.9375,0.1875,0.0625,1.165839375,0.10805475,0.1367785
0.9375,0.1875,0.125,1.1562436875000002,0.11599687500000001,0.16176837500000002
0.9375,0.1875,0.1875,1.1466480000000001,0.12393900000000001,0.18675825000000001
0.9375,0.1875,0.25,1.1370523125,0.13188112500000002,0.211748125
0.9375,0.1875,0.3125,1.127456625,0.13982325,0.236738
0.9375,0.1875,0.375,1.1178609375000002,0.147765375,0.26172787500000005
0.9375,0.1875,0.4375,1.10826525,0.1557075,0.28671775
0.9375,0.1875,0.5,1.0986695625,0.16364962500000002,0.31170762500000004
0.9375,0.1875,0.5625,1.089073875,0.17159175,0.3366975
0.9375,0.1875,0.625,1.0794781875000001,0.179533875,0.36168737500000003
0.9375,0.1875,0.6875,1.0698825,0.187476,0.38667725
0.9375,0.1875,0.75,1.0602868125,0.195418125,0.411667125
0.9375,0.1875,0.8125,1.0506911250000002,0.20336025000000002,0.4366570000000001
0.9375,0.1875,0.875,1.0410954375,0.211302375,0.461646875
0.9375,0.1875,0.9375,1.03149975,0.2192445,0.48663675000000006
0.9375,0.1875,1.0,1.0219040625,0.227186625,0.511626625
0.9375,0.25,0.0,1.16760175,0.15996725,0.1493605625
0.9375,0.25,0.0625,1.1580060625,0.167909375,0.17435043749999998
0.9375,0.25,0.125,1.148410375,0.1758515,0.1993403125
0.9375,0.25,0.1875,1.1388146875,0.18379362500000002,0.2243301875
0.9375,0.25,0.25,1.129219,0.19173575,0.2493200625
0.9375,0.25,0.3125,1.1196233125,0.199677875,0.2743099375
0.9375,0.25,0.375,1.110027625,0.20762,0.29929981250000004
0.9375,0.25,0.4375,1.1004319375,0.215562125,0.3242896875
0.9375,0.25,0.5,1.09083625,0.22350425000000002,0.34927956250000003
0.9375,0.25,0.5625,1.0812405625,0.23144637499999998,0.37426943749999997
0.9375,0.25,0.625,1.071644875,0.2393885,0.3992593125
0.9375,0.25,0.6875,1.0620491875,0.247330625,0.42424918749999996
0.9375,0.25,0.75,1.0524535,0.25527275,0.4492390625
0.9375,0.25,0.8125,1.0428578125,0.263214875,0.47422893750000006
0.9375,0.25,0.875,1.033262125,0.271157,0.4992188125
0.9375,0.25,0.9375,1.0236664375,0.279099125,0.5242086875
0.9375,0.25,1.0,1.01407075,0.28704125,0.5491985625
0.9375,0.3125,0.0,1.1597684375000001,0.21982187500000003,0.18693249999999997
0.9375,0.3125,0.0625,1.15017275,0.22776400000000002,0.21192237499999997
0.9375,0.3125,0.125,1.1405770625000002,0.23570612500000002,0.23691225
0.9375,0.3125,0.1875,1.1309813750000002,0.24364825,0.261902125
0.9375,0.3125,0.25,1.1213856875000001,0.25159037500000003,0.286892
0.9375,0.3125,0.3125,1.11179,0.25953250000000005,0.311881875
0.9375,0.3125,0.375,1.1021943125000002,0.267474625,0.33687175
0.9375,0.3125,0.4375,1.0925986250000002,0.27541675000000004,0.36186162499999996
0.9375,0.3125,0.5,1.0830029375,0.283358875,0.3868515
0.9375,0.3125,0.5625,1.07340725,0.29130100000000003,0.41184137499999995
0.9375,0.3125,0.625,1.0638115625000002,0.29924312500000005,0.43683125
0.9375,0.3125,0.6875,1.0542158750000001,0.30718525,0.46182112499999994
0.9375,0.3125,0.75,1.0446201875,0.315127375,0.486811
0.9375,0.3125,0.8125,1.0350245000000002,0.3230695,0.511800875
0.9375,0.3125,0.875,1.0254288125000002,0.33101162500000003,0.53679075
0.9375,0.3125,0.9375,1.0158331250000001,0.33895375000000005,0.561780625
0.9375,0.3125,1.0,1.0062374375,0.346895875,0.5867705
0.9375,0.375,0.0,1.151935125,0.2796765,0.2245044375
0.9375,0.375,0.0625,1.1423394375,0.287618625,0.24949431249999998
0.9375,0.375,0.125,1.1327437500000002,0.29556075,0.2744841875
0.9375,0.375,0.1875,1.1231480625,0.303502875,0.29947406249999997
0.9375,0.375,0.25,1.113552375,0.31144499999999997,0.3244639375
0.9375,0.375,0.3125,1.1039566875,0.319387125,0.34945381249999996
0.9375,0.375,0.375,1.0943610000000001,0.32732925,0.3744436875
0.9375,0.375,0.4375,1.0847653125,0.335271375,0.3994335625
0.9375,0.375,0.5,1.075169625,0.3432135,0.4244234375
0.9375,0.375,0.5625,1.0655739375,0.35115562499999997,0.4494133125
0.9375,0.375,0.625,1.0559782500000001,0.35909775,0.4744031875
0.9375,0.375,0.6875,1.0463825625,0.367039875,0.4993930625
0.9375,0.375,0.75,1.036786875,0.374982,0.5243829375
0.9375,0.375,0.8125,1.0271911875000002,0.382924125,0.5493728125
0.9375,0.375,0.875,1.0175955,0.39086624999999997,0.5743626875000001
0.9375,0.375,0.9375,1.0079998125,0.398808375,0.5993525625
0.9375,0.375,1.0,0.9984041250000001,0.4067505,0.6243424375
0.9375,0.4375,0.0,1.1441018125,0.33953112500000004,0.26207637500000003
0.9375,0.4375,0.0625,1.134506125,0.34747325000000007,0.28706625
0.9375,0.4375,0.125,1.1249104375,0.35541537500000003,0.312056125
0.9375,0.4375,0.1875,1.11531475,0.36335750000000006,0.33704600000000007
0.9375,0.4375,0.25,1.1057190625,0.371299625,0.362035875
0.9375,0.4375,0.3125,1.096123375,0.37924175000000004,0.38702575000000006
0.9375,0.4375,0.375,1.0865276875,0.38718387500000007,0.41201562500000005
0.9375,0.4375,0.4375,1.076932,0.39512600000000003,0.43700550000000005
0.9375,0.4375,0.5,1.0673363125,0.40306812500000005,0.46199537500000004
0.9375,0.4375,0.5625,1.0577406249999999,0.41101025,0.48698525000000004
0.9375,0.4375,0.625,1.0481449375,0.41895237500000004,0.511975125
0.9375,0.4375,0.6875,1.03854925,0.42689450000000007,0.536965
0.9375,0.4375,0.75,1.0289535625,0.43483662500000003,0.5619548750000001
0.9375,0.4375,0.8125,1.019357875,0.44277875000000005,0.58694475
0.9375,0.4375,0.875,1.0097621875,0.450720875,0.6119346250000001
0.9375,0.4375,0.9375,1.0001665,0.45866300000000004,0.6369245000000001
0.9375,0.4375,1.0,0.9905708125,0.46660512500000006,0.661914375
0.9375,0.5,0.0,1.1362685000000001,0.39938575,0.2996483125
0.9375,0.5,0.0625,1.1266728125,0.407327875,0.3246381875
0.9375,0.5,0.125,1.1170771250000002,0.41527,0.3496280625
0.9375,0.5,0.1875,1.1074814375000002,0.423212125,0.37461793750000005
0.9375,0.5,0.25,1.09788575,0.43115424999999996,0.3996078125
0.9375,0.5,0.3125,1.0882900625,0.439096375,0.42459768750000004
0.9375,0.5,0.375,1.0786943750000002,0.4470385,0.44958756250000004
0.9375,0.5,0.4375,1.0690986875000001,0.45498062499999997,0.47457743750000003
0.9375,0.5,0.5,1.059503,0.46292275,0.4995673125
0.9375,0.5,0.5625,1.0499073125,0.47086487499999996,0.5245571875
0.9375,0.5,0.625,1.0403116250000002,0.478807,0.5495470625000001
0.9375,0.5,0.6875,1.0307159375000001,0.486749125,0.5745369375
0.9375,0.5,0.75,1.02112025,0.49469124999999997,0.5995268125000001
0.9375,0.5,0.8125,1.0115245625000002,0.5026333749999999,0.6245166875000001
0.9375,0.5,0.875,1.0019288750000002,0.5105755,0.6495065625
0.9375,0.5,0.9375,0.9923331875000001,0.518517625,0.6744964375
0.9375,0.5,1.0,0.9827375000000002,0.52645975,0.6994863125
0.9375,0.5625,0.0,1.1284351875,0.45924037500000003,0.33722025
0.9375,0.5625,0.0625,1.1188395,0.46718250000000006,0.362210125
0.9375,0.5625,0.125,1.1092438125000001,0.475124625,0.3872
0.9375,0.5625,0.1875,1.099648125,0.48306675000000004,0.41218987500000004
0.9375,0.5625,0.25,1.0900524375,0.491008875,0.43717975
0.9375,0.5625,0.3125,1.08045675,0.49895100000000003,0.46216962500000003
0.9375,0.5625,0.375,1.0708610625000001,0.506893125,0.4871595
0.9375,0.5625,0.4375,1.061265375,0.5148352500000001,0.512149375
0.9375,0.5625,0.5,1.0516696875,0.522777375,0.5371392500000001
0.9375,0.5625,0.5625,1.042074,0.5307195,0.562129125
0.9375,0.5625,0.625,1.0324783125,0.538661625,0.587119
0.9375,0.5625,0.6875,1.022882625,0.54660375,0.612108875
0.9375,0.5625,0.75,1.0132869375,0.5545458750000001,0.63709875
0.9375,0.5625,0.8125,1.0036912500000001,0.562488,0.662088625
0.9375,0.5625,0.875,0.9940955625000001,0.570430125,0.6870785
0.9375,0.5625,0.9375,0.984499875,0.57837225,0.7120683750000001
0.9375,0.5625,1.0,0.9749041875000001,0.586314375,0.73705825
0.9375,0.625,0.0,1.1206018750000002,0.5190950000000001,0.3747921875
0.9375,0.625,0.0625,1.1110061875000001,0.5270371250000001,0.3997820625
0.9375,0.625,0.125,1.1014105000000003,0.5349792500000001,0.4247719375
0.9375,0.625,0.1875,1.0918148125000002,0.542921375,0.4497618125
0.9375,0.625,0.25,1.0822191250000002,0.5508635000000001,0.47475168749999996
0.9375,0.625,0.3125,1.0726234375,0.5588056250000001,0.4997415625
0.9375,0.625,0.375,1.0630277500000003,0.5667477500000001,0.5247314375000001
0.9375,0.625,0.4375,1.0534320625000002,0.5746898750000001,0.5497213125
0.9375,0.625,0.5,1.0438363750000001,0.582632,0.5747111874999999
0.9375,0.625,0.5625,1.0342406875,0.5905741250000001,0.5997010625
0.9375,0.625,0.625,1.0246450000000003,0.5985162500000001,0.6246909375
0.9375,0.625,0.6875,1.0150493125000002,0.6064583750000001,0.6496808125
0.9375,0.625,0.75,1.0054536250000001,0.6144005000000001,0.6746706875
0.9375,0.625,0.8125,0.9958579375000002,0.622342625,0.6996605625000001
0.9375,0.625,0.875,0.9862622500000002,0.6302847500000001,0.7246504375
0.9375,0.625,0.9375,0.9766665625000002,0.6382268750000001,0.7496403125
0.9375,0.625,1.0,0.9670708750000002,0.6461690000000001,0.7746301875
0.9375,0.6875,0.0,1.1127685625000001,0.578949625,0.412364125
0.9375,0.6875,0.0625,1.103172875,0.58689175,0.437354
0.9375,0.6875,0.125,1.0935771875000002,0.5948338750000001,0.462343875
0.9375,0.6875,0.1875,1.0839815000000002,0.602776,0.48733375
0.9375,0.6875,0.25,1.0743858125,0.610718125,0.5123236250000001
0.9375,0.6875,0.3125,1.064790125,0.61866025,0.5373135
0.9375,0.6875,0.375,1.0551944375000002,0.626602375,0.562303375
0.9375,0.6875,0.4375,1.0455987500000001,0.6345445000000001,0.5872932500000001
0.9375,0.6875,0.5,1.0360030625,0.642486625,0.612283125
0.9375,0.6875,0.5625,1.026407375,0.65042875,0.637273
0.9375,0.6875,0.625,1.0168116875000002,0.658370875,0.662262875
0.9375,0.6875,0.6875,1.0072160000000001,0.666313,0.6872527500000001
0.9375,0.6875,0.75,0.9976203125,0.674255125,0.712242625
0.9375,0.6875,0.8125,0.9880246250000001,0.68219725,0.7372325000000001
0.9375,0.6875,0.875,0.9784289375000002,0.690139375,0.7622223750000001
0.9375,0.6875,0.9375,0.9688332500000001,0.6980815,0.7872122500000001
0.9375,0.6875,1.0,0.9592375625000001,0.706023625,0.812202125
0.9375,0.75,0.0,1.10493525,0.6388042500000001,0.4499360625
0.9375,0.75,0.0625,1.0953395625,0.6467463750000001,0.4749259375
0.9375,0.75,0.125,1.0857438750000001,0.6546885000000001,0.4999158125
0.9375,0.75,0.1875,1.0761481875,0.662630625,0.5249056875
0.9375,0.75,0.25,1.0665525,0.67057275,0.5498955625
0.9375,0.75,0.3125,1.0569568125,0.6785148750000001,0.5748854375
0.9375,0.75,0.375,1.0473611250000001,0.6864570000000001,0.5998753125
0.9375,0.75,0.4375,1.0377654375,0.6943991250000001,0.6248651875
0.9375,0.75,0.5,1.02816975,0.70234125,0.6498550625
0.9375,0.75,0.5625,1.0185740625,0.710283375,0.6748449375000001
0.9375,0.75,0.625,1.008978375,0.7182255000000001,0.6998348125
0.9375,0.75,0.6875,0.9993826875,0.7261676250000001,0.7248246875
0.9375,0.75,0.75,0.989787,0.73410975,0.7498145625000001
0.9375,0.75,0.8125,0.9801913125,0.742051875,0.7748044375
0.9375,0.75,0.875,0.9705956250000001,0.749994,0.7997943125
0.9375,0.75,0.9375,0.9609999375,0.7579361250000001,0.8247841875
0.9375,0.75,1.0,0.9514042500000001,0.7658782500000001,0.8497740625000001
0.9375,0.8125,0.0,1.0971019375000002,0.698658875,0.487508
0.9375,0.8125,0.0625,1.0875062500000001,0.706601,0.512497875
0.9375,0.8125,0.125,1.0779105625000003,0.7145431250000001,0.53748775
0.9375,0.8125,0.1875,1.0683148750000002,0.72248525,0.562477625
0.9375,0.8125,0.25,1.0587191875000002,0.730427375,0.5874675
0.9375,0.8125,0.3125,1.0491235,0.7383695,0.612457375
0.9375,0.8125,0.375,1.0395278125000003,0.746311625,0.63744725
0.9375,0.8125,0.4375,1.0299321250000002,0.7542537500000001,0.6624371250000001
0.9375,0.8125,0.5,1.0203364375000001,0.762195875,0.687427
0.9375,0.8125,0.5625,1.01074075,0.770138,0.712416875
0.9375,0.8125,0.625,1.0011450625000002,0.778080125,0.73740675
0.9375,0.8125,0.6875,0.9915493750000002,0.78602225,0.762396625
0.9375,0.8125,0.75,0.9819536875000001,0.793964375,0.7873865
0.9375,0.8125,0.8125,0.9723580000000002,0.8019065,0.812376375
0.9375,0.8125,0.875,0.9627623125000002,0.809848625,0.8373662500000001
0.9375,0.8125,0.9375,0.9531666250000002,0.81779075,0.862356125
0.9375,0.8125,1.0,0.9435709375000002,0.825732875,0.887346
0.9375,0.875,0.0,1.089268625,0.7585135000000001,0.5250799375
0.9375,0.875,0.0625,1.0796729375,0.7664556250000001,0.5500698125000001
0.9375,0.875,0.125,1.0700772500000002,0.7743977500000001,0.5750596875
0.9375,0.875,0.1875,1.0604815625000001,0.782339875,0.6000495625000001
0.9375,0.875,0.25,1.050885875,0.790282,0.6250394375
0.9375,0.875,0.3125,1.0412901875,0.7982241250000001,0.6500293125000001
0.9375,0.875,0.375,1.0316945000000002,0.8061662500000001,0.6750191875
0.9375,0.875,0.4375,1.0220988125000001,0.8141083750000001,0.7000090625000001
0.9375,0.875,0.5,1.012503125,0.8220505,0.7249989375000001
0.9375,0.875,0.5625,1.0029074375,0.829992625,0.7499888125
0.9375,0.875,0.625,0.9933117500000002,0.8379347500000001,0.7749786875
0.9375,0.875,0.6875,0.9837160625000001,0.8458768750000001,0.7999685625
0.9375,0.875,0.75,0.974120375,0.8538190000000001,0.8249584375000001
0.9375,0.875,0.8125,0.9645246875000001,0.861761125,0.8499483125
0.9375,0.875,0.875,0.9549290000000001,0.86970325,0.8749381875000001
0.9375,0.875,0.9375,0.9453333125000001,0.8776453750000001,0.8999280625000001
0.9375,0.875,1.0,0.9357376250000001,0.8855875000000001,0.9249179375000001
0.9375,0.9375,0.0,1.0814353125,0.818368125,0.562651875
0.9375,0.9375,0.0625,1.071839625,0.82631025,0.5876417500000001
0.9375,0.9375,0.125,1.0622439375000001,0.834252375,0.612631625
0.9375,0.9375,0.1875,1.05264825,0.8421945,0.6376215000000001
0.9375,0.9375,0.25,1.0430525625,0.850136625,0.662611375
0.9375,0.9375,0.3125,1.033456875,0.85807875,0.68760125
0.9375,0.9375,0.375,1.0238611875,0.866020875,0.7125911250000001
0.9375,0.9375,0.4375,1.0142655,0.873963,0.737581
0.9375,0.9375,0.5,1.0046698125,0.881905125,0.762570875
0.9375,0.9375,0.5625,0.995074125,0.88984725,0.78756075
0.9375,0.9375,0.625,0.9854784375000001,0.897789375,0.8125506250000001
0.9375,0.9375,0.6875,0.97588275,0.9057315,0.8375405
0.9375,0.9375,0.75,0.9662870625,0.9136736249999999,0.8625303750000001
0.9375,0.9375,0.8125,0.956691375,0.92161575,0.8875202500000001
0.9375,0.9375,0.875,0.9470956875000001,0.929557875,0.9125101250000001
0.9375,0.9375,0.9375,0.9375,0.9375,0.9375
0.9375,0.9375,1.0,0.9279043125,0.945442125,0.962489875
0.9375,1.0,0.0,1.0736020000000002,0.87822275,0.6002238125
0.9375,1.0,0.0625,1.0640063125,0.8861648750000001,0.6252136875000001
0.9375,1.0,0.125,1.0544106250000003,0.8941070000000001,0.6502035625
0.9375,1.0,0.1875,1.0448149375000002,0.902049125,0.6751934375
0.9375,1.0,0.25,1.0352192500000001,0.90999125,0.7001833125
0.9375,1.0,0.3125,1.0256235625,0.917933375,0.7251731875
0.9375,1.0,0.375,1.0160278750000002,0.9258755000000001,0.7501630625
0.9375,1.0,0.4375,1.0064321875000002,0.9338176250000001,0.7751529375
0.9375,1.0,0.5,0.9968365000000001,0.94175975,0.8001428125000001
0.9375,1.0,0.5625,0.9872408125000002,0.949701875,0.8251326875
0.9375,1.0,0.625,0.9776451250000002,0.957644,0.8501225625
0.9375,1.0,0.6875,0.9680494375000002,0.9655861250000001,0.8751124375
0.9375,1.0,0.75,0.9584537500000001,0.97352825,0.9001023125000001
0.9375,1.0,0.8125,0.9488580625000002,0.981470375,0.9250921875
0.9375,1.0,0.875,0.9392623750000002,0.9894125,0.9500820625
0.9375,1.0,0.9375,0.9296666875000001,0.997354625,0.9750719375000001
0.9375,1.0,1.0,0.9200710000000002,1.00529675,1.0000618125
1.0,0.0,0.0,1.278864,-0.084748,-0.000989
1.0,0.0,0.0625,1.2692683125,-0.07680587500000001,0.024000875
1.0,0.0,0.125,1.259672625,-0.06886375,0.048990750000000007
1.0,0.0,0.1875,1.2500769375,-0.06092162500000001,0.07398062500000001
1.0,0.0,0.25,1.24048125,-0.052979500000000006,0.0989705
1.0,0.0,0.3125,1.2308855625,-0.045037375000000004,0.123960375
1.0,0.0,0.375,1.221289875,-0.03709525000000001,0.14895025000000003
1.0,0.0,0.4375,1.2116941875,-0.02915312500000001,0.17394012500000003
1.0,0.0,0.5,1.2020985,-0.021211000000000008,0.19893000000000002
1.0,0.0,0.5625,1.1925028125,-0.013268875000000013,0.22391987500000002
1.0,0.0,0.625,1.182907125,-0.005326750000000005,0.24890975
1.0,0.0,0.6875,1.1733114375,0.0026153749999999892,0.273899625
1.0,0.0,0.75,1.16371575,0.010557499999999984,0.29888950000000003
1.0,0.0,0.8125,1.1541200625,0.018499624999999992,0.323879375
1.0,0.0,0.875,1.144524375,0.026441749999999986,0.34886925
1.0,0.0,0.9375,1.1349286875,0.034383874999999994,0.373859125
1.0,0.0,1.0,1.125333,0.04232599999999999,0.398849
1.0,0.0625,0.0,1.2710306875,-0.024893375000000002,0.0365829375
1.0,0.0625,0.0625,1.2614349999999999,-0.01695125,0.061572812500000004
1.0,0.0625,0.125,1.2518393125,-0.009009125000000003,0.08656268750000001
1.0,0.0625,0.1875,1.242243625,-0.0010670000000000054,0.11155256250000001
1.0,0.0625,0.25,1.2326479375,0.006875124999999996,0.1365424375
1.0,0.0625,0.3125,1.2230522499999998,0.014817249999999997,0.1615323125
1.0,0.0625,0.375,1.2134565625,0.02275937499999999,0.18652218750000002
1.0,0.0625,0.4375,1.203860875,0.030701499999999993,0.21151206250000001
1.0,0.0625,0.5,1.1942651874999999,0.038643624999999994,0.2365019375
1.0,0.0625,0.5625,1.1846694999999998,0.04658574999999999,0.26149181250000003
1.0,0.0625,0.625,1.1750738125,0.054527874999999996,0.2864816875
1.0,0.0625,0.6875,1.165478125,0.06246999999999999,0.3114715625
1.0,0.0625,0.75,1.1558824374999999,0.07041212499999999,0.33646143750000007
1.0,0.0625,0.8125,1.14628675,0.07835424999999999,0.36145131250000007
1.0,0.0625,0.875,1.1366910625,0.08629637499999998,0.38644118750000006
1.0,0.0625,0.9375,1.127095375,0.0942385,0.41143106250000006
1.0,0.0625,1.0,1.1174996874999998,0.102180625,0.43642093750000005
1.0,0.125,0.0,1.263197375,0.03496125,0.074154875
1.0,0.125,0.0625,1.2536016875,0.042903375,0.09914475
1.0,0.125,0.125,1.2440060000000002,0.0508455,0.124134625
1.0,0.125,0.1875,1.2344103125,0.058787624999999996,0.1491245
1.0,0.125,0.25,1.224814625,0.06672975,0.174114375
1.0,0.125,0.3125,1.2152189375,0.074671875,0.19910424999999998
1.0,0.125,0.375,1.2056232500000001,0.08261399999999999,0.22409412500000003
1.0,0.125,0.4375,1.1960275625,0.09055612499999999,0.24908400000000003
1.0,0.125,0.5,1.186431875,0.09849825,0.274073875
1.0,0.125,0.5625,1.1768361875,0.10644037499999999,0.29906375
1.0,0.125,0.625,1.1672405000000001,0.1143825,0.324053625
1.0,0.125,0.6875,1.1576448125,0.12232462499999999,0.3490435
1.0,0.125,0.75,1.148049125,0.13026675,0.37403337500000006
1.0,0.125,0.8125,1.1384534375000002,0.138208875,0.39902325000000005
1.0,0.125,0.875,1.12885775,0.14615099999999998,0.42401312500000005
1.0,0.125,0.9375,1.1192620625,0.154093125,0.44900300000000004
1.0,0.125,1.0,1.109666375,0.16203525,0.47399287500000004
1.0,0.1875,0.0,1.2553640625,0.09481587500000001,0.1117268125
1.0,0.1875,0.0625,1.245768375,0.102758,0.1367166875
1.0,0.1875,0.125,1.2361726875,0.11070012500000001,0.16170656249999998
1.0,0.1875,0.1875,1.226577,0.11864225,0.1866964375
1.0,0.1875,0.25,1.2169813125,0.126584375,0.2116863125
1.0,0.1875,0.3125,1.207385625,0.1345265,0.2366761875
1.0,0.1875,0.375,1.1977899375,0.14246862500000002,0.2616660625
1.0,0.1875,0.4375,1.18819425,0.15041075,0.2866559375
1.0,0.1875,0.5,1.1785985625,0.158352875,0.3116458125
1.0,0.1875,0.5625,1.1690028749999999,0.166295,0.3366356875
1.0,0.1875,0.625,1.1594071875,0.174237125,0.3616255625
1.0,0.1875,0.6875,1.1498115,0.18217925000000001,0.3866154375
1.0,0.1875,0.75,1.1402158125,0.19012137499999998,0.41160531250000004
1.0,0.1875,0.8125,1.130620125,0.1980635,0.43659518750000004
1.0,0.1875,0.875,1.1210244375,0.206005625,0.46158506250000003
1.0,0.1875,0.9375,1.11142875,0.21394775,0.4865749375
1.0,0.1875,1.0,1.1018330625,0.22188987500000001,0.5115648125000001
1.0,0.25,0.0,1.24753075,0.1546705,0.14929875
1.0,0.25,0.0625,1.2379350624999998,0.16261262499999998,0.174288625
1.0,0.25,0.125,1.228339375,0.17055474999999998,0.19927850000000003
1.0,0.25,0.1875,1.2187436875,0.178496875,0.22426837500000002
1.0,0.25,0.25,1.209148,0.186439,0.24925825000000001
1.0,0.25,0.3125,1.1995523124999998,0.194381125,0.274248125
1.0,0.25,0.375,1.189956625,0.20232324999999998,0.299238
1.0,0.25,0.4375,1.1803609375,0.21026537499999998,0.32422787500000005
1.0,0.25,0.5,1.1707652499999999,0.2182075,0.34921775
1.0,0.25,0.5625,1.1611695624999998,0.22614962499999997,0.37420762500000004
1.0,0.25,0.625,1.151573875,0.23409175,0.3991975
1.0,0.25,0.6875,1.1419781875,0.24203387499999998,0.42418737500000003
1.0,0.25,0.75,1.1323824999999998,0.24997599999999998,0.4491772500000001
1.0,0.25,0.8125,1.1227868125,0.257918125,0.474167125
1.0,0.25,0.875,1.113191125,0.26586024999999996,0.4991570000000001
1.0,0.25,0.9375,1.1035954374999999,0.273802375,0.524146875
1.0,0.25,1.0,1.0939997499999998,0.28174449999999995,0.5491367500000001
1.0,0.3125,0.0,1.2396974375,0.21452512500000004,0.1868706875
1.0,0.3125,0.0625,1.23010175,0.22246725000000003,0.2118605625
1.0,0.3125,0.125,1.2205060625000002,0.23040937500000003,0.2368504375
1.0,0.3125,0.1875,1.210910375,0.23835150000000005,0.2618403125
1.0,0.3125,0.25,1.2013146875,0.24629362500000004,0.2868301875
1.0,0.3125,0.3125,1.191719,0.25423575000000004,0.3118200625
1.0,0.3125,0.375,1.1821233125000001,0.262177875,0.3368099375
1.0,0.3125,0.4375,1.172527625,0.27012,0.36179981250000004
1.0,0.3125,0.5,1.1629319375,0.27806212500000005,0.3867896875
1.0,0.3125,0.5625,1.15333625,0.28600425,0.41177956250000003
1.0,0.3125,0.625,1.1437405625000001,0.29394637500000004,0.43676943749999997
1.0,0.3125,0.6875,1.134144875,0.3018885,0.4617593125
1.0,0.3125,0.75,1.1245491875,0.309830625,0.48674918750000007
1.0,0.3125,0.8125,1.1149535000000002,0.31777275000000005,0.5117390625
1.0,0.3125,0.875,1.1053578125,0.325714875,0.5367289375000001
1.0,0.3125,0.9375,1.095762125,0.33365700000000004,0.5617188125
1.0,0.3125,1.0,1.0861664375,0.341599125,0.5867086875
1.0,0.375,0.0,1.231864125,0.27437975000000003,0.224442625
1.0,0.375,0.0625,1.2222684375,0.28232187500000006,0.2494325
1.0,0.375,0.125,1.21267275,0.290264,0.274422375
1.0,0.375,0.1875,1.2030770625,0.29820612500000004,0.29941225000000005
1.0,0.375,0.25,1.193481375,0.30614825,0.324402125
1.0,0.375,0.3125,1.1838856875,0.31409037500000003,0.34939200000000004
1.0,0.375,0.375,1.17429,0.32203250000000005,0.37438187500000003
1.0,0.375,0.4375,1.1646943125,0.329974625,0.39937175
1.0,0.375,0.5,1.155098625,0.33791675000000004,0.424361625
1.0,0.375,0.5625,1.1455029374999999,0.345858875,0.4493515
1.0,0.375,0.625,1.13590725,0.35380100000000003,0.474341375
1.0,0.375,0.6875,1.1263115625,0.36174312500000005,0.49933125
1.0,0.375,0.75,1.116715875,0.36968525,0.524321125
1.0,0.375,0.8125,1.1071201875,0.37762737500000004,0.5493110000000001
1.0,0.375,0.875,1.0975245,0.3855695,0.574300875
1.0,0.375,0.9375,1.0879288125,0.39351162500000003,0.59929075
1.0,0.375,1.0,1.078333125,0.40145375000000005,0.624280625
1.0,0.4375,0.0,1.2240308125,0.33423437500000003,0.2620145625
1.0,0.4375,0.0625,1.2144351249999998,0.34217650000000005,0.2870044375
1.0,0.4375,0.125,1.2048394375,0.350118625,0.3119943125
1.0,0.4375,0.1875,1.19524375,0.35806075000000004,0.33698418750000003
1.0,0.4375,0.25,1.1856480624999999,0.366002875,0.36197406249999997
1.0,0.4375,0.3125,1.1760523749999998,0.373945,0.3869639375
1.0,0.4375,0.375,1.1664566875,0.381887125,0.4119538125
1.0,0.4375,0.4375,1.156861,0.38982925,0.4369436875
1.0,0.4375,0.5,1.1472653124999999,0.39777137500000004,0.4619335625
1.0,0.4375,0.5625,1.1376696249999998,0.4057135,0.4869234375
1.0,0.4375,0.625,1.1280739375,0.413655625,0.5119133124999999
1.0,0.4375,0.6875,1.11847825,0.42159775,0.5369031875
1.0,0.4375,0.75,1.1088825624999998,0.429539875,0.5618930625
1.0,0.4375,0.8125,1.099286875,0.43748200000000004,0.5868829375
1.0,0.4375,0.875,1.0896911875,0.445424125,0.6118728125
1.0,0.4375,0.9375,1.0800954999999999,0.45336625,0.6368626875000001
1.0,0.4375,1.0,1.0704998124999998,0.461308375,0.6618525625
1.0,0.5,0.0,1.2161975,0.394089,0.2995865
1.0,0.5,0.0625,1.2066018125,0.40203112500000004,0.324576375
1.0,0.5,0.125,1.1970061250000001,0.40997325,0.34956624999999997
1.0,0.5,0.1875,1.1874104375,0.41791537500000003,0.374556125
1.0,0.5,0.25,1.17781475,0.4258575,0.39954599999999996
1.0,0.5,0.3125,1.1682190625,0.433799625,0.424535875
1.0,0.5,0.375,1.1586233750000001,0.44174175000000004,0.44952575
1.0,0.5,0.4375,1.1490276875,0.449683875,0.474515625
1.0,0.5,0.5,1.139432,0.45762600000000003,0.4995055
1.0,0.5,0.5625,1.1298363125,0.465568125,0.524495375
1.0,0.5,0.625,1.120240625,0.47351025,0.54948525
1.0,0.5,0.6875,1.1106449375,0.48145237500000004,0.574475125
1.0,0.5,0.75,1.10104925,0.4893945,0.599465
1.0,0.5,0.8125,1.0914535625000001,0.49733662500000003,0.6244548750000001
1.0,0.5,0.875,1.081857875,0.50527875,0.64944475
1.0,0.5,0.9375,1.0722621875,0.513220875,0.674434625
1.0,0.5,1.0,1.0626665,0.521163,0.6994245
1.0,0.5625,0.0,1.2083641875,0.453943625,0.33715843749999996
1.0,0.5625,0.0625,1.1987685,0.46188575000000004,0.36214831249999996
1.0,0.5625,0.125,1.1891728125,0.469827875,0.38713818749999995
1.0,0.5625,0.1875,1.179577125,0.47777000000000003,0.4121280625
1.0,0.5625,0.25,1.1699814375,0.485712125,0.43711793749999994
1.0,0.5625,0.3125,1.1603857499999999,0.49365425,0.4621078125
1.0,0.5625,0.375,1.1507900625,0.501596375,0.4870976875
1.0,0.5625,0.4375,1.141194375,0.5095385,0.5120875625
1.0,0.5625,0.5,1.1315986875,0.517480625,0.5370774375
1.0,0.5625,0.5625,1.1220029999999999,0.52542275,0.5620673125
1.0,0.5625,0.625,1.1124073125,0.533364875,0.5870571874999999
1.0,0.5625,0.6875,1.102811625,0.541307,0.6120470625
1.0,0.5625,0.75,1.0932159375,0.549249125,0.6370369375
1.0,0.5625,0.8125,1.08362025,0.55719125,0.6620268125
1.0,0.5625,0.875,1.0740245625,0.565133375,0.6870166875
1.0,0.5625,0.9375,1.064428875,0.5730755000000001,0.7120065625
1.0,0.5625,1.0,1.0548331874999999,0.581017625,0.7369964375
1.0,0.625,0.0,1.200530875,0.51379825,0.37473037499999995
1.0,0.625,0.0625,1.1909351875,0.521740375,0.39972024999999994
1.0,0.625,0.125,1.1813395000000002,0.5296825000000001,0.42471012499999994
1.0,0.625,0.1875,1.1717438125000001,0.537624625,0.4497
1.0,0.625,0.25,1.162148125,0.54556675,0.47468987499999993
1.0,0.625,0.3125,1.1525524375,0.553508875,0.49967975
1.0,0.625,0.375,1.1429567500000002,0.561451,0.524669625
1.0,0.625,0.4375,1.1333610625000001,0.569393125,0.5496595
1.0,0.625,0.5,1.123765375,0.57733525,0.5746493749999999
1.0,0.625,0.5625,1.1141696875,0.585277375,0.59963925
1.0,0.625,0.625,1.1045740000000002,0.5932195,0.624629125
1.0,0.625,0.6875,1.0949783125,0.601161625,0.649619
1.0,0.625,0.75,1.085382625,0.60910375,0.674608875
1.0,0.625,0.8125,1.0757869375000002,0.617045875,0.69959875
1.0,0.625,0.875,1.0661912500000001,0.624988,0.724588625
1.0,0.625,0.9375,1.0565955625,0.632930125,0.7495784999999999
1.0,0.625,1.0,1.046999875,0.64087225,0.774568375
1.0,0.6875,0.0,1.1926975625,0.573652875,0.4123023125
1.0,0.6875,0.0625,1.183101875,0.581595,0.4372921875
1.0,0.6875,0.125,1.1735061875000001,0.589537125,0.4622820625
1.0,0.6875,0.1875,1.1639105,0.5974792499999999,0.4872719375
1.0,0.6875,0.25,1.1543148125,0.6054213749999999,0.5122618125
1.0,0.6875,0.3125,1.144719125,0.6133635,0.5372516875
1.0,0.6875,0.375,1.1351234375,0.621305625,0.5622415625
1.0,0.6875,0.4375,1.12552775,0.62924775,0.5872314375000001
1.0,0.6875,0.5,1.1159320625,0.6371898749999999,0.6122213125
1.0,0.6875,0.5625,1.106336375,0.6451319999999999,0.6372111874999999
1.0,0.6875,0.625,1.0967406875,0.653074125,0.6622010625
1.0,0.6875,0.6875,1.087145,0.66101625,0.6871909375
1.0,0.6875,0.75,1.0775493125,0.6689583749999999,0.7121808125
1.0,0.6875,0.8125,1.0679536250000001,0.6769004999999999,0.7371706875
1.0,0.6875,0.875,1.0583579375,0.6848426249999999,0.7621605625000001
1.0,0.6875,0.9375,1.04876225,0.69278475,0.7871504375
1.0,0.6875,1.0,1.0391665625,0.700726875,0.8121403125
1.0,0.75,0.0,1.18486425,0.6335075,0.44987425
1.0,0.75,0.0625,1.1752685625,0.641449625,0.47486412499999997
1.0,0.75,0.125,1.165672875,0.64939175,0.49985399999999997
1.0,0.75,0.1875,1.1560771875,0.657333875,0.524843875
1.0,0.75,0.25,1.1464815,0.665276,0.54983375
1.0,0.75,0.3125,1.1368858124999999,0.673218125,0.574823625
1.0,0.75,0.375,1.127290125,0.68116025,0.5998135
1.0,0.75,0.4375,1.1176944375,0.689102375,0.6248033749999999
1.0,0.75,0.5,1.10809875,0.6970445,0.64979325
1.0,0.75,0.5625,1.0985030624999998,0.704986625,0.674783125
1.0,0.75,0.625,1.088907375,0.71292875,0.699773
1.0,0.75,0.6875,1.0793116875,0.720870875,0.7247628749999999
1.0,0.75,0.75,1.069716,0.7288129999999999,0.7497527500000001
1.0,0.75,0.8125,1.0601203125,0.736755125,0.774742625
1.0,0.75,0.875,1.050524625,0.74469725,0.7997325
1.0,0.75,0.9375,1.0409289375,0.752639375,0.824722375
1.0,0.75,1.0,1.0313332499999999,0.7605815,0.8497122500000001
1.0,0.8125,0.0,1.1770309375,0.6933621249999999,0.48744618749999996
1.0,0.8125,0.0625,1.16743525,0.70130425,0.5124360625
1.0,0.8125,0.125,1.1578395625000002,0.709246375,0.5374259375
1.0,0.8125,0.1875,1.1482438750000001,0.7171884999999999,0.5624158125
1.0,0.8125,0.25,1.1386481875,0.7251306249999999,0.5874056875
1.0,0.8125,0.3125,1.1290525,0.7330727499999999,0.6123955624999999
1.0,0.8125,0.375,1.1194568125000002,0.741014875,0.6373854375
1.0,0.8125,0.4375,1.1098611250000001,0.748957,0.6623753125
1.0,0.8125,0.5,1.1002654375,0.7568991249999999,0.6873651875
1.0,0.8125,0.5625,1.09066975,0.7648412499999999,0.7123550624999999
1.0,0.8125,0.625,1.0810740625000002,0.7727833749999999,0.7373449375
1.0,0.8125,0.6875,1.071478375,0.7807255,0.7623348125
1.0,0.8125,0.75,1.0618826875,0.788667625,0.7873246875
1.0,0.8125,0.8125,1.0522870000000002,0.7966097499999999,0.8123145625
1.0,0.8125,0.875,1.0426913125000001,0.8045518749999999,0.8373044375
1.0,0.8125,0.9375,1.033095625,0.8124939999999999,0.8622943125
1.0,0.8125,1.0,1.0234999375,0.820436125,0.8872841874999999
1.0,0.875,0.0,1.169197625,0.75321675,0.525018125
1.0,0.875,0.0625,1.1596019375,0.761158875,0.550008
1.0,0.875,0.125,1.1500062500000001,0.769101,0.574997875
1.0,0.875,0.1875,1.1404105625,0.777043125,0.59998775
1.0,0.875,0.25,1.130814875,0.78498525,0.624977625
1.0,0.875,0.3125,1.1212191875,0.792927375,0.6499675
1.0,0.875,0.375,1.1116235,0.8008695,0.674957375
1.0,0.875,0.4375,1.1020278125,0.808811625,0.69994725
1.0,0.875,0.5,1.092432125,0.81675375,0.7249371250000001
1.0,0.875,0.5625,1.0828364375,0.824695875,0.749927
1.0,0.875,0.625,1.07324075,0.832638,0.774916875
1.0,0.875,0.6875,1.0636450625,0.840580125,0.79990675
1.0,0.875,0.75,1.054049375,0.84852225,0.824896625
1.0,0.875,0.8125,1.0444536875000001,0.8564643749999999,0.8498865
1.0,0.875,0.875,1.034858,0.8644065,0.874876375
1.0,0.875,0.9375,1.0252623125,0.872348625,0.8998662500000001
1.0,0.875,1.0,1.015666625,0.88029075,0.924856125
1.0,0.9375,0.0,1.1613643125,0.8130713749999999,0.5625900625
1.0,0.9375,0.0625,1.1517686249999999,0.8210135,0.5875799375
1.0,0.9375,0.125,1.1421729375,0.828955625,0.6125698125
1.0,0.9375,0.1875,1.13257725,0.8368977499999999,0.6375596875
1.0,0.9375,0.25,1.1229815625,0.8448398749999999,0.6625495625
1.0,0.9375,0.3125,1.1133858749999999,0.8527819999999999,0.6875394375
1.0,0.9375,0.375,1.1037901875,0.860724125,0.7125293125000001
1.0,0.9375,0.4375,1.0941945,0.86866625,0.7375191875
1.0,0.9375,0.5,1.0845988125,0.8766083749999999,0.7625090625
1.0,0.9375,0.5625,1.0750031249999998,0.8845504999999999,0.7874989375
1.0,0.9375,0.625,1.0654074375,0.8924926249999999,0.8124888125
1.0,0.9375,0.6875,1.05581175,0.90043475,0.8374786875
1.0,0.9375,0.75,1.0462160624999999,0.9083768749999999,0.8624685625
1.0,0.9375,0.8125,1.036620375,0.9163189999999999,0.8874584375000001
1.0,0.9375,0.875,1.0270246875,0.9242611249999999,0.9124483125
1.0,0.9375,0.9375,1.017429,0.9322032499999999,0.9374381875
1.0,0.9375,1.0,1.0078333124999999,0.940145375,0.9624280625
1.0,1.0,0.0,1.153531,0.872926,0.600162
1.0,1.0,0.0625,1.1439353125,0.880868125,0.625151875
1.0,1.0,0.125,1.1343396250000002,0.88881025,0.65014175
1.0,1.0,0.1875,1.1247439375000001,0.8967523749999999,0.675131625
1.0,1.0,0.25,1.11514825,0.9046945,0.7001215
1.0,1.0,0.3125,1.1055525625,0.912636625,0.725111375
1.0,1.0,0.375,1.0959568750000002,0.92057875,0.7501012499999999
1.0,1.0,0.4375,1.0863611875,0.928520875,0.775091125
1.0,1.0,0.5,1.0767655,0.9364629999999999,0.800081
1.0,1.0,0.5625,1.0671698125,0.944405125,0.825070875
1.0,1.0,0.625,1.0575741250000001,0.95234725,0.8500607499999999
1.0,1.0,0.6875,1.0479784375,0.960289375,0.875050625
1.0,1.0,0.75,1.03838275,0.9682314999999999,0.9000405
1.0,1.0,0.8125,1.0287870625000002,0.9761736249999999,0.925030375
1.0,1.0,0.875,1.0191913750000001,0.98411575,0.95002025
1.0,1.0,0.9375,1.0095956875,0.992057875,0.9750101250000001
1.0,1.0,1.0,1.0,1.0,1.0
