R,G,B,R_out,G_out,B_out
0.0,0.0,0.0,0.0,0.0,0.0
0.0,0.0,0.0625,-0.003647687499999999,0.003781437499999999,0.042546375000000004
0.0,0.0,0.125,-0.007295374999999998,0.007562874999999998,0.08509275000000001
0.0,0.0,0.1875,-0.010943062499999996,0.011344312499999998,0.12763912500000002
0.0,0.0,0.25,-0.014590749999999996,0.015125749999999997,0.17018550000000002
0.0,0.0,0.3125,-0.018238437499999996,0.018907187499999995,0.21273187500000001
0.0,0.0,0.375,-0.021886124999999992,0.022688624999999997,0.25527825000000004
0.0,0.0,0.4375,-0.025533812499999992,0.026470062499999995,0.297824625
0.0,0.0,0.5,-0.029181499999999992,0.030251499999999994,0.34037100000000003
0.0,0.0,0.5625,-0.03282918749999999,0.03403293749999999,0.38291737500000006
0.0,0.0,0.625,-0.03647687499999999,0.03781437499999999,0.42546375000000003
0.0,0.0,0.6875,-0.04012456249999999,0.04159581249999999,0.46801012500000005
0.0,0.0,0.75,-0.043772249999999985,0.045377249999999994,0.5105565000000001
0.0,0.0,0.8125,-0.04741993749999999,0.04915868749999999,0.5531028750000001
0.0,0.0,0.875,-0.051067624999999985,0.05294012499999999,0.59564925
0.0,0.0,0.9375,-0.05471531249999999,0.05672156249999999,0.638195625
0.0,0.0,1.0,-0.058362999999999984,0.06050299999999999,0.6807420000000001
0.0,0.0625,0.0,-0.0029145624999999953,0.0607271875,0.019870124999999995
0.0,0.0625,0.0625,-0.006562249999999994,0.064508625,0.0624165
0.0,0.0625,0.125,-0.010209937499999993,0.0682900625,0.10496287500000001
0.0,0.0625,0.1875,-0.013857624999999991,0.0720715,0.14750925
0.0,0.0625,0.25,-0.01750531249999999,0.0758529375,0.190055625
0.0,0.0625,0.3125,-0.02115299999999999,0.079634375,0.232602
0.0,0.0625,0.375,-0.024800687499999988,0.08341581249999999,0.27514837500000006
0.0,0.0625,0.4375,-0.028448374999999988,0.08719725,0.31769475
0.0,0.0625,0.5,-0.03209606249999999,0.09097868749999999,0.36024112500000005
0.0,0.0625,0.5625,-0.035743749999999984,0.094760125,0.4027875000000001
0.0,0.0625,0.625,-0.03939143749999999,0.09854156249999999,0.44533387500000005
0.0,0.0625,0.6875,-0.043039124999999984,0.102323,0.48788025000000007
0.0,0.0625,0.75,-0.04668681249999998,0.1061044375,0.530426625
0.0,0.0625,0.8125,-0.05033449999999998,0.109885875,0.5729730000000001
0.0,0.0625,0.875,-0.05398218749999998,0.11366731249999999,0.615519375
0.0,0.0625,0.9375,-0.05762987499999998,0.11744874999999999,0.65806575
0.0,0.0625,1.0,-0.06127756249999998,0.12123018749999999,0.700612125
0.0,0.125,0.0,-0.0058291249999999906,0.121454375,0.03974024999999999
0.0,0.125,0.0625,-0.00947681249999999,0.12523581250000002,0.082286625
0.0,0.125,0.125,-0.013124499999999989,0.12901725,0.124833
0.0,0.125,0.1875,-0.016772187499999987,0.1327986875,0.167379375
0.0,0.125,0.25,-0.020419874999999987,0.136580125,0.20992575000000002
0.0,0.125,0.3125,-0.024067562499999987,0.1403615625,0.252472125
0.0,0.125,0.375,-0.027715249999999983,0.144143,0.2950185
0.0,0.125,0.4375,-0.03136293749999998,0.1479244375,0.337564875
0.0,0.125,0.5,-0.03501062499999998,0.151705875,0.38011125
0.0,0.125,0.5625,-0.03865831249999998,0.1554873125,0.42265762500000004
0.0,0.125,0.625,-0.04230599999999998,0.15926875,0.465204
0.0,0.125,0.6875,-0.04595368749999998,0.1630501875,0.5077503750000001
0.0,0.125,0.75,-0.049601374999999975,0.16683162499999998,0.5502967500000001
0.0,0.125,0.8125,-0.05324906249999998,0.1706130625,0.5928431250000001
0.0,0.125,0.875,-0.056896749999999975,0.1743945,0.6353895
0.0,0.125,0.9375,-0.06054443749999998,0.1781759375,0.6779358750000001
0.0,0.125,1.0,-0.06419212499999997,0.18195737499999998,0.7204822500000001
0.0,0.1875,0.0,-0.008743687499999986,0.1821815625,0.059610374999999986
0.0,0.1875,0.0625,-0.012391374999999986,0.18596300000000002,0.10215674999999999
0.0,0.1875,0.125,-0.016039062499999986,0.1897444375,0.144703125
0.0,0.1875,0.1875,-0.019686749999999982,0.193525875,0.1872495
0.0,0.1875,0.25,-0.023334437499999982,0.1973073125,0.229795875
0.0,0.1875,0.3125,-0.026982124999999982,0.20108875,0.27234225
0.0,0.1875,0.375,-0.030629812499999978,0.2048701875,0.31488862500000003
0.0,0.1875,0.4375,-0.034277499999999975,0.208651625,0.357435
0.0,0.1875,0.5,-0.03792518749999998,0.2124330625,0.39998137500000003
0.0,0.1875,0.5625,-0.041572874999999974,0.2162145,0.44252775000000005
0.0,0.1875,0.625,-0.04522056249999998,0.2199959375,0.485074125
0.0,0.1875,0.6875,-0.048868249999999974,0.223777375,0.5276205
0.0,0.1875,0.75,-0.05251593749999997,0.22755881249999999,0.5701668750000001
0.0,0.1875,0.8125,-0.056163624999999974,0.23134025,0.6127132500000001
0.0,0.1875,0.875,-0.05981131249999997,0.2351216875,0.655259625
0.0,0.1875,0.9375,-0.06345899999999997,0.238903125,0.697806
0.0,0.1875,1.0,-0.06710668749999997,0.24268456249999998,0.7403523750000001
0.0,0.25,0.0,-0.011658249999999981,0.24290875,0.07948049999999998
0.0,0.25,0.0625,-0.015305937499999981,0.24669018750000002,0.12202687499999998
0.0,0.25,0.125,-0.01895362499999998,0.25047162500000003,0.16457325
0.0,0.25,0.1875,-0.022601312499999977,0.2542530625,0.207119625
0.0,0.25,0.25,-0.026248999999999977,0.2580345,0.249666
0.0,0.25,0.3125,-0.029896687499999977,0.2618159375,0.29221237499999997
0.0,0.25,0.375,-0.033544374999999974,0.265597375,0.33475875
0.0,0.25,0.4375,-0.03719206249999997,0.2693788125,0.377305125
0.0,0.25,0.5,-0.04083974999999997,0.27316025,0.41985150000000004
0.0,0.25,0.5625,-0.04448743749999997,0.2769416875,0.46239787500000007
0.0,0.25,0.625,-0.04813512499999997,0.280723125,0.50494425
0.0,0.25,0.6875,-0.05178281249999997,0.2845045625,0.547490625
0.0,0.25,0.75,-0.055430499999999966,0.288286,0.590037
0.0,0.25,0.8125,-0.05907818749999997,0.29206743749999997,0.6325833750000001
0.0,0.25,0.875,-0.06272587499999996,0.295848875,0.67512975
0.0,0.25,0.9375,-0.06637356249999997,0.2996303125,0.717676125
0.0,0.25,1.0,-0.07002124999999997,0.30341175,0.7602225
0.0,0.3125,0.0,-0.014572812499999976,0.3036359375,0.09935062499999997
0.0,0.3125,0.0625,-0.018220499999999976,0.307417375,0.14189699999999997
0.0,0.3125,0.125,-0.021868187499999976,0.31119881250000003,0.18444337499999996
0.0,0.3125,0.1875,-0.025515874999999973,0.31498025,0.22698975
0.0,0.3125,0.25,-0.029163562499999972,0.3187616875,0.269536125
0.0,0.3125,0.3125,-0.03281124999999997,0.322543125,0.3120825
0.0,0.3125,0.375,-0.03645893749999997,0.3263245625,0.354628875
0.0,0.3125,0.4375,-0.040106624999999965,0.330106,0.39717525
0.0,0.3125,0.5,-0.04375431249999997,0.3338874375,0.439721625
0.0,0.3125,0.5625,-0.047401999999999965,0.337668875,0.48226800000000003
0.0,0.3125,0.625,-0.05104968749999997,0.3414503125,0.524814375
0.0,0.3125,0.6875,-0.054697374999999965,0.34523175,0.56736075
0.0,0.3125,0.75,-0.05834506249999996,0.3490131875,0.6099071250000001
0.0,0.3125,0.8125,-0.061992749999999965,0.35279462500000003,0.6524535
0.0,0.3125,0.875,-0.06564043749999995,0.3565760625,0.6949998749999999
0.0,0.3125,0.9375,-0.06928812499999996,0.3603575,0.7375462500000001
0.0,0.3125,1.0,-0.07293581249999996,0.3641389375,0.780092625
0.0,0.375,0.0,-0.01748737499999997,0.364363125,0.11922074999999997
0.0,0.375,0.0625,-0.02113506249999997,0.3681445625,0.16176712499999998
0.0,0.375,0.125,-0.02478274999999997,0.37192600000000003,0.20431349999999998
0.0,0.375,0.1875,-0.028430437499999968,0.3757074375,0.246859875
0.0,0.375,0.25,-0.03207812499999997,0.379488875,0.28940625
0.0,0.375,0.3125,-0.03572581249999997,0.3832703125,0.331952625
0.0,0.375,0.375,-0.039373499999999964,0.38705175,0.374499
0.0,0.375,0.4375,-0.04302118749999996,0.3908331875,0.417045375
0.0,0.375,0.5,-0.046668874999999964,0.394614625,0.45959175
0.0,0.375,0.5625,-0.05031656249999996,0.3983960625,0.502138125
0.0,0.375,0.625,-0.053964249999999964,0.4021775,0.5446845
0.0,0.375,0.6875,-0.05761193749999996,0.4059589375,0.587230875
0.0,0.375,0.75,-0.061259624999999956,0.409740375,0.6297772500000001
0.0,0.375,0.8125,-0.06490731249999995,0.4135218125,0.6723236250000001
0.0,0.375,0.875,-0.06855499999999995,0.41730325,0.71487
0.0,0.375,0.9375,-0.07220268749999996,0.4210846875,0.757416375
0.0,0.375,1.0,-0.07585037499999996,0.424866125,0.7999627500000001
0.0,0.4375,0.0,-0.020401937499999967,0.4250903125,0.13909087499999997
0.0,0.4375,0.0625,-0.024049624999999967,0.42887175,0.18163724999999997
0.0,0.4375,0.125,-0.027697312499999967,0.43265318750000004,0.224183625
0.0,0.4375,0.1875,-0.03134499999999996,0.436434625,0.26673
0.0,0.4375,0.25,-0.034992687499999967,0.4402160625,0.309276375
0.0,0.4375,0.3125,-0.03864037499999996,0.4439975,0.35182274999999996
0.0,0.4375,0.375,-0.04228806249999996,0.44777893750000003,0.394369125
0.0,0.4375,0.4375,-0.045935749999999956,0.451560375,0.4369155
0.0,0.4375,0.5,-0.04958343749999996,0.4553418125,0.47946187500000004
0.0,0.4375,0.5625,-0.053231124999999956,0.45912325,0.5220082500000001
0.0,0.4375,0.625,-0.05687881249999996,0.4629046875,0.564554625
0.0,0.4375,0.6875,-0.060526499999999955,0.466686125,0.607101
0.0,0.4375,0.75,-0.06417418749999995,0.4704675625,0.649647375
0.0,0.4375,0.8125,-0.06782187499999995,0.47424900000000003,0.69219375
0.0,0.4375,0.875,-0.07146956249999994,0.4780304375,0.734740125
0.0,0.4375,0.9375,-0.07511724999999995,0.481811875,0.7772865
0.0,0.4375,1.0,-0.07876493749999995,0.4855933125,0.819832875
0.0,0.5,0.0,-0.023316499999999962,0.4858175,0.15896099999999996
0.0,0.5,0.0625,-0.026964187499999962,0.4895989375,0.20150737499999996
0.0,0.5,0.125,-0.030611874999999962,0.49338037500000004,0.24405374999999996
0.0,0.5,0.1875,-0.03425956249999996,0.4971618125,0.286600125
0.0,0.5,0.25,-0.03790724999999996,0.5009432500000001,0.3291465
0.0,0.5,0.3125,-0.04155493749999996,0.5047246875,0.371692875
0.0,0.5,0.375,-0.045202624999999955,0.508506125,0.41423925
0.0,0.5,0.4375,-0.04885031249999995,0.5122875625,0.456785625
0.0,0.5,0.5,-0.052497999999999954,0.516069,0.499332
0.0,0.5,0.5625,-0.05614568749999995,0.5198504375,0.541878375
0.0,0.5,0.625,-0.059793374999999954,0.523631875,0.5844247499999999
0.0,0.5,0.6875,-0.06344106249999995,0.5274133125,0.6269711250000001
0.0,0.5,0.75,-0.06708874999999995,0.53119475,0.6695175
0.0,0.5,0.8125,-0.07073643749999994,0.5349761875,0.7120638750000001
0.0,0.5,0.875,-0.07438412499999994,0.538757625,0.75461025
0.0,0.5,0.9375,-0.07803181249999995,0.5425390625,0.797156625
0.0,0.5,1.0,-0.08167949999999995,0.5463205,0.8397030000000001
0.0,0.5625,0.0,-0.026231062499999958,0.5465446875,0.17883112499999995
0.0,0.5625,0.0625,-0.029878749999999957,0.550326125,0.22137749999999995
0.0,0.5625,0.125,-0.03352643749999996,0.5541075624999999,0.263923875
0.0,0.5625,0.1875,-0.037174124999999954,0.557889,0.30647024999999994
0.0,0.5625,0.25,-0.04082181249999996,0.5616704375,0.34901662499999997
0.0,0.5625,0.3125,-0.044469499999999954,0.5654518749999999,0.391563
0.0,0.5625,0.375,-0.04811718749999995,0.5692333125,0.434109375
0.0,0.5625,0.4375,-0.051764874999999946,0.5730147499999999,0.47665574999999993
0.0,0.5625,0.5,-0.05541256249999995,0.5767961875,0.519202125
0.0,0.5625,0.5625,-0.059060249999999946,0.580577625,0.5617485
0.0,0.5625,0.625,-0.06270793749999995,0.5843590624999999,0.604294875
0.0,0.5625,0.6875,-0.06635562499999995,0.5881405,0.64684125
0.0,0.5625,0.75,-0.07000331249999994,0.5919219375,0.6893876250000001
0.0,0.5625,0.8125,-0.07365099999999994,0.5957033749999999,0.7319340000000001
0.0,0.5625,0.875,-0.07729868749999994,0.5994848125,0.774480375
0.0,0.5625,0.9375,-0.08094637499999995,0.6032662499999999,0.81702675
0.0,0.5625,1.0,-0.08459406249999994,0.6070476874999999,0.859573125
0.0,0.625,0.0,-0.029145624999999953,0.607271875,0.19870124999999994
0.0,0.625,0.0625,-0.03279331249999995,0.6110533125000001,0.24124762499999994
0.0,0.625,0.125,-0.03644099999999995,0.61483475,0.28379399999999994
0.0,0.625,0.1875,-0.04008868749999995,0.6186161875,0.32634037499999996
0.0,0.625,0.25,-0.04373637499999995,0.6223976250000001,0.36888674999999993
0.0,0.625,0.3125,-0.04738406249999995,0.6261790625,0.41143312499999996
0.0,0.625,0.375,-0.051031749999999945,0.6299605,0.4539795
0.0,0.625,0.4375,-0.05467943749999994,0.6337419375,0.49652587499999995
0.0,0.625,0.5,-0.058327124999999945,0.637523375,0.53907225
0.0,0.625,0.5625,-0.06197481249999994,0.6413048125,0.581618625
0.0,0.625,0.625,-0.06562249999999994,0.64508625,0.624165
0.0,0.625,0.6875,-0.06927018749999994,0.6488676875,0.666711375
0.0,0.625,0.75,-0.07291787499999994,0.652649125,0.70925775
0.0,0.625,0.8125,-0.07656556249999993,0.6564305625,0.751804125
0.0,0.625,0.875,-0.08021324999999993,0.660212,0.7943505
0.0,0.625,0.9375,-0.08386093749999994,0.6639934375000001,0.836896875
0.0,0.625,1.0,-0.08750862499999994,0.667774875,0.87944325
0.0,0.6875,0.0,-0.03206018749999995,0.6679990625000001,0.21857137499999996
0.0,0.6875,0.0625,-0.035707874999999945,0.6717805000000001,0.26111775
0.0,0.6875,0.125,-0.03935556249999995,0.6755619375,0.30366412499999995
0.0,0.6875,0.1875,-0.043003249999999944,0.6793433750000001,0.3462105
0.0,0.6875,0.25,-0.04665093749999995,0.6831248125000001,0.388756875
0.0,0.6875,0.3125,-0.050298624999999944,0.68690625,0.43130324999999997
0.0,0.6875,0.375,-0.05394631249999994,0.6906876875000001,0.473849625
0.0,0.6875,0.4375,-0.05759399999999994,0.694469125,0.516396
0.0,0.6875,0.5,-0.06124168749999994,0.6982505625000001,0.558942375
0.0,0.6875,0.5625,-0.06488937499999994,0.7020320000000001,0.60148875
0.0,0.6875,0.625,-0.06853706249999994,0.7058134375,0.644035125
0.0,0.6875,0.6875,-0.07218474999999994,0.7095948750000001,0.6865815
0.0,0.6875,0.75,-0.07583243749999993,0.7133763125000001,0.7291278750000001
0.0,0.6875,0.8125,-0.07948012499999993,0.71715775,0.77167425
0.0,0.6875,0.875,-0.08312781249999993,0.7209391875000001,0.8142206249999999
0.0,0.6875,0.9375,-0.08677549999999994,0.724720625,0.8567670000000001
0.0,0.6875,1.0,-0.09042318749999993,0.7285020625,0.899313375
0.0,0.75,0.0,-0.03497474999999994,0.72872625,0.23844149999999995
0.0,0.75,0.0625,-0.03862243749999994,0.7325076875000001,0.28098787499999994
0.0,0.75,0.125,-0.04227012499999994,0.736289125,0.32353424999999997
0.0,0.75,0.1875,-0.04591781249999994,0.7400705625,0.36608062499999994
0.0,0.75,0.25,-0.04956549999999994,0.7438520000000001,0.40862699999999996
0.0,0.75,0.3125,-0.05321318749999994,0.7476334375,0.451173375
0.0,0.75,0.375,-0.056860874999999936,0.751414875,0.49371975
0.0,0.75,0.4375,-0.06050856249999993,0.7551963125,0.5362661249999999
0.0,0.75,0.5,-0.06415624999999994,0.75897775,0.5788125
0.0,0.75,0.5625,-0.06780393749999994,0.7627591875,0.621358875
0.0,0.75,0.625,-0.07145162499999994,0.766540625,0.66390525
0.0,0.75,0.6875,-0.07509931249999993,0.7703220625,0.706451625
0.0,0.75,0.75,-0.07874699999999993,0.7741035,0.748998
0.0,0.75,0.8125,-0.08239468749999992,0.7778849375,0.7915443750000001
0.0,0.75,0.875,-0.08604237499999992,0.781666375,0.83409075
0.0,0.75,0.9375,-0.08969006249999993,0.7854478125,0.876637125
0.0,0.75,1.0,-0.09333774999999993,0.78922925,0.9191835
0.0,0.8125,0.0,-0.03788931249999994,0.7894534375,0.25831162499999993
0.0,0.8125,0.0625,-0.041536999999999935,0.793234875,0.30085799999999996
0.0,0.8125,0.125,-0.04518468749999994,0.7970163124999999,0.34340437499999993
0.0,0.8125,0.1875,-0.048832374999999935,0.80079775,0.38595074999999995
0.0,0.8125,0.25,-0.05248006249999994,0.8045791875,0.4284971249999999
0.0,0.8125,0.3125,-0.056127749999999935,0.8083606249999999,0.47104349999999995
0.0,0.8125,0.375,-0.05977543749999993,0.8121420625,0.513589875
0.0,0.8125,0.4375,-0.06342312499999993,0.8159234999999999,0.55613625
0.0,0.8125,0.5,-0.06707081249999994,0.8197049375,0.5986826249999999
0.0,0.8125,0.5625,-0.07071849999999993,0.823486375,0.641229
0.0,0.8125,0.625,-0.07436618749999993,0.8272678124999999,0.683775375
0.0,0.8125,0.6875,-0.07801387499999993,0.83104925,0.72632175
0.0,0.8125,0.75,-0.08166156249999992,0.8348306875,0.768868125
0.0,0.8125,0.8125,-0.08530924999999992,0.8386121249999999,0.8114145
0.0,0.8125,0.875,-0.08895693749999992,0.8423935625,0.853960875
0.0,0.8125,0.9375,-0.09260462499999993,0.8461749999999999,0.89650725
0.0,0.8125,1.0,-0.09625231249999992,0.8499564374999999,0.939053625
0.0,0.875,0.0,-0.040803874999999934,0.850180625,0.27818174999999995
0.0,0.875,0.0625,-0.04445156249999993,0.8539620625000001,0.320728125
0.0,0.875,0.125,-0.048099249999999934,0.8577435,0.36327449999999994
0.0,0.875,0.1875,-0.05174693749999993,0.8615249375,0.40582087499999997
0.0,0.875,0.25,-0.055394624999999934,0.8653063750000001,0.44836725
0.0,0.875,0.3125,-0.05904231249999993,0.8690878125,0.49091362499999996
0.0,0.875,0.375,-0.06268999999999993,0.87286925,0.53346
0.0,0.875,0.4375,-0.06633768749999992,0.8766506875,0.576006375
0.0,0.875,0.5,-0.06998537499999993,0.880432125,0.61855275
0.0,0.875,0.5625,-0.07363306249999993,0.8842135625,0.661099125
0.0,0.875,0.625,-0.07728074999999993,0.887995,0.7036454999999999
0.0,0.875,0.6875,-0.08092843749999992,0.8917764375,0.7461918750000001
0.0,0.875,0.75,-0.08457612499999992,0.8955578750000001,0.78873825
0.0,0.875,0.8125,-0.08822381249999992,0.8993393125,0.8312846250000001
0.0,0.875,0.875,-0.09187149999999991,0.90312075,0.873831
0.0,0.875,0.9375,-0.09551918749999992,0.9069021875000001,0.9163773749999999
0.0,0.875,1.0,-0.09916687499999992,0.910683625,0.9589237500000001
0.0,0.9375,0.0,-0.04371843749999993,0.9109078125000001,0.2980518749999999
0.0,0.9375,0.0625,-0.047366124999999926,0.9146892500000001,0.34059824999999994
0.0,0.9375,0.125,-0.05101381249999993,0.9184706875,0.3831446249999999
0.0,0.9375,0.1875,-0.054661499999999925,0.9222521250000001,0.42569099999999993
0.0,0.9375,0.25,-0.05830918749999993,0.9260335625000001,0.46823737499999996
0.0,0.9375,0.3125,-0.061956874999999925,0.9298150000000001,0.5107837499999999
0.0,0.9375,0.375,-0.06560456249999992,0.9335964375000001,0.553330125
0.0,0.9375,0.4375,-0.06925224999999992,0.937377875,0.5958764999999999
0.0,0.9375,0.5,-0.07289993749999993,0.9411593125000001,0.638422875
0.0,0.9375,0.5625,-0.07654762499999992,0.9449407500000001,0.68096925
0.0,0.9375,0.625,-0.08019531249999992,0.9487221875,0.7235156249999999
0.0,0.9375,0.6875,-0.08384299999999992,0.9525036250000001,0.766062
0.0,0.9375,0.75,-0.08749068749999991,0.9562850625000001,0.8086083749999999
0.0,0.9375,0.8125,-0.09113837499999991,0.9600665,0.8511547500000001
0.0,0.9375,0.875,-0.0947860624999999,0.9638479375000001,0.893701125
0.0,0.9375,0.9375,-0.09843374999999992,0.967629375,0.9362474999999999
0.0,0.9375,1.0,-0.10208143749999991,0.9714108125,0.978793875
0.0,1.0,0.0,-0.046632999999999925,0.971635,0.3179219999999999
0.0,1.0,0.0625,-0.05028068749999992,0.9754164375000001,0.36046837499999995
0.0,1.0,0.125,-0.053928374999999924,0.979197875,0.4030147499999999
0.0,1.0,0.1875,-0.05757606249999992,0.9829793125,0.44556112499999995
0.0,1.0,0.25,-0.061223749999999924,0.9867607500000001,0.4881074999999999
0.0,1.0,0.3125,-0.06487143749999992,0.9905421875,0.5306538749999999
0.0,1.0,0.375,-0.06851912499999992,0.994323625,0.57320025
0.0,1.0,0.4375,-0.07216681249999991,0.9981050625,0.6157466249999999
0.0,1.0,0.5,-0.07581449999999992,1.0018865000000001,0.658293
0.0,1.0,0.5625,-0.07946218749999992,1.0056679375,0.7008393749999999
0.0,1.0,0.625,-0.08310987499999992,1.009449375,0.74338575
0.0,1.0,0.6875,-0.08675756249999991,1.0132308125,0.785932125
0.0,1.0,0.75,-0.09040524999999991,1.01701225,0.8284785
0.0,1.0,0.8125,-0.0940529374999999,1.0207936875,0.871024875
0.0,1.0,0.875,-0.0977006249999999,1.024575125,0.91357125
0.0,1.0,0.9375,-0.10134831249999991,1.0283565625,0.956117625
0.0,1.0,1.0,-0.10499599999999991,1.032138,0.998664
0.0625,0.0,0.0,0.06906225,-0.002008562499999998,8.35000000000003e-05
0.0625,0.0,0.0625,0.06541456250000001,0.001772875000000001,0.042629875000000005
0.0625,0.0,0.125,0.061766875000000006,0.0055543125,0.08517625000000001
0.0625,0.0,0.1875,0.05811918750000001,0.00933575,0.12772262500000003
0.0625,0.0,0.25,0.054471500000000006,0.013117187499999999,0.17026900000000003
0.0625,0.0,0.3125,0.05082381250000001,0.016898624999999997,0.21281537500000003
0.0625,0.0,0.375,0.04717612500000001,0.0206800625,0.25536175000000005
0.0625,0.0,0.4375,0.04352843750000002,0.024461499999999997,0.297908125
0.0625,0.0,0.5,0.03988075000000001,0.028242937499999995,0.34045450000000005
0.0625,0.0,0.5625,0.03623306250000002,0.032024374999999994,0.3830008750000001
0.0625,0.0,0.625,0.032585375000000014,0.03580581249999999,0.42554725000000004
0.0625,0.0,0.6875,0.028937687500000017,0.03958724999999999,0.46809362500000007
0.0625,0.0,0.75,0.02529000000000002,0.043368687499999996,0.5106400000000001
0.0625,0.0,0.8125,0.021642312500000017,0.047150124999999994,0.5531863750000001
0.0625,0.0,0.875,0.01799462500000002,0.05093156249999999,0.59573275
0.0625,0.0,0.9375,0.014346937500000018,0.05471299999999999,0.6382791250000001
0.0625,0.0,1.0,0.010699250000000021,0.05849443749999999,0.6808255000000001
0.0625,0.0625,0.0,0.06614768750000001,0.058718625,0.019953624999999996
0.0625,0.0625,0.0625,0.06250000000000001,0.06250006250000001,0.0625
0.0625,0.0625,0.125,0.05885231250000001,0.06628150000000001,0.105046375
0.0625,0.0625,0.1875,0.055204625000000014,0.0700629375,0.14759275000000002
0.0625,0.0625,0.25,0.05155693750000001,0.073844375,0.19013912500000002
0.0625,0.0625,0.3125,0.047909250000000014,0.0776258125,0.23268550000000002
0.0625,0.0625,0.375,0.04426156250000002,0.08140725,0.275231875
0.0625,0.0625,0.4375,0.04061387500000002,0.0851886875,0.31777825
0.0625,0.0625,0.5,0.03696618750000002,0.088970125,0.360324625
0.0625,0.0625,0.5625,0.03331850000000002,0.0927515625,0.40287100000000003
0.0625,0.0625,0.625,0.02967081250000002,0.096533,0.445417375
0.0625,0.0625,0.6875,0.026023125000000022,0.10031443749999999,0.48796375000000003
0.0625,0.0625,0.75,0.022375437500000026,0.104095875,0.530510125
0.0625,0.0625,0.8125,0.018727750000000022,0.10787731249999999,0.5730565000000001
0.0625,0.0625,0.875,0.015080062500000026,0.11165875,0.615602875
0.0625,0.0625,0.9375,0.011432375000000022,0.11544018749999999,0.65814925
0.0625,0.0625,1.0,0.007784687500000026,0.119221625,0.700695625
0.0625,0.125,0.0,0.06323312500000002,0.1194458125,0.03982374999999999
0.0625,0.125,0.0625,0.05958543750000002,0.12322725,0.08237012499999999
0.0625,0.125,0.125,0.055937750000000015,0.1270086875,0.1249165
0.0625,0.125,0.1875,0.05229006250000002,0.130790125,0.167462875
0.0625,0.125,0.25,0.048642375000000015,0.1345715625,0.21000925
0.0625,0.125,0.3125,0.04499468750000002,0.138353,0.252555625
0.0625,0.125,0.375,0.04134700000000002,0.1421344375,0.29510200000000003
0.0625,0.125,0.4375,0.037699312500000026,0.145915875,0.337648375
0.0625,0.125,0.5,0.03405162500000002,0.14969731249999998,0.38019475
0.0625,0.125,0.5625,0.030403937500000026,0.15347875,0.42274112500000005
0.0625,0.125,0.625,0.026756250000000023,0.15726018749999998,0.4652875
0.0625,0.125,0.6875,0.023108562500000027,0.161041625,0.507833875
0.0625,0.125,0.75,0.01946087500000003,0.1648230625,0.5503802500000001
0.0625,0.125,0.8125,0.015813187500000027,0.1686045,0.592926625
0.0625,0.125,0.875,0.01216550000000003,0.17238593749999997,0.635473
0.0625,0.125,0.9375,0.008517812500000027,0.176167375,0.6780193750000001
0.0625,0.125,1.0,0.004870125000000031,0.1799488125,0.72056575
0.0625,0.1875,0.0,0.06031856250000002,0.180173,0.059693874999999987
0.0625,0.1875,0.0625,0.05667087500000002,0.1839544375,0.10224024999999999
0.0625,0.1875,0.125,0.05302318750000002,0.187735875,0.144786625
0.0625,0.1875,0.1875,0.049375500000000024,0.1915173125,0.187333
0.0625,0.1875,0.25,0.04572781250000002,0.19529875,0.229879375
0.0625,0.1875,0.3125,0.042080125000000024,0.1990801875,0.27242575
0.0625,0.1875,0.375,0.03843243750000003,0.202861625,0.31497212500000005
0.0625,0.1875,0.4375,0.03478475000000003,0.2066430625,0.3575185
0.0625,0.1875,0.5,0.031137062500000028,0.2104245,0.40006487500000004
0.0625,0.1875,0.5625,0.02748937500000003,0.2142059375,0.44261125000000007
0.0625,0.1875,0.625,0.023841687500000028,0.21798737499999998,0.48515762500000004
0.0625,0.1875,0.6875,0.02019400000000003,0.2217688125,0.5277040000000001
0.0625,0.1875,0.75,0.016546312500000035,0.22555025,0.5702503750000001
0.0625,0.1875,0.8125,0.012898625000000032,0.2293316875,0.6127967500000001
0.0625,0.1875,0.875,0.009250937500000035,0.23311312499999998,0.655343125
0.0625,0.1875,0.9375,0.005603250000000032,0.2368945625,0.6978895
0.0625,0.1875,1.0,0.0019555625000000354,0.240676,0.7404358750000001
0.0625,0.25,0.0,0.057404000000000024,0.2409001875,0.07956399999999998
0.0625,0.25,0.0625,0.05375631250000003,0.244681625,0.122110375
0.0625,0.25,0.125,0.050108625000000025,0.2484630625,0.16465675
0.0625,0.25,0.1875,0.04646093750000003,0.2522445,0.207203125
0.0625,0.25,0.25,0.042813250000000025,0.2560259375,0.2497495
0.0625,0.25,0.3125,0.03916556250000003,0.259807375,0.292295875
0.0625,0.25,0.375,0.03551787500000003,0.2635888125,0.33484225
0.0625,0.25,0.4375,0.031870187500000036,0.26737025,0.377388625
0.0625,0.25,0.5,0.028222500000000032,0.2711516875,0.419935
0.0625,0.25,0.5625,0.024574812500000036,0.274933125,0.46248137500000003
0.0625,0.25,0.625,0.020927125000000033,0.2787145625,0.50502775
0.0625,0.25,0.6875,0.017279437500000036,0.28249599999999997,0.547574125
0.0625,0.25,0.75,0.01363175000000004,0.2862774375,0.5901205
0.0625,0.25,0.8125,0.009984062500000036,0.290058875,0.6326668750000001
0.0625,0.25,0.875,0.00633637500000004,0.2938403125,0.67521325
0.0625,0.25,0.9375,0.0026886875000000365,0.29762175,0.717759625
0.0625,0.25,1.0,-0.0009589999999999599,0.3014031875,0.760306
0.0625,0.3125,0.0,0.05448943750000003,0.30162737500000003,0.09943412499999997
0.0625,0.3125,0.0625,0.05084175000000003,0.3054088125,0.14198049999999998
0.0625,0.3125,0.125,0.04719406250000003,0.30919025000000006,0.18452687499999998
0.0625,0.3125,0.1875,0.04354637500000003,0.31297168750000004,0.22707325
0.0625,0.3125,0.25,0.03989868750000003,0.316753125,0.269619625
0.0625,0.3125,0.3125,0.03625100000000003,0.3205345625,0.312166
0.0625,0.3125,0.375,0.03260331250000004,0.32431600000000005,0.354712375
0.0625,0.3125,0.4375,0.028955625000000037,0.32809743750000003,0.39725875
0.0625,0.3125,0.5,0.025307937500000037,0.331878875,0.439805125
0.0625,0.3125,0.5625,0.02166025000000004,0.3356603125,0.48235150000000004
0.0625,0.3125,0.625,0.018012562500000037,0.33944175000000004,0.524897875
0.0625,0.3125,0.6875,0.01436487500000004,0.3432231875,0.56744425
0.0625,0.3125,0.75,0.010717187500000044,0.347004625,0.609990625
0.0625,0.3125,0.8125,0.007069500000000041,0.3507860625,0.652537
0.0625,0.3125,0.875,0.0034218125000000446,0.35456750000000004,0.695083375
0.0625,0.3125,0.9375,-0.00022587499999995875,0.3583489375,0.73762975
0.0625,0.3125,1.0,-0.003873562499999955,0.362130375,0.780176125
0.0625,0.375,0.0,0.051574875000000034,0.36235456250000003,0.11930424999999997
0.0625,0.375,0.0625,0.04792718750000004,0.366136,0.16185062499999997
0.0625,0.375,0.125,0.044279500000000034,0.36991743750000006,0.204397
0.0625,0.375,0.1875,0.04063181250000004,0.37369887500000004,0.246943375
0.0625,0.375,0.25,0.036984125000000034,0.3774803125,0.28948975
0.0625,0.375,0.3125,0.03333643750000004,0.38126175,0.332036125
0.0625,0.375,0.375,0.02968875000000004,0.38504318750000005,0.37458250000000004
0.0625,0.375,0.4375,0.02604106250000004,0.38882462500000003,0.41712887499999995
0.0625,0.375,0.5,0.02239337500000004,0.3926060625,0.45967525
0.0625,0.375,0.5625,0.018745687500000045,0.3963875,0.502221625
0.0625,0.375,0.625,0.015098000000000042,0.40016893750000004,0.544768
0.0625,0.375,0.6875,0.011450312500000046,0.40395037500000003,0.587314375
0.0625,0.375,0.75,0.007802625000000049,0.4077318125,0.6298607500000001
0.0625,0.375,0.8125,0.004154937500000046,0.41151325000000005,0.6724071250000001
0.0625,0.375,0.875,0.0005072500000000493,0.41529468750000004,0.7149535
0.0625,0.375,0.9375,-0.003140437499999954,0.419076125,0.757499875
0.0625,0.375,1.0,-0.0067881249999999504,0.4228575625,0.8000462500000001
0.0625,0.4375,0.0,0.04866031250000004,0.42308175000000003,0.139174375
0.0625,0.4375,0.0625,0.04501262500000004,0.4268631875,0.18172075
0.0625,0.4375,0.125,0.04136493750000004,0.43064462500000006,0.224267125
0.0625,0.4375,0.1875,0.03771725000000004,0.43442606250000004,0.26681350000000004
0.0625,0.4375,0.25,0.03406956250000004,0.4382075,0.309359875
0.0625,0.4375,0.3125,0.030421875000000043,0.4419889375,0.35190625
0.0625,0.4375,0.375,0.026774187500000046,0.44577037500000005,0.394452625
0.0625,0.4375,0.4375,0.023126500000000046,0.44955181250000004,0.436999
0.0625,0.4375,0.5,0.019478812500000046,0.45333325,0.47954537500000005
0.0625,0.4375,0.5625,0.01583112500000005,0.4571146875,0.5220917500000001
0.0625,0.4375,0.625,0.012183437500000047,0.46089612500000005,0.564638125
0.0625,0.4375,0.6875,0.00853575000000005,0.46467756250000003,0.6071845
0.0625,0.4375,0.75,0.004888062500000054,0.468459,0.649730875
0.0625,0.4375,0.8125,0.0012403750000000505,0.4722404375,0.6922772500000001
0.0625,0.4375,0.875,-0.002407312499999946,0.47602187500000004,0.734823625
0.0625,0.4375,0.9375,-0.006054999999999949,0.4798033125,0.77737
0.0625,0.4375,1.0,-0.009702687499999946,0.48358475,0.819916375
0.0625,0.5,0.0,0.04574575000000004,0.48380893750000004,0.15904449999999998
0.0625,0.5,0.0625,0.04209806250000005,0.487590375,0.20159087499999997
0.0625,0.5,0.125,0.038450375000000044,0.49137181250000006,0.24413724999999997
0.0625,0.5,0.1875,0.03480268750000005,0.49515325000000004,0.286683625
0.0625,0.5,0.25,0.031155000000000047,0.49893468750000003,0.32923
0.0625,0.5,0.3125,0.027507312500000047,0.5027161250000001,0.371776375
0.0625,0.5,0.375,0.02385962500000005,0.5064975625,0.41432275
0.0625,0.5,0.4375,0.02021193750000005,0.510279,0.456869125
0.0625,0.5,0.5,0.01656425000000005,0.5140604375000001,0.4994155
0.0625,0.5,0.5625,0.012916562500000055,0.517841875,0.541961875
0.0625,0.5,0.625,0.009268875000000051,0.5216233125,0.5845082500000001
0.0625,0.5,0.6875,0.005621187500000055,0.52540475,0.627054625
0.0625,0.5,0.75,0.0019735000000000585,0.5291861875,0.6696010000000001
0.0625,0.5,0.8125,-0.0016741874999999448,0.5329676250000001,0.712147375
0.0625,0.5,0.875,-0.005321874999999941,0.5367490625,0.7546937499999999
0.0625,0.5,0.9375,-0.008969562499999945,0.5405305,0.7972401250000001
0.0625,0.5,1.0,-0.012617249999999941,0.5443119375000001,0.8397865
0.0625,0.5625,0.0,0.04283118750000005,0.5445361249999999,0.17891462499999997
0.0625,0.5625,0.0625,0.03918350000000005,0.5483175625,0.22146099999999996
0.0625,0.5625,0.125,0.03553581250000005,0.5520989999999999,0.264007375
0.0625,0.5625,0.1875,0.03188812500000005,0.5558804374999999,0.30655374999999996
0.0625,0.5625,0.25,0.028240437500000052,0.559661875,0.349100125
0.0625,0.5625,0.3125,0.024592750000000052,0.5634433124999999,0.3916465
0.0625,0.5625,0.375,0.020945062500000056,0.5672247499999999,0.43419287500000003
0.0625,0.5625,0.4375,0.017297375000000056,0.5710061874999999,0.47673924999999995
0.0625,0.5625,0.5,0.013649687500000056,0.5747876249999999,0.519285625
0.0625,0.5625,0.5625,0.01000200000000006,0.5785690625,0.561832
0.0625,0.5625,0.625,0.006354312500000056,0.5823504999999999,0.604378375
0.0625,0.5625,0.6875,0.0027066250000000597,0.5861319374999999,0.64692475
0.0625,0.5625,0.75,-0.0009410624999999367,0.589913375,0.6894711250000001
0.0625,0.5625,0.8125,-0.00458874999999994,0.5936948124999999,0.7320175000000001
0.0625,0.5625,0.875,-0.008236437499999937,0.5974762499999999,0.774563875
0.0625,0.5625,0.9375,-0.01188412499999994,0.6012576875,0.81711025
0.0625,0.5625,1.0,-0.015531812499999936,0.6050391249999999,0.8596566250000001
0.0625,0.625,0.0,0.03991662500000005,0.6052633125,0.19878474999999995
0.0625,0.625,0.0625,0.036268937500000056,0.60904475,0.24133112499999995
0.0625,0.625,0.125,0.03262125000000005,0.6128261875,0.28387749999999995
0.0625,0.625,0.1875,0.028973562500000057,0.616607625,0.326423875
0.0625,0.625,0.25,0.025325875000000057,0.6203890625,0.36897024999999994
0.0625,0.625,0.3125,0.021678187500000057,0.6241705,0.41151662499999997
0.0625,0.625,0.375,0.01803050000000006,0.6279519375,0.454063
0.0625,0.625,0.4375,0.01438281250000006,0.6317333749999999,0.49660937499999996
0.0625,0.625,0.5,0.01073512500000006,0.6355148125,0.5391557499999999
0.0625,0.625,0.5625,0.007087437500000064,0.63929625,0.5817021250000001
0.0625,0.625,0.625,0.003439750000000061,0.6430776874999999,0.6242485
0.0625,0.625,0.6875,-0.0002079374999999356,0.646859125,0.666794875
0.0625,0.625,0.75,-0.003855624999999932,0.6506405625,0.70934125
0.0625,0.625,0.8125,-0.007503312499999935,0.654422,0.7518876250000001
0.0625,0.625,0.875,-0.011150999999999932,0.6582034375,0.794434
0.0625,0.625,0.9375,-0.014798687499999935,0.6619848749999999,0.836980375
0.0625,0.625,1.0,-0.01844637499999993,0.6657663125,0.87952675
0.0625,0.6875,0.0,0.03700206250000006,0.6659905,0.21865487499999997
0.0625,0.6875,0.0625,0.03335437500000006,0.6697719375000001,0.26120125
0.0625,0.6875,0.125,0.029706687500000058,0.673553375,0.30374762499999997
0.0625,0.6875,0.1875,0.02605900000000006,0.6773348125,0.346294
0.0625,0.6875,0.25,0.02241131250000006,0.6811162500000001,0.388840375
0.0625,0.6875,0.3125,0.01876362500000006,0.6848976875,0.43138675
0.0625,0.6875,0.375,0.015115937500000065,0.6886791250000001,0.473933125
0.0625,0.6875,0.4375,0.011468250000000065,0.6924605625,0.5164795
0.0625,0.6875,0.5,0.007820562500000065,0.696242,0.559025875
0.0625,0.6875,0.5625,0.004172875000000069,0.7000234375000001,0.60157225
0.0625,0.6875,0.625,0.0005251875000000655,0.703804875,0.644118625
0.0625,0.6875,0.6875,-0.003122499999999931,0.7075863125,0.6866650000000001
0.0625,0.6875,0.75,-0.006770187499999927,0.7113677500000001,0.729211375
0.0625,0.6875,0.8125,-0.01041787499999993,0.7151491875,0.7717577500000001
0.0625,0.6875,0.875,-0.014065562499999927,0.718930625,0.814304125
0.0625,0.6875,0.9375,-0.01771324999999993,0.7227120625000001,0.8568505
0.0625,0.6875,1.0,-0.021360937499999927,0.7264935,0.8993968750000001
0.0625,0.75,0.0,0.03408750000000006,0.7267176875,0.23852499999999996
0.0625,0.75,0.0625,0.030439812500000062,0.730499125,0.28107137499999996
0.0625,0.75,0.125,0.026792125000000062,0.7342805625,0.32361775
0.0625,0.75,0.1875,0.023144437500000066,0.738062,0.36616412499999995
0.0625,0.75,0.25,0.019496750000000066,0.7418434375,0.4087105
0.0625,0.75,0.3125,0.015849062500000066,0.745624875,0.451256875
0.0625,0.75,0.375,0.01220137500000007,0.7494063125,0.49380325
0.0625,0.75,0.4375,0.00855368750000007,0.7531877499999999,0.5363496249999999
0.0625,0.75,0.5,0.00490600000000007,0.7569691875,0.578896
0.0625,0.75,0.5625,0.0012583125000000736,0.760750625,0.621442375
0.0625,0.75,0.625,-0.0023893749999999297,0.7645320624999999,0.66398875
0.0625,0.75,0.6875,-0.006037062499999926,0.7683135,0.706535125
0.0625,0.75,0.75,-0.009684749999999923,0.7720949375,0.7490815000000001
0.0625,0.75,0.8125,-0.013332437499999926,0.775876375,0.7916278750000001
0.0625,0.75,0.875,-0.016980124999999922,0.7796578125,0.83417425
0.0625,0.75,0.9375,-0.020627812499999926,0.78343925,0.876720625
0.0625,0.75,1.0,-0.024275499999999922,0.7872206875,0.9192670000000001
0.0625,0.8125,0.0,0.031172937500000067,0.7874448749999999,0.25839512499999995
0.0625,0.8125,0.0625,0.027525250000000067,0.7912263125,0.3009415
0.0625,0.8125,0.125,0.023877562500000067,0.7950077499999999,0.34348787499999994
0.0625,0.8125,0.1875,0.02022987500000007,0.7987891874999999,0.38603424999999997
0.0625,0.8125,0.25,0.01658218750000007,0.802570625,0.42858062499999994
0.0625,0.8125,0.3125,0.012934500000000071,0.8063520624999999,0.47112699999999996
0.0625,0.8125,0.375,0.009286812500000075,0.8101335,0.513673375
0.0625,0.8125,0.4375,0.005639125000000075,0.8139149374999999,0.5562197499999999
0.0625,0.8125,0.5,0.0019914375000000747,0.8176963749999999,0.598766125
0.0625,0.8125,0.5625,-0.0016562499999999217,0.8214778125,0.6413125
0.0625,0.8125,0.625,-0.005303937499999925,0.8252592499999999,0.683858875
0.0625,0.8125,0.6875,-0.008951624999999921,0.8290406874999999,0.72640525
0.0625,0.8125,0.75,-0.012599312499999918,0.832822125,0.768951625
0.0625,0.8125,0.8125,-0.01624699999999992,0.8366035624999999,0.811498
0.0625,0.8125,0.875,-0.019894687499999918,0.8403849999999999,0.854044375
0.0625,0.8125,0.9375,-0.02354237499999992,0.8441664375,0.89659075
0.0625,0.8125,1.0,-0.027190062499999917,0.8479478749999999,0.939137125
0.0625,0.875,0.0,0.02825837500000007,0.8481720625,0.27826524999999996
0.0625,0.875,0.0625,0.024610687500000072,0.8519535,0.320811625
0.0625,0.875,0.125,0.020963000000000072,0.8557349375,0.36335799999999996
0.0625,0.875,0.1875,0.017315312500000075,0.859516375,0.405904375
0.0625,0.875,0.25,0.013667625000000076,0.8632978125,0.44845075
0.0625,0.875,0.3125,0.010019937500000076,0.86707925,0.490997125
0.0625,0.875,0.375,0.006372250000000079,0.8708606875,0.5335435
0.0625,0.875,0.4375,0.0027245625000000794,0.8746421249999999,0.576089875
0.0625,0.875,0.5,-0.0009231249999999205,0.8784235625,0.61863625
0.0625,0.875,0.5625,-0.004570812499999917,0.882205,0.661182625
0.0625,0.875,0.625,-0.00821849999999992,0.8859864375,0.703729
0.0625,0.875,0.6875,-0.011866187499999917,0.889767875,0.746275375
0.0625,0.875,0.75,-0.015513874999999913,0.8935493125,0.7888217500000001
0.0625,0.875,0.8125,-0.019161562499999917,0.89733075,0.831368125
0.0625,0.875,0.875,-0.022809249999999913,0.9011121875,0.8739144999999999
0.0625,0.875,0.9375,-0.026456937499999916,0.9048936249999999,0.9164608750000001
0.0625,0.875,1.0,-0.030104624999999913,0.9086750625,0.95900725
0.0625,0.9375,0.0,0.025343812500000076,0.90889925,0.2981353749999999
0.0625,0.9375,0.0625,0.021696125000000076,0.9126806875000001,0.34068174999999995
0.0625,0.9375,0.125,0.018048437500000077,0.916462125,0.3832281249999999
0.0625,0.9375,0.1875,0.01440075000000008,0.9202435625000001,0.42577449999999994
0.0625,0.9375,0.25,0.01075306250000008,0.9240250000000001,0.46832087499999997
0.0625,0.9375,0.3125,0.00710537500000008,0.9278064375,0.51086725
0.0625,0.9375,0.375,0.003457687500000084,0.9315878750000001,0.5534136249999999
0.0625,0.9375,0.4375,-0.00018999999999991593,0.9353693125,0.5959599999999999
0.0625,0.9375,0.5,-0.003837687499999916,0.93915075,0.638506375
0.0625,0.9375,0.5625,-0.007485374999999912,0.9429321875000001,0.68105275
0.0625,0.9375,0.625,-0.011133062499999916,0.946713625,0.723599125
0.0625,0.9375,0.6875,-0.014780749999999912,0.9504950625,0.7661454999999999
0.0625,0.9375,0.75,-0.01842843749999991,0.9542765000000001,0.8086918750000001
0.0625,0.9375,0.8125,-0.022076124999999912,0.9580579375,0.85123825
0.0625,0.9375,0.875,-0.025723812499999908,0.961839375,0.8937846249999999
0.0625,0.9375,0.9375,-0.02937149999999991,0.9656208125000001,0.936331
0.0625,0.9375,1.0,-0.03301918749999991,0.96940225,0.9788773749999999
0.0625,1.0,0.0,0.02242925000000008,0.9696264375,0.31800549999999994
0.0625,1.0,0.0625,0.01878156250000008,0.973407875,0.36055187499999997
0.0625,1.0,0.125,0.015133875000000083,0.9771893125,0.40309824999999994
0.0625,1.0,0.1875,0.011486187500000085,0.98097075,0.44564462499999996
0.0625,1.0,0.25,0.007838500000000085,0.9847521875,0.48819099999999993
0.0625,1.0,0.3125,0.004190812500000085,0.988533625,0.530737375
0.0625,1.0,0.375,0.0005431250000000887,0.9923150625,0.57328375
0.0625,1.0,0.4375,-0.003104562499999911,0.9960964999999999,0.615830125
0.0625,1.0,0.5,-0.006752249999999911,0.9998779375,0.6583764999999999
0.0625,1.0,0.5625,-0.010399937499999908,1.003659375,0.7009228750000001
0.0625,1.0,0.625,-0.014047624999999911,1.0074408125,0.74346925
0.0625,1.0,0.6875,-0.017695312499999907,1.0112222499999999,0.786015625
0.0625,1.0,0.75,-0.021342999999999904,1.0150036875,0.828562
0.0625,1.0,0.8125,-0.024990687499999907,1.018785125,0.871108375
0.0625,1.0,0.875,-0.028638374999999903,1.0225665625,0.91365475
0.0625,1.0,0.9375,-0.03228606249999991,1.026348,0.956201125
0.0625,1.0,1.0,-0.0359337499999999,1.0301294375,0.9987475
0.125,0.0,0.0,0.1381245,-0.004017124999999996,0.0001670000000000006
0.125,0.0,0.0625,0.13447681250000001,-0.00023568749999999718,0.042713375000000005
0.125,0.0,0.125,0.13082912500000002,0.003545750000000002,0.08525975000000001
0.125,0.0,0.1875,0.12718143750000002,0.007327187500000002,0.12780612500000002
0.125,0.0,0.25,0.12353375000000001,0.011108625,0.17035250000000002
0.125,0.0,0.3125,0.11988606250000002,0.014890062499999999,0.21289887500000002
0.125,0.0,0.375,0.11623837500000002,0.0186715,0.25544525000000007
0.125,0.0,0.4375,0.11259068750000002,0.0224529375,0.29799162500000004
0.125,0.0,0.5,0.10894300000000001,0.026234374999999997,0.34053800000000006
0.125,0.0,0.5625,0.10529531250000002,0.030015812499999996,0.3830843750000001
0.125,0.0,0.625,0.10164762500000002,0.033797249999999994,0.42563075000000006
0.125,0.0,0.6875,0.09799993750000002,0.03757868749999999,0.4681771250000001
0.125,0.0,0.75,0.09435225000000003,0.041360125,0.5107235000000001
0.125,0.0,0.8125,0.09070456250000003,0.045141562499999996,0.5532698750000001
0.125,0.0,0.875,0.08705687500000003,0.048922999999999994,0.59581625
0.125,0.0,0.9375,0.08340918750000002,0.05270443749999999,0.6383626250000001
0.125,0.0,1.0,0.07976150000000003,0.05648587499999999,0.6809090000000001
0.125,0.0625,0.0,0.13520993750000002,0.056710062500000005,0.020037124999999996
0.125,0.0625,0.0625,0.13156225000000002,0.060491500000000004,0.0625835
0.125,0.0625,0.125,0.12791456250000002,0.0642729375,0.10512987500000001
0.125,0.0625,0.1875,0.12426687500000003,0.068054375,0.14767625
0.125,0.0625,0.25,0.12061918750000002,0.0718358125,0.190222625
0.125,0.0625,0.3125,0.11697150000000002,0.07561725,0.232769
0.125,0.0625,0.375,0.11332381250000002,0.07939868750000001,0.27531537500000003
0.125,0.0625,0.4375,0.10967612500000003,0.083180125,0.31786175
0.125,0.0625,0.5,0.10602843750000002,0.0869615625,0.360408125
0.125,0.0625,0.5625,0.10238075000000002,0.09074299999999999,0.40295450000000005
0.125,0.0625,0.625,0.09873306250000002,0.0945244375,0.445500875
0.125,0.0625,0.6875,0.09508537500000003,0.09830587499999999,0.48804725000000004
0.125,0.0625,0.75,0.09143768750000003,0.1020873125,0.5305936250000001
0.125,0.0625,0.8125,0.08779000000000003,0.10586875,0.5731400000000001
0.125,0.0625,0.875,0.08414231250000004,0.1096501875,0.615686375
0.125,0.0625,0.9375,0.08049462500000003,0.113431625,0.65823275
0.125,0.0625,1.0,0.07684693750000003,0.11721306249999999,0.7007791250000001
0.125,0.125,0.0,0.13229537500000002,0.11743725,0.03990724999999999
0.125,0.125,0.0625,0.12864768750000002,0.1212186875,0.082453625
0.125,0.125,0.125,0.12500000000000003,0.12500012500000002,0.125
0.125,0.125,0.1875,0.12135231250000003,0.1287815625,0.16754637500000003
0.125,0.125,0.25,0.11770462500000002,0.13256300000000001,0.21009275
0.125,0.125,0.3125,0.11405693750000002,0.1363444375,0.252639125
0.125,0.125,0.375,0.11040925000000003,0.140125875,0.29518550000000005
0.125,0.125,0.4375,0.10676156250000003,0.1439073125,0.337731875
0.125,0.125,0.5,0.10311387500000002,0.14768875,0.38027825000000004
0.125,0.125,0.5625,0.09946618750000003,0.1514701875,0.42282462500000007
0.125,0.125,0.625,0.09581850000000003,0.155251625,0.46537100000000003
0.125,0.125,0.6875,0.09217081250000003,0.1590330625,0.507917375
0.125,0.125,0.75,0.08852312500000004,0.1628145,0.55046375
0.125,0.125,0.8125,0.08487543750000004,0.1665959375,0.593010125
0.125,0.125,0.875,0.08122775000000004,0.170377375,0.6355565
0.125,0.125,0.9375,0.07758006250000003,0.17415881249999998,0.678102875
0.125,0.125,1.0,0.07393237500000004,0.17794025,0.72064925
0.125,0.1875,0.0,0.12938081250000003,0.1781644375,0.05977737499999999
0.125,0.1875,0.0625,0.12573312500000003,0.181945875,0.10232374999999999
0.125,0.1875,0.125,0.12208543750000003,0.1857273125,0.144870125
0.125,0.1875,0.1875,0.11843775000000004,0.18950875,0.1874165
0.125,0.1875,0.25,0.11479006250000003,0.1932901875,0.229962875
0.125,0.1875,0.3125,0.11114237500000003,0.197071625,0.27250925
0.125,0.1875,0.375,0.10749468750000003,0.20085306249999998,0.315055625
0.125,0.1875,0.4375,0.10384700000000004,0.2046345,0.357602
0.125,0.1875,0.5,0.10019931250000003,0.20841593749999998,0.400148375
0.125,0.1875,0.5625,0.09655162500000003,0.212197375,0.44269475
0.125,0.1875,0.625,0.09290393750000003,0.21597881249999998,0.485241125
0.125,0.1875,0.6875,0.08925625000000004,0.21976025,0.5277875000000001
0.125,0.1875,0.75,0.08560856250000004,0.22354168749999997,0.5703338750000001
0.125,0.1875,0.8125,0.08196087500000004,0.227323125,0.6128802500000001
0.125,0.1875,0.875,0.07831318750000005,0.2311045625,0.655426625
0.125,0.1875,0.9375,0.07466550000000004,0.23488599999999998,0.6979730000000001
0.125,0.1875,1.0,0.07101781250000004,0.23866743749999997,0.7405193750000001
0.125,0.25,0.0,0.12646625000000003,0.238891625,0.07964749999999998
0.125,0.25,0.0625,0.12281856250000003,0.2426730625,0.12219387499999998
0.125,0.25,0.125,0.11917087500000004,0.2464545,0.16474024999999998
0.125,0.25,0.1875,0.11552318750000004,0.2502359375,0.207286625
0.125,0.25,0.25,0.11187550000000003,0.254017375,0.249833
0.125,0.25,0.3125,0.10822781250000003,0.2577988125,0.292379375
0.125,0.25,0.375,0.10458012500000004,0.26158025,0.33492575
0.125,0.25,0.4375,0.10093243750000004,0.2653616875,0.377472125
0.125,0.25,0.5,0.09728475000000003,0.269143125,0.4200185
0.125,0.25,0.5625,0.09363706250000003,0.27292456249999997,0.46256487500000004
0.125,0.25,0.625,0.08998937500000004,0.276706,0.50511125
0.125,0.25,0.6875,0.08634168750000004,0.2804874375,0.547657625
0.125,0.25,0.75,0.08269400000000005,0.284268875,0.5902040000000001
0.125,0.25,0.8125,0.07904631250000005,0.2880503125,0.6327503750000001
0.125,0.25,0.875,0.07539862500000005,0.29183175,0.67529675
0.125,0.25,0.9375,0.07175093750000004,0.2956131875,0.717843125
0.125,0.25,1.0,0.06810325000000005,0.29939462499999997,0.7603895
0.125,0.3125,0.0,0.12355168750000003,0.2996188125,0.09951762499999997
0.125,0.3125,0.0625,0.11990400000000004,0.30340025,0.14206399999999997
0.125,0.3125,0.125,0.11625631250000004,0.3071816875,0.184610375
0.125,0.3125,0.1875,0.11260862500000005,0.310963125,0.22715675
0.125,0.3125,0.25,0.10896093750000004,0.3147445625,0.269703125
0.125,0.3125,0.3125,0.10531325000000004,0.318526,0.31224949999999996
0.125,0.3125,0.375,0.10166556250000004,0.3223074375,0.354795875
0.125,0.3125,0.4375,0.09801787500000005,0.326088875,0.39734225
0.125,0.3125,0.5,0.09437018750000004,0.3298703125,0.43988862500000003
0.125,0.3125,0.5625,0.09072250000000004,0.33365174999999997,0.48243500000000006
0.125,0.3125,0.625,0.08707481250000004,0.3374331875,0.524981375
0.125,0.3125,0.6875,0.08342712500000005,0.341214625,0.56752775
0.125,0.3125,0.75,0.07977943750000005,0.3449960625,0.610074125
0.125,0.3125,0.8125,0.07613175000000005,0.34877749999999996,0.6526205
0.125,0.3125,0.875,0.07248406250000006,0.3525589375,0.695166875
0.125,0.3125,0.9375,0.06883637500000005,0.356340375,0.73771325
0.125,0.3125,1.0,0.06518868750000005,0.36012181249999997,0.780259625
0.125,0.375,0.0,0.12063712500000004,0.360346,0.11938774999999997
0.125,0.375,0.0625,0.11698943750000004,0.3641274375,0.16193412499999998
0.125,0.375,0.125,0.11334175000000005,0.367908875,0.20448049999999998
0.125,0.375,0.1875,0.10969406250000005,0.3716903125,0.24702687499999998
0.125,0.375,0.25,0.10604637500000004,0.37547175,0.28957325
0.125,0.375,0.3125,0.10239868750000004,0.3792531875,0.332119625
0.125,0.375,0.375,0.09875100000000005,0.383034625,0.374666
0.125,0.375,0.4375,0.09510331250000005,0.3868160625,0.41721237499999997
0.125,0.375,0.5,0.09145562500000004,0.3905975,0.45975875
0.125,0.375,0.5625,0.08780793750000004,0.39437893749999997,0.502305125
0.125,0.375,0.625,0.08416025000000005,0.398160375,0.5448515
0.125,0.375,0.6875,0.08051256250000005,0.4019418125,0.5873978750000001
0.125,0.375,0.75,0.07686487500000005,0.40572325,0.6299442500000001
0.125,0.375,0.8125,0.07321718750000006,0.4095046875,0.6724906250000001
0.125,0.375,0.875,0.06956950000000006,0.413286125,0.715037
0.125,0.375,0.9375,0.06592181250000005,0.4170675625,0.7575833750000001
0.125,0.375,1.0,0.062274125000000055,0.420849,0.8001297500000001
0.125,0.4375,0.0,0.11772256250000004,0.4210731875,0.13925787499999998
0.125,0.4375,0.0625,0.11407487500000005,0.424854625,0.18180424999999997
0.125,0.4375,0.125,0.11042718750000005,0.4286360625,0.22435062499999997
0.125,0.4375,0.1875,0.10677950000000005,0.4324175,0.266897
0.125,0.4375,0.25,0.10313181250000004,0.4361989375,0.30944337499999996
0.125,0.4375,0.3125,0.09948412500000005,0.439980375,0.35198975
0.125,0.4375,0.375,0.09583643750000005,0.4437618125,0.394536125
0.125,0.4375,0.4375,0.09218875000000006,0.44754325,0.4370825
0.125,0.4375,0.5,0.08854106250000005,0.4513246875,0.479628875
0.125,0.4375,0.5625,0.08489337500000005,0.455106125,0.5221752500000001
0.125,0.4375,0.625,0.08124568750000005,0.4588875625,0.564721625
0.125,0.4375,0.6875,0.07759800000000006,0.462669,0.607268
0.125,0.4375,0.75,0.07395031250000006,0.4664504375,0.649814375
0.125,0.4375,0.8125,0.07030262500000006,0.47023187499999997,0.6923607500000001
0.125,0.4375,0.875,0.06665493750000007,0.4740133125,0.734907125
0.125,0.4375,0.9375,0.06300725000000006,0.47779475,0.7774535
0.125,0.4375,1.0,0.05935956250000006,0.4815761875,0.819999875
0.125,0.5,0.0,0.11480800000000005,0.481800375,0.15912799999999996
0.125,0.5,0.0625,0.11116031250000005,0.4855818125,0.20167437499999996
0.125,0.5,0.125,0.10751262500000006,0.48936325,0.24422075
0.125,0.5,0.1875,0.10386493750000006,0.4931446875,0.286767125
0.125,0.5,0.25,0.10021725000000005,0.496926125,0.3293135
0.125,0.5,0.3125,0.09656956250000005,0.5007075625,0.37185987499999995
0.125,0.5,0.375,0.09292187500000006,0.504489,0.41440625
0.125,0.5,0.4375,0.08927418750000006,0.5082704375,0.456952625
0.125,0.5,0.5,0.08562650000000005,0.512051875,0.499499
0.125,0.5,0.5625,0.08197881250000005,0.5158333125,0.542045375
0.125,0.5,0.625,0.07833112500000006,0.51961475,0.58459175
0.125,0.5,0.6875,0.07468343750000006,0.5233961874999999,0.627138125
0.125,0.5,0.75,0.07103575000000006,0.527177625,0.6696845
0.125,0.5,0.8125,0.06738806250000007,0.5309590625,0.712230875
0.125,0.5,0.875,0.06374037500000007,0.5347405,0.75477725
0.125,0.5,0.9375,0.06009268750000006,0.5385219375,0.797323625
0.125,0.5,1.0,0.056445000000000065,0.542303375,0.83987
0.125,0.5625,0.0,0.11189343750000005,0.5425275625,0.17899812499999995
0.125,0.5625,0.0625,0.10824575000000006,0.546309,0.22154449999999995
0.125,0.5625,0.125,0.10459806250000006,0.5500904375,0.26409087499999995
0.125,0.5625,0.1875,0.10095037500000006,0.553871875,0.30663725
0.125,0.5625,0.25,0.09730268750000005,0.5576533125,0.349183625
0.125,0.5625,0.3125,0.09365500000000006,0.56143475,0.39172999999999997
0.125,0.5625,0.375,0.09000731250000006,0.5652161875,0.434276375
0.125,0.5625,0.4375,0.08635962500000006,0.568997625,0.47682274999999996
0.125,0.5625,0.5,0.08271193750000005,0.5727790625,0.519369125
0.125,0.5625,0.5625,0.07906425000000006,0.5765605,0.5619155
0.125,0.5625,0.625,0.07541656250000006,0.5803419375,0.6044618749999999
0.125,0.5625,0.6875,0.07176887500000007,0.584123375,0.6470082500000001
0.125,0.5625,0.75,0.06812118750000007,0.5879048125,0.689554625
0.125,0.5625,0.8125,0.06447350000000007,0.59168625,0.7321010000000001
0.125,0.5625,0.875,0.06082581250000007,0.5954676875,0.774647375
0.125,0.5625,0.9375,0.057178125000000066,0.599249125,0.8171937499999999
0.125,0.5625,1.0,0.05353043750000007,0.6030305625,0.8597401250000001
0.125,0.625,0.0,0.10897887500000006,0.6032547500000001,0.19886824999999994
0.125,0.625,0.0625,0.10533118750000006,0.6070361875000001,0.24141462499999994
0.125,0.625,0.125,0.10168350000000007,0.610817625,0.28396099999999996
0.125,0.625,0.1875,0.09803581250000007,0.6145990625000001,0.32650737499999993
0.125,0.625,0.25,0.09438812500000006,0.6183805000000001,0.36905374999999996
0.125,0.625,0.3125,0.09074043750000006,0.6221619375,0.411600125
0.125,0.625,0.375,0.08709275000000007,0.6259433750000001,0.4541465
0.125,0.625,0.4375,0.08344506250000007,0.6297248125,0.4966928749999999
0.125,0.625,0.5,0.07979737500000006,0.63350625,0.53923925
0.125,0.625,0.5625,0.07614968750000006,0.6372876875000001,0.581785625
0.125,0.625,0.625,0.07250200000000007,0.641069125,0.624332
0.125,0.625,0.6875,0.06885431250000007,0.6448505625000001,0.666878375
0.125,0.625,0.75,0.06520662500000007,0.6486320000000001,0.70942475
0.125,0.625,0.8125,0.06155893750000007,0.6524134375,0.7519711250000001
0.125,0.625,0.875,0.057911250000000074,0.6561948750000001,0.7945175
0.125,0.625,0.9375,0.05426356250000007,0.6599763125,0.837063875
0.125,0.625,1.0,0.050615875000000074,0.66375775,0.87961025
0.125,0.6875,0.0,0.10606431250000006,0.6639819375000001,0.21873837499999996
0.125,0.6875,0.0625,0.10241662500000007,0.6677633750000002,0.26128474999999995
0.125,0.6875,0.125,0.09876893750000007,0.6715448125000001,0.303831125
0.125,0.6875,0.1875,0.09512125000000007,0.6753262500000001,0.3463775
0.125,0.6875,0.25,0.09147356250000006,0.6791076875000002,0.388923875
0.125,0.6875,0.3125,0.08782587500000007,0.6828891250000001,0.43147024999999994
0.125,0.6875,0.375,0.08417818750000007,0.6866705625000001,0.47401662499999997
0.125,0.6875,0.4375,0.08053050000000007,0.6904520000000001,0.516563
0.125,0.6875,0.5,0.07688281250000006,0.6942334375000001,0.559109375
0.125,0.6875,0.5625,0.07323512500000007,0.6980148750000001,0.60165575
0.125,0.6875,0.625,0.06958743750000007,0.7017963125000001,0.644202125
0.125,0.6875,0.6875,0.06593975000000007,0.7055777500000001,0.6867485
0.125,0.6875,0.75,0.06229206250000008,0.7093591875000002,0.729294875
0.125,0.6875,0.8125,0.058644375000000075,0.7131406250000001,0.77184125
0.125,0.6875,0.875,0.05499668750000008,0.7169220625000001,0.814387625
0.125,0.6875,0.9375,0.051349000000000075,0.7207035000000002,0.856934
0.125,0.6875,1.0,0.04770131250000008,0.7244849375000001,0.899480375
0.125,0.75,0.0,0.10314975000000007,0.7247091250000001,0.23860849999999995
0.125,0.75,0.0625,0.09950206250000007,0.7284905625000001,0.28115487499999997
0.125,0.75,0.125,0.09585437500000007,0.732272,0.32370124999999994
0.125,0.75,0.1875,0.09220668750000008,0.7360534375000001,0.36624762499999997
0.125,0.75,0.25,0.08855900000000007,0.7398348750000001,0.408794
0.125,0.75,0.3125,0.08491131250000007,0.7436163125,0.45134037499999996
0.125,0.75,0.375,0.08126362500000008,0.7473977500000001,0.49388675
0.125,0.75,0.4375,0.07761593750000008,0.7511791875,0.536433125
0.125,0.75,0.5,0.07396825000000007,0.754960625,0.5789795
0.125,0.75,0.5625,0.07032056250000007,0.7587420625000001,0.621525875
0.125,0.75,0.625,0.06667287500000008,0.7625235,0.66407225
0.125,0.75,0.6875,0.06302518750000008,0.7663049375000001,0.706618625
0.125,0.75,0.75,0.05937750000000008,0.7700863750000001,0.7491650000000001
0.125,0.75,0.8125,0.05572981250000008,0.7738678125,0.791711375
0.125,0.75,0.875,0.05208212500000008,0.7776492500000001,0.8342577499999999
0.125,0.75,0.9375,0.04843443750000008,0.7814306875000001,0.876804125
0.125,0.75,1.0,0.04478675000000008,0.785212125,0.9193505
0.125,0.8125,0.0,0.10023518750000007,0.7854363125,0.25847862499999996
0.125,0.8125,0.0625,0.09658750000000008,0.78921775,0.301025
0.125,0.8125,0.125,0.09293981250000008,0.7929991875,0.34357137499999996
0.125,0.8125,0.1875,0.08929212500000008,0.796780625,0.38611775
0.125,0.8125,0.25,0.08564443750000007,0.8005620625000001,0.42866412499999995
0.125,0.8125,0.3125,0.08199675000000008,0.8043435,0.4712105
0.125,0.8125,0.375,0.07834906250000008,0.8081249375,0.513756875
0.125,0.8125,0.4375,0.07470137500000008,0.811906375,0.55630325
0.125,0.8125,0.5,0.07105368750000007,0.8156878125,0.5988496249999999
0.125,0.8125,0.5625,0.06740600000000008,0.81946925,0.6413960000000001
0.125,0.8125,0.625,0.06375831250000008,0.8232506875,0.683942375
0.125,0.8125,0.6875,0.060110625000000084,0.827032125,0.72648875
0.125,0.8125,0.75,0.05646293750000009,0.8308135625,0.769035125
0.125,0.8125,0.8125,0.052815250000000084,0.834595,0.8115815000000001
0.125,0.8125,0.875,0.04916756250000009,0.8383764375,0.854127875
0.125,0.8125,0.9375,0.045519875000000085,0.8421578750000001,0.89667425
0.125,0.8125,1.0,0.04187218750000009,0.8459393125,0.939220625
0.125,0.875,0.0,0.09732062500000008,0.8461635000000001,0.27834875
0.125,0.875,0.0625,0.09367293750000008,0.8499449375000001,0.320895125
0.125,0.875,0.125,0.09002525000000008,0.853726375,0.3634415
0.125,0.875,0.1875,0.08637756250000009,0.8575078125000001,0.405987875
0.125,0.875,0.25,0.08272987500000008,0.8612892500000001,0.44853425
0.125,0.875,0.3125,0.07908218750000008,0.8650706875,0.491080625
0.125,0.875,0.375,0.07543450000000008,0.8688521250000001,0.5336270000000001
0.125,0.875,0.4375,0.07178681250000009,0.8726335625,0.576173375
0.125,0.875,0.5,0.06813912500000008,0.876415,0.61871975
0.125,0.875,0.5625,0.06449143750000008,0.8801964375000001,0.661266125
0.125,0.875,0.625,0.060843750000000085,0.883977875,0.7038125
0.125,0.875,0.6875,0.05719606250000009,0.8877593125000001,0.7463588750000001
0.125,0.875,0.75,0.05354837500000009,0.8915407500000001,0.78890525
0.125,0.875,0.8125,0.04990068750000009,0.8953221875,0.8314516250000001
0.125,0.875,0.875,0.04625300000000009,0.8991036250000001,0.873998
0.125,0.875,0.9375,0.04260531250000009,0.9028850625,0.916544375
0.125,0.875,1.0,0.03895762500000009,0.9066665,0.9590907500000001
0.125,0.9375,0.0,0.09440606250000008,0.9068906875000001,0.29821887499999994
0.125,0.9375,0.0625,0.09075837500000009,0.9106721250000002,0.34076524999999996
0.125,0.9375,0.125,0.08711068750000009,0.9144535625000001,0.38331162499999993
0.125,0.9375,0.1875,0.08346300000000009,0.9182350000000001,0.42585799999999996
0.125,0.9375,0.25,0.07981531250000008,0.9220164375000002,0.468404375
0.125,0.9375,0.3125,0.07616762500000009,0.9257978750000001,0.5109507499999999
0.125,0.9375,0.375,0.07251993750000009,0.9295793125000001,0.553497125
0.125,0.9375,0.4375,0.0688722500000001,0.9333607500000001,0.5960435
0.125,0.9375,0.5,0.06522456250000008,0.9371421875000001,0.638589875
0.125,0.9375,0.5625,0.06157687500000009,0.9409236250000002,0.68113625
0.125,0.9375,0.625,0.05792918750000009,0.9447050625000001,0.7236826249999999
0.125,0.9375,0.6875,0.054281500000000094,0.9484865000000001,0.766229
0.125,0.9375,0.75,0.0506338125000001,0.9522679375000002,0.808775375
0.125,0.9375,0.8125,0.046986125000000094,0.9560493750000001,0.8513217500000001
0.125,0.9375,0.875,0.0433384375000001,0.9598308125000001,0.893868125
0.125,0.9375,0.9375,0.039690750000000094,0.9636122500000002,0.9364144999999999
0.125,0.9375,1.0,0.0360430625000001,0.9673936875000001,0.9789608750000001
0.125,1.0,0.0,0.09149150000000009,0.9676178750000001,0.31808899999999996
0.125,1.0,0.0625,0.08784381250000009,0.9713993125000001,0.360635375
0.125,1.0,0.125,0.0841961250000001,0.97518075,0.40318174999999995
0.125,1.0,0.1875,0.0805484375000001,0.9789621875000001,0.445728125
0.125,1.0,0.25,0.07690075000000009,0.9827436250000001,0.48827449999999994
0.125,1.0,0.3125,0.07325306250000009,0.9865250625,0.530820875
0.125,1.0,0.375,0.0696053750000001,0.9903065000000001,0.57336725
0.125,1.0,0.4375,0.0659576875000001,0.9940879375,0.6159136249999999
0.125,1.0,0.5,0.062310000000000094,0.9978693750000001,0.65846
0.125,1.0,0.5625,0.0586623125000001,1.0016508125,0.701006375
0.125,1.0,0.625,0.055014625000000095,1.0054322500000001,0.74355275
0.125,1.0,0.6875,0.0513669375000001,1.0092136875,0.786099125
0.125,1.0,0.75,0.0477192500000001,1.012995125,0.8286455
0.125,1.0,0.8125,0.0440715625000001,1.0167765625,0.8711918750000001
0.125,1.0,0.875,0.0404238750000001,1.020558,0.91373825
0.125,1.0,0.9375,0.0367761875000001,1.0243394375000001,0.956284625
0.125,1.0,1.0,0.0331285000000001,1.0281208750000002,0.998831
0.1875,0.0,0.0,0.20718675000000003,-0.006025687499999995,0.0002505000000000009
0.1875,0.0,0.0625,0.20353906250000003,-0.0022442499999999954,0.042796875000000005
0.1875,0.0,0.125,0.19989137500000004,0.0015371875000000038,0.08534325000000001
0.1875,0.0,0.1875,0.19624368750000004,0.005318625000000004,0.12788962500000003
0.1875,0.0,0.25,0.19259600000000004,0.009100062500000002,0.17043600000000003
0.1875,0.0,0.3125,0.18894831250000005,0.0128815,0.21298237500000003
0.1875,0.0,0.375,0.18530062500000005,0.016662937500000002,0.25552875
0.1875,0.0,0.4375,0.18165293750000003,0.020444375,0.298075125
0.1875,0.0,0.5,0.17800525000000003,0.0242258125,0.3406215
0.1875,0.0,0.5625,0.17435756250000004,0.028007249999999997,0.38316787500000005
0.1875,0.0,0.625,0.17070987500000004,0.031788687499999996,0.42571425
0.1875,0.0,0.6875,0.16706218750000004,0.035570124999999994,0.46826062500000004
0.1875,0.0,0.75,0.16341450000000005,0.0393515625,0.5108070000000001
0.1875,0.0,0.8125,0.15976681250000005,0.043133,0.5533533750000001
0.1875,0.0,0.875,0.15611912500000005,0.046914437499999996,0.5958997500000001
0.1875,0.0,0.9375,0.15247143750000003,0.050695874999999994,0.6384461250000001
0.1875,0.0,1.0,0.14882375000000003,0.05447731249999999,0.6809925000000001
0.1875,0.0625,0.0,0.20427218750000004,0.05470150000000001,0.020120624999999996
0.1875,0.0625,0.0625,0.20062450000000004,0.058482937500000005,0.062667
0.1875,0.0625,0.125,0.19697681250000004,0.062264375000000004,0.105213375
0.1875,0.0625,0.1875,0.19332912500000005,0.06604581250000001,0.14775975000000002
0.1875,0.0625,0.25,0.18968143750000005,0.06982725000000001,0.19030612500000002
0.1875,0.0625,0.3125,0.18603375000000005,0.0736086875,0.23285250000000002
0.1875,0.0625,0.375,0.18238606250000006,0.077390125,0.27539887500000004
0.1875,0.0625,0.4375,0.17873837500000003,0.0811715625,0.31794525
0.1875,0.0625,0.5,0.17509068750000004,0.084953,0.36049162500000004
0.1875,0.0625,0.5625,0.17144300000000004,0.0887344375,0.40303800000000006
0.1875,0.0625,0.625,0.16779531250000004,0.092515875,0.44558437500000003
0.1875,0.0625,0.6875,0.16414762500000005,0.0962973125,0.48813075000000006
0.1875,0.0625,0.75,0.16049993750000005,0.10007875,0.5306771250000001
0.1875,0.0625,0.8125,0.15685225000000005,0.1038601875,0.5732235000000001
0.1875,0.0625,0.875,0.15320456250000006,0.10764162499999999,0.615769875
0.1875,0.0625,0.9375,0.14955687500000003,0.1114230625,0.65831625
0.1875,0.0625,1.0,0.14590918750000004,0.11520449999999999,0.7008626250000001
0.1875,0.125,0.0,0.20135762500000004,0.11542868750000002,0.03999074999999999
0.1875,0.125,0.0625,0.19770993750000004,0.11921012500000001,0.08253712499999999
0.1875,0.125,0.125,0.19406225000000005,0.12299156250000001,0.12508350000000001
0.1875,0.125,0.1875,0.19041456250000005,0.12677300000000002,0.167629875
0.1875,0.125,0.25,0.18676687500000005,0.1305544375,0.21017625
0.1875,0.125,0.3125,0.18311918750000006,0.13433587500000002,0.252722625
0.1875,0.125,0.375,0.17947150000000006,0.1381173125,0.295269
0.1875,0.125,0.4375,0.17582381250000004,0.14189875000000002,0.33781537500000003
0.1875,0.125,0.5,0.17217612500000004,0.1456801875,0.38036175000000005
0.1875,0.125,0.5625,0.16852843750000004,0.14946162500000001,0.4229081250000001
0.1875,0.125,0.625,0.16488075000000005,0.1532430625,0.4654545
0.1875,0.125,0.6875,0.16123306250000005,0.1570245,0.508000875
0.1875,0.125,0.75,0.15758537500000006,0.1608059375,0.55054725
0.1875,0.125,0.8125,0.15393768750000006,0.164587375,0.5930936250000001
0.1875,0.125,0.875,0.15029000000000006,0.16836881250000002,0.63564
0.1875,0.125,0.9375,0.14664231250000004,0.17215025,0.678186375
0.1875,0.125,1.0,0.14299462500000004,0.1759316875,0.72073275
0.1875,0.1875,0.0,0.19844306250000004,0.17615587500000002,0.05986087499999999
0.1875,0.1875,0.0625,0.19479537500000005,0.17993731250000003,0.10240724999999999
0.1875,0.1875,0.125,0.19114768750000005,0.18371875000000001,0.144953625
0.1875,0.1875,0.1875,0.18750000000000006,0.18750018750000003,0.1875
0.1875,0.1875,0.25,0.18385231250000006,0.191281625,0.230046375
0.1875,0.1875,0.3125,0.18020462500000006,0.19506306250000002,0.27259275
0.1875,0.1875,0.375,0.17655693750000007,0.1988445,0.315139125
0.1875,0.1875,0.4375,0.17290925000000004,0.20262593750000002,0.3576855
0.1875,0.1875,0.5,0.16926156250000005,0.206407375,0.400231875
0.1875,0.1875,0.5625,0.16561387500000005,0.21018881250000002,0.44277825000000004
0.1875,0.1875,0.625,0.16196618750000005,0.21397025,0.485324625
0.1875,0.1875,0.6875,0.15831850000000006,0.2177516875,0.5278710000000001
0.1875,0.1875,0.75,0.15467081250000006,0.221533125,0.5704173750000001
0.1875,0.1875,0.8125,0.15102312500000006,0.2253145625,0.6129637500000001
0.1875,0.1875,0.875,0.14737543750000007,0.22909600000000002,0.655510125
0.1875,0.1875,0.9375,0.14372775000000004,0.2328774375,0.6980565000000001
0.1875,0.1875,1.0,0.14008006250000005,0.236658875,0.7406028750000001
0.1875,0.25,0.0,0.19552850000000005,0.23688306250000002,0.07973099999999998
0.1875,0.25,0.0625,0.19188081250000005,0.24066450000000003,0.122277375
0.1875,0.25,0.125,0.18823312500000006,0.24444593750000002,0.16482375
0.1875,0.25,0.1875,0.18458543750000006,0.24822737500000003,0.20737012500000002
0.1875,0.25,0.25,0.18093775000000006,0.2520088125,0.24991649999999999
0.1875,0.25,0.3125,0.17729006250000007,0.25579025,0.292462875
0.1875,0.25,0.375,0.17364237500000007,0.25957168750000004,0.33500925000000004
0.1875,0.25,0.4375,0.16999468750000005,0.263353125,0.377555625
0.1875,0.25,0.5,0.16634700000000005,0.2671345625,0.42010200000000003
0.1875,0.25,0.5625,0.16269931250000005,0.270916,0.46264837500000006
0.1875,0.25,0.625,0.15905162500000006,0.27469743750000003,0.50519475
0.1875,0.25,0.6875,0.15540393750000006,0.278478875,0.547741125
0.1875,0.25,0.75,0.15175625000000006,0.2822603125,0.5902875000000001
0.1875,0.25,0.8125,0.14810856250000007,0.28604175,0.6328338750000001
0.1875,0.25,0.875,0.14446087500000007,0.2898231875,0.67538025
0.1875,0.25,0.9375,0.14081318750000005,0.293604625,0.717926625
0.1875,0.25,1.0,0.13716550000000005,0.2973860625,0.7604730000000001
0.1875,0.3125,0.0,0.19261393750000005,0.29761025,0.09960112499999997
0.1875,0.3125,0.0625,0.18896625000000006,0.3013916875,0.14214749999999998
0.1875,0.3125,0.125,0.18531856250000006,0.30517312500000005,0.18469387499999998
0.1875,0.3125,0.1875,0.18167087500000006,0.30895456250000003,0.22724024999999998
0.1875,0.3125,0.25,0.17802318750000007,0.312736,0.269786625
0.1875,0.3125,0.3125,0.17437550000000007,0.3165174375,0.31233299999999997
0.1875,0.3125,0.375,0.17072781250000008,0.32029887500000004,0.354879375
0.1875,0.3125,0.4375,0.16708012500000005,0.3240803125,0.39742574999999997
0.1875,0.3125,0.5,0.16343243750000006,0.32786175,0.439972125
0.1875,0.3125,0.5625,0.15978475000000006,0.3316431875,0.4825185
0.1875,0.3125,0.625,0.15613706250000006,0.33542462500000003,0.525064875
0.1875,0.3125,0.6875,0.15248937500000007,0.3392060625,0.56761125
0.1875,0.3125,0.75,0.14884168750000007,0.3429875,0.610157625
0.1875,0.3125,0.8125,0.14519400000000007,0.34676893750000004,0.6527040000000001
0.1875,0.3125,0.875,0.14154631250000008,0.350550375,0.695250375
0.1875,0.3125,0.9375,0.13789862500000005,0.3543318125,0.73779675
0.1875,0.3125,1.0,0.13425093750000006,0.35811325,0.780343125
0.1875,0.375,0.0,0.18969937500000006,0.3583374375,0.11947124999999997
0.1875,0.375,0.0625,0.18605168750000006,0.362118875,0.16201762499999997
0.1875,0.375,0.125,0.18240400000000007,0.36590031250000005,0.20456399999999997
0.1875,0.375,0.1875,0.17875631250000007,0.36968175000000003,0.247110375
0.1875,0.375,0.25,0.17510862500000007,0.3734631875,0.28965675
0.1875,0.375,0.3125,0.17146093750000008,0.377244625,0.332203125
0.1875,0.375,0.375,0.16781325000000008,0.38102606250000004,0.3747495
0.1875,0.375,0.4375,0.16416556250000006,0.3848075,0.417295875
0.1875,0.375,0.5,0.16051787500000006,0.3885889375,0.45984225
0.1875,0.375,0.5625,0.15687018750000006,0.392370375,0.502388625
0.1875,0.375,0.625,0.15322250000000007,0.39615181250000003,0.544935
0.1875,0.375,0.6875,0.14957481250000007,0.39993325,0.5874813750000001
0.1875,0.375,0.75,0.14592712500000007,0.4037146875,0.63002775
0.1875,0.375,0.8125,0.14227943750000008,0.407496125,0.6725741250000001
0.1875,0.375,0.875,0.13863175000000008,0.4112775625,0.7151205
0.1875,0.375,0.9375,0.13498406250000006,0.415059,0.757666875
0.1875,0.375,1.0,0.13133637500000006,0.4188404375,0.8002132500000001
0.1875,0.4375,0.0,0.18678481250000006,0.419064625,0.139341375
0.1875,0.4375,0.0625,0.18313712500000007,0.4228460625,0.18188775
0.1875,0.4375,0.125,0.17948943750000007,0.42662750000000005,0.22443412499999998
0.1875,0.4375,0.1875,0.17584175000000007,0.43040893750000003,0.2669805
0.1875,0.4375,0.25,0.17219406250000008,0.434190375,0.309526875
0.1875,0.4375,0.3125,0.16854637500000008,0.4379718125,0.35207325
0.1875,0.4375,0.375,0.16489868750000009,0.44175325000000004,0.39461962500000003
0.1875,0.4375,0.4375,0.16125100000000006,0.4455346875,0.437166
0.1875,0.4375,0.5,0.15760331250000006,0.449316125,0.479712375
0.1875,0.4375,0.5625,0.15395562500000007,0.4530975625,0.52225875
0.1875,0.4375,0.625,0.15030793750000007,0.45687900000000004,0.564805125
0.1875,0.4375,0.6875,0.14666025000000008,0.4606604375,0.6073515
0.1875,0.4375,0.75,0.14301256250000008,0.464441875,0.6498978750000001
0.1875,0.4375,0.8125,0.13936487500000008,0.46822331250000004,0.6924442500000001
0.1875,0.4375,0.875,0.13571718750000009,0.47200475000000003,0.734990625
0.1875,0.4375,0.9375,0.13206950000000006,0.4757861875,0.777537
0.1875,0.4375,1.0,0.12842181250000007,0.479567625,0.8200833750000001
0.1875,0.5,0.0,0.18387025000000007,0.4797918125,0.15921149999999998
0.1875,0.5,0.0625,0.18022256250000007,0.48357325,0.20175787499999998
0.1875,0.5,0.125,0.17657487500000008,0.48735468750000005,0.24430425
0.1875,0.5,0.1875,0.17292718750000008,0.49113612500000003,0.286850625
0.1875,0.5,0.25,0.16927950000000008,0.4949175625,0.329397
0.1875,0.5,0.3125,0.1656318125000001,0.498699,0.37194337499999996
0.1875,0.5,0.375,0.1619841250000001,0.5024804375,0.41448975
0.1875,0.5,0.4375,0.15833643750000007,0.506261875,0.457036125
0.1875,0.5,0.5,0.15468875000000007,0.5100433125,0.49958250000000004
0.1875,0.5,0.5625,0.15104106250000007,0.51382475,0.5421288750000001
0.1875,0.5,0.625,0.14739337500000008,0.5176061875,0.58467525
0.1875,0.5,0.6875,0.14374568750000008,0.521387625,0.627221625
0.1875,0.5,0.75,0.14009800000000008,0.5251690625000001,0.669768
0.1875,0.5,0.8125,0.1364503125000001,0.5289505,0.712314375
0.1875,0.5,0.875,0.1328026250000001,0.5327319375,0.75486075
0.1875,0.5,0.9375,0.12915493750000007,0.536513375,0.797407125
0.1875,0.5,1.0,0.12550725000000007,0.5402948125,0.8399535
0.1875,0.5625,0.0,0.18095568750000007,0.540519,0.17908162499999997
0.1875,0.5625,0.0625,0.17730800000000008,0.5443004375,0.22162799999999996
0.1875,0.5625,0.125,0.17366031250000008,0.5480818749999999,0.26417437499999996
0.1875,0.5625,0.1875,0.17001262500000008,0.5518633125,0.30672075
0.1875,0.5625,0.25,0.1663649375000001,0.55564475,0.349267125
0.1875,0.5625,0.3125,0.1627172500000001,0.5594261875,0.3918135
0.1875,0.5625,0.375,0.1590695625000001,0.563207625,0.434359875
0.1875,0.5625,0.4375,0.15542187500000007,0.5669890624999999,0.47690625
0.1875,0.5625,0.5,0.15177418750000007,0.5707705,0.519452625
0.1875,0.5625,0.5625,0.14812650000000008,0.5745519375,0.561999
0.1875,0.5625,0.625,0.14447881250000008,0.5783333749999999,0.604545375
0.1875,0.5625,0.6875,0.14083112500000008,0.5821148125,0.64709175
0.1875,0.5625,0.75,0.1371834375000001,0.58589625,0.6896381250000001
0.1875,0.5625,0.8125,0.1335357500000001,0.5896776874999999,0.7321845
0.1875,0.5625,0.875,0.1298880625000001,0.593459125,0.7747308749999999
0.1875,0.5625,0.9375,0.12624037500000007,0.5972405624999999,0.8172772500000001
0.1875,0.5625,1.0,0.12259268750000009,0.601022,0.859823625
0.1875,0.625,0.0,0.17804112500000008,0.6012461875,0.19895174999999996
0.1875,0.625,0.0625,0.17439343750000008,0.6050276250000001,0.24149812499999995
0.1875,0.625,0.125,0.17074575000000008,0.6088090625,0.2840445
0.1875,0.625,0.1875,0.1670980625000001,0.6125905,0.32659087499999995
0.1875,0.625,0.25,0.1634503750000001,0.6163719375000001,0.36913725
0.1875,0.625,0.3125,0.1598026875000001,0.620153375,0.411683625
0.1875,0.625,0.375,0.1561550000000001,0.6239348125,0.45423
0.1875,0.625,0.4375,0.15250731250000008,0.62771625,0.49677637499999994
0.1875,0.625,0.5,0.14885962500000008,0.6314976875,0.53932275
0.1875,0.625,0.5625,0.14521193750000008,0.6352791250000001,0.581869125
0.1875,0.625,0.625,0.14156425000000009,0.6390605625,0.6244155
0.1875,0.625,0.6875,0.1379165625000001,0.642842,0.666961875
0.1875,0.625,0.75,0.1342688750000001,0.6466234375000001,0.7095082500000001
0.1875,0.625,0.8125,0.1306211875000001,0.650404875,0.7520546250000001
0.1875,0.625,0.875,0.1269735000000001,0.6541863125,0.794601
0.1875,0.625,0.9375,0.12332581250000009,0.6579677500000001,0.837147375
0.1875,0.625,1.0,0.1196781250000001,0.6617491875,0.87969375
0.1875,0.6875,0.0,0.17512656250000008,0.6619733750000001,0.21882187499999997
0.1875,0.6875,0.0625,0.17147887500000009,0.6657548125000001,0.26136824999999997
0.1875,0.6875,0.125,0.1678311875000001,0.66953625,0.303914625
0.1875,0.6875,0.1875,0.1641835000000001,0.6733176875000001,0.346461
0.1875,0.6875,0.25,0.1605358125000001,0.6770991250000001,0.389007375
0.1875,0.6875,0.3125,0.1568881250000001,0.6808805625000001,0.43155374999999996
0.1875,0.6875,0.375,0.1532404375000001,0.6846620000000001,0.474100125
0.1875,0.6875,0.4375,0.14959275000000008,0.6884434375,0.5166465
0.1875,0.6875,0.5,0.14594506250000008,0.6922248750000001,0.559192875
0.1875,0.6875,0.5625,0.1422973750000001,0.6960063125000001,0.6017392500000001
0.1875,0.6875,0.625,0.1386496875000001,0.69978775,0.644285625
0.1875,0.6875,0.6875,0.1350020000000001,0.7035691875000001,0.686832
0.1875,0.6875,0.75,0.1313543125000001,0.7073506250000001,0.729378375
0.1875,0.6875,0.8125,0.1277066250000001,0.7111320625,0.77192475
0.1875,0.6875,0.875,0.1240589375000001,0.7149135000000001,0.814471125
0.1875,0.6875,0.9375,0.1204112500000001,0.7186949375,0.8570175
0.1875,0.6875,1.0,0.1167635625000001,0.7224763750000001,0.899563875
0.1875,0.75,0.0,0.1722120000000001,0.7227005625,0.23869199999999996
0.1875,0.75,0.0625,0.1685643125000001,0.7264820000000001,0.281238375
0.1875,0.75,0.125,0.1649166250000001,0.7302634375,0.32378474999999995
0.1875,0.75,0.1875,0.1612689375000001,0.734044875,0.366331125
0.1875,0.75,0.25,0.1576212500000001,0.7378263125000001,0.4088775
0.1875,0.75,0.3125,0.1539735625000001,0.74160775,0.451423875
0.1875,0.75,0.375,0.1503258750000001,0.7453891875,0.49397025
0.1875,0.75,0.4375,0.14667818750000008,0.749170625,0.536516625
0.1875,0.75,0.5,0.1430305000000001,0.7529520625,0.579063
0.1875,0.75,0.5625,0.1393828125000001,0.7567335000000001,0.621609375
0.1875,0.75,0.625,0.1357351250000001,0.7605149375,0.6641557499999999
0.1875,0.75,0.6875,0.1320874375000001,0.764296375,0.7067021250000001
0.1875,0.75,0.75,0.1284397500000001,0.7680778125000001,0.7492485
0.1875,0.75,0.8125,0.1247920625000001,0.77185925,0.7917948750000001
0.1875,0.75,0.875,0.12114437500000011,0.7756406875,0.83434125
0.1875,0.75,0.9375,0.1174966875000001,0.779422125,0.876887625
0.1875,0.75,1.0,0.1138490000000001,0.7832035625,0.9194340000000001
0.1875,0.8125,0.0,0.1692974375000001,0.78342775,0.2585621249999999
0.1875,0.8125,0.0625,0.1656497500000001,0.7872091875,0.30110849999999995
0.1875,0.8125,0.125,0.1620020625000001,0.790990625,0.3436548749999999
0.1875,0.8125,0.1875,0.1583543750000001,0.7947720625,0.38620124999999994
0.1875,0.8125,0.25,0.1547066875000001,0.7985535,0.42874762499999997
0.1875,0.8125,0.3125,0.1510590000000001,0.8023349375,0.47129399999999994
0.1875,0.8125,0.375,0.1474113125000001,0.806116375,0.513840375
0.1875,0.8125,0.4375,0.1437636250000001,0.8098978124999999,0.5563867499999999
0.1875,0.8125,0.5,0.1401159375000001,0.81367925,0.598933125
0.1875,0.8125,0.5625,0.1364682500000001,0.8174606875,0.6414795
0.1875,0.8125,0.625,0.1328205625000001,0.8212421249999999,0.6840258749999999
0.1875,0.8125,0.6875,0.1291728750000001,0.8250235625,0.72657225
0.1875,0.8125,0.75,0.1255251875000001,0.828805,0.769118625
0.1875,0.8125,0.8125,0.12187750000000011,0.8325864374999999,0.8116650000000001
0.1875,0.8125,0.875,0.11822981250000011,0.836367875,0.854211375
0.1875,0.8125,0.9375,0.1145821250000001,0.8401493124999999,0.8967577499999999
0.1875,0.8125,1.0,0.11093443750000011,0.84393075,0.939304125
0.1875,0.875,0.0,0.1663828750000001,0.8441549375,0.27843224999999994
0.1875,0.875,0.0625,0.1627351875000001,0.8479363750000001,0.32097862499999996
0.1875,0.875,0.125,0.1590875000000001,0.8517178125,0.36352499999999993
0.1875,0.875,0.1875,0.1554398125000001,0.85549925,0.40607137499999996
0.1875,0.875,0.25,0.1517921250000001,0.8592806875000001,0.4486177499999999
0.1875,0.875,0.3125,0.14814443750000011,0.863062125,0.49116412499999995
0.1875,0.875,0.375,0.14449675000000012,0.8668435625,0.5337105
0.1875,0.875,0.4375,0.1408490625000001,0.870625,0.5762568749999999
0.1875,0.875,0.5,0.1372013750000001,0.8744064375,0.61880325
0.1875,0.875,0.5625,0.1335536875000001,0.8781878750000001,0.6613496249999999
0.1875,0.875,0.625,0.1299060000000001,0.8819693125,0.703896
0.1875,0.875,0.6875,0.1262583125000001,0.88575075,0.746442375
0.1875,0.875,0.75,0.12261062500000011,0.8895321875000001,0.78898875
0.1875,0.875,0.8125,0.11896293750000012,0.893313625,0.831535125
0.1875,0.875,0.875,0.11531525000000012,0.8970950625,0.8740815
0.1875,0.875,0.9375,0.11166756250000011,0.9008765000000001,0.916627875
0.1875,0.875,1.0,0.10801987500000011,0.9046579375,0.95917425
0.1875,0.9375,0.0,0.1634683125000001,0.9048821250000001,0.2983023749999999
0.1875,0.9375,0.0625,0.1598206250000001,0.9086635625000001,0.3408487499999999
0.1875,0.9375,0.125,0.1561729375000001,0.9124450000000001,0.3833951249999999
0.1875,0.9375,0.1875,0.1525252500000001,0.9162264375000001,0.4259414999999999
0.1875,0.9375,0.25,0.14887756250000012,0.9200078750000001,0.4684878749999999
0.1875,0.9375,0.3125,0.14522987500000012,0.9237893125000001,0.5110342499999999
0.1875,0.9375,0.375,0.14158218750000012,0.9275707500000001,0.5535806249999999
0.1875,0.9375,0.4375,0.1379345000000001,0.9313521875,0.5961269999999999
0.1875,0.9375,0.5,0.1342868125000001,0.9351336250000001,0.638673375
0.1875,0.9375,0.5625,0.1306391250000001,0.9389150625000001,0.6812197499999999
0.1875,0.9375,0.625,0.1269914375000001,0.9426965,0.7237661249999999
0.1875,0.9375,0.6875,0.12334375000000011,0.9464779375000001,0.7663125
0.1875,0.9375,0.75,0.11969606250000012,0.9502593750000001,0.808858875
0.1875,0.9375,0.8125,0.11604837500000012,0.9540408125000001,0.85140525
0.1875,0.9375,0.875,0.11240068750000012,0.9578222500000001,0.8939516249999999
0.1875,0.9375,0.9375,0.10875300000000011,0.9616036875,0.9364979999999999
0.1875,0.9375,1.0,0.10510531250000012,0.9653851250000001,0.979044375
0.1875,1.0,0.0,0.1605537500000001,0.9656093125,0.3181724999999999
0.1875,1.0,0.0625,0.1569060625000001,0.9693907500000001,0.36071887499999994
0.1875,1.0,0.125,0.1532583750000001,0.9731721875,0.4032652499999999
0.1875,1.0,0.1875,0.14961068750000012,0.976953625,0.44581162499999993
0.1875,1.0,0.25,0.14596300000000012,0.9807350625000001,0.48835799999999996
0.1875,1.0,0.3125,0.14231531250000012,0.9845165,0.530904375
0.1875,1.0,0.375,0.13866762500000013,0.9882979375000001,0.5734507499999999
0.1875,1.0,0.4375,0.1350199375000001,0.992079375,0.6159971249999999
0.1875,1.0,0.5,0.1313722500000001,0.9958608125,0.6585435
0.1875,1.0,0.5625,0.1277245625000001,0.9996422500000001,0.701089875
0.1875,1.0,0.625,0.12407687500000011,1.0034236875,0.74363625
0.1875,1.0,0.6875,0.12042918750000012,1.007205125,0.7861826249999999
0.1875,1.0,0.75,0.11678150000000012,1.0109865625,0.828729
0.1875,1.0,0.8125,0.11313381250000012,1.0147680000000001,0.871275375
0.1875,1.0,0.875,0.10948612500000013,1.0185494375,0.9138217499999999
0.1875,1.0,0.9375,0.10583843750000012,1.022330875,0.956368125
0.1875,1.0,1.0,0.10219075000000012,1.0261123125,0.9989144999999999
0.25,0.0,0.0,0.276249,-0.008034249999999993,0.0003340000000000012
0.25,0.0,0.0625,0.2726013125,-0.004252812499999994,0.042880375000000005
0.25,0.0,0.125,0.26895362500000003,-0.00047137499999999437,0.08542675000000001
0.25,0.0,0.1875,0.26530593750000003,0.0033100625000000057,0.12797312500000002
0.25,0.0,0.25,0.26165825000000004,0.007091500000000004,0.17051950000000002
0.25,0.0,0.3125,0.25801056250000004,0.010872937500000002,0.21306587500000002
0.25,0.0,0.375,0.25436287500000004,0.014654375000000004,0.25561225000000004
0.25,0.0,0.4375,0.25071518750000005,0.018435812500000003,0.298158625
0.25,0.0,0.5,0.24706750000000002,0.02221725,0.34070500000000004
0.25,0.0,0.5625,0.24341981250000003,0.0259986875,0.38325137500000006
0.25,0.0,0.625,0.23977212500000003,0.029780124999999998,0.42579775000000003
0.25,0.0,0.6875,0.23612443750000003,0.033561562499999996,0.46834412500000006
0.25,0.0,0.75,0.23247675000000004,0.037343,0.5108905000000001
0.25,0.0,0.8125,0.22882906250000004,0.0411244375,0.5534368750000002
0.25,0.0,0.875,0.22518137500000004,0.044905875,0.5959832500000001
0.25,0.0,0.9375,0.22153368750000002,0.048687312499999996,0.6385296250000001
0.25,0.0,1.0,0.21788600000000002,0.052468749999999995,0.6810760000000001
0.25,0.0625,0.0,0.2733344375,0.05269293750000001,0.020204124999999996
0.25,0.0625,0.0625,0.26968675000000003,0.05647437500000001,0.0627505
0.25,0.0625,0.125,0.26603906250000003,0.060255812500000006,0.10529687500000001
0.25,0.0625,0.1875,0.26239137500000004,0.06403725,0.14784325
0.25,0.0625,0.25,0.25874368750000004,0.0678186875,0.190389625
0.25,0.0625,0.3125,0.25509600000000004,0.071600125,0.232936
0.25,0.0625,0.375,0.25144831250000005,0.0753815625,0.27548237500000006
0.25,0.0625,0.4375,0.24780062500000002,0.07916300000000001,0.31802875
0.25,0.0625,0.5,0.24415293750000003,0.0829444375,0.36057512500000005
0.25,0.0625,0.5625,0.24050525000000003,0.08672587500000001,0.4031215000000001
0.25,0.0625,0.625,0.23685756250000004,0.09050731249999999,0.44566787500000005
0.25,0.0625,0.6875,0.23320987500000004,0.09428875,0.48821425000000007
0.25,0.0625,0.75,0.22956218750000004,0.0980701875,0.5307606250000001
0.25,0.0625,0.8125,0.22591450000000005,0.101851625,0.5733070000000001
0.25,0.0625,0.875,0.22226681250000005,0.1056330625,0.615853375
0.25,0.0625,0.9375,0.21861912500000003,0.1094145,0.6583997500000001
0.25,0.0625,1.0,0.21497143750000003,0.1131959375,0.7009461250000001
0.25,0.125,0.0,0.27041987500000003,0.11342012500000001,0.04007424999999999
0.25,0.125,0.0625,0.26677218750000004,0.11720156250000001,0.082620625
0.25,0.125,0.125,0.26312450000000004,0.12098300000000001,0.125167
0.25,0.125,0.1875,0.25947681250000004,0.1247644375,0.167713375
0.25,0.125,0.25,0.25582912500000005,0.128545875,0.21025975000000002
0.25,0.125,0.3125,0.25218143750000005,0.13232731250000002,0.252806125
0.25,0.125,0.375,0.24853375000000005,0.13610875,0.2953525
0.25,0.125,0.4375,0.24488606250000003,0.1398901875,0.337898875
0.25,0.125,0.5,0.24123837500000003,0.143671625,0.38044525
0.25,0.125,0.5625,0.23759068750000004,0.1474530625,0.42299162500000004
0.25,0.125,0.625,0.23394300000000004,0.1512345,0.465538
0.25,0.125,0.6875,0.23029531250000004,0.1550159375,0.508084375
0.25,0.125,0.75,0.22664762500000005,0.15879737500000002,0.5506307500000001
0.25,0.125,0.8125,0.22299993750000005,0.1625788125,0.5931771250000001
0.25,0.125,0.875,0.21935225000000005,0.16636025,0.6357235
0.25,0.125,0.9375,0.21570456250000003,0.1701416875,0.678269875
0.25,0.125,1.0,0.21205687500000003,0.173923125,0.72081625
0.25,0.1875,0.0,0.26750531250000004,0.1741473125,0.05994437499999999
0.25,0.1875,0.0625,0.26385762500000004,0.17792875000000002,0.10249074999999999
0.25,0.1875,0.125,0.26020993750000004,0.1817101875,0.145037125
0.25,0.1875,0.1875,0.25656225000000005,0.18549162500000002,0.18758350000000001
0.25,0.1875,0.25,0.25291456250000005,0.1892730625,0.230129875
0.25,0.1875,0.3125,0.24926687500000005,0.19305450000000002,0.27267625
0.25,0.1875,0.375,0.24561918750000006,0.1968359375,0.31522262500000003
0.25,0.1875,0.4375,0.24197150000000003,0.20061737500000001,0.357769
0.25,0.1875,0.5,0.23832381250000004,0.2043988125,0.40031537500000003
0.25,0.1875,0.5625,0.23467612500000004,0.20818025,0.44286175000000005
0.25,0.1875,0.625,0.23102843750000004,0.2119616875,0.485408125
0.25,0.1875,0.6875,0.22738075000000005,0.215743125,0.5279545
0.25,0.1875,0.75,0.22373306250000005,0.21952456250000002,0.570500875
0.25,0.1875,0.8125,0.22008537500000006,0.223306,0.61304725
0.25,0.1875,0.875,0.21643768750000006,0.2270874375,0.655593625
0.25,0.1875,0.9375,0.21279000000000003,0.230868875,0.69814
0.25,0.1875,1.0,0.20914231250000004,0.2346503125,0.740686375
0.25,0.25,0.0,0.26459075000000004,0.2348745,0.07981449999999998
0.25,0.25,0.0625,0.26094306250000004,0.23865593750000003,0.12236087499999998
0.25,0.25,0.125,0.25729537500000005,0.242437375,0.16490725
0.25,0.25,0.1875,0.25364768750000005,0.24621881250000002,0.207453625
0.25,0.25,0.25,0.25000000000000006,0.25000025000000003,0.25
0.25,0.25,0.3125,0.24635231250000006,0.2537816875,0.292546375
0.25,0.25,0.375,0.24270462500000006,0.257563125,0.33509275000000005
0.25,0.25,0.4375,0.23905693750000004,0.2613445625,0.37763912499999996
0.25,0.25,0.5,0.23540925000000004,0.26512600000000003,0.4201855
0.25,0.25,0.5625,0.23176156250000005,0.2689074375,0.462731875
0.25,0.25,0.625,0.22811387500000005,0.272688875,0.50527825
0.25,0.25,0.6875,0.22446618750000005,0.2764703125,0.5478246250000001
0.25,0.25,0.75,0.22081850000000006,0.28025175,0.5903710000000001
0.25,0.25,0.8125,0.21717081250000006,0.2840331875,0.6329173750000001
0.25,0.25,0.875,0.21352312500000006,0.287814625,0.67546375
0.25,0.25,0.9375,0.20987543750000004,0.29159606250000003,0.718010125
0.25,0.25,1.0,0.20622775000000004,0.2953775,0.7605565000000001
0.25,0.3125,0.0,0.26167618750000005,0.29560168750000004,0.09968462499999997
0.25,0.3125,0.0625,0.25802850000000005,0.299383125,0.14223099999999997
0.25,0.3125,0.125,0.25438081250000005,0.30316456250000007,0.18477737499999997
0.25,0.3125,0.1875,0.25073312500000006,0.30694600000000005,0.22732375
0.25,0.3125,0.25,0.24708543750000006,0.31072743750000004,0.26987012499999996
0.25,0.3125,0.3125,0.24343775000000006,0.314508875,0.3124165
0.25,0.3125,0.375,0.23979006250000007,0.31829031250000006,0.354962875
0.25,0.3125,0.4375,0.23614237500000004,0.32207175000000005,0.39750925
0.25,0.3125,0.5,0.23249468750000005,0.32585318750000003,0.440055625
0.25,0.3125,0.5625,0.22884700000000005,0.329634625,0.48260200000000003
0.25,0.3125,0.625,0.22519931250000005,0.33341606250000005,0.525148375
0.25,0.3125,0.6875,0.22155162500000006,0.33719750000000004,0.56769475
0.25,0.3125,0.75,0.21790393750000006,0.3409789375,0.610241125
0.25,0.3125,0.8125,0.21425625000000006,0.344760375,0.6527875000000001
0.25,0.3125,0.875,0.21060856250000007,0.34854181250000005,0.695333875
0.25,0.3125,0.9375,0.20696087500000004,0.35232325000000003,0.73788025
0.25,0.3125,1.0,0.20331318750000005,0.3561046875,0.780426625
0.25,0.375,0.0,0.25876162500000005,0.356328875,0.11955474999999997
0.25,0.375,0.0625,0.25511393750000005,0.3601103125,0.16210112499999998
0.25,0.375,0.125,0.25146625000000006,0.36389175,0.20464749999999998
0.25,0.375,0.1875,0.24781856250000006,0.3676731875,0.247193875
0.25,0.375,0.25,0.24417087500000006,0.371454625,0.28974025
0.25,0.375,0.3125,0.24052318750000007,0.37523606249999997,0.332286625
0.25,0.375,0.375,0.23687550000000007,0.3790175,0.374833
0.25,0.375,0.4375,0.23322781250000005,0.3827989375,0.417379375
0.25,0.375,0.5,0.22958012500000005,0.386580375,0.45992575
0.25,0.375,0.5625,0.22593243750000006,0.39036181249999996,0.502472125
0.25,0.375,0.625,0.22228475000000006,0.39414325,0.5450185
0.25,0.375,0.6875,0.21863706250000006,0.3979246875,0.587564875
0.25,0.375,0.75,0.21498937500000007,0.40170612499999997,0.63011125
0.25,0.375,0.8125,0.21134168750000007,0.40548756249999995,0.672657625
0.25,0.375,0.875,0.20769400000000007,0.409269,0.715204
0.25,0.375,0.9375,0.20404631250000005,0.4130504375,0.757750375
0.25,0.375,1.0,0.20039862500000005,0.41683187499999996,0.80029675
0.25,0.4375,0.0,0.25584706250000006,0.41705606250000005,0.13942487499999998
0.25,0.4375,0.0625,0.25219937500000006,0.42083750000000003,0.18197124999999997
0.25,0.4375,0.125,0.24855168750000006,0.42461893750000007,0.224517625
0.25,0.4375,0.1875,0.24490400000000007,0.42840037500000006,0.26706399999999997
0.25,0.4375,0.25,0.24125631250000007,0.43218181250000004,0.309610375
0.25,0.4375,0.3125,0.23760862500000007,0.43596325,0.35215675
0.25,0.4375,0.375,0.23396093750000008,0.43974468750000006,0.39470312500000004
0.25,0.4375,0.4375,0.23031325000000005,0.44352612500000005,0.43724949999999996
0.25,0.4375,0.5,0.22666556250000006,0.44730756250000003,0.479795875
0.25,0.4375,0.5625,0.22301787500000006,0.451089,0.52234225
0.25,0.4375,0.625,0.21937018750000006,0.45487043750000006,0.564888625
0.25,0.4375,0.6875,0.21572250000000007,0.45865187500000004,0.6074350000000001
0.25,0.4375,0.75,0.21207481250000007,0.4624333125,0.6499813750000001
0.25,0.4375,0.8125,0.20842712500000007,0.46621475,0.6925277500000001
0.25,0.4375,0.875,0.20477943750000008,0.46999618750000005,0.735074125
0.25,0.4375,0.9375,0.20113175000000005,0.47377762500000004,0.7776205
0.25,0.4375,1.0,0.19748406250000006,0.4775590625,0.8201668750000001
0.25,0.5,0.0,0.25293250000000006,0.47778325,0.15929499999999996
0.25,0.5,0.0625,0.24928481250000006,0.4815646875,0.20184137499999996
0.25,0.5,0.125,0.24563712500000007,0.485346125,0.24438774999999996
0.25,0.5,0.1875,0.24198943750000007,0.4891275625,0.286934125
0.25,0.5,0.25,0.23834175000000007,0.492909,0.32948049999999995
0.25,0.5,0.3125,0.23469406250000008,0.49669043749999997,0.372026875
0.25,0.5,0.375,0.23104637500000008,0.500471875,0.41457325
0.25,0.5,0.4375,0.22739868750000006,0.5042533124999999,0.457119625
0.25,0.5,0.5,0.22375100000000006,0.50803475,0.499666
0.25,0.5,0.5625,0.22010331250000006,0.5118161875,0.5422123750000001
0.25,0.5,0.625,0.21645562500000007,0.515597625,0.58475875
0.25,0.5,0.6875,0.21280793750000007,0.5193790625,0.627305125
0.25,0.5,0.75,0.20916025000000008,0.5231605,0.6698515
0.25,0.5,0.8125,0.20551256250000008,0.5269419375,0.7123978750000001
0.25,0.5,0.875,0.20186487500000008,0.530723375,0.75494425
0.25,0.5,0.9375,0.19821718750000006,0.5345048125,0.797490625
0.25,0.5,1.0,0.19456950000000006,0.53828625,0.840037
0.25,0.5625,0.0,0.25001793750000006,0.5385104374999999,0.17916512499999995
0.25,0.5625,0.0625,0.24637025000000007,0.542291875,0.22171149999999995
0.25,0.5625,0.125,0.24272256250000007,0.5460733124999999,0.264257875
0.25,0.5625,0.1875,0.23907487500000008,0.54985475,0.30680425
0.25,0.5625,0.25,0.23542718750000008,0.5536361875,0.34935062499999997
0.25,0.5625,0.3125,0.23177950000000008,0.5574176249999999,0.39189699999999994
0.25,0.5625,0.375,0.2281318125000001,0.5611990625,0.43444337499999996
0.25,0.5625,0.4375,0.22448412500000006,0.5649804999999999,0.47698975
0.25,0.5625,0.5,0.22083643750000007,0.5687619374999999,0.519536125
0.25,0.5625,0.5625,0.21718875000000007,0.572543375,0.5620825
0.25,0.5625,0.625,0.21354106250000007,0.5763248124999999,0.604628875
0.25,0.5625,0.6875,0.20989337500000008,0.5801062499999999,0.64717525
0.25,0.5625,0.75,0.20624568750000008,0.5838876875,0.689721625
0.25,0.5625,0.8125,0.20259800000000008,0.5876691249999999,0.732268
0.25,0.5625,0.875,0.1989503125000001,0.5914505624999999,0.7748143749999999
0.25,0.5625,0.9375,0.19530262500000006,0.595232,0.81736075
0.25,0.5625,1.0,0.19165493750000007,0.5990134374999999,0.859907125
0.25,0.625,0.0,0.24710337500000007,0.599237625,0.19903524999999994
0.25,0.625,0.0625,0.24345568750000007,0.6030190625,0.24158162499999994
0.25,0.625,0.125,0.23980800000000008,0.6068005,0.28412799999999994
0.25,0.625,0.1875,0.23616031250000008,0.6105819375,0.32667437499999996
0.25,0.625,0.25,0.23251262500000008,0.614363375,0.36922075
0.25,0.625,0.3125,0.2288649375000001,0.6181448125,0.41176712499999996
0.25,0.625,0.375,0.2252172500000001,0.62192625,0.4543135
0.25,0.625,0.4375,0.22156956250000007,0.6257076874999999,0.49685987499999995
0.25,0.625,0.5,0.21792187500000007,0.629489125,0.53940625
0.25,0.625,0.5625,0.21427418750000007,0.6332705625,0.581952625
0.25,0.625,0.625,0.21062650000000008,0.637052,0.6244989999999999
0.25,0.625,0.6875,0.20697881250000008,0.6408334375,0.667045375
0.25,0.625,0.75,0.20333112500000008,0.644614875,0.70959175
0.25,0.625,0.8125,0.1996834375000001,0.6483963125,0.7521381250000001
0.25,0.625,0.875,0.1960357500000001,0.65217775,0.7946845
0.25,0.625,0.9375,0.19238806250000007,0.6559591874999999,0.8372308749999999
0.25,0.625,1.0,0.18874037500000007,0.659740625,0.8797772500000001
0.25,0.6875,0.0,0.24418881250000007,0.6599648125,0.21890537499999996
0.25,0.6875,0.0625,0.24054112500000008,0.6637462500000001,0.26145175
0.25,0.6875,0.125,0.23689343750000008,0.6675276875,0.30399812499999995
0.25,0.6875,0.1875,0.23324575000000008,0.6713091250000001,0.3465445
0.25,0.6875,0.25,0.2295980625000001,0.6750905625000001,0.38909087499999995
0.25,0.6875,0.3125,0.2259503750000001,0.678872,0.43163725
0.25,0.6875,0.375,0.2223026875000001,0.6826534375000001,0.474183625
0.25,0.6875,0.4375,0.21865500000000007,0.686434875,0.5167299999999999
0.25,0.6875,0.5,0.21500731250000008,0.6902163125,0.559276375
0.25,0.6875,0.5625,0.21135962500000008,0.6939977500000001,0.60182275
0.25,0.6875,0.625,0.20771193750000008,0.6977791875,0.644369125
0.25,0.6875,0.6875,0.20406425000000009,0.701560625,0.6869155
0.25,0.6875,0.75,0.2004165625000001,0.7053420625000001,0.729461875
0.25,0.6875,0.8125,0.1967688750000001,0.7091235,0.7720082500000001
0.25,0.6875,0.875,0.1931211875000001,0.7129049375000001,0.814554625
0.25,0.6875,0.9375,0.18947350000000007,0.7166863750000001,0.857101
0.25,0.6875,1.0,0.18582581250000008,0.7204678125,0.899647375
0.25,0.75,0.0,0.24127425000000008,0.720692,0.23877549999999995
0.25,0.75,0.0625,0.23762656250000008,0.7244734375,0.28132187499999994
0.25,0.75,0.125,0.23397887500000009,0.728254875,0.32386824999999997
0.25,0.75,0.1875,0.2303311875000001,0.7320363125,0.366414625
0.25,0.75,0.25,0.2266835000000001,0.73581775,0.40896099999999996
0.25,0.75,0.3125,0.2230358125000001,0.7395991875,0.45150737499999993
0.25,0.75,0.375,0.2193881250000001,0.743380625,0.49405374999999996
0.25,0.75,0.4375,0.21574043750000008,0.7471620625,0.536600125
0.25,0.75,0.5,0.21209275000000008,0.7509435,0.5791465
0.25,0.75,0.5625,0.20844506250000008,0.7547249375,0.621692875
0.25,0.75,0.625,0.2047973750000001,0.758506375,0.66423925
0.25,0.75,0.6875,0.2011496875000001,0.7622878125,0.706785625
0.25,0.75,0.75,0.1975020000000001,0.76606925,0.749332
0.25,0.75,0.8125,0.1938543125000001,0.7698506875,0.791878375
0.25,0.75,0.875,0.1902066250000001,0.773632125,0.8344247499999999
0.25,0.75,0.9375,0.18655893750000008,0.7774135625,0.876971125
0.25,0.75,1.0,0.18291125000000008,0.781195,0.9195175
0.25,0.8125,0.0,0.23835968750000008,0.7814191875,0.25864562499999993
0.25,0.8125,0.0625,0.2347120000000001,0.785200625,0.30119199999999996
0.25,0.8125,0.125,0.2310643125000001,0.7889820624999999,0.34373837499999993
0.25,0.8125,0.1875,0.2274166250000001,0.7927635,0.38628474999999995
0.25,0.8125,0.25,0.2237689375000001,0.7965449375,0.428831125
0.25,0.8125,0.3125,0.2201212500000001,0.8003263749999999,0.47137749999999995
0.25,0.8125,0.375,0.2164735625000001,0.8041078125,0.5139238749999999
0.25,0.8125,0.4375,0.21282587500000008,0.8078892499999999,0.5564702499999999
0.25,0.8125,0.5,0.20917818750000008,0.8116706874999999,0.599016625
0.25,0.8125,0.5625,0.2055305000000001,0.815452125,0.641563
0.25,0.8125,0.625,0.2018828125000001,0.8192335624999999,0.684109375
0.25,0.8125,0.6875,0.1982351250000001,0.8230149999999999,0.7266557499999999
0.25,0.8125,0.75,0.1945874375000001,0.8267964375,0.7692021250000001
0.25,0.8125,0.8125,0.1909397500000001,0.8305778749999999,0.8117485
0.25,0.8125,0.875,0.1872920625000001,0.8343593125,0.8542948749999999
0.25,0.8125,0.9375,0.18364437500000008,0.83814075,0.89684125
0.25,0.8125,1.0,0.17999668750000009,0.8419221874999999,0.939387625
0.25,0.875,0.0,0.2354451250000001,0.842146375,0.27851574999999995
0.25,0.875,0.0625,0.2317974375000001,0.8459278125,0.321062125
0.25,0.875,0.125,0.2281497500000001,0.84970925,0.36360849999999995
0.25,0.875,0.1875,0.2245020625000001,0.8534906875,0.40615487499999997
0.25,0.875,0.25,0.2208543750000001,0.857272125,0.44870124999999994
0.25,0.875,0.3125,0.2172066875000001,0.8610535625,0.49124762499999997
0.25,0.875,0.375,0.2135590000000001,0.864835,0.533794
0.25,0.875,0.4375,0.20991131250000009,0.8686164375,0.576340375
0.25,0.875,0.5,0.2062636250000001,0.872397875,0.6188867499999999
0.25,0.875,0.5625,0.2026159375000001,0.8761793125,0.6614331250000001
0.25,0.875,0.625,0.1989682500000001,0.87996075,0.7039795
0.25,0.875,0.6875,0.1953205625000001,0.8837421875,0.746525875
0.25,0.875,0.75,0.1916728750000001,0.887523625,0.78907225
0.25,0.875,0.8125,0.1880251875000001,0.8913050625,0.8316186250000001
0.25,0.875,0.875,0.1843775000000001,0.8950865,0.874165
0.25,0.875,0.9375,0.1807298125000001,0.8988679374999999,0.916711375
0.25,0.875,1.0,0.1770821250000001,0.902649375,0.95925775
0.25,0.9375,0.0,0.2325305625000001,0.9028735625000001,0.2983858749999999
0.25,0.9375,0.0625,0.2288828750000001,0.9066550000000001,0.34093224999999994
0.25,0.9375,0.125,0.2252351875000001,0.9104364375,0.3834786249999999
0.25,0.9375,0.1875,0.2215875000000001,0.9142178750000001,0.42602499999999993
0.25,0.9375,0.25,0.2179398125000001,0.9179993125000001,0.4685713749999999
0.25,0.9375,0.3125,0.2142921250000001,0.92178075,0.5111177499999999
0.25,0.9375,0.375,0.21064443750000011,0.9255621875000001,0.553664125
0.25,0.9375,0.4375,0.2069967500000001,0.929343625,0.5962105
0.25,0.9375,0.5,0.2033490625000001,0.9331250625,0.6387568749999999
0.25,0.9375,0.5625,0.1997013750000001,0.9369065000000001,0.68130325
0.25,0.9375,0.625,0.1960536875000001,0.9406879375,0.7238496249999999
0.25,0.9375,0.6875,0.1924060000000001,0.944469375,0.766396
0.25,0.9375,0.75,0.1887583125000001,0.9482508125000001,0.808942375
0.25,0.9375,0.8125,0.1851106250000001,0.95203225,0.85148875
0.25,0.9375,0.875,0.18146293750000012,0.9558136875000001,0.8940351249999999
0.25,0.9375,0.9375,0.1778152500000001,0.9595951250000001,0.9365815
0.25,0.9375,1.0,0.1741675625000001,0.9633765625,0.979127875
0.25,1.0,0.0,0.2296160000000001,0.96360075,0.31825599999999993
0.25,1.0,0.0625,0.2259683125000001,0.9673821875,0.36080237499999995
0.25,1.0,0.125,0.2223206250000001,0.971163625,0.4033487499999999
0.25,1.0,0.1875,0.2186729375000001,0.9749450625,0.44589512499999995
0.25,1.0,0.25,0.2150252500000001,0.9787265,0.4884415
0.25,1.0,0.3125,0.21137756250000012,0.9825079375,0.5309878749999999
0.25,1.0,0.375,0.20772987500000012,0.986289375,0.57353425
0.25,1.0,0.4375,0.2040821875000001,0.9900708125,0.6160806249999999
0.25,1.0,0.5,0.2004345000000001,0.99385225,0.658627
0.25,1.0,0.5625,0.1967868125000001,0.9976336875,0.701173375
0.25,1.0,0.625,0.1931391250000001,1.001415125,0.7437197499999999
0.25,1.0,0.6875,0.1894914375000001,1.0051965625,0.786266125
0.25,1.0,0.75,0.1858437500000001,1.008978,0.8288125
0.25,1.0,0.8125,0.18219606250000012,1.0127594375,0.8713588750000001
0.25,1.0,0.875,0.17854837500000012,1.016540875,0.91390525
0.25,1.0,0.9375,0.1749006875000001,1.0203223125,0.9564516249999999
0.25,1.0,1.0,0.1712530000000001,1.02410375,0.998998
0.3125,0.0,0.0,0.34531125,-0.010042812499999991,0.0004175000000000015
0.3125,0.0,0.0625,0.3416635625,-0.006261374999999992,0.042963875000000006
0.3125,0.0,0.125,0.338015875,-0.0024799374999999926,0.08551025000000001
0.3125,0.0,0.1875,0.3343681875,0.0013015000000000075,0.12805662500000004
0.3125,0.0,0.25,0.33072050000000003,0.005082937500000006,0.17060300000000003
0.3125,0.0,0.3125,0.32707281250000003,0.008864375000000004,0.21314937500000003
0.3125,0.0,0.375,0.32342512500000004,0.012645812500000006,0.25569575000000005
0.3125,0.0,0.4375,0.31977743750000004,0.016427250000000004,0.298242125
0.3125,0.0,0.5,0.31612975000000004,0.020208687500000003,0.34078850000000005
0.3125,0.0,0.5625,0.31248206250000005,0.023990125,0.3833348750000001
0.3125,0.0,0.625,0.308834375,0.0277715625,0.42588125000000004
0.3125,0.0,0.6875,0.3051866875,0.031553,0.46842762500000007
0.3125,0.0,0.75,0.301539,0.0353344375,0.510974
0.3125,0.0,0.8125,0.2978913125,0.039115875,0.5535203750000001
0.3125,0.0,0.875,0.294243625,0.0428973125,0.59606675
0.3125,0.0,0.9375,0.2905959375,0.04667875,0.638613125
0.3125,0.0,1.0,0.28694825,0.050460187499999996,0.6811595
0.3125,0.0625,0.0,0.3423966875,0.05068437500000001,0.020287624999999997
0.3125,0.0625,0.0625,0.338749,0.05446581250000001,0.062834
0.3125,0.0625,0.125,0.3351013125,0.05824725000000001,0.105380375
0.3125,0.0625,0.1875,0.33145362500000003,0.06202868750000001,0.14792675000000002
0.3125,0.0625,0.25,0.32780593750000003,0.06581012500000001,0.19047312500000002
0.3125,0.0625,0.3125,0.32415825000000004,0.06959156250000001,0.23301950000000002
0.3125,0.0625,0.375,0.32051056250000004,0.07337300000000001,0.275565875
0.3125,0.0625,0.4375,0.31686287500000004,0.0771544375,0.31811225
0.3125,0.0625,0.5,0.31321518750000005,0.080935875,0.360658625
0.3125,0.0625,0.5625,0.30956750000000005,0.0847173125,0.40320500000000004
0.3125,0.0625,0.625,0.3059198125,0.08849875,0.445751375
0.3125,0.0625,0.6875,0.302272125,0.0922801875,0.48829775000000003
0.3125,0.0625,0.75,0.2986244375,0.09606162500000001,0.5308441250000001
0.3125,0.0625,0.8125,0.29497675,0.0998430625,0.5733905000000001
0.3125,0.0625,0.875,0.2913290625,0.10362450000000001,0.615936875
0.3125,0.0625,0.9375,0.287681375,0.10740593749999999,0.6584832500000001
0.3125,0.0625,1.0,0.2840336875,0.111187375,0.7010296250000001
0.3125,0.125,0.0,0.339482125,0.1114115625,0.04015774999999999
0.3125,0.125,0.0625,0.3358344375,0.115193,0.08270412499999999
0.3125,0.125,0.125,0.33218675000000003,0.1189744375,0.1252505
0.3125,0.125,0.1875,0.32853906250000003,0.122755875,0.167796875
0.3125,0.125,0.25,0.32489137500000004,0.1265373125,0.21034325
0.3125,0.125,0.3125,0.32124368750000004,0.13031875,0.252889625
0.3125,0.125,0.375,0.31759600000000004,0.1341001875,0.29543600000000003
0.3125,0.125,0.4375,0.31394831250000005,0.137881625,0.337982375
0.3125,0.125,0.5,0.31030062500000005,0.1416630625,0.38052875
0.3125,0.125,0.5625,0.30665293750000006,0.1454445,0.42307512500000005
0.3125,0.125,0.625,0.30300525,0.1492259375,0.4656215
0.3125,0.125,0.6875,0.2993575625,0.153007375,0.508167875
0.3125,0.125,0.75,0.295709875,0.15678881249999999,0.5507142500000001
0.3125,0.125,0.8125,0.2920621875,0.16057025,0.5932606250000001
0.3125,0.125,0.875,0.2884145,0.1643516875,0.635807
0.3125,0.125,0.9375,0.2847668125,0.168133125,0.678353375
0.3125,0.125,1.0,0.281119125,0.17191456249999998,0.7208997500000001
0.3125,0.1875,0.0,0.33656756250000003,0.17213875,0.06002787499999999
0.3125,0.1875,0.0625,0.33291987500000003,0.17592018750000002,0.10257424999999999
0.3125,0.1875,0.125,0.32927218750000004,0.179701625,0.145120625
0.3125,0.1875,0.1875,0.32562450000000004,0.18348306250000002,0.187667
0.3125,0.1875,0.25,0.32197681250000004,0.1872645,0.230213375
0.3125,0.1875,0.3125,0.31832912500000005,0.1910459375,0.27275975
0.3125,0.1875,0.375,0.31468143750000005,0.194827375,0.31530612500000005
0.3125,0.1875,0.4375,0.31103375000000005,0.1986088125,0.3578525
0.3125,0.1875,0.5,0.30738606250000006,0.20239025,0.40039887500000004
0.3125,0.1875,0.5625,0.30373837500000006,0.2061716875,0.44294525000000007
0.3125,0.1875,0.625,0.3000906875,0.209953125,0.48549162500000004
0.3125,0.1875,0.6875,0.296443,0.2137345625,0.528038
0.3125,0.1875,0.75,0.2927953125,0.217516,0.570584375
0.3125,0.1875,0.8125,0.289147625,0.2212974375,0.6131307500000001
0.3125,0.1875,0.875,0.2854999375,0.225078875,0.655677125
0.3125,0.1875,0.9375,0.28185225,0.2288603125,0.6982235
0.3125,0.1875,1.0,0.27820456250000003,0.23264174999999998,0.740769875
0.3125,0.25,0.0,0.33365300000000003,0.2328659375,0.07989799999999998
0.3125,0.25,0.0625,0.33000531250000004,0.23664737500000002,0.122444375
0.3125,0.25,0.125,0.32635762500000004,0.2404288125,0.16499075
0.3125,0.25,0.1875,0.32270993750000004,0.24421025000000002,0.207537125
0.3125,0.25,0.25,0.31906225000000005,0.2479916875,0.2500835
0.3125,0.25,0.3125,0.31541456250000005,0.251773125,0.292629875
0.3125,0.25,0.375,0.31176687500000005,0.2555545625,0.33517625
0.3125,0.25,0.4375,0.30811918750000006,0.259336,0.377722625
0.3125,0.25,0.5,0.30447150000000006,0.2631174375,0.420269
0.3125,0.25,0.5625,0.30082381250000007,0.266898875,0.46281537500000003
0.3125,0.25,0.625,0.297176125,0.2706803125,0.50536175
0.3125,0.25,0.6875,0.2935284375,0.27446175,0.5479081250000001
0.3125,0.25,0.75,0.28988075,0.2782431875,0.5904545000000001
0.3125,0.25,0.8125,0.2862330625,0.28202462500000003,0.6330008750000001
0.3125,0.25,0.875,0.282585375,0.2858060625,0.67554725
0.3125,0.25,0.9375,0.27893768750000003,0.2895875,0.7180936250000001
0.3125,0.25,1.0,0.27529000000000003,0.2933689375,0.7606400000000001
0.3125,0.3125,0.0,0.33073843750000004,0.293593125,0.09976812499999997
0.3125,0.3125,0.0625,0.32709075000000004,0.2973745625,0.14231449999999998
0.3125,0.3125,0.125,0.32344306250000004,0.30115600000000003,0.18486087499999998
0.3125,0.3125,0.1875,0.31979537500000005,0.3049374375,0.22740725
0.3125,0.3125,0.25,0.31614768750000005,0.308718875,0.269953625
0.3125,0.3125,0.3125,0.31250000000000006,0.3125003125,0.3125
0.3125,0.3125,0.375,0.30885231250000006,0.31628175000000003,0.355046375
0.3125,0.3125,0.4375,0.30520462500000006,0.3200631875,0.39759275
0.3125,0.3125,0.5,0.30155693750000007,0.323844625,0.440139125
0.3125,0.3125,0.5625,0.29790925000000007,0.3276260625,0.48268550000000005
0.3125,0.3125,0.625,0.2942615625,0.3314075,0.525231875
0.3125,0.3125,0.6875,0.290613875,0.3351889375,0.56777825
0.3125,0.3125,0.75,0.2869661875,0.338970375,0.6103246250000001
0.3125,0.3125,0.8125,0.28331850000000003,0.3427518125,0.6528710000000001
0.3125,0.3125,0.875,0.27967081250000003,0.34653325,0.695417375
0.3125,0.3125,0.9375,0.27602312500000004,0.3503146875,0.73796375
0.3125,0.3125,1.0,0.27237543750000004,0.354096125,0.780510125
0.3125,0.375,0.0,0.32782387500000004,0.3543203125,0.11963824999999997
0.3125,0.375,0.0625,0.32417618750000005,0.35810175,0.16218462499999997
0.3125,0.375,0.125,0.32052850000000005,0.36188318750000004,0.204731
0.3125,0.375,0.1875,0.31688081250000005,0.365664625,0.247277375
0.3125,0.375,0.25,0.31323312500000006,0.3694460625,0.28982375
0.3125,0.375,0.3125,0.30958543750000006,0.3732275,0.33237012499999996
0.3125,0.375,0.375,0.30593775000000006,0.37700893750000003,0.3749165
0.3125,0.375,0.4375,0.30229006250000007,0.380790375,0.417462875
0.3125,0.375,0.5,0.29864237500000007,0.3845718125,0.46000925000000004
0.3125,0.375,0.5625,0.2949946875000001,0.38835325,0.5025556250000001
0.3125,0.375,0.625,0.291347,0.3921346875,0.545102
0.3125,0.375,0.6875,0.2876993125,0.395916125,0.587648375
0.3125,0.375,0.75,0.28405162500000003,0.3996975625,0.63019475
0.3125,0.375,0.8125,0.28040393750000003,0.40347900000000003,0.672741125
0.3125,0.375,0.875,0.27675625000000004,0.4072604375,0.7152875
0.3125,0.375,0.9375,0.27310856250000004,0.411041875,0.757833875
0.3125,0.375,1.0,0.26946087500000004,0.4148233125,0.80038025
0.3125,0.4375,0.0,0.32490931250000005,0.4150475,0.139508375
0.3125,0.4375,0.0625,0.32126162500000005,0.4188289375,0.18205475
0.3125,0.4375,0.125,0.31761393750000005,0.42261037500000004,0.224601125
0.3125,0.4375,0.1875,0.31396625000000006,0.4263918125,0.2671475
0.3125,0.4375,0.25,0.31031856250000006,0.43017325,0.309693875
0.3125,0.4375,0.3125,0.30667087500000006,0.4339546875,0.35224025000000003
0.3125,0.4375,0.375,0.30302318750000007,0.43773612500000003,0.39478662500000006
0.3125,0.4375,0.4375,0.29937550000000007,0.4415175625,0.43733299999999997
0.3125,0.4375,0.5,0.2957278125000001,0.445299,0.479879375
0.3125,0.4375,0.5625,0.2920801250000001,0.4490804375,0.52242575
0.3125,0.4375,0.625,0.2884324375,0.452861875,0.564972125
0.3125,0.4375,0.6875,0.28478475000000003,0.4566433125,0.6075185000000001
0.3125,0.4375,0.75,0.28113706250000003,0.46042475,0.6500648750000001
0.3125,0.4375,0.8125,0.27748937500000004,0.4642061875,0.6926112500000001
0.3125,0.4375,0.875,0.27384168750000004,0.467987625,0.735157625
0.3125,0.4375,0.9375,0.27019400000000005,0.4717690625,0.7777040000000001
0.3125,0.4375,1.0,0.26654631250000005,0.4755505,0.8202503750000001
0.3125,0.5,0.0,0.32199475000000005,0.4757746875,0.15937849999999998
0.3125,0.5,0.0625,0.31834706250000006,0.479556125,0.20192487499999998
0.3125,0.5,0.125,0.31469937500000006,0.48333756250000004,0.24447124999999997
0.3125,0.5,0.1875,0.31105168750000006,0.487119,0.287017625
0.3125,0.5,0.25,0.30740400000000007,0.4909004375,0.32956399999999997
0.3125,0.5,0.3125,0.30375631250000007,0.494681875,0.372110375
0.3125,0.5,0.375,0.3001086250000001,0.49846331250000003,0.41465675
0.3125,0.5,0.4375,0.2964609375000001,0.50224475,0.457203125
0.3125,0.5,0.5,0.2928132500000001,0.5060261875000001,0.4997495
0.3125,0.5,0.5625,0.2891655625000001,0.509807625,0.542295875
0.3125,0.5,0.625,0.28551787500000003,0.5135890625,0.58484225
0.3125,0.5,0.6875,0.28187018750000004,0.5173705,0.627388625
0.3125,0.5,0.75,0.27822250000000004,0.5211519375,0.6699350000000001
0.3125,0.5,0.8125,0.27457481250000004,0.524933375,0.7124813750000001
0.3125,0.5,0.875,0.27092712500000005,0.5287148125,0.75502775
0.3125,0.5,0.9375,0.26727943750000005,0.53249625,0.797574125
0.3125,0.5,1.0,0.26363175000000005,0.5362776875,0.8401205
0.3125,0.5625,0.0,0.31908018750000006,0.536501875,0.17924862499999997
0.3125,0.5625,0.0625,0.31543250000000006,0.5402833125000001,0.22179499999999996
0.3125,0.5625,0.125,0.31178481250000006,0.54406475,0.264341375
0.3125,0.5625,0.1875,0.30813712500000007,0.5478461875,0.30688775
0.3125,0.5625,0.25,0.30448943750000007,0.5516276250000001,0.349434125
0.3125,0.5625,0.3125,0.3008417500000001,0.5554090625,0.39198049999999995
0.3125,0.5625,0.375,0.2971940625000001,0.5591905,0.434526875
0.3125,0.5625,0.4375,0.2935463750000001,0.5629719375,0.47707325
0.3125,0.5625,0.5,0.2898986875000001,0.566753375,0.519619625
0.3125,0.5625,0.5625,0.2862510000000001,0.5705348125,0.562166
0.3125,0.5625,0.625,0.28260331250000004,0.57431625,0.604712375
0.3125,0.5625,0.6875,0.27895562500000004,0.5780976875,0.64725875
0.3125,0.5625,0.75,0.27530793750000004,0.581879125,0.689805125
0.3125,0.5625,0.8125,0.27166025000000005,0.5856605625,0.7323515
0.3125,0.5625,0.875,0.26801256250000005,0.589442,0.774897875
0.3125,0.5625,0.9375,0.26436487500000005,0.5932234375000001,0.81744425
0.3125,0.5625,1.0,0.26071718750000006,0.597004875,0.859990625
0.3125,0.625,0.0,0.31616562500000006,0.5972290625000001,0.19911874999999996
0.3125,0.625,0.0625,0.31251793750000006,0.6010105000000001,0.24166512499999995
0.3125,0.625,0.125,0.30887025000000007,0.6047919375,0.28421149999999995
0.3125,0.625,0.1875,0.30522256250000007,0.6085733750000001,0.326757875
0.3125,0.625,0.25,0.3015748750000001,0.6123548125000001,0.36930425
0.3125,0.625,0.3125,0.2979271875000001,0.61613625,0.41185062499999997
0.3125,0.625,0.375,0.2942795000000001,0.6199176875000001,0.454397
0.3125,0.625,0.4375,0.2906318125000001,0.623699125,0.49694337499999996
0.3125,0.625,0.5,0.2869841250000001,0.6274805625000001,0.53948975
0.3125,0.625,0.5625,0.2833364375000001,0.6312620000000001,0.582036125
0.3125,0.625,0.625,0.27968875000000004,0.6350434375,0.6245825
0.3125,0.625,0.6875,0.27604106250000005,0.6388248750000001,0.667128875
0.3125,0.625,0.75,0.27239337500000005,0.6426063125000001,0.7096752500000001
0.3125,0.625,0.8125,0.26874568750000005,0.64638775,0.752221625
0.3125,0.625,0.875,0.26509800000000006,0.6501691875000001,0.7947679999999999
0.3125,0.625,0.9375,0.26145031250000006,0.653950625,0.837314375
0.3125,0.625,1.0,0.25780262500000006,0.6577320625,0.87986075
0.3125,0.6875,0.0,0.31325106250000007,0.6579562500000001,0.21898887499999997
0.3125,0.6875,0.0625,0.30960337500000007,0.6617376875000002,0.26153525
0.3125,0.6875,0.125,0.3059556875000001,0.6655191250000001,0.30408162499999997
0.3125,0.6875,0.1875,0.3023080000000001,0.6693005625000001,0.346628
0.3125,0.6875,0.25,0.2986603125000001,0.6730820000000002,0.38917437499999996
0.3125,0.6875,0.3125,0.2950126250000001,0.6768634375000001,0.43172075
0.3125,0.6875,0.375,0.2913649375000001,0.6806448750000001,0.474267125
0.3125,0.6875,0.4375,0.2877172500000001,0.6844263125000001,0.5168135
0.3125,0.6875,0.5,0.2840695625000001,0.6882077500000001,0.559359875
0.3125,0.6875,0.5625,0.2804218750000001,0.6919891875000002,0.6019062500000001
0.3125,0.6875,0.625,0.27677418750000005,0.6957706250000001,0.644452625
0.3125,0.6875,0.6875,0.27312650000000005,0.6995520625000001,0.686999
0.3125,0.6875,0.75,0.26947881250000005,0.7033335000000002,0.729545375
0.3125,0.6875,0.8125,0.26583112500000006,0.7071149375000001,0.7720917500000001
0.3125,0.6875,0.875,0.26218343750000006,0.7108963750000001,0.814638125
0.3125,0.6875,0.9375,0.25853575000000006,0.7146778125000002,0.8571845
0.3125,0.6875,1.0,0.25488806250000007,0.7184592500000001,0.899730875
0.3125,0.75,0.0,0.31033650000000007,0.7186834375000001,0.23885899999999996
0.3125,0.75,0.0625,0.3066888125000001,0.7224648750000001,0.28140537499999996
0.3125,0.75,0.125,0.3030411250000001,0.7262463125,0.32395175
0.3125,0.75,0.1875,0.2993934375000001,0.7300277500000001,0.366498125
0.3125,0.75,0.25,0.2957457500000001,0.7338091875000001,0.4090445
0.3125,0.75,0.3125,0.2920980625000001,0.737590625,0.45159087499999995
0.3125,0.75,0.375,0.2884503750000001,0.7413720625000001,0.49413725
0.3125,0.75,0.4375,0.2848026875000001,0.7451535,0.536683625
0.3125,0.75,0.5,0.2811550000000001,0.7489349375000001,0.57923
0.3125,0.75,0.5625,0.2775073125000001,0.7527163750000001,0.621776375
0.3125,0.75,0.625,0.27385962500000005,0.7564978125,0.66432275
0.3125,0.75,0.6875,0.27021193750000005,0.7602792500000001,0.706869125
0.3125,0.75,0.75,0.26656425000000006,0.7640606875000001,0.7494155
0.3125,0.75,0.8125,0.26291656250000006,0.767842125,0.791961875
0.3125,0.75,0.875,0.25926887500000007,0.7716235625000001,0.83450825
0.3125,0.75,0.9375,0.25562118750000007,0.7754050000000001,0.877054625
0.3125,0.75,1.0,0.2519735000000001,0.7791864375,0.919601
0.3125,0.8125,0.0,0.3074219375000001,0.779410625,0.25872912499999995
0.3125,0.8125,0.0625,0.3037742500000001,0.7831920625000001,0.3012755
0.3125,0.8125,0.125,0.3001265625000001,0.7869735,0.34382187499999994
0.3125,0.8125,0.1875,0.2964788750000001,0.7907549375,0.38636824999999997
0.3125,0.8125,0.25,0.2928311875000001,0.7945363750000001,0.428914625
0.3125,0.8125,0.3125,0.2891835000000001,0.7983178125,0.47146099999999996
0.3125,0.8125,0.375,0.2855358125000001,0.80209925,0.514007375
0.3125,0.8125,0.4375,0.2818881250000001,0.8058806875,0.55655375
0.3125,0.8125,0.5,0.2782404375000001,0.809662125,0.599100125
0.3125,0.8125,0.5625,0.2745927500000001,0.8134435625,0.6416465
0.3125,0.8125,0.625,0.27094506250000006,0.817225,0.6841928749999999
0.3125,0.8125,0.6875,0.26729737500000006,0.8210064375,0.7267392500000001
0.3125,0.8125,0.75,0.26364968750000006,0.8247878750000001,0.769285625
0.3125,0.8125,0.8125,0.26000200000000007,0.8285693125,0.8118320000000001
0.3125,0.8125,0.875,0.25635431250000007,0.83235075,0.854378375
0.3125,0.8125,0.9375,0.2527066250000001,0.8361321875000001,0.8969247499999999
0.3125,0.8125,1.0,0.24905893750000008,0.839913625,0.9394711250000001
0.3125,0.875,0.0,0.3045073750000001,0.8401378125000001,0.27859924999999996
0.3125,0.875,0.0625,0.3008596875000001,0.8439192500000001,0.321145625
0.3125,0.875,0.125,0.2972120000000001,0.8477006875,0.36369199999999996
0.3125,0.875,0.1875,0.2935643125000001,0.8514821250000001,0.406238375
0.3125,0.875,0.25,0.2899166250000001,0.8552635625000001,0.44878474999999995
0.3125,0.875,0.3125,0.2862689375000001,0.8590450000000001,0.491331125
0.3125,0.875,0.375,0.2826212500000001,0.8628264375000001,0.5338775
0.3125,0.875,0.4375,0.2789735625000001,0.866607875,0.5764238749999999
0.3125,0.875,0.5,0.2753258750000001,0.8703893125000001,0.61897025
0.3125,0.875,0.5625,0.2716781875000001,0.8741707500000001,0.661516625
0.3125,0.875,0.625,0.26803050000000006,0.8779521875,0.704063
0.3125,0.875,0.6875,0.26438281250000006,0.8817336250000001,0.746609375
0.3125,0.875,0.75,0.26073512500000007,0.8855150625000001,0.78915575
0.3125,0.875,0.8125,0.25708743750000007,0.8892965,0.8317021250000001
0.3125,0.875,0.875,0.2534397500000001,0.8930779375000001,0.8742485
0.3125,0.875,0.9375,0.24979206250000008,0.896859375,0.916794875
0.3125,0.875,1.0,0.24614437500000008,0.9006408125,0.95934125
0.3125,0.9375,0.0,0.3015928125000001,0.9008650000000001,0.2984693749999999
0.3125,0.9375,0.0625,0.2979451250000001,0.9046464375000002,0.34101574999999995
0.3125,0.9375,0.125,0.2942974375000001,0.9084278750000001,0.3835621249999999
0.3125,0.9375,0.1875,0.2906497500000001,0.9122093125000001,0.42610849999999995
0.3125,0.9375,0.25,0.2870020625000001,0.9159907500000002,0.4686548749999999
0.3125,0.9375,0.3125,0.2833543750000001,0.9197721875000001,0.5112012499999999
0.3125,0.9375,0.375,0.2797066875000001,0.9235536250000002,0.553747625
0.3125,0.9375,0.4375,0.2760590000000001,0.9273350625000001,0.5962939999999999
0.3125,0.9375,0.5,0.2724113125000001,0.9311165000000001,0.638840375
0.3125,0.9375,0.5625,0.2687636250000001,0.9348979375000002,0.6813867499999999
0.3125,0.9375,0.625,0.26511593750000007,0.9386793750000001,0.723933125
0.3125,0.9375,0.6875,0.26146825000000007,0.9424608125000001,0.7664795
0.3125,0.9375,0.75,0.2578205625000001,0.9462422500000002,0.809025875
0.3125,0.9375,0.8125,0.2541728750000001,0.9500236875000001,0.85157225
0.3125,0.9375,0.875,0.2505251875000001,0.9538051250000001,0.894118625
0.3125,0.9375,0.9375,0.24687750000000008,0.9575865625000002,0.936665
0.3125,0.9375,1.0,0.2432298125000001,0.9613680000000001,0.979211375
0.3125,1.0,0.0,0.2986782500000001,0.9615921875000001,0.31833949999999994
0.3125,1.0,0.0625,0.2950305625000001,0.9653736250000001,0.36088587499999997
0.3125,1.0,0.125,0.2913828750000001,0.9691550625,0.40343224999999994
0.3125,1.0,0.1875,0.2877351875000001,0.9729365000000001,0.44597862499999996
0.3125,1.0,0.25,0.2840875000000001,0.9767179375000001,0.488525
0.3125,1.0,0.3125,0.2804398125000001,0.9804993750000001,0.531071375
0.3125,1.0,0.375,0.2767921250000001,0.9842808125000001,0.5736177499999999
0.3125,1.0,0.4375,0.2731444375000001,0.98806225,0.616164125
0.3125,1.0,0.5,0.2694967500000001,0.9918436875000001,0.6587105
0.3125,1.0,0.5625,0.2658490625000001,0.9956251250000001,0.701256875
0.3125,1.0,0.625,0.26220137500000007,0.9994065625,0.74380325
0.3125,1.0,0.6875,0.2585536875000001,1.003188,0.7863496249999999
0.3125,1.0,0.75,0.2549060000000001,1.0069694375,0.8288960000000001
0.3125,1.0,0.8125,0.2512583125000001,1.010750875,0.871442375
0.3125,1.0,0.875,0.2476106250000001,1.0145323125,0.9139887499999999
0.3125,1.0,0.9375,0.2439629375000001,1.0183137500000001,0.956535125
0.3125,1.0,1.0,0.2403152500000001,1.0220951875000002,0.9990815
0.375,0.0,0.0,0.41437350000000006,-0.01205137499999999,0.0005010000000000018
0.375,0.0,0.0625,0.41072581250000006,-0.00826993749999999,0.043047375000000006
0.375,0.0,0.125,0.40707812500000007,-0.004488499999999991,0.08559375000000001
0.375,0.0,0.1875,0.40343043750000007,-0.0007070624999999907,0.12814012500000002
0.375,0.0,0.25,0.3997827500000001,0.0030743750000000077,0.17068650000000002
0.375,0.0,0.3125,0.3961350625000001,0.006855812500000006,0.21323287500000002
0.375,0.0,0.375,0.3924873750000001,0.010637250000000008,0.25577925000000007
0.375,0.0,0.4375,0.3888396875000001,0.014418687500000006,0.29832562500000004
0.375,0.0,0.5,0.3851920000000001,0.018200125000000004,0.34087200000000006
0.375,0.0,0.5625,0.3815443125000001,0.021981562500000003,0.3834183750000001
0.375,0.0,0.625,0.3778966250000001,0.025763,0.42596475000000006
0.375,0.0,0.6875,0.3742489375000001,0.0295444375,0.4685111250000001
0.375,0.0,0.75,0.3706012500000001,0.033325875000000005,0.5110575
0.375,0.0,0.8125,0.36695356250000005,0.0371073125,0.5536038750000001
0.375,0.0,0.875,0.36330587500000006,0.04088875,0.59615025
0.375,0.0,0.9375,0.35965818750000006,0.0446701875,0.638696625
0.375,0.0,1.0,0.35601050000000006,0.048451625,0.681243
0.375,0.0625,0.0,0.41145893750000007,0.04867581250000001,0.020371124999999997
0.375,0.0625,0.0625,0.40781125000000007,0.05245725000000001,0.0629175
0.375,0.0625,0.125,0.4041635625000001,0.05623868750000001,0.10546387500000001
0.375,0.0625,0.1875,0.4005158750000001,0.06002012500000001,0.14801025
0.375,0.0625,0.25,0.3968681875000001,0.0638015625,0.190556625
0.375,0.0625,0.3125,0.3932205000000001,0.067583,0.233103
0.375,0.0625,0.375,0.3895728125000001,0.07136443750000002,0.27564937500000003
0.375,0.0625,0.4375,0.3859251250000001,0.075145875,0.31819575
0.375,0.0625,0.5,0.3822774375000001,0.07892731250000001,0.360742125
0.375,0.0625,0.5625,0.3786297500000001,0.08270875,0.40328850000000005
0.375,0.0625,0.625,0.3749820625000001,0.08649018750000001,0.445834875
0.375,0.0625,0.6875,0.3713343750000001,0.090271625,0.48838125000000004
0.375,0.0625,0.75,0.3676866875000001,0.0940530625,0.5309276250000001
0.375,0.0625,0.8125,0.36403900000000006,0.0978345,0.5734740000000002
0.375,0.0625,0.875,0.36039131250000006,0.1016159375,0.6160203750000001
0.375,0.0625,0.9375,0.35674362500000006,0.105397375,0.6585667500000001
0.375,0.0625,1.0,0.35309593750000007,0.1091788125,0.7011131250000001
0.375,0.125,0.0,0.40854437500000007,0.10940300000000001,0.04024124999999999
0.375,0.125,0.0625,0.4048966875000001,0.11318443750000001,0.082787625
0.375,0.125,0.125,0.4012490000000001,0.11696587500000001,0.125334
0.375,0.125,0.1875,0.3976013125000001,0.12074731250000001,0.16788037500000003
0.375,0.125,0.25,0.3939536250000001,0.12452875000000001,0.21042675
0.375,0.125,0.3125,0.3903059375000001,0.1283101875,0.252973125
0.375,0.125,0.375,0.3866582500000001,0.13209162500000002,0.29551950000000005
0.375,0.125,0.4375,0.3830105625000001,0.1358730625,0.338065875
0.375,0.125,0.5,0.3793628750000001,0.13965450000000001,0.38061225000000004
0.375,0.125,0.5625,0.3757151875000001,0.1434359375,0.42315862500000007
0.375,0.125,0.625,0.3720675000000001,0.147217375,0.46570500000000004
0.375,0.125,0.6875,0.3684198125000001,0.1509988125,0.5082513750000001
0.375,0.125,0.75,0.3647721250000001,0.15478025,0.5507977500000001
0.375,0.125,0.8125,0.36112443750000006,0.1585616875,0.5933441250000001
0.375,0.125,0.875,0.35747675000000007,0.162343125,0.6358905
0.375,0.125,0.9375,0.35382906250000007,0.16612456250000002,0.678436875
0.375,0.125,1.0,0.3501813750000001,0.169906,0.7209832500000001
0.375,0.1875,0.0,0.4056298125000001,0.17013018750000003,0.06011137499999999
0.375,0.1875,0.0625,0.4019821250000001,0.17391162500000004,0.10265774999999999
0.375,0.1875,0.125,0.3983344375000001,0.17769306250000003,0.145204125
0.375,0.1875,0.1875,0.3946867500000001,0.18147450000000004,0.18775050000000001
0.375,0.1875,0.25,0.3910390625000001,0.18525593750000002,0.230296875
0.375,0.1875,0.3125,0.3873913750000001,0.18903737500000004,0.27284325
0.375,0.1875,0.375,0.3837436875000001,0.19281881250000002,0.315389625
0.375,0.1875,0.4375,0.3800960000000001,0.19660025000000003,0.357936
0.375,0.1875,0.5,0.3764483125000001,0.20038168750000002,0.400482375
0.375,0.1875,0.5625,0.3728006250000001,0.20416312500000003,0.44302875
0.375,0.1875,0.625,0.3691529375000001,0.2079445625,0.485575125
0.375,0.1875,0.6875,0.3655052500000001,0.21172600000000003,0.5281215
0.375,0.1875,0.75,0.3618575625000001,0.2155074375,0.570667875
0.375,0.1875,0.8125,0.35820987500000007,0.21928887500000002,0.6132142500000001
0.375,0.1875,0.875,0.35456218750000007,0.22307031250000003,0.655760625
0.375,0.1875,0.9375,0.3509145000000001,0.22685175000000002,0.698307
0.375,0.1875,1.0,0.3472668125000001,0.2306331875,0.740853375
0.375,0.25,0.0,0.4027152500000001,0.23085737500000003,0.07998149999999998
0.375,0.25,0.0625,0.3990675625000001,0.23463881250000004,0.12252787499999998
0.375,0.25,0.125,0.3954198750000001,0.23842025000000003,0.16507424999999998
0.375,0.25,0.1875,0.3917721875000001,0.24220168750000004,0.207620625
0.375,0.25,0.25,0.3881245000000001,0.24598312500000002,0.25016700000000003
0.375,0.25,0.3125,0.3844768125000001,0.24976456250000004,0.292713375
0.375,0.25,0.375,0.3808291250000001,0.25354600000000005,0.33525975
0.375,0.25,0.4375,0.3771814375000001,0.25732743750000003,0.377806125
0.375,0.25,0.5,0.3735337500000001,0.261108875,0.4203525
0.375,0.25,0.5625,0.3698860625000001,0.2648903125,0.46289887500000004
0.375,0.25,0.625,0.3662383750000001,0.26867175000000004,0.50544525
0.375,0.25,0.6875,0.3625906875000001,0.2724531875,0.5479916250000001
0.375,0.25,0.75,0.3589430000000001,0.276234625,0.590538
0.375,0.25,0.8125,0.35529531250000007,0.2800160625,0.6330843750000001
0.375,0.25,0.875,0.3516476250000001,0.28379750000000004,0.6756307500000001
0.375,0.25,0.9375,0.3479999375000001,0.2875789375,0.718177125
0.375,0.25,1.0,0.3443522500000001,0.291360375,0.7607235000000001
0.375,0.3125,0.0,0.3998006875000001,0.29158456250000003,0.09985162499999997
0.375,0.3125,0.0625,0.3961530000000001,0.295366,0.14239799999999997
0.375,0.3125,0.125,0.3925053125000001,0.29914743750000006,0.184944375
0.375,0.3125,0.1875,0.3888576250000001,0.30292887500000004,0.22749075
0.375,0.3125,0.25,0.3852099375000001,0.3067103125,0.270037125
0.375,0.3125,0.3125,0.3815622500000001,0.31049175,0.3125835
0.375,0.3125,0.375,0.3779145625000001,0.31427318750000005,0.35512987500000004
0.375,0.3125,0.4375,0.3742668750000001,0.31805462500000004,0.39767624999999995
0.375,0.3125,0.5,0.3706191875000001,0.3218360625,0.440222625
0.375,0.3125,0.5625,0.3669715000000001,0.3256175,0.482769
0.375,0.3125,0.625,0.3633238125000001,0.32939893750000004,0.525315375
0.375,0.3125,0.6875,0.3596761250000001,0.33318037500000003,0.56786175
0.375,0.3125,0.75,0.35602843750000013,0.3369618125,0.6104081250000001
0.375,0.3125,0.8125,0.3523807500000001,0.34074325000000005,0.6529545000000001
0.375,0.3125,0.875,0.3487330625000001,0.34452468750000004,0.695500875
0.375,0.3125,0.9375,0.3450853750000001,0.348306125,0.73804725
0.375,0.3125,1.0,0.3414376875000001,0.3520875625,0.7805936250000001
0.375,0.375,0.0,0.3968861250000001,0.35231175000000003,0.11972174999999997
0.375,0.375,0.0625,0.3932384375000001,0.3560931875,0.16226812499999999
0.375,0.375,0.125,0.3895907500000001,0.35987462500000006,0.20481449999999998
0.375,0.375,0.1875,0.3859430625000001,0.36365606250000004,0.24736087499999998
0.375,0.375,0.25,0.3822953750000001,0.36743750000000003,0.28990725
0.375,0.375,0.3125,0.3786476875000001,0.3712189375,0.332453625
0.375,0.375,0.375,0.3750000000000001,0.37500037500000005,0.375
0.375,0.375,0.4375,0.3713523125000001,0.37878181250000004,0.41754637499999997
0.375,0.375,0.5,0.3677046250000001,0.38256325,0.46009275
0.375,0.375,0.5625,0.3640569375000001,0.3863446875,0.5026391250000001
0.375,0.375,0.625,0.3604092500000001,0.39012612500000005,0.5451855
0.375,0.375,0.6875,0.35676156250000013,0.39390756250000003,0.587731875
0.375,0.375,0.75,0.35311387500000013,0.397689,0.63027825
0.375,0.375,0.8125,0.3494661875000001,0.4014704375,0.6728246250000001
0.375,0.375,0.875,0.3458185000000001,0.40525187500000004,0.715371
0.375,0.375,0.9375,0.3421708125000001,0.4090333125,0.757917375
0.375,0.375,1.0,0.3385231250000001,0.41281475,0.80046375
0.375,0.4375,0.0,0.3939715625000001,0.41303893750000004,0.13959187499999998
0.375,0.4375,0.0625,0.3903238750000001,0.416820375,0.18213824999999997
0.375,0.4375,0.125,0.3866761875000001,0.42060181250000006,0.22468462499999997
0.375,0.4375,0.1875,0.3830285000000001,0.42438325000000005,0.267231
0.375,0.4375,0.25,0.3793808125000001,0.42816468750000003,0.309777375
0.375,0.4375,0.3125,0.3757331250000001,0.431946125,0.35232375
0.375,0.4375,0.375,0.3720854375000001,0.43572756250000005,0.394870125
0.375,0.4375,0.4375,0.3684377500000001,0.43950900000000004,0.4374165
0.375,0.4375,0.5,0.3647900625000001,0.4432904375,0.479962875
0.375,0.4375,0.5625,0.3611423750000001,0.447071875,0.52250925
0.375,0.4375,0.625,0.35749468750000013,0.45085331250000005,0.5650556250000001
0.375,0.4375,0.6875,0.35384700000000013,0.45463475000000003,0.607602
0.375,0.4375,0.75,0.35019931250000014,0.4584161875,0.6501483750000001
0.375,0.4375,0.8125,0.3465516250000001,0.46219762500000006,0.69269475
0.375,0.4375,0.875,0.3429039375000001,0.46597906250000004,0.7352411249999999
0.375,0.4375,0.9375,0.3392562500000001,0.4697605,0.7777875000000001
0.375,0.4375,1.0,0.3356085625000001,0.4735419375,0.820333875
0.375,0.5,0.0,0.3910570000000001,0.47376612500000004,0.15946199999999996
0.375,0.5,0.0625,0.3874093125000001,0.4775475625,0.20200837499999996
0.375,0.5,0.125,0.3837616250000001,0.48132900000000006,0.24455475
0.375,0.5,0.1875,0.3801139375000001,0.48511043750000005,0.28710112499999996
0.375,0.5,0.25,0.3764662500000001,0.48889187500000003,0.3296475
0.375,0.5,0.3125,0.3728185625000001,0.4926733125,0.372193875
0.375,0.5,0.375,0.3691708750000001,0.49645475000000006,0.41474025000000003
0.375,0.5,0.4375,0.3655231875000001,0.5002361875,0.45728662499999995
0.375,0.5,0.5,0.3618755000000001,0.504017625,0.49983299999999997
0.375,0.5,0.5625,0.35822781250000013,0.5077990625000001,0.542379375
0.375,0.5,0.625,0.35458012500000013,0.5115805,0.58492575
0.375,0.5,0.6875,0.35093243750000014,0.5153619375,0.627472125
0.375,0.5,0.75,0.34728475000000014,0.5191433750000001,0.6700185000000001
0.375,0.5,0.8125,0.3436370625000001,0.5229248125,0.7125648750000001
0.375,0.5,0.875,0.3399893750000001,0.52670625,0.75511125
0.375,0.5,0.9375,0.3363416875000001,0.5304876875,0.797657625
0.375,0.5,1.0,0.3326940000000001,0.534269125,0.8402040000000001
0.375,0.5625,0.0,0.3881424375000001,0.5344933125,0.17933212499999995
0.375,0.5625,0.0625,0.3844947500000001,0.53827475,0.22187849999999995
0.375,0.5625,0.125,0.3808470625000001,0.5420561875,0.26442487499999995
0.375,0.5625,0.1875,0.3771993750000001,0.545837625,0.30697125
0.375,0.5625,0.25,0.3735516875000001,0.5496190625,0.34951762499999994
0.375,0.5625,0.3125,0.3699040000000001,0.5534005,0.39206399999999997
0.375,0.5625,0.375,0.3662563125000001,0.5571819375,0.434610375
0.375,0.5625,0.4375,0.36260862500000013,0.5609633749999999,0.47715674999999996
0.375,0.5625,0.5,0.35896093750000013,0.5647448125,0.5197031249999999
0.375,0.5625,0.5625,0.35531325000000014,0.56852625,0.5622495000000001
0.375,0.5625,0.625,0.35166556250000014,0.5723076874999999,0.604795875
0.375,0.5625,0.6875,0.34801787500000014,0.576089125,0.64734225
0.375,0.5625,0.75,0.34437018750000015,0.5798705625,0.689888625
0.375,0.5625,0.8125,0.3407225000000001,0.583652,0.7324350000000001
0.375,0.5625,0.875,0.3370748125000001,0.5874334375,0.774981375
0.375,0.5625,0.9375,0.3334271250000001,0.5912148749999999,0.81752775
0.375,0.5625,1.0,0.3297794375000001,0.5949963125,0.860074125
0.375,0.625,0.0,0.3852278750000001,0.5952205,0.19920224999999994
0.375,0.625,0.0625,0.3815801875000001,0.5990019375000001,0.24174862499999994
0.375,0.625,0.125,0.3779325000000001,0.602783375,0.28429499999999996
0.375,0.625,0.1875,0.3742848125000001,0.6065648125,0.326841375
0.375,0.625,0.25,0.3706371250000001,0.6103462500000001,0.36938774999999996
0.375,0.625,0.3125,0.3669894375000001,0.6141276875,0.41193412499999993
0.375,0.625,0.375,0.36334175000000013,0.6179091250000001,0.45448049999999995
0.375,0.625,0.4375,0.35969406250000013,0.6216905625,0.497026875
0.375,0.625,0.5,0.35604637500000014,0.625472,0.53957325
0.375,0.625,0.5625,0.35239868750000014,0.6292534375000001,0.582119625
0.375,0.625,0.625,0.34875100000000014,0.633034875,0.6246659999999999
0.375,0.625,0.6875,0.34510331250000015,0.6368163125,0.667212375
0.375,0.625,0.75,0.34145562500000015,0.6405977500000001,0.70975875
0.375,0.625,0.8125,0.3378079375000001,0.6443791875,0.752305125
0.375,0.625,0.875,0.3341602500000001,0.648160625,0.7948514999999999
0.375,0.625,0.9375,0.3305125625000001,0.6519420625000001,0.837397875
0.375,0.625,1.0,0.3268648750000001,0.6557235,0.87994425
0.375,0.6875,0.0,0.3823133125000001,0.6559476875000001,0.21907237499999996
0.375,0.6875,0.0625,0.3786656250000001,0.6597291250000001,0.26161874999999996
0.375,0.6875,0.125,0.3750179375000001,0.6635105625000001,0.304165125
0.375,0.6875,0.1875,0.3713702500000001,0.6672920000000001,0.34671149999999995
0.375,0.6875,0.25,0.3677225625000001,0.6710734375000001,0.389257875
0.375,0.6875,0.3125,0.36407487500000013,0.6748548750000001,0.43180425
0.375,0.6875,0.375,0.36042718750000013,0.6786363125000001,0.474350625
0.375,0.6875,0.4375,0.35677950000000014,0.68241775,0.5168969999999999
0.375,0.6875,0.5,0.35313181250000014,0.6861991875000001,0.559443375
0.375,0.6875,0.5625,0.34948412500000015,0.6899806250000001,0.60198975
0.375,0.6875,0.625,0.34583643750000015,0.6937620625,0.644536125
0.375,0.6875,0.6875,0.34218875000000015,0.6975435000000001,0.6870825
0.375,0.6875,0.75,0.33854106250000016,0.7013249375000001,0.7296288750000001
0.375,0.6875,0.8125,0.3348933750000001,0.7051063750000001,0.7721752500000001
0.375,0.6875,0.875,0.3312456875000001,0.7088878125000001,0.814721625
0.375,0.6875,0.9375,0.3275980000000001,0.71266925,0.857268
0.375,0.6875,1.0,0.3239503125000001,0.7164506875000001,0.899814375
0.375,0.75,0.0,0.3793987500000001,0.716674875,0.23894249999999995
0.375,0.75,0.0625,0.3757510625000001,0.7204563125000001,0.28148887499999997
0.375,0.75,0.125,0.3721033750000001,0.72423775,0.32403524999999994
0.375,0.75,0.1875,0.36845568750000013,0.7280191875,0.36658162499999997
0.375,0.75,0.25,0.36480800000000013,0.7318006250000001,0.40912799999999994
0.375,0.75,0.3125,0.36116031250000014,0.7355820625,0.45167437499999996
0.375,0.75,0.375,0.35751262500000014,0.7393635000000001,0.49422075
0.375,0.75,0.4375,0.35386493750000014,0.7431449375,0.5367671249999999
0.375,0.75,0.5,0.35021725000000015,0.746926375,0.5793135
0.375,0.75,0.5625,0.34656956250000015,0.7507078125000001,0.621859875
0.375,0.75,0.625,0.34292187500000015,0.75448925,0.66440625
0.375,0.75,0.6875,0.33927418750000016,0.7582706875,0.706952625
0.375,0.75,0.75,0.33562650000000016,0.7620521250000001,0.749499
0.375,0.75,0.8125,0.3319788125000001,0.7658335625,0.792045375
0.375,0.75,0.875,0.3283311250000001,0.769615,0.83459175
0.375,0.75,0.9375,0.3246834375000001,0.7733964375,0.877138125
0.375,0.75,1.0,0.3210357500000001,0.777177875,0.9196845
0.375,0.8125,0.0,0.3764841875000001,0.7774020625,0.25881262499999996
0.375,0.8125,0.0625,0.3728365000000001,0.7811835,0.301359
0.375,0.8125,0.125,0.36918881250000013,0.7849649375,0.34390537499999996
0.375,0.8125,0.1875,0.36554112500000013,0.788746375,0.38645175
0.375,0.8125,0.25,0.36189343750000014,0.7925278125,0.428998125
0.375,0.8125,0.3125,0.35824575000000014,0.79630925,0.4715445
0.375,0.8125,0.375,0.35459806250000014,0.8000906875,0.514090875
0.375,0.8125,0.4375,0.35095037500000015,0.8038721249999999,0.55663725
0.375,0.8125,0.5,0.34730268750000015,0.8076535625,0.599183625
0.375,0.8125,0.5625,0.34365500000000015,0.811435,0.64173
0.375,0.8125,0.625,0.34000731250000016,0.8152164375,0.684276375
0.375,0.8125,0.6875,0.33635962500000016,0.818997875,0.72682275
0.375,0.8125,0.75,0.33271193750000017,0.8227793125,0.7693691250000001
0.375,0.8125,0.8125,0.3290642500000001,0.82656075,0.8119155
0.375,0.8125,0.875,0.3254165625000001,0.8303421875,0.8544618749999999
0.375,0.8125,0.9375,0.3217688750000001,0.8341236249999999,0.8970082500000001
0.375,0.8125,1.0,0.3181211875000001,0.8379050625,0.939554625
0.375,0.875,0.0,0.3735696250000001,0.83812925,0.27868275
0.375,0.875,0.0625,0.36992193750000013,0.8419106875000001,0.321229125
0.375,0.875,0.125,0.36627425000000013,0.845692125,0.3637755
0.375,0.875,0.1875,0.36262656250000014,0.8494735625000001,0.406321875
0.375,0.875,0.25,0.35897887500000014,0.8532550000000001,0.44886824999999997
0.375,0.875,0.3125,0.35533118750000015,0.8570364375,0.491414625
0.375,0.875,0.375,0.35168350000000015,0.8608178750000001,0.533961
0.375,0.875,0.4375,0.34803581250000015,0.8645993125,0.576507375
0.375,0.875,0.5,0.34438812500000016,0.86838075,0.61905375
0.375,0.875,0.5625,0.34074043750000016,0.8721621875000001,0.6616001250000001
0.375,0.875,0.625,0.33709275000000016,0.875943625,0.7041465
0.375,0.875,0.6875,0.33344506250000017,0.8797250625,0.746692875
0.375,0.875,0.75,0.32979737500000017,0.8835065000000001,0.7892392500000001
0.375,0.875,0.8125,0.3261496875000001,0.8872879375,0.8317856250000001
0.375,0.875,0.875,0.3225020000000001,0.891069375,0.874332
0.375,0.875,0.9375,0.3188543125000001,0.8948508125000001,0.916878375
0.375,0.875,1.0,0.31520662500000013,0.89863225,0.95942475
0.375,0.9375,0.0,0.37065506250000013,0.8988564375000001,0.29855287499999994
0.375,0.9375,0.0625,0.36700737500000014,0.9026378750000001,0.34109924999999996
0.375,0.9375,0.125,0.36335968750000014,0.9064193125000001,0.38364562499999993
0.375,0.9375,0.1875,0.35971200000000014,0.9102007500000001,0.42619199999999996
0.375,0.9375,0.25,0.35606431250000015,0.9139821875000002,0.46873837499999993
0.375,0.9375,0.3125,0.35241662500000015,0.9177636250000001,0.51128475
0.375,0.9375,0.375,0.34876893750000015,0.9215450625000001,0.553831125
0.375,0.9375,0.4375,0.34512125000000016,0.9253265,0.5963775
0.375,0.9375,0.5,0.34147356250000016,0.9291079375000001,0.6389238749999999
0.375,0.9375,0.5625,0.33782587500000016,0.9328893750000001,0.68147025
0.375,0.9375,0.625,0.33417818750000017,0.9366708125000001,0.724016625
0.375,0.9375,0.6875,0.33053050000000017,0.9404522500000001,0.766563
0.375,0.9375,0.75,0.3268828125000002,0.9442336875000001,0.809109375
0.375,0.9375,0.8125,0.3232351250000001,0.9480151250000001,0.85165575
0.375,0.9375,0.875,0.3195874375000001,0.9517965625000001,0.894202125
0.375,0.9375,0.9375,0.31593975000000013,0.955578,0.9367485
0.375,0.9375,1.0,0.31229206250000013,0.9593594375000001,0.979294875
0.375,1.0,0.0,0.36774050000000014,0.959583625,0.31842299999999996
0.375,1.0,0.0625,0.36409281250000014,0.9633650625000001,0.360969375
0.375,1.0,0.125,0.36044512500000014,0.9671465,0.40351574999999995
0.375,1.0,0.1875,0.35679743750000015,0.9709279375000001,0.446062125
0.375,1.0,0.25,0.35314975000000015,0.9747093750000001,0.4886085
0.375,1.0,0.3125,0.34950206250000015,0.9784908125,0.5311548749999999
0.375,1.0,0.375,0.34585437500000016,0.9822722500000001,0.57370125
0.375,1.0,0.4375,0.34220668750000016,0.9860536875,0.616247625
0.375,1.0,0.5,0.33855900000000017,0.989835125,0.658794
0.375,1.0,0.5625,0.33491131250000017,0.9936165625000001,0.701340375
0.375,1.0,0.625,0.3312636250000002,0.997398,0.7438867499999999
0.375,1.0,0.6875,0.3276159375000002,1.0011794375,0.7864331250000001
0.375,1.0,0.75,0.3239682500000002,1.004960875,0.8289795
0.375,1.0,0.8125,0.32032056250000013,1.0087423125000001,0.8715258750000001
0.375,1.0,0.875,0.31667287500000013,1.01252375,0.91407225
0.375,1.0,0.9375,0.31302518750000013,1.0163051875,0.956618625
0.375,1.0,1.0,0.30937750000000014,1.020086625,0.9991650000000001
0.4375,0.0,0.0,0.48343575000000005,-0.014059937499999987,0.0005845000000000021
0.4375,0.0,0.0625,0.47978806250000006,-0.010278499999999989,0.043130875000000006
0.4375,0.0,0.125,0.47614037500000006,-0.006497062499999989,0.08567725000000001
0.4375,0.0,0.1875,0.47249268750000006,-0.002715624999999989,0.12822362500000004
0.4375,0.0,0.25,0.46884500000000007,0.0010658125000000095,0.17077000000000003
0.4375,0.0,0.3125,0.46519731250000007,0.004847250000000008,0.21331637500000003
0.4375,0.0,0.375,0.4615496250000001,0.00862868750000001,0.25586275
0.4375,0.0,0.4375,0.4579019375000001,0.012410125000000008,0.298409125
0.4375,0.0,0.5,0.4542542500000001,0.016191562500000006,0.3409555
0.4375,0.0,0.5625,0.4506065625000001,0.019973000000000005,0.38350187500000005
0.4375,0.0,0.625,0.4469588750000001,0.023754437500000003,0.42604825
0.4375,0.0,0.6875,0.4433111875000001,0.027535875,0.46859462500000004
0.4375,0.0,0.75,0.4396635000000001,0.03131731250000001,0.5111410000000001
0.4375,0.0,0.8125,0.43601581250000004,0.035098750000000005,0.5536873750000001
0.4375,0.0,0.875,0.43236812500000005,0.0388801875,0.59623375
0.4375,0.0,0.9375,0.42872043750000005,0.042661625,0.638780125
0.4375,0.0,1.0,0.42507275000000005,0.0464430625,0.6813265000000001
0.4375,0.0625,0.0,0.48052118750000006,0.046667250000000014,0.020454624999999997
0.4375,0.0625,0.0625,0.47687350000000006,0.05044868750000001,0.063001
0.4375,0.0625,0.125,0.47322581250000006,0.05423012500000001,0.105547375
0.4375,0.0625,0.1875,0.46957812500000007,0.058011562500000016,0.14809375000000002
0.4375,0.0625,0.25,0.46593043750000007,0.061793000000000015,0.19064012500000002
0.4375,0.0625,0.3125,0.4622827500000001,0.06557443750000001,0.23318650000000002
0.4375,0.0625,0.375,0.4586350625000001,0.06935587500000001,0.27573287500000004
0.4375,0.0625,0.4375,0.4549873750000001,0.07313731250000001,0.31827925
0.4375,0.0625,0.5,0.4513396875000001,0.07691875000000001,0.36082562500000004
0.4375,0.0625,0.5625,0.4476920000000001,0.0807001875,0.40337200000000006
0.4375,0.0625,0.625,0.4440443125000001,0.084481625,0.44591837500000003
0.4375,0.0625,0.6875,0.4403966250000001,0.0882630625,0.48846475000000006
0.4375,0.0625,0.75,0.4367489375000001,0.0920445,0.531011125
0.4375,0.0625,0.8125,0.43310125000000005,0.09582593750000001,0.5735575
0.4375,0.0625,0.875,0.42945356250000005,0.099607375,0.616103875
0.4375,0.0625,0.9375,0.42580587500000006,0.10338881250000001,0.65865025
0.4375,0.0625,1.0,0.42215818750000006,0.10717025,0.701196625
0.4375,0.125,0.0,0.47760662500000006,0.10739443750000002,0.04032474999999999
0.4375,0.125,0.0625,0.47395893750000007,0.11117587500000002,0.08287112499999999
0.4375,0.125,0.125,0.47031125000000007,0.11495731250000002,0.12541750000000002
0.4375,0.125,0.1875,0.4666635625000001,0.11873875000000002,0.167963875
0.4375,0.125,0.25,0.4630158750000001,0.12252018750000002,0.21051025
0.4375,0.125,0.3125,0.4593681875000001,0.12630162500000003,0.25305662500000004
0.4375,0.125,0.375,0.4557205000000001,0.1300830625,0.29560300000000006
0.4375,0.125,0.4375,0.4520728125000001,0.13386450000000003,0.338149375
0.4375,0.125,0.5,0.4484251250000001,0.1376459375,0.38069575
0.4375,0.125,0.5625,0.4447774375000001,0.14142737500000002,0.423242125
0.4375,0.125,0.625,0.4411297500000001,0.1452088125,0.46578850000000005
0.4375,0.125,0.6875,0.4374820625000001,0.14899025000000002,0.5083348750000001
0.4375,0.125,0.75,0.4338343750000001,0.15277168750000003,0.5508812500000001
0.4375,0.125,0.8125,0.43018668750000005,0.15655312500000002,0.5934276250000001
0.4375,0.125,0.875,0.42653900000000006,0.1603345625,0.635974
0.4375,0.125,0.9375,0.42289131250000006,0.164116,0.6785203750000001
0.4375,0.125,1.0,0.41924362500000006,0.16789743750000002,0.7210667500000001
0.4375,0.1875,0.0,0.47469206250000007,0.16812162500000002,0.06019487499999999
0.4375,0.1875,0.0625,0.47104437500000007,0.17190306250000004,0.10274124999999999
0.4375,0.1875,0.125,0.4673966875000001,0.17568450000000002,0.145287625
0.4375,0.1875,0.1875,0.4637490000000001,0.17946593750000003,0.187834
0.4375,0.1875,0.25,0.4601013125000001,0.18324737500000002,0.230380375
0.4375,0.1875,0.3125,0.4564536250000001,0.18702881250000003,0.27292675
0.4375,0.1875,0.375,0.4528059375000001,0.19081025000000001,0.315473125
0.4375,0.1875,0.4375,0.4491582500000001,0.19459168750000003,0.3580195
0.4375,0.1875,0.5,0.4455105625000001,0.198373125,0.400565875
0.4375,0.1875,0.5625,0.4418628750000001,0.20215456250000002,0.44311225000000004
0.4375,0.1875,0.625,0.4382151875000001,0.205936,0.485658625
0.4375,0.1875,0.6875,0.4345675000000001,0.20971743750000002,0.528205
0.4375,0.1875,0.75,0.4309198125000001,0.21349887500000003,0.5707513750000001
0.4375,0.1875,0.8125,0.42727212500000006,0.21728031250000002,0.6132977500000001
0.4375,0.1875,0.875,0.42362443750000006,0.22106175,0.655844125
0.4375,0.1875,0.9375,0.41997675000000007,0.2248431875,0.6983905
0.4375,0.1875,1.0,0.41632906250000007,0.22862462500000003,0.740936875
0.4375,0.25,0.0,0.47177750000000007,0.22884881250000003,0.08006499999999998
0.4375,0.25,0.0625,0.4681298125000001,0.23263025000000004,0.122611375
0.4375,0.25,0.125,0.4644821250000001,0.23641168750000002,0.16515775
0.4375,0.25,0.1875,0.4608344375000001,0.24019312500000004,0.20770412500000002
0.4375,0.25,0.25,0.4571867500000001,0.24397456250000002,0.2502505
0.4375,0.25,0.3125,0.4535390625000001,0.24775600000000003,0.292796875
0.4375,0.25,0.375,0.4498913750000001,0.2515374375,0.33534325000000004
0.4375,0.25,0.4375,0.4462436875000001,0.255318875,0.377889625
0.4375,0.25,0.5,0.4425960000000001,0.25910031250000004,0.42043600000000003
0.4375,0.25,0.5625,0.4389483125000001,0.26288175,0.46298237500000006
0.4375,0.25,0.625,0.4353006250000001,0.2666631875,0.50552875
0.4375,0.25,0.6875,0.4316529375000001,0.270444625,0.548075125
0.4375,0.25,0.75,0.4280052500000001,0.27422606250000003,0.5906215
0.4375,0.25,0.8125,0.42435756250000006,0.2780075,0.633167875
0.4375,0.25,0.875,0.42070987500000007,0.2817889375,0.67571425
0.4375,0.25,0.9375,0.41706218750000007,0.28557037500000004,0.718260625
0.4375,0.25,1.0,0.4134145000000001,0.2893518125,0.760807
0.4375,0.3125,0.0,0.4688629375000001,0.289576,0.09993512499999997
0.4375,0.3125,0.0625,0.4652152500000001,0.2933574375,0.14248149999999998
0.4375,0.3125,0.125,0.4615675625000001,0.297138875,0.18502787499999998
0.4375,0.3125,0.1875,0.4579198750000001,0.3009203125,0.22757424999999998
0.4375,0.3125,0.25,0.4542721875000001,0.30470175,0.270120625
0.4375,0.3125,0.3125,0.4506245000000001,0.3084831875,0.312667
0.4375,0.3125,0.375,0.4469768125000001,0.312264625,0.355213375
0.4375,0.3125,0.4375,0.4433291250000001,0.3160460625,0.39775974999999997
0.4375,0.3125,0.5,0.4396814375000001,0.3198275,0.440306125
0.4375,0.3125,0.5625,0.4360337500000001,0.32360893749999997,0.4828525
0.4375,0.3125,0.625,0.4323860625000001,0.327390375,0.525398875
0.4375,0.3125,0.6875,0.4287383750000001,0.3311718125,0.5679452500000001
0.4375,0.3125,0.75,0.4250906875000001,0.33495325,0.6104916250000001
0.4375,0.3125,0.8125,0.42144300000000007,0.3387346875,0.6530380000000001
0.4375,0.3125,0.875,0.41779531250000007,0.342516125,0.695584375
0.4375,0.3125,0.9375,0.4141476250000001,0.3462975625,0.7381307500000001
0.4375,0.3125,1.0,0.4104999375000001,0.350079,0.7806771250000001
0.4375,0.375,0.0,0.4659483750000001,0.3503031875,0.11980524999999997
0.4375,0.375,0.0625,0.4623006875000001,0.354084625,0.16235162499999997
0.4375,0.375,0.125,0.4586530000000001,0.3578660625,0.20489799999999997
0.4375,0.375,0.1875,0.4550053125000001,0.3616475,0.247444375
0.4375,0.375,0.25,0.4513576250000001,0.3654289375,0.28999074999999996
0.4375,0.375,0.3125,0.4477099375000001,0.369210375,0.332537125
0.4375,0.375,0.375,0.4440622500000001,0.3729918125,0.3750835
0.4375,0.375,0.4375,0.4404145625000001,0.37677325,0.417629875
0.4375,0.375,0.5,0.4367668750000001,0.3805546875,0.46017625
0.4375,0.375,0.5625,0.4331191875000001,0.384336125,0.5027226250000001
0.4375,0.375,0.625,0.4294715000000001,0.3881175625,0.545269
0.4375,0.375,0.6875,0.4258238125000001,0.391899,0.587815375
0.4375,0.375,0.75,0.4221761250000001,0.3956804375,0.63036175
0.4375,0.375,0.8125,0.4185284375000001,0.39946187499999997,0.6729081250000001
0.4375,0.375,0.875,0.4148807500000001,0.4032433125,0.7154545
0.4375,0.375,0.9375,0.4112330625000001,0.40702475,0.758000875
0.4375,0.375,1.0,0.4075853750000001,0.4108061875,0.80054725
0.4375,0.4375,0.0,0.4630338125000001,0.411030375,0.139675375
0.4375,0.4375,0.0625,0.4593861250000001,0.4148118125,0.18222175
0.4375,0.4375,0.125,0.4557384375000001,0.41859325000000003,0.22476812499999999
0.4375,0.4375,0.1875,0.4520907500000001,0.4223746875,0.2673145
0.4375,0.4375,0.25,0.4484430625000001,0.426156125,0.30986087500000004
0.4375,0.4375,0.3125,0.4447953750000001,0.4299375625,0.35240725
0.4375,0.4375,0.375,0.4411476875000001,0.433719,0.39495362500000003
0.4375,0.4375,0.4375,0.4375000000000001,0.4375004375,0.4375
0.4375,0.4375,0.5,0.4338523125000001,0.441281875,0.480046375
0.4375,0.4375,0.5625,0.4302046250000001,0.4450633125,0.52259275
0.4375,0.4375,0.625,0.4265569375000001,0.44884475,0.565139125
0.4375,0.4375,0.6875,0.4229092500000001,0.4526261875,0.6076855000000001
0.4375,0.4375,0.75,0.41926156250000013,0.456407625,0.650231875
0.4375,0.4375,0.8125,0.4156138750000001,0.4601890625,0.6927782500000002
0.4375,0.4375,0.875,0.4119661875000001,0.4639705,0.7353246250000001
0.4375,0.4375,0.9375,0.4083185000000001,0.4677519375,0.777871
0.4375,0.4375,1.0,0.4046708125000001,0.471533375,0.8204173750000001
0.4375,0.5,0.0,0.4601192500000001,0.4717575625,0.15954549999999998
0.4375,0.5,0.0625,0.4564715625000001,0.475539,0.20209187499999998
0.4375,0.5,0.125,0.4528238750000001,0.47932043750000003,0.24463825
0.4375,0.5,0.1875,0.4491761875000001,0.483101875,0.28718462499999997
0.4375,0.5,0.25,0.4455285000000001,0.4868833125,0.329731
0.4375,0.5,0.3125,0.4418808125000001,0.49066475,0.372277375
0.4375,0.5,0.375,0.4382331250000001,0.4944461875,0.41482375000000005
0.4375,0.5,0.4375,0.4345854375000001,0.498227625,0.45737012499999996
0.4375,0.5,0.5,0.4309377500000001,0.5020090625,0.4999165
0.4375,0.5,0.5625,0.4272900625000001,0.5057905,0.542462875
0.4375,0.5,0.625,0.4236423750000001,0.5095719375,0.58500925
0.4375,0.5,0.6875,0.41999468750000013,0.513353375,0.6275556250000001
0.4375,0.5,0.75,0.41634700000000013,0.5171348125,0.6701020000000001
0.4375,0.5,0.8125,0.4126993125000001,0.52091625,0.7126483750000001
0.4375,0.5,0.875,0.4090516250000001,0.5246976875,0.75519475
0.4375,0.5,0.9375,0.4054039375000001,0.528479125,0.797741125
0.4375,0.5,1.0,0.4017562500000001,0.5322605625,0.8402875000000001
0.4375,0.5625,0.0,0.4572046875000001,0.53248475,0.17941562499999997
0.4375,0.5625,0.0625,0.4535570000000001,0.5362661875,0.22196199999999996
0.4375,0.5625,0.125,0.4499093125000001,0.5400476249999999,0.26450837499999996
0.4375,0.5625,0.1875,0.4462616250000001,0.5438290625,0.30705475
0.4375,0.5625,0.25,0.4426139375000001,0.5476105,0.34960112499999996
0.4375,0.5625,0.3125,0.4389662500000001,0.5513919374999999,0.3921475
0.4375,0.5625,0.375,0.4353185625000001,0.555173375,0.434693875
0.4375,0.5625,0.4375,0.4316708750000001,0.5589548124999999,0.47724025
0.4375,0.5625,0.5,0.4280231875000001,0.5627362499999999,0.5197866250000001
0.4375,0.5625,0.5625,0.4243755000000001,0.5665176875,0.562333
0.4375,0.5625,0.625,0.42072781250000013,0.5702991249999999,0.604879375
0.4375,0.5625,0.6875,0.41708012500000013,0.5740805625,0.64742575
0.4375,0.5625,0.75,0.41343243750000014,0.577862,0.689972125
0.4375,0.5625,0.8125,0.4097847500000001,0.5816434374999999,0.7325185000000001
0.4375,0.5625,0.875,0.4061370625000001,0.585424875,0.775064875
0.4375,0.5625,0.9375,0.4024893750000001,0.5892063125,0.81761125
0.4375,0.5625,1.0,0.3988416875000001,0.5929877499999999,0.860157625
0.4375,0.625,0.0,0.4542901250000001,0.5932119375,0.19928574999999996
0.4375,0.625,0.0625,0.4506424375000001,0.596993375,0.24183212499999995
0.4375,0.625,0.125,0.4469947500000001,0.6007748125,0.2843785
0.4375,0.625,0.1875,0.4433470625000001,0.60455625,0.326924875
0.4375,0.625,0.25,0.4396993750000001,0.6083376875000001,0.36947125
0.4375,0.625,0.3125,0.4360516875000001,0.612119125,0.41201762499999994
0.4375,0.625,0.375,0.4324040000000001,0.6159005625,0.45456399999999997
0.4375,0.625,0.4375,0.4287563125000001,0.619682,0.497110375
0.4375,0.625,0.5,0.42510862500000013,0.6234634375,0.53965675
0.4375,0.625,0.5625,0.42146093750000013,0.627244875,0.582203125
0.4375,0.625,0.625,0.41781325000000014,0.6310263125,0.6247495
0.4375,0.625,0.6875,0.41416556250000014,0.63480775,0.667295875
0.4375,0.625,0.75,0.41051787500000014,0.6385891875,0.70984225
0.4375,0.625,0.8125,0.4068701875000001,0.642370625,0.752388625
0.4375,0.625,0.875,0.4032225000000001,0.6461520625,0.794935
0.4375,0.625,0.9375,0.3995748125000001,0.6499334999999999,0.837481375
0.4375,0.625,1.0,0.3959271250000001,0.6537149375,0.88002775
0.4375,0.6875,0.0,0.4513755625000001,0.6539391250000001,0.21915587499999997
0.4375,0.6875,0.0625,0.4477278750000001,0.6577205625000001,0.26170224999999997
0.4375,0.6875,0.125,0.4440801875000001,0.661502,0.304248625
0.4375,0.6875,0.1875,0.4404325000000001,0.6652834375000001,0.34679499999999996
0.4375,0.6875,0.25,0.4367848125000001,0.6690648750000001,0.389341375
0.4375,0.6875,0.3125,0.4331371250000001,0.6728463125,0.43188775
0.4375,0.6875,0.375,0.4294894375000001,0.6766277500000001,0.47443412500000004
0.4375,0.6875,0.4375,0.42584175000000013,0.6804091875,0.5169805
0.4375,0.6875,0.5,0.42219406250000013,0.684190625,0.559526875
0.4375,0.6875,0.5625,0.41854637500000014,0.6879720625000001,0.60207325
0.4375,0.6875,0.625,0.41489868750000014,0.6917535,0.644619625
0.4375,0.6875,0.6875,0.41125100000000014,0.6955349375000001,0.687166
0.4375,0.6875,0.75,0.40760331250000015,0.6993163750000001,0.7297123750000001
0.4375,0.6875,0.8125,0.4039556250000001,0.7030978125,0.7722587500000001
0.4375,0.6875,0.875,0.4003079375000001,0.7068792500000001,0.814805125
0.4375,0.6875,0.9375,0.3966602500000001,0.7106606875000001,0.8573515
0.4375,0.6875,1.0,0.3930125625000001,0.714442125,0.8998978750000001
0.4375,0.75,0.0,0.4484610000000001,0.7146663125,0.23902599999999996
0.4375,0.75,0.0625,0.4448133125000001,0.71844775,0.281572375
0.4375,0.75,0.125,0.4411656250000001,0.7222291875,0.32411874999999996
0.4375,0.75,0.1875,0.4375179375000001,0.726010625,0.366665125
0.4375,0.75,0.25,0.4338702500000001,0.7297920625000001,0.40921149999999995
0.4375,0.75,0.3125,0.4302225625000001,0.7335735,0.451757875
0.4375,0.75,0.375,0.42657487500000013,0.7373549375,0.49430425
0.4375,0.75,0.4375,0.42292718750000013,0.741136375,0.536850625
0.4375,0.75,0.5,0.41927950000000014,0.7449178125,0.5793969999999999
0.4375,0.75,0.5625,0.41563181250000014,0.74869925,0.6219433750000001
0.4375,0.75,0.625,0.41198412500000015,0.7524806875,0.66448975
0.4375,0.75,0.6875,0.40833643750000015,0.756262125,0.707036125
0.4375,0.75,0.75,0.40468875000000015,0.7600435625,0.7495825
0.4375,0.75,0.8125,0.4010410625000001,0.763825,0.7921288750000001
0.4375,0.75,0.875,0.3973933750000001,0.7676064375,0.83467525
0.4375,0.75,0.9375,0.3937456875000001,0.7713878750000001,0.877221625
0.4375,0.75,1.0,0.3900980000000001,0.7751693125,0.919768
0.4375,0.8125,0.0,0.4455464375000001,0.7753935,0.2588961249999999
0.4375,0.8125,0.0625,0.4418987500000001,0.7791749375,0.30144249999999995
0.4375,0.8125,0.125,0.4382510625000001,0.7829563749999999,0.3439888749999999
0.4375,0.8125,0.1875,0.4346033750000001,0.7867378125,0.38653524999999994
0.4375,0.8125,0.25,0.43095568750000013,0.79051925,0.4290816249999999
0.4375,0.8125,0.3125,0.42730800000000013,0.7943006874999999,0.47162799999999994
0.4375,0.8125,0.375,0.42366031250000014,0.798082125,0.514174375
0.4375,0.8125,0.4375,0.42001262500000014,0.8018635624999999,0.55672075
0.4375,0.8125,0.5,0.41636493750000014,0.805645,0.5992671249999999
0.4375,0.8125,0.5625,0.41271725000000015,0.8094264375,0.6418135
0.4375,0.8125,0.625,0.40906956250000015,0.8132078749999999,0.684359875
0.4375,0.8125,0.6875,0.40542187500000015,0.8169893125,0.72690625
0.4375,0.8125,0.75,0.40177418750000016,0.82077075,0.769452625
0.4375,0.8125,0.8125,0.3981265000000001,0.8245521874999999,0.811999
0.4375,0.8125,0.875,0.3944788125000001,0.828333625,0.8545453749999999
0.4375,0.8125,0.9375,0.3908311250000001,0.8321150625,0.89709175
0.4375,0.8125,1.0,0.3871834375000001,0.8358964999999999,0.939638125
0.4375,0.875,0.0,0.4426318750000001,0.8361206875,0.27876624999999994
0.4375,0.875,0.0625,0.4389841875000001,0.839902125,0.32131262499999996
0.4375,0.875,0.125,0.4353365000000001,0.8436835625,0.36385899999999993
0.4375,0.875,0.1875,0.43168881250000013,0.847465,0.40640537499999996
0.4375,0.875,0.25,0.42804112500000013,0.8512464375000001,0.44895175
0.4375,0.875,0.3125,0.42439343750000014,0.855027875,0.49149812499999995
0.4375,0.875,0.375,0.42074575000000014,0.8588093125,0.5340445
0.4375,0.875,0.4375,0.41709806250000014,0.86259075,0.576590875
0.4375,0.875,0.5,0.41345037500000015,0.8663721875,0.61913725
0.4375,0.875,0.5625,0.40980268750000015,0.870153625,0.661683625
0.4375,0.875,0.625,0.40615500000000015,0.8739350625,0.7042299999999999
0.4375,0.875,0.6875,0.40250731250000016,0.8777165,0.746776375
0.4375,0.875,0.75,0.39885962500000016,0.8814979375,0.78932275
0.4375,0.875,0.8125,0.3952119375000001,0.885279375,0.8318691250000001
0.4375,0.875,0.875,0.3915642500000001,0.8890608125,0.8744155
0.4375,0.875,0.9375,0.3879165625000001,0.89284225,0.9169618749999999
0.4375,0.875,1.0,0.3842688750000001,0.8966236875,0.9595082500000001
0.4375,0.9375,0.0,0.4397173125000001,0.8968478750000001,0.2986363749999999
0.4375,0.9375,0.0625,0.4360696250000001,0.9006293125000001,0.3411827499999999
0.4375,0.9375,0.125,0.43242193750000013,0.90441075,0.3837291249999999
0.4375,0.9375,0.1875,0.42877425000000013,0.9081921875000001,0.4262754999999999
0.4375,0.9375,0.25,0.42512656250000014,0.9119736250000001,0.46882187499999994
0.4375,0.9375,0.3125,0.42147887500000014,0.9157550625,0.5113682499999999
0.4375,0.9375,0.375,0.41783118750000015,0.9195365000000001,0.553914625
0.4375,0.9375,0.4375,0.41418350000000015,0.9233179375,0.5964609999999999
0.4375,0.9375,0.5,0.41053581250000015,0.9270993750000001,0.6390073749999999
0.4375,0.9375,0.5625,0.40688812500000016,0.9308808125000001,0.68155375
0.4375,0.9375,0.625,0.40324043750000016,0.93466225,0.7241001249999999
0.4375,0.9375,0.6875,0.39959275000000016,0.9384436875000001,0.7666465
0.4375,0.9375,0.75,0.39594506250000017,0.9422251250000001,0.8091928749999999
0.4375,0.9375,0.8125,0.3922973750000001,0.9460065625,0.8517392500000001
0.4375,0.9375,0.875,0.3886496875000001,0.9497880000000001,0.894285625
0.4375,0.9375,0.9375,0.3850020000000001,0.9535694375000001,0.9368319999999999
0.4375,0.9375,1.0,0.3813543125000001,0.957350875,0.979378375
0.4375,1.0,0.0,0.43680275000000013,0.9575750625,0.3185064999999999
0.4375,1.0,0.0625,0.43315506250000013,0.9613565000000001,0.36105287499999994
0.4375,1.0,0.125,0.42950737500000014,0.9651379375,0.4035992499999999
0.4375,1.0,0.1875,0.42585968750000014,0.968919375,0.44614562499999993
0.4375,1.0,0.25,0.42221200000000014,0.9727008125000001,0.4886919999999999
0.4375,1.0,0.3125,0.41856431250000015,0.97648225,0.5312383749999999
0.4375,1.0,0.375,0.41491662500000015,0.9802636875,0.57378475
0.4375,1.0,0.4375,0.41126893750000015,0.984045125,0.6163311249999999
0.4375,1.0,0.5,0.40762125000000016,0.9878265625,0.6588775
0.4375,1.0,0.5625,0.40397356250000016,0.991608,0.7014238749999999
0.4375,1.0,0.625,0.40032587500000016,0.9953894375,0.7439702499999999
0.4375,1.0,0.6875,0.39667818750000017,0.999170875,0.786516625
0.4375,1.0,0.75,0.39303050000000017,1.0029523125,0.829063
0.4375,1.0,0.8125,0.3893828125000001,1.00673375,0.871609375
0.4375,1.0,0.875,0.3857351250000001,1.0105151875,0.9141557499999999
0.4375,1.0,0.9375,0.3820874375000001,1.014296625,0.956702125
0.4375,1.0,1.0,0.37843975000000013,1.0180780625,0.9992485
0.5,0.0,0.0,0.552498,-0.016068499999999986,0.0006680000000000024
0.5,0.0,0.0625,0.5488503125,-0.012287062499999987,0.043214375000000006
0.5,0.0,0.125,0.545202625,-0.008505624999999987,0.08576075000000001
0.5,0.0,0.1875,0.5415549375,-0.004724187499999987,0.12830712500000002
0.5,0.0,0.25,0.5379072500000001,-0.0009427499999999887,0.17085350000000002
0.5,0.0,0.3125,0.5342595625000001,0.0028386875000000096,0.21339987500000002
0.5,0.0,0.375,0.5306118750000001,0.006620125000000011,0.25594625000000004
0.5,0.0,0.4375,0.5269641875000001,0.01040156250000001,0.298492625
0.5,0.0,0.5,0.5233165000000001,0.014183000000000008,0.34103900000000004
0.5,0.0,0.5625,0.5196688125000001,0.017964437500000006,0.38358537500000006
0.5,0.0,0.625,0.5160211250000001,0.021745875000000005,0.42613175000000003
0.5,0.0,0.6875,0.5123734375000001,0.025527312500000003,0.46867812500000006
0.5,0.0,0.75,0.5087257500000001,0.02930875000000001,0.5112245000000001
0.5,0.0,0.8125,0.5050780625000001,0.03309018750000001,0.5537708750000001
0.5,0.0,0.875,0.5014303750000001,0.036871625000000005,0.59631725
0.5,0.0,0.9375,0.49778268750000004,0.0406530625,0.638863625
0.5,0.0,1.0,0.49413500000000005,0.0444345,0.6814100000000001
0.5,0.0625,0.0,0.5495834375,0.044658687500000016,0.020538124999999997
0.5,0.0625,0.0625,0.54593575,0.048440125000000014,0.0630845
0.5,0.0625,0.125,0.5422880625000001,0.05222156250000001,0.10563087500000001
0.5,0.0625,0.1875,0.5386403750000001,0.05600300000000001,0.14817725
0.5,0.0625,0.25,0.5349926875000001,0.05978443750000001,0.190723625
0.5,0.0625,0.3125,0.5313450000000001,0.06356587500000001,0.23327
0.5,0.0625,0.375,0.5276973125000001,0.0673473125,0.27581637500000006
0.5,0.0625,0.4375,0.5240496250000001,0.07112875000000002,0.31836275
0.5,0.0625,0.5,0.5204019375000001,0.0749101875,0.36090912500000005
0.5,0.0625,0.5625,0.5167542500000001,0.07869162500000002,0.4034555000000001
0.5,0.0625,0.625,0.5131065625000001,0.0824730625,0.44600187500000005
0.5,0.0625,0.6875,0.5094588750000001,0.08625450000000001,0.4885482500000001
0.5,0.0625,0.75,0.5058111875000001,0.09003593750000001,0.531094625
0.5,0.0625,0.8125,0.5021635000000001,0.09381737500000001,0.5736410000000001
0.5,0.0625,0.875,0.49851581250000004,0.0975988125,0.616187375
0.5,0.0625,0.9375,0.49486812500000005,0.10138025,0.65873375
0.5,0.0625,1.0,0.49122043750000005,0.1051616875,0.701280125
0.5,0.125,0.0,0.546668875,0.10538587500000002,0.04040824999999999
0.5,0.125,0.0625,0.5430211875000001,0.10916731250000002,0.082954625
0.5,0.125,0.125,0.5393735000000001,0.11294875000000001,0.125501
0.5,0.125,0.1875,0.5357258125000001,0.11673018750000001,0.168047375
0.5,0.125,0.25,0.5320781250000001,0.12051162500000001,0.21059375000000002
0.5,0.125,0.3125,0.5284304375000001,0.12429306250000001,0.253140125
0.5,0.125,0.375,0.5247827500000001,0.1280745,0.2956865
0.5,0.125,0.4375,0.5211350625000001,0.13185593750000002,0.338232875
0.5,0.125,0.5,0.5174873750000001,0.135637375,0.38077925
0.5,0.125,0.5625,0.5138396875000001,0.13941881250000002,0.42332562500000004
0.5,0.125,0.625,0.5101920000000001,0.14320025,0.465872
0.5,0.125,0.6875,0.5065443125000001,0.1469816875,0.5084183750000001
0.5,0.125,0.75,0.5028966250000001,0.150763125,0.5509647500000001
0.5,0.125,0.8125,0.49924893750000005,0.1545445625,0.5935111250000001
0.5,0.125,0.875,0.49560125000000005,0.15832600000000002,0.6360575
0.5,0.125,0.9375,0.49195356250000005,0.1621074375,0.6786038750000001
0.5,0.125,1.0,0.48830587500000006,0.165888875,0.7211502500000001
0.5,0.1875,0.0,0.5437543125000001,0.16611306250000002,0.06027837499999999
0.5,0.1875,0.0625,0.5401066250000001,0.16989450000000003,0.10282474999999999
0.5,0.1875,0.125,0.5364589375000001,0.17367593750000002,0.145371125
0.5,0.1875,0.1875,0.5328112500000001,0.17745737500000003,0.18791750000000002
0.5,0.1875,0.25,0.5291635625000001,0.1812388125,0.230463875
0.5,0.1875,0.3125,0.5255158750000001,0.18502025000000002,0.27301025
0.5,0.1875,0.375,0.5218681875000001,0.1888016875,0.31555662500000004
0.5,0.1875,0.4375,0.5182205000000001,0.19258312500000002,0.358103
0.5,0.1875,0.5,0.5145728125000001,0.1963645625,0.40064937500000003
0.5,0.1875,0.5625,0.5109251250000001,0.20014600000000002,0.44319575000000005
0.5,0.1875,0.625,0.5072774375000001,0.2039274375,0.485742125
0.5,0.1875,0.6875,0.5036297500000001,0.20770887500000002,0.5282885
0.5,0.1875,0.75,0.4999820625000001,0.2114903125,0.5708348750000001
0.5,0.1875,0.8125,0.49633437500000005,0.21527175,0.6133812500000001
0.5,0.1875,0.875,0.49268668750000005,0.21905318750000002,0.655927625
0.5,0.1875,0.9375,0.48903900000000006,0.222834625,0.698474
0.5,0.1875,1.0,0.48539131250000006,0.2266160625,0.7410203750000001
0.5,0.25,0.0,0.5408397500000001,0.22684025000000002,0.08014849999999998
0.5,0.25,0.0625,0.5371920625000001,0.23062168750000003,0.12269487499999998
0.5,0.25,0.125,0.5335443750000001,0.23440312500000002,0.16524125
0.5,0.25,0.1875,0.5298966875000001,0.23818456250000003,0.207787625
0.5,0.25,0.25,0.5262490000000001,0.24196600000000001,0.250334
0.5,0.25,0.3125,0.5226013125000001,0.24574743750000003,0.29288037499999997
0.5,0.25,0.375,0.5189536250000001,0.249528875,0.33542675
0.5,0.25,0.4375,0.5153059375000001,0.2533103125,0.377973125
0.5,0.25,0.5,0.5116582500000001,0.25709175,0.42051950000000005
0.5,0.25,0.5625,0.5080105625000001,0.2608731875,0.46306587500000007
0.5,0.25,0.625,0.5043628750000001,0.26465462500000003,0.50561225
0.5,0.25,0.6875,0.5007151875000001,0.2684360625,0.548158625
0.5,0.25,0.75,0.4970675000000001,0.2722175,0.590705
0.5,0.25,0.8125,0.49341981250000005,0.27599893750000004,0.6332513750000001
0.5,0.25,0.875,0.48977212500000006,0.279780375,0.67579775
0.5,0.25,0.9375,0.48612443750000006,0.2835618125,0.718344125
0.5,0.25,1.0,0.48247675000000007,0.28734325,0.7608905
0.5,0.3125,0.0,0.5379251875000001,0.2875674375,0.10001862499999997
0.5,0.3125,0.0625,0.5342775000000001,0.291348875,0.14256499999999997
0.5,0.3125,0.125,0.5306298125000001,0.29513031250000005,0.18511137499999997
0.5,0.3125,0.1875,0.5269821250000001,0.29891175000000003,0.22765775
0.5,0.3125,0.25,0.5233344375000001,0.3026931875,0.270204125
0.5,0.3125,0.3125,0.5196867500000001,0.306474625,0.3127505
0.5,0.3125,0.375,0.5160390625000001,0.31025606250000004,0.355296875
0.5,0.3125,0.4375,0.5123913750000001,0.3140375,0.39784325
0.5,0.3125,0.5,0.5087436875000001,0.3178189375,0.440389625
0.5,0.3125,0.5625,0.5050960000000001,0.321600375,0.48293600000000003
0.5,0.3125,0.625,0.5014483125000001,0.32538181250000003,0.525482375
0.5,0.3125,0.6875,0.4978006250000001,0.32916325,0.5680287500000001
0.5,0.3125,0.75,0.4941529375000001,0.3329446875,0.610575125
0.5,0.3125,0.8125,0.49050525000000006,0.336726125,0.6531215000000001
0.5,0.3125,0.875,0.48685756250000006,0.3405075625,0.695667875
0.5,0.3125,0.9375,0.48320987500000007,0.344289,0.73821425
0.5,0.3125,1.0,0.47956218750000007,0.3480704375,0.7807606250000001
0.5,0.375,0.0,0.5350106250000001,0.348294625,0.11988874999999997
0.5,0.375,0.0625,0.5313629375000001,0.3520760625,0.16243512499999999
0.5,0.375,0.125,0.5277152500000001,0.35585750000000005,0.20498149999999998
0.5,0.375,0.1875,0.5240675625000001,0.35963893750000003,0.247527875
0.5,0.375,0.25,0.5204198750000001,0.363420375,0.29007425
0.5,0.375,0.3125,0.5167721875000001,0.3672018125,0.332620625
0.5,0.375,0.375,0.5131245000000001,0.37098325000000004,0.37516700000000003
0.5,0.375,0.4375,0.5094768125000001,0.3747646875,0.417713375
0.5,0.375,0.5,0.5058291250000001,0.378546125,0.46025975
0.5,0.375,0.5625,0.5021814375000001,0.3823275625,0.502806125
0.5,0.375,0.625,0.4985337500000001,0.38610900000000004,0.5453525
0.5,0.375,0.6875,0.4948860625000001,0.3898904375,0.587898875
0.5,0.375,0.75,0.4912383750000001,0.393671875,0.6304452500000001
0.5,0.375,0.8125,0.48759068750000006,0.39745331250000004,0.6729916250000001
0.5,0.375,0.875,0.48394300000000007,0.40123475000000003,0.715538
0.5,0.375,0.9375,0.48029531250000007,0.4050161875,0.758084375
0.5,0.375,1.0,0.4766476250000001,0.408797625,0.8006307500000001
0.5,0.4375,0.0,0.5320960625000001,0.4090218125,0.13975887499999998
0.5,0.4375,0.0625,0.5284483750000001,0.41280325,0.18230524999999997
0.5,0.4375,0.125,0.5248006875000001,0.41658468750000005,0.224851625
0.5,0.4375,0.1875,0.5211530000000001,0.42036612500000003,0.267398
0.5,0.4375,0.25,0.5175053125000001,0.4241475625,0.309944375
0.5,0.4375,0.3125,0.5138576250000001,0.427929,0.35249074999999996
0.5,0.4375,0.375,0.5102099375000001,0.43171043750000004,0.395037125
0.5,0.4375,0.4375,0.5065622500000001,0.43549187500000003,0.4375835
0.5,0.4375,0.5,0.5029145625000001,0.4392733125,0.48012987500000004
0.5,0.4375,0.5625,0.4992668750000001,0.44305475,0.5226762500000001
0.5,0.4375,0.625,0.4956191875000001,0.44683618750000004,0.565222625
0.5,0.4375,0.6875,0.4919715000000001,0.450617625,0.607769
0.5,0.4375,0.75,0.4883238125000001,0.4543990625,0.650315375
0.5,0.4375,0.8125,0.48467612500000007,0.4581805,0.69286175
0.5,0.4375,0.875,0.4810284375000001,0.46196193750000003,0.735408125
0.5,0.4375,0.9375,0.4773807500000001,0.465743375,0.7779545
0.5,0.4375,1.0,0.4737330625000001,0.4695248125,0.820500875
0.5,0.5,0.0,0.5291815000000001,0.469749,0.15962899999999997
0.5,0.5,0.0625,0.5255338125000001,0.4735304375,0.20217537499999996
0.5,0.5,0.125,0.5218861250000001,0.47731187500000005,0.24472174999999996
0.5,0.5,0.1875,0.5182384375000001,0.48109331250000004,0.287268125
0.5,0.5,0.25,0.5145907500000001,0.48487475,0.3298145
0.5,0.5,0.3125,0.5109430625000001,0.4886561875,0.372360875
0.5,0.5,0.375,0.5072953750000001,0.49243762500000005,0.41490725
0.5,0.5,0.4375,0.5036476875000001,0.49621906250000003,0.457453625
0.5,0.5,0.5,0.5000000000000001,0.5000005000000001,0.5
0.5,0.5,0.5625,0.4963523125000001,0.5037819375,0.542546375
0.5,0.5,0.625,0.4927046250000001,0.507563375,0.58509275
0.5,0.5,0.6875,0.4890569375000001,0.5113448125,0.627639125
0.5,0.5,0.75,0.4854092500000001,0.51512625,0.6701855000000001
0.5,0.5,0.8125,0.4817615625000001,0.5189076875,0.712731875
0.5,0.5,0.875,0.4781138750000001,0.522689125,0.7552782499999999
0.5,0.5,0.9375,0.4744661875000001,0.5264705625,0.7978246250000001
0.5,0.5,1.0,0.4708185000000001,0.5302520000000001,0.840371
0.5,0.5625,0.0,0.5262669375000001,0.5304761874999999,0.17949912499999995
0.5,0.5625,0.0625,0.5226192500000001,0.534257625,0.22204549999999995
0.5,0.5625,0.125,0.5189715625000001,0.5380390624999999,0.264591875
0.5,0.5625,0.1875,0.5153238750000001,0.5418204999999999,0.30713824999999995
0.5,0.5625,0.25,0.5116761875000001,0.5456019375,0.34968462499999997
0.5,0.5625,0.3125,0.5080285000000001,0.5493833749999999,0.392231
0.5,0.5625,0.375,0.5043808125000001,0.5531648124999999,0.434777375
0.5,0.5625,0.4375,0.5007331250000001,0.5569462499999999,0.47732374999999994
0.5,0.5625,0.5,0.4970854375000001,0.5607276874999999,0.519870125
0.5,0.5625,0.5625,0.4934377500000001,0.564509125,0.5624165
0.5,0.5625,0.625,0.4897900625000001,0.5682905624999999,0.604962875
0.5,0.5625,0.6875,0.4861423750000001,0.5720719999999999,0.64750925
0.5,0.5625,0.75,0.48249468750000013,0.5758534375,0.6900556250000001
0.5,0.5625,0.8125,0.4788470000000001,0.5796348749999999,0.7326020000000001
0.5,0.5625,0.875,0.4751993125000001,0.5834163124999999,0.775148375
0.5,0.5625,0.9375,0.4715516250000001,0.5871977499999999,0.81769475
0.5,0.5625,1.0,0.4679039375000001,0.5909791874999999,0.860241125
0.5,0.625,0.0,0.5233523750000001,0.5912033750000001,0.19936924999999994
0.5,0.625,0.0625,0.5197046875000001,0.5949848125000001,0.24191562499999994
0.5,0.625,0.125,0.5160570000000001,0.59876625,0.28446199999999994
0.5,0.625,0.1875,0.5124093125000001,0.6025476875000001,0.32700837499999996
0.5,0.625,0.25,0.5087616250000001,0.6063291250000001,0.36955474999999993
0.5,0.625,0.3125,0.5051139375000001,0.6101105625000001,0.41210112499999996
0.5,0.625,0.375,0.5014662500000001,0.6138920000000001,0.4546475
0.5,0.625,0.4375,0.4978185625000001,0.6176734375,0.49719387499999995
0.5,0.625,0.5,0.4941708750000001,0.6214548750000001,0.5397402499999999
0.5,0.625,0.5625,0.4905231875000001,0.6252363125000001,0.5822866250000001
0.5,0.625,0.625,0.4868755000000001,0.62901775,0.624833
0.5,0.625,0.6875,0.48322781250000013,0.6327991875000001,0.667379375
0.5,0.625,0.75,0.47958012500000013,0.6365806250000001,0.70992575
0.5,0.625,0.8125,0.4759324375000001,0.6403620625,0.752472125
0.5,0.625,0.875,0.4722847500000001,0.6441435000000001,0.7950185
0.5,0.625,0.9375,0.4686370625000001,0.6479249375,0.837564875
0.5,0.625,1.0,0.4649893750000001,0.6517063750000001,0.88011125
0.5,0.6875,0.0,0.5204378125000001,0.6519305625,0.21923937499999996
0.5,0.6875,0.0625,0.5167901250000001,0.6557120000000001,0.26178575
0.5,0.6875,0.125,0.5131424375000001,0.6594934375,0.30433212499999995
0.5,0.6875,0.1875,0.5094947500000001,0.663274875,0.3468785
0.5,0.6875,0.25,0.5058470625000001,0.6670563125000001,0.389424875
0.5,0.6875,0.3125,0.5021993750000001,0.67083775,0.43197125
0.5,0.6875,0.375,0.4985516875000001,0.6746191875,0.474517625
0.5,0.6875,0.4375,0.4949040000000001,0.678400625,0.517064
0.5,0.6875,0.5,0.4912563125000001,0.6821820625,0.559610375
0.5,0.6875,0.5625,0.48760862500000013,0.6859635000000001,0.60215675
0.5,0.6875,0.625,0.48396093750000013,0.6897449375,0.6447031249999999
0.5,0.6875,0.6875,0.48031325000000014,0.693526375,0.6872495000000001
0.5,0.6875,0.75,0.47666556250000014,0.6973078125000001,0.729795875
0.5,0.6875,0.8125,0.4730178750000001,0.70108925,0.7723422500000001
0.5,0.6875,0.875,0.4693701875000001,0.7048706875,0.814888625
0.5,0.6875,0.9375,0.4657225000000001,0.708652125,0.857435
0.5,0.6875,1.0,0.4620748125000001,0.7124335625,0.8999813750000001
0.5,0.75,0.0,0.5175232500000001,0.71265775,0.23910949999999995
0.5,0.75,0.0625,0.5138755625000001,0.7164391875,0.28165587499999994
0.5,0.75,0.125,0.5102278750000001,0.720220625,0.32420224999999997
0.5,0.75,0.1875,0.5065801875000001,0.7240020625,0.36674862499999994
0.5,0.75,0.25,0.5029325000000001,0.7277835,0.40929499999999996
0.5,0.75,0.3125,0.4992848125000001,0.7315649375,0.451841375
0.5,0.75,0.375,0.4956371250000001,0.735346375,0.49438775
0.5,0.75,0.4375,0.4919894375000001,0.7391278124999999,0.5369341249999999
0.5,0.75,0.5,0.48834175000000013,0.74290925,0.5794805
0.5,0.75,0.5625,0.48469406250000013,0.7466906875,0.622026875
0.5,0.75,0.625,0.48104637500000014,0.7504721249999999,0.66457325
0.5,0.75,0.6875,0.47739868750000014,0.7542535625,0.707119625
0.5,0.75,0.75,0.47375100000000014,0.758035,0.749666
0.5,0.75,0.8125,0.4701033125000001,0.7618164374999999,0.7922123750000001
0.5,0.75,0.875,0.4664556250000001,0.765597875,0.83475875
0.5,0.75,0.9375,0.4628079375000001,0.7693793124999999,0.877305125
0.5,0.75,1.0,0.4591602500000001,0.77316075,0.9198515
0.5,0.8125,0.0,0.5146086875000001,0.7733849374999999,0.25897962499999994
0.5,0.8125,0.0625,0.5109610000000001,0.777166375,0.30152599999999996
0.5,0.8125,0.125,0.5073133125000001,0.7809478124999999,0.34407237499999993
0.5,0.8125,0.1875,0.5036656250000001,0.7847292499999999,0.38661874999999996
0.5,0.8125,0.25,0.5000179375000001,0.7885106875,0.4291651249999999
0.5,0.8125,0.3125,0.4963702500000001,0.7922921249999999,0.47171149999999995
0.5,0.8125,0.375,0.4927225625000001,0.7960735624999999,0.514257875
0.5,0.8125,0.4375,0.48907487500000013,0.7998549999999999,0.5568042499999999
0.5,0.8125,0.5,0.48542718750000013,0.8036364374999999,0.599350625
0.5,0.8125,0.5625,0.48177950000000014,0.807417875,0.6418969999999999
0.5,0.8125,0.625,0.47813181250000014,0.8111993124999999,0.684443375
0.5,0.8125,0.6875,0.47448412500000015,0.8149807499999999,0.72698975
0.5,0.8125,0.75,0.47083643750000015,0.8187621875,0.769536125
0.5,0.8125,0.8125,0.4671887500000001,0.8225436249999999,0.8120825
0.5,0.8125,0.875,0.4635410625000001,0.8263250624999999,0.854628875
0.5,0.8125,0.9375,0.4598933750000001,0.8301064999999999,0.89717525
0.5,0.8125,1.0,0.4562456875000001,0.8338879374999999,0.939721625
0.5,0.875,0.0,0.5116941250000001,0.8341121250000001,0.27884974999999995
0.5,0.875,0.0625,0.5080464375000001,0.8378935625000001,0.321396125
0.5,0.875,0.125,0.5043987500000001,0.8416750000000001,0.36394249999999995
0.5,0.875,0.1875,0.5007510625000001,0.8454564375000001,0.40648887499999997
0.5,0.875,0.25,0.4971033750000001,0.8492378750000001,0.44903525
0.5,0.875,0.3125,0.49345568750000013,0.8530193125000001,0.49158162499999997
0.5,0.875,0.375,0.48980800000000013,0.8568007500000001,0.5341279999999999
0.5,0.875,0.4375,0.48616031250000014,0.8605821875,0.576674375
0.5,0.875,0.5,0.48251262500000014,0.8643636250000001,0.61922075
0.5,0.875,0.5625,0.47886493750000014,0.8681450625000001,0.661767125
0.5,0.875,0.625,0.47521725000000015,0.8719265,0.7043135
0.5,0.875,0.6875,0.47156956250000015,0.8757079375000001,0.746859875
0.5,0.875,0.75,0.46792187500000015,0.8794893750000001,0.7894062500000001
0.5,0.875,0.8125,0.4642741875000001,0.8832708125000001,0.831952625
0.5,0.875,0.875,0.4606265000000001,0.8870522500000001,0.8744989999999999
0.5,0.875,0.9375,0.4569788125000001,0.8908336875,0.917045375
0.5,0.875,1.0,0.4533311250000001,0.8946151250000001,0.95959175
0.5,0.9375,0.0,0.5087795625000001,0.8948393125,0.2987198749999999
0.5,0.9375,0.0625,0.5051318750000001,0.8986207500000001,0.34126624999999994
0.5,0.9375,0.125,0.5014841875000001,0.9024021875,0.3838126249999999
0.5,0.9375,0.1875,0.4978365000000001,0.906183625,0.42635899999999993
0.5,0.9375,0.25,0.49418881250000013,0.9099650625000001,0.46890537499999996
0.5,0.9375,0.3125,0.49054112500000013,0.9137465,0.51145175
0.5,0.9375,0.375,0.48689343750000014,0.9175279375000001,0.5539981249999999
0.5,0.9375,0.4375,0.48324575000000014,0.921309375,0.5965444999999999
0.5,0.9375,0.5,0.47959806250000014,0.9250908125,0.639090875
0.5,0.9375,0.5625,0.47595037500000015,0.9288722500000001,0.68163725
0.5,0.9375,0.625,0.47230268750000015,0.9326536875,0.724183625
0.5,0.9375,0.6875,0.46865500000000015,0.936435125,0.7667299999999999
0.5,0.9375,0.75,0.46500731250000016,0.9402165625000001,0.809276375
0.5,0.9375,0.8125,0.4613596250000001,0.943998,0.85182275
0.5,0.9375,0.875,0.4577119375000001,0.9477794375,0.8943691249999999
0.5,0.9375,0.9375,0.4540642500000001,0.951560875,0.9369155
0.5,0.9375,1.0,0.4504165625000001,0.9553423125,0.9794618749999999
0.5,1.0,0.0,0.5058650000000001,0.9555665,0.31858999999999993
0.5,1.0,0.0625,0.5022173125000001,0.9593479375,0.36113637499999995
0.5,1.0,0.125,0.4985696250000001,0.963129375,0.4036827499999999
0.5,1.0,0.1875,0.49492193750000013,0.9669108125,0.44622912499999995
0.5,1.0,0.25,0.49127425000000013,0.97069225,0.4887754999999999
0.5,1.0,0.3125,0.48762656250000014,0.9744736875,0.5313218749999999
0.5,1.0,0.375,0.48397887500000014,0.978255125,0.57386825
0.5,1.0,0.4375,0.48033118750000015,0.9820365624999999,0.616414625
0.5,1.0,0.5,0.47668350000000015,0.985818,0.6589609999999999
0.5,1.0,0.5625,0.47303581250000015,0.9895994375,0.701507375
0.5,1.0,0.625,0.46938812500000016,0.9933808749999999,0.74405375
0.5,1.0,0.6875,0.46574043750000016,0.9971623125,0.786600125
0.5,1.0,0.75,0.46209275000000016,1.00094375,0.8291465
0.5,1.0,0.8125,0.4584450625000001,1.0047251875,0.871692875
0.5,1.0,0.875,0.4547973750000001,1.0085066249999999,0.91423925
0.5,1.0,0.9375,0.4511496875000001,1.0122880625,0.956785625
0.5,1.0,1.0,0.4475020000000001,1.0160695,0.999332
0.5625,0.0,0.0,0.62156025,-0.018077062499999984,0.0007515000000000026
0.5625,0.0,0.0625,0.6179125625,-0.014295624999999985,0.043297875000000006
0.5625,0.0,0.125,0.614264875,-0.010514187499999985,0.08584425000000001
0.5625,0.0,0.1875,0.6106171875,-0.006732749999999985,0.12839062500000004
0.5625,0.0,0.25,0.6069695,-0.002951312499999987,0.17093700000000003
0.5625,0.0,0.3125,0.6033218125,0.0008301250000000114,0.21348337500000003
0.5625,0.0,0.375,0.5996741250000001,0.004611562500000013,0.25602975000000006
0.5625,0.0,0.4375,0.5960264375000001,0.008393000000000012,0.298576125
0.5625,0.0,0.5,0.5923787500000001,0.01217443750000001,0.34112250000000005
0.5625,0.0,0.5625,0.5887310625000001,0.015955875000000008,0.3836688750000001
0.5625,0.0,0.625,0.5850833750000001,0.019737312500000007,0.42621525000000005
0.5625,0.0,0.6875,0.5814356875000001,0.023518750000000005,0.46876162500000007
0.5625,0.0,0.75,0.5777880000000001,0.02730018750000001,0.5113080000000001
0.5625,0.0,0.8125,0.5741403125000001,0.03108162500000001,0.5538543750000001
0.5625,0.0,0.875,0.5704926250000001,0.03486306250000001,0.59640075
0.5625,0.0,0.9375,0.5668449375000001,0.038644500000000005,0.6389471250000001
0.5625,0.0,1.0,0.5631972500000001,0.042425937500000004,0.6814935000000001
0.5625,0.0625,0.0,0.6186456875,0.04265012500000002,0.020621624999999998
0.5625,0.0625,0.0625,0.614998,0.046431562500000016,0.063168
0.5625,0.0625,0.125,0.6113503125,0.050213000000000015,0.105714375
0.5625,0.0625,0.1875,0.607702625,0.05399443750000002,0.14826075000000002
0.5625,0.0625,0.25,0.6040549375,0.05777587500000002,0.19080712500000002
0.5625,0.0625,0.3125,0.6004072500000001,0.06155731250000002,0.23335350000000002
0.5625,0.0625,0.375,0.5967595625000001,0.06533875000000001,0.275899875
0.5625,0.0625,0.4375,0.5931118750000001,0.06912018750000001,0.31844625
0.5625,0.0625,0.5,0.5894641875000001,0.07290162500000001,0.360992625
0.5625,0.0625,0.5625,0.5858165000000001,0.07668306250000001,0.40353900000000004
0.5625,0.0625,0.625,0.5821688125000001,0.08046450000000001,0.446085375
0.5625,0.0625,0.6875,0.5785211250000001,0.0842459375,0.48863175000000003
0.5625,0.0625,0.75,0.5748734375000001,0.08802737500000002,0.5311781250000001
0.5625,0.0625,0.8125,0.5712257500000001,0.0918088125,0.5737245000000001
0.5625,0.0625,0.875,0.5675780625000001,0.09559025000000002,0.616270875
0.5625,0.0625,0.9375,0.5639303750000001,0.0993716875,0.65881725
0.5625,0.0625,1.0,0.5602826875000001,0.10315312500000001,0.701363625
0.5625,0.125,0.0,0.615731125,0.10337731250000001,0.04049174999999999
0.5625,0.125,0.0625,0.6120834375,0.10715875000000001,0.08303812499999999
0.5625,0.125,0.125,0.60843575,0.11094018750000001,0.1255845
0.5625,0.125,0.1875,0.6047880625000001,0.11472162500000001,0.168130875
0.5625,0.125,0.25,0.6011403750000001,0.1185030625,0.21067725
0.5625,0.125,0.3125,0.5974926875000001,0.1222845,0.253223625
0.5625,0.125,0.375,0.5938450000000001,0.1260659375,0.29577000000000003
0.5625,0.125,0.4375,0.5901973125000001,0.12984737500000001,0.338316375
0.5625,0.125,0.5,0.5865496250000001,0.1336288125,0.38086275
0.5625,0.125,0.5625,0.5829019375000001,0.13741025,0.42340912500000005
0.5625,0.125,0.625,0.5792542500000001,0.1411916875,0.4659555
0.5625,0.125,0.6875,0.5756065625000001,0.144973125,0.5085018750000001
0.5625,0.125,0.75,0.5719588750000001,0.14875456250000002,0.55104825
0.5625,0.125,0.8125,0.5683111875000001,0.152536,0.5935946250000002
0.5625,0.125,0.875,0.5646635000000001,0.1563174375,0.6361410000000001
0.5625,0.125,0.9375,0.5610158125000001,0.160098875,0.678687375
0.5625,0.125,1.0,0.5573681250000001,0.1638803125,0.7212337500000001
0.5625,0.1875,0.0,0.6128165625,0.16410450000000001,0.06036187499999999
0.5625,0.1875,0.0625,0.609168875,0.16788593750000003,0.10290824999999999
0.5625,0.1875,0.125,0.6055211875000001,0.171667375,0.145454625
0.5625,0.1875,0.1875,0.6018735000000001,0.17544881250000002,0.188001
0.5625,0.1875,0.25,0.5982258125000001,0.17923025,0.230547375
0.5625,0.1875,0.3125,0.5945781250000001,0.18301168750000002,0.27309375
0.5625,0.1875,0.375,0.5909304375000001,0.186793125,0.31564012500000005
0.5625,0.1875,0.4375,0.5872827500000001,0.19057456250000002,0.3581865
0.5625,0.1875,0.5,0.5836350625000001,0.194356,0.40073287500000004
0.5625,0.1875,0.5625,0.5799873750000001,0.1981374375,0.44327925000000007
0.5625,0.1875,0.625,0.5763396875000001,0.201918875,0.48582562500000004
0.5625,0.1875,0.6875,0.5726920000000001,0.2057003125,0.5283720000000001
0.5625,0.1875,0.75,0.5690443125000001,0.20948175000000002,0.5709183750000001
0.5625,0.1875,0.8125,0.5653966250000001,0.2132631875,0.6134647500000001
0.5625,0.1875,0.875,0.5617489375000001,0.217044625,0.656011125
0.5625,0.1875,0.9375,0.5581012500000001,0.2208260625,0.6985575
0.5625,0.1875,1.0,0.5544535625000001,0.22460750000000002,0.7411038750000001
0.5625,0.25,0.0,0.609902,0.22483168750000002,0.08023199999999998
0.5625,0.25,0.0625,0.6062543125000001,0.22861312500000003,0.122778375
0.5625,0.25,0.125,0.6026066250000001,0.2323945625,0.16532475
0.5625,0.25,0.1875,0.5989589375000001,0.23617600000000002,0.207871125
0.5625,0.25,0.25,0.5953112500000001,0.2399574375,0.2504175
0.5625,0.25,0.3125,0.5916635625000001,0.24373887500000002,0.292963875
0.5625,0.25,0.375,0.5880158750000001,0.2475203125,0.33551025
0.5625,0.25,0.4375,0.5843681875000001,0.25130175,0.378056625
0.5625,0.25,0.5,0.5807205000000001,0.25508318750000003,0.420603
0.5625,0.25,0.5625,0.5770728125000001,0.258864625,0.46314937500000003
0.5625,0.25,0.625,0.5734251250000001,0.2626460625,0.50569575
0.5625,0.25,0.6875,0.5697774375000001,0.2664275,0.548242125
0.5625,0.25,0.75,0.5661297500000001,0.2702089375,0.5907885
0.5625,0.25,0.8125,0.5624820625000001,0.273990375,0.6333348750000001
0.5625,0.25,0.875,0.5588343750000001,0.2777718125,0.67588125
0.5625,0.25,0.9375,0.5551866875000001,0.28155325,0.718427625
0.5625,0.25,1.0,0.5515390000000001,0.2853346875,0.760974
0.5625,0.3125,0.0,0.6069874375000001,0.28555887500000005,0.10010212499999997
0.5625,0.3125,0.0625,0.6033397500000001,0.28934031250000003,0.14264849999999998
0.5625,0.3125,0.125,0.5996920625000001,0.29312175000000007,0.18519487499999998
0.5625,0.3125,0.1875,0.5960443750000001,0.29690318750000005,0.22774125
0.5625,0.3125,0.25,0.5923966875000001,0.30068462500000004,0.270287625
0.5625,0.3125,0.3125,0.5887490000000001,0.3044660625,0.312834
0.5625,0.3125,0.375,0.5851013125000001,0.30824750000000006,0.355380375
0.5625,0.3125,0.4375,0.5814536250000001,0.31202893750000005,0.39792675
0.5625,0.3125,0.5,0.5778059375000001,0.31581037500000003,0.440473125
0.5625,0.3125,0.5625,0.5741582500000001,0.3195918125,0.48301950000000005
0.5625,0.3125,0.625,0.5705105625000001,0.32337325000000006,0.525565875
0.5625,0.3125,0.6875,0.5668628750000001,0.32715468750000004,0.56811225
0.5625,0.3125,0.75,0.5632151875000001,0.330936125,0.610658625
0.5625,0.3125,0.8125,0.5595675000000001,0.33471756250000007,0.653205
0.5625,0.3125,0.875,0.5559198125000001,0.33849900000000005,0.695751375
0.5625,0.3125,0.9375,0.5522721250000001,0.34228043750000003,0.73829775
0.5625,0.3125,1.0,0.5486244375000001,0.346061875,0.780844125
0.5625,0.375,0.0,0.6040728750000001,0.34628606250000005,0.11997224999999997
0.5625,0.375,0.0625,0.6004251875000001,0.35006750000000003,0.16251862499999997
0.5625,0.375,0.125,0.5967775000000001,0.35384893750000007,0.205065
0.5625,0.375,0.1875,0.5931298125000001,0.35763037500000006,0.247611375
0.5625,0.375,0.25,0.5894821250000001,0.36141181250000004,0.29015775
0.5625,0.375,0.3125,0.5858344375000001,0.36519325,0.332704125
0.5625,0.375,0.375,0.5821867500000001,0.36897468750000006,0.37525050000000004
0.5625,0.375,0.4375,0.5785390625000001,0.37275612500000005,0.41779687499999996
0.5625,0.375,0.5,0.5748913750000001,0.37653756250000003,0.46034325
0.5625,0.375,0.5625,0.5712436875000001,0.380319,0.502889625
0.5625,0.375,0.625,0.5675960000000001,0.38410043750000006,0.545436
0.5625,0.375,0.6875,0.5639483125000001,0.38788187500000004,0.5879823750000001
0.5625,0.375,0.75,0.5603006250000001,0.3916633125,0.6305287500000001
0.5625,0.375,0.8125,0.5566529375000001,0.39544475,0.6730751250000001
0.5625,0.375,0.875,0.5530052500000001,0.39922618750000005,0.7156215
0.5625,0.375,0.9375,0.5493575625000001,0.40300762500000004,0.758167875
0.5625,0.375,1.0,0.5457098750000001,0.4067890625,0.8007142500000001
0.5625,0.4375,0.0,0.6011583125000001,0.40701325000000005,0.139842375
0.5625,0.4375,0.0625,0.5975106250000001,0.41079468750000003,0.18238875
0.5625,0.4375,0.125,0.5938629375000001,0.4145761250000001,0.224935125
0.5625,0.4375,0.1875,0.5902152500000001,0.41835756250000006,0.26748150000000004
0.5625,0.4375,0.25,0.5865675625000001,0.42213900000000004,0.310027875
0.5625,0.4375,0.3125,0.5829198750000001,0.4259204375,0.35257425
0.5625,0.4375,0.375,0.5792721875000001,0.42970187500000007,0.395120625
0.5625,0.4375,0.4375,0.5756245000000001,0.43348331250000005,0.43766700000000003
0.5625,0.4375,0.5,0.5719768125000001,0.43726475000000004,0.48021337500000005
0.5625,0.4375,0.5625,0.5683291250000001,0.4410461875,0.5227597500000001
0.5625,0.4375,0.625,0.5646814375000001,0.44482762500000006,0.565306125
0.5625,0.4375,0.6875,0.5610337500000001,0.44860906250000004,0.6078525
0.5625,0.4375,0.75,0.5573860625000001,0.45239050000000003,0.650398875
0.5625,0.4375,0.8125,0.5537383750000001,0.45617193750000007,0.6929452500000001
0.5625,0.4375,0.875,0.5500906875000001,0.45995337500000005,0.735491625
0.5625,0.4375,0.9375,0.5464430000000001,0.46373481250000004,0.778038
0.5625,0.4375,1.0,0.5427953125000001,0.46751625,0.820584375
0.5625,0.5,0.0,0.5982437500000001,0.46774043750000005,0.15971249999999998
0.5625,0.5,0.0625,0.5945960625000001,0.47152187500000003,0.20225887499999998
0.5625,0.5,0.125,0.5909483750000001,0.4753033125000001,0.24480524999999997
0.5625,0.5,0.1875,0.5873006875000001,0.47908475000000006,0.287351625
0.5625,0.5,0.25,0.5836530000000001,0.48286618750000004,0.329898
0.5625,0.5,0.3125,0.5800053125000001,0.48664762500000003,0.372444375
0.5625,0.5,0.375,0.5763576250000001,0.49042906250000007,0.41499075
0.5625,0.5,0.4375,0.5727099375000001,0.49421050000000005,0.457537125
0.5625,0.5,0.5,0.5690622500000001,0.49799193750000004,0.5000835
0.5625,0.5,0.5625,0.5654145625000001,0.5017733750000001,0.542629875
0.5625,0.5,0.625,0.5617668750000001,0.5055548125,0.58517625
0.5625,0.5,0.6875,0.5581191875000001,0.50933625,0.6277226250000001
0.5625,0.5,0.75,0.5544715000000001,0.5131176875000001,0.670269
0.5625,0.5,0.8125,0.5508238125000001,0.516899125,0.7128153750000001
0.5625,0.5,0.875,0.5471761250000001,0.5206805625,0.75536175
0.5625,0.5,0.9375,0.5435284375000001,0.524462,0.797908125
0.5625,0.5,1.0,0.5398807500000001,0.5282434375,0.8404545000000001
0.5625,0.5625,0.0,0.5953291875000001,0.528467625,0.17958262499999997
0.5625,0.5625,0.0625,0.5916815000000001,0.5322490625,0.22212899999999997
0.5625,0.5625,0.125,0.5880338125000001,0.5360305,0.264675375
0.5625,0.5625,0.1875,0.5843861250000001,0.5398119375,0.30722174999999996
0.5625,0.5625,0.25,0.5807384375000001,0.543593375,0.349768125
0.5625,0.5625,0.3125,0.5770907500000001,0.5473748125,0.3923145
0.5625,0.5625,0.375,0.5734430625000001,0.55115625,0.43486087500000004
0.5625,0.5625,0.4375,0.5697953750000001,0.5549376874999999,0.47740724999999995
0.5625,0.5625,0.5,0.5661476875000001,0.558719125,0.519953625
0.5625,0.5625,0.5625,0.5625000000000001,0.5625005625,0.5625
0.5625,0.5625,0.625,0.5588523125000001,0.566282,0.605046375
0.5625,0.5625,0.6875,0.5552046250000001,0.5700634375,0.64759275
0.5625,0.5625,0.75,0.5515569375000001,0.573844875,0.6901391250000001
0.5625,0.5625,0.8125,0.5479092500000001,0.5776263125,0.7326855000000001
0.5625,0.5625,0.875,0.5442615625000001,0.58140775,0.775231875
0.5625,0.5625,0.9375,0.5406138750000001,0.5851891874999999,0.81777825
0.5625,0.5625,1.0,0.5369661875000001,0.588970625,0.8603246250000001
0.5625,0.625,0.0,0.5924146250000001,0.5891948125,0.19945274999999996
0.5625,0.625,0.0625,0.5887669375000001,0.5929762500000001,0.24199912499999995
0.5625,0.625,0.125,0.5851192500000001,0.5967576875,0.28454549999999995
0.5625,0.625,0.1875,0.5814715625000001,0.6005391250000001,0.327091875
0.5625,0.625,0.25,0.5778238750000001,0.6043205625000001,0.36963824999999995
0.5625,0.625,0.3125,0.5741761875000001,0.608102,0.41218462499999997
0.5625,0.625,0.375,0.5705285000000001,0.6118834375000001,0.454731
0.5625,0.625,0.4375,0.5668808125000001,0.615664875,0.49727737499999997
0.5625,0.625,0.5,0.5632331250000001,0.6194463125,0.53982375
0.5625,0.625,0.5625,0.5595854375000001,0.6232277500000001,0.582370125
0.5625,0.625,0.625,0.5559377500000001,0.6270091875,0.6249165
0.5625,0.625,0.6875,0.5522900625000001,0.630790625,0.667462875
0.5625,0.625,0.75,0.5486423750000001,0.6345720625000001,0.71000925
0.5625,0.625,0.8125,0.5449946875000001,0.6383535,0.7525556250000001
0.5625,0.625,0.875,0.5413470000000001,0.6421349375000001,0.795102
0.5625,0.625,0.9375,0.5376993125000001,0.6459163750000001,0.837648375
0.5625,0.625,1.0,0.5340516250000001,0.6496978125,0.88019475
0.5625,0.6875,0.0,0.5895000625000001,0.6499220000000001,0.21932287499999997
0.5625,0.6875,0.0625,0.5858523750000001,0.6537034375000002,0.26186925
0.5625,0.6875,0.125,0.5822046875000001,0.6574848750000001,0.30441562499999997
0.5625,0.6875,0.1875,0.5785570000000001,0.6612663125000001,0.346962
0.5625,0.6875,0.25,0.5749093125000001,0.6650477500000002,0.389508375
0.5625,0.6875,0.3125,0.5712616250000001,0.6688291875000001,0.43205475
0.5625,0.6875,0.375,0.5676139375000001,0.6726106250000001,0.474601125
0.5625,0.6875,0.4375,0.5639662500000001,0.6763920625000001,0.5171475
0.5625,0.6875,0.5,0.5603185625000001,0.6801735000000001,0.559693875
0.5625,0.6875,0.5625,0.5566708750000001,0.6839549375000001,0.60224025
0.5625,0.6875,0.625,0.5530231875000001,0.6877363750000001,0.6447866250000001
0.5625,0.6875,0.6875,0.5493755000000001,0.6915178125000001,0.687333
0.5625,0.6875,0.75,0.5457278125000001,0.6952992500000001,0.7298793750000001
0.5625,0.6875,0.8125,0.5420801250000001,0.6990806875000001,0.77242575
0.5625,0.6875,0.875,0.5384324375000001,0.7028621250000001,0.8149721249999999
0.5625,0.6875,0.9375,0.5347847500000001,0.7066435625,0.8575185000000001
0.5625,0.6875,1.0,0.5311370625000001,0.7104250000000001,0.900064875
0.5625,0.75,0.0,0.5865855000000001,0.7106491875000001,0.23919299999999996
0.5625,0.75,0.0625,0.5829378125000001,0.7144306250000001,0.28173937499999996
0.5625,0.75,0.125,0.5792901250000001,0.7182120625,0.32428575
0.5625,0.75,0.1875,0.5756424375000001,0.7219935000000001,0.36683212499999995
0.5625,0.75,0.25,0.5719947500000001,0.7257749375000001,0.4093785
0.5625,0.75,0.3125,0.5683470625000001,0.729556375,0.451924875
0.5625,0.75,0.375,0.5646993750000001,0.7333378125000001,0.49447125000000003
0.5625,0.75,0.4375,0.5610516875000001,0.73711925,0.5370176249999999
0.5625,0.75,0.5,0.5574040000000001,0.7409006875,0.579564
0.5625,0.75,0.5625,0.5537563125000001,0.7446821250000001,0.622110375
0.5625,0.75,0.625,0.5501086250000001,0.7484635625,0.66465675
0.5625,0.75,0.6875,0.5464609375000001,0.752245,0.707203125
0.5625,0.75,0.75,0.5428132500000001,0.7560264375000001,0.7497495000000001
0.5625,0.75,0.8125,0.5391655625000001,0.759807875,0.7922958750000001
0.5625,0.75,0.875,0.5355178750000001,0.7635893125000001,0.83484225
0.5625,0.75,0.9375,0.5318701875000001,0.76737075,0.877388625
0.5625,0.75,1.0,0.5282225000000002,0.7711521875,0.9199350000000001
0.5625,0.8125,0.0,0.5836709375000001,0.771376375,0.25906312499999995
0.5625,0.8125,0.0625,0.5800232500000001,0.7751578125,0.3016095
0.5625,0.8125,0.125,0.5763755625000001,0.77893925,0.34415587499999994
0.5625,0.8125,0.1875,0.5727278750000001,0.7827206875,0.38670224999999997
0.5625,0.8125,0.25,0.5690801875000001,0.786502125,0.42924862499999994
0.5625,0.8125,0.3125,0.5654325000000001,0.7902835625,0.47179499999999996
0.5625,0.8125,0.375,0.5617848125000001,0.794065,0.514341375
0.5625,0.8125,0.4375,0.5581371250000001,0.7978464375,0.55688775
0.5625,0.8125,0.5,0.5544894375000001,0.801627875,0.5994341249999999
0.5625,0.8125,0.5625,0.5508417500000001,0.8054093125,0.6419805000000001
0.5625,0.8125,0.625,0.5471940625000001,0.80919075,0.684526875
0.5625,0.8125,0.6875,0.5435463750000001,0.8129721875,0.72707325
0.5625,0.8125,0.75,0.5398986875000001,0.816753625,0.769619625
0.5625,0.8125,0.8125,0.5362510000000001,0.8205350625,0.812166
0.5625,0.8125,0.875,0.5326033125000001,0.8243165,0.854712375
0.5625,0.8125,0.9375,0.5289556250000002,0.8280979374999999,0.89725875
0.5625,0.8125,1.0,0.5253079375000002,0.831879375,0.939805125
0.5625,0.875,0.0,0.5807563750000001,0.8321035625000001,0.27893324999999997
0.5625,0.875,0.0625,0.5771086875000001,0.8358850000000001,0.321479625
0.5625,0.875,0.125,0.5734610000000001,0.8396664375,0.36402599999999996
0.5625,0.875,0.1875,0.5698133125000001,0.8434478750000001,0.406572375
0.5625,0.875,0.25,0.5661656250000001,0.8472293125000001,0.44911875
0.5625,0.875,0.3125,0.5625179375000001,0.85101075,0.491665125
0.5625,0.875,0.375,0.5588702500000001,0.8547921875000001,0.5342115000000001
0.5625,0.875,0.4375,0.5552225625000001,0.858573625,0.576757875
0.5625,0.875,0.5,0.5515748750000001,0.8623550625,0.61930425
0.5625,0.875,0.5625,0.5479271875000001,0.8661365000000001,0.661850625
0.5625,0.875,0.625,0.5442795000000001,0.8699179375,0.7043969999999999
0.5625,0.875,0.6875,0.5406318125000001,0.8736993750000001,0.7469433750000001
0.5625,0.875,0.75,0.5369841250000001,0.8774808125000001,0.78948975
0.5625,0.875,0.8125,0.5333364375000001,0.88126225,0.8320361250000001
0.5625,0.875,0.875,0.5296887500000002,0.8850436875000001,0.8745825
0.5625,0.875,0.9375,0.5260410625000002,0.8888251250000001,0.917128875
0.5625,0.875,1.0,0.5223933750000002,0.8926065625,0.9596752500000001
0.5625,0.9375,0.0,0.5778418125000001,0.8928307500000001,0.2988033749999999
0.5625,0.9375,0.0625,0.5741941250000001,0.8966121875000002,0.34134974999999995
0.5625,0.9375,0.125,0.5705464375000001,0.9003936250000001,0.3838961249999999
0.5625,0.9375,0.1875,0.5668987500000001,0.9041750625000001,0.42644249999999995
0.5625,0.9375,0.25,0.5632510625000001,0.9079565000000002,0.46898887499999997
0.5625,0.9375,0.3125,0.5596033750000001,0.9117379375000001,0.5115352499999999
0.5625,0.9375,0.375,0.5559556875000001,0.9155193750000001,0.554081625
0.5625,0.9375,0.4375,0.5523080000000001,0.9193008125000001,0.5966279999999999
0.5625,0.9375,0.5,0.5486603125000001,0.9230822500000001,0.639174375
0.5625,0.9375,0.5625,0.5450126250000001,0.9268636875000001,0.68172075
0.5625,0.9375,0.625,0.5413649375000001,0.9306451250000001,0.7242671249999999
0.5625,0.9375,0.6875,0.5377172500000001,0.9344265625000001,0.7668135
0.5625,0.9375,0.75,0.5340695625000002,0.9382080000000002,0.809359875
0.5625,0.9375,0.8125,0.5304218750000002,0.9419894375000001,0.8519062500000001
0.5625,0.9375,0.875,0.5267741875000002,0.9457708750000001,0.894452625
0.5625,0.9375,0.9375,0.5231265000000002,0.9495523125,0.9369989999999999
0.5625,0.9375,1.0,0.5194788125000002,0.9533337500000001,0.979545375
0.5625,1.0,0.0,0.5749272500000001,0.9535579375000001,0.31867349999999994
0.5625,1.0,0.0625,0.5712795625000001,0.9573393750000001,0.36121987499999997
0.5625,1.0,0.125,0.5676318750000001,0.9611208125,0.40376624999999994
0.5625,1.0,0.1875,0.5639841875000001,0.9649022500000001,0.44631262499999996
0.5625,1.0,0.25,0.5603365000000001,0.9686836875000001,0.48885899999999993
0.5625,1.0,0.3125,0.5566888125000001,0.972465125,0.531405375
0.5625,1.0,0.375,0.5530411250000001,0.9762465625000001,0.57395175
0.5625,1.0,0.4375,0.5493934375000001,0.980028,0.6164981249999999
0.5625,1.0,0.5,0.5457457500000001,0.9838094375,0.6590445
0.5625,1.0,0.5625,0.5420980625000001,0.9875908750000001,0.701590875
0.5625,1.0,0.625,0.5384503750000001,0.9913723125,0.74413725
0.5625,1.0,0.6875,0.5348026875000002,0.9951537500000001,0.786683625
0.5625,1.0,0.75,0.5311550000000002,0.9989351875000001,0.82923
0.5625,1.0,0.8125,0.5275073125000002,1.0027166250000001,0.871776375
0.5625,1.0,0.875,0.5238596250000002,1.0064980625,0.91432275
0.5625,1.0,0.9375,0.5202119375000002,1.0102795,0.956869125
0.5625,1.0,1.0,0.5165642500000002,1.0140609375,0.9994155
0.625,0.0,0.0,0.6906225,-0.020085624999999982,0.000835000000000003
0.625,0.0,0.0625,0.6869748125,-0.016304187499999984,0.04338137500000001
0.625,0.0,0.125,0.683327125,-0.012522749999999984,0.08592775000000001
0.625,0.0,0.1875,0.6796794375,-0.008741312499999983,0.12847412500000002
0.625,0.0,0.25,0.67603175,-0.004959874999999985,0.17102050000000002
0.625,0.0,0.3125,0.6723840625,-0.0011784374999999868,0.21356687500000002
0.625,0.0,0.375,0.668736375,0.002603000000000015,0.25611325000000007
0.625,0.0,0.4375,0.6650886875,0.006384437500000013,0.29865962500000004
0.625,0.0,0.5,0.6614410000000001,0.010165875000000012,0.34120600000000006
0.625,0.0,0.5625,0.6577933125000001,0.01394731250000001,0.3837523750000001
0.625,0.0,0.625,0.6541456250000001,0.01772875000000001,0.42629875000000006
0.625,0.0,0.6875,0.6504979375000001,0.021510187500000007,0.4688451250000001
0.625,0.0,0.75,0.6468502500000001,0.025291625000000012,0.5113915000000001
0.625,0.0,0.8125,0.6432025625000001,0.02907306250000001,0.5539378750000001
0.625,0.0,0.875,0.6395548750000001,0.03285450000000001,0.59648425
0.625,0.0,0.9375,0.6359071875000001,0.03663593750000001,0.6390306250000001
0.625,0.0,1.0,0.6322595000000001,0.040417375000000005,0.6815770000000001
0.625,0.0625,0.0,0.6877079375,0.04064156250000002,0.020705124999999998
0.625,0.0625,0.0625,0.68406025,0.04442300000000002,0.0632515
0.625,0.0625,0.125,0.6804125625,0.048204437500000016,0.10579787500000001
0.625,0.0625,0.1875,0.676764875,0.051985875000000015,0.14834425
0.625,0.0625,0.25,0.6731171875,0.05576731250000001,0.190890625
0.625,0.0625,0.3125,0.6694695,0.05954875000000001,0.233437
0.625,0.0625,0.375,0.6658218125,0.06333018750000002,0.27598337500000003
0.625,0.0625,0.4375,0.6621741250000001,0.06711162500000001,0.31852975
0.625,0.0625,0.5,0.6585264375000001,0.07089306250000002,0.361076125
0.625,0.0625,0.5625,0.6548787500000001,0.0746745,0.40362250000000005
0.625,0.0625,0.625,0.6512310625000001,0.07845593750000002,0.446168875
0.625,0.0625,0.6875,0.6475833750000001,0.082237375,0.48871525000000005
0.625,0.0625,0.75,0.6439356875000001,0.08601881250000001,0.5312616250000001
0.625,0.0625,0.8125,0.6402880000000001,0.08980025000000001,0.5738080000000001
0.625,0.0625,0.875,0.6366403125000001,0.09358168750000001,0.616354375
0.625,0.0625,0.9375,0.6329926250000001,0.09736312500000001,0.65890075
0.625,0.0625,1.0,0.6293449375000001,0.10114456250000001,0.7014471250000001
0.625,0.125,0.0,0.684793375,0.10136875000000002,0.04057524999999999
0.625,0.125,0.0625,0.6811456875,0.10515018750000002,0.083121625
0.625,0.125,0.125,0.677498,0.10893162500000002,0.125668
0.625,0.125,0.1875,0.6738503125,0.11271306250000002,0.16821437500000003
0.625,0.125,0.25,0.670202625,0.11649450000000001,0.21076075
0.625,0.125,0.3125,0.6665549375,0.12027593750000001,0.253307125
0.625,0.125,0.375,0.6629072500000001,0.12405737500000003,0.29585350000000005
0.625,0.125,0.4375,0.6592595625000001,0.1278388125,0.338399875
0.625,0.125,0.5,0.6556118750000001,0.13162025000000002,0.38094625000000004
0.625,0.125,0.5625,0.6519641875000001,0.1354016875,0.42349262500000007
0.625,0.125,0.625,0.6483165000000001,0.13918312500000002,0.46603900000000004
0.625,0.125,0.6875,0.6446688125000001,0.1429645625,0.508585375
0.625,0.125,0.75,0.6410211250000001,0.14674600000000002,0.55113175
0.625,0.125,0.8125,0.6373734375000001,0.15052743750000003,0.5936781250000001
0.625,0.125,0.875,0.6337257500000001,0.154308875,0.6362245
0.625,0.125,0.9375,0.6300780625000001,0.1580903125,0.678770875
0.625,0.125,1.0,0.6264303750000001,0.16187175,0.72131725
0.625,0.1875,0.0,0.6818788125,0.1620959375,0.06044537499999999
0.625,0.1875,0.0625,0.678231125,0.16587737500000002,0.10299174999999999
0.625,0.1875,0.125,0.6745834375,0.1696588125,0.145538125
0.625,0.1875,0.1875,0.67093575,0.17344025000000002,0.18808450000000002
0.625,0.1875,0.25,0.6672880625000001,0.1772216875,0.230630875
0.625,0.1875,0.3125,0.6636403750000001,0.18100312500000001,0.27317725
0.625,0.1875,0.375,0.6599926875000001,0.1847845625,0.315723625
0.625,0.1875,0.4375,0.6563450000000001,0.188566,0.35827
0.625,0.1875,0.5,0.6526973125000001,0.1923474375,0.400816375
0.625,0.1875,0.5625,0.6490496250000001,0.196128875,0.44336275
0.625,0.1875,0.625,0.6454019375000001,0.1999103125,0.485909125
0.625,0.1875,0.6875,0.6417542500000001,0.20369175,0.5284555000000001
0.625,0.1875,0.75,0.6381065625000001,0.2074731875,0.5710018750000001
0.625,0.1875,0.8125,0.6344588750000001,0.211254625,0.6135482500000001
0.625,0.1875,0.875,0.6308111875000001,0.2150360625,0.656094625
0.625,0.1875,0.9375,0.6271635000000001,0.2188175,0.6986410000000001
0.625,0.1875,1.0,0.6235158125000001,0.22259893749999998,0.7411873750000001
0.625,0.25,0.0,0.67896425,0.222823125,0.08031549999999998
0.625,0.25,0.0625,0.6753165625,0.22660456250000002,0.12286187499999998
0.625,0.25,0.125,0.671668875,0.230386,0.16540824999999998
0.625,0.25,0.1875,0.6680211875000001,0.23416743750000002,0.207954625
0.625,0.25,0.25,0.6643735000000001,0.237948875,0.250501
0.625,0.25,0.3125,0.6607258125000001,0.24173031250000002,0.293047375
0.625,0.25,0.375,0.6570781250000001,0.24551175,0.33559375
0.625,0.25,0.4375,0.6534304375000001,0.2492931875,0.378140125
0.625,0.25,0.5,0.6497827500000001,0.253074625,0.4206865
0.625,0.25,0.5625,0.6461350625000001,0.2568560625,0.46323287500000004
0.625,0.25,0.625,0.6424873750000001,0.2606375,0.50577925
0.625,0.25,0.6875,0.6388396875000001,0.2644189375,0.548325625
0.625,0.25,0.75,0.6351920000000001,0.268200375,0.5908720000000001
0.625,0.25,0.8125,0.6315443125000001,0.2719818125,0.6334183750000001
0.625,0.25,0.875,0.6278966250000001,0.27576325,0.67596475
0.625,0.25,0.9375,0.6242489375000001,0.2795446875,0.718511125
0.625,0.25,1.0,0.6206012500000001,0.283326125,0.7610575
0.625,0.3125,0.0,0.6760496875,0.2835503125,0.10018562499999997
0.625,0.3125,0.0625,0.672402,0.28733175,0.14273199999999997
0.625,0.3125,0.125,0.6687543125000001,0.29111318750000004,0.185278375
0.625,0.3125,0.1875,0.6651066250000001,0.294894625,0.22782475
0.625,0.3125,0.25,0.6614589375000001,0.2986760625,0.270371125
0.625,0.3125,0.3125,0.6578112500000001,0.3024575,0.31291749999999996
0.625,0.3125,0.375,0.6541635625000001,0.30623893750000003,0.355463875
0.625,0.3125,0.4375,0.6505158750000001,0.310020375,0.39801025
0.625,0.3125,0.5,0.6468681875000001,0.3138018125,0.44055662500000004
0.625,0.3125,0.5625,0.6432205000000001,0.31758325,0.48310300000000006
0.625,0.3125,0.625,0.6395728125000001,0.3213646875,0.525649375
0.625,0.3125,0.6875,0.6359251250000001,0.325146125,0.56819575
0.625,0.3125,0.75,0.6322774375000001,0.3289275625,0.610742125
0.625,0.3125,0.8125,0.6286297500000001,0.33270900000000003,0.6532885
0.625,0.3125,0.875,0.6249820625000001,0.3364904375,0.695834875
0.625,0.3125,0.9375,0.6213343750000001,0.340271875,0.73838125
0.625,0.3125,1.0,0.6176866875000001,0.3440533125,0.780927625
0.625,0.375,0.0,0.6731351250000001,0.3442775,0.12005574999999997
0.625,0.375,0.0625,0.6694874375000001,0.3480589375,0.162602125
0.625,0.375,0.125,0.6658397500000001,0.35184037500000004,0.20514849999999998
0.625,0.375,0.1875,0.6621920625000001,0.3556218125,0.24769487499999998
0.625,0.375,0.25,0.6585443750000001,0.35940325,0.29024125
0.625,0.375,0.3125,0.6548966875000001,0.3631846875,0.332787625
0.625,0.375,0.375,0.6512490000000001,0.36696612500000003,0.375334
0.625,0.375,0.4375,0.6476013125000001,0.3707475625,0.41788037499999997
0.625,0.375,0.5,0.6439536250000001,0.374529,0.46042675
0.625,0.375,0.5625,0.6403059375000001,0.3783104375,0.502973125
0.625,0.375,0.625,0.6366582500000001,0.382091875,0.5455195
0.625,0.375,0.6875,0.6330105625000001,0.3858733125,0.5880658750000001
0.625,0.375,0.75,0.6293628750000001,0.38965475,0.6306122500000001
0.625,0.375,0.8125,0.6257151875000001,0.3934361875,0.6731586250000001
0.625,0.375,0.875,0.6220675000000001,0.397217625,0.715705
0.625,0.375,0.9375,0.6184198125000001,0.4009990625,0.7582513750000001
0.625,0.375,1.0,0.6147721250000001,0.4047805,0.8007977500000001
0.625,0.4375,0.0,0.6702205625000001,0.4050046875,0.13992587499999998
0.625,0.4375,0.0625,0.6665728750000001,0.408786125,0.18247224999999997
0.625,0.4375,0.125,0.6629251875000001,0.41256756250000004,0.22501862499999997
0.625,0.4375,0.1875,0.6592775000000001,0.416349,0.267565
0.625,0.4375,0.25,0.6556298125000001,0.4201304375,0.31011137499999997
0.625,0.4375,0.3125,0.6519821250000001,0.423911875,0.35265775
0.625,0.4375,0.375,0.6483344375000001,0.42769331250000003,0.395204125
0.625,0.4375,0.4375,0.6446867500000001,0.43147475,0.4377505
0.625,0.4375,0.5,0.6410390625000001,0.4352561875,0.480296875
0.625,0.4375,0.5625,0.6373913750000001,0.439037625,0.52284325
0.625,0.4375,0.625,0.6337436875000001,0.4428190625,0.565389625
0.625,0.4375,0.6875,0.6300960000000001,0.4466005,0.607936
0.625,0.4375,0.75,0.6264483125000001,0.4503819375,0.6504823750000001
0.625,0.4375,0.8125,0.6228006250000001,0.45416337500000004,0.6930287500000001
0.625,0.4375,0.875,0.6191529375000001,0.4579448125,0.735575125
0.625,0.4375,0.9375,0.6155052500000001,0.46172625,0.7781215
0.625,0.4375,1.0,0.6118575625000001,0.4655076875,0.820667875
0.625,0.5,0.0,0.6673060000000001,0.465731875,0.15979599999999997
0.625,0.5,0.0625,0.6636583125000001,0.4695133125,0.20234237499999996
0.625,0.5,0.125,0.6600106250000001,0.47329475000000004,0.24488875
0.625,0.5,0.1875,0.6563629375000001,0.4770761875,0.287435125
0.625,0.5,0.25,0.6527152500000001,0.480857625,0.3299815
0.625,0.5,0.3125,0.6490675625000001,0.4846390625,0.37252787499999995
0.625,0.5,0.375,0.6454198750000001,0.48842050000000004,0.41507425
0.625,0.5,0.4375,0.6417721875000001,0.4922019375,0.457620625
0.625,0.5,0.5,0.6381245000000001,0.495983375,0.500167
0.625,0.5,0.5625,0.6344768125000001,0.4997648125,0.542713375
0.625,0.5,0.625,0.6308291250000001,0.50354625,0.58525975
0.625,0.5,0.6875,0.6271814375000001,0.5073276875,0.627806125
0.625,0.5,0.75,0.6235337500000001,0.511109125,0.6703525
0.625,0.5,0.8125,0.6198860625000001,0.5148905625,0.712898875
0.625,0.5,0.875,0.6162383750000001,0.518672,0.75544525
0.625,0.5,0.9375,0.6125906875000001,0.5224534375000001,0.797991625
0.625,0.5,1.0,0.6089430000000001,0.526234875,0.840538
0.625,0.5625,0.0,0.6643914375000001,0.5264590625,0.17966612499999995
0.625,0.5625,0.0625,0.6607437500000001,0.5302405,0.22221249999999995
0.625,0.5625,0.125,0.6570960625000001,0.5340219374999999,0.26475887499999995
0.625,0.5625,0.1875,0.6534483750000001,0.537803375,0.30730525
0.625,0.5625,0.25,0.6498006875000001,0.5415848125,0.349851625
0.625,0.5625,0.3125,0.6461530000000001,0.5453662499999999,0.39239799999999997
0.625,0.5625,0.375,0.6425053125000001,0.5491476875,0.434944375
0.625,0.5625,0.4375,0.6388576250000001,0.5529291249999999,0.47749074999999996
0.625,0.5625,0.5,0.6352099375000001,0.5567105625,0.520037125
0.625,0.5625,0.5625,0.6315622500000001,0.560492,0.5625835
0.625,0.5625,0.625,0.6279145625000001,0.5642734374999999,0.605129875
0.625,0.5625,0.6875,0.6242668750000001,0.568054875,0.64767625
0.625,0.5625,0.75,0.6206191875000001,0.5718363125,0.6902226250000001
0.625,0.5625,0.8125,0.6169715000000001,0.5756177499999999,0.732769
0.625,0.5625,0.875,0.6133238125000001,0.5793991875,0.7753153749999999
0.625,0.5625,0.9375,0.6096761250000001,0.583180625,0.81786175
0.625,0.5625,1.0,0.6060284375000001,0.5869620624999999,0.860408125
0.625,0.625,0.0,0.6614768750000001,0.58718625,0.19953624999999994
0.625,0.625,0.0625,0.6578291875000001,0.5909676875000001,0.24208262499999994
0.625,0.625,0.125,0.6541815000000001,0.594749125,0.28462899999999997
0.625,0.625,0.1875,0.6505338125000001,0.5985305625,0.32717537499999993
0.625,0.625,0.25,0.6468861250000001,0.6023120000000001,0.36972174999999996
0.625,0.625,0.3125,0.6432384375000001,0.6060934375,0.412268125
0.625,0.625,0.375,0.6395907500000001,0.609874875,0.4548145
0.625,0.625,0.4375,0.6359430625000001,0.6136563125,0.4973608749999999
0.625,0.625,0.5,0.6322953750000001,0.61743775,0.53990725
0.625,0.625,0.5625,0.6286476875000001,0.6212191875,0.582453625
0.625,0.625,0.625,0.6250000000000001,0.625000625,0.625
0.625,0.625,0.6875,0.6213523125000001,0.6287820625,0.667546375
0.625,0.625,0.75,0.6177046250000001,0.6325635000000001,0.71009275
0.625,0.625,0.8125,0.6140569375000001,0.6363449375,0.7526391250000001
0.625,0.625,0.875,0.6104092500000001,0.640126375,0.7951855
0.625,0.625,0.9375,0.6067615625000001,0.6439078125,0.837731875
0.625,0.625,1.0,0.6031138750000001,0.64768925,0.88027825
0.625,0.6875,0.0,0.6585623125000001,0.6479134375000001,0.21940637499999996
0.625,0.6875,0.0625,0.6549146250000001,0.6516948750000001,0.26195274999999996
0.625,0.6875,0.125,0.6512669375000001,0.6554763125,0.304499125
0.625,0.6875,0.1875,0.6476192500000001,0.6592577500000001,0.3470455
0.625,0.6875,0.25,0.6439715625000001,0.6630391875000001,0.389591875
0.625,0.6875,0.3125,0.6403238750000001,0.6668206250000001,0.43213824999999995
0.625,0.6875,0.375,0.6366761875000001,0.6706020625000001,0.47468462499999997
0.625,0.6875,0.4375,0.6330285000000001,0.6743835,0.517231
0.625,0.6875,0.5,0.6293808125000001,0.6781649375000001,0.559777375
0.625,0.6875,0.5625,0.6257331250000001,0.6819463750000001,0.60232375
0.625,0.6875,0.625,0.6220854375000001,0.6857278125,0.644870125
0.625,0.6875,0.6875,0.6184377500000001,0.6895092500000001,0.6874165
0.625,0.6875,0.75,0.6147900625000001,0.6932906875000001,0.729962875
0.625,0.6875,0.8125,0.6111423750000001,0.697072125,0.77250925
0.625,0.6875,0.875,0.6074946875000001,0.7008535625000001,0.815055625
0.625,0.6875,0.9375,0.6038470000000001,0.7046350000000001,0.857602
0.625,0.6875,1.0,0.6001993125000001,0.7084164375,0.900148375
0.625,0.75,0.0,0.6556477500000001,0.708640625,0.23927649999999995
0.625,0.75,0.0625,0.6520000625000001,0.7124220625000001,0.281822875
0.625,0.75,0.125,0.6483523750000001,0.7162035,0.32436924999999994
0.625,0.75,0.1875,0.6447046875000001,0.7199849375,0.36691562499999997
0.625,0.75,0.25,0.6410570000000001,0.7237663750000001,0.409462
0.625,0.75,0.3125,0.6374093125000001,0.7275478125,0.45200837499999996
0.625,0.75,0.375,0.6337616250000001,0.73132925,0.49455475
0.625,0.75,0.4375,0.6301139375000001,0.7351106875,0.537101125
0.625,0.75,0.5,0.6264662500000001,0.738892125,0.5796475
0.625,0.75,0.5625,0.6228185625000001,0.7426735625,0.622193875
0.625,0.75,0.625,0.6191708750000001,0.746455,0.6647402499999999
0.625,0.75,0.6875,0.6155231875000001,0.7502364375,0.7072866250000001
0.625,0.75,0.75,0.6118755000000001,0.7540178750000001,0.749833
0.625,0.75,0.8125,0.6082278125000001,0.7577993125,0.7923793750000001
0.625,0.75,0.875,0.6045801250000001,0.76158075,0.83492575
0.625,0.75,0.9375,0.6009324375000001,0.7653621875000001,0.8774721249999999
0.625,0.75,1.0,0.5972847500000001,0.769143625,0.9200185000000001
0.625,0.8125,0.0,0.6527331875000001,0.7693678125,0.25914662499999996
0.625,0.8125,0.0625,0.6490855000000001,0.77314925,0.301693
0.625,0.8125,0.125,0.6454378125000001,0.7769306874999999,0.34423937499999996
0.625,0.8125,0.1875,0.6417901250000001,0.780712125,0.38678575
0.625,0.8125,0.25,0.6381424375000001,0.7844935625,0.42933212499999995
0.625,0.8125,0.3125,0.6344947500000001,0.788275,0.4718785
0.625,0.8125,0.375,0.6308470625000001,0.7920564375,0.514424875
0.625,0.8125,0.4375,0.6271993750000001,0.7958378749999999,0.5569712499999999
0.625,0.8125,0.5,0.6235516875000001,0.7996193125,0.599517625
0.625,0.8125,0.5625,0.6199040000000001,0.80340075,0.642064
0.625,0.8125,0.625,0.6162563125000001,0.8071821874999999,0.684610375
0.625,0.8125,0.6875,0.6126086250000001,0.810963625,0.72715675
0.625,0.8125,0.75,0.6089609375000001,0.8147450625,0.769703125
0.625,0.8125,0.8125,0.6053132500000001,0.8185264999999999,0.8122495000000001
0.625,0.8125,0.875,0.6016655625000001,0.8223079375,0.854795875
0.625,0.8125,0.9375,0.5980178750000001,0.826089375,0.89734225
0.625,0.8125,1.0,0.5943701875000001,0.8298708124999999,0.939888625
0.625,0.875,0.0,0.6498186250000001,0.830095,0.27901675
0.625,0.875,0.0625,0.6461709375000001,0.8338764375000001,0.321563125
0.625,0.875,0.125,0.6425232500000001,0.837657875,0.3641095
0.625,0.875,0.1875,0.6388755625000001,0.8414393125,0.406655875
0.625,0.875,0.25,0.6352278750000001,0.8452207500000001,0.44920225
0.625,0.875,0.3125,0.6315801875000001,0.8490021875,0.491748625
0.625,0.875,0.375,0.6279325000000001,0.852783625,0.534295
0.625,0.875,0.4375,0.6242848125000001,0.8565650625,0.576841375
0.625,0.875,0.5,0.6206371250000001,0.8603465,0.61938775
0.625,0.875,0.5625,0.6169894375000001,0.8641279375,0.661934125
0.625,0.875,0.625,0.6133417500000001,0.867909375,0.7044805000000001
0.625,0.875,0.6875,0.6096940625000001,0.8716908125,0.747026875
0.625,0.875,0.75,0.6060463750000001,0.8754722500000001,0.7895732500000001
0.625,0.875,0.8125,0.6023986875000001,0.8792536875,0.832119625
0.625,0.875,0.875,0.5987510000000001,0.883035125,0.8746659999999999
0.625,0.875,0.9375,0.5951033125000001,0.8868165625,0.9172123750000001
0.625,0.875,1.0,0.5914556250000002,0.890598,0.95975875
0.625,0.9375,0.0,0.6469040625000001,0.8908221875000001,0.29888687499999994
0.625,0.9375,0.0625,0.6432563750000001,0.8946036250000001,0.34143324999999997
0.625,0.9375,0.125,0.6396086875000001,0.8983850625,0.38397962499999994
0.625,0.9375,0.1875,0.6359610000000001,0.9021665000000001,0.42652599999999996
0.625,0.9375,0.25,0.6323133125000001,0.9059479375000001,0.469072375
0.625,0.9375,0.3125,0.6286656250000001,0.9097293750000001,0.51161875
0.625,0.9375,0.375,0.6250179375000001,0.9135108125000001,0.5541651249999999
0.625,0.9375,0.4375,0.6213702500000001,0.91729225,0.5967115
0.625,0.9375,0.5,0.6177225625000001,0.9210736875000001,0.639257875
0.625,0.9375,0.5625,0.6140748750000001,0.9248551250000001,0.68180425
0.625,0.9375,0.625,0.6104271875000001,0.9286365625,0.724350625
0.625,0.9375,0.6875,0.6067795000000001,0.9324180000000001,0.7668969999999999
0.625,0.9375,0.75,0.6031318125000001,0.9361994375000001,0.8094433750000001
0.625,0.9375,0.8125,0.5994841250000001,0.939980875,0.85198975
0.625,0.9375,0.875,0.5958364375000001,0.9437623125000001,0.8945361249999999
0.625,0.9375,0.9375,0.5921887500000002,0.9475437500000001,0.9370825
0.625,0.9375,1.0,0.5885410625000002,0.9513251875000001,0.979628875
0.625,1.0,0.0,0.6439895000000001,0.951549375,0.31875699999999996
0.625,1.0,0.0625,0.6403418125000001,0.9553308125000001,0.361303375
0.625,1.0,0.125,0.6366941250000001,0.95911225,0.40384974999999995
0.625,1.0,0.1875,0.6330464375000001,0.9628936875,0.446396125
0.625,1.0,0.25,0.6293987500000001,0.9666751250000001,0.48894249999999995
0.625,1.0,0.3125,0.6257510625000001,0.9704565625,0.531488875
0.625,1.0,0.375,0.6221033750000001,0.974238,0.57403525
0.625,1.0,0.4375,0.6184556875000001,0.9780194375,0.616581625
0.625,1.0,0.5,0.6148080000000001,0.981800875,0.6591279999999999
0.625,1.0,0.5625,0.6111603125000001,0.9855823125000001,0.7016743750000001
0.625,1.0,0.625,0.6075126250000001,0.98936375,0.74422075
0.625,1.0,0.6875,0.6038649375000001,0.9931451875,0.786767125
0.625,1.0,0.75,0.6002172500000001,0.9969266250000001,0.8293135
0.625,1.0,0.8125,0.5965695625000002,1.0007080625,0.8718598750000001
0.625,1.0,0.875,0.5929218750000002,1.0044895,0.91440625
0.625,1.0,0.9375,0.5892741875000002,1.0082709375,0.956952625
0.625,1.0,1.0,0.5856265000000002,1.0120523750000001,0.999499
0.6875,0.0,0.0,0.75968475,-0.02209418749999998,0.0009185000000000033
0.6875,0.0,0.0625,0.7560370625,-0.018312749999999982,0.04346487500000001
0.6875,0.0,0.125,0.752389375,-0.014531312499999982,0.08601125000000001
0.6875,0.0,0.1875,0.7487416875,-0.010749874999999982,0.12855762500000004
0.6875,0.0,0.25,0.745094,-0.006968437499999983,0.17110400000000003
0.6875,0.0,0.3125,0.7414463125,-0.003186999999999985,0.21365037500000003
0.6875,0.0,0.375,0.737798625,0.0005944375000000168,0.25619675000000003
0.6875,0.0,0.4375,0.7341509375,0.004375875000000015,0.298743125
0.6875,0.0,0.5,0.73050325,0.008157312500000014,0.3412895
0.6875,0.0,0.5625,0.7268555625,0.011938750000000012,0.38383587500000005
0.6875,0.0,0.625,0.7232078750000001,0.01572018750000001,0.42638225
0.6875,0.0,0.6875,0.7195601875000001,0.01950162500000001,0.46892862500000004
0.6875,0.0,0.75,0.7159125000000001,0.023283062500000014,0.5114750000000001
0.6875,0.0,0.8125,0.7122648125000001,0.027064500000000012,0.5540213750000001
0.6875,0.0,0.875,0.7086171250000001,0.03084593750000001,0.5965677500000001
0.6875,0.0,0.9375,0.7049694375000001,0.03462737500000001,0.6391141250000001
0.6875,0.0,1.0,0.7013217500000001,0.03840881250000001,0.6816605000000001
0.6875,0.0625,0.0,0.7567701875,0.03863300000000002,0.020788624999999998
0.6875,0.0625,0.0625,0.7531225,0.04241443750000002,0.063335
0.6875,0.0625,0.125,0.7494748125,0.04619587500000002,0.105881375
0.6875,0.0625,0.1875,0.745827125,0.04997731250000002,0.14842775000000002
0.6875,0.0625,0.25,0.7421794375,0.05375875000000002,0.19097412500000002
0.6875,0.0625,0.3125,0.73853175,0.05754018750000002,0.23352050000000002
0.6875,0.0625,0.375,0.7348840625,0.06132162500000002,0.27606687500000004
0.6875,0.0625,0.4375,0.731236375,0.06510306250000002,0.31861325
0.6875,0.0625,0.5,0.7275886875,0.06888450000000002,0.36115962500000004
0.6875,0.0625,0.5625,0.7239410000000001,0.07266593750000001,0.40370600000000006
0.6875,0.0625,0.625,0.7202933125000001,0.07644737500000001,0.44625237500000003
0.6875,0.0625,0.6875,0.7166456250000001,0.08022881250000001,0.48879875000000006
0.6875,0.0625,0.75,0.7129979375000001,0.08401025000000001,0.5313451250000001
0.6875,0.0625,0.8125,0.7093502500000001,0.08779168750000002,0.5738915000000001
0.6875,0.0625,0.875,0.7057025625000001,0.091573125,0.616437875
0.6875,0.0625,0.9375,0.7020548750000001,0.09535456250000002,0.65898425
0.6875,0.0625,1.0,0.6984071875000001,0.099136,0.7015306250000001
0.6875,0.125,0.0,0.753855625,0.09936018750000003,0.040658749999999994
0.6875,0.125,0.0625,0.7502079375,0.10314162500000003,0.08320512499999999
0.6875,0.125,0.125,0.74656025,0.10692306250000003,0.12575150000000002
0.6875,0.125,0.1875,0.7429125625,0.11070450000000003,0.168297875
0.6875,0.125,0.25,0.739264875,0.11448593750000002,0.21084425
0.6875,0.125,0.3125,0.7356171875,0.11826737500000002,0.253390625
0.6875,0.125,0.375,0.7319695,0.12204881250000002,0.295937
0.6875,0.125,0.4375,0.7283218125,0.12583025000000003,0.33848337500000003
0.6875,0.125,0.5,0.7246741250000001,0.12961168750000002,0.38102975000000006
0.6875,0.125,0.5625,0.7210264375000001,0.13339312500000003,0.4235761250000001
0.6875,0.125,0.625,0.7173787500000001,0.1371745625,0.4661225
0.6875,0.125,0.6875,0.7137310625000001,0.14095600000000003,0.508668875
0.6875,0.125,0.75,0.7100833750000001,0.1447374375,0.55121525
0.6875,0.125,0.8125,0.7064356875000001,0.14851887500000002,0.5937616250000001
0.6875,0.125,0.875,0.7027880000000001,0.15230031250000003,0.636308
0.6875,0.125,0.9375,0.6991403125000001,0.15608175000000002,0.678854375
0.6875,0.125,1.0,0.6954926250000001,0.1598631875,0.72140075
0.6875,0.1875,0.0,0.7509410625,0.16008737500000003,0.06052887499999999
0.6875,0.1875,0.0625,0.747293375,0.16386881250000004,0.10307525
0.6875,0.1875,0.125,0.7436456875,0.16765025000000003,0.145621625
0.6875,0.1875,0.1875,0.739998,0.17143168750000004,0.188168
0.6875,0.1875,0.25,0.7363503125,0.17521312500000003,0.230714375
0.6875,0.1875,0.3125,0.732702625,0.17899456250000004,0.27326075
0.6875,0.1875,0.375,0.7290549375,0.18277600000000002,0.315807125
0.6875,0.1875,0.4375,0.7254072500000001,0.18655743750000003,0.3583535
0.6875,0.1875,0.5,0.7217595625000001,0.19033887500000002,0.400899875
0.6875,0.1875,0.5625,0.7181118750000001,0.19412031250000003,0.44344625000000004
0.6875,0.1875,0.625,0.7144641875000001,0.19790175000000002,0.485992625
0.6875,0.1875,0.6875,0.7108165000000001,0.20168318750000003,0.5285390000000001
0.6875,0.1875,0.75,0.7071688125000001,0.205464625,0.5710853750000001
0.6875,0.1875,0.8125,0.7035211250000001,0.20924606250000002,0.6136317500000001
0.6875,0.1875,0.875,0.6998734375000001,0.21302750000000004,0.6561781250000001
0.6875,0.1875,0.9375,0.6962257500000001,0.21680893750000002,0.6987245000000001
0.6875,0.1875,1.0,0.6925780625000001,0.220590375,0.7412708750000001
0.6875,0.25,0.0,0.7480265,0.22081456250000003,0.08039899999999998
0.6875,0.25,0.0625,0.7443788125,0.22459600000000005,0.122945375
0.6875,0.25,0.125,0.740731125,0.22837743750000003,0.16549175
0.6875,0.25,0.1875,0.7370834375,0.23215887500000004,0.20803812500000002
0.6875,0.25,0.25,0.73343575,0.23594031250000003,0.2505845
0.6875,0.25,0.3125,0.7297880625000001,0.23972175000000004,0.293130875
0.6875,0.25,0.375,0.7261403750000001,0.24350318750000002,0.33567725000000004
0.6875,0.25,0.4375,0.7224926875000001,0.24728462500000004,0.378223625
0.6875,0.25,0.5,0.7188450000000001,0.2510660625,0.42077000000000003
0.6875,0.25,0.5625,0.7151973125000001,0.2548475,0.46331637500000006
0.6875,0.25,0.625,0.7115496250000001,0.25862893750000004,0.50586275
0.6875,0.25,0.6875,0.7079019375000001,0.26241037500000003,0.548409125
0.6875,0.25,0.75,0.7042542500000001,0.2661918125,0.5909555000000001
0.6875,0.25,0.8125,0.7006065625000001,0.26997325000000005,0.6335018750000001
0.6875,0.25,0.875,0.6969588750000001,0.27375468750000004,0.67604825
0.6875,0.25,0.9375,0.6933111875000001,0.277536125,0.718594625
0.6875,0.25,1.0,0.6896635000000001,0.2813175625,0.7611410000000001
0.6875,0.3125,0.0,0.7451119375,0.28154175000000004,0.10026912499999997
0.6875,0.3125,0.0625,0.74146425,0.2853231875,0.14281549999999998
0.6875,0.3125,0.125,0.7378165625,0.28910462500000006,0.18536187499999998
0.6875,0.3125,0.1875,0.734168875,0.29288606250000004,0.22790824999999998
0.6875,0.3125,0.25,0.7305211875000001,0.29666750000000003,0.270454625
0.6875,0.3125,0.3125,0.7268735000000001,0.3004489375,0.313001
0.6875,0.3125,0.375,0.7232258125000001,0.30423037500000005,0.355547375
0.6875,0.3125,0.4375,0.7195781250000001,0.30801181250000004,0.39809374999999997
0.6875,0.3125,0.5,0.7159304375000001,0.31179325,0.440640125
0.6875,0.3125,0.5625,0.7122827500000001,0.3155746875,0.4831865
0.6875,0.3125,0.625,0.7086350625000001,0.31935612500000005,0.525732875
0.6875,0.3125,0.6875,0.7049873750000001,0.32313756250000003,0.56827925
0.6875,0.3125,0.75,0.7013396875000001,0.326919,0.610825625
0.6875,0.3125,0.8125,0.6976920000000001,0.3307004375,0.6533720000000001
0.6875,0.3125,0.875,0.6940443125000001,0.33448187500000004,0.695918375
0.6875,0.3125,0.9375,0.6903966250000001,0.3382633125,0.73846475
0.6875,0.3125,1.0,0.6867489375000001,0.34204475,0.781011125
0.6875,0.375,0.0,0.742197375,0.34226893750000004,0.12013924999999998
0.6875,0.375,0.0625,0.7385496875,0.346050375,0.16268562499999997
0.6875,0.375,0.125,0.734902,0.34983181250000006,0.20523199999999997
0.6875,0.375,0.1875,0.7312543125000001,0.35361325000000005,0.247778375
0.6875,0.375,0.25,0.7276066250000001,0.35739468750000003,0.29032475
0.6875,0.375,0.3125,0.7239589375000001,0.361176125,0.332871125
0.6875,0.375,0.375,0.7203112500000001,0.36495756250000005,0.3754175
0.6875,0.375,0.4375,0.7166635625000001,0.36873900000000004,0.417963875
0.6875,0.375,0.5,0.7130158750000001,0.3725204375,0.46051025
0.6875,0.375,0.5625,0.7093681875000001,0.376301875,0.503056625
0.6875,0.375,0.625,0.7057205000000001,0.38008331250000005,0.5456030000000001
0.6875,0.375,0.6875,0.7020728125000001,0.38386475000000003,0.588149375
0.6875,0.375,0.75,0.6984251250000001,0.3876461875,0.6306957500000001
0.6875,0.375,0.8125,0.6947774375000001,0.39142762500000006,0.673242125
0.6875,0.375,0.875,0.6911297500000001,0.39520906250000004,0.7157884999999999
0.6875,0.375,0.9375,0.6874820625000001,0.3989905,0.7583348750000001
0.6875,0.375,1.0,0.6838343750000001,0.4027719375,0.80088125
0.6875,0.4375,0.0,0.7392828125,0.40299612500000004,0.140009375
0.6875,0.4375,0.0625,0.7356351250000001,0.4067775625,0.18255575
0.6875,0.4375,0.125,0.7319874375000001,0.41055900000000006,0.225102125
0.6875,0.4375,0.1875,0.7283397500000001,0.41434043750000005,0.2676485
0.6875,0.4375,0.25,0.7246920625000001,0.41812187500000003,0.310194875
0.6875,0.4375,0.3125,0.7210443750000001,0.4219033125,0.35274125
0.6875,0.4375,0.375,0.7173966875000001,0.42568475000000006,0.39528762500000003
0.6875,0.4375,0.4375,0.7137490000000001,0.42946618750000004,0.437834
0.6875,0.4375,0.5,0.7101013125000001,0.433247625,0.480380375
0.6875,0.4375,0.5625,0.7064536250000001,0.4370290625,0.5229267500000001
0.6875,0.4375,0.625,0.7028059375000001,0.44081050000000005,0.565473125
0.6875,0.4375,0.6875,0.6991582500000001,0.44459193750000003,0.6080195
0.6875,0.4375,0.75,0.6955105625000001,0.448373375,0.6505658750000001
0.6875,0.4375,0.8125,0.6918628750000001,0.4521548125,0.6931122500000001
0.6875,0.4375,0.875,0.6882151875000001,0.45593625000000004,0.735658625
0.6875,0.4375,0.9375,0.6845675000000001,0.4597176875,0.778205
0.6875,0.4375,1.0,0.6809198125000001,0.463499125,0.8207513750000001
0.6875,0.5,0.0,0.7363682500000001,0.46372331250000004,0.15987949999999998
0.6875,0.5,0.0625,0.7327205625000001,0.46750475,0.20242587499999998
0.6875,0.5,0.125,0.7290728750000001,0.47128618750000006,0.24497225
0.6875,0.5,0.1875,0.7254251875000001,0.47506762500000005,0.287518625
0.6875,0.5,0.25,0.7217775000000001,0.47884906250000003,0.330065
0.6875,0.5,0.3125,0.7181298125000001,0.4826305,0.37261137499999997
0.6875,0.5,0.375,0.7144821250000001,0.48641193750000006,0.41515775
0.6875,0.5,0.4375,0.7108344375000001,0.49019337500000004,0.457704125
0.6875,0.5,0.5,0.7071867500000001,0.4939748125,0.5002505
0.6875,0.5,0.5625,0.7035390625000001,0.49775625,0.5427968750000001
0.6875,0.5,0.625,0.6998913750000001,0.5015376875,0.58534325
0.6875,0.5,0.6875,0.6962436875000001,0.505319125,0.627889625
0.6875,0.5,0.75,0.6925960000000001,0.5091005625,0.670436
0.6875,0.5,0.8125,0.6889483125000001,0.5128820000000001,0.7129823750000001
0.6875,0.5,0.875,0.6853006250000001,0.5166634375,0.75552875
0.6875,0.5,0.9375,0.6816529375000001,0.520444875,0.798075125
0.6875,0.5,1.0,0.6780052500000001,0.5242263125000001,0.8406215
0.6875,0.5625,0.0,0.7334536875000001,0.5244504999999999,0.17974962499999997
0.6875,0.5625,0.0625,0.7298060000000001,0.5282319375,0.22229599999999997
0.6875,0.5625,0.125,0.7261583125000001,0.5320133749999999,0.26484237499999996
0.6875,0.5625,0.1875,0.7225106250000001,0.5357948124999999,0.30738875
0.6875,0.5625,0.25,0.7188629375000001,0.53957625,0.349935125
0.6875,0.5625,0.3125,0.7152152500000001,0.5433576874999999,0.3924815
0.6875,0.5625,0.375,0.7115675625000001,0.547139125,0.435027875
0.6875,0.5625,0.4375,0.7079198750000001,0.5509205624999999,0.47757425
0.6875,0.5625,0.5,0.7042721875000001,0.5547019999999999,0.520120625
0.6875,0.5625,0.5625,0.7006245000000001,0.5584834375,0.562667
0.6875,0.5625,0.625,0.6969768125000001,0.5622648749999999,0.6052133749999999
0.6875,0.5625,0.6875,0.6933291250000001,0.5660463124999999,0.6477597500000001
0.6875,0.5625,0.75,0.6896814375000001,0.56982775,0.690306125
0.6875,0.5625,0.8125,0.6860337500000001,0.5736091874999999,0.7328525000000001
0.6875,0.5625,0.875,0.6823860625000001,0.5773906249999999,0.775398875
0.6875,0.5625,0.9375,0.6787383750000001,0.5811720624999999,0.81794525
0.6875,0.5625,1.0,0.6750906875000001,0.5849534999999999,0.8604916250000001
0.6875,0.625,0.0,0.7305391250000001,0.5851776875,0.19961974999999996
0.6875,0.625,0.0625,0.7268914375000001,0.588959125,0.24216612499999995
0.6875,0.625,0.125,0.7232437500000001,0.5927405625,0.2847125
0.6875,0.625,0.1875,0.7195960625000001,0.596522,0.32725887499999995
0.6875,0.625,0.25,0.7159483750000001,0.6003034375,0.36980525
0.6875,0.625,0.3125,0.7123006875000001,0.604084875,0.412351625
0.6875,0.625,0.375,0.7086530000000001,0.6078663125,0.454898
0.6875,0.625,0.4375,0.7050053125000001,0.6116477499999999,0.49744437499999994
0.6875,0.625,0.5,0.7013576250000001,0.6154291875,0.53999075
0.6875,0.625,0.5625,0.6977099375000001,0.619210625,0.582537125
0.6875,0.625,0.625,0.6940622500000001,0.6229920624999999,0.6250835
0.6875,0.625,0.6875,0.6904145625000001,0.6267735,0.667629875
0.6875,0.625,0.75,0.6867668750000001,0.6305549375,0.7101762500000001
0.6875,0.625,0.8125,0.6831191875000001,0.634336375,0.7527226250000001
0.6875,0.625,0.875,0.6794715000000001,0.6381178125,0.795269
0.6875,0.625,0.9375,0.6758238125000001,0.64189925,0.837815375
0.6875,0.625,1.0,0.6721761250000001,0.6456806875,0.88036175
0.6875,0.6875,0.0,0.7276245625000001,0.645904875,0.21948987499999997
0.6875,0.6875,0.0625,0.7239768750000001,0.6496863125000001,0.26203624999999997
0.6875,0.6875,0.125,0.7203291875000001,0.65346775,0.304582625
0.6875,0.6875,0.1875,0.7166815000000001,0.6572491875,0.347129
0.6875,0.6875,0.25,0.7130338125000001,0.6610306250000001,0.389675375
0.6875,0.6875,0.3125,0.7093861250000001,0.6648120625,0.43222174999999996
0.6875,0.6875,0.375,0.7057384375000001,0.6685935000000001,0.474768125
0.6875,0.6875,0.4375,0.7020907500000001,0.6723749375,0.5173145
0.6875,0.6875,0.5,0.6984430625000001,0.676156375,0.559860875
0.6875,0.6875,0.5625,0.6947953750000001,0.6799378125000001,0.6024072500000001
0.6875,0.6875,0.625,0.6911476875000001,0.68371925,0.644953625
0.6875,0.6875,0.6875,0.6875000000000001,0.6875006875,0.6875
0.6875,0.6875,0.75,0.6838523125000001,0.6912821250000001,0.730046375
0.6875,0.6875,0.8125,0.6802046250000001,0.6950635625,0.77259275
0.6875,0.6875,0.875,0.6765569375000001,0.698845,0.815139125
0.6875,0.6875,0.9375,0.6729092500000001,0.7026264375,0.8576855
0.6875,0.6875,1.0,0.6692615625000001,0.706407875,0.900231875
0.6875,0.75,0.0,0.7247100000000001,0.7066320625,0.23935999999999996
0.6875,0.75,0.0625,0.7210623125000001,0.7104135,0.281906375
0.6875,0.75,0.125,0.7174146250000001,0.7141949375,0.32445274999999996
0.6875,0.75,0.1875,0.7137669375000001,0.717976375,0.366999125
0.6875,0.75,0.25,0.7101192500000001,0.7217578125,0.4095455
0.6875,0.75,0.3125,0.7064715625000001,0.72553925,0.452091875
0.6875,0.75,0.375,0.7028238750000001,0.7293206875,0.49463825
0.6875,0.75,0.4375,0.6991761875000001,0.7331021249999999,0.537184625
0.6875,0.75,0.5,0.6955285000000001,0.7368835625,0.579731
0.6875,0.75,0.5625,0.6918808125000001,0.740665,0.622277375
0.6875,0.75,0.625,0.6882331250000001,0.7444464375,0.66482375
0.6875,0.75,0.6875,0.6845854375000001,0.748227875,0.707370125
0.6875,0.75,0.75,0.6809377500000001,0.7520093125,0.7499165000000001
0.6875,0.75,0.8125,0.6772900625000001,0.75579075,0.792462875
0.6875,0.75,0.875,0.6736423750000001,0.7595721875,0.8350092499999999
0.6875,0.75,0.9375,0.6699946875000001,0.7633536249999999,0.8775556250000001
0.6875,0.75,1.0,0.6663470000000001,0.7671350625,0.920102
0.6875,0.8125,0.0,0.7217954375000001,0.7673592499999999,0.2592301249999999
0.6875,0.8125,0.0625,0.7181477500000001,0.7711406875,0.30177649999999995
0.6875,0.8125,0.125,0.7145000625000001,0.7749221249999999,0.3443228749999999
0.6875,0.8125,0.1875,0.7108523750000001,0.7787035625,0.38686924999999994
0.6875,0.8125,0.25,0.7072046875000001,0.782485,0.42941562499999997
0.6875,0.8125,0.3125,0.7035570000000001,0.7862664374999999,0.47196199999999994
0.6875,0.8125,0.375,0.6999093125000001,0.790047875,0.5145083749999999
0.6875,0.8125,0.4375,0.6962616250000001,0.7938293124999999,0.5570547499999999
0.6875,0.8125,0.5,0.6926139375000001,0.7976107499999999,0.599601125
0.6875,0.8125,0.5625,0.6889662500000001,0.8013921875,0.6421475
0.6875,0.8125,0.625,0.6853185625000001,0.8051736249999999,0.684693875
0.6875,0.8125,0.6875,0.6816708750000001,0.8089550624999999,0.7272402499999999
0.6875,0.8125,0.75,0.6780231875000001,0.8127365,0.7697866250000001
0.6875,0.8125,0.8125,0.6743755000000001,0.8165179374999999,0.812333
0.6875,0.8125,0.875,0.6707278125000001,0.8202993749999999,0.8548793749999999
0.6875,0.8125,0.9375,0.6670801250000001,0.8240808124999999,0.89742575
0.6875,0.8125,1.0,0.6634324375000001,0.8278622499999999,0.9399721249999999
0.6875,0.875,0.0,0.7188808750000001,0.8280864375,0.27910024999999994
0.6875,0.875,0.0625,0.7152331875000001,0.831867875,0.32164662499999996
0.6875,0.875,0.125,0.7115855000000001,0.8356493125,0.36419299999999993
0.6875,0.875,0.1875,0.7079378125000001,0.83943075,0.40673937499999996
0.6875,0.875,0.25,0.7042901250000001,0.8432121875,0.44928574999999993
0.6875,0.875,0.3125,0.7006424375000001,0.846993625,0.49183212499999995
0.6875,0.875,0.375,0.6969947500000001,0.8507750625,0.5343785
0.6875,0.875,0.4375,0.6933470625000001,0.8545564999999999,0.576924875
0.6875,0.875,0.5,0.6896993750000001,0.8583379375,0.6194712499999999
0.6875,0.875,0.5625,0.6860516875000001,0.862119375,0.662017625
0.6875,0.875,0.625,0.6824040000000001,0.8659008125,0.704564
0.6875,0.875,0.6875,0.6787563125000001,0.86968225,0.747110375
0.6875,0.875,0.75,0.6751086250000001,0.8734636875,0.78965675
0.6875,0.875,0.8125,0.6714609375000001,0.877245125,0.832203125
0.6875,0.875,0.875,0.6678132500000001,0.8810265625,0.8747495
0.6875,0.875,0.9375,0.6641655625000001,0.884808,0.917295875
0.6875,0.875,1.0,0.6605178750000001,0.8885894375,0.95984225
0.6875,0.9375,0.0,0.7159663125000001,0.888813625,0.2989703749999999
0.6875,0.9375,0.0625,0.7123186250000001,0.8925950625000001,0.3415167499999999
0.6875,0.9375,0.125,0.7086709375000001,0.8963765,0.3840631249999999
0.6875,0.9375,0.1875,0.7050232500000001,0.9001579375000001,0.4266094999999999
0.6875,0.9375,0.25,0.7013755625000001,0.9039393750000001,0.4691558749999999
0.6875,0.9375,0.3125,0.6977278750000001,0.9077208125,0.5117022499999999
0.6875,0.9375,0.375,0.6940801875000001,0.9115022500000001,0.5542486249999999
0.6875,0.9375,0.4375,0.6904325000000001,0.9152836875,0.596795
0.6875,0.9375,0.5,0.6867848125000001,0.919065125,0.6393413749999999
0.6875,0.9375,0.5625,0.6831371250000001,0.9228465625000001,0.68188775
0.6875,0.9375,0.625,0.6794894375000001,0.926628,0.7244341249999999
0.6875,0.9375,0.6875,0.6758417500000001,0.9304094375,0.7669805
0.6875,0.9375,0.75,0.6721940625000001,0.9341908750000001,0.809526875
0.6875,0.9375,0.8125,0.6685463750000001,0.9379723125,0.85207325
0.6875,0.9375,0.875,0.6648986875000001,0.9417537500000001,0.8946196249999999
0.6875,0.9375,0.9375,0.6612510000000001,0.9455351875,0.9371659999999999
0.6875,0.9375,1.0,0.6576033125000001,0.949316625,0.979712375
0.6875,1.0,0.0,0.7130517500000001,0.9495408125,0.3188404999999999
0.6875,1.0,0.0625,0.7094040625000001,0.95332225,0.36138687499999994
0.6875,1.0,0.125,0.7057563750000001,0.9571036875,0.4039332499999999
0.6875,1.0,0.1875,0.7021086875000001,0.960885125,0.44647962499999994
0.6875,1.0,0.25,0.6984610000000001,0.9646665625,0.48902599999999996
0.6875,1.0,0.3125,0.6948133125000001,0.968448,0.5315723749999999
0.6875,1.0,0.375,0.6911656250000001,0.9722294375,0.57411875
0.6875,1.0,0.4375,0.6875179375000001,0.9760108749999999,0.6166651249999999
0.6875,1.0,0.5,0.6838702500000001,0.9797923125,0.6592115
0.6875,1.0,0.5625,0.6802225625000001,0.98357375,0.701757875
0.6875,1.0,0.625,0.6765748750000001,0.9873551875,0.7443042499999999
0.6875,1.0,0.6875,0.6729271875000001,0.991136625,0.786850625
0.6875,1.0,0.75,0.6692795000000001,0.9949180625,0.8293969999999999
0.6875,1.0,0.8125,0.6656318125000001,0.9986995,0.8719433750000001
0.6875,1.0,0.875,0.6619841250000001,1.0024809375,0.91448975
0.6875,1.0,0.9375,0.6583364375000001,1.006262375,0.9570361249999999
0.6875,1.0,1.0,0.6546887500000002,1.0100438125,0.9995825
0.75,0.0,0.0,0.8287470000000001,-0.02410274999999998,0.0010020000000000035
0.75,0.0,0.0625,0.8250993125000001,-0.02032131249999998,0.04354837500000001
0.75,0.0,0.125,0.8214516250000001,-0.01653987499999998,0.08609475000000001
0.75,0.0,0.1875,0.8178039375000001,-0.01275843749999998,0.12864112500000002
0.75,0.0,0.25,0.8141562500000001,-0.008976999999999982,0.17118750000000002
0.75,0.0,0.3125,0.8105085625000001,-0.005195562499999983,0.21373387500000002
0.75,0.0,0.375,0.8068608750000001,-0.0014141249999999814,0.25628025000000004
0.75,0.0,0.4375,0.8032131875000001,0.002367312500000017,0.298826625
0.75,0.0,0.5,0.7995655000000002,0.006148750000000015,0.34137300000000004
0.75,0.0,0.5625,0.7959178125000002,0.009930187500000014,0.38391937500000006
0.75,0.0,0.625,0.7922701250000002,0.013711625000000012,0.42646575000000003
0.75,0.0,0.6875,0.7886224375000002,0.01749306250000001,0.46901212500000006
0.75,0.0,0.75,0.7849747500000002,0.021274500000000016,0.5115585000000001
0.75,0.0,0.8125,0.7813270625000002,0.025055937500000014,0.5541048750000002
0.75,0.0,0.875,0.7776793750000002,0.028837375000000012,0.5966512500000001
0.75,0.0,0.9375,0.7740316875000002,0.03261881250000001,0.6391976250000001
0.75,0.0,1.0,0.7703840000000002,0.03640025000000001,0.6817440000000001
0.75,0.0625,0.0,0.8258324375000001,0.03662443750000002,0.020872125
0.75,0.0625,0.0625,0.8221847500000001,0.04040587500000002,0.0634185
0.75,0.0625,0.125,0.8185370625000001,0.04418731250000002,0.10596487500000001
0.75,0.0625,0.1875,0.8148893750000001,0.04796875000000002,0.14851125
0.75,0.0625,0.25,0.8112416875000001,0.05175018750000002,0.191057625
0.75,0.0625,0.3125,0.8075940000000001,0.055531625000000015,0.233604
0.75,0.0625,0.375,0.8039463125000001,0.05931306250000002,0.27615037500000006
0.75,0.0625,0.4375,0.8002986250000002,0.06309450000000003,0.31869675000000003
0.75,0.0625,0.5,0.7966509375000002,0.06687593750000001,0.36124312500000005
0.75,0.0625,0.5625,0.7930032500000002,0.07065737500000002,0.4037895000000001
0.75,0.0625,0.625,0.7893555625000002,0.0744388125,0.44633587500000005
0.75,0.0625,0.6875,0.7857078750000002,0.07822025000000002,0.4888822500000001
0.75,0.0625,0.75,0.7820601875000002,0.08200168750000002,0.5314286250000001
0.75,0.0625,0.8125,0.7784125000000002,0.08578312500000002,0.5739750000000001
0.75,0.0625,0.875,0.7747648125000002,0.08956456250000001,0.616521375
0.75,0.0625,0.9375,0.7711171250000002,0.09334600000000001,0.6590677500000001
0.75,0.0625,1.0,0.7674694375000002,0.09712743750000001,0.7016141250000001
0.75,0.125,0.0,0.8229178750000001,0.09735162500000002,0.040742249999999994
0.75,0.125,0.0625,0.8192701875000001,0.10113306250000002,0.083288625
0.75,0.125,0.125,0.8156225000000001,0.10491450000000002,0.125835
0.75,0.125,0.1875,0.8119748125000001,0.10869593750000002,0.168381375
0.75,0.125,0.25,0.8083271250000001,0.11247737500000002,0.21092775000000002
0.75,0.125,0.3125,0.8046794375000001,0.11625881250000002,0.253474125
0.75,0.125,0.375,0.8010317500000002,0.12004025000000001,0.2960205
0.75,0.125,0.4375,0.7973840625000002,0.12382168750000003,0.338566875
0.75,0.125,0.5,0.7937363750000002,0.127603125,0.38111325
0.75,0.125,0.5625,0.7900886875000002,0.13138456250000002,0.42365962500000004
0.75,0.125,0.625,0.7864410000000002,0.135166,0.466206
0.75,0.125,0.6875,0.7827933125000002,0.13894743750000002,0.508752375
0.75,0.125,0.75,0.7791456250000002,0.14272887500000003,0.5512987500000001
0.75,0.125,0.8125,0.7754979375000002,0.14651031250000002,0.5938451250000001
0.75,0.125,0.875,0.7718502500000002,0.15029175,0.6363915
0.75,0.125,0.9375,0.7682025625000002,0.15407318750000001,0.678937875
0.75,0.125,1.0,0.7645548750000002,0.15785462500000003,0.72148425
0.75,0.1875,0.0,0.8200033125000001,0.15807881250000003,0.06061237499999999
0.75,0.1875,0.0625,0.8163556250000001,0.16186025000000004,0.10315875
0.75,0.1875,0.125,0.8127079375000001,0.16564168750000002,0.145705125
0.75,0.1875,0.1875,0.8090602500000001,0.16942312500000004,0.18825150000000002
0.75,0.1875,0.25,0.8054125625000002,0.17320456250000002,0.230797875
0.75,0.1875,0.3125,0.8017648750000002,0.17698600000000003,0.27334425
0.75,0.1875,0.375,0.7981171875000002,0.18076743750000002,0.31589062500000004
0.75,0.1875,0.4375,0.7944695000000002,0.18454887500000003,0.358437
0.75,0.1875,0.5,0.7908218125000002,0.1883303125,0.40098337500000003
0.75,0.1875,0.5625,0.7871741250000002,0.19211175000000003,0.44352975000000006
0.75,0.1875,0.625,0.7835264375000002,0.1958931875,0.486076125
0.75,0.1875,0.6875,0.7798787500000002,0.19967462500000002,0.5286225
0.75,0.1875,0.75,0.7762310625000002,0.20345606250000003,0.571168875
0.75,0.1875,0.8125,0.7725833750000002,0.20723750000000002,0.61371525
0.75,0.1875,0.875,0.7689356875000002,0.2110189375,0.656261625
0.75,0.1875,0.9375,0.7652880000000002,0.21480037500000002,0.698808
0.75,0.1875,1.0,0.7616403125000002,0.21858181250000003,0.741354375
0.75,0.25,0.0,0.8170887500000001,0.21880600000000003,0.08048249999999998
0.75,0.25,0.0625,0.8134410625000001,0.22258743750000004,0.12302887499999998
0.75,0.25,0.125,0.8097933750000001,0.22636887500000002,0.16557525
0.75,0.25,0.1875,0.8061456875000002,0.23015031250000004,0.208121625
0.75,0.25,0.25,0.8024980000000002,0.23393175000000002,0.250668
0.75,0.25,0.3125,0.7988503125000002,0.23771318750000003,0.293214375
0.75,0.25,0.375,0.7952026250000002,0.24149462500000002,0.33576075000000005
0.75,0.25,0.4375,0.7915549375000002,0.24527606250000003,0.37830712499999997
0.75,0.25,0.5,0.7879072500000002,0.24905750000000001,0.4208535
0.75,0.25,0.5625,0.7842595625000002,0.2528389375,0.463399875
0.75,0.25,0.625,0.7806118750000002,0.256620375,0.50594625
0.75,0.25,0.6875,0.7769641875000002,0.2604018125,0.5484926250000001
0.75,0.25,0.75,0.7733165000000002,0.26418325000000004,0.5910390000000001
0.75,0.25,0.8125,0.7696688125000002,0.2679646875,0.6335853750000001
0.75,0.25,0.875,0.7660211250000002,0.271746125,0.67613175
0.75,0.25,0.9375,0.7623734375000002,0.2755275625,0.7186781250000001
0.75,0.25,1.0,0.7587257500000002,0.27930900000000003,0.7612245000000001
0.75,0.3125,0.0,0.8141741875000001,0.2795331875,0.10035262499999997
0.75,0.3125,0.0625,0.8105265000000001,0.283314625,0.14289899999999997
0.75,0.3125,0.125,0.8068788125000002,0.2870960625,0.18544537499999997
0.75,0.3125,0.1875,0.8032311250000002,0.2908775,0.22799175
0.75,0.3125,0.25,0.7995834375000002,0.2946589375,0.27053812499999996
0.75,0.3125,0.3125,0.7959357500000002,0.298440375,0.3130845
0.75,0.3125,0.375,0.7922880625000002,0.3022218125,0.355630875
0.75,0.3125,0.4375,0.7886403750000002,0.30600325,0.39817725
0.75,0.3125,0.5,0.7849926875000002,0.3097846875,0.440723625
0.75,0.3125,0.5625,0.7813450000000002,0.313566125,0.48327000000000003
0.75,0.3125,0.625,0.7776973125000002,0.3173475625,0.525816375
0.75,0.3125,0.6875,0.7740496250000002,0.321129,0.56836275
0.75,0.3125,0.75,0.7704019375000002,0.3249104375,0.610909125
0.75,0.3125,0.8125,0.7667542500000002,0.32869187499999997,0.6534555000000001
0.75,0.3125,0.875,0.7631065625000002,0.3324733125,0.696001875
0.75,0.3125,0.9375,0.7594588750000002,0.33625475,0.73854825
0.75,0.3125,1.0,0.7558111875000002,0.3400361875,0.781094625
0.75,0.375,0.0,0.8112596250000002,0.34026037500000006,0.12022274999999998
0.75,0.375,0.0625,0.8076119375000002,0.34404181250000004,0.162769125
0.75,0.375,0.125,0.8039642500000002,0.3478232500000001,0.20531549999999998
0.75,0.375,0.1875,0.8003165625000002,0.35160468750000007,0.247861875
0.75,0.375,0.25,0.7966688750000002,0.35538612500000005,0.29040825
0.75,0.375,0.3125,0.7930211875000002,0.35916756250000004,0.332954625
0.75,0.375,0.375,0.7893735000000002,0.3629490000000001,0.37550100000000003
0.75,0.375,0.4375,0.7857258125000002,0.36673043750000006,0.418047375
0.75,0.375,0.5,0.7820781250000002,0.37051187500000005,0.46059375
0.75,0.375,0.5625,0.7784304375000002,0.37429331250000003,0.503140125
0.75,0.375,0.625,0.7747827500000002,0.37807475000000007,0.5456865
0.75,0.375,0.6875,0.7711350625000002,0.38185618750000005,0.588232875
0.75,0.375,0.75,0.7674873750000002,0.38563762500000004,0.63077925
0.75,0.375,0.8125,0.7638396875000002,0.3894190625,0.673325625
0.75,0.375,0.875,0.7601920000000002,0.39320050000000006,0.715872
0.75,0.375,0.9375,0.7565443125000002,0.39698193750000005,0.758418375
0.75,0.375,1.0,0.7528966250000002,0.40076337500000003,0.80096475
0.75,0.4375,0.0,0.8083450625000002,0.4009875625,0.14009287499999998
0.75,0.4375,0.0625,0.8046973750000002,0.404769,0.18263924999999998
0.75,0.4375,0.125,0.8010496875000002,0.40855043750000003,0.225185625
0.75,0.4375,0.1875,0.7974020000000002,0.412331875,0.26773199999999997
0.75,0.4375,0.25,0.7937543125000002,0.4161133125,0.310278375
0.75,0.4375,0.3125,0.7901066250000002,0.41989475,0.35282475
0.75,0.4375,0.375,0.7864589375000002,0.4236761875,0.39537112500000005
0.75,0.4375,0.4375,0.7828112500000002,0.427457625,0.43791749999999996
0.75,0.4375,0.5,0.7791635625000002,0.4312390625,0.480463875
0.75,0.4375,0.5625,0.7755158750000002,0.4350205,0.52301025
0.75,0.4375,0.625,0.7718681875000002,0.4388019375,0.565556625
0.75,0.4375,0.6875,0.7682205000000002,0.442583375,0.6081030000000001
0.75,0.4375,0.75,0.7645728125000002,0.4463648125,0.6506493750000001
0.75,0.4375,0.8125,0.7609251250000002,0.45014624999999997,0.6931957500000001
0.75,0.4375,0.875,0.7572774375000002,0.4539276875,0.735742125
0.75,0.4375,0.9375,0.7536297500000002,0.457709125,0.7782885
0.75,0.4375,1.0,0.7499820625000002,0.4614905625,0.8208348750000001
0.75,0.5,0.0,0.8054305000000002,0.46171475000000006,0.15996299999999997
0.75,0.5,0.0625,0.8017828125000002,0.46549618750000005,0.20250937499999996
0.75,0.5,0.125,0.7981351250000002,0.4692776250000001,0.24505574999999996
0.75,0.5,0.1875,0.7944874375000002,0.47305906250000007,0.287602125
0.75,0.5,0.25,0.7908397500000002,0.47684050000000006,0.33014849999999996
0.75,0.5,0.3125,0.7871920625000002,0.48062193750000004,0.372694875
0.75,0.5,0.375,0.7835443750000002,0.4844033750000001,0.41524125
0.75,0.5,0.4375,0.7798966875000002,0.48818481250000006,0.457787625
0.75,0.5,0.5,0.7762490000000002,0.49196625000000005,0.5003340000000001
0.75,0.5,0.5625,0.7726013125000002,0.49574768750000003,0.542880375
0.75,0.5,0.625,0.7689536250000002,0.4995291250000001,0.58542675
0.75,0.5,0.6875,0.7653059375000002,0.5033105625000001,0.627973125
0.75,0.5,0.75,0.7616582500000002,0.5070920000000001,0.6705195
0.75,0.5,0.8125,0.7580105625000002,0.5108734375,0.7130658750000001
0.75,0.5,0.875,0.7543628750000002,0.5146548750000001,0.75561225
0.75,0.5,0.9375,0.7507151875000002,0.5184363125,0.798158625
0.75,0.5,1.0,0.7470675000000002,0.52221775,0.840705
0.75,0.5625,0.0,0.8025159375000002,0.5224419375,0.17983312499999995
0.75,0.5625,0.0625,0.7988682500000002,0.526223375,0.22237949999999995
0.75,0.5625,0.125,0.7952205625000002,0.5300048125,0.264925875
0.75,0.5625,0.1875,0.7915728750000002,0.53378625,0.30747225
0.75,0.5625,0.25,0.7879251875000002,0.5375676875000001,0.35001862499999997
0.75,0.5625,0.3125,0.7842775000000002,0.541349125,0.39256499999999994
0.75,0.5625,0.375,0.7806298125000002,0.5451305625,0.43511137499999997
0.75,0.5625,0.4375,0.7769821250000002,0.548912,0.47765775
0.75,0.5625,0.5,0.7733344375000002,0.5526934375,0.520204125
0.75,0.5625,0.5625,0.7696867500000002,0.556474875,0.5627505
0.75,0.5625,0.625,0.7660390625000002,0.5602563125,0.605296875
0.75,0.5625,0.6875,0.7623913750000002,0.56403775,0.64784325
0.75,0.5625,0.75,0.7587436875000002,0.5678191875,0.690389625
0.75,0.5625,0.8125,0.7550960000000002,0.571600625,0.732936
0.75,0.5625,0.875,0.7514483125000002,0.5753820625,0.775482375
0.75,0.5625,0.9375,0.7478006250000002,0.5791634999999999,0.81802875
0.75,0.5625,1.0,0.7441529375000002,0.5829449375,0.860575125
0.75,0.625,0.0,0.7996013750000002,0.5831691250000001,0.19970324999999994
0.75,0.625,0.0625,0.7959536875000002,0.5869505625000001,0.24224962499999994
0.75,0.625,0.125,0.7923060000000002,0.590732,0.28479599999999994
0.75,0.625,0.1875,0.7886583125000002,0.5945134375000001,0.32734237499999996
0.75,0.625,0.25,0.7850106250000002,0.5982948750000001,0.36988875
0.75,0.625,0.3125,0.7813629375000002,0.6020763125,0.41243512499999996
0.75,0.625,0.375,0.7777152500000002,0.6058577500000001,0.4549815
0.75,0.625,0.4375,0.7740675625000002,0.6096391875,0.49752787499999995
0.75,0.625,0.5,0.7704198750000002,0.613420625,0.54007425
0.75,0.625,0.5625,0.7667721875000002,0.6172020625000001,0.582620625
0.75,0.625,0.625,0.7631245000000002,0.6209835,0.625167
0.75,0.625,0.6875,0.7594768125000002,0.6247649375000001,0.6677133749999999
0.75,0.625,0.75,0.7558291250000002,0.6285463750000001,0.7102597500000001
0.75,0.625,0.8125,0.7521814375000002,0.6323278125,0.752806125
0.75,0.625,0.875,0.7485337500000002,0.6361092500000001,0.7953524999999999
0.75,0.625,0.9375,0.7448860625000002,0.6398906875000001,0.837898875
0.75,0.625,1.0,0.7412383750000002,0.643672125,0.88044525
0.75,0.6875,0.0,0.7966868125000002,0.6438963125000001,0.21957337499999996
0.75,0.6875,0.0625,0.7930391250000002,0.6476777500000002,0.26211975
0.75,0.6875,0.125,0.7893914375000002,0.6514591875000001,0.30466612499999995
0.75,0.6875,0.1875,0.7857437500000002,0.6552406250000001,0.3472125
0.75,0.6875,0.25,0.7820960625000002,0.6590220625000002,0.38975887499999995
0.75,0.6875,0.3125,0.7784483750000002,0.6628035000000001,0.43230525
0.75,0.6875,0.375,0.7748006875000002,0.6665849375000001,0.474851625
0.75,0.6875,0.4375,0.7711530000000002,0.6703663750000001,0.517398
0.75,0.6875,0.5,0.7675053125000002,0.6741478125000001,0.5599443749999999
0.75,0.6875,0.5625,0.7638576250000002,0.6779292500000001,0.6024907500000001
0.75,0.6875,0.625,0.7602099375000002,0.6817106875000001,0.645037125
0.75,0.6875,0.6875,0.7565622500000002,0.6854921250000001,0.6875835
0.75,0.6875,0.75,0.7529145625000002,0.6892735625000002,0.730129875
0.75,0.6875,0.8125,0.7492668750000002,0.6930550000000001,0.7726762500000001
0.75,0.6875,0.875,0.7456191875000002,0.6968364375000001,0.815222625
0.75,0.6875,0.9375,0.7419715000000002,0.7006178750000001,0.857769
0.75,0.6875,1.0,0.7383238125000002,0.7043993125000001,0.900315375
0.75,0.75,0.0,0.7937722500000002,0.7046235000000001,0.23944349999999995
0.75,0.75,0.0625,0.7901245625000002,0.7084049375000001,0.28198987499999995
0.75,0.75,0.125,0.7864768750000002,0.712186375,0.32453624999999997
0.75,0.75,0.1875,0.7828291875000002,0.7159678125000001,0.367082625
0.75,0.75,0.25,0.7791815000000002,0.7197492500000001,0.40962899999999997
0.75,0.75,0.3125,0.7755338125000002,0.7235306875,0.45217537499999993
0.75,0.75,0.375,0.7718861250000002,0.7273121250000001,0.49472174999999996
0.75,0.75,0.4375,0.7682384375000002,0.7310935625,0.537268125
0.75,0.75,0.5,0.7645907500000002,0.7348750000000001,0.5798145
0.75,0.75,0.5625,0.7609430625000002,0.7386564375000001,0.622360875
0.75,0.75,0.625,0.7572953750000002,0.742437875,0.66490725
0.75,0.75,0.6875,0.7536476875000002,0.7462193125000001,0.707453625
0.75,0.75,0.75,0.7500000000000002,0.7500007500000001,0.75
0.75,0.75,0.8125,0.7463523125000002,0.7537821875,0.792546375
0.75,0.75,0.875,0.7427046250000002,0.7575636250000001,0.8350927499999999
0.75,0.75,0.9375,0.7390569375000002,0.7613450625,0.877639125
0.75,0.75,1.0,0.7354092500000002,0.7651265,0.9201855
0.75,0.8125,0.0,0.7908576875000002,0.7653506875,0.25931362499999994
0.75,0.8125,0.0625,0.7872100000000002,0.769132125,0.30185999999999996
0.75,0.8125,0.125,0.7835623125000002,0.7729135625,0.34440637499999993
0.75,0.8125,0.1875,0.7799146250000002,0.776695,0.38695274999999996
0.75,0.8125,0.25,0.7762669375000002,0.7804764375000001,0.429499125
0.75,0.8125,0.3125,0.7726192500000002,0.784257875,0.47204549999999995
0.75,0.8125,0.375,0.7689715625000002,0.7880393125,0.514591875
0.75,0.8125,0.4375,0.7653238750000002,0.79182075,0.55713825
0.75,0.8125,0.5,0.7616761875000002,0.7956021875,0.599684625
0.75,0.8125,0.5625,0.7580285000000002,0.799383625,0.642231
0.75,0.8125,0.625,0.7543808125000002,0.8031650625,0.6847773749999999
0.75,0.8125,0.6875,0.7507331250000002,0.8069465,0.72732375
0.75,0.8125,0.75,0.7470854375000002,0.8107279375,0.769870125
0.75,0.8125,0.8125,0.7434377500000002,0.814509375,0.8124165000000001
0.75,0.8125,0.875,0.7397900625000002,0.8182908125,0.854962875
0.75,0.8125,0.9375,0.7361423750000002,0.82207225,0.8975092499999999
0.75,0.8125,1.0,0.7324946875000002,0.8258536875,0.9400556250000001
0.75,0.875,0.0,0.7879431250000002,0.8260778750000001,0.27918374999999995
0.75,0.875,0.0625,0.7842954375000002,0.8298593125000001,0.321730125
0.75,0.875,0.125,0.7806477500000002,0.83364075,0.36427649999999995
0.75,0.875,0.1875,0.7770000625000002,0.8374221875000001,0.406822875
0.75,0.875,0.25,0.7733523750000002,0.8412036250000001,0.44936924999999994
0.75,0.875,0.3125,0.7697046875000002,0.8449850625,0.49191562499999997
0.75,0.875,0.375,0.7660570000000002,0.8487665000000001,0.534462
0.75,0.875,0.4375,0.7624093125000002,0.8525479375,0.5770083749999999
0.75,0.875,0.5,0.7587616250000002,0.8563293750000001,0.61955475
0.75,0.875,0.5625,0.7551139375000002,0.8601108125000001,0.662101125
0.75,0.875,0.625,0.7514662500000002,0.86389225,0.7046475
0.75,0.875,0.6875,0.7478185625000002,0.8676736875000001,0.747193875
0.75,0.875,0.75,0.7441708750000002,0.8714551250000001,0.78974025
0.75,0.875,0.8125,0.7405231875000002,0.8752365625,0.8322866250000001
0.75,0.875,0.875,0.7368755000000002,0.8790180000000001,0.874833
0.75,0.875,0.9375,0.7332278125000002,0.8827994375000001,0.917379375
0.75,0.875,1.0,0.7295801250000002,0.886580875,0.95992575
0.75,0.9375,0.0,0.7850285625000002,0.8868050625000001,0.2990538749999999
0.75,0.9375,0.0625,0.7813808750000002,0.8905865000000002,0.34160024999999994
0.75,0.9375,0.125,0.7777331875000002,0.8943679375000001,0.3841466249999999
0.75,0.9375,0.1875,0.7740855000000002,0.8981493750000001,0.42669299999999993
0.75,0.9375,0.25,0.7704378125000002,0.9019308125000002,0.4692393749999999
0.75,0.9375,0.3125,0.7667901250000002,0.9057122500000001,0.5117857499999999
0.75,0.9375,0.375,0.7631424375000002,0.9094936875000001,0.554332125
0.75,0.9375,0.4375,0.7594947500000002,0.9132751250000001,0.5968784999999999
0.75,0.9375,0.5,0.7558470625000002,0.9170565625000001,0.639424875
0.75,0.9375,0.5625,0.7521993750000002,0.9208380000000002,0.6819712499999999
0.75,0.9375,0.625,0.7485516875000002,0.9246194375000001,0.7245176249999999
0.75,0.9375,0.6875,0.7449040000000002,0.9284008750000001,0.767064
0.75,0.9375,0.75,0.7412563125000002,0.9321823125000002,0.809610375
0.75,0.9375,0.8125,0.7376086250000002,0.9359637500000001,0.85215675
0.75,0.9375,0.875,0.7339609375000002,0.9397451875000001,0.8947031249999999
0.75,0.9375,0.9375,0.7303132500000002,0.9435266250000001,0.9372495
0.75,0.9375,1.0,0.7266655625000003,0.9473080625000001,0.979795875
0.75,1.0,0.0,0.7821140000000002,0.9475322500000001,0.31892399999999993
0.75,1.0,0.0625,0.7784663125000002,0.9513136875000001,0.36147037499999995
0.75,1.0,0.125,0.7748186250000002,0.955095125,0.4040167499999999
0.75,1.0,0.1875,0.7711709375000002,0.9588765625000001,0.44656312499999995
0.75,1.0,0.25,0.7675232500000002,0.9626580000000001,0.4891095
0.75,1.0,0.3125,0.7638755625000002,0.9664394375,0.531655875
0.75,1.0,0.375,0.7602278750000002,0.9702208750000001,0.5742022499999999
0.75,1.0,0.4375,0.7565801875000002,0.9740023125,0.6167486249999999
0.75,1.0,0.5,0.7529325000000002,0.9777837500000001,0.659295
0.75,1.0,0.5625,0.7492848125000002,0.9815651875000001,0.701841375
0.75,1.0,0.625,0.7456371250000002,0.985346625,0.74438775
0.75,1.0,0.6875,0.7419894375000002,0.9891280625000001,0.7869341249999999
0.75,1.0,0.75,0.7383417500000002,0.9929095000000001,0.8294805000000001
0.75,1.0,0.8125,0.7346940625000002,0.9966909375,0.872026875
0.75,1.0,0.875,0.7310463750000002,1.000472375,0.9145732499999999
0.75,1.0,0.9375,0.7273986875000003,1.0042538125,0.957119625
0.75,1.0,1.0,0.7237510000000003,1.00803525,0.9996659999999999
0.8125,0.0,0.0,0.8978092500000001,-0.026111312499999977,0.0010855000000000038
0.8125,0.0,0.0625,0.8941615625000001,-0.022329874999999978,0.04363187500000001
0.8125,0.0,0.125,0.8905138750000001,-0.01854843749999998,0.08617825000000001
0.8125,0.0,0.1875,0.8868661875000001,-0.014766999999999978,0.12872462500000004
0.8125,0.0,0.25,0.8832185000000001,-0.01098556249999998,0.17127100000000003
0.8125,0.0,0.3125,0.8795708125000001,-0.007204124999999981,0.21381737500000003
0.8125,0.0,0.375,0.8759231250000001,-0.0034226874999999796,0.25636375000000006
0.8125,0.0,0.4375,0.8722754375000001,0.0003587500000000188,0.298910125
0.8125,0.0,0.5,0.8686277500000001,0.004140187500000017,0.34145650000000005
0.8125,0.0,0.5625,0.8649800625000001,0.007921625000000015,0.3840028750000001
0.8125,0.0,0.625,0.8613323750000001,0.011703062500000014,0.42654925000000005
0.8125,0.0,0.6875,0.8576846875000002,0.015484500000000012,0.46909562500000007
0.8125,0.0,0.75,0.8540370000000002,0.019265937500000017,0.511642
0.8125,0.0,0.8125,0.8503893125000002,0.023047375000000016,0.5541883750000001
0.8125,0.0,0.875,0.8467416250000002,0.026828812500000014,0.59673475
0.8125,0.0,0.9375,0.8430939375000002,0.030610250000000012,0.639281125
0.8125,0.0,1.0,0.8394462500000002,0.03439168750000001,0.6818275
0.8125,0.0625,0.0,0.8948946875000001,0.034615875000000025,0.020955625
0.8125,0.0625,0.0625,0.8912470000000001,0.03839731250000002,0.063502
0.8125,0.0625,0.125,0.8875993125000001,0.04217875000000002,0.106048375
0.8125,0.0625,0.1875,0.8839516250000001,0.04596018750000003,0.14859475000000003
0.8125,0.0625,0.25,0.8803039375000001,0.049741625000000025,0.19114112500000002
0.8125,0.0625,0.3125,0.8766562500000001,0.053523062500000024,0.23368750000000002
0.8125,0.0625,0.375,0.8730085625000001,0.05730450000000002,0.276233875
0.8125,0.0625,0.4375,0.8693608750000001,0.06108593750000002,0.31878025
0.8125,0.0625,0.5,0.8657131875000001,0.06486737500000002,0.361326625
0.8125,0.0625,0.5625,0.8620655000000002,0.06864881250000002,0.40387300000000004
0.8125,0.0625,0.625,0.8584178125000002,0.07243025000000002,0.446419375
0.8125,0.0625,0.6875,0.8547701250000002,0.07621168750000001,0.48896575000000003
0.8125,0.0625,0.75,0.8511224375000002,0.07999312500000003,0.5315121250000001
0.8125,0.0625,0.8125,0.8474747500000002,0.08377456250000001,0.5740585000000001
0.8125,0.0625,0.875,0.8438270625000002,0.08755600000000002,0.616604875
0.8125,0.0625,0.9375,0.8401793750000002,0.09133743750000001,0.6591512500000001
0.8125,0.0625,1.0,0.8365316875000002,0.09511887500000002,0.7016976250000001
0.8125,0.125,0.0,0.8919801250000001,0.09534306250000002,0.040825749999999994
0.8125,0.125,0.0625,0.8883324375000001,0.09912450000000002,0.08337212499999999
0.8125,0.125,0.125,0.8846847500000001,0.10290593750000002,0.1259185
0.8125,0.125,0.1875,0.8810370625000001,0.10668737500000001,0.16846487500000001
0.8125,0.125,0.25,0.8773893750000001,0.11046881250000001,0.21101125
0.8125,0.125,0.3125,0.8737416875000001,0.11425025000000001,0.253557625
0.8125,0.125,0.375,0.8700940000000001,0.11803168750000001,0.29610400000000003
0.8125,0.125,0.4375,0.8664463125000001,0.12181312500000002,0.338650375
0.8125,0.125,0.5,0.8627986250000002,0.1255945625,0.38119675000000003
0.8125,0.125,0.5625,0.8591509375000002,0.12937600000000002,0.42374312500000005
0.8125,0.125,0.625,0.8555032500000002,0.1331574375,0.4662895
0.8125,0.125,0.6875,0.8518555625000002,0.13693887500000002,0.508835875
0.8125,0.125,0.75,0.8482078750000002,0.1407203125,0.5513822500000001
0.8125,0.125,0.8125,0.8445601875000002,0.14450175,0.5939286250000001
0.8125,0.125,0.875,0.8409125000000002,0.14828318750000002,0.636475
0.8125,0.125,0.9375,0.8372648125000002,0.152064625,0.679021375
0.8125,0.125,1.0,0.8336171250000002,0.1558460625,0.7215677500000001
0.8125,0.1875,0.0,0.8890655625000001,0.15607025000000002,0.06069587499999999
0.8125,0.1875,0.0625,0.8854178750000001,0.15985168750000003,0.10324225
0.8125,0.1875,0.125,0.8817701875000001,0.16363312500000002,0.145788625
0.8125,0.1875,0.1875,0.8781225000000001,0.16741456250000003,0.188335
0.8125,0.1875,0.25,0.8744748125000001,0.17119600000000001,0.230881375
0.8125,0.1875,0.3125,0.8708271250000001,0.17497743750000003,0.27342775
0.8125,0.1875,0.375,0.8671794375000001,0.178758875,0.31597412500000005
0.8125,0.1875,0.4375,0.8635317500000002,0.18254031250000002,0.3585205
0.8125,0.1875,0.5,0.8598840625000002,0.18632175,0.40106687500000004
0.8125,0.1875,0.5625,0.8562363750000002,0.19010318750000002,0.44361325000000007
0.8125,0.1875,0.625,0.8525886875000002,0.193884625,0.48615962500000004
0.8125,0.1875,0.6875,0.8489410000000002,0.19766606250000002,0.528706
0.8125,0.1875,0.75,0.8452933125000002,0.2014475,0.571252375
0.8125,0.1875,0.8125,0.8416456250000002,0.2052289375,0.6137987500000001
0.8125,0.1875,0.875,0.8379979375000002,0.20901037500000003,0.656345125
0.8125,0.1875,0.9375,0.8343502500000002,0.2127918125,0.6988915
0.8125,0.1875,1.0,0.8307025625000002,0.21657325,0.741437875
0.8125,0.25,0.0,0.8861510000000001,0.21679743750000002,0.08056599999999998
0.8125,0.25,0.0625,0.8825033125000001,0.22057887500000004,0.123112375
0.8125,0.25,0.125,0.8788556250000001,0.22436031250000002,0.16565875
0.8125,0.25,0.1875,0.8752079375000001,0.22814175000000003,0.208205125
0.8125,0.25,0.25,0.8715602500000001,0.23192318750000002,0.2507515
0.8125,0.25,0.3125,0.8679125625000002,0.23570462500000003,0.293297875
0.8125,0.25,0.375,0.8642648750000002,0.2394860625,0.33584425
0.8125,0.25,0.4375,0.8606171875000002,0.24326750000000003,0.378390625
0.8125,0.25,0.5,0.8569695000000002,0.2470489375,0.420937
0.8125,0.25,0.5625,0.8533218125000002,0.250830375,0.46348337500000003
0.8125,0.25,0.625,0.8496741250000002,0.25461181250000003,0.5060297500000001
0.8125,0.25,0.6875,0.8460264375000002,0.25839325,0.5485761250000001
0.8125,0.25,0.75,0.8423787500000002,0.2621746875,0.5911225000000001
0.8125,0.25,0.8125,0.8387310625000002,0.265956125,0.6336688750000001
0.8125,0.25,0.875,0.8350833750000002,0.2697375625,0.67621525
0.8125,0.25,0.9375,0.8314356875000002,0.273519,0.7187616250000001
0.8125,0.25,1.0,0.8277880000000002,0.2773004375,0.7613080000000001
0.8125,0.3125,0.0,0.8832364375000001,0.277524625,0.10043612499999997
0.8125,0.3125,0.0625,0.8795887500000001,0.2813060625,0.14298249999999998
0.8125,0.3125,0.125,0.8759410625000001,0.28508750000000005,0.18552887499999998
0.8125,0.3125,0.1875,0.8722933750000001,0.28886893750000003,0.22807525
0.8125,0.3125,0.25,0.8686456875000002,0.292650375,0.270621625
0.8125,0.3125,0.3125,0.8649980000000002,0.2964318125,0.313168
0.8125,0.3125,0.375,0.8613503125000002,0.30021325000000004,0.355714375
0.8125,0.3125,0.4375,0.8577026250000002,0.3039946875,0.39826075
0.8125,0.3125,0.5,0.8540549375000002,0.307776125,0.440807125
0.8125,0.3125,0.5625,0.8504072500000002,0.3115575625,0.48335350000000005
0.8125,0.3125,0.625,0.8467595625000002,0.31533900000000004,0.525899875
0.8125,0.3125,0.6875,0.8431118750000002,0.3191204375,0.56844625
0.8125,0.3125,0.75,0.8394641875000002,0.322901875,0.6109926250000001
0.8125,0.3125,0.8125,0.8358165000000002,0.32668331250000004,0.6535390000000001
0.8125,0.3125,0.875,0.8321688125000002,0.33046475000000003,0.696085375
0.8125,0.3125,0.9375,0.8285211250000002,0.3342461875,0.73863175
0.8125,0.3125,1.0,0.8248734375000002,0.338027625,0.7811781250000001
0.8125,0.375,0.0,0.8803218750000001,0.3382518125,0.12030624999999998
0.8125,0.375,0.0625,0.8766741875000001,0.34203325,0.16285262499999997
0.8125,0.375,0.125,0.8730265000000001,0.34581468750000005,0.205399
0.8125,0.375,0.1875,0.8693788125000002,0.34959612500000004,0.247945375
0.8125,0.375,0.25,0.8657311250000002,0.3533775625,0.29049175
0.8125,0.375,0.3125,0.8620834375000002,0.357159,0.33303812499999996
0.8125,0.375,0.375,0.8584357500000002,0.36094043750000004,0.3755845
0.8125,0.375,0.4375,0.8547880625000002,0.36472187500000003,0.418130875
0.8125,0.375,0.5,0.8511403750000002,0.3685033125,0.46067725000000004
0.8125,0.375,0.5625,0.8474926875000002,0.37228475,0.5032236250000001
0.8125,0.375,0.625,0.8438450000000002,0.37606618750000004,0.54577
0.8125,0.375,0.6875,0.8401973125000002,0.379847625,0.588316375
0.8125,0.375,0.75,0.8365496250000002,0.3836290625,0.63086275
0.8125,0.375,0.8125,0.8329019375000002,0.3874105,0.673409125
0.8125,0.375,0.875,0.8292542500000002,0.39119193750000003,0.7159555
0.8125,0.375,0.9375,0.8256065625000002,0.394973375,0.758501875
0.8125,0.375,1.0,0.8219588750000002,0.3987548125,0.80104825
0.8125,0.4375,0.0,0.8774073125000001,0.39897900000000003,0.140176375
0.8125,0.4375,0.0625,0.8737596250000002,0.4027604375,0.18272275
0.8125,0.4375,0.125,0.8701119375000002,0.40654187500000005,0.22526912500000001
0.8125,0.4375,0.1875,0.8664642500000002,0.41032331250000004,0.2678155
0.8125,0.4375,0.25,0.8628165625000002,0.41410475,0.310361875
0.8125,0.4375,0.3125,0.8591688750000002,0.4178861875,0.35290825000000003
0.8125,0.4375,0.375,0.8555211875000002,0.42166762500000005,0.39545462500000006
0.8125,0.4375,0.4375,0.8518735000000002,0.42544906250000003,0.438001
0.8125,0.4375,0.5,0.8482258125000002,0.4292305,0.480547375
0.8125,0.4375,0.5625,0.8445781250000002,0.4330119375,0.52309375
0.8125,0.4375,0.625,0.8409304375000002,0.43679337500000004,0.565640125
0.8125,0.4375,0.6875,0.8372827500000002,0.4405748125,0.6081865000000001
0.8125,0.4375,0.75,0.8336350625000002,0.44435625,0.6507328750000001
0.8125,0.4375,0.8125,0.8299873750000002,0.44813768750000005,0.6932792500000001
0.8125,0.4375,0.875,0.8263396875000002,0.45191912500000003,0.735825625
0.8125,0.4375,0.9375,0.8226920000000002,0.4557005625,0.7783720000000001
0.8125,0.4375,1.0,0.8190443125000002,0.459482,0.8209183750000001
0.8125,0.5,0.0,0.8744927500000002,0.45970618750000003,0.16004649999999998
0.8125,0.5,0.0625,0.8708450625000002,0.463487625,0.20259287499999998
0.8125,0.5,0.125,0.8671973750000002,0.46726906250000005,0.24513924999999998
0.8125,0.5,0.1875,0.8635496875000002,0.47105050000000004,0.287685625
0.8125,0.5,0.25,0.8599020000000002,0.4748319375,0.33023199999999997
0.8125,0.5,0.3125,0.8562543125000002,0.478613375,0.372778375
0.8125,0.5,0.375,0.8526066250000002,0.48239481250000005,0.41532475
0.8125,0.5,0.4375,0.8489589375000002,0.48617625000000003,0.457871125
0.8125,0.5,0.5,0.8453112500000002,0.4899576875,0.5004175
0.8125,0.5,0.5625,0.8416635625000002,0.493739125,0.5429638750000001
0.8125,0.5,0.625,0.8380158750000002,0.49752056250000004,0.58551025
0.8125,0.5,0.6875,0.8343681875000002,0.501302,0.628056625
0.8125,0.5,0.75,0.8307205000000002,0.5050834375000001,0.6706030000000001
0.8125,0.5,0.8125,0.8270728125000002,0.508864875,0.7131493750000001
0.8125,0.5,0.875,0.8234251250000002,0.5126463125,0.75569575
0.8125,0.5,0.9375,0.8197774375000002,0.5164277500000001,0.798242125
0.8125,0.5,1.0,0.8161297500000002,0.5202091875,0.8407885
0.8125,0.5625,0.0,0.8715781875000002,0.520433375,0.17991662499999997
0.8125,0.5625,0.0625,0.8679305000000002,0.5242148125,0.22246299999999997
0.8125,0.5625,0.125,0.8642828125000002,0.52799625,0.265009375
0.8125,0.5625,0.1875,0.8606351250000002,0.5317776875,0.30755575
0.8125,0.5625,0.25,0.8569874375000002,0.535559125,0.350102125
0.8125,0.5625,0.3125,0.8533397500000002,0.5393405625,0.39264849999999996
0.8125,0.5625,0.375,0.8496920625000002,0.543122,0.435194875
0.8125,0.5625,0.4375,0.8460443750000002,0.5469034374999999,0.47774125
0.8125,0.5625,0.5,0.8423966875000002,0.550684875,0.520287625
0.8125,0.5625,0.5625,0.8387490000000002,0.5544663125,0.5628340000000001
0.8125,0.5625,0.625,0.8351013125000002,0.5582477499999999,0.605380375
0.8125,0.5625,0.6875,0.8314536250000002,0.5620291875,0.64792675
0.8125,0.5625,0.75,0.8278059375000002,0.565810625,0.690473125
0.8125,0.5625,0.8125,0.8241582500000002,0.5695920624999999,0.7330195
0.8125,0.5625,0.875,0.8205105625000002,0.5733735,0.775565875
0.8125,0.5625,0.9375,0.8168628750000002,0.5771549375,0.81811225
0.8125,0.5625,1.0,0.8132151875000002,0.580936375,0.860658625
0.8125,0.625,0.0,0.8686636250000002,0.5811605625,0.19978674999999996
0.8125,0.625,0.0625,0.8650159375000002,0.5849420000000001,0.24233312499999995
0.8125,0.625,0.125,0.8613682500000002,0.5887234375,0.28487949999999995
0.8125,0.625,0.1875,0.8577205625000002,0.592504875,0.327425875
0.8125,0.625,0.25,0.8540728750000002,0.5962863125000001,0.36997225
0.8125,0.625,0.3125,0.8504251875000002,0.60006775,0.41251862499999997
0.8125,0.625,0.375,0.8467775000000002,0.6038491875,0.455065
0.8125,0.625,0.4375,0.8431298125000002,0.607630625,0.49761137499999997
0.8125,0.625,0.5,0.8394821250000002,0.6114120625,0.54015775
0.8125,0.625,0.5625,0.8358344375000002,0.6151935000000001,0.582704125
0.8125,0.625,0.625,0.8321867500000002,0.6189749375,0.6252504999999999
0.8125,0.625,0.6875,0.8285390625000002,0.622756375,0.6677968750000001
0.8125,0.625,0.75,0.8248913750000002,0.6265378125000001,0.71034325
0.8125,0.625,0.8125,0.8212436875000002,0.63031925,0.7528896250000001
0.8125,0.625,0.875,0.8175960000000002,0.6341006875,0.795436
0.8125,0.625,0.9375,0.8139483125000002,0.637882125,0.837982375
0.8125,0.625,1.0,0.8103006250000002,0.6416635625,0.8805287500000001
0.8125,0.6875,0.0,0.8657490625000002,0.6418877500000001,0.21965687499999997
0.8125,0.6875,0.0625,0.8621013750000002,0.6456691875000001,0.26220325
0.8125,0.6875,0.125,0.8584536875000002,0.6494506250000001,0.30474962499999997
0.8125,0.6875,0.1875,0.8548060000000002,0.6532320625000001,0.347296
0.8125,0.6875,0.25,0.8511583125000002,0.6570135000000001,0.38984237499999996
0.8125,0.6875,0.3125,0.8475106250000002,0.6607949375000001,0.43238875
0.8125,0.6875,0.375,0.8438629375000002,0.6645763750000001,0.474935125
0.8125,0.6875,0.4375,0.8402152500000002,0.6683578125,0.5174814999999999
0.8125,0.6875,0.5,0.8365675625000002,0.6721392500000001,0.5600278750000001
0.8125,0.6875,0.5625,0.8329198750000002,0.6759206875000001,0.60257425
0.8125,0.6875,0.625,0.8292721875000002,0.679702125,0.645120625
0.8125,0.6875,0.6875,0.8256245000000002,0.6834835625000001,0.687667
0.8125,0.6875,0.75,0.8219768125000002,0.6872650000000001,0.730213375
0.8125,0.6875,0.8125,0.8183291250000002,0.6910464375,0.7727597500000001
0.8125,0.6875,0.875,0.8146814375000002,0.6948278750000001,0.815306125
0.8125,0.6875,0.9375,0.8110337500000002,0.6986093125000001,0.8578525
0.8125,0.6875,1.0,0.8073860625000002,0.7023907500000001,0.900398875
0.8125,0.75,0.0,0.8628345000000002,0.7026149375,0.23952699999999996
0.8125,0.75,0.0625,0.8591868125000002,0.7063963750000001,0.28207337499999996
0.8125,0.75,0.125,0.8555391250000002,0.7101778125,0.32461975
0.8125,0.75,0.1875,0.8518914375000002,0.71395925,0.367166125
0.8125,0.75,0.25,0.8482437500000002,0.7177406875000001,0.4097125
0.8125,0.75,0.3125,0.8445960625000002,0.721522125,0.45225887499999995
0.8125,0.75,0.375,0.8409483750000002,0.7253035625,0.49480525
0.8125,0.75,0.4375,0.8373006875000002,0.729085,0.537351625
0.8125,0.75,0.5,0.8336530000000002,0.7328664375,0.579898
0.8125,0.75,0.5625,0.8300053125000002,0.7366478750000001,0.622444375
0.8125,0.75,0.625,0.8263576250000002,0.7404293125,0.66499075
0.8125,0.75,0.6875,0.8227099375000002,0.74421075,0.707537125
0.8125,0.75,0.75,0.8190622500000002,0.7479921875000001,0.7500835
0.8125,0.75,0.8125,0.8154145625000002,0.751773625,0.792629875
0.8125,0.75,0.875,0.8117668750000002,0.7555550625,0.83517625
0.8125,0.75,0.9375,0.8081191875000002,0.7593365000000001,0.877722625
0.8125,0.75,1.0,0.8044715000000002,0.7631179375,0.920269
0.8125,0.8125,0.0,0.8599199375000002,0.763342125,0.25939712499999995
0.8125,0.8125,0.0625,0.8562722500000002,0.7671235625,0.3019435
0.8125,0.8125,0.125,0.8526245625000002,0.770905,0.34448987499999995
0.8125,0.8125,0.1875,0.8489768750000002,0.7746864375,0.38703624999999997
0.8125,0.8125,0.25,0.8453291875000002,0.778467875,0.429582625
0.8125,0.8125,0.3125,0.8416815000000002,0.7822493125,0.47212899999999997
0.8125,0.8125,0.375,0.8380338125000002,0.78603075,0.5146753749999999
0.8125,0.8125,0.4375,0.8343861250000002,0.7898121874999999,0.55722175
0.8125,0.8125,0.5,0.8307384375000002,0.793593625,0.599768125
0.8125,0.8125,0.5625,0.8270907500000002,0.7973750625,0.6423145
0.8125,0.8125,0.625,0.8234430625000002,0.8011564999999999,0.684860875
0.8125,0.8125,0.6875,0.8197953750000002,0.8049379375,0.72740725
0.8125,0.8125,0.75,0.8161476875000002,0.808719375,0.7699536250000001
0.8125,0.8125,0.8125,0.8125000000000002,0.8125008125,0.8125
0.8125,0.8125,0.875,0.8088523125000002,0.81628225,0.8550463749999999
0.8125,0.8125,0.9375,0.8052046250000002,0.8200636875,0.89759275
0.8125,0.8125,1.0,0.8015569375000002,0.823845125,0.940139125
0.8125,0.875,0.0,0.8570053750000002,0.8240693125,0.27926724999999997
0.8125,0.875,0.0625,0.8533576875000002,0.8278507500000001,0.321813625
0.8125,0.875,0.125,0.8497100000000002,0.8316321875,0.36435999999999996
0.8125,0.875,0.1875,0.8460623125000002,0.835413625,0.406906375
0.8125,0.875,0.25,0.8424146250000002,0.8391950625000001,0.44945274999999996
0.8125,0.875,0.3125,0.8387669375000002,0.8429765,0.491999125
0.8125,0.875,0.375,0.8351192500000002,0.8467579375000001,0.5345455
0.8125,0.875,0.4375,0.8314715625000002,0.850539375,0.577091875
0.8125,0.875,0.5,0.8278238750000002,0.8543208125,0.61963825
0.8125,0.875,0.5625,0.8241761875000002,0.8581022500000001,0.6621846250000001
0.8125,0.875,0.625,0.8205285000000002,0.8618836875,0.704731
0.8125,0.875,0.6875,0.8168808125000002,0.865665125,0.747277375
0.8125,0.875,0.75,0.8132331250000002,0.8694465625000001,0.78982375
0.8125,0.875,0.8125,0.8095854375000002,0.873228,0.8323701250000001
0.8125,0.875,0.875,0.8059377500000002,0.8770094375,0.8749165
0.8125,0.875,0.9375,0.8022900625000002,0.880790875,0.917462875
0.8125,0.875,1.0,0.7986423750000002,0.8845723125,0.96000925
0.8125,0.9375,0.0,0.8540908125000002,0.8847965000000001,0.2991373749999999
0.8125,0.9375,0.0625,0.8504431250000002,0.8885779375000001,0.34168374999999995
0.8125,0.9375,0.125,0.8467954375000002,0.8923593750000001,0.3842301249999999
0.8125,0.9375,0.1875,0.8431477500000002,0.8961408125000001,0.42677649999999995
0.8125,0.9375,0.25,0.8395000625000002,0.8999222500000001,0.4693228749999999
0.8125,0.9375,0.3125,0.8358523750000002,0.9037036875000001,0.5118692499999999
0.8125,0.9375,0.375,0.8322046875000002,0.9074851250000001,0.554415625
0.8125,0.9375,0.4375,0.8285570000000002,0.9112665625,0.596962
0.8125,0.9375,0.5,0.8249093125000002,0.9150480000000001,0.6395083749999999
0.8125,0.9375,0.5625,0.8212616250000002,0.9188294375000001,0.68205475
0.8125,0.9375,0.625,0.8176139375000002,0.922610875,0.724601125
0.8125,0.9375,0.6875,0.8139662500000002,0.9263923125000001,0.7671475
0.8125,0.9375,0.75,0.8103185625000002,0.9301737500000001,0.809693875
0.8125,0.9375,0.8125,0.8066708750000002,0.9339551875000001,0.85224025
0.8125,0.9375,0.875,0.8030231875000002,0.9377366250000001,0.894786625
0.8125,0.9375,0.9375,0.7993755000000002,0.9415180625000001,0.937333
0.8125,0.9375,1.0,0.7957278125000002,0.9452995000000001,0.979879375
0.8125,1.0,0.0,0.8511762500000002,0.9455236875,0.31900749999999994
0.8125,1.0,0.0625,0.8475285625000002,0.9493051250000001,0.36155387499999997
0.8125,1.0,0.125,0.8438808750000002,0.9530865625,0.40410024999999994
0.8125,1.0,0.1875,0.8402331875000002,0.956868,0.44664662499999996
0.8125,1.0,0.25,0.8365855000000002,0.9606494375000001,0.489193
0.8125,1.0,0.3125,0.8329378125000002,0.964430875,0.5317393749999999
0.8125,1.0,0.375,0.8292901250000002,0.9682123125000001,0.57428575
0.8125,1.0,0.4375,0.8256424375000002,0.97199375,0.616832125
0.8125,1.0,0.5,0.8219947500000002,0.9757751875,0.6593785
0.8125,1.0,0.5625,0.8183470625000002,0.9795566250000001,0.701924875
0.8125,1.0,0.625,0.8146993750000002,0.9833380625,0.7444712499999999
0.8125,1.0,0.6875,0.8110516875000002,0.9871195,0.787017625
0.8125,1.0,0.75,0.8074040000000002,0.9909009375000001,0.829564
0.8125,1.0,0.8125,0.8037563125000002,0.994682375,0.8721103750000001
0.8125,1.0,0.875,0.8001086250000002,0.9984638125,0.91465675
0.8125,1.0,0.9375,0.7964609375000002,1.00224525,0.9572031249999999
0.8125,1.0,1.0,0.7928132500000002,1.0060266875000001,0.9997495000000001
0.875,0.0,0.0,0.9668715000000001,-0.028119874999999975,0.0011690000000000042
0.875,0.0,0.0625,0.9632238125000001,-0.024338437499999976,0.04371537500000001
0.875,0.0,0.125,0.9595761250000001,-0.020556999999999978,0.08626175000000001
0.875,0.0,0.1875,0.9559284375000001,-0.016775562499999976,0.12880812500000002
0.875,0.0,0.25,0.9522807500000001,-0.012994124999999978,0.17135450000000002
0.875,0.0,0.3125,0.9486330625000001,-0.00921268749999998,0.21390087500000002
0.875,0.0,0.375,0.9449853750000001,-0.005431249999999978,0.25644725000000007
0.875,0.0,0.4375,0.9413376875000001,-0.0016498124999999794,0.29899362500000004
0.875,0.0,0.5,0.9376900000000001,0.002131625000000019,0.34154000000000007
0.875,0.0,0.5625,0.9340423125000001,0.005913062500000017,0.3840863750000001
0.875,0.0,0.625,0.9303946250000001,0.009694500000000016,0.42663275000000006
0.875,0.0,0.6875,0.9267469375000001,0.013475937500000014,0.4691791250000001
0.875,0.0,0.75,0.9230992500000001,0.01725737500000002,0.5117255
0.875,0.0,0.8125,0.9194515625000002,0.021038812500000018,0.5542718750000001
0.875,0.0,0.875,0.9158038750000002,0.024820250000000016,0.59681825
0.875,0.0,0.9375,0.9121561875000002,0.028601687500000014,0.639364625
0.875,0.0,1.0,0.9085085000000002,0.03238312500000001,0.681911
0.875,0.0625,0.0,0.9639569375000001,0.03260731250000003,0.021039125
0.875,0.0625,0.0625,0.9603092500000001,0.036388750000000025,0.0635855
0.875,0.0625,0.125,0.9566615625000001,0.040170187500000024,0.10613187500000001
0.875,0.0625,0.1875,0.9530138750000001,0.04395162500000002,0.14867825
0.875,0.0625,0.25,0.9493661875000001,0.04773306250000002,0.191224625
0.875,0.0625,0.3125,0.9457185000000001,0.05151450000000002,0.233771
0.875,0.0625,0.375,0.9420708125000001,0.055295937500000024,0.27631737500000003
0.875,0.0625,0.4375,0.9384231250000001,0.05907737500000002,0.31886375
0.875,0.0625,0.5,0.9347754375000001,0.06285881250000003,0.361410125
0.875,0.0625,0.5625,0.9311277500000001,0.06664025000000001,0.40395650000000005
0.875,0.0625,0.625,0.9274800625000001,0.07042168750000002,0.446502875
0.875,0.0625,0.6875,0.9238323750000001,0.07420312500000001,0.48904925000000005
0.875,0.0625,0.75,0.9201846875000002,0.07798456250000002,0.5315956250000001
0.875,0.0625,0.8125,0.9165370000000002,0.08176600000000002,0.5741420000000002
0.875,0.0625,0.875,0.9128893125000002,0.08554743750000002,0.6166883750000001
0.875,0.0625,0.9375,0.9092416250000002,0.08932887500000002,0.6592347500000001
0.875,0.0625,1.0,0.9055939375000002,0.09311031250000001,0.7017811250000001
0.875,0.125,0.0,0.9610423750000001,0.09333450000000003,0.040909249999999994
0.875,0.125,0.0625,0.9573946875000001,0.09711593750000003,0.083455625
0.875,0.125,0.125,0.9537470000000001,0.10089737500000003,0.126002
0.875,0.125,0.1875,0.9500993125000001,0.10467881250000002,0.16854837500000003
0.875,0.125,0.25,0.9464516250000001,0.10846025000000002,0.21109475
0.875,0.125,0.3125,0.9428039375000001,0.11224168750000002,0.253641125
0.875,0.125,0.375,0.9391562500000001,0.11602312500000003,0.29618750000000005
0.875,0.125,0.4375,0.9355085625000001,0.11980456250000002,0.338733875
0.875,0.125,0.5,0.9318608750000001,0.12358600000000003,0.38128025000000004
0.875,0.125,0.5625,0.9282131875000001,0.1273674375,0.42382662500000007
0.875,0.125,0.625,0.9245655000000002,0.13114887500000003,0.46637300000000004
0.875,0.125,0.6875,0.9209178125000002,0.1349303125,0.5089193750000001
0.875,0.125,0.75,0.9172701250000002,0.13871175000000002,0.5514657500000001
0.875,0.125,0.8125,0.9136224375000002,0.1424931875,0.5940121250000001
0.875,0.125,0.875,0.9099747500000002,0.14627462500000002,0.6365585
0.875,0.125,0.9375,0.9063270625000002,0.15005606250000003,0.679104875
0.875,0.125,1.0,0.9026793750000002,0.15383750000000002,0.7216512500000001
0.875,0.1875,0.0,0.9581278125000001,0.15406168750000004,0.06077937499999999
0.875,0.1875,0.0625,0.9544801250000001,0.15784312500000006,0.10332575
0.875,0.1875,0.125,0.9508324375000001,0.16162456250000004,0.145872125
0.875,0.1875,0.1875,0.9471847500000001,0.16540600000000005,0.18841850000000002
0.875,0.1875,0.25,0.9435370625000001,0.16918743750000004,0.23096487500000001
0.875,0.1875,0.3125,0.9398893750000001,0.17296887500000005,0.27351125
0.875,0.1875,0.375,0.9362416875000001,0.17675031250000003,0.316057625
0.875,0.1875,0.4375,0.9325940000000001,0.18053175000000005,0.358604
0.875,0.1875,0.5,0.9289463125000001,0.18431318750000003,0.401150375
0.875,0.1875,0.5625,0.9252986250000002,0.18809462500000004,0.44369675000000003
0.875,0.1875,0.625,0.9216509375000002,0.19187606250000003,0.486243125
0.875,0.1875,0.6875,0.9180032500000002,0.19565750000000004,0.5287895
0.875,0.1875,0.75,0.9143555625000002,0.19943893750000002,0.571335875
0.875,0.1875,0.8125,0.9107078750000002,0.20322037500000004,0.6138822500000001
0.875,0.1875,0.875,0.9070601875000002,0.20700181250000005,0.656428625
0.875,0.1875,0.9375,0.9034125000000002,0.21078325000000003,0.698975
0.875,0.1875,1.0,0.8997648125000002,0.21456468750000002,0.741521375
0.875,0.25,0.0,0.9552132500000001,0.21478887500000005,0.08064949999999999
0.875,0.25,0.0625,0.9515655625000001,0.21857031250000006,0.12319587499999998
0.875,0.25,0.125,0.9479178750000001,0.22235175000000004,0.16574224999999998
0.875,0.25,0.1875,0.9442701875000001,0.22613318750000005,0.208288625
0.875,0.25,0.25,0.9406225000000001,0.22991462500000004,0.25083500000000003
0.875,0.25,0.3125,0.9369748125000001,0.23369606250000005,0.293381375
0.875,0.25,0.375,0.9333271250000001,0.23747750000000004,0.33592775
0.875,0.25,0.4375,0.9296794375000001,0.24125893750000005,0.378474125
0.875,0.25,0.5,0.9260317500000002,0.24504037500000003,0.4210205
0.875,0.25,0.5625,0.9223840625000002,0.24882181250000004,0.46356687500000004
0.875,0.25,0.625,0.9187363750000002,0.25260325000000006,0.5061132500000001
0.875,0.25,0.6875,0.9150886875000002,0.25638468750000004,0.548659625
0.875,0.25,0.75,0.9114410000000002,0.260166125,0.5912060000000001
0.875,0.25,0.8125,0.9077933125000002,0.26394756250000007,0.633752375
0.875,0.25,0.875,0.9041456250000002,0.26772900000000005,0.67629875
0.875,0.25,0.9375,0.9004979375000002,0.27151043750000003,0.7188451250000001
0.875,0.25,1.0,0.8968502500000002,0.275291875,0.7613915
0.875,0.3125,0.0,0.9522986875000001,0.27551606250000005,0.10051962499999997
0.875,0.3125,0.0625,0.9486510000000001,0.27929750000000003,0.14306599999999997
0.875,0.3125,0.125,0.9450033125000001,0.28307893750000007,0.185612375
0.875,0.3125,0.1875,0.9413556250000001,0.28686037500000006,0.22815875
0.875,0.3125,0.25,0.9377079375000001,0.29064181250000004,0.270705125
0.875,0.3125,0.3125,0.9340602500000001,0.29442325,0.3132515
0.875,0.3125,0.375,0.9304125625000002,0.29820468750000007,0.35579787500000004
0.875,0.3125,0.4375,0.9267648750000002,0.30198612500000005,0.39834424999999996
0.875,0.3125,0.5,0.9231171875000002,0.30576756250000003,0.440890625
0.875,0.3125,0.5625,0.9194695000000002,0.309549,0.483437
0.875,0.3125,0.625,0.9158218125000002,0.31333043750000006,0.525983375
0.875,0.3125,0.6875,0.9121741250000002,0.31711187500000004,0.5685297500000001
0.875,0.3125,0.75,0.9085264375000002,0.3208933125,0.6110761250000001
0.875,0.3125,0.8125,0.9048787500000002,0.32467475,0.6536225000000001
0.875,0.3125,0.875,0.9012310625000002,0.32845618750000005,0.696168875
0.875,0.3125,0.9375,0.8975833750000002,0.33223762500000004,0.73871525
0.875,0.3125,1.0,0.8939356875000002,0.3360190625,0.7812616250000001
0.875,0.375,0.0,0.9493841250000001,0.33624325000000005,0.12038974999999998
0.875,0.375,0.0625,0.9457364375000001,0.34002468750000003,0.162936125
0.875,0.375,0.125,0.9420887500000001,0.3438061250000001,0.20548249999999998
0.875,0.375,0.1875,0.9384410625000001,0.34758756250000006,0.24802887499999998
0.875,0.375,0.25,0.9347933750000001,0.35136900000000004,0.29057525
0.875,0.375,0.3125,0.9311456875000002,0.3551504375,0.333121625
0.875,0.375,0.375,0.9274980000000002,0.35893187500000007,0.375668
0.875,0.375,0.4375,0.9238503125000002,0.36271331250000005,0.41821437499999997
0.875,0.375,0.5,0.9202026250000002,0.36649475000000004,0.46076075
0.875,0.375,0.5625,0.9165549375000002,0.3702761875,0.5033071250000001
0.875,0.375,0.625,0.9129072500000002,0.37405762500000006,0.5458535
0.875,0.375,0.6875,0.9092595625000002,0.37783906250000004,0.588399875
0.875,0.375,0.75,0.9056118750000002,0.38162050000000003,0.63094625
0.875,0.375,0.8125,0.9019641875000002,0.38540193750000007,0.6734926250000001
0.875,0.375,0.875,0.8983165000000002,0.38918337500000005,0.716039
0.875,0.375,0.9375,0.8946688125000002,0.39296481250000004,0.758585375
0.875,0.375,1.0,0.8910211250000002,0.39674625,0.80113175
0.875,0.4375,0.0,0.9464695625000001,0.39697043750000005,0.14025987499999998
0.875,0.4375,0.0625,0.9428218750000001,0.40075187500000004,0.18280624999999998
0.875,0.4375,0.125,0.9391741875000001,0.4045333125000001,0.22535262499999997
0.875,0.4375,0.1875,0.9355265000000001,0.40831475000000006,0.267899
0.875,0.4375,0.25,0.9318788125000002,0.41209618750000004,0.310445375
0.875,0.4375,0.3125,0.9282311250000002,0.41587762500000003,0.35299175
0.875,0.4375,0.375,0.9245834375000002,0.41965906250000007,0.395538125
0.875,0.4375,0.4375,0.9209357500000002,0.42344050000000005,0.4380845
0.875,0.4375,0.5,0.9172880625000002,0.42722193750000004,0.480630875
0.875,0.4375,0.5625,0.9136403750000002,0.431003375,0.52317725
0.875,0.4375,0.625,0.9099926875000002,0.43478481250000006,0.565723625
0.875,0.4375,0.6875,0.9063450000000002,0.43856625000000005,0.6082700000000001
0.875,0.4375,0.75,0.9026973125000002,0.44234768750000003,0.650816375
0.875,0.4375,0.8125,0.8990496250000002,0.446129125,0.6933627500000001
0.875,0.4375,0.875,0.8954019375000002,0.44991056250000006,0.735909125
0.875,0.4375,0.9375,0.8917542500000002,0.45369200000000004,0.7784555
0.875,0.4375,1.0,0.8881065625000002,0.4574734375,0.8210018750000001
0.875,0.5,0.0,0.9435550000000001,0.45769762500000005,0.16012999999999997
0.875,0.5,0.0625,0.9399073125000001,0.46147906250000004,0.20267637499999996
0.875,0.5,0.125,0.9362596250000002,0.4652605000000001,0.24522275
0.875,0.5,0.1875,0.9326119375000002,0.46904193750000006,0.28776912499999996
0.875,0.5,0.25,0.9289642500000002,0.47282337500000005,0.3303155
0.875,0.5,0.3125,0.9253165625000002,0.47660481250000003,0.372861875
0.875,0.5,0.375,0.9216688750000002,0.48038625000000007,0.41540825000000003
0.875,0.5,0.4375,0.9180211875000002,0.48416768750000005,0.45795462499999995
0.875,0.5,0.5,0.9143735000000002,0.48794912500000004,0.500501
0.875,0.5,0.5625,0.9107258125000002,0.4917305625,0.543047375
0.875,0.5,0.625,0.9070781250000002,0.49551200000000006,0.58559375
0.875,0.5,0.6875,0.9034304375000002,0.49929343750000005,0.628140125
0.875,0.5,0.75,0.8997827500000002,0.503074875,0.6706865000000001
0.875,0.5,0.8125,0.8961350625000002,0.5068563125000001,0.7132328750000001
0.875,0.5,0.875,0.8924873750000002,0.51063775,0.75577925
0.875,0.5,0.9375,0.8888396875000002,0.5144191875,0.798325625
0.875,0.5,1.0,0.8851920000000002,0.5182006250000001,0.8408720000000001
0.875,0.5625,0.0,0.9406404375000001,0.5184248124999999,0.18000012499999996
0.875,0.5625,0.0625,0.9369927500000002,0.52220625,0.22254649999999995
0.875,0.5625,0.125,0.9333450625000002,0.5259876874999999,0.26509287499999995
0.875,0.5625,0.1875,0.9296973750000002,0.529769125,0.30763925
0.875,0.5625,0.25,0.9260496875000002,0.5335505625,0.35018562499999994
0.875,0.5625,0.3125,0.9224020000000002,0.5373319999999999,0.39273199999999997
0.875,0.5625,0.375,0.9187543125000002,0.5411134375,0.435278375
0.875,0.5625,0.4375,0.9151066250000002,0.5448948749999999,0.47782474999999996
0.875,0.5625,0.5,0.9114589375000002,0.5486763124999999,0.520371125
0.875,0.5625,0.5625,0.9078112500000002,0.55245775,0.5629175
0.875,0.5625,0.625,0.9041635625000002,0.5562391874999999,0.605463875
0.875,0.5625,0.6875,0.9005158750000002,0.5600206249999999,0.64801025
0.875,0.5625,0.75,0.8968681875000002,0.5638020625,0.690556625
0.875,0.5625,0.8125,0.8932205000000002,0.5675834999999999,0.7331030000000001
0.875,0.5625,0.875,0.8895728125000002,0.5713649375,0.775649375
0.875,0.5625,0.9375,0.8859251250000002,0.5751463749999999,0.81819575
0.875,0.5625,1.0,0.8822774375000002,0.5789278124999999,0.860742125
0.875,0.625,0.0,0.9377258750000002,0.579152,0.19987024999999994
0.875,0.625,0.0625,0.9340781875000002,0.5829334375,0.24241662499999994
0.875,0.625,0.125,0.9304305000000002,0.586714875,0.28496299999999997
0.875,0.625,0.1875,0.9267828125000002,0.5904963125,0.327509375
0.875,0.625,0.25,0.9231351250000002,0.59427775,0.37005574999999996
0.875,0.625,0.3125,0.9194874375000002,0.5980591875,0.41260212499999993
0.875,0.625,0.375,0.9158397500000002,0.601840625,0.45514849999999996
0.875,0.625,0.4375,0.9121920625000002,0.6056220625,0.497694875
0.875,0.625,0.5,0.9085443750000002,0.6094035,0.54024125
0.875,0.625,0.5625,0.9048966875000002,0.6131849375,0.582787625
0.875,0.625,0.625,0.9012490000000002,0.616966375,0.625334
0.875,0.625,0.6875,0.8976013125000002,0.6207478125,0.667880375
0.875,0.625,0.75,0.8939536250000002,0.62452925,0.71042675
0.875,0.625,0.8125,0.8903059375000002,0.6283106875,0.752973125
0.875,0.625,0.875,0.8866582500000002,0.632092125,0.7955194999999999
0.875,0.625,0.9375,0.8830105625000002,0.6358735625,0.838065875
0.875,0.625,1.0,0.8793628750000002,0.639655,0.88061225
0.875,0.6875,0.0,0.9348113125000002,0.6398791875000001,0.21974037499999996
0.875,0.6875,0.0625,0.9311636250000002,0.6436606250000001,0.26228674999999996
0.875,0.6875,0.125,0.9275159375000002,0.6474420625,0.304833125
0.875,0.6875,0.1875,0.9238682500000002,0.6512235000000001,0.34737949999999995
0.875,0.6875,0.25,0.9202205625000002,0.6550049375000001,0.389925875
0.875,0.6875,0.3125,0.9165728750000002,0.658786375,0.43247225
0.875,0.6875,0.375,0.9129251875000002,0.6625678125000001,0.475018625
0.875,0.6875,0.4375,0.9092775000000002,0.66634925,0.5175649999999999
0.875,0.6875,0.5,0.9056298125000002,0.6701306875,0.560111375
0.875,0.6875,0.5625,0.9019821250000002,0.6739121250000001,0.60265775
0.875,0.6875,0.625,0.8983344375000002,0.6776935625,0.645204125
0.875,0.6875,0.6875,0.8946867500000002,0.681475,0.6877505
0.875,0.6875,0.75,0.8910390625000002,0.6852564375000001,0.7302968750000001
0.875,0.6875,0.8125,0.8873913750000002,0.689037875,0.7728432500000001
0.875,0.6875,0.875,0.8837436875000002,0.6928193125000001,0.815389625
0.875,0.6875,0.9375,0.8800960000000002,0.69660075,0.857936
0.875,0.6875,1.0,0.8764483125000002,0.7003821875,0.9004823750000001
0.875,0.75,0.0,0.9318967500000002,0.700606375,0.23961049999999995
0.875,0.75,0.0625,0.9282490625000002,0.7043878125,0.282156875
0.875,0.75,0.125,0.9246013750000002,0.70816925,0.32470324999999994
0.875,0.75,0.1875,0.9209536875000002,0.7119506875,0.36724962499999997
0.875,0.75,0.25,0.9173060000000002,0.715732125,0.40979599999999994
0.875,0.75,0.3125,0.9136583125000002,0.7195135625,0.45234237499999996
0.875,0.75,0.375,0.9100106250000002,0.723295,0.49488875
0.875,0.75,0.4375,0.9063629375000002,0.7270764375,0.537435125
0.875,0.75,0.5,0.9027152500000002,0.730857875,0.5799814999999999
0.875,0.75,0.5625,0.8990675625000002,0.7346393125,0.6225278750000001
0.875,0.75,0.625,0.8954198750000002,0.73842075,0.66507425
0.875,0.75,0.6875,0.8917721875000002,0.7422021875,0.707620625
0.875,0.75,0.75,0.8881245000000002,0.745983625,0.750167
0.875,0.75,0.8125,0.8844768125000002,0.7497650625,0.792713375
0.875,0.75,0.875,0.8808291250000002,0.7535465,0.83525975
0.875,0.75,0.9375,0.8771814375000002,0.7573279374999999,0.877806125
0.875,0.75,1.0,0.8735337500000002,0.761109375,0.9203525
0.875,0.8125,0.0,0.9289821875000002,0.7613335625,0.25948062499999996
0.875,0.8125,0.0625,0.9253345000000002,0.765115,0.302027
0.875,0.8125,0.125,0.9216868125000002,0.7688964374999999,0.34457337499999996
0.875,0.8125,0.1875,0.9180391250000002,0.772677875,0.38711975
0.875,0.8125,0.25,0.9143914375000002,0.7764593125,0.429666125
0.875,0.8125,0.3125,0.9107437500000002,0.7802407499999999,0.4722125
0.875,0.8125,0.375,0.9070960625000002,0.7840221875,0.5147588750000001
0.875,0.8125,0.4375,0.9034483750000002,0.7878036249999999,0.55730525
0.875,0.8125,0.5,0.8998006875000002,0.7915850624999999,0.599851625
0.875,0.8125,0.5625,0.8961530000000002,0.7953665,0.642398
0.875,0.8125,0.625,0.8925053125000002,0.7991479374999999,0.6849443749999999
0.875,0.8125,0.6875,0.8888576250000002,0.802929375,0.7274907500000001
0.875,0.8125,0.75,0.8852099375000002,0.8067108125,0.770037125
0.875,0.8125,0.8125,0.8815622500000002,0.8104922499999999,0.8125835000000001
0.875,0.8125,0.875,0.8779145625000002,0.8142736875,0.855129875
0.875,0.8125,0.9375,0.8742668750000002,0.8180551249999999,0.89767625
0.875,0.8125,1.0,0.8706191875000002,0.8218365624999999,0.9402226250000001
0.875,0.875,0.0,0.9260676250000002,0.82206075,0.27935075
0.875,0.875,0.0625,0.9224199375000002,0.8258421875,0.321897125
0.875,0.875,0.125,0.9187722500000002,0.829623625,0.3644435
0.875,0.875,0.1875,0.9151245625000002,0.8334050625,0.406989875
0.875,0.875,0.25,0.9114768750000002,0.8371865000000001,0.44953624999999997
0.875,0.875,0.3125,0.9078291875000002,0.8409679375,0.492082625
0.875,0.875,0.375,0.9041815000000002,0.844749375,0.534629
0.875,0.875,0.4375,0.9005338125000002,0.8485308125,0.5771753749999999
0.875,0.875,0.5,0.8968861250000002,0.85231225,0.6197217500000001
0.875,0.875,0.5625,0.8932384375000002,0.8560936875,0.662268125
0.875,0.875,0.625,0.8895907500000002,0.859875125,0.7048145
0.875,0.875,0.6875,0.8859430625000002,0.8636565625,0.747360875
0.875,0.875,0.75,0.8822953750000002,0.867438,0.7899072500000001
0.875,0.875,0.8125,0.8786476875000002,0.8712194375,0.8324536250000001
0.875,0.875,0.875,0.8750000000000002,0.875000875,0.875
0.875,0.875,0.9375,0.8713523125000002,0.8787823125,0.917546375
0.875,0.875,1.0,0.8677046250000002,0.88256375,0.96009275
0.875,0.9375,0.0,0.9231530625000002,0.8827879375000001,0.29922087499999994
0.875,0.9375,0.0625,0.9195053750000002,0.8865693750000001,0.34176724999999997
0.875,0.9375,0.125,0.9158576875000002,0.8903508125,0.38431362499999994
0.875,0.9375,0.1875,0.9122100000000002,0.8941322500000001,0.42685999999999996
0.875,0.9375,0.25,0.9085623125000002,0.8979136875000001,0.46940637499999993
0.875,0.9375,0.3125,0.9049146250000002,0.901695125,0.51195275
0.875,0.9375,0.375,0.9012669375000002,0.9054765625000001,0.554499125
0.875,0.9375,0.4375,0.8976192500000002,0.909258,0.5970454999999999
0.875,0.9375,0.5,0.8939715625000002,0.9130394375,0.639591875
0.875,0.9375,0.5625,0.8903238750000002,0.9168208750000001,0.68213825
0.875,0.9375,0.625,0.8866761875000002,0.9206023125,0.724684625
0.875,0.9375,0.6875,0.8830285000000002,0.9243837500000001,0.767231
0.875,0.9375,0.75,0.8793808125000002,0.9281651875000001,0.809777375
0.875,0.9375,0.8125,0.8757331250000002,0.931946625,0.85232375
0.875,0.9375,0.875,0.8720854375000002,0.9357280625000001,0.894870125
0.875,0.9375,0.9375,0.8684377500000002,0.9395095,0.9374165
0.875,0.9375,1.0,0.8647900625000002,0.9432909375,0.979962875
0.875,1.0,0.0,0.9202385000000002,0.943515125,0.31909099999999996
0.875,1.0,0.0625,0.9165908125000002,0.9472965625,0.361637375
0.875,1.0,0.125,0.9129431250000002,0.951078,0.40418374999999995
0.875,1.0,0.1875,0.9092954375000002,0.9548594375,0.446730125
0.875,1.0,0.25,0.9056477500000002,0.9586408750000001,0.4892765
0.875,1.0,0.3125,0.9020000625000002,0.9624223125,0.531822875
0.875,1.0,0.375,0.8983523750000002,0.96620375,0.5743692499999999
0.875,1.0,0.4375,0.8947046875000002,0.9699851875,0.616915625
0.875,1.0,0.5,0.8910570000000002,0.973766625,0.659462
0.875,1.0,0.5625,0.8874093125000002,0.9775480625,0.702008375
0.875,1.0,0.625,0.8837616250000002,0.9813295,0.74455475
0.875,1.0,0.6875,0.8801139375000002,0.9851109375,0.787101125
0.875,1.0,0.75,0.8764662500000002,0.988892375,0.8296475000000001
0.875,1.0,0.8125,0.8728185625000002,0.9926738125,0.872193875
0.875,1.0,0.875,0.8691708750000002,0.99645525,0.9147402499999999
0.875,1.0,0.9375,0.8655231875000002,1.0002366875,0.9572866250000001
0.875,1.0,1.0,0.8618755000000002,1.004018125,0.999833
0.9375,0.0,0.0,1.03593375,-0.030128437499999973,0.0012525000000000045
0.9375,0.0,0.0625,1.0322860625,-0.026346999999999975,0.04379887500000001
0.9375,0.0,0.125,1.028638375,-0.022565562499999976,0.08634525000000001
0.9375,0.0,0.1875,1.0249906875,-0.018784124999999974,0.12889162500000004
0.9375,0.0,0.25,1.0213430000000001,-0.015002687499999976,0.17143800000000003
0.9375,0.0,0.3125,1.0176953125000001,-0.011221249999999978,0.21398437500000003
0.9375,0.0,0.375,1.0140476250000001,-0.007439812499999976,0.25653075000000003
0.9375,0.0,0.4375,1.0103999375000001,-0.0036583749999999776,0.299077125
0.9375,0.0,0.5,1.0067522500000001,0.00012306250000002072,0.3416235
0.9375,0.0,0.5625,1.0031045625000001,0.003904500000000019,0.38416987500000005
0.9375,0.0,0.625,0.9994568750000001,0.007685937500000017,0.42671625
0.9375,0.0,0.6875,0.9958091875000001,0.011467375000000016,0.46926262500000004
0.9375,0.0,0.75,0.9921615000000001,0.015248812500000021,0.5118090000000001
0.9375,0.0,0.8125,0.9885138125000001,0.01903025000000002,0.5543553750000001
0.9375,0.0,0.875,0.9848661250000001,0.022811687500000018,0.59690175
0.9375,0.0,0.9375,0.9812184375000002,0.026593125000000016,0.639448125
0.9375,0.0,1.0,0.9775707500000002,0.030374562500000014,0.6819945000000001
0.9375,0.0625,0.0,1.0330191875,0.03059875000000003,0.021122625
0.9375,0.0625,0.0625,1.0293715,0.03438018750000003,0.063669
0.9375,0.0625,0.125,1.0257238125,0.038161625000000025,0.106215375
0.9375,0.0625,0.1875,1.0220761250000001,0.04194306250000003,0.14876175000000003
0.9375,0.0625,0.25,1.0184284375000001,0.04572450000000003,0.19130812500000002
0.9375,0.0625,0.3125,1.0147807500000001,0.04950593750000003,0.23385450000000002
0.9375,0.0625,0.375,1.0111330625000001,0.053287375000000026,0.27640087500000005
0.9375,0.0625,0.4375,1.0074853750000001,0.057068812500000024,0.31894725
0.9375,0.0625,0.5,1.0038376875000001,0.06085025000000002,0.36149362500000004
0.9375,0.0625,0.5625,1.0001900000000001,0.06463168750000002,0.40404000000000007
0.9375,0.0625,0.625,0.9965423125000001,0.06841312500000002,0.44658637500000004
0.9375,0.0625,0.6875,0.9928946250000001,0.07219456250000002,0.48913275000000006
0.9375,0.0625,0.75,0.9892469375000001,0.07597600000000002,0.531679125
0.9375,0.0625,0.8125,0.9855992500000001,0.07975743750000003,0.5742255
0.9375,0.0625,0.875,0.9819515625000002,0.08353887500000001,0.616771875
0.9375,0.0625,0.9375,0.9783038750000002,0.08732031250000002,0.65931825
0.9375,0.0625,1.0,0.9746561875000002,0.09110175000000001,0.701864625
0.9375,0.125,0.0,1.030104625,0.09132593750000004,0.040992749999999994
0.9375,0.125,0.0625,1.0264569375,0.09510737500000004,0.08353912499999999
0.9375,0.125,0.125,1.0228092500000001,0.09888881250000003,0.12608550000000002
0.9375,0.125,0.1875,1.0191615625000001,0.10267025000000003,0.16863187500000001
0.9375,0.125,0.25,1.0155138750000001,0.10645168750000003,0.21117825
0.9375,0.125,0.3125,1.0118661875000001,0.11023312500000003,0.25372462500000004
0.9375,0.125,0.375,1.0082185000000001,0.11401456250000003,0.29627100000000006
0.9375,0.125,0.4375,1.0045708125000001,0.11779600000000004,0.338817375
0.9375,0.125,0.5,1.0009231250000001,0.12157743750000002,0.38136375
0.9375,0.125,0.5625,0.9972754375000001,0.12535887500000004,0.423910125
0.9375,0.125,0.625,0.9936277500000001,0.12914031250000002,0.46645650000000005
0.9375,0.125,0.6875,0.9899800625000001,0.13292175000000003,0.5090028750000001
0.9375,0.125,0.75,0.9863323750000001,0.13670318750000005,0.5515492500000001
0.9375,0.125,0.8125,0.9826846875000002,0.14048462500000003,0.5940956250000001
0.9375,0.125,0.875,0.9790370000000002,0.14426606250000001,0.636642
0.9375,0.125,0.9375,0.9753893125000002,0.14804750000000003,0.6791883750000001
0.9375,0.125,1.0,0.9717416250000002,0.15182893750000004,0.7217347500000001
0.9375,0.1875,0.0,1.0271900625000001,0.15205312500000004,0.06086287499999999
0.9375,0.1875,0.0625,1.0235423750000001,0.15583456250000005,0.10340925
0.9375,0.1875,0.125,1.0198946875000001,0.15961600000000004,0.145955625
0.9375,0.1875,0.1875,1.0162470000000001,0.16339743750000005,0.188502
0.9375,0.1875,0.25,1.0125993125000001,0.16717887500000003,0.231048375
0.9375,0.1875,0.3125,1.0089516250000001,0.17096031250000004,0.27359475
0.9375,0.1875,0.375,1.0053039375000001,0.17474175000000003,0.316141125
0.9375,0.1875,0.4375,1.0016562500000001,0.17852318750000004,0.3586875
0.9375,0.1875,0.5,0.9980085625000001,0.18230462500000003,0.401233875
0.9375,0.1875,0.5625,0.9943608750000001,0.18608606250000004,0.44378025000000004
0.9375,0.1875,0.625,0.9907131875000001,0.18986750000000002,0.486326625
0.9375,0.1875,0.6875,0.9870655000000002,0.19364893750000003,0.528873
0.9375,0.1875,0.75,0.9834178125000002,0.19743037500000005,0.5714193750000001
0.9375,0.1875,0.8125,0.9797701250000002,0.20121181250000003,0.6139657500000001
0.9375,0.1875,0.875,0.9761224375000002,0.20499325000000002,0.656512125
0.9375,0.1875,0.9375,0.9724747500000002,0.20877468750000003,0.6990585
0.9375,0.1875,1.0,0.9688270625000002,0.21255612500000004,0.741604875
0.9375,0.25,0.0,1.0242755000000001,0.21278031250000004,0.08073299999999999
0.9375,0.25,0.0625,1.0206278125000001,0.21656175000000005,0.123279375
0.9375,0.25,0.125,1.0169801250000001,0.22034318750000004,0.16582575
0.9375,0.25,0.1875,1.0133324375000001,0.22412462500000005,0.20837212500000002
0.9375,0.25,0.25,1.0096847500000001,0.22790606250000003,0.2509185
0.9375,0.25,0.3125,1.0060370625000001,0.23168750000000005,0.293464875
0.9375,0.25,0.375,1.0023893750000001,0.23546893750000003,0.33601125000000004
0.9375,0.25,0.4375,0.9987416875000001,0.23925037500000004,0.378557625
0.9375,0.25,0.5,0.9950940000000001,0.24303181250000003,0.42110400000000003
0.9375,0.25,0.5625,0.9914463125000001,0.24681325000000004,0.46365037500000006
0.9375,0.25,0.625,0.9877986250000002,0.2505946875,0.50619675
0.9375,0.25,0.6875,0.9841509375000002,0.254376125,0.548743125
0.9375,0.25,0.75,0.9805032500000002,0.25815756250000005,0.5912895
0.9375,0.25,0.8125,0.9768555625000002,0.26193900000000003,0.633835875
0.9375,0.25,0.875,0.9732078750000002,0.2657204375,0.67638225
0.9375,0.25,0.9375,0.9695601875000002,0.269501875,0.718928625
0.9375,0.25,1.0,0.9659125000000002,0.27328331250000004,0.761475
0.9375,0.3125,0.0,1.0213609375000001,0.2735075,0.10060312499999997
0.9375,0.3125,0.0625,1.0177132500000001,0.2772889375,0.14314949999999999
0.9375,0.3125,0.125,1.0140655625000001,0.28107037500000004,0.18569587499999998
0.9375,0.3125,0.1875,1.0104178750000001,0.2848518125,0.22824224999999998
0.9375,0.3125,0.25,1.0067701875000001,0.28863325,0.270788625
0.9375,0.3125,0.3125,1.0031225000000001,0.2924146875,0.313335
0.9375,0.3125,0.375,0.9994748125000001,0.29619612500000003,0.355881375
0.9375,0.3125,0.4375,0.9958271250000001,0.2999775625,0.39842774999999997
0.9375,0.3125,0.5,0.9921794375000001,0.303759,0.440974125
0.9375,0.3125,0.5625,0.9885317500000002,0.3075404375,0.4835205
0.9375,0.3125,0.625,0.9848840625000002,0.311321875,0.526066875
0.9375,0.3125,0.6875,0.9812363750000002,0.3151033125,0.5686132500000001
0.9375,0.3125,0.75,0.9775886875000002,0.31888475,0.6111596250000001
0.9375,0.3125,0.8125,0.9739410000000002,0.3226661875,0.6537060000000001
0.9375,0.3125,0.875,0.9702933125000002,0.326447625,0.696252375
0.9375,0.3125,0.9375,0.9666456250000002,0.3302290625,0.7387987500000001
0.9375,0.3125,1.0,0.9629979375000002,0.3340105,0.7813451250000001
0.9375,0.375,0.0,1.0184463750000001,0.3342346875,0.12047324999999998
0.9375,0.375,0.0625,1.0147986875000001,0.338016125,0.16301962499999997
0.9375,0.375,0.125,1.0111510000000001,0.34179756250000004,0.20556599999999997
0.9375,0.375,0.1875,1.0075033125000001,0.345579,0.248112375
0.9375,0.375,0.25,1.0038556250000001,0.3493604375,0.29065874999999997
0.9375,0.375,0.3125,1.0002079375000001,0.353141875,0.333205125
0.9375,0.375,0.375,0.9965602500000001,0.35692331250000003,0.3757515
0.9375,0.375,0.4375,0.9929125625000002,0.36070475,0.418297875
0.9375,0.375,0.5,0.9892648750000002,0.3644861875,0.46084425
0.9375,0.375,0.5625,0.9856171875000002,0.368267625,0.503390625
0.9375,0.375,0.625,0.9819695000000002,0.3720490625,0.545937
0.9375,0.375,0.6875,0.9783218125000002,0.3758305,0.588483375
0.9375,0.375,0.75,0.9746741250000002,0.3796119375,0.6310297500000001
0.9375,0.375,0.8125,0.9710264375000002,0.38339337500000004,0.6735761250000001
0.9375,0.375,0.875,0.9673787500000002,0.3871748125,0.7161225
0.9375,0.375,0.9375,0.9637310625000002,0.39095625,0.758668875
0.9375,0.375,1.0,0.9600833750000002,0.3947376875,0.80121525
0.9375,0.4375,0.0,1.0155318125000001,0.394961875,0.140343375
0.9375,0.4375,0.0625,1.0118841250000001,0.3987433125,0.18288975
0.9375,0.4375,0.125,1.0082364375000001,0.40252475000000004,0.225436125
0.9375,0.4375,0.1875,1.0045887500000001,0.4063061875,0.2679825
0.9375,0.4375,0.25,1.0009410625000001,0.410087625,0.31052887500000004
0.9375,0.4375,0.3125,0.9972933750000001,0.4138690625,0.35307525
0.9375,0.4375,0.375,0.9936456875000002,0.41765050000000004,0.39562162500000003
0.9375,0.4375,0.4375,0.9899980000000002,0.4214319375,0.438168
0.9375,0.4375,0.5,0.9863503125000002,0.425213375,0.480714375
0.9375,0.4375,0.5625,0.9827026250000002,0.4289948125,0.52326075
0.9375,0.4375,0.625,0.9790549375000002,0.43277625000000003,0.5658071250000001
0.9375,0.4375,0.6875,0.9754072500000002,0.4365576875,0.6083535
0.9375,0.4375,0.75,0.9717595625000002,0.440339125,0.6508998750000001
0.9375,0.4375,0.8125,0.9681118750000002,0.4441205625,0.69344625
0.9375,0.4375,0.875,0.9644641875000002,0.447902,0.735992625
0.9375,0.4375,0.9375,0.9608165000000002,0.4516834375,0.7785390000000001
0.9375,0.4375,1.0,0.9571688125000002,0.455464875,0.821085375
0.9375,0.5,0.0,1.0126172500000001,0.4556890625,0.16021349999999998
0.9375,0.5,0.0625,1.0089695625000001,0.4594705,0.20275987499999998
0.9375,0.5,0.125,1.0053218750000001,0.46325193750000004,0.24530625
0.9375,0.5,0.1875,1.0016741875000001,0.46703337500000003,0.287852625
0.9375,0.5,0.25,0.9980265000000001,0.4708148125,0.330399
0.9375,0.5,0.3125,0.9943788125000002,0.47459625,0.372945375
0.9375,0.5,0.375,0.9907311250000002,0.47837768750000004,0.41549175000000005
0.9375,0.5,0.4375,0.9870834375000002,0.482159125,0.45803812499999996
0.9375,0.5,0.5,0.9834357500000002,0.4859405625,0.5005845
0.9375,0.5,0.5625,0.9797880625000002,0.489722,0.543130875
0.9375,0.5,0.625,0.9761403750000002,0.49350343750000003,0.58567725
0.9375,0.5,0.6875,0.9724926875000002,0.497284875,0.6282236250000001
0.9375,0.5,0.75,0.9688450000000002,0.5010663125,0.6707700000000001
0.9375,0.5,0.8125,0.9651973125000002,0.50484775,0.7133163750000001
0.9375,0.5,0.875,0.9615496250000002,0.5086291875,0.75586275
0.9375,0.5,0.9375,0.9579019375000002,0.512410625,0.798409125
0.9375,0.5,1.0,0.9542542500000002,0.5161920625,0.8409555000000001
0.9375,0.5625,0.0,1.0097026875000001,0.51641625,0.18008362499999997
0.9375,0.5625,0.0625,1.0060550000000001,0.5201976875000001,0.22262999999999997
0.9375,0.5625,0.125,1.0024073125000001,0.523979125,0.26517637499999996
0.9375,0.5625,0.1875,0.9987596250000002,0.5277605625,0.30772275
0.9375,0.5625,0.25,0.9951119375000002,0.5315420000000001,0.35026912499999996
0.9375,0.5625,0.3125,0.9914642500000002,0.5353234375,0.3928155
0.9375,0.5625,0.375,0.9878165625000002,0.539104875,0.435361875
0.9375,0.5625,0.4375,0.9841688750000002,0.5428863125,0.47790825
0.9375,0.5625,0.5,0.9805211875000002,0.54666775,0.520454625
0.9375,0.5625,0.5625,0.9768735000000002,0.5504491875,0.5630010000000001
0.9375,0.5625,0.625,0.9732258125000002,0.554230625,0.605547375
0.9375,0.5625,0.6875,0.9695781250000002,0.5580120625,0.64809375
0.9375,0.5625,0.75,0.9659304375000002,0.5617935000000001,0.690640125
0.9375,0.5625,0.8125,0.9622827500000002,0.5655749375,0.7331865000000001
0.9375,0.5625,0.875,0.9586350625000002,0.569356375,0.775732875
0.9375,0.5625,0.9375,0.9549873750000002,0.5731378125,0.81827925
0.9375,0.5625,1.0,0.9513396875000002,0.57691925,0.860825625
0.9375,0.625,0.0,1.0067881250000001,0.5771434375000001,0.19995374999999996
0.9375,0.625,0.0625,1.0031404375000001,0.5809248750000001,0.24250012499999996
0.9375,0.625,0.125,0.9994927500000002,0.5847063125,0.2850465
0.9375,0.625,0.1875,0.9958450625000002,0.5884877500000001,0.327592875
0.9375,0.625,0.25,0.9921973750000002,0.5922691875000001,0.37013925
0.9375,0.625,0.3125,0.9885496875000002,0.5960506250000001,0.41268562499999994
0.9375,0.625,0.375,0.9849020000000002,0.5998320625000001,0.45523199999999997
0.9375,0.625,0.4375,0.9812543125000002,0.6036135,0.497778375
0.9375,0.625,0.5,0.9776066250000002,0.6073949375000001,0.54032475
0.9375,0.625,0.5625,0.9739589375000002,0.6111763750000001,0.582871125
0.9375,0.625,0.625,0.9703112500000002,0.6149578125,0.6254175
0.9375,0.625,0.6875,0.9666635625000002,0.6187392500000001,0.667963875
0.9375,0.625,0.75,0.9630158750000002,0.6225206875000001,0.71051025
0.9375,0.625,0.8125,0.9593681875000002,0.626302125,0.753056625
0.9375,0.625,0.875,0.9557205000000002,0.6300835625000001,0.795603
0.9375,0.625,0.9375,0.9520728125000002,0.6338650000000001,0.838149375
0.9375,0.625,1.0,0.9484251250000002,0.6376464375,0.88069575
0.9375,0.6875,0.0,1.0038735625000001,0.6378706250000001,0.21982387499999997
0.9375,0.6875,0.0625,1.0002258750000002,0.6416520625000002,0.26237024999999997
0.9375,0.6875,0.125,0.9965781875000002,0.6454335000000001,0.304916625
0.9375,0.6875,0.1875,0.9929305000000002,0.6492149375000001,0.34746299999999997
0.9375,0.6875,0.25,0.9892828125000002,0.6529963750000002,0.390009375
0.9375,0.6875,0.3125,0.9856351250000002,0.6567778125000001,0.43255575
0.9375,0.6875,0.375,0.9819874375000002,0.6605592500000002,0.47510212500000004
0.9375,0.6875,0.4375,0.9783397500000002,0.6643406875000001,0.5176485
0.9375,0.6875,0.5,0.9746920625000002,0.6681221250000001,0.560194875
0.9375,0.6875,0.5625,0.9710443750000002,0.6719035625000002,0.60274125
0.9375,0.6875,0.625,0.9673966875000002,0.6756850000000001,0.645287625
0.9375,0.6875,0.6875,0.9637490000000002,0.6794664375000001,0.6878340000000001
0.9375,0.6875,0.75,0.9601013125000002,0.6832478750000002,0.7303803750000001
0.9375,0.6875,0.8125,0.9564536250000002,0.6870293125000001,0.7729267500000001
0.9375,0.6875,0.875,0.9528059375000002,0.6908107500000001,0.815473125
0.9375,0.6875,0.9375,0.9491582500000002,0.6945921875000001,0.8580195
0.9375,0.6875,1.0,0.9455105625000002,0.6983736250000001,0.9005658750000001
0.9375,0.75,0.0,1.0009590000000002,0.6985978125000001,0.23969399999999996
0.9375,0.75,0.0625,0.9973113125000002,0.7023792500000001,0.282240375
0.9375,0.75,0.125,0.9936636250000002,0.7061606875,0.32478674999999996
0.9375,0.75,0.1875,0.9900159375000002,0.7099421250000001,0.367333125
0.9375,0.75,0.25,0.9863682500000002,0.7137235625000001,0.40987949999999995
0.9375,0.75,0.3125,0.9827205625000002,0.7175050000000001,0.452425875
0.9375,0.75,0.375,0.9790728750000002,0.7212864375000001,0.49497225
0.9375,0.75,0.4375,0.9754251875000002,0.725067875,0.5375186249999999
0.9375,0.75,0.5,0.9717775000000002,0.7288493125000001,0.580065
0.9375,0.75,0.5625,0.9681298125000002,0.7326307500000001,0.622611375
0.9375,0.75,0.625,0.9644821250000002,0.7364121875,0.66515775
0.9375,0.75,0.6875,0.9608344375000002,0.7401936250000001,0.707704125
0.9375,0.75,0.75,0.9571867500000002,0.7439750625000001,0.7502505
0.9375,0.75,0.8125,0.9535390625000002,0.7477565,0.7927968750000001
0.9375,0.75,0.875,0.9498913750000002,0.7515379375000001,0.83534325
0.9375,0.75,0.9375,0.9462436875000002,0.755319375,0.877889625
0.9375,0.75,1.0,0.9425960000000002,0.7591008125,0.920436
0.9375,0.8125,0.0,0.9980444375000002,0.759325,0.2595641249999999
0.9375,0.8125,0.0625,0.9943967500000002,0.7631064375000001,0.30211049999999995
0.9375,0.8125,0.125,0.9907490625000002,0.766887875,0.3446568749999999
0.9375,0.8125,0.1875,0.9871013750000002,0.7706693125,0.38720324999999994
0.9375,0.8125,0.25,0.9834536875000002,0.7744507500000001,0.4297496249999999
0.9375,0.8125,0.3125,0.9798060000000002,0.7782321875,0.47229599999999994
0.9375,0.8125,0.375,0.9761583125000002,0.782013625,0.514842375
0.9375,0.8125,0.4375,0.9725106250000002,0.7857950625,0.5573887499999999
0.9375,0.8125,0.5,0.9688629375000002,0.7895765,0.599935125
0.9375,0.8125,0.5625,0.9652152500000002,0.7933579375,0.6424814999999999
0.9375,0.8125,0.625,0.9615675625000002,0.797139375,0.685027875
0.9375,0.8125,0.6875,0.9579198750000002,0.8009208125,0.72757425
0.9375,0.8125,0.75,0.9542721875000002,0.8047022500000001,0.770120625
0.9375,0.8125,0.8125,0.9506245000000002,0.8084836875,0.812667
0.9375,0.8125,0.875,0.9469768125000002,0.812265125,0.8552133749999999
0.9375,0.8125,0.9375,0.9433291250000002,0.8160465625,0.89775975
0.9375,0.8125,1.0,0.9396814375000002,0.819828,0.940306125
0.9375,0.875,0.0,0.9951298750000002,0.8200521875000001,0.27943424999999994
0.9375,0.875,0.0625,0.9914821875000002,0.8238336250000001,0.32198062499999996
0.9375,0.875,0.125,0.9878345000000002,0.8276150625,0.36452699999999993
0.9375,0.875,0.1875,0.9841868125000002,0.8313965000000001,0.40707337499999996
0.9375,0.875,0.25,0.9805391250000002,0.8351779375000001,0.44961975
0.9375,0.875,0.3125,0.9768914375000002,0.8389593750000001,0.49216612499999995
0.9375,0.875,0.375,0.9732437500000002,0.8427408125000001,0.5347124999999999
0.9375,0.875,0.4375,0.9695960625000002,0.84652225,0.577258875
0.9375,0.875,0.5,0.9659483750000002,0.8503036875000001,0.61980525
0.9375,0.875,0.5625,0.9623006875000002,0.8540851250000001,0.662351625
0.9375,0.875,0.625,0.9586530000000002,0.8578665625,0.704898
0.9375,0.875,0.6875,0.9550053125000002,0.8616480000000001,0.7474443749999999
0.9375,0.875,0.75,0.9513576250000002,0.8654294375000001,0.7899907500000001
0.9375,0.875,0.8125,0.9477099375000002,0.869210875,0.832537125
0.9375,0.875,0.875,0.9440622500000002,0.8729923125000001,0.8750834999999999
0.9375,0.875,0.9375,0.9404145625000002,0.8767737500000001,0.917629875
0.9375,0.875,1.0,0.9367668750000002,0.8805551875000001,0.96017625
0.9375,0.9375,0.0,0.9922153125000002,0.8807793750000001,0.2993043749999999
0.9375,0.9375,0.0625,0.9885676250000002,0.8845608125000002,0.3418507499999999
0.9375,0.9375,0.125,0.9849199375000002,0.8883422500000001,0.3843971249999999
0.9375,0.9375,0.1875,0.9812722500000002,0.8921236875000002,0.4269434999999999
0.9375,0.9375,0.25,0.9776245625000002,0.8959051250000002,0.46948987499999995
0.9375,0.9375,0.3125,0.9739768750000002,0.8996865625000001,0.51203625
0.9375,0.9375,0.375,0.9703291875000002,0.9034680000000002,0.5545826249999999
0.9375,0.9375,0.4375,0.9666815000000002,0.9072494375000001,0.5971289999999999
0.9375,0.9375,0.5,0.9630338125000002,0.9110308750000001,0.6396753749999999
0.9375,0.9375,0.5625,0.9593861250000002,0.9148123125000002,0.68222175
0.9375,0.9375,0.625,0.9557384375000002,0.9185937500000001,0.724768125
0.9375,0.9375,0.6875,0.9520907500000002,0.9223751875000001,0.7673144999999999
0.9375,0.9375,0.75,0.9484430625000002,0.9261566250000002,0.809860875
0.9375,0.9375,0.8125,0.9447953750000002,0.9299380625000001,0.85240725
0.9375,0.9375,0.875,0.9411476875000002,0.9337195000000001,0.8949536249999999
0.9375,0.9375,0.9375,0.9375000000000002,0.9375009375000001,0.9375
0.9375,0.9375,1.0,0.9338523125000002,0.9412823750000001,0.9800463749999999
0.9375,1.0,0.0,0.9893007500000002,0.9415065625000001,0.3191744999999999
0.9375,1.0,0.0625,0.9856530625000002,0.9452880000000001,0.36172087499999994
0.9375,1.0,0.125,0.9820053750000002,0.9490694375000001,0.4042672499999999
0.9375,1.0,0.1875,0.9783576875000002,0.9528508750000001,0.44681362499999994
0.9375,1.0,0.25,0.9747100000000002,0.9566323125000001,0.4893599999999999
0.9375,1.0,0.3125,0.9710623125000002,0.9604137500000001,0.5319063749999999
0.9375,1.0,0.375,0.9674146250000002,0.9641951875000001,0.57445275
0.9375,1.0,0.4375,0.9637669375000002,0.967976625,0.616999125
0.9375,1.0,0.5,0.9601192500000002,0.9717580625000001,0.6595454999999999
0.9375,1.0,0.5625,0.9564715625000002,0.9755395000000001,0.702091875
0.9375,1.0,0.625,0.9528238750000002,0.9793209375,0.74463825
0.9375,1.0,0.6875,0.9491761875000002,0.9831023750000001,0.787184625
0.9375,1.0,0.75,0.9455285000000002,0.9868838125000001,0.829731
0.9375,1.0,0.8125,0.9418808125000002,0.99066525,0.872277375
0.9375,1.0,0.875,0.9382331250000002,0.9944466875000001,0.9148237499999999
0.9375,1.0,0.9375,0.9345854375000002,0.998228125,0.957370125
0.9375,1.0,1.0,0.9309377500000002,1.0020095625,0.9999165
1.0,0.0,0.0,1.104996,-0.03213699999999997,0.0013360000000000047
1.0,0.0,0.0625,1.1013483125,-0.028355562499999973,0.04388237500000001
1.0,0.0,0.125,1.097700625,-0.024574124999999974,0.08642875000000001
1.0,0.0,0.1875,1.0940529375,-0.020792687499999973,0.12897512500000002
1.0,0.0,0.25,1.09040525,-0.017011249999999974,0.17152150000000002
1.0,0.0,0.3125,1.0867575625,-0.013229812499999976,0.21406787500000002
1.0,0.0,0.375,1.083109875,-0.009448374999999974,0.25661425000000004
1.0,0.0,0.4375,1.0794621875000001,-0.005666937499999976,0.299160625
1.0,0.0,0.5,1.0758145000000001,-0.0018854999999999775,0.34170700000000004
1.0,0.0,0.5625,1.0721668125000001,0.0018959375000000209,0.38425337500000006
1.0,0.0,0.625,1.0685191250000001,0.005677375000000019,0.42679975000000003
1.0,0.0,0.6875,1.0648714375000001,0.009458812500000018,0.46934612500000006
1.0,0.0,0.75,1.0612237500000001,0.013240250000000023,0.5118925000000001
1.0,0.0,0.8125,1.0575760625000001,0.01702168750000002,0.5544388750000001
1.0,0.0,0.875,1.0539283750000001,0.02080312500000002,0.59698525
1.0,0.0,0.9375,1.0502806875000001,0.024584562500000018,0.639531625
1.0,0.0,1.0,1.0466330000000001,0.028366000000000016,0.6820780000000001
1.0,0.0625,0.0,1.1020814375,0.02859018750000003,0.021206125
1.0,0.0625,0.0625,1.09843375,0.03237162500000003,0.0637525
1.0,0.0625,0.125,1.0947860625,0.03615306250000003,0.10629887500000001
1.0,0.0625,0.1875,1.091138375,0.039934500000000026,0.14884525
1.0,0.0625,0.25,1.0874906875,0.043715937500000024,0.191391625
1.0,0.0625,0.3125,1.0838430000000001,0.04749737500000002,0.233938
1.0,0.0625,0.375,1.0801953125000001,0.05127881250000003,0.27648437500000006
1.0,0.0625,0.4375,1.0765476250000001,0.055060250000000026,0.31903075000000003
1.0,0.0625,0.5,1.0728999375000001,0.058841687500000024,0.36157712500000005
1.0,0.0625,0.5625,1.0692522500000001,0.06262312500000003,0.4041235000000001
1.0,0.0625,0.625,1.0656045625000001,0.06640456250000001,0.44666987500000005
1.0,0.0625,0.6875,1.0619568750000001,0.07018600000000003,0.4892162500000001
1.0,0.0625,0.75,1.0583091875000001,0.07396743750000002,0.531762625
1.0,0.0625,0.8125,1.0546615000000001,0.07774887500000002,0.5743090000000001
1.0,0.0625,0.875,1.0510138125000001,0.08153031250000002,0.616855375
1.0,0.0625,0.9375,1.0473661250000001,0.08531175000000002,0.65940175
1.0,0.0625,1.0,1.0437184375000002,0.08909318750000002,0.701948125
1.0,0.125,0.0,1.099166875,0.08931737500000003,0.041076249999999995
1.0,0.125,0.0625,1.0955191875,0.09309881250000003,0.083622625
1.0,0.125,0.125,1.0918715,0.09688025000000003,0.126169
1.0,0.125,0.1875,1.0882238125,0.10066168750000003,0.168715375
1.0,0.125,0.25,1.0845761250000001,0.10444312500000003,0.21126175000000003
1.0,0.125,0.3125,1.0809284375000001,0.10822456250000002,0.253808125
1.0,0.125,0.375,1.0772807500000001,0.11200600000000002,0.2963545
1.0,0.125,0.4375,1.0736330625000001,0.11578743750000003,0.338900875
1.0,0.125,0.5,1.0699853750000001,0.11956887500000002,0.38144725
1.0,0.125,0.5625,1.0663376875000001,0.12335031250000003,0.42399362500000004
1.0,0.125,0.625,1.0626900000000001,0.12713175000000002,0.46654
1.0,0.125,0.6875,1.0590423125000001,0.13091318750000003,0.5090863750000001
1.0,0.125,0.75,1.0553946250000001,0.134694625,0.5516327500000001
1.0,0.125,0.8125,1.0517469375000001,0.13847606250000002,0.5941791250000001
1.0,0.125,0.875,1.0480992500000001,0.14225750000000004,0.6367255
1.0,0.125,0.9375,1.0444515625000002,0.14603893750000002,0.6792718750000001
1.0,0.125,1.0,1.0408038750000002,0.149820375,0.7218182500000001
1.0,0.1875,0.0,1.0962523125,0.15004456250000003,0.06094637499999999
1.0,0.1875,0.0625,1.092604625,0.15382600000000005,0.10349275
1.0,0.1875,0.125,1.0889569375,0.15760743750000003,0.146039125
1.0,0.1875,0.1875,1.0853092500000001,0.16138887500000004,0.18858550000000002
1.0,0.1875,0.25,1.0816615625000001,0.16517031250000003,0.23113187500000001
1.0,0.1875,0.3125,1.0780138750000001,0.16895175000000004,0.27367825
1.0,0.1875,0.375,1.0743661875000001,0.17273318750000002,0.31622462500000004
1.0,0.1875,0.4375,1.0707185000000001,0.17651462500000004,0.358771
1.0,0.1875,0.5,1.0670708125000001,0.18029606250000002,0.40131737500000003
1.0,0.1875,0.5625,1.0634231250000001,0.18407750000000003,0.44386375000000006
1.0,0.1875,0.625,1.0597754375000001,0.18785893750000002,0.486410125
1.0,0.1875,0.6875,1.0561277500000001,0.19164037500000003,0.5289565
1.0,0.1875,0.75,1.0524800625000001,0.19542181250000001,0.5715028750000001
1.0,0.1875,0.8125,1.0488323750000001,0.19920325000000003,0.6140492500000001
1.0,0.1875,0.875,1.0451846875000002,0.20298468750000004,0.656595625
1.0,0.1875,0.9375,1.0415370000000002,0.20676612500000002,0.699142
1.0,0.1875,1.0,1.0378893125000002,0.2105475625,0.7416883750000001
1.0,0.25,0.0,1.09333775,0.21077175000000004,0.08081649999999999
1.0,0.25,0.0625,1.0896900625000001,0.21455318750000005,0.12336287499999998
1.0,0.25,0.125,1.0860423750000001,0.21833462500000003,0.16590925
1.0,0.25,0.1875,1.0823946875000001,0.22211606250000004,0.208455625
1.0,0.25,0.25,1.0787470000000001,0.22589750000000003,0.251002
1.0,0.25,0.3125,1.0750993125000001,0.22967893750000004,0.293548375
1.0,0.25,0.375,1.0714516250000001,0.23346037500000003,0.33609475
1.0,0.25,0.4375,1.0678039375000001,0.23724181250000004,0.378641125
1.0,0.25,0.5,1.0641562500000001,0.24102325000000002,0.42118750000000005
1.0,0.25,0.5625,1.0605085625000001,0.24480468750000003,0.4637338750000001
1.0,0.25,0.625,1.0568608750000001,0.24858612500000002,0.50628025
1.0,0.25,0.6875,1.0532131875000001,0.25236756250000003,0.548826625
1.0,0.25,0.75,1.0495655000000002,0.256149,0.591373
1.0,0.25,0.8125,1.0459178125000002,0.2599304375,0.6339193750000001
1.0,0.25,0.875,1.0422701250000002,0.26371187500000004,0.67646575
1.0,0.25,0.9375,1.0386224375000002,0.2674933125,0.719012125
1.0,0.25,1.0,1.0349747500000002,0.27127475,0.7615585
1.0,0.3125,0.0,1.0904231875000001,0.27149893750000004,0.10068662499999997
1.0,0.3125,0.0625,1.0867755000000001,0.275280375,0.14323299999999997
1.0,0.3125,0.125,1.0831278125000001,0.27906181250000006,0.18577937499999997
1.0,0.3125,0.1875,1.0794801250000001,0.28284325000000005,0.22832575
1.0,0.3125,0.25,1.0758324375000001,0.28662468750000003,0.270872125
1.0,0.3125,0.3125,1.0721847500000001,0.290406125,0.3134185
1.0,0.3125,0.375,1.0685370625000001,0.29418756250000005,0.355964875
1.0,0.3125,0.4375,1.0648893750000001,0.29796900000000004,0.39851125
1.0,0.3125,0.5,1.0612416875000001,0.3017504375,0.441057625
1.0,0.3125,0.5625,1.0575940000000001,0.305531875,0.48360400000000003
1.0,0.3125,0.625,1.0539463125000001,0.30931331250000005,0.5261503750000001
1.0,0.3125,0.6875,1.0502986250000002,0.31309475000000003,0.56869675
1.0,0.3125,0.75,1.0466509375000002,0.3168761875,0.6112431250000001
1.0,0.3125,0.8125,1.0430032500000002,0.32065762500000006,0.6537895
1.0,0.3125,0.875,1.0393555625000002,0.32443906250000004,0.6963358749999999
1.0,0.3125,0.9375,1.0357078750000002,0.3282205,0.7388822500000001
1.0,0.3125,1.0,1.0320601875000002,0.3320019375,0.781428625
1.0,0.375,0.0,1.0875086250000001,0.33222612500000004,0.12055674999999998
1.0,0.375,0.0625,1.0838609375000001,0.3360075625,0.163103125
1.0,0.375,0.125,1.0802132500000001,0.33978900000000006,0.20564949999999999
1.0,0.375,0.1875,1.0765655625000001,0.34357043750000005,0.248195875
1.0,0.375,0.25,1.0729178750000001,0.34735187500000003,0.29074225
1.0,0.375,0.3125,1.0692701875000001,0.3511333125,0.333288625
1.0,0.375,0.375,1.0656225000000001,0.35491475000000006,0.37583500000000003
1.0,0.375,0.4375,1.0619748125000001,0.35869618750000004,0.418381375
1.0,0.375,0.5,1.0583271250000001,0.362477625,0.46092775
1.0,0.375,0.5625,1.0546794375000001,0.3662590625,0.503474125
1.0,0.375,0.625,1.0510317500000002,0.37004050000000005,0.5460205
1.0,0.375,0.6875,1.0473840625000002,0.37382193750000003,0.588566875
1.0,0.375,0.75,1.0437363750000002,0.377603375,0.6311132500000001
1.0,0.375,0.8125,1.0400886875000002,0.3813848125,0.6736596250000001
1.0,0.375,0.875,1.0364410000000002,0.38516625000000004,0.716206
1.0,0.375,0.9375,1.0327933125000002,0.38894768750000003,0.758752375
1.0,0.375,1.0,1.0291456250000002,0.392729125,0.8012987500000001
1.0,0.4375,0.0,1.0845940625000001,0.39295331250000004,0.14042687499999998
1.0,0.4375,0.0625,1.0809463750000001,0.39673475,0.18297324999999998
1.0,0.4375,0.125,1.0772986875000001,0.40051618750000006,0.225519625
1.0,0.4375,0.1875,1.0736510000000001,0.40429762500000005,0.268066
1.0,0.4375,0.25,1.0700033125000001,0.40807906250000003,0.310612375
1.0,0.4375,0.3125,1.0663556250000001,0.4118605,0.35315874999999997
1.0,0.4375,0.375,1.0627079375000001,0.41564193750000006,0.395705125
1.0,0.4375,0.4375,1.0590602500000001,0.41942337500000004,0.4382515
1.0,0.4375,0.5,1.0554125625000002,0.4232048125,0.48079787500000004
1.0,0.4375,0.5625,1.0517648750000002,0.42698625,0.5233442500000001
1.0,0.4375,0.625,1.0481171875000002,0.43076768750000005,0.565890625
1.0,0.4375,0.6875,1.0444695000000002,0.43454912500000004,0.608437
1.0,0.4375,0.75,1.0408218125000002,0.4383305625,0.650983375
1.0,0.4375,0.8125,1.0371741250000002,0.44211200000000006,0.6935297500000001
1.0,0.4375,0.875,1.0335264375000002,0.44589343750000004,0.736076125
1.0,0.4375,0.9375,1.0298787500000002,0.44967487500000003,0.7786225
1.0,0.4375,1.0,1.0262310625000002,0.4534563125,0.821168875
1.0,0.5,0.0,1.0816795000000001,0.45368050000000004,0.16029699999999997
1.0,0.5,0.0625,1.0780318125000001,0.4574619375,0.20284337499999996
1.0,0.5,0.125,1.0743841250000001,0.46124337500000007,0.24538974999999996
1.0,0.5,0.1875,1.0707364375000001,0.46502481250000005,0.287936125
1.0,0.5,0.25,1.0670887500000001,0.46880625000000004,0.3304825
1.0,0.5,0.3125,1.0634410625000001,0.4725876875,0.373028875
1.0,0.5,0.375,1.0597933750000001,0.47636912500000006,0.41557525
1.0,0.5,0.4375,1.0561456875000002,0.48015056250000004,0.458121625
1.0,0.5,0.5,1.0524980000000002,0.48393200000000003,0.500668
1.0,0.5,0.5625,1.0488503125000002,0.4877134375,0.543214375
1.0,0.5,0.625,1.0452026250000002,0.49149487500000005,0.5857607499999999
1.0,0.5,0.6875,1.0415549375000002,0.49527631250000004,0.6283071250000001
1.0,0.5,0.75,1.0379072500000002,0.49905775,0.6708535
1.0,0.5,0.8125,1.0342595625000002,0.5028391875,0.7133998750000001
1.0,0.5,0.875,1.0306118750000002,0.506620625,0.75594625
1.0,0.5,0.9375,1.0269641875000002,0.5104020625000001,0.798492625
1.0,0.5,1.0,1.0233165000000002,0.5141835,0.8410390000000001
1.0,0.5625,0.0,1.0787649375000001,0.5144076875,0.18016712499999996
1.0,0.5625,0.0625,1.0751172500000001,0.518189125,0.22271349999999995
1.0,0.5625,0.125,1.0714695625000001,0.5219705625,0.265259875
1.0,0.5625,0.1875,1.0678218750000001,0.525752,0.30780624999999995
1.0,0.5625,0.25,1.0641741875000001,0.5295334375,0.350352625
1.0,0.5625,0.3125,1.0605265000000001,0.533314875,0.392899
1.0,0.5625,0.375,1.0568788125000002,0.5370963125,0.435445375
1.0,0.5625,0.4375,1.0532311250000002,0.5408777499999999,0.47799174999999994
1.0,0.5625,0.5,1.0495834375000002,0.5446591875,0.520538125
1.0,0.5625,0.5625,1.0459357500000002,0.548440625,0.5630845
1.0,0.5625,0.625,1.0422880625000002,0.5522220624999999,0.605630875
1.0,0.5625,0.6875,1.0386403750000002,0.5560035,0.64817725
1.0,0.5625,0.75,1.0349926875000002,0.5597849375,0.6907236250000001
1.0,0.5625,0.8125,1.0313450000000002,0.563566375,0.7332700000000001
1.0,0.5625,0.875,1.0276973125000002,0.5673478125,0.775816375
1.0,0.5625,0.9375,1.0240496250000002,0.57112925,0.81836275
1.0,0.5625,1.0,1.0204019375000002,0.5749106875,0.860909125
1.0,0.625,0.0,1.0758503750000001,0.575134875,0.20003724999999994
1.0,0.625,0.0625,1.0722026875000001,0.5789163125000001,0.24258362499999994
1.0,0.625,0.125,1.0685550000000001,0.58269775,0.28512999999999994
1.0,0.625,0.1875,1.0649073125000001,0.5864791875,0.32767637499999996
1.0,0.625,0.25,1.0612596250000002,0.5902606250000001,0.37022274999999993
1.0,0.625,0.3125,1.0576119375000002,0.5940420625,0.41276912499999996
1.0,0.625,0.375,1.0539642500000002,0.5978235000000001,0.4553155
1.0,0.625,0.4375,1.0503165625000002,0.6016049375,0.49786187499999995
1.0,0.625,0.5,1.0466688750000002,0.605386375,0.54040825
1.0,0.625,0.5625,1.0430211875000002,0.6091678125000001,0.582954625
1.0,0.625,0.625,1.0393735000000002,0.61294925,0.625501
1.0,0.625,0.6875,1.0357258125000002,0.6167306875,0.668047375
1.0,0.625,0.75,1.0320781250000002,0.6205121250000001,0.71059375
1.0,0.625,0.8125,1.0284304375000002,0.6242935625,0.753140125
1.0,0.625,0.875,1.0247827500000002,0.628075,0.7956865
1.0,0.625,0.9375,1.0211350625000002,0.6318564375,0.838232875
1.0,0.625,1.0,1.0174873750000002,0.635637875,0.88077925
1.0,0.6875,0.0,1.0729358125000001,0.6358620625000001,0.21990737499999996
1.0,0.6875,0.0625,1.0692881250000001,0.6396435000000001,0.26245375
1.0,0.6875,0.125,1.0656404375000001,0.6434249375000001,0.30500012499999996
1.0,0.6875,0.1875,1.0619927500000002,0.6472063750000001,0.3475465
1.0,0.6875,0.25,1.0583450625000002,0.6509878125000002,0.390092875
1.0,0.6875,0.3125,1.0546973750000002,0.6547692500000001,0.43263925
1.0,0.6875,0.375,1.0510496875000002,0.6585506875000001,0.475185625
1.0,0.6875,0.4375,1.0474020000000002,0.662332125,0.517732
1.0,0.6875,0.5,1.0437543125000002,0.6661135625000001,0.560278375
1.0,0.6875,0.5625,1.0401066250000002,0.6698950000000001,0.60282475
1.0,0.6875,0.625,1.0364589375000002,0.6736764375000001,0.645371125
1.0,0.6875,0.6875,1.0328112500000002,0.6774578750000001,0.6879175
1.0,0.6875,0.75,1.0291635625000002,0.6812393125000001,0.7304638750000001
1.0,0.6875,0.8125,1.0255158750000002,0.6850207500000001,0.77301025
1.0,0.6875,0.875,1.0218681875000002,0.6888021875000001,0.8155566249999999
1.0,0.6875,0.9375,1.0182205000000002,0.6925836250000001,0.8581030000000001
1.0,0.6875,1.0,1.0145728125000002,0.6963650625000001,0.900649375
1.0,0.75,0.0,1.0700212500000001,0.69658925,0.23977749999999995
1.0,0.75,0.0625,1.0663735625000001,0.7003706875000001,0.28232387499999995
1.0,0.75,0.125,1.0627258750000002,0.704152125,0.32487024999999997
1.0,0.75,0.1875,1.0590781875000002,0.7079335625000001,0.36741662499999994
1.0,0.75,0.25,1.0554305000000002,0.7117150000000001,0.40996299999999997
1.0,0.75,0.3125,1.0517828125000002,0.7154964375,0.452509375
1.0,0.75,0.375,1.0481351250000002,0.7192778750000001,0.49505575
1.0,0.75,0.4375,1.0444874375000002,0.7230593125,0.5376021249999999
1.0,0.75,0.5,1.0408397500000002,0.72684075,0.5801485
1.0,0.75,0.5625,1.0371920625000002,0.7306221875000001,0.622694875
1.0,0.75,0.625,1.0335443750000002,0.734403625,0.66524125
1.0,0.75,0.6875,1.0298966875000002,0.7381850625,0.707787625
1.0,0.75,0.75,1.0262490000000002,0.7419665000000001,0.7503340000000001
1.0,0.75,0.8125,1.0226013125000002,0.7457479375,0.7928803750000001
1.0,0.75,0.875,1.0189536250000002,0.749529375,0.83542675
1.0,0.75,0.9375,1.0153059375000002,0.7533108125000001,0.877973125
1.0,0.75,1.0,1.0116582500000002,0.75709225,0.9205195
1.0,0.8125,0.0,1.0671066875000002,0.7573164375,0.25964762499999994
1.0,0.8125,0.0625,1.0634590000000002,0.761097875,0.30219399999999996
1.0,0.8125,0.125,1.0598113125000002,0.7648793125,0.34474037499999993
1.0,0.8125,0.1875,1.0561636250000002,0.76866075,0.38728674999999996
1.0,0.8125,0.25,1.0525159375000002,0.7724421875,0.4298331249999999
1.0,0.8125,0.3125,1.0488682500000002,0.776223625,0.47237949999999995
1.0,0.8125,0.375,1.0452205625000002,0.7800050625,0.514925875
1.0,0.8125,0.4375,1.0415728750000002,0.7837864999999999,0.55747225
1.0,0.8125,0.5,1.0379251875000002,0.7875679375,0.6000186249999999
1.0,0.8125,0.5625,1.0342775000000002,0.791349375,0.642565
1.0,0.8125,0.625,1.0306298125000002,0.7951308125,0.685111375
1.0,0.8125,0.6875,1.0269821250000002,0.79891225,0.72765775
1.0,0.8125,0.75,1.0233344375000002,0.8026936875,0.770204125
1.0,0.8125,0.8125,1.0196867500000002,0.806475125,0.8127505
1.0,0.8125,0.875,1.0160390625000002,0.8102565625,0.855296875
1.0,0.8125,0.9375,1.0123913750000002,0.814038,0.89784325
1.0,0.8125,1.0,1.0087436875000002,0.8178194375,0.940389625
1.0,0.875,0.0,1.0641921250000002,0.818043625,0.27951774999999995
1.0,0.875,0.0625,1.0605444375000002,0.8218250625000001,0.322064125
1.0,0.875,0.125,1.0568967500000002,0.8256065,0.36461049999999995
1.0,0.875,0.1875,1.0532490625000002,0.8293879375000001,0.407156875
1.0,0.875,0.25,1.0496013750000002,0.8331693750000001,0.44970325
1.0,0.875,0.3125,1.0459536875000002,0.8369508125,0.49224962499999997
1.0,0.875,0.375,1.0423060000000002,0.8407322500000001,0.534796
1.0,0.875,0.4375,1.0386583125000002,0.8445136875,0.577342375
1.0,0.875,0.5,1.0350106250000002,0.848295125,0.61988875
1.0,0.875,0.5625,1.0313629375000002,0.8520765625000001,0.662435125
1.0,0.875,0.625,1.0277152500000002,0.855858,0.7049814999999999
1.0,0.875,0.6875,1.0240675625000002,0.8596394375,0.7475278750000001
1.0,0.875,0.75,1.0204198750000002,0.8634208750000001,0.79007425
1.0,0.875,0.8125,1.0167721875000002,0.8672023125,0.8326206250000001
1.0,0.875,0.875,1.0131245000000002,0.8709837500000001,0.875167
1.0,0.875,0.9375,1.0094768125000002,0.8747651875,0.9177133749999999
1.0,0.875,1.0,1.0058291250000002,0.878546625,0.9602597500000001
1.0,0.9375,0.0,1.0612775625000002,0.8787708125000001,0.2993878749999999
1.0,0.9375,0.0625,1.0576298750000002,0.8825522500000001,0.34193424999999994
1.0,0.9375,0.125,1.0539821875000002,0.8863336875000001,0.3844806249999999
1.0,0.9375,0.1875,1.0503345000000002,0.8901151250000001,0.42702699999999993
1.0,0.9375,0.25,1.0466868125000002,0.8938965625000002,0.46957337499999996
1.0,0.9375,0.3125,1.0430391250000002,0.8976780000000001,0.5121197499999999
1.0,0.9375,0.375,1.0393914375000002,0.9014594375000001,0.554666125
1.0,0.9375,0.4375,1.0357437500000002,0.9052408750000001,0.5972124999999999
1.0,0.9375,0.5,1.0320960625000002,0.9090223125000001,0.639758875
1.0,0.9375,0.5625,1.0284483750000002,0.9128037500000001,0.68230525
1.0,0.9375,0.625,1.0248006875000002,0.9165851875000001,0.7248516249999999
1.0,0.9375,0.6875,1.0211530000000002,0.9203666250000001,0.767398
1.0,0.9375,0.75,1.0175053125000002,0.9241480625000001,0.8099443749999999
1.0,0.9375,0.8125,1.0138576250000002,0.9279295000000001,0.8524907500000001
1.0,0.9375,0.875,1.0102099375000002,0.9317109375000001,0.895037125
1.0,0.9375,0.9375,1.0065622500000002,0.9354923750000002,0.9375834999999999
1.0,0.9375,1.0,1.0029145625000002,0.9392738125000001,0.980129875
1.0,1.0,0.0,1.0583630000000002,0.939498,0.31925799999999993
1.0,1.0,0.0625,1.0547153125000002,0.9432794375000001,0.36180437499999996
1.0,1.0,0.125,1.0510676250000002,0.947060875,0.4043507499999999
1.0,1.0,0.1875,1.0474199375000002,0.9508423125000001,0.44689712499999995
1.0,1.0,0.25,1.0437722500000002,0.9546237500000001,0.4894434999999999
1.0,1.0,0.3125,1.0401245625000002,0.9584051875,0.531989875
1.0,1.0,0.375,1.0364768750000002,0.9621866250000001,0.57453625
1.0,1.0,0.4375,1.0328291875000002,0.9659680625,0.6170826249999999
1.0,1.0,0.5,1.0291815000000002,0.9697495,0.659629
1.0,1.0,0.5625,1.0255338125000002,0.9735309375000001,0.7021753749999999
1.0,1.0,0.625,1.0218861250000002,0.977312375,0.74472175
1.0,1.0,0.6875,1.0182384375000002,0.9810938125,0.787268125
1.0,1.0,0.75,1.0145907500000002,0.9848752500000001,0.8298145
1.0,1.0,0.8125,1.0109430625000002,0.9886566875,0.872360875
1.0,1.0,0.875,1.0072953750000002,0.9924381250000001,0.91490725
1.0,1.0,0.9375,1.0036476875000002,0.9962195625000001,0.957453625
1.0,1.0,1.0,1.0000000000000002,1.0000010000000001,1.0
