R,G,B,R_out,G_out,B_out
0.0,0.0,0.0,0.0,0.0,0.0
0.0,0.0,0.0625,-0.001815625,0.0015376875,0.055141625
0.0,0.0,0.125,-0.00363125,0.003075375,0.11028325
0.0,0.0,0.1875,-0.005446875,0.0046130625,0.165424875
0.0,0.0,0.25,-0.0072625,0.00615075,0.2205665
0.0,0.0,0.3125,-0.009078125,0.0076884375,0.27570812499999997
0.0,0.0,0.375,-0.01089375,0.009226125,0.33084975
0.0,0.0,0.4375,-0.012709375,0.0107638125,0.385991375
0.0,0.0,0.5,-0.014525,0.0123015,0.441133
0.0,0.0,0.5625,-0.016340625,0.013839187499999999,0.49627462499999997
0.0,0.0,0.625,-0.01815625,0.015376875,0.5514162499999999
0.0,0.0,0.6875,-0.019971875,0.0169145625,0.606557875
0.0,0.0,0.75,-0.0217875,0.01845225,0.6616995
0.0,0.0,0.8125,-0.023603125,0.0199899375,0.716841125
0.0,0.0,0.875,-0.02541875,0.021527625,0.77198275
0.0,0.0,0.9375,-0.027234374999999998,0.0230653125,0.827124375
0.0,0.0,1.0,-0.02905,0.024603,0.882266
0.0,0.0625,0.0,0.008333125,0.0590875,0.0065441875
0.0,0.0625,0.0625,0.006517500000000001,0.060625187500000004,0.0616858125
0.0,0.0625,0.125,0.004701875,0.062162875,0.11682743749999999
0.0,0.0625,0.1875,0.00288625,0.0637005625,0.1719690625
0.0,0.0625,0.25,0.0010706250000000004,0.06523825,0.2271106875
0.0,0.0625,0.3125,-0.0007449999999999991,0.06677593750000001,0.2822523125
0.0,0.0625,0.375,-0.0025606250000000004,0.068313625,0.3373939375
0.0,0.0625,0.4375,-0.00437625,0.0698513125,0.39253556250000005
0.0,0.0625,0.5,-0.0061918749999999995,0.07138900000000001,0.4476771875
0.0,0.0625,0.5625,-0.0080075,0.0729266875,0.5028188124999999
0.0,0.0625,0.625,-0.009823124999999999,0.074464375,0.5579604374999999
0.0,0.0625,0.6875,-0.01163875,0.0760020625,0.6131020625
0.0,0.0625,0.75,-0.013454375000000001,0.07753975,0.6682436875
0.0,0.0625,0.8125,-0.015269999999999999,0.0790774375,0.7233853124999999
0.0,0.0625,0.875,-0.017085625,0.08061512500000001,0.7785269375
0.0,0.0625,0.9375,-0.018901249999999998,0.0821528125,0.8336685625
0.0,0.0625,1.0,-0.020716875,0.0836905,0.8888101875
0.0,0.125,0.0,0.01666625,0.118175,0.013088375
0.0,0.125,0.0625,0.014850625000000001,0.1197126875,0.06823
0.0,0.125,0.125,0.013035000000000001,0.12125037500000001,0.123371625
0.0,0.125,0.1875,0.011219375,0.1227880625,0.17851325
0.0,0.125,0.25,0.00940375,0.12432575,0.23365487499999998
0.0,0.125,0.3125,0.007588125000000001,0.1258634375,0.28879649999999996
0.0,0.125,0.375,0.0057725,0.127401125,0.343938125
0.0,0.125,0.4375,0.003956875,0.1289388125,0.39907975
0.0,0.125,0.5,0.002141250000000001,0.1304765,0.454221375
0.0,0.125,0.5625,0.0003256249999999995,0.1320141875,0.509363
0.0,0.125,0.625,-0.0014899999999999983,0.13355187500000001,0.564504625
0.0,0.125,0.6875,-0.0033056249999999995,0.1350895625,0.6196462500000001
0.0,0.125,0.75,-0.005121250000000001,0.13662725,0.674787875
0.0,0.125,0.8125,-0.006936874999999999,0.1381649375,0.7299295
0.0,0.125,0.875,-0.0087525,0.139702625,0.7850711250000001
0.0,0.125,0.9375,-0.010568124999999998,0.1412403125,0.8402127500000001
0.0,0.125,1.0,-0.012383749999999999,0.14277800000000002,0.895354375
0.0,0.1875,0.0,0.024999375,0.1772625,0.0196325625
0.0,0.1875,0.0625,0.02318375,0.17880018749999999,0.0747741875
0.0,0.1875,0.125,0.021368125,0.18033787499999998,0.1299158125
0.0,0.1875,0.1875,0.0195525,0.18187556249999998,0.1850574375
0.0,0.1875,0.25,0.017736875,0.18341325,0.2401990625
0.0,0.1875,0.3125,0.01592125,0.1849509375,0.2953406875
0.0,0.1875,0.375,0.014105625,0.186488625,0.3504823125
0.0,0.1875,0.4375,0.01229,0.1880263125,0.40562393750000003
0.0,0.1875,0.5,0.010474375000000001,0.18956399999999998,0.4607655625
0.0,0.1875,0.5625,0.00865875,0.19110168749999998,0.5159071875
0.0,0.1875,0.625,0.006843125000000002,0.192639375,0.5710488125
0.0,0.1875,0.6875,0.005027500000000001,0.1941770625,0.6261904375
0.0,0.1875,0.75,0.0032118749999999995,0.19571475,0.6813320625
0.0,0.1875,0.8125,0.0013962500000000017,0.1972524375,0.7364736875
0.0,0.1875,0.875,-0.0004193749999999996,0.19879012499999998,0.7916153125000001
0.0,0.1875,0.9375,-0.0022349999999999974,0.20032781249999998,0.8467569375
0.0,0.1875,1.0,-0.004050624999999999,0.20186549999999998,0.9018985625
0.0,0.25,0.0,0.0333325,0.23635,0.02617675
0.0,0.25,0.0625,0.031516875,0.2378876875,0.081318375
0.0,0.25,0.125,0.029701250000000002,0.239425375,0.13646
0.0,0.25,0.1875,0.027885625,0.2409630625,0.191601625
0.0,0.25,0.25,0.026070000000000003,0.24250075000000001,0.24674325
0.0,0.25,0.3125,0.024254375,0.2440384375,0.30188487499999994
0.0,0.25,0.375,0.02243875,0.245576125,0.3570265
0.0,0.25,0.4375,0.020623125,0.2471138125,0.412168125
0.0,0.25,0.5,0.0188075,0.2486515,0.46730974999999997
0.0,0.25,0.5625,0.016991875,0.2501891875,0.5224513749999999
0.0,0.25,0.625,0.015176250000000002,0.251726875,0.5775929999999999
0.0,0.25,0.6875,0.013360625000000001,0.2532645625,0.632734625
0.0,0.25,0.75,0.011545,0.25480225,0.68787625
0.0,0.25,0.8125,0.009729375000000002,0.2563399375,0.7430178749999999
0.0,0.25,0.875,0.00791375,0.257877625,0.7981595
0.0,0.25,0.9375,0.006098125000000003,0.2594153125,0.853301125
0.0,0.25,1.0,0.004282500000000002,0.260953,0.90844275
0.0,0.3125,0.0,0.041665625,0.2954375,0.0327209375
0.0,0.3125,0.0625,0.03985,0.2969751875,0.08786256249999999
0.0,0.3125,0.125,0.038034374999999995,0.298512875,0.1430041875
0.0,0.3125,0.1875,0.036218749999999994,0.3000505625,0.1981458125
0.0,0.3125,0.25,0.034403125,0.30158825,0.2532874375
0.0,0.3125,0.3125,0.0325875,0.3031259375,0.30842906249999996
0.0,0.3125,0.375,0.030771874999999997,0.304663625,0.3635706875
0.0,0.3125,0.4375,0.028956249999999996,0.30620131250000004,0.4187123125
0.0,0.3125,0.5,0.027140624999999998,0.30773900000000004,0.4738539375
0.0,0.3125,0.5625,0.025324999999999997,0.30927668750000004,0.5289955625
0.0,0.3125,0.625,0.023509375,0.31081437500000003,0.5841371875
0.0,0.3125,0.6875,0.021693749999999998,0.3123520625,0.6392788125000001
0.0,0.3125,0.75,0.019878124999999996,0.31388975,0.6944204375
0.0,0.3125,0.8125,0.0180625,0.3154274375,0.7495620625
0.0,0.3125,0.875,0.016246874999999997,0.316965125,0.8047036875000001
0.0,0.3125,0.9375,0.01443125,0.3185028125,0.8598453125000001
0.0,0.3125,1.0,0.012615624999999998,0.3200405,0.9149869375
0.0,0.375,0.0,0.04999875,0.354525,0.039265125
0.0,0.375,0.0625,0.048183125,0.3560626875,0.09440675
0.0,0.375,0.125,0.0463675,0.35760037499999997,0.149548375
0.0,0.375,0.1875,0.044551875000000005,0.35913806249999997,0.20468999999999998
0.0,0.375,0.25,0.04273625,0.36067574999999996,0.259831625
0.0,0.375,0.3125,0.040920625,0.36221343749999996,0.31497325
0.0,0.375,0.375,0.039105,0.36375112499999995,0.370114875
0.0,0.375,0.4375,0.037289375,0.3652888125,0.42525650000000004
0.0,0.375,0.5,0.03547375,0.3668265,0.480398125
0.0,0.375,0.5625,0.033658125,0.3683641875,0.53553975
0.0,0.375,0.625,0.0318425,0.369901875,0.590681375
0.0,0.375,0.6875,0.030026875,0.3714395625,0.645823
0.0,0.375,0.75,0.02821125,0.37297725,0.700964625
0.0,0.375,0.8125,0.026395625000000002,0.3745149375,0.75610625
0.0,0.375,0.875,0.02458,0.376052625,0.8112478750000001
0.0,0.375,0.9375,0.022764375000000003,0.37759031249999997,0.8663895
0.0,0.375,1.0,0.020948750000000002,0.37912799999999997,0.921531125
0.0,0.4375,0.0,0.058331875000000005,0.4136125,0.0458093125
0.0,0.4375,0.0625,0.056516250000000004,0.4151501875,0.1009509375
0.0,0.4375,0.125,0.054700625,0.416687875,0.1560925625
0.0,0.4375,0.1875,0.052885,0.4182255625,0.2112341875
0.0,0.4375,0.25,0.05106937500000001,0.41976325,0.2663758125
0.0,0.4375,0.3125,0.049253750000000006,0.4213009375,0.32151743749999995
0.0,0.4375,0.375,0.047438125000000005,0.42283862499999997,0.3766590625
0.0,0.4375,0.4375,0.0456225,0.4243763125,0.4318006875
0.0,0.4375,0.5,0.04380687500000001,0.425914,0.4869423125
0.0,0.4375,0.5625,0.04199125000000001,0.4274516875,0.5420839375
0.0,0.4375,0.625,0.040175625000000006,0.428989375,0.5972255624999999
0.0,0.4375,0.6875,0.038360000000000005,0.4305270625,0.6523671875
0.0,0.4375,0.75,0.036544375000000004,0.43206475,0.7075088125
0.0,0.4375,0.8125,0.03472875,0.4336024375,0.7626504375
0.0,0.4375,0.875,0.032913125,0.435140125,0.8177920625
0.0,0.4375,0.9375,0.031097500000000007,0.4366778125,0.8729336875
0.0,0.4375,1.0,0.029281875000000006,0.4382155,0.9280753125
0.0,0.5,0.0,0.066665,0.4727,0.0523535
0.0,0.5,0.0625,0.064849375,0.4742376875,0.107495125
0.0,0.5,0.125,0.06303375,0.475775375,0.16263675
0.0,0.5,0.1875,0.061218125,0.4773130625,0.217778375
0.0,0.5,0.25,0.059402500000000004,0.47885075,0.27292
0.0,0.5,0.3125,0.057586875,0.4803884375,0.32806162499999997
0.0,0.5,0.375,0.05577125,0.481926125,0.38320325
0.0,0.5,0.4375,0.053955625,0.48346381250000003,0.438344875
0.0,0.5,0.5,0.052140000000000006,0.48500150000000003,0.4934865
0.0,0.5,0.5625,0.050324375000000005,0.4865391875,0.548628125
0.0,0.5,0.625,0.04850875,0.488076875,0.6037697499999999
0.0,0.5,0.6875,0.046693125,0.4896145625,0.658911375
0.0,0.5,0.75,0.0448775,0.49115225,0.714053
0.0,0.5,0.8125,0.043061875,0.4926899375,0.7691946249999999
0.0,0.5,0.875,0.04124625,0.494227625,0.82433625
0.0,0.5,0.9375,0.039430625000000004,0.4957653125,0.8794778750000001
0.0,0.5,1.0,0.037615,0.497303,0.9346194999999999
0.0,0.5625,0.0,0.074998125,0.5317875,0.0588976875
0.0,0.5625,0.0625,0.0731825,0.5333251875,0.11403931249999999
0.0,0.5625,0.125,0.071366875,0.534862875,0.1691809375
0.0,0.5625,0.1875,0.06955125,0.5364005625,0.2243225625
0.0,0.5625,0.25,0.067735625,0.53793825,0.2794641875
0.0,0.5625,0.3125,0.06592,0.5394759375,0.3346058125
0.0,0.5625,0.375,0.06410437499999999,0.5410136249999999,0.3897474375
0.0,0.5625,0.4375,0.06228875,0.5425513125,0.44488906250000004
0.0,0.5625,0.5,0.060473125,0.5440889999999999,0.5000306875
0.0,0.5625,0.5625,0.0586575,0.5456266875,0.5551723125
0.0,0.5625,0.625,0.056841875,0.5471643749999999,0.6103139375
0.0,0.5625,0.6875,0.05502625,0.5487020625,0.6654555625
0.0,0.5625,0.75,0.053210625,0.5502397499999999,0.7205971875
0.0,0.5625,0.8125,0.051394999999999996,0.5517774375,0.7757388125
0.0,0.5625,0.875,0.049579374999999995,0.553315125,0.8308804375000001
0.0,0.5625,0.9375,0.04776375,0.5548528125,0.8860220625
0.0,0.5625,1.0,0.045948125,0.5563905,0.9411636875
0.0,0.625,0.0,0.08333125,0.590875,0.065441875
0.0,0.625,0.0625,0.081515625,0.5924126875000001,0.1205835
0.0,0.625,0.125,0.0797,0.593950375,0.17572512499999998
0.0,0.625,0.1875,0.07788437499999999,0.5954880625000001,0.23086675
0.0,0.625,0.25,0.07606874999999999,0.59702575,0.286008375
0.0,0.625,0.3125,0.074253125,0.5985634375000001,0.34114999999999995
0.0,0.625,0.375,0.07243749999999999,0.600101125,0.396291625
0.0,0.625,0.4375,0.070621875,0.6016388125000001,0.45143325
0.0,0.625,0.5,0.06880625,0.6031765,0.506574875
0.0,0.625,0.5625,0.066990625,0.6047141875,0.5617165
0.0,0.625,0.625,0.065175,0.606251875,0.6168581249999999
0.0,0.625,0.6875,0.063359375,0.6077895625,0.67199975
0.0,0.625,0.75,0.061543749999999994,0.60932725,0.727141375
0.0,0.625,0.8125,0.05972812499999999,0.6108649375,0.782283
0.0,0.625,0.875,0.05791249999999999,0.6124026250000001,0.837424625
0.0,0.625,0.9375,0.056096875,0.6139403125,0.89256625
0.0,0.625,1.0,0.054281249999999996,0.6154780000000001,0.947707875
0.0,0.6875,0.0,0.091664375,0.6499625,0.0719860625
0.0,0.6875,0.0625,0.08984875,0.6515001875,0.1271276875
0.0,0.6875,0.125,0.088033125,0.653037875,0.1822693125
0.0,0.6875,0.1875,0.0862175,0.6545755625,0.2374109375
0.0,0.6875,0.25,0.084401875,0.65611325,0.2925525625
0.0,0.6875,0.3125,0.08258625,0.6576509375,0.3476941875
0.0,0.6875,0.375,0.08077062500000001,0.659188625,0.4028358125
0.0,0.6875,0.4375,0.07895500000000001,0.6607263125,0.45797743750000003
0.0,0.6875,0.5,0.07713937500000001,0.662264,0.5131190625
0.0,0.6875,0.5625,0.07532375000000001,0.6638016875,0.5682606875
0.0,0.6875,0.625,0.07350812500000001,0.665339375,0.6234023124999999
0.0,0.6875,0.6875,0.0716925,0.6668770625,0.6785439375
0.0,0.6875,0.75,0.069876875,0.66841475,0.7336855625
0.0,0.6875,0.8125,0.06806125,0.6699524375,0.7888271874999999
0.0,0.6875,0.875,0.066245625,0.671490125,0.8439688125
0.0,0.6875,0.9375,0.06443000000000002,0.6730278125,0.8991104375000001
0.0,0.6875,1.0,0.062614375,0.6745655,0.9542520624999999
0.0,0.75,0.0,0.0999975,0.70905,0.07853025
0.0,0.75,0.0625,0.098181875,0.7105876875,0.133671875
0.0,0.75,0.125,0.09636625,0.712125375,0.1888135
0.0,0.75,0.1875,0.094550625,0.7136630625,0.243955125
0.0,0.75,0.25,0.092735,0.7152007499999999,0.29909675
0.0,0.75,0.3125,0.090919375,0.7167384375,0.354238375
0.0,0.75,0.375,0.08910375000000001,0.7182761249999999,0.40937999999999997
0.0,0.75,0.4375,0.08728812500000001,0.7198138125,0.46452162500000005
0.0,0.75,0.5,0.0854725,0.7213514999999999,0.51966325
0.0,0.75,0.5625,0.083656875,0.7228891875,0.574804875
0.0,0.75,0.625,0.08184125,0.7244268749999999,0.6299465
0.0,0.75,0.6875,0.080025625,0.7259645625,0.685088125
0.0,0.75,0.75,0.07821,0.7275022499999999,0.74022975
0.0,0.75,0.8125,0.076394375,0.7290399375,0.795371375
0.0,0.75,0.875,0.07457875,0.730577625,0.8505130000000001
0.0,0.75,0.9375,0.07276312500000001,0.7321153125,0.905654625
0.0,0.75,1.0,0.0709475,0.733653,0.96079625
0.0,0.8125,0.0,0.108330625,0.7681375,0.08507443749999999
0.0,0.8125,0.0625,0.106515,0.7696751875000001,0.1402160625
0.0,0.8125,0.125,0.104699375,0.771212875,0.1953576875
0.0,0.8125,0.1875,0.10288375,0.7727505625000001,0.2504993125
0.0,0.8125,0.25,0.101068125,0.77428825,0.3056409375
0.0,0.8125,0.3125,0.0992525,0.7758259375000001,0.36078256249999996
0.0,0.8125,0.375,0.097436875,0.777363625,0.4159241875
0.0,0.8125,0.4375,0.09562125,0.7789013125,0.4710658125
0.0,0.8125,0.5,0.093805625,0.780439,0.5262074375
0.0,0.8125,0.5625,0.09199,0.7819766875,0.5813490625
0.0,0.8125,0.625,0.090174375,0.783514375,0.6364906874999999
0.0,0.8125,0.6875,0.08835875,0.7850520625,0.6916323125
0.0,0.8125,0.75,0.086543125,0.78658975,0.7467739375
0.0,0.8125,0.8125,0.0847275,0.7881274375,0.8019155625
0.0,0.8125,0.875,0.082911875,0.7896651250000001,0.8570571875
0.0,0.8125,0.9375,0.08109625000000001,0.7912028125,0.9121988125
0.0,0.8125,1.0,0.079280625,0.7927405000000001,0.9673404375
0.0,0.875,0.0,0.11666375000000001,0.827225,0.091618625
0.0,0.875,0.0625,0.11484812500000001,0.8287626875,0.14676024999999998
0.0,0.875,0.125,0.11303250000000001,0.830300375,0.201901875
0.0,0.875,0.1875,0.111216875,0.8318380625,0.2570435
0.0,0.875,0.25,0.10940125,0.83337575,0.312185125
0.0,0.875,0.3125,0.10758562500000002,0.8349134375,0.36732675
0.0,0.875,0.375,0.10577,0.836451125,0.422468375
0.0,0.875,0.4375,0.10395437500000002,0.8379888125,0.47761000000000003
0.0,0.875,0.5,0.10213875000000001,0.8395265,0.532751625
0.0,0.875,0.5625,0.10032312500000001,0.8410641875,0.5878932499999999
0.0,0.875,0.625,0.09850750000000001,0.842601875,0.6430348749999999
0.0,0.875,0.6875,0.09669187500000001,0.8441395625,0.6981765
0.0,0.875,0.75,0.09487625000000001,0.8456772499999999,0.753318125
0.0,0.875,0.8125,0.09306062500000001,0.8472149375,0.8084597499999999
0.0,0.875,0.875,0.091245,0.848752625,0.863601375
0.0,0.875,0.9375,0.089429375,0.8502903125,0.918743
0.0,0.875,1.0,0.08761375000000002,0.851828,0.973884625
0.0,0.9375,0.0,0.12499687500000001,0.8863125000000001,0.0981628125
0.0,0.9375,0.0625,0.12318125,0.8878501875000001,0.1533044375
0.0,0.9375,0.125,0.121365625,0.889387875,0.2084460625
0.0,0.9375,0.1875,0.11955,0.8909255625000001,0.2635876875
0.0,0.9375,0.25,0.117734375,0.89246325,0.31872931250000003
0.0,0.9375,0.3125,0.11591875000000001,0.8940009375000001,0.3738709375
0.0,0.9375,0.375,0.114103125,0.895538625,0.42901256249999997
0.0,0.9375,0.4375,0.11228750000000001,0.8970763125000001,0.48415418750000005
0.0,0.9375,0.5,0.11047187500000001,0.898614,0.5392958125
0.0,0.9375,0.5625,0.10865625000000001,0.9001516875000001,0.5944374375
0.0,0.9375,0.625,0.10684062500000001,0.901689375,0.6495790625
0.0,0.9375,0.6875,0.10502500000000001,0.9032270625000001,0.7047206875
0.0,0.9375,0.75,0.103209375,0.90476475,0.7598623125
0.0,0.9375,0.8125,0.10139375,0.9063024375000001,0.8150039375
0.0,0.9375,0.875,0.099578125,0.9078401250000001,0.8701455625000001
0.0,0.9375,0.9375,0.0977625,0.9093778125,0.9252871875
0.0,0.9375,1.0,0.09594687500000001,0.9109155000000001,0.9804288125
0.0,1.0,0.0,0.13333,0.9454,0.104707
0.0,1.0,0.0625,0.13151437500000002,0.9469376875000001,0.159848625
0.0,1.0,0.125,0.12969875,0.948475375,0.21499025
0.0,1.0,0.1875,0.12788312500000001,0.9500130625000001,0.270131875
0.0,1.0,0.25,0.1260675,0.95155075,0.3252735
0.0,1.0,0.3125,0.12425187500000001,0.9530884375,0.38041512499999997
0.0,1.0,0.375,0.12243625,0.954626125,0.43555675
0.0,1.0,0.4375,0.12062062500000001,0.9561638125,0.490698375
0.0,1.0,0.5,0.11880500000000001,0.9577015,0.54584
0.0,1.0,0.5625,0.116989375,0.9592391875,0.600981625
0.0,1.0,0.625,0.11517375,0.960776875,0.6561232499999999
0.0,1.0,0.6875,0.113358125,0.9623145625,0.711264875
0.0,1.0,0.75,0.1115425,0.96385225,0.7664065
0.0,1.0,0.8125,0.109726875,0.9653899375,0.821548125
0.0,1.0,0.875,0.10791125,0.9669276250000001,0.87668975
0.0,1.0,0.9375,0.106095625,0.9684653125,0.931831375
0.0,1.0,1.0,0.10428000000000001,0.9700030000000001,0.986973
0.0625,0.0,0.0,0.0559825,0.0018748125,0.0008141875
0.0625,0.0,0.0625,0.054166874999999996,0.0034124999999999997,0.0559558125
0.0625,0.0,0.125,0.052351249999999995,0.0049501875,0.1110974375
0.0625,0.0,0.1875,0.050535625,0.006487875,0.1662390625
0.0625,0.0,0.25,0.04872,0.0080255625,0.2213806875
0.0625,0.0,0.3125,0.046904375,0.00956325,0.2765223125
0.0625,0.0,0.375,0.04508875,0.0111009375,0.3316639375
0.0625,0.0,0.4375,0.043273124999999996,0.012638625,0.38680556250000003
0.0625,0.0,0.5,0.041457499999999994,0.0141763125,0.4419471875
0.0625,0.0,0.5625,0.03964187499999999,0.015714,0.4970888125
0.0625,0.0,0.625,0.03782625,0.0172516875,0.5522304374999999
0.0625,0.0,0.6875,0.036010625,0.018789375,0.6073720625
0.0625,0.0,0.75,0.034194999999999996,0.0203270625,0.6625136875
0.0625,0.0,0.8125,0.032379375,0.02186475,0.7176553124999999
0.0625,0.0,0.875,0.030563749999999997,0.0234024375,0.7727969375
0.0625,0.0,0.9375,0.028748125,0.024940125,0.8279385625
0.0625,0.0,1.0,0.026932499999999998,0.0264778125,0.8830801875
0.0625,0.0625,0.0,0.064315625,0.060962312500000004,0.0073583749999999995
0.0625,0.0625,0.0625,0.0625,0.0625,0.0625
0.0625,0.0625,0.125,0.060684375,0.06403768750000001,0.117641625
0.0625,0.0625,0.1875,0.05886875,0.065575375,0.17278325
0.0625,0.0625,0.25,0.057053125,0.0671130625,0.227924875
0.0625,0.0625,0.3125,0.0552375,0.06865075000000001,0.28306649999999994
0.0625,0.0625,0.375,0.053421875,0.0701884375,0.33820812499999997
0.0625,0.0625,0.4375,0.05160625,0.071726125,0.39334975
0.0625,0.0625,0.5,0.049790625000000005,0.0732638125,0.44849137499999997
0.0625,0.0625,0.5625,0.047975000000000004,0.0748015,0.503633
0.0625,0.0625,0.625,0.046159375,0.0763391875,0.558774625
0.0625,0.0625,0.6875,0.04434375,0.07787687500000001,0.61391625
0.0625,0.0625,0.75,0.042528125,0.07941456250000001,0.669057875
0.0625,0.0625,0.8125,0.0407125,0.08095225,0.7241995
0.0625,0.0625,0.875,0.038896875,0.0824899375,0.7793411250000001
0.0625,0.0625,0.9375,0.03708125,0.08402762500000001,0.83448275
0.0625,0.0625,1.0,0.035265625,0.0855653125,0.889624375
0.0625,0.125,0.0,0.07264875,0.1200498125,0.0139025625
0.0625,0.125,0.0625,0.070833125,0.1215875,0.06904418749999999
0.0625,0.125,0.125,0.0690175,0.12312518750000001,0.12418581249999999
0.0625,0.125,0.1875,0.067201875,0.124662875,0.1793274375
0.0625,0.125,0.25,0.06538624999999999,0.1262005625,0.2344690625
0.0625,0.125,0.3125,0.06357062499999999,0.12773825,0.28961068749999996
0.0625,0.125,0.375,0.061755,0.1292759375,0.3447523125
0.0625,0.125,0.4375,0.059939374999999996,0.13081362500000002,0.3998939375
0.0625,0.125,0.5,0.05812375,0.1323513125,0.4550355625
0.0625,0.125,0.5625,0.056308125,0.133889,0.5101771875
0.0625,0.125,0.625,0.0544925,0.1354266875,0.5653188124999999
0.0625,0.125,0.6875,0.052676875,0.136964375,0.6204604375
0.0625,0.125,0.75,0.05086125,0.1385020625,0.6756020625
0.0625,0.125,0.8125,0.049045624999999995,0.14003975000000002,0.7307436875
0.0625,0.125,0.875,0.047229999999999994,0.14157743750000001,0.7858853125
0.0625,0.125,0.9375,0.045414375,0.143115125,0.8410269375
0.0625,0.125,1.0,0.04359875,0.1446528125,0.8961685625
0.0625,0.1875,0.0,0.080981875,0.17913731249999998,0.02044675
0.0625,0.1875,0.0625,0.07916625,0.18067499999999997,0.075588375
0.0625,0.1875,0.125,0.07735062499999999,0.18221268749999997,0.13073
0.0625,0.1875,0.1875,0.07553499999999999,0.18375037499999997,0.18587162499999998
0.0625,0.1875,0.25,0.07371937499999999,0.1852880625,0.24101325
0.0625,0.1875,0.3125,0.07190374999999999,0.18682574999999998,0.296154875
0.0625,0.1875,0.375,0.070088125,0.18836343749999998,0.3512965
0.0625,0.1875,0.4375,0.0682725,0.18990112499999998,0.40643812500000004
0.0625,0.1875,0.5,0.066456875,0.19143881249999997,0.46157975
0.0625,0.1875,0.5625,0.06464125,0.19297649999999997,0.5167213749999999
0.0625,0.1875,0.625,0.062825625,0.1945141875,0.5718629999999999
0.0625,0.1875,0.6875,0.061009999999999995,0.196051875,0.627004625
0.0625,0.1875,0.75,0.059194374999999994,0.19758956249999998,0.68214625
0.0625,0.1875,0.8125,0.05737874999999999,0.19912724999999998,0.7372878749999999
0.0625,0.1875,0.875,0.05556312499999999,0.20066493749999997,0.7924295
0.0625,0.1875,0.9375,0.0537475,0.20220262499999997,0.847571125
0.0625,0.1875,1.0,0.051931874999999995,0.20374031249999996,0.90271275
0.0625,0.25,0.0,0.089315,0.2382248125,0.0269909375
0.0625,0.25,0.0625,0.087499375,0.2397625,0.0821325625
0.0625,0.25,0.125,0.08568375,0.24130018749999999,0.1372741875
0.0625,0.25,0.1875,0.083868125,0.24283787499999998,0.1924158125
0.0625,0.25,0.25,0.0820525,0.2443755625,0.2475574375
0.0625,0.25,0.3125,0.08023687500000001,0.24591325,0.30269906249999995
0.0625,0.25,0.375,0.07842125,0.2474509375,0.3578406875
0.0625,0.25,0.4375,0.07660562500000001,0.248988625,0.4129823125
0.0625,0.25,0.5,0.07479000000000001,0.2505263125,0.4681239375
0.0625,0.25,0.5625,0.07297437500000001,0.252064,0.5232655625
0.0625,0.25,0.625,0.07115875,0.2536016875,0.5784071875
0.0625,0.25,0.6875,0.069343125,0.255139375,0.6335488125000001
0.0625,0.25,0.75,0.0675275,0.2566770625,0.6886904375
0.0625,0.25,0.8125,0.065711875,0.25821475,0.7438320625
0.0625,0.25,0.875,0.06389625,0.2597524375,0.7989736875000001
0.0625,0.25,0.9375,0.06208062500000001,0.261290125,0.8541153125000001
0.0625,0.25,1.0,0.060265000000000006,0.2628278125,0.9092569375
0.0625,0.3125,0.0,0.097648125,0.2973123125,0.033535125
0.0625,0.3125,0.0625,0.0958325,0.29885,0.08867675
0.0625,0.3125,0.125,0.094016875,0.3003876875,0.143818375
0.0625,0.3125,0.1875,0.09220125,0.301925375,0.19896
0.0625,0.3125,0.25,0.090385625,0.3034630625,0.254101625
0.0625,0.3125,0.3125,0.08857000000000001,0.30500075,0.30924324999999997
0.0625,0.3125,0.375,0.086754375,0.3065384375,0.364384875
0.0625,0.3125,0.4375,0.08493875000000001,0.30807612500000003,0.4195265
0.0625,0.3125,0.5,0.083123125,0.30961381250000003,0.474668125
0.0625,0.3125,0.5625,0.0813075,0.3111515,0.52980975
0.0625,0.3125,0.625,0.079491875,0.3126891875,0.5849513749999999
0.0625,0.3125,0.6875,0.07767625,0.314226875,0.640093
0.0625,0.3125,0.75,0.075860625,0.3157645625,0.695234625
0.0625,0.3125,0.8125,0.074045,0.31730225,0.75037625
0.0625,0.3125,0.875,0.072229375,0.3188399375,0.805517875
0.0625,0.3125,0.9375,0.07041375,0.320377625,0.8606595
0.0625,0.3125,1.0,0.06859812500000001,0.3219153125,0.915801125
0.0625,0.375,0.0,0.10598125,0.35639981249999997,0.0400793125
0.0625,0.375,0.0625,0.104165625,0.35793749999999996,0.09522093749999999
0.0625,0.375,0.125,0.10235,0.35947518749999996,0.1503625625
0.0625,0.375,0.1875,0.100534375,0.36101287499999996,0.2055041875
0.0625,0.375,0.25,0.09871875,0.36255056249999995,0.2606458125
0.0625,0.375,0.3125,0.096903125,0.36408824999999995,0.3157874375
0.0625,0.375,0.375,0.09508749999999999,0.36562593749999994,0.3709290625
0.0625,0.375,0.4375,0.093271875,0.367163625,0.42607068750000004
0.0625,0.375,0.5,0.09145625,0.3687013125,0.4812123125
0.0625,0.375,0.5625,0.089640625,0.370239,0.5363539374999999
0.0625,0.375,0.625,0.087825,0.3717766875,0.5914955624999999
0.0625,0.375,0.6875,0.086009375,0.373314375,0.6466371875
0.0625,0.375,0.75,0.08419375,0.37485206249999997,0.7017788125
0.0625,0.375,0.8125,0.082378125,0.37638974999999997,0.7569204374999999
0.0625,0.375,0.875,0.0805625,0.37792743749999996,0.8120620625
0.0625,0.375,0.9375,0.078746875,0.37946512499999996,0.8672036875
0.0625,0.375,1.0,0.07693125,0.38100281249999995,0.9223453125
0.0625,0.4375,0.0,0.114314375,0.4154873125,0.0466235
0.0625,0.4375,0.0625,0.11249875,0.417025,0.101765125
0.0625,0.4375,0.125,0.110683125,0.4185626875,0.15690674999999998
0.0625,0.4375,0.1875,0.10886749999999999,0.42010037499999997,0.212048375
0.0625,0.4375,0.25,0.10705187499999999,0.42163806249999997,0.26719
0.0625,0.4375,0.3125,0.10523625,0.42317574999999996,0.32233162499999995
0.0625,0.4375,0.375,0.10342062499999999,0.42471343749999996,0.37747325
0.0625,0.4375,0.4375,0.101605,0.426251125,0.432614875
0.0625,0.4375,0.5,0.099789375,0.4277888125,0.4877565
0.0625,0.4375,0.5625,0.09797375,0.4293265,0.542898125
0.0625,0.4375,0.625,0.096158125,0.4308641875,0.59803975
0.0625,0.4375,0.6875,0.0943425,0.432401875,0.6531813750000001
0.0625,0.4375,0.75,0.092526875,0.4339395625,0.708323
0.0625,0.4375,0.8125,0.09071125,0.43547725,0.763464625
0.0625,0.4375,0.875,0.08889562499999999,0.4370149375,0.8186062500000001
0.0625,0.4375,0.9375,0.08707999999999999,0.438552625,0.8737478750000001
0.0625,0.4375,1.0,0.085264375,0.44009031249999997,0.9288895
0.0625,0.5,0.0,0.12264749999999999,0.4745748125,0.0531676875
0.0625,0.5,0.0625,0.12083187499999999,0.4761125,0.1083093125
0.0625,0.5,0.125,0.11901624999999999,0.4776501875,0.1634509375
0.0625,0.5,0.1875,0.11720062499999999,0.479187875,0.2185925625
0.0625,0.5,0.25,0.11538499999999999,0.4807255625,0.2737341875
0.0625,0.5,0.3125,0.113569375,0.48226325,0.3288758125
0.0625,0.5,0.375,0.11175374999999999,0.4838009375,0.3840174375
0.0625,0.5,0.4375,0.109938125,0.485338625,0.43915906250000003
0.0625,0.5,0.5,0.1081225,0.4868763125,0.4943006875
0.0625,0.5,0.5625,0.106306875,0.488414,0.5494423125
0.0625,0.5,0.625,0.10449125,0.4899516875,0.6045839375
0.0625,0.5,0.6875,0.10267562499999999,0.491489375,0.6597255625
0.0625,0.5,0.75,0.10085999999999999,0.4930270625,0.7148671875
0.0625,0.5,0.8125,0.09904437499999999,0.49456475,0.7700088125
0.0625,0.5,0.875,0.09722874999999999,0.4961024375,0.8251504375000001
0.0625,0.5,0.9375,0.09541312499999999,0.497640125,0.8802920625
0.0625,0.5,1.0,0.0935975,0.4991778125,0.9354336875
0.0625,0.5625,0.0,0.130980625,0.5336623125,0.059711875
0.0625,0.5625,0.0625,0.129165,0.5352,0.1148535
0.0625,0.5625,0.125,0.127349375,0.5367376875,0.169995125
0.0625,0.5625,0.1875,0.12553375,0.538275375,0.22513675
0.0625,0.5625,0.25,0.12371812499999998,0.5398130624999999,0.28027837499999997
0.0625,0.5625,0.3125,0.1219025,0.54135075,0.33541999999999994
0.0625,0.5625,0.375,0.12008687499999998,0.5428884374999999,0.390561625
0.0625,0.5625,0.4375,0.11827125,0.544426125,0.44570325
0.0625,0.5625,0.5,0.116455625,0.5459638124999999,0.500844875
0.0625,0.5625,0.5625,0.11463999999999999,0.5475015,0.5559864999999999
0.0625,0.5625,0.625,0.11282437499999999,0.5490391874999999,0.6111281249999999
0.0625,0.5625,0.6875,0.11100874999999999,0.550576875,0.66626975
0.0625,0.5625,0.75,0.10919312499999999,0.5521145624999999,0.721411375
0.0625,0.5625,0.8125,0.10737749999999999,0.55365225,0.7765529999999999
0.0625,0.5625,0.875,0.10556187499999999,0.5551899375,0.831694625
0.0625,0.5625,0.9375,0.10374624999999998,0.556727625,0.88683625
0.0625,0.5625,1.0,0.101930625,0.5582653125,0.941977875
0.0625,0.625,0.0,0.13931375,0.5927498125,0.06625606249999999
0.0625,0.625,0.0625,0.137498125,0.5942875000000001,0.12139768749999999
0.0625,0.625,0.125,0.13568249999999998,0.5958251875,0.1765393125
0.0625,0.625,0.1875,0.133866875,0.5973628750000001,0.2316809375
0.0625,0.625,0.25,0.13205124999999998,0.5989005625,0.2868225625
0.0625,0.625,0.3125,0.130235625,0.6004382500000001,0.34196418749999996
0.0625,0.625,0.375,0.12841999999999998,0.6019759375,0.3971058125
0.0625,0.625,0.4375,0.126604375,0.603513625,0.4522474375
0.0625,0.625,0.5,0.12478874999999999,0.6050513125,0.5073890624999999
0.0625,0.625,0.5625,0.12297312499999999,0.606589,0.5625306875
0.0625,0.625,0.625,0.12115749999999999,0.6081266875,0.6176723124999999
0.0625,0.625,0.6875,0.11934187499999999,0.609664375,0.6728139375
0.0625,0.625,0.75,0.11752624999999998,0.6112020625,0.7279555625
0.0625,0.625,0.8125,0.11571062499999998,0.61273975,0.7830971874999999
0.0625,0.625,0.875,0.11389499999999998,0.6142774375000001,0.8382388125
0.0625,0.625,0.9375,0.11207937499999998,0.615815125,0.8933804375000001
0.0625,0.625,1.0,0.11026375,0.6173528125000001,0.9485220624999999
0.0625,0.6875,0.0,0.147646875,0.6518373125,0.07280025
0.0625,0.6875,0.0625,0.14583125000000002,0.653375,0.12794187499999998
0.0625,0.6875,0.125,0.144015625,0.6549126875,0.1830835
0.0625,0.6875,0.1875,0.14220000000000002,0.656450375,0.23822512499999998
0.0625,0.6875,0.25,0.140384375,0.6579880625,0.29336675
0.0625,0.6875,0.3125,0.13856875000000002,0.65952575,0.348508375
0.0625,0.6875,0.375,0.136753125,0.6610634375,0.40365
0.0625,0.6875,0.4375,0.13493750000000002,0.662601125,0.45879162500000004
0.0625,0.6875,0.5,0.133121875,0.6641388125,0.51393325
0.0625,0.6875,0.5625,0.13130625,0.6656765,0.569074875
0.0625,0.6875,0.625,0.12949062500000003,0.6672141874999999,0.6242165
0.0625,0.6875,0.6875,0.127675,0.668751875,0.679358125
0.0625,0.6875,0.75,0.125859375,0.6702895624999999,0.73449975
0.0625,0.6875,0.8125,0.12404375000000001,0.67182725,0.789641375
0.0625,0.6875,0.875,0.122228125,0.6733649375,0.8447830000000001
0.0625,0.6875,0.9375,0.1204125,0.674902625,0.899924625
0.0625,0.6875,1.0,0.11859687500000002,0.6764403125,0.95506625
0.0625,0.75,0.0,0.15598,0.7109248125,0.07934443749999999
0.0625,0.75,0.0625,0.15416437500000002,0.7124625,0.1344860625
0.0625,0.75,0.125,0.15234875,0.7140001874999999,0.18962768749999998
0.0625,0.75,0.1875,0.15053312500000002,0.715537875,0.2447693125
0.0625,0.75,0.25,0.1487175,0.7170755624999999,0.2999109375
0.0625,0.75,0.3125,0.14690187500000002,0.71861325,0.35505256249999995
0.0625,0.75,0.375,0.14508625,0.7201509374999999,0.4101941875
0.0625,0.75,0.4375,0.143270625,0.721688625,0.4653358125
0.0625,0.75,0.5,0.141455,0.7232263124999999,0.5204774375
0.0625,0.75,0.5625,0.139639375,0.724764,0.5756190625
0.0625,0.75,0.625,0.13782375000000002,0.7263016874999999,0.6307606874999999
0.0625,0.75,0.6875,0.136008125,0.727839375,0.6859023125
0.0625,0.75,0.75,0.1341925,0.7293770624999999,0.7410439375
0.0625,0.75,0.8125,0.132376875,0.73091475,0.7961855624999999
0.0625,0.75,0.875,0.13056125000000002,0.7324524375,0.8513271875
0.0625,0.75,0.9375,0.128745625,0.7339901249999999,0.9064688125
0.0625,0.75,1.0,0.12693000000000002,0.7355278125,0.9616104375
0.0625,0.8125,0.0,0.164313125,0.7700123125,0.08588862499999998
0.0625,0.8125,0.0625,0.16249750000000002,0.7715500000000001,0.14103024999999997
0.0625,0.8125,0.125,0.160681875,0.7730876875,0.196171875
0.0625,0.8125,0.1875,0.15886625000000001,0.7746253750000001,0.25131349999999997
0.0625,0.8125,0.25,0.157050625,0.7761630625,0.306455125
0.0625,0.8125,0.3125,0.155235,0.77770075,0.36159674999999997
0.0625,0.8125,0.375,0.153419375,0.7792384375,0.416738375
0.0625,0.8125,0.4375,0.15160375,0.780776125,0.47188
0.0625,0.8125,0.5,0.149788125,0.7823138125,0.5270216249999999
0.0625,0.8125,0.5625,0.1479725,0.7838515,0.5821632499999999
0.0625,0.8125,0.625,0.14615687500000002,0.7853891875,0.6373048749999999
0.0625,0.8125,0.6875,0.14434125,0.786926875,0.6924465
0.0625,0.8125,0.75,0.142525625,0.7884645625,0.7475881249999999
0.0625,0.8125,0.8125,0.14071,0.79000225,0.8027297499999999
0.0625,0.8125,0.875,0.13889437500000001,0.7915399375000001,0.857871375
0.0625,0.8125,0.9375,0.13707875,0.793077625,0.913013
0.0625,0.8125,1.0,0.135263125,0.7946153125000001,0.9681546249999999
0.0625,0.875,0.0,0.17264625,0.8290998125,0.09243281249999999
0.0625,0.875,0.0625,0.170830625,0.8306375,0.1475744375
0.0625,0.875,0.125,0.169015,0.8321751875,0.2027160625
0.0625,0.875,0.1875,0.167199375,0.833712875,0.2578576875
0.0625,0.875,0.25,0.16538375,0.8352505625,0.3129993125
0.0625,0.875,0.3125,0.163568125,0.83678825,0.3681409375
0.0625,0.875,0.375,0.1617525,0.8383259375,0.42328256249999996
0.0625,0.875,0.4375,0.159936875,0.839863625,0.47842418750000004
0.0625,0.875,0.5,0.15812125,0.8414013124999999,0.5335658125
0.0625,0.875,0.5625,0.156305625,0.842939,0.5887074375
0.0625,0.875,0.625,0.15449000000000002,0.8444766874999999,0.6438490625
0.0625,0.875,0.6875,0.152674375,0.846014375,0.6989906875
0.0625,0.875,0.75,0.15085874999999999,0.8475520624999999,0.7541323125
0.0625,0.875,0.8125,0.149043125,0.84908975,0.8092739375
0.0625,0.875,0.875,0.1472275,0.8506274375,0.8644155625000001
0.0625,0.875,0.9375,0.145411875,0.852165125,0.9195571875
0.0625,0.875,1.0,0.14359625,0.8537028125,0.9746988125
0.0625,0.9375,0.0,0.180979375,0.8881873125,0.098977
0.0625,0.9375,0.0625,0.17916375,0.8897250000000001,0.154118625
0.0625,0.9375,0.125,0.177348125,0.8912626875,0.20926024999999998
0.0625,0.9375,0.1875,0.1755325,0.8928003750000001,0.264401875
0.0625,0.9375,0.25,0.173716875,0.8943380625,0.3195435
0.0625,0.9375,0.3125,0.17190125,0.8958757500000001,0.37468512499999995
0.0625,0.9375,0.375,0.170085625,0.8974134375,0.42982675
0.0625,0.9375,0.4375,0.16827,0.8989511250000001,0.484968375
0.0625,0.9375,0.5,0.166454375,0.9004888125,0.54011
0.0625,0.9375,0.5625,0.16463875,0.9020265000000001,0.595251625
0.0625,0.9375,0.625,0.162823125,0.9035641875,0.6503932499999999
0.0625,0.9375,0.6875,0.1610075,0.9051018750000001,0.705534875
0.0625,0.9375,0.75,0.15919187499999998,0.9066395625,0.7606765
0.0625,0.9375,0.8125,0.15737625,0.90817725,0.815818125
0.0625,0.9375,0.875,0.155560625,0.9097149375000001,0.87095975
0.0625,0.9375,0.9375,0.153745,0.911252625,0.926101375
0.0625,0.9375,1.0,0.151929375,0.9127903125000001,0.981243
0.0625,1.0,0.0,0.1893125,0.9472748125,0.10552118749999999
0.0625,1.0,0.0625,0.187496875,0.9488125000000001,0.16066281249999997
0.0625,1.0,0.125,0.18568125,0.9503501875,0.2158044375
0.0625,1.0,0.1875,0.183865625,0.951887875,0.2709460625
0.0625,1.0,0.25,0.18205,0.9534255625,0.3260876875
0.0625,1.0,0.3125,0.180234375,0.95496325,0.3812293125
0.0625,1.0,0.375,0.17841875,0.9565009375,0.4363709375
0.0625,1.0,0.4375,0.176603125,0.958038625,0.4915125625
0.0625,1.0,0.5,0.17478749999999998,0.9595763125,0.5466541874999999
0.0625,1.0,0.5625,0.172971875,0.961114,0.6017958124999999
0.0625,1.0,0.625,0.17115625,0.9626516875,0.6569374374999999
0.0625,1.0,0.6875,0.169340625,0.964189375,0.7120790625
0.0625,1.0,0.75,0.16752499999999998,0.9657270625,0.7672206874999999
0.0625,1.0,0.8125,0.165709375,0.96726475,0.8223623124999999
0.0625,1.0,0.875,0.16389375,0.9688024375000001,0.8775039375
0.0625,1.0,0.9375,0.162078125,0.970340125,0.9326455625
0.0625,1.0,1.0,0.1602625,0.9718778125,0.9877871874999999
0.125,0.0,0.0,0.111965,0.003749625,0.001628375
0.125,0.0,0.0625,0.110149375,0.0052873125,0.05677
0.125,0.0,0.125,0.10833374999999999,0.0068249999999999995,0.111911625
0.125,0.0,0.1875,0.10651812499999999,0.0083626875,0.16705325
0.125,0.0,0.25,0.10470249999999999,0.009900375,0.222194875
0.125,0.0,0.3125,0.10288687499999999,0.0114380625,0.2773365
0.125,0.0,0.375,0.10107125,0.01297575,0.332478125
0.125,0.0,0.4375,0.099255625,0.0145134375,0.38761975000000004
0.125,0.0,0.5,0.09744,0.016051125,0.442761375
0.125,0.0,0.5625,0.095624375,0.0175888125,0.497903
0.125,0.0,0.625,0.09380875,0.0191265,0.553044625
0.125,0.0,0.6875,0.091993125,0.0206641875,0.60818625
0.125,0.0,0.75,0.0901775,0.022201875,0.663327875
0.125,0.0,0.8125,0.08836187499999999,0.0237395625,0.7184695
0.125,0.0,0.875,0.08654624999999999,0.02527725,0.7736111250000001
0.125,0.0,0.9375,0.084730625,0.0268149375,0.82875275
0.125,0.0,1.0,0.08291499999999999,0.028352625,0.883894375
0.125,0.0625,0.0,0.12029812499999999,0.06283712500000001,0.0081725625
0.125,0.0625,0.0625,0.11848249999999999,0.0643748125,0.0633141875
0.125,0.0625,0.125,0.11666687499999999,0.06591250000000001,0.1184558125
0.125,0.0625,0.1875,0.11485124999999999,0.06745018750000001,0.1735974375
0.125,0.0625,0.25,0.11303562499999999,0.068987875,0.2287390625
0.125,0.0625,0.3125,0.11121999999999999,0.07052556250000001,0.28388068749999995
0.125,0.0625,0.375,0.109404375,0.07206325000000001,0.3390223125
0.125,0.0625,0.4375,0.10758875,0.0736009375,0.3941639375
0.125,0.0625,0.5,0.105773125,0.07513862500000001,0.4493055625
0.125,0.0625,0.5625,0.1039575,0.07667631250000001,0.5044471875
0.125,0.0625,0.625,0.102141875,0.078214,0.5595888124999999
0.125,0.0625,0.6875,0.10032624999999999,0.0797516875,0.6147304375
0.125,0.0625,0.75,0.09851062499999999,0.08128937500000001,0.6698720625
0.125,0.0625,0.8125,0.09669499999999999,0.0828270625,0.7250136875
0.125,0.0625,0.875,0.09487937499999999,0.08436475000000002,0.7801553125
0.125,0.0625,0.9375,0.09306375,0.08590243750000001,0.8352969375
0.125,0.0625,1.0,0.09124812499999999,0.08744012500000001,0.8904385625
0.125,0.125,0.0,0.12863125,0.12192462500000001,0.014716749999999999
0.125,0.125,0.0625,0.12681562500000002,0.1234623125,0.069858375
0.125,0.125,0.125,0.125,0.125,0.125
0.125,0.125,0.1875,0.123184375,0.1265376875,0.180141625
0.125,0.125,0.25,0.12136875,0.12807537500000002,0.23528325
0.125,0.125,0.3125,0.11955312500000001,0.12961306250000001,0.29042487499999997
0.125,0.125,0.375,0.1177375,0.13115075,0.3455665
0.125,0.125,0.4375,0.11592187500000001,0.1326884375,0.400708125
0.125,0.125,0.5,0.11410625,0.134226125,0.45584975
0.125,0.125,0.5625,0.112290625,0.1357638125,0.5109913749999999
0.125,0.125,0.625,0.110475,0.13730150000000002,0.5661329999999999
0.125,0.125,0.6875,0.108659375,0.13883918750000002,0.621274625
0.125,0.125,0.75,0.10684375,0.140376875,0.6764162499999999
0.125,0.125,0.8125,0.105028125,0.1419145625,0.7315578749999999
0.125,0.125,0.875,0.1032125,0.14345225,0.7866995
0.125,0.125,0.9375,0.101396875,0.1449899375,0.841841125
0.125,0.125,1.0,0.09958125000000001,0.146527625,0.8969827499999999
0.125,0.1875,0.0,0.136964375,0.181012125,0.0212609375
0.125,0.1875,0.0625,0.13514875,0.1825498125,0.07640256249999999
0.125,0.1875,0.125,0.133333125,0.1840875,0.1315441875
0.125,0.1875,0.1875,0.1315175,0.18562518749999998,0.1866858125
0.125,0.1875,0.25,0.129701875,0.187162875,0.2418274375
0.125,0.1875,0.3125,0.12788625,0.1887005625,0.2969690625
0.125,0.1875,0.375,0.126070625,0.19023825,0.3521106875
0.125,0.1875,0.4375,0.124255,0.1917759375,0.40725231250000005
0.125,0.1875,0.5,0.122439375,0.193313625,0.4623939375
0.125,0.1875,0.5625,0.12062375,0.19485131249999998,0.5175355625
0.125,0.1875,0.625,0.118808125,0.196389,0.5726771875
0.125,0.1875,0.6875,0.1169925,0.1979266875,0.6278188125
0.125,0.1875,0.75,0.115176875,0.199464375,0.6829604375
0.125,0.1875,0.8125,0.11336125,0.2010020625,0.7381020625
0.125,0.1875,0.875,0.111545625,0.20253975,0.7932436875000001
0.125,0.1875,0.9375,0.10973,0.2040774375,0.8483853125
0.125,0.1875,1.0,0.107914375,0.205615125,0.9035269375
0.125,0.25,0.0,0.1452975,0.240099625,0.027805125
0.125,0.25,0.0625,0.143481875,0.2416373125,0.08294675
0.125,0.25,0.125,0.14166625,0.243175,0.13808837499999999
0.125,0.25,0.1875,0.139850625,0.2447126875,0.19323
0.125,0.25,0.25,0.138035,0.24625037500000002,0.24837162499999998
0.125,0.25,0.3125,0.136219375,0.24778806250000002,0.30351324999999996
0.125,0.25,0.375,0.13440375,0.24932575,0.358654875
0.125,0.25,0.4375,0.132588125,0.2508634375,0.4137965
0.125,0.25,0.5,0.13077249999999999,0.252401125,0.468938125
0.125,0.25,0.5625,0.128956875,0.2539388125,0.52407975
0.125,0.25,0.625,0.12714124999999998,0.2554765,0.5792213749999999
0.125,0.25,0.6875,0.125325625,0.2570141875,0.634363
0.125,0.25,0.75,0.12351,0.258551875,0.689504625
0.125,0.25,0.8125,0.121694375,0.26008956250000004,0.74464625
0.125,0.25,0.875,0.11987874999999999,0.26162725000000003,0.799787875
0.125,0.25,0.9375,0.11806312499999999,0.26316493750000003,0.8549295
0.125,0.25,1.0,0.1162475,0.264702625,0.910071125
0.125,0.3125,0.0,0.153630625,0.299187125,0.0343493125
0.125,0.3125,0.0625,0.151815,0.3007248125,0.0894909375
0.125,0.3125,0.125,0.149999375,0.3022625,0.1446325625
0.125,0.3125,0.1875,0.14818375,0.3038001875,0.1997741875
0.125,0.3125,0.25,0.146368125,0.305337875,0.2549158125
0.125,0.3125,0.3125,0.1445525,0.3068755625,0.3100574375
0.125,0.3125,0.375,0.14273687499999999,0.30841324999999997,0.3651990625
0.125,0.3125,0.4375,0.14092125,0.3099509375,0.42034068750000003
0.125,0.3125,0.5,0.13910562499999998,0.311488625,0.4754823125
0.125,0.3125,0.5625,0.13729,0.3130263125,0.5306239374999999
0.125,0.3125,0.625,0.13547437499999998,0.314564,0.5857655624999999
0.125,0.3125,0.6875,0.13365875,0.3161016875,0.6409071875
0.125,0.3125,0.75,0.131843125,0.317639375,0.6960488125
0.125,0.3125,0.8125,0.1300275,0.3191770625,0.7511904374999999
0.125,0.3125,0.875,0.128211875,0.32071475,0.8063320625
0.125,0.3125,0.9375,0.12639625,0.3222524375,0.8614736875
0.125,0.3125,1.0,0.124580625,0.323790125,0.9166153125
0.125,0.375,0.0,0.16196375,0.35827462499999996,0.0408935
0.125,0.375,0.0625,0.160148125,0.35981231249999995,0.096035125
0.125,0.375,0.125,0.1583325,0.36134999999999995,0.15117675
0.125,0.375,0.1875,0.156516875,0.36288768749999994,0.206318375
0.125,0.375,0.25,0.15470124999999998,0.36442537499999994,0.26146
0.125,0.375,0.3125,0.152885625,0.36596306249999994,0.316601625
0.125,0.375,0.375,0.15106999999999998,0.36750074999999993,0.37174324999999997
0.125,0.375,0.4375,0.149254375,0.3690384375,0.42688487500000005
0.125,0.375,0.5,0.14743874999999998,0.370576125,0.4820265
0.125,0.375,0.5625,0.145623125,0.3721138125,0.537168125
0.125,0.375,0.625,0.14380749999999998,0.37365149999999997,0.59230975
0.125,0.375,0.6875,0.141991875,0.37518918749999997,0.647451375
0.125,0.375,0.75,0.14017625,0.37672687499999996,0.702593
0.125,0.375,0.8125,0.138360625,0.37826456249999996,0.757734625
0.125,0.375,0.875,0.136545,0.37980224999999995,0.8128762500000001
0.125,0.375,0.9375,0.13472937499999998,0.38133993749999995,0.868017875
0.125,0.375,1.0,0.13291375,0.38287762499999994,0.9231595
0.125,0.4375,0.0,0.17029687500000001,0.417362125,0.0474376875
0.125,0.4375,0.0625,0.16848125000000003,0.41889981249999997,0.10257931249999999
0.125,0.4375,0.125,0.166665625,0.42043749999999996,0.1577209375
0.125,0.4375,0.1875,0.16485000000000002,0.42197518749999996,0.2128625625
0.125,0.4375,0.25,0.163034375,0.42351287499999996,0.2680041875
0.125,0.4375,0.3125,0.16121875000000002,0.42505056249999995,0.32314581249999996
0.125,0.4375,0.375,0.159403125,0.42658824999999995,0.3782874375
0.125,0.4375,0.4375,0.15758750000000002,0.4281259375,0.4334290625
0.125,0.4375,0.5,0.155771875,0.429663625,0.4885706875
0.125,0.4375,0.5625,0.15395625000000002,0.4312013125,0.5437123125
0.125,0.4375,0.625,0.15214062500000003,0.432739,0.5988539374999999
0.125,0.4375,0.6875,0.15032500000000001,0.4342766875,0.6539955625
0.125,0.4375,0.75,0.148509375,0.435814375,0.7091371875
0.125,0.4375,0.8125,0.14669375,0.43735206249999997,0.7642788125
0.125,0.4375,0.875,0.14487812500000002,0.43888974999999997,0.8194204375
0.125,0.4375,0.9375,0.1430625,0.44042743749999996,0.8745620625
0.125,0.4375,1.0,0.14124687500000002,0.44196512499999996,0.9297036875
0.125,0.5,0.0,0.17863,0.476449625,0.053981875
0.125,0.5,0.0625,0.17681437500000002,0.4779873125,0.1091235
0.125,0.5,0.125,0.17499875,0.479525,0.164265125
0.125,0.5,0.1875,0.17318312500000002,0.4810626875,0.21940674999999998
0.125,0.5,0.25,0.1713675,0.48260037499999997,0.274548375
0.125,0.5,0.3125,0.16955187500000002,0.48413806249999997,0.32969
0.125,0.5,0.375,0.16773625,0.48567574999999996,0.384831625
0.125,0.5,0.4375,0.16592062500000002,0.4872134375,0.43997325000000004
0.125,0.5,0.5,0.164105,0.488751125,0.495114875
0.125,0.5,0.5625,0.162289375,0.4902888125,0.5502564999999999
0.125,0.5,0.625,0.16047375000000003,0.4918265,0.6053981249999999
0.125,0.5,0.6875,0.158658125,0.4933641875,0.66053975
0.125,0.5,0.75,0.1568425,0.494901875,0.715681375
0.125,0.5,0.8125,0.155026875,0.4964395625,0.7708229999999999
0.125,0.5,0.875,0.15321125000000002,0.49797725,0.825964625
0.125,0.5,0.9375,0.151395625,0.4995149375,0.88110625
0.125,0.5,1.0,0.14958000000000002,0.501052625,0.936247875
0.125,0.5625,0.0,0.186963125,0.535537125,0.0605260625
0.125,0.5625,0.0625,0.18514750000000002,0.5370748125,0.1156676875
0.125,0.5625,0.125,0.183331875,0.5386124999999999,0.1708093125
0.125,0.5625,0.1875,0.18151625000000002,0.5401501875,0.2259509375
0.125,0.5625,0.25,0.179700625,0.5416878749999999,0.2810925625
0.125,0.5625,0.3125,0.17788500000000002,0.5432255625,0.33623418749999995
0.125,0.5625,0.375,0.176069375,0.5447632499999999,0.3913758125
0.125,0.5625,0.4375,0.17425375,0.5463009375,0.4465174375
0.125,0.5625,0.5,0.172438125,0.5478386249999999,0.5016590625
0.125,0.5625,0.5625,0.1706225,0.5493763125,0.5568006875
0.125,0.5625,0.625,0.16880687500000002,0.5509139999999999,0.6119423125
0.125,0.5625,0.6875,0.16699125,0.5524516875,0.6670839375000001
0.125,0.5625,0.75,0.165175625,0.5539893749999999,0.7222255625
0.125,0.5625,0.8125,0.16336,0.5555270625,0.7773671875
0.125,0.5625,0.875,0.16154437500000002,0.55706475,0.8325088125000001
0.125,0.5625,0.9375,0.15972875,0.5586024374999999,0.8876504375000001
0.125,0.5625,1.0,0.15791312500000002,0.560140125,0.9427920625
0.125,0.625,0.0,0.19529625,0.594624625,0.06707025
0.125,0.625,0.0625,0.19348062500000002,0.5961623125000001,0.122211875
0.125,0.625,0.125,0.191665,0.5977,0.1773535
0.125,0.625,0.1875,0.18984937500000001,0.5992376875000001,0.232495125
0.125,0.625,0.25,0.18803375,0.600775375,0.28763675
0.125,0.625,0.3125,0.186218125,0.6023130625,0.34277837499999997
0.125,0.625,0.375,0.1844025,0.60385075,0.39792
0.125,0.625,0.4375,0.182586875,0.6053884375,0.453061625
0.125,0.625,0.5,0.18077125,0.606926125,0.50820325
0.125,0.625,0.5625,0.178955625,0.6084638125,0.563344875
0.125,0.625,0.625,0.17714000000000002,0.6100015,0.6184864999999999
0.125,0.625,0.6875,0.175324375,0.6115391875,0.673628125
0.125,0.625,0.75,0.17350875,0.613076875,0.72876975
0.125,0.625,0.8125,0.171693125,0.6146145625,0.783911375
0.125,0.625,0.875,0.16987750000000001,0.6161522500000001,0.839053
0.125,0.625,0.9375,0.168061875,0.6176899375,0.894194625
0.125,0.625,1.0,0.16624625,0.6192276250000001,0.94933625
0.125,0.6875,0.0,0.203629375,0.653712125,0.0736144375
0.125,0.6875,0.0625,0.20181375000000001,0.6552498125,0.1287560625
0.125,0.6875,0.125,0.199998125,0.6567875,0.18389768750000002
0.125,0.6875,0.1875,0.1981825,0.6583251875,0.2390393125
0.125,0.6875,0.25,0.196366875,0.659862875,0.2941809375
0.125,0.6875,0.3125,0.19455125,0.6614005625,0.3493225625
0.125,0.6875,0.375,0.192735625,0.66293825,0.4044641875
0.125,0.6875,0.4375,0.19092,0.6644759375,0.45960581250000004
0.125,0.6875,0.5,0.189104375,0.6660136249999999,0.5147474375
0.125,0.6875,0.5625,0.18728875,0.6675513125,0.5698890624999999
0.125,0.6875,0.625,0.18547312500000002,0.6690889999999999,0.6250306874999999
0.125,0.6875,0.6875,0.1836575,0.6706266875,0.6801723125
0.125,0.6875,0.75,0.181841875,0.6721643749999999,0.7353139375
0.125,0.6875,0.8125,0.18002625,0.6737020625,0.7904555624999999
0.125,0.6875,0.875,0.178210625,0.67523975,0.8455971875
0.125,0.6875,0.9375,0.176395,0.6767774375,0.9007388125
0.125,0.6875,1.0,0.174579375,0.678315125,0.9558804375
0.125,0.75,0.0,0.2119625,0.7127996249999999,0.080158625
0.125,0.75,0.0625,0.210146875,0.7143373125,0.13530025
0.125,0.75,0.125,0.20833125,0.7158749999999999,0.19044187499999998
0.125,0.75,0.1875,0.206515625,0.7174126875,0.2455835
0.125,0.75,0.25,0.2047,0.7189503749999999,0.300725125
0.125,0.75,0.3125,0.202884375,0.7204880625,0.35586674999999995
0.125,0.75,0.375,0.20106875,0.7220257499999999,0.411008375
0.125,0.75,0.4375,0.199253125,0.7235634375,0.46615
0.125,0.75,0.5,0.1974375,0.7251011249999999,0.521291625
0.125,0.75,0.5625,0.195621875,0.7266388125,0.57643325
0.125,0.75,0.625,0.19380625,0.7281764999999999,0.631574875
0.125,0.75,0.6875,0.191990625,0.7297141874999999,0.6867165000000001
0.125,0.75,0.75,0.19017499999999998,0.7312518749999999,0.741858125
0.125,0.75,0.8125,0.188359375,0.7327895624999999,0.79699975
0.125,0.75,0.875,0.18654375,0.73432725,0.8521413750000001
0.125,0.75,0.9375,0.184728125,0.7358649374999999,0.9072830000000001
0.125,0.75,1.0,0.1829125,0.737402625,0.962424625
0.125,0.8125,0.0,0.220295625,0.771887125,0.08670281249999999
0.125,0.8125,0.0625,0.21848,0.7734248125000001,0.14184443749999998
0.125,0.8125,0.125,0.216664375,0.7749625,0.1969860625
0.125,0.8125,0.1875,0.21484875,0.7765001875,0.2521276875
0.125,0.8125,0.25,0.213033125,0.778037875,0.3072693125
0.125,0.8125,0.3125,0.2112175,0.7795755625,0.3624109375
0.125,0.8125,0.375,0.209401875,0.78111325,0.4175525625
0.125,0.8125,0.4375,0.20758625,0.7826509375,0.47269418750000003
0.125,0.8125,0.5,0.20577062499999998,0.784188625,0.5278358125
0.125,0.8125,0.5625,0.203955,0.7857263125,0.5829774375
0.125,0.8125,0.625,0.202139375,0.787264,0.6381190625
0.125,0.8125,0.6875,0.20032375,0.7888016875,0.6932606875
0.125,0.8125,0.75,0.19850812499999998,0.790339375,0.7484023125
0.125,0.8125,0.8125,0.1966925,0.7918770625,0.8035439375
0.125,0.8125,0.875,0.194876875,0.7934147500000001,0.8586855625
0.125,0.8125,0.9375,0.19306125,0.7949524375,0.9138271875
0.125,0.8125,1.0,0.191245625,0.796490125,0.9689688125
0.125,0.875,0.0,0.22862875,0.830974625,0.093247
0.125,0.875,0.0625,0.226813125,0.8325123125,0.148388625
0.125,0.875,0.125,0.2249975,0.83405,0.20353025
0.125,0.875,0.1875,0.223181875,0.8355876875,0.258671875
0.125,0.875,0.25,0.22136625,0.837125375,0.31381349999999997
0.125,0.875,0.3125,0.219550625,0.8386630625,0.36895512499999994
0.125,0.875,0.375,0.21773499999999998,0.8402007499999999,0.42409675
0.125,0.875,0.4375,0.215919375,0.8417384375,0.479238375
0.125,0.875,0.5,0.21410374999999998,0.8432761249999999,0.53438
0.125,0.875,0.5625,0.212288125,0.8448138125,0.5895216249999999
0.125,0.875,0.625,0.2104725,0.8463514999999999,0.6446632499999999
0.125,0.875,0.6875,0.208656875,0.8478891875,0.699804875
0.125,0.875,0.75,0.20684124999999998,0.8494268749999999,0.7549465
0.125,0.875,0.8125,0.205025625,0.8509645625,0.8100881249999999
0.125,0.875,0.875,0.20321,0.85250225,0.86522975
0.125,0.875,0.9375,0.201394375,0.8540399375,0.920371375
0.125,0.875,1.0,0.19957875,0.855577625,0.975513
0.125,0.9375,0.0,0.236961875,0.890062125,0.0997911875
0.125,0.9375,0.0625,0.23514625,0.8915998125000001,0.15493281250000002
0.125,0.9375,0.125,0.23333062499999999,0.8931375,0.2100744375
0.125,0.9375,0.1875,0.231515,0.8946751875000001,0.2652160625
0.125,0.9375,0.25,0.22969937499999998,0.896212875,0.3203576875
0.125,0.9375,0.3125,0.22788375,0.8977505625000001,0.37549931249999996
0.125,0.9375,0.375,0.22606812499999998,0.89928825,0.4306409375
0.125,0.9375,0.4375,0.2242525,0.9008259375000001,0.4857825625
0.125,0.9375,0.5,0.22243687499999998,0.902363625,0.5409241875
0.125,0.9375,0.5625,0.22062125,0.9039013125,0.5960658125
0.125,0.9375,0.625,0.218805625,0.905439,0.6512074375
0.125,0.9375,0.6875,0.21699,0.9069766875,0.7063490625000001
0.125,0.9375,0.75,0.21517437499999997,0.908514375,0.7614906875
0.125,0.9375,0.8125,0.21335874999999999,0.9100520625,0.8166323125
0.125,0.9375,0.875,0.211543125,0.9115897500000001,0.8717739375000001
0.125,0.9375,0.9375,0.20972749999999998,0.9131274375,0.9269155625000001
0.125,0.9375,1.0,0.207911875,0.9146651250000001,0.9820571875
0.125,1.0,0.0,0.24529499999999999,0.949149625,0.106335375
0.125,1.0,0.0625,0.243479375,0.9506873125,0.16147699999999998
0.125,1.0,0.125,0.24166374999999998,0.952225,0.216618625
0.125,1.0,0.1875,0.239848125,0.9537626875,0.27176025
0.125,1.0,0.25,0.23803249999999998,0.955300375,0.326901875
0.125,1.0,0.3125,0.236216875,0.9568380625,0.3820435
0.125,1.0,0.375,0.23440124999999998,0.95837575,0.437185125
0.125,1.0,0.4375,0.232585625,0.9599134375,0.49232675000000004
0.125,1.0,0.5,0.23076999999999998,0.961451125,0.547468375
0.125,1.0,0.5625,0.228954375,0.9629888125,0.60261
0.125,1.0,0.625,0.22713875,0.9645265,0.657751625
0.125,1.0,0.6875,0.22532312499999999,0.9660641875,0.71289325
0.125,1.0,0.75,0.22350749999999997,0.967601875,0.768034875
0.125,1.0,0.8125,0.22169187499999998,0.9691395625,0.8231765
0.125,1.0,0.875,0.21987625,0.97067725,0.8783181250000001
0.125,1.0,0.9375,0.21806062499999998,0.9722149375,0.93345975
0.125,1.0,1.0,0.216245,0.973752625,0.988601375
0.1875,0.0,0.0,0.1679475,0.0056244375,0.0024425625000000003
0.1875,0.0,0.0625,0.166131875,0.007162125,0.0575841875
0.1875,0.0,0.125,0.16431625,0.008699812500000001,0.1127258125
0.1875,0.0,0.1875,0.162500625,0.0102375,0.1678674375
0.1875,0.0,0.25,0.160685,0.0117751875,0.2230090625
0.1875,0.0,0.3125,0.158869375,0.013312875,0.2781506875
0.1875,0.0,0.375,0.15705375,0.014850562500000001,0.3332923125
0.1875,0.0,0.4375,0.155238125,0.01638825,0.38843393750000005
0.1875,0.0,0.5,0.1534225,0.0179259375,0.4435755625
0.1875,0.0,0.5625,0.151606875,0.019463625,0.4987171875
0.1875,0.0,0.625,0.14979125,0.0210013125,0.5538588124999999
0.1875,0.0,0.6875,0.147975625,0.022539,0.6090004375
0.1875,0.0,0.75,0.14616,0.0240766875,0.6641420625
0.1875,0.0,0.8125,0.144344375,0.025614374999999998,0.7192836874999999
0.1875,0.0,0.875,0.14252875,0.0271520625,0.7744253125
0.1875,0.0,0.9375,0.140713125,0.02868975,0.8295669375
0.1875,0.0,1.0,0.1388975,0.0302274375,0.8847085625
0.1875,0.0625,0.0,0.176280625,0.0647119375,0.00898675
0.1875,0.0625,0.0625,0.174465,0.06624962499999999,0.064128375
0.1875,0.0625,0.125,0.172649375,0.0677873125,0.11927
0.1875,0.0625,0.1875,0.17083375,0.069325,0.174411625
0.1875,0.0625,0.25,0.169018125,0.0708626875,0.22955325
0.1875,0.0625,0.3125,0.1672025,0.072400375,0.28469487499999996
0.1875,0.0625,0.375,0.165386875,0.0739380625,0.3398365
0.1875,0.0625,0.4375,0.16357125,0.07547575,0.394978125
0.1875,0.0625,0.5,0.161755625,0.0770134375,0.45011975
0.1875,0.0625,0.5625,0.15994,0.078551125,0.505261375
0.1875,0.0625,0.625,0.15812437499999998,0.0800888125,0.560403
0.1875,0.0625,0.6875,0.15630875,0.08162649999999999,0.6155446250000001
0.1875,0.0625,0.75,0.154493125,0.0831641875,0.67068625
0.1875,0.0625,0.8125,0.1526775,0.084701875,0.725827875
0.1875,0.0625,0.875,0.150861875,0.0862395625,0.7809695000000001
0.1875,0.0625,0.9375,0.14904625,0.08777725,0.8361111250000001
0.1875,0.0625,1.0,0.147230625,0.0893149375,0.89125275
0.1875,0.125,0.0,0.18461375,0.1237994375,0.0155309375
0.1875,0.125,0.0625,0.182798125,0.125337125,0.0706725625
0.1875,0.125,0.125,0.1809825,0.1268748125,0.1258141875
0.1875,0.125,0.1875,0.179166875,0.12841249999999998,0.1809558125
0.1875,0.125,0.25,0.17735125,0.1299501875,0.2360974375
0.1875,0.125,0.3125,0.175535625,0.131487875,0.2912390625
0.1875,0.125,0.375,0.17371999999999999,0.1330255625,0.3463806875
0.1875,0.125,0.4375,0.171904375,0.13456325,0.40152231250000003
0.1875,0.125,0.5,0.17008874999999998,0.1361009375,0.4566639375
0.1875,0.125,0.5625,0.168273125,0.137638625,0.5118055625
0.1875,0.125,0.625,0.16645749999999998,0.1391763125,0.5669471875
0.1875,0.125,0.6875,0.164641875,0.140714,0.6220888125
0.1875,0.125,0.75,0.16282625,0.1422516875,0.6772304375
0.1875,0.125,0.8125,0.161010625,0.143789375,0.7323720625
0.1875,0.125,0.875,0.159195,0.1453270625,0.7875136875000001
0.1875,0.125,0.9375,0.157379375,0.14686475,0.8426553125
0.1875,0.125,1.0,0.15556375,0.14840243749999998,0.8977969375
0.1875,0.1875,0.0,0.192946875,0.18288693749999999,0.022075125
0.1875,0.1875,0.0625,0.19113125,0.18442462499999998,0.07721675
0.1875,0.1875,0.125,0.189315625,0.18596231249999998,0.132358375
0.1875,0.1875,0.1875,0.1875,0.18749999999999997,0.1875
0.1875,0.1875,0.25,0.18568437499999998,0.1890376875,0.242641625
0.1875,0.1875,0.3125,0.18386875,0.190575375,0.29778324999999994
0.1875,0.1875,0.375,0.18205312499999998,0.1921130625,0.352924875
0.1875,0.1875,0.4375,0.1802375,0.19365074999999998,0.4080665
0.1875,0.1875,0.5,0.17842187499999998,0.19518843749999998,0.46320812499999997
0.1875,0.1875,0.5625,0.17660625,0.19672612499999997,0.5183497499999999
0.1875,0.1875,0.625,0.17479062499999998,0.1982638125,0.5734913749999999
0.1875,0.1875,0.6875,0.172975,0.1998015,0.628633
0.1875,0.1875,0.75,0.171159375,0.2013391875,0.683774625
0.1875,0.1875,0.8125,0.16934375,0.20287687499999998,0.7389162499999999
0.1875,0.1875,0.875,0.167528125,0.20441456249999998,0.794057875
0.1875,0.1875,0.9375,0.16571249999999998,0.20595224999999998,0.8491995
0.1875,0.1875,1.0,0.163896875,0.2074899375,0.904341125
0.1875,0.25,0.0,0.20128000000000001,0.2419744375,0.0286193125
0.1875,0.25,0.0625,0.19946437500000003,0.243512125,0.0837609375
0.1875,0.25,0.125,0.19764875,0.2450498125,0.1389025625
0.1875,0.25,0.1875,0.19583312500000002,0.2465875,0.1940441875
0.1875,0.25,0.25,0.1940175,0.2481251875,0.2491858125
0.1875,0.25,0.3125,0.19220187500000002,0.249662875,0.30432743749999996
0.1875,0.25,0.375,0.19038625,0.2512005625,0.3594690625
0.1875,0.25,0.4375,0.18857062500000002,0.25273825,0.4146106875
0.1875,0.25,0.5,0.186755,0.2542759375,0.4697523125
0.1875,0.25,0.5625,0.18493937500000002,0.255813625,0.5248939375
0.1875,0.25,0.625,0.18312375000000003,0.2573513125,0.5800355625
0.1875,0.25,0.6875,0.18130812500000001,0.258889,0.6351771875000001
0.1875,0.25,0.75,0.1794925,0.2604266875,0.6903188125
0.1875,0.25,0.8125,0.177676875,0.261964375,0.7454604375
0.1875,0.25,0.875,0.17586125000000002,0.2635020625,0.8006020625000001
0.1875,0.25,0.9375,0.174045625,0.26503975,0.8557436875000001
0.1875,0.25,1.0,0.17223000000000002,0.2665774375,0.9108853125
0.1875,0.3125,0.0,0.209613125,0.30106193750000004,0.0351635
0.1875,0.3125,0.0625,0.20779750000000002,0.30259962500000004,0.090305125
0.1875,0.3125,0.125,0.205981875,0.30413731250000003,0.14544675
0.1875,0.3125,0.1875,0.20416625000000002,0.30567500000000003,0.20058837499999999
0.1875,0.3125,0.25,0.202350625,0.3072126875,0.25573
0.1875,0.3125,0.3125,0.20053500000000002,0.308750375,0.310871625
0.1875,0.3125,0.375,0.198719375,0.3102880625,0.36601325
0.1875,0.3125,0.4375,0.19690375000000002,0.31182575000000007,0.42115487500000004
0.1875,0.3125,0.5,0.195088125,0.31336343750000006,0.4762965
0.1875,0.3125,0.5625,0.1932725,0.31490112500000006,0.531438125
0.1875,0.3125,0.625,0.19145687500000003,0.31643881250000006,0.58657975
0.1875,0.3125,0.6875,0.18964125,0.31797650000000005,0.641721375
0.1875,0.3125,0.75,0.187825625,0.31951418750000005,0.696863
0.1875,0.3125,0.8125,0.18601,0.32105187500000004,0.752004625
0.1875,0.3125,0.875,0.18419437500000002,0.32258956250000004,0.8071462500000001
0.1875,0.3125,0.9375,0.18237875,0.32412725000000003,0.862287875
0.1875,0.3125,1.0,0.18056312500000002,0.32566493750000003,0.9174295
0.1875,0.375,0.0,0.21794625,0.3601494375,0.0417076875
0.1875,0.375,0.0625,0.21613062500000002,0.361687125,0.0968493125
0.1875,0.375,0.125,0.214315,0.3632248125,0.1519909375
0.1875,0.375,0.1875,0.21249937500000002,0.3647625,0.2071325625
0.1875,0.375,0.25,0.21068375,0.3663001875,0.2622741875
0.1875,0.375,0.3125,0.20886812500000002,0.367837875,0.31741581249999995
0.1875,0.375,0.375,0.2070525,0.3693755625,0.3725574375
0.1875,0.375,0.4375,0.205236875,0.37091325,0.4276990625
0.1875,0.375,0.5,0.20342125,0.3724509375,0.4828406875
0.1875,0.375,0.5625,0.201605625,0.373988625,0.5379823125
0.1875,0.375,0.625,0.19979000000000002,0.3755263125,0.5931239374999999
0.1875,0.375,0.6875,0.197974375,0.377064,0.6482655625
0.1875,0.375,0.75,0.19615875,0.3786016875,0.7034071875
0.1875,0.375,0.8125,0.194343125,0.380139375,0.7585488125
0.1875,0.375,0.875,0.19252750000000002,0.3816770625,0.8136904375
0.1875,0.375,0.9375,0.190711875,0.38321475,0.8688320625
0.1875,0.375,1.0,0.18889625000000002,0.3847524375,0.9239736875
0.1875,0.4375,0.0,0.226279375,0.4192369375,0.048251875
0.1875,0.4375,0.0625,0.22446375000000002,0.420774625,0.1033935
0.1875,0.4375,0.125,0.222648125,0.4223123125,0.158535125
0.1875,0.4375,0.1875,0.22083250000000001,0.42385,0.21367675
0.1875,0.4375,0.25,0.219016875,0.4253876875,0.268818375
0.1875,0.4375,0.3125,0.21720125,0.426925375,0.32395999999999997
0.1875,0.4375,0.375,0.215385625,0.4284630625,0.379101625
0.1875,0.4375,0.4375,0.21357,0.43000075000000004,0.43424325
0.1875,0.4375,0.5,0.211754375,0.43153843750000004,0.489384875
0.1875,0.4375,0.5625,0.20993875,0.43307612500000003,0.5445264999999999
0.1875,0.4375,0.625,0.20812312500000002,0.43461381250000003,0.599668125
0.1875,0.4375,0.6875,0.2063075,0.4361515,0.6548097500000001
0.1875,0.4375,0.75,0.204491875,0.4376891875,0.7099513749999999
0.1875,0.4375,0.8125,0.20267625,0.439226875,0.765093
0.1875,0.4375,0.875,0.20086062500000001,0.4407645625,0.8202346250000001
0.1875,0.4375,0.9375,0.199045,0.44230225,0.87537625
0.1875,0.4375,1.0,0.197229375,0.4438399375,0.930517875
0.1875,0.5,0.0,0.2346125,0.47832443750000003,0.0547960625
0.1875,0.5,0.0625,0.23279687500000001,0.47986212500000003,0.10993768749999999
0.1875,0.5,0.125,0.23098125,0.4813998125,0.1650793125
0.1875,0.5,0.1875,0.229165625,0.4829375,0.2202209375
0.1875,0.5,0.25,0.22735,0.4844751875,0.2753625625
0.1875,0.5,0.3125,0.225534375,0.486012875,0.3305041875
0.1875,0.5,0.375,0.22371875,0.4875505625,0.3856458125
0.1875,0.5,0.4375,0.221903125,0.48908825000000006,0.44078743750000005
0.1875,0.5,0.5,0.2200875,0.49062593750000005,0.4959290625
0.1875,0.5,0.5625,0.218271875,0.49216362500000005,0.5510706875
0.1875,0.5,0.625,0.21645625000000002,0.49370131250000004,0.6062123125
0.1875,0.5,0.6875,0.214640625,0.49523900000000004,0.6613539375
0.1875,0.5,0.75,0.212825,0.49677668750000004,0.7164955625
0.1875,0.5,0.8125,0.211009375,0.49831437500000003,0.7716371875
0.1875,0.5,0.875,0.20919375,0.4998520625,0.8267788125000001
0.1875,0.5,0.9375,0.207378125,0.5013897500000001,0.8819204375
0.1875,0.5,1.0,0.2055625,0.5029274375,0.9370620625
0.1875,0.5625,0.0,0.242945625,0.5374119374999999,0.06134025
0.1875,0.5625,0.0625,0.24113,0.538949625,0.116481875
0.1875,0.5625,0.125,0.239314375,0.5404873124999999,0.17162349999999998
0.1875,0.5625,0.1875,0.23749875,0.542025,0.226765125
0.1875,0.5625,0.25,0.235683125,0.5435626874999999,0.28190675
0.1875,0.5625,0.3125,0.2338675,0.545100375,0.33704837499999996
0.1875,0.5625,0.375,0.232051875,0.5466380624999999,0.39219
0.1875,0.5625,0.4375,0.23023625,0.54817575,0.447331625
0.1875,0.5625,0.5,0.228420625,0.5497134374999999,0.50247325
0.1875,0.5625,0.5625,0.226605,0.551251125,0.557614875
0.1875,0.5625,0.625,0.224789375,0.5527888124999999,0.6127564999999999
0.1875,0.5625,0.6875,0.22297375,0.5543264999999999,0.667898125
0.1875,0.5625,0.75,0.22115812499999998,0.5558641874999999,0.72303975
0.1875,0.5625,0.8125,0.2193425,0.5574018749999999,0.778181375
0.1875,0.5625,0.875,0.217526875,0.5589395625,0.833323
0.1875,0.5625,0.9375,0.21571125,0.5604772499999999,0.888464625
0.1875,0.5625,1.0,0.213895625,0.5620149375,0.94360625
0.1875,0.625,0.0,0.25127875,0.5964994375,0.06788443749999999
0.1875,0.625,0.0625,0.249463125,0.5980371250000001,0.12302606249999999
0.1875,0.625,0.125,0.2476475,0.5995748125,0.1781676875
0.1875,0.625,0.1875,0.245831875,0.6011125,0.23330931249999998
0.1875,0.625,0.25,0.24401625,0.6026501875,0.2884509375
0.1875,0.625,0.3125,0.242200625,0.604187875,0.3435925625
0.1875,0.625,0.375,0.240385,0.6057255625,0.3987341875
0.1875,0.625,0.4375,0.238569375,0.60726325,0.45387581250000003
0.1875,0.625,0.5,0.23675374999999999,0.6088009375,0.5090174375
0.1875,0.625,0.5625,0.234938125,0.610338625,0.5641590624999999
0.1875,0.625,0.625,0.2331225,0.6118763125,0.6193006874999999
0.1875,0.625,0.6875,0.231306875,0.613414,0.6744423125
0.1875,0.625,0.75,0.22949124999999998,0.6149516875,0.7295839375
0.1875,0.625,0.8125,0.227675625,0.616489375,0.7847255624999999
0.1875,0.625,0.875,0.22586,0.6180270625000001,0.8398671875
0.1875,0.625,0.9375,0.224044375,0.61956475,0.8950088125
0.1875,0.625,1.0,0.22222875,0.6211024375,0.9501504375
0.1875,0.6875,0.0,0.259611875,0.6555869375,0.074428625
0.1875,0.6875,0.0625,0.25779625,0.657124625,0.12957025
0.1875,0.6875,0.125,0.255980625,0.6586623125,0.184711875
0.1875,0.6875,0.1875,0.254165,0.6602,0.2398535
0.1875,0.6875,0.25,0.252349375,0.6617376875,0.294995125
0.1875,0.6875,0.3125,0.25053375,0.663275375,0.35013675
0.1875,0.6875,0.375,0.24871812499999998,0.6648130624999999,0.40527837499999997
0.1875,0.6875,0.4375,0.2469025,0.66635075,0.46042000000000005
0.1875,0.6875,0.5,0.24508687499999998,0.6678884374999999,0.515561625
0.1875,0.6875,0.5625,0.24327125,0.669426125,0.57070325
0.1875,0.6875,0.625,0.241455625,0.6709638124999999,0.625844875
0.1875,0.6875,0.6875,0.23964,0.6725015,0.6809865
0.1875,0.6875,0.75,0.23782437499999998,0.6740391874999999,0.736128125
0.1875,0.6875,0.8125,0.23600875,0.675576875,0.79126975
0.1875,0.6875,0.875,0.234193125,0.6771145625,0.8464113750000001
0.1875,0.6875,0.9375,0.2323775,0.67865225,0.901553
0.1875,0.6875,1.0,0.230561875,0.6801899375,0.956694625
0.1875,0.75,0.0,0.267945,0.7146744374999999,0.08097281249999999
0.1875,0.75,0.0625,0.266129375,0.716212125,0.1361144375
0.1875,0.75,0.125,0.26431375,0.7177498124999999,0.1912560625
0.1875,0.75,0.1875,0.26249812499999997,0.7192875,0.2463976875
0.1875,0.75,0.25,0.2606825,0.7208251874999999,0.3015393125
0.1875,0.75,0.3125,0.258866875,0.722362875,0.35668093749999996
0.1875,0.75,0.375,0.25705125,0.7239005624999999,0.4118225625
0.1875,0.75,0.4375,0.25523562499999997,0.72543825,0.4669641875
0.1875,0.75,0.5,0.25342,0.7269759374999999,0.5221058125
0.1875,0.75,0.5625,0.251604375,0.7285136249999999,0.5772474375
0.1875,0.75,0.625,0.24978875,0.7300513124999999,0.6323890624999999
0.1875,0.75,0.6875,0.247973125,0.7315889999999999,0.6875306875
0.1875,0.75,0.75,0.24615749999999997,0.7331266874999999,0.7426723125
0.1875,0.75,0.8125,0.244341875,0.7346643749999999,0.7978139375
0.1875,0.75,0.875,0.24252625,0.7362020625,0.8529555625
0.1875,0.75,0.9375,0.24071062499999998,0.7377397499999999,0.9080971875
0.1875,0.75,1.0,0.238895,0.7392774375,0.9632388125
0.1875,0.8125,0.0,0.276278125,0.7737619375,0.08751699999999998
0.1875,0.8125,0.0625,0.2744625,0.775299625,0.14265862499999998
0.1875,0.8125,0.125,0.272646875,0.7768373125,0.19780024999999998
0.1875,0.8125,0.1875,0.27083124999999997,0.778375,0.252941875
0.1875,0.8125,0.25,0.269015625,0.7799126875,0.30808349999999995
0.1875,0.8125,0.3125,0.2672,0.781450375,0.3632251249999999
0.1875,0.8125,0.375,0.265384375,0.7829880625,0.41836675
0.1875,0.8125,0.4375,0.26356874999999996,0.78452575,0.473508375
0.1875,0.8125,0.5,0.261753125,0.7860634375,0.52865
0.1875,0.8125,0.5625,0.2599375,0.787601125,0.5837916249999999
0.1875,0.8125,0.625,0.258121875,0.7891388125,0.6389332499999999
0.1875,0.8125,0.6875,0.25630624999999996,0.7906765,0.694074875
0.1875,0.8125,0.75,0.25449062499999997,0.7922141874999999,0.7492165
0.1875,0.8125,0.8125,0.252675,0.793751875,0.8043581249999999
0.1875,0.8125,0.875,0.250859375,0.7952895625,0.85949975
0.1875,0.8125,0.9375,0.24904374999999998,0.79682725,0.914641375
0.1875,0.8125,1.0,0.247228125,0.7983649375,0.969783
0.1875,0.875,0.0,0.28461125,0.8328494375,0.09406118749999999
0.1875,0.875,0.0625,0.282795625,0.834387125,0.1492028125
0.1875,0.875,0.125,0.28098,0.8359248125,0.20434443749999998
0.1875,0.875,0.1875,0.27916437499999996,0.8374625,0.2594860625
0.1875,0.875,0.25,0.27734875,0.8390001874999999,0.3146276875
0.1875,0.875,0.3125,0.275533125,0.840537875,0.36976931249999995
0.1875,0.875,0.375,0.2737175,0.8420755624999999,0.4249109375
0.1875,0.875,0.4375,0.27190187499999996,0.84361325,0.4800525625
0.1875,0.875,0.5,0.27008624999999997,0.8451509374999999,0.5351941875
0.1875,0.875,0.5625,0.268270625,0.846688625,0.5903358125
0.1875,0.875,0.625,0.266455,0.8482263124999999,0.6454774375
0.1875,0.875,0.6875,0.264639375,0.849764,0.7006190625000001
0.1875,0.875,0.75,0.26282374999999997,0.8513016874999999,0.7557606875
0.1875,0.875,0.8125,0.261008125,0.852839375,0.8109023125
0.1875,0.875,0.875,0.2591925,0.8543770625,0.8660439375000001
0.1875,0.875,0.9375,0.257376875,0.85591475,0.9211855625
0.1875,0.875,1.0,0.25556124999999996,0.8574524375,0.9763271875
0.1875,0.9375,0.0,0.29294437500000003,0.8919369375,0.100605375
0.1875,0.9375,0.0625,0.29112875000000005,0.8934746250000001,0.155747
0.1875,0.9375,0.125,0.28931312500000006,0.8950123125,0.210888625
0.1875,0.9375,0.1875,0.2874975,0.8965500000000001,0.26603025
0.1875,0.9375,0.25,0.28568187500000003,0.8980876875,0.321171875
0.1875,0.9375,0.3125,0.28386625000000004,0.8996253750000001,0.37631349999999997
0.1875,0.9375,0.375,0.28205062500000005,0.9011630625,0.431455125
0.1875,0.9375,0.4375,0.280235,0.90270075,0.48659675
0.1875,0.9375,0.5,0.278419375,0.9042384375,0.541738375
0.1875,0.9375,0.5625,0.27660375000000004,0.905776125,0.59688
0.1875,0.9375,0.625,0.27478812500000005,0.9073138125,0.6520216249999999
0.1875,0.9375,0.6875,0.27297250000000006,0.9088515,0.70716325
0.1875,0.9375,0.75,0.271156875,0.9103891875,0.762304875
0.1875,0.9375,0.8125,0.26934125000000003,0.911926875,0.8174465
0.1875,0.9375,0.875,0.26752562500000004,0.9134645625000001,0.872588125
0.1875,0.9375,0.9375,0.26571000000000006,0.91500225,0.92772975
0.1875,0.9375,1.0,0.263894375,0.9165399375000001,0.982871375
0.1875,1.0,0.0,0.3012775,0.9510244375,0.10714956249999999
0.1875,1.0,0.0625,0.299461875,0.952562125,0.1622911875
0.1875,1.0,0.125,0.29764625,0.9540998125,0.2174328125
0.1875,1.0,0.1875,0.29583062499999996,0.9556375,0.2725744375
0.1875,1.0,0.25,0.29401499999999997,0.9571751875,0.32771606249999996
0.1875,1.0,0.3125,0.292199375,0.958712875,0.38285768749999993
0.1875,1.0,0.375,0.29038375,0.9602505625,0.4379993125
0.1875,1.0,0.4375,0.28856812499999995,0.96178825,0.4931409375
0.1875,1.0,0.5,0.28675249999999997,0.9633259375,0.5482825625
0.1875,1.0,0.5625,0.284936875,0.964863625,0.6034241874999999
0.1875,1.0,0.625,0.28312125,0.9664013124999999,0.6585658124999999
0.1875,1.0,0.6875,0.281305625,0.967939,0.7137074375
0.1875,1.0,0.75,0.27948999999999996,0.9694766874999999,0.7688490625
0.1875,1.0,0.8125,0.277674375,0.971014375,0.8239906874999999
0.1875,1.0,0.875,0.27585875,0.9725520625,0.8791323125
0.1875,1.0,0.9375,0.274043125,0.97408975,0.9342739375
0.1875,1.0,1.0,0.27222749999999996,0.9756274375,0.9894155625
0.25,0.0,0.0,0.22393,0.00749925,0.00325675
0.25,0.0,0.0625,0.222114375,0.0090369375,0.058398375
0.25,0.0,0.125,0.22029875,0.010574625,0.11354
0.25,0.0,0.1875,0.218483125,0.0121123125,0.168681625
0.25,0.0,0.25,0.21666749999999999,0.013649999999999999,0.22382325
0.25,0.0,0.3125,0.214851875,0.0151876875,0.27896487499999995
0.25,0.0,0.375,0.21303624999999998,0.016725375,0.3341065
0.25,0.0,0.4375,0.211220625,0.0182630625,0.389248125
0.25,0.0,0.5,0.20940499999999998,0.01980075,0.44438975
0.25,0.0,0.5625,0.207589375,0.021338437499999998,0.49953137499999994
0.25,0.0,0.625,0.20577374999999998,0.022876125,0.554673
0.25,0.0,0.6875,0.203958125,0.0244138125,0.609814625
0.25,0.0,0.75,0.2021425,0.0259515,0.66495625
0.25,0.0,0.8125,0.200326875,0.027489187499999998,0.720097875
0.25,0.0,0.875,0.19851125,0.029026875,0.7752395000000001
0.25,0.0,0.9375,0.19669562499999999,0.0305645625,0.830381125
0.25,0.0,1.0,0.19488,0.03210225,0.88552275
0.25,0.0625,0.0,0.232263125,0.06658675,0.009800937499999999
0.25,0.0625,0.0625,0.2304475,0.0681244375,0.0649425625
0.25,0.0625,0.125,0.22863187499999998,0.069662125,0.1200841875
0.25,0.0625,0.1875,0.22681625,0.0711998125,0.1752258125
0.25,0.0625,0.25,0.22500062499999998,0.0727375,0.2303674375
0.25,0.0625,0.3125,0.223185,0.0742751875,0.28550906249999997
0.25,0.0625,0.375,0.22136937499999998,0.075812875,0.3406506875
0.25,0.0625,0.4375,0.21955375,0.0773505625,0.3957923125
0.25,0.0625,0.5,0.21773812499999998,0.07888825,0.4509339375
0.25,0.0625,0.5625,0.2159225,0.0804259375,0.5060755625
0.25,0.0625,0.625,0.21410687499999997,0.081963625,0.5612171874999999
0.25,0.0625,0.6875,0.21229125,0.08350131250000001,0.6163588125
0.25,0.0625,0.75,0.210475625,0.085039,0.6715004375
0.25,0.0625,0.8125,0.20865999999999998,0.0865766875,0.7266420625
0.25,0.0625,0.875,0.206844375,0.088114375,0.7817836875
0.25,0.0625,0.9375,0.20502874999999998,0.0896520625,0.8369253125
0.25,0.0625,1.0,0.203213125,0.09118975,0.8920669375
0.25,0.125,0.0,0.24059624999999998,0.12567425000000002,0.016345125
0.25,0.125,0.0625,0.238780625,0.1272119375,0.07148675
0.25,0.125,0.125,0.23696499999999998,0.128749625,0.126628375
0.25,0.125,0.1875,0.235149375,0.1302873125,0.18177
0.25,0.125,0.25,0.23333374999999998,0.13182500000000003,0.236911625
0.25,0.125,0.3125,0.231518125,0.13336268750000002,0.29205325
0.25,0.125,0.375,0.22970249999999998,0.13490037500000002,0.347194875
0.25,0.125,0.4375,0.227886875,0.1364380625,0.40233650000000004
0.25,0.125,0.5,0.22607124999999997,0.13797575,0.457478125
0.25,0.125,0.5625,0.224255625,0.1395134375,0.5126197499999999
0.25,0.125,0.625,0.22243999999999997,0.14105112500000003,0.5677613749999999
0.25,0.125,0.6875,0.22062437499999998,0.14258881250000002,0.622903
0.25,0.125,0.75,0.21880875,0.14412650000000002,0.678044625
0.25,0.125,0.8125,0.21699312499999998,0.14566418750000001,0.7331862499999999
0.25,0.125,0.875,0.2151775,0.147201875,0.788327875
0.25,0.125,0.9375,0.21336187499999998,0.1487395625,0.8434695
0.25,0.125,1.0,0.21154625,0.15027725000000003,0.898611125
0.25,0.1875,0.0,0.24892937499999998,0.18476175,0.022889312499999998
0.25,0.1875,0.0625,0.24711375,0.1862994375,0.0780309375
0.25,0.1875,0.125,0.24529812499999998,0.187837125,0.1331725625
0.25,0.1875,0.1875,0.2434825,0.1893748125,0.1883141875
0.25,0.1875,0.25,0.24166687499999998,0.1909125,0.2434558125
0.25,0.1875,0.3125,0.23985125,0.1924501875,0.29859743749999995
0.25,0.1875,0.375,0.23803562499999997,0.193987875,0.3537390625
0.25,0.1875,0.4375,0.23621999999999999,0.1955255625,0.4088806875
0.25,0.1875,0.5,0.23440437499999997,0.19706325,0.4640223125
0.25,0.1875,0.5625,0.23258874999999998,0.1986009375,0.5191639375
0.25,0.1875,0.625,0.23077312499999997,0.20013862500000001,0.5743055625
0.25,0.1875,0.6875,0.22895749999999998,0.2016763125,0.6294471875000001
0.25,0.1875,0.75,0.227141875,0.203214,0.6845888125
0.25,0.1875,0.8125,0.22532624999999998,0.2047516875,0.7397304375
0.25,0.1875,0.875,0.223510625,0.206289375,0.7948720625000001
0.25,0.1875,0.9375,0.22169499999999998,0.2078270625,0.8500136875000001
0.25,0.1875,1.0,0.219879375,0.20936475,0.9051553125
0.25,0.25,0.0,0.2572625,0.24384925000000002,0.029433499999999998
0.25,0.25,0.0625,0.255446875,0.2453869375,0.084575125
0.25,0.25,0.125,0.25363125000000003,0.246924625,0.13971675
0.25,0.25,0.1875,0.251815625,0.2484623125,0.194858375
0.25,0.25,0.25,0.25,0.25,0.25
0.25,0.25,0.3125,0.248184375,0.2515376875,0.30514162499999997
0.25,0.25,0.375,0.24636875,0.253075375,0.36028325
0.25,0.25,0.4375,0.244553125,0.25461306250000004,0.415424875
0.25,0.25,0.5,0.2427375,0.25615075000000004,0.4705665
0.25,0.25,0.5625,0.240921875,0.25768843750000003,0.525708125
0.25,0.25,0.625,0.23910625000000002,0.25922612500000003,0.5808497499999999
0.25,0.25,0.6875,0.237290625,0.2607638125,0.635991375
0.25,0.25,0.75,0.235475,0.2623015,0.691133
0.25,0.25,0.8125,0.233659375,0.2638391875,0.746274625
0.25,0.25,0.875,0.23184375000000002,0.265376875,0.80141625
0.25,0.25,0.9375,0.230028125,0.2669145625,0.856557875
0.25,0.25,1.0,0.2282125,0.26845225,0.9116995
0.25,0.3125,0.0,0.265595625,0.30293675000000003,0.0359776875
0.25,0.3125,0.0625,0.26378,0.30447443750000003,0.0911193125
0.25,0.3125,0.125,0.261964375,0.306012125,0.1462609375
0.25,0.3125,0.1875,0.26014875,0.3075498125,0.2014025625
0.25,0.3125,0.25,0.258333125,0.3090875,0.2565441875
0.25,0.3125,0.3125,0.2565175,0.3106251875,0.3116858125
0.25,0.3125,0.375,0.254701875,0.312162875,0.3668274375
0.25,0.3125,0.4375,0.25288625,0.31370056250000006,0.42196906250000005
0.25,0.3125,0.5,0.251070625,0.31523825000000005,0.4771106875
0.25,0.3125,0.5625,0.249255,0.31677593750000005,0.5322523124999999
0.25,0.3125,0.625,0.24743937500000002,0.31831362500000004,0.5873939374999999
0.25,0.3125,0.6875,0.24562375,0.31985131250000004,0.6425355625
0.25,0.3125,0.75,0.243808125,0.32138900000000004,0.6976771875
0.25,0.3125,0.8125,0.2419925,0.32292668750000003,0.7528188124999999
0.25,0.3125,0.875,0.240176875,0.324464375,0.8079604375
0.25,0.3125,0.9375,0.23836125,0.3260020625,0.8631020625
0.25,0.3125,1.0,0.236545625,0.32753975,0.9182436875
0.25,0.375,0.0,0.27392875,0.36202425,0.042521875
0.25,0.375,0.0625,0.272113125,0.3635619375,0.0976635
0.25,0.375,0.125,0.2702975,0.365099625,0.15280512499999999
0.25,0.375,0.1875,0.268481875,0.3666373125,0.20794675
0.25,0.375,0.25,0.26666625,0.368175,0.263088375
0.25,0.375,0.3125,0.264850625,0.36971268749999997,0.31822999999999996
0.25,0.375,0.375,0.263035,0.37125037499999997,0.373371625
0.25,0.375,0.4375,0.261219375,0.3727880625,0.42851325
0.25,0.375,0.5,0.25940375,0.37432575,0.483654875
0.25,0.375,0.5625,0.257588125,0.3758634375,0.5387965
0.25,0.375,0.625,0.2557725,0.377401125,0.593938125
0.25,0.375,0.6875,0.25395687499999997,0.3789388125,0.6490797500000001
0.25,0.375,0.75,0.25214125,0.3804765,0.704221375
0.25,0.375,0.8125,0.250325625,0.3820141875,0.759363
0.25,0.375,0.875,0.24851,0.383551875,0.8145046250000001
0.25,0.375,0.9375,0.246694375,0.3850895625,0.8696462500000001
0.25,0.375,1.0,0.24487875,0.38662725,0.924787875
0.25,0.4375,0.0,0.282261875,0.42111175,0.0490660625
0.25,0.4375,0.0625,0.28044625,0.4226494375,0.1042076875
0.25,0.4375,0.125,0.278630625,0.424187125,0.1593493125
0.25,0.4375,0.1875,0.276815,0.4257248125,0.2144909375
0.25,0.4375,0.25,0.274999375,0.4272625,0.2696325625
0.25,0.4375,0.3125,0.27318375,0.4288001875,0.3247741875
0.25,0.4375,0.375,0.271368125,0.430337875,0.3799158125
0.25,0.4375,0.4375,0.2695525,0.43187556250000003,0.43505743750000003
0.25,0.4375,0.5,0.267736875,0.43341325,0.4901990625
0.25,0.4375,0.5625,0.26592125,0.4349509375,0.5453406875
0.25,0.4375,0.625,0.264105625,0.436488625,0.6004823125
0.25,0.4375,0.6875,0.26229,0.4380263125,0.6556239375
0.25,0.4375,0.75,0.260474375,0.439564,0.7107655625
0.25,0.4375,0.8125,0.25865875,0.4411016875,0.7659071875
0.25,0.4375,0.875,0.256843125,0.442639375,0.8210488125000001
0.25,0.4375,0.9375,0.2550275,0.4441770625,0.8761904375
0.25,0.4375,1.0,0.253211875,0.44571475,0.9313320625
0.25,0.5,0.0,0.290595,0.48019925,0.05561025
0.25,0.5,0.0625,0.288779375,0.4817369375,0.110751875
0.25,0.5,0.125,0.28696375,0.483274625,0.1658935
0.25,0.5,0.1875,0.285148125,0.4848123125,0.221035125
0.25,0.5,0.25,0.2833325,0.48635,0.27617674999999997
0.25,0.5,0.3125,0.281516875,0.4878876875,0.33131837499999994
0.25,0.5,0.375,0.27970125,0.489425375,0.38646
0.25,0.5,0.4375,0.27788562499999997,0.49096306250000005,0.441601625
0.25,0.5,0.5,0.27607,0.49250075000000004,0.49674324999999997
0.25,0.5,0.5625,0.274254375,0.49403843750000004,0.5518848749999999
0.25,0.5,0.625,0.27243875,0.49557612500000003,0.6070264999999999
0.25,0.5,0.6875,0.27062312499999996,0.49711381250000003,0.662168125
0.25,0.5,0.75,0.2688075,0.4986515,0.71730975
0.25,0.5,0.8125,0.266991875,0.5001891875,0.7724513749999999
0.25,0.5,0.875,0.26517625,0.501726875,0.827593
0.25,0.5,0.9375,0.263360625,0.5032645625000001,0.882734625
0.25,0.5,1.0,0.26154499999999997,0.50480225,0.93787625
0.25,0.5625,0.0,0.298928125,0.5392867499999999,0.0621544375
0.25,0.5625,0.0625,0.2971125,0.5408244375,0.11729606249999999
0.25,0.5625,0.125,0.295296875,0.5423621249999999,0.1724376875
0.25,0.5625,0.1875,0.29348124999999997,0.5438998125,0.2275793125
0.25,0.5625,0.25,0.291665625,0.5454374999999999,0.2827209375
0.25,0.5625,0.3125,0.28985,0.5469751875,0.33786256249999996
0.25,0.5625,0.375,0.288034375,0.5485128749999999,0.3930041875
0.25,0.5625,0.4375,0.28621874999999997,0.5500505625,0.4481458125
0.25,0.5625,0.5,0.284403125,0.5515882499999999,0.5032874375
0.25,0.5625,0.5625,0.2825875,0.5531259374999999,0.5584290625
0.25,0.5625,0.625,0.280771875,0.5546636249999999,0.6135706875
0.25,0.5625,0.6875,0.27895625,0.5562013124999999,0.6687123125000001
0.25,0.5625,0.75,0.277140625,0.5577389999999999,0.7238539375
0.25,0.5625,0.8125,0.275325,0.5592766874999999,0.7789955625
0.25,0.5625,0.875,0.273509375,0.560814375,0.8341371875000001
0.25,0.5625,0.9375,0.27169375,0.5623520624999999,0.8892788125000001
0.25,0.5625,1.0,0.26987812499999997,0.56388975,0.9444204375
0.25,0.625,0.0,0.30726125,0.59837425,0.068698625
0.25,0.625,0.0625,0.305445625,0.5999119375,0.12384025
0.25,0.625,0.125,0.30363,0.601449625,0.178981875
0.25,0.625,0.1875,0.30181437499999997,0.6029873125,0.23412349999999998
0.25,0.625,0.25,0.29999875,0.604525,0.289265125
0.25,0.625,0.3125,0.298183125,0.6060626875,0.34440675
0.25,0.625,0.375,0.2963675,0.607600375,0.399548375
0.25,0.625,0.4375,0.29455187499999996,0.6091380625,0.45469000000000004
0.25,0.625,0.5,0.29273625,0.61067575,0.509831625
0.25,0.625,0.5625,0.290920625,0.6122134375,0.56497325
0.25,0.625,0.625,0.289105,0.613751125,0.620114875
0.25,0.625,0.6875,0.28728937499999996,0.6152888125,0.6752565
0.25,0.625,0.75,0.28547374999999997,0.6168264999999999,0.730398125
0.25,0.625,0.8125,0.283658125,0.6183641875,0.78553975
0.25,0.625,0.875,0.2818425,0.619901875,0.8406813750000001
0.25,0.625,0.9375,0.280026875,0.6214395625,0.895823
0.25,0.625,1.0,0.27821124999999997,0.62297725,0.950964625
0.25,0.6875,0.0,0.315594375,0.65746175,0.0752428125
0.25,0.6875,0.0625,0.31377875,0.6589994375,0.1303844375
0.25,0.6875,0.125,0.311963125,0.660537125,0.1855260625
0.25,0.6875,0.1875,0.31014749999999996,0.6620748125,0.2406676875
0.25,0.6875,0.25,0.308331875,0.6636124999999999,0.2958093125
0.25,0.6875,0.3125,0.30651625,0.6651501875,0.35095093749999995
0.25,0.6875,0.375,0.304700625,0.6666878749999999,0.40609256250000003
0.25,0.6875,0.4375,0.30288499999999996,0.6682255625,0.4612341875
0.25,0.6875,0.5,0.301069375,0.6697632499999999,0.5163758125
0.25,0.6875,0.5625,0.29925375,0.6713009375,0.5715174375
0.25,0.6875,0.625,0.297438125,0.6728386249999999,0.6266590624999999
0.25,0.6875,0.6875,0.2956225,0.6743763125,0.6818006875
0.25,0.6875,0.75,0.29380687499999997,0.6759139999999999,0.7369423125
0.25,0.6875,0.8125,0.29199125,0.6774516875,0.7920839375
0.25,0.6875,0.875,0.290175625,0.678989375,0.8472255625
0.25,0.6875,0.9375,0.28836,0.6805270625,0.9023671875
0.25,0.6875,1.0,0.28654437499999996,0.68206475,0.9575088125
0.25,0.75,0.0,0.3239275,0.7165492499999999,0.081787
0.25,0.75,0.0625,0.322111875,0.7180869375,0.136928625
0.25,0.75,0.125,0.32029625,0.7196246249999999,0.19207025
0.25,0.75,0.1875,0.31848062499999996,0.7211623125,0.247211875
0.25,0.75,0.25,0.316665,0.7226999999999999,0.3023535
0.25,0.75,0.3125,0.314849375,0.7242376875,0.35749512499999997
0.25,0.75,0.375,0.31303375,0.7257753749999999,0.41263675
0.25,0.75,0.4375,0.31121812499999996,0.7273130624999999,0.467778375
0.25,0.75,0.5,0.30940249999999997,0.7288507499999999,0.52292
0.25,0.75,0.5625,0.307586875,0.7303884374999999,0.5780616249999999
0.25,0.75,0.625,0.30577125,0.7319261249999999,0.63320325
0.25,0.75,0.6875,0.30395562499999995,0.7334638124999999,0.6883448750000001
0.25,0.75,0.75,0.30213999999999996,0.7350014999999999,0.7434864999999999
0.25,0.75,0.8125,0.300324375,0.7365391874999999,0.798628125
0.25,0.75,0.875,0.29850875,0.738076875,0.8537697500000001
0.25,0.75,0.9375,0.296693125,0.7396145624999999,0.908911375
0.25,0.75,1.0,0.29487749999999996,0.74115225,0.964053
0.25,0.8125,0.0,0.332260625,0.77563675,0.08833118749999999
0.25,0.8125,0.0625,0.330445,0.7771744375,0.1434728125
0.25,0.8125,0.125,0.328629375,0.778712125,0.1986144375
0.25,0.8125,0.1875,0.32681374999999996,0.7802498125,0.2537560625
0.25,0.8125,0.25,0.32499812499999997,0.7817875,0.3088976875
0.25,0.8125,0.3125,0.3231825,0.7833251875,0.3640393125
0.25,0.8125,0.375,0.321366875,0.784862875,0.41918093749999996
0.25,0.8125,0.4375,0.31955124999999995,0.7864005625,0.47432256250000004
0.25,0.8125,0.5,0.31773562499999997,0.78793825,0.5294641875
0.25,0.8125,0.5625,0.31592,0.7894759375,0.5846058125
0.25,0.8125,0.625,0.314104375,0.7910136249999999,0.6397474375
0.25,0.8125,0.6875,0.31228875,0.7925513125,0.6948890625
0.25,0.8125,0.75,0.31047312499999996,0.7940889999999999,0.7500306875
0.25,0.8125,0.8125,0.3086575,0.7956266875,0.8051723125
0.25,0.8125,0.875,0.306841875,0.797164375,0.8603139375000001
0.25,0.8125,0.9375,0.30502625,0.7987020625,0.9154555625
0.25,0.8125,1.0,0.30321062499999996,0.80023975,0.9705971875
0.25,0.875,0.0,0.34059375000000003,0.83472425,0.094875375
0.25,0.875,0.0625,0.33877812500000004,0.8362619375,0.150017
0.25,0.875,0.125,0.33696250000000005,0.8377996249999999,0.20515862499999998
0.25,0.875,0.1875,0.335146875,0.8393373125,0.26030025
0.25,0.875,0.25,0.33333125,0.8408749999999999,0.315441875
0.25,0.875,0.3125,0.33151562500000004,0.8424126875,0.37058349999999995
0.25,0.875,0.375,0.32970000000000005,0.8439503749999999,0.425725125
0.25,0.875,0.4375,0.327884375,0.8454880625,0.48086675
0.25,0.875,0.5,0.32606875,0.8470257499999999,0.536008375
0.25,0.875,0.5625,0.32425312500000003,0.8485634375,0.59115
0.25,0.875,0.625,0.32243750000000004,0.8501011249999999,0.6462916249999999
0.25,0.875,0.6875,0.32062187500000006,0.8516388125,0.70143325
0.25,0.875,0.75,0.31880625,0.8531764999999999,0.756574875
0.25,0.875,0.8125,0.316990625,0.8547141874999999,0.8117165
0.25,0.875,0.875,0.31517500000000004,0.856251875,0.866858125
0.25,0.875,0.9375,0.31335937500000005,0.8577895624999999,0.92199975
0.25,0.875,1.0,0.31154375,0.85932725,0.977141375
0.25,0.9375,0.0,0.34892687499999997,0.89381175,0.1014195625
0.25,0.9375,0.0625,0.34711125,0.8953494375000001,0.1565611875
0.25,0.9375,0.125,0.345295625,0.896887125,0.2117028125
0.25,0.9375,0.1875,0.34347999999999995,0.8984248125000001,0.2668444375
0.25,0.9375,0.25,0.34166437499999996,0.8999625,0.3219860625
0.25,0.9375,0.3125,0.33984875,0.9015001875,0.3771276875
0.25,0.9375,0.375,0.338033125,0.903037875,0.4322693125
0.25,0.9375,0.4375,0.33621749999999995,0.9045755625,0.48741093750000003
0.25,0.9375,0.5,0.33440187499999996,0.90611325,0.5425525625000001
0.25,0.9375,0.5625,0.33258624999999997,0.9076509375,0.5976941874999999
0.25,0.9375,0.625,0.330770625,0.909188625,0.6528358125
0.25,0.9375,0.6875,0.328955,0.9107263125,0.7079774375000001
0.25,0.9375,0.75,0.32713937499999995,0.912264,0.7631190625
0.25,0.9375,0.8125,0.32532374999999997,0.9138016875,0.8182606875
0.25,0.9375,0.875,0.323508125,0.9153393750000001,0.8734023125000001
0.25,0.9375,0.9375,0.3216925,0.9168770625,0.9285439375
0.25,0.9375,1.0,0.31987687499999995,0.9184147500000001,0.9836855625
0.25,1.0,0.0,0.35726,0.95289925,0.10796375
0.25,1.0,0.0625,0.35544437500000003,0.9544369375,0.163105375
0.25,1.0,0.125,0.35362875000000005,0.955974625,0.218247
0.25,1.0,0.1875,0.351813125,0.9575123125,0.273388625
0.25,1.0,0.25,0.3499975,0.95905,0.32853025
0.25,1.0,0.3125,0.34818187500000003,0.9605876875,0.383671875
0.25,1.0,0.375,0.34636625000000004,0.962125375,0.43881349999999997
0.25,1.0,0.4375,0.344550625,0.9636630625,0.49395512500000005
0.25,1.0,0.5,0.342735,0.9652007499999999,0.54909675
0.25,1.0,0.5625,0.340919375,0.9667384375,0.604238375
0.25,1.0,0.625,0.33910375000000004,0.9682761249999999,0.65938
0.25,1.0,0.6875,0.33728812500000005,0.9698138125,0.714521625
0.25,1.0,0.75,0.3354725,0.9713514999999999,0.76966325
0.25,1.0,0.8125,0.333656875,0.9728891875,0.824804875
0.25,1.0,0.875,0.33184125000000003,0.974426875,0.8799465000000001
0.25,1.0,0.9375,0.33002562500000004,0.9759645625,0.935088125
0.25,1.0,1.0,0.32821,0.97750225,0.99022975
0.3125,0.0,0.0,0.2799125,0.0093740625,0.0040709375
0.3125,0.0,0.0625,0.278096875,0.010911750000000001,0.059212562499999996
0.3125,0.0,0.125,0.27628125000000003,0.0124494375,0.1143541875
0.3125,0.0,0.1875,0.274465625,0.013987125,0.1694958125
0.3125,0.0,0.25,0.27265,0.0155248125,0.2246374375
0.3125,0.0,0.3125,0.270834375,0.0170625,0.27977906249999995
0.3125,0.0,0.375,0.26901875000000003,0.0186001875,0.3349206875
0.3125,0.0,0.4375,0.267203125,0.020137875,0.3900623125
0.3125,0.0,0.5,0.2653875,0.021675562500000002,0.4452039375
0.3125,0.0,0.5625,0.263571875,0.023213249999999998,0.5003455625
0.3125,0.0,0.625,0.26175625,0.0247509375,0.5554871874999999
0.3125,0.0,0.6875,0.25994062500000004,0.026288625000000003,0.6106288125
0.3125,0.0,0.75,0.258125,0.0278263125,0.6657704375
0.3125,0.0,0.8125,0.256309375,0.029364,0.7209120625
0.3125,0.0,0.875,0.25449375,0.030901687500000004,0.7760536875
0.3125,0.0,0.9375,0.25267812500000003,0.032439375,0.8311953125
0.3125,0.0,1.0,0.2508625,0.0339770625,0.8863369375
0.3125,0.0625,0.0,0.288245625,0.0684615625,0.010615125
0.3125,0.0625,0.0625,0.28643,0.06999925,0.06575675
0.3125,0.0625,0.125,0.28461437500000003,0.07153693750000001,0.120898375
0.3125,0.0625,0.1875,0.28279875,0.073074625,0.17604
0.3125,0.0625,0.25,0.280983125,0.0746123125,0.231181625
0.3125,0.0625,0.3125,0.2791675,0.07615000000000001,0.28632325
0.3125,0.0625,0.375,0.277351875,0.0776876875,0.341464875
0.3125,0.0625,0.4375,0.27553625,0.079225375,0.39660650000000003
0.3125,0.0625,0.5,0.273720625,0.08076306250000001,0.451748125
0.3125,0.0625,0.5625,0.271905,0.08230075,0.5068897499999999
0.3125,0.0625,0.625,0.270089375,0.0838384375,0.5620313749999999
0.3125,0.0625,0.6875,0.26827375,0.085376125,0.617173
0.3125,0.0625,0.75,0.266458125,0.0869138125,0.6723146249999999
0.3125,0.0625,0.8125,0.2646425,0.0884515,0.7274562499999999
0.3125,0.0625,0.875,0.262826875,0.08998918750000001,0.782597875
0.3125,0.0625,0.9375,0.26101125000000003,0.09152687500000001,0.8377395
0.3125,0.0625,1.0,0.259195625,0.0930645625,0.8928811249999999
0.3125,0.125,0.0,0.29657875,0.1275490625,0.0171593125
0.3125,0.125,0.0625,0.294763125,0.12908675,0.0723009375
0.3125,0.125,0.125,0.2929475,0.1306244375,0.1274425625
0.3125,0.125,0.1875,0.291131875,0.132162125,0.1825841875
0.3125,0.125,0.25,0.28931625,0.13369981250000001,0.2377258125
0.3125,0.125,0.3125,0.287500625,0.1352375,0.2928674375
0.3125,0.125,0.375,0.285685,0.1367751875,0.3480090625
0.3125,0.125,0.4375,0.283869375,0.138312875,0.40315068750000005
0.3125,0.125,0.5,0.28205375,0.1398505625,0.4582923125
0.3125,0.125,0.5625,0.280238125,0.14138825,0.5134339375
0.3125,0.125,0.625,0.2784225,0.14292593750000002,0.5685755625
0.3125,0.125,0.6875,0.27660687500000003,0.144463625,0.6237171875
0.3125,0.125,0.75,0.27479125,0.1460013125,0.6788588125
0.3125,0.125,0.8125,0.272975625,0.147539,0.7340004375
0.3125,0.125,0.875,0.27116,0.1490766875,0.7891420625000001
0.3125,0.125,0.9375,0.269344375,0.150614375,0.8442836875
0.3125,0.125,1.0,0.26752875,0.15215206250000002,0.8994253125
0.3125,0.1875,0.0,0.304911875,0.1866365625,0.0237035
0.3125,0.1875,0.0625,0.30309625,0.18817425,0.078845125
0.3125,0.1875,0.125,0.301280625,0.18971193749999998,0.13398675
0.3125,0.1875,0.1875,0.299465,0.19124962499999998,0.189128375
0.3125,0.1875,0.25,0.297649375,0.1927873125,0.24427
0.3125,0.1875,0.3125,0.29583375,0.194325,0.29941162499999996
0.3125,0.1875,0.375,0.294018125,0.1958626875,0.35455325
0.3125,0.1875,0.4375,0.2922025,0.197400375,0.409694875
0.3125,0.1875,0.5,0.290386875,0.19893806249999998,0.4648365
0.3125,0.1875,0.5625,0.28857125,0.20047574999999998,0.519978125
0.3125,0.1875,0.625,0.286755625,0.2020134375,0.5751197499999999
0.3125,0.1875,0.6875,0.28493999999999997,0.203551125,0.630261375
0.3125,0.1875,0.75,0.283124375,0.2050888125,0.685403
0.3125,0.1875,0.8125,0.28130875,0.2066265,0.740544625
0.3125,0.1875,0.875,0.279493125,0.2081641875,0.79568625
0.3125,0.1875,0.9375,0.2776775,0.20970187499999998,0.850827875
0.3125,0.1875,1.0,0.275861875,0.21123956249999998,0.9059695
0.3125,0.25,0.0,0.313245,0.2457240625,0.0302476875
0.3125,0.25,0.0625,0.311429375,0.24726175,0.0853893125
0.3125,0.25,0.125,0.30961375,0.2487994375,0.1405309375
0.3125,0.25,0.1875,0.307798125,0.250337125,0.1956725625
0.3125,0.25,0.25,0.3059825,0.2518748125,0.2508141875
0.3125,0.25,0.3125,0.304166875,0.2534125,0.3059558125
0.3125,0.25,0.375,0.30235125,0.2549501875,0.3610974375
0.3125,0.25,0.4375,0.300535625,0.25648787500000003,0.41623906250000003
0.3125,0.25,0.5,0.29872,0.2580255625,0.4713806875
0.3125,0.25,0.5625,0.296904375,0.25956325,0.5265223124999999
0.3125,0.25,0.625,0.29508875,0.2611009375,0.5816639374999999
0.3125,0.25,0.6875,0.293273125,0.262638625,0.6368055625
0.3125,0.25,0.75,0.2914575,0.2641763125,0.6919471875
0.3125,0.25,0.8125,0.289641875,0.265714,0.7470888124999999
0.3125,0.25,0.875,0.28782625,0.2672516875,0.8022304375
0.3125,0.25,0.9375,0.286010625,0.268789375,0.8573720625
0.3125,0.25,1.0,0.284195,0.2703270625,0.9125136875
0.3125,0.3125,0.0,0.321578125,0.3048115625,0.036791875
0.3125,0.3125,0.0625,0.3197625,0.30634925,0.0919335
0.3125,0.3125,0.125,0.317946875,0.3078869375,0.147075125
0.3125,0.3125,0.1875,0.31613125,0.309424625,0.20221675
0.3125,0.3125,0.25,0.314315625,0.3109623125,0.25735837500000003
0.3125,0.3125,0.3125,0.3125,0.3125,0.3125
0.3125,0.3125,0.375,0.310684375,0.3140376875,0.36764162499999997
0.3125,0.3125,0.4375,0.30886874999999997,0.31557537500000005,0.42278325000000005
0.3125,0.3125,0.5,0.307053125,0.31711306250000004,0.477924875
0.3125,0.3125,0.5625,0.3052375,0.31865075000000004,0.5330665
0.3125,0.3125,0.625,0.303421875,0.32018843750000003,0.588208125
0.3125,0.3125,0.6875,0.30160624999999996,0.32172612500000003,0.64334975
0.3125,0.3125,0.75,0.299790625,0.3232638125,0.698491375
0.3125,0.3125,0.8125,0.297975,0.3248015,0.753633
0.3125,0.3125,0.875,0.296159375,0.3263391875,0.8087746250000001
0.3125,0.3125,0.9375,0.29434375,0.327876875,0.86391625
0.3125,0.3125,1.0,0.29252812499999997,0.3294145625,0.919057875
0.3125,0.375,0.0,0.32991125,0.3638990625,0.043336062499999994
0.3125,0.375,0.0625,0.328095625,0.36543675,0.0984776875
0.3125,0.375,0.125,0.32628,0.3669744375,0.1536193125
0.3125,0.375,0.1875,0.32446437499999997,0.36851212499999997,0.2087609375
0.3125,0.375,0.25,0.32264875,0.37004981249999996,0.2639025625
0.3125,0.375,0.3125,0.320833125,0.37158749999999996,0.31904418749999996
0.3125,0.375,0.375,0.3190175,0.37312518749999996,0.3741858125
0.3125,0.375,0.4375,0.31720187499999997,0.374662875,0.4293274375
0.3125,0.375,0.5,0.31538625,0.3762005625,0.4844690625
0.3125,0.375,0.5625,0.313570625,0.37773825,0.5396106875
0.3125,0.375,0.625,0.311755,0.3792759375,0.5947523124999999
0.3125,0.375,0.6875,0.309939375,0.380813625,0.6498939375
0.3125,0.375,0.75,0.30812375,0.3823513125,0.7050355625
0.3125,0.375,0.8125,0.306308125,0.383889,0.7601771875
0.3125,0.375,0.875,0.3044925,0.3854266875,0.8153188125
0.3125,0.375,0.9375,0.302676875,0.38696437499999997,0.8704604375
0.3125,0.375,1.0,0.30086124999999997,0.38850206249999997,0.9256020625
0.3125,0.4375,0.0,0.33824437500000004,0.4229865625,0.04988025
0.3125,0.4375,0.0625,0.33642875000000005,0.42452425,0.105021875
0.3125,0.4375,0.125,0.33461312500000007,0.4260619375,0.16016350000000001
0.3125,0.4375,0.1875,0.3327975,0.427599625,0.21530512499999999
0.3125,0.4375,0.25,0.33098187500000004,0.4291373125,0.27044675
0.3125,0.4375,0.3125,0.32916625000000005,0.430675,0.325588375
0.3125,0.4375,0.375,0.32735062500000006,0.43221268749999997,0.38073
0.3125,0.4375,0.4375,0.325535,0.433750375,0.43587162500000004
0.3125,0.4375,0.5,0.32371937500000003,0.4352880625,0.49101325
0.3125,0.4375,0.5625,0.32190375000000004,0.43682575,0.5461548749999999
0.3125,0.4375,0.625,0.32008812500000006,0.4383634375,0.6012964999999999
0.3125,0.4375,0.6875,0.31827250000000007,0.439901125,0.656438125
0.3125,0.4375,0.75,0.316456875,0.4414388125,0.71157975
0.3125,0.4375,0.8125,0.31464125000000004,0.4429765,0.7667213749999999
0.3125,0.4375,0.875,0.31282562500000005,0.4445141875,0.821863
0.3125,0.4375,0.9375,0.31101000000000006,0.446051875,0.877004625
0.3125,0.4375,1.0,0.309194375,0.4475895625,0.93214625
0.3125,0.5,0.0,0.3465775,0.4820740625,0.056424437499999994
0.3125,0.5,0.0625,0.344761875,0.48361175,0.1115660625
0.3125,0.5,0.125,0.34294625,0.4851494375,0.16670768749999998
0.3125,0.5,0.1875,0.34113062499999997,0.486687125,0.2218493125
0.3125,0.5,0.25,0.339315,0.4882248125,0.2769909375
0.3125,0.5,0.3125,0.337499375,0.4897625,0.33213256249999995
0.3125,0.5,0.375,0.33568375,0.4913001875,0.3872741875
0.3125,0.5,0.4375,0.33386812499999996,0.49283787500000004,0.4424158125
0.3125,0.5,0.5,0.3320525,0.49437556250000003,0.4975574375
0.3125,0.5,0.5625,0.330236875,0.49591325,0.5526990625
0.3125,0.5,0.625,0.32842125,0.4974509375,0.6078406875
0.3125,0.5,0.6875,0.326605625,0.498988625,0.6629823125000001
0.3125,0.5,0.75,0.32478999999999997,0.5005263125,0.7181239375
0.3125,0.5,0.8125,0.322974375,0.5020640000000001,0.7732655625
0.3125,0.5,0.875,0.32115875,0.5036016875,0.8284071875000001
0.3125,0.5,0.9375,0.319343125,0.5051393750000001,0.8835488125000001
0.3125,0.5,1.0,0.31752749999999996,0.5066770625,0.9386904375
0.3125,0.5625,0.0,0.35491062500000004,0.5411615624999999,0.062968625
0.3125,0.5625,0.0625,0.35309500000000005,0.54269925,0.11811025
0.3125,0.5625,0.125,0.35127937500000006,0.5442369374999999,0.173251875
0.3125,0.5625,0.1875,0.34946375,0.545774625,0.2283935
0.3125,0.5625,0.25,0.34764812500000003,0.5473123124999999,0.283535125
0.3125,0.5625,0.3125,0.34583250000000004,0.54885,0.33867674999999997
0.3125,0.5625,0.375,0.34401687500000006,0.5503876874999999,0.393818375
0.3125,0.5625,0.4375,0.34220125,0.5519253749999999,0.44896
0.3125,0.5625,0.5,0.340385625,0.5534630624999999,0.504101625
0.3125,0.5625,0.5625,0.33857000000000004,0.5550007499999999,0.55924325
0.3125,0.5625,0.625,0.33675437500000005,0.5565384374999999,0.6143848749999999
0.3125,0.5625,0.6875,0.33493875000000006,0.5580761249999999,0.6695265
0.3125,0.5625,0.75,0.333123125,0.5596138124999999,0.724668125
0.3125,0.5625,0.8125,0.33130750000000003,0.5611514999999999,0.77980975
0.3125,0.5625,0.875,0.32949187500000005,0.5626891875,0.834951375
0.3125,0.5625,0.9375,0.32767625000000006,0.5642268749999999,0.890093
0.3125,0.5625,1.0,0.325860625,0.5657645625,0.945234625
0.3125,0.625,0.0,0.36324375,0.6002490625,0.06951281249999999
0.3125,0.625,0.0625,0.361428125,0.60178675,0.12465443749999999
0.3125,0.625,0.125,0.3596125,0.6033244375,0.1797960625
0.3125,0.625,0.1875,0.35779687499999996,0.604862125,0.2349376875
0.3125,0.625,0.25,0.35598124999999997,0.6063998125,0.29007931249999996
0.3125,0.625,0.3125,0.354165625,0.6079375,0.34522093749999994
0.3125,0.625,0.375,0.35235,0.6094751875,0.4003625625
0.3125,0.625,0.4375,0.35053437499999995,0.611012875,0.4555041875
0.3125,0.625,0.5,0.34871874999999997,0.6125505625,0.5106458125
0.3125,0.625,0.5625,0.346903125,0.61408825,0.5657874374999999
0.3125,0.625,0.625,0.3450875,0.6156259374999999,0.6209290624999999
0.3125,0.625,0.6875,0.343271875,0.617163625,0.6760706875
0.3125,0.625,0.75,0.34145624999999996,0.6187013124999999,0.7312123125
0.3125,0.625,0.8125,0.339640625,0.620239,0.7863539374999999
0.3125,0.625,0.875,0.337825,0.6217766875,0.8414955625
0.3125,0.625,0.9375,0.336009375,0.623314375,0.8966371875
0.3125,0.625,1.0,0.33419374999999996,0.6248520625,0.9517788125
0.3125,0.6875,0.0,0.37157687500000003,0.6593365625,0.076057
0.3125,0.6875,0.0625,0.36976125000000004,0.66087425,0.131198625
0.3125,0.6875,0.125,0.36794562500000005,0.6624119374999999,0.18634024999999999
0.3125,0.6875,0.1875,0.36613,0.663949625,0.241481875
0.3125,0.6875,0.25,0.364314375,0.6654873124999999,0.2966235
0.3125,0.6875,0.3125,0.36249875000000004,0.667025,0.35176512499999996
0.3125,0.6875,0.375,0.36068312500000005,0.6685626874999999,0.40690675
0.3125,0.6875,0.4375,0.3588675,0.670100375,0.462048375
0.3125,0.6875,0.5,0.357051875,0.6716380624999999,0.51719
0.3125,0.6875,0.5625,0.35523625000000003,0.67317575,0.572331625
0.3125,0.6875,0.625,0.35342062500000004,0.6747134374999999,0.62747325
0.3125,0.6875,0.6875,0.35160500000000006,0.676251125,0.6826148750000001
0.3125,0.6875,0.75,0.349789375,0.6777888124999999,0.7377565
0.3125,0.6875,0.8125,0.34797375,0.6793264999999999,0.792898125
0.3125,0.6875,0.875,0.34615812500000004,0.6808641875,0.8480397500000001
0.3125,0.6875,0.9375,0.34434250000000005,0.6824018749999999,0.9031813750000001
0.3125,0.6875,1.0,0.342526875,0.6839395625,0.958323
0.3125,0.75,0.0,0.37991,0.7184240624999999,0.08260118749999999
0.3125,0.75,0.0625,0.37809437500000004,0.71996175,0.13774281249999998
0.3125,0.75,0.125,0.37627875000000005,0.7214994374999999,0.1928844375
0.3125,0.75,0.1875,0.374463125,0.723037125,0.24802606249999998
0.3125,0.75,0.25,0.3726475,0.7245748124999999,0.3031676875
0.3125,0.75,0.3125,0.37083187500000003,0.7261124999999999,0.3583093125
0.3125,0.75,0.375,0.36901625000000005,0.7276501874999999,0.4134509375
0.3125,0.75,0.4375,0.367200625,0.7291878749999999,0.46859256250000003
0.3125,0.75,0.5,0.365385,0.7307255624999999,0.5237341875
0.3125,0.75,0.5625,0.36356937500000003,0.7322632499999999,0.5788758125
0.3125,0.75,0.625,0.36175375000000004,0.7338009374999999,0.6340174375
0.3125,0.75,0.6875,0.359938125,0.7353386249999999,0.6891590625
0.3125,0.75,0.75,0.3581225,0.7368763124999999,0.7443006875
0.3125,0.75,0.8125,0.356306875,0.7384139999999999,0.7994423125
0.3125,0.75,0.875,0.35449125000000004,0.7399516875,0.8545839375000001
0.3125,0.75,0.9375,0.35267562500000005,0.7414893749999999,0.9097255625
0.3125,0.75,1.0,0.35086,0.7430270625,0.9648671875
0.3125,0.8125,0.0,0.388243125,0.7775115625,0.08914537499999999
0.3125,0.8125,0.0625,0.38642750000000003,0.77904925,0.144287
0.3125,0.8125,0.125,0.38461187500000005,0.7805869375,0.19942862499999997
0.3125,0.8125,0.1875,0.38279625,0.782124625,0.25457025
0.3125,0.8125,0.25,0.380980625,0.7836623125,0.30971187499999997
0.3125,0.8125,0.3125,0.37916500000000003,0.7852,0.36485349999999994
0.3125,0.8125,0.375,0.37734937500000004,0.7867376875,0.41999512499999997
0.3125,0.8125,0.4375,0.37553375,0.788275375,0.47513675
0.3125,0.8125,0.5,0.373718125,0.7898130624999999,0.530278375
0.3125,0.8125,0.5625,0.3719025,0.79135075,0.5854199999999999
0.3125,0.8125,0.625,0.37008687500000004,0.7928884374999999,0.6405616249999999
0.3125,0.8125,0.6875,0.36827125000000005,0.794426125,0.69570325
0.3125,0.8125,0.75,0.366455625,0.7959638124999999,0.750844875
0.3125,0.8125,0.8125,0.36464,0.7975015,0.8059864999999999
0.3125,0.8125,0.875,0.36282437500000003,0.7990391875,0.861128125
0.3125,0.8125,0.9375,0.36100875000000004,0.800576875,0.91626975
0.3125,0.8125,1.0,0.359193125,0.8021145625,0.971411375
0.3125,0.875,0.0,0.39657625,0.8365990624999999,0.09568956249999999
0.3125,0.875,0.0625,0.39476062500000003,0.83813675,0.1508311875
0.3125,0.875,0.125,0.39294500000000004,0.8396744374999999,0.2059728125
0.3125,0.875,0.1875,0.391129375,0.841212125,0.26111443749999996
0.3125,0.875,0.25,0.38931375,0.8427498124999999,0.3162560625
0.3125,0.875,0.3125,0.387498125,0.8442875,0.37139768749999996
0.3125,0.875,0.375,0.38568250000000004,0.8458251874999999,0.4265393125
0.3125,0.875,0.4375,0.383866875,0.847362875,0.4816809375
0.3125,0.875,0.5,0.38205125,0.8489005624999999,0.5368225625
0.3125,0.875,0.5625,0.380235625,0.85043825,0.5919641874999999
0.3125,0.875,0.625,0.37842000000000003,0.8519759374999999,0.6471058125
0.3125,0.875,0.6875,0.376604375,0.8535136249999999,0.7022474375000001
0.3125,0.875,0.75,0.37478875,0.8550513124999999,0.7573890624999999
0.3125,0.875,0.8125,0.372973125,0.8565889999999999,0.8125306875
0.3125,0.875,0.875,0.37115750000000003,0.8581266875,0.8676723125000001
0.3125,0.875,0.9375,0.36934187500000004,0.8596643749999999,0.9228139375
0.3125,0.875,1.0,0.36752625,0.8612020625,0.9779555625
0.3125,0.9375,0.0,0.404909375,0.8956865625,0.10223375
0.3125,0.9375,0.0625,0.40309375000000003,0.8972242500000001,0.15737537499999998
0.3125,0.9375,0.125,0.40127812500000004,0.8987619375,0.212517
0.3125,0.9375,0.1875,0.3994625,0.900299625,0.267658625
0.3125,0.9375,0.25,0.397646875,0.9018373125,0.32280025
0.3125,0.9375,0.3125,0.39583125,0.903375,0.377941875
0.3125,0.9375,0.375,0.39401562500000004,0.9049126875,0.4330835
0.3125,0.9375,0.4375,0.3922,0.906450375,0.48822512500000004
0.3125,0.9375,0.5,0.390384375,0.9079880625,0.54336675
0.3125,0.9375,0.5625,0.38856875,0.90952575,0.598508375
0.3125,0.9375,0.625,0.38675312500000003,0.9110634375,0.65365
0.3125,0.9375,0.6875,0.38493750000000004,0.912601125,0.708791625
0.3125,0.9375,0.75,0.383121875,0.9141388125,0.76393325
0.3125,0.9375,0.8125,0.38130625,0.9156765,0.819074875
0.3125,0.9375,0.875,0.379490625,0.9172141875,0.8742165000000001
0.3125,0.9375,0.9375,0.37767500000000004,0.918751875,0.929358125
0.3125,0.9375,1.0,0.375859375,0.9202895625,0.98449975
0.3125,1.0,0.0,0.4132425,0.9547740625,0.10877793749999999
0.3125,1.0,0.0625,0.411426875,0.95631175,0.1639195625
0.3125,1.0,0.125,0.40961125000000004,0.9578494375,0.21906118749999998
0.3125,1.0,0.1875,0.407795625,0.959387125,0.2742028125
0.3125,1.0,0.25,0.40598,0.9609248125,0.3293444375
0.3125,1.0,0.3125,0.404164375,0.9624625,0.38448606249999995
0.3125,1.0,0.375,0.40234875000000003,0.9640001874999999,0.4396276875
0.3125,1.0,0.4375,0.400533125,0.965537875,0.4947693125
0.3125,1.0,0.5,0.3987175,0.9670755624999999,0.5499109375
0.3125,1.0,0.5625,0.396901875,0.96861325,0.6050525625
0.3125,1.0,0.625,0.39508625,0.9701509374999999,0.6601941874999999
0.3125,1.0,0.6875,0.393270625,0.971688625,0.7153358125
0.3125,1.0,0.75,0.391455,0.9732263124999999,0.7704774375
0.3125,1.0,0.8125,0.389639375,0.974764,0.8256190625
0.3125,1.0,0.875,0.38782375,0.9763016875,0.8807606875
0.3125,1.0,0.9375,0.38600812500000004,0.977839375,0.9359023125
0.3125,1.0,1.0,0.3841925,0.9793770625,0.9910439375
0.375,0.0,0.0,0.335895,0.011248875,0.004885125000000001
0.375,0.0,0.0625,0.334079375,0.012786562500000001,0.060026750000000004
0.375,0.0,0.125,0.33226375,0.01432425,0.115168375
0.375,0.0,0.1875,0.330448125,0.0158619375,0.17031
0.375,0.0,0.25,0.3286325,0.017399625000000002,0.225451625
0.375,0.0,0.3125,0.326816875,0.0189373125,0.28059324999999996
0.375,0.0,0.375,0.32500125,0.020475,0.335734875
0.375,0.0,0.4375,0.323185625,0.022012687500000003,0.3908765
0.375,0.0,0.5,0.32137,0.023550375,0.446018125
0.375,0.0,0.5625,0.319554375,0.0250880625,0.50115975
0.375,0.0,0.625,0.31773875,0.02662575,0.556301375
0.375,0.0,0.6875,0.31592312499999997,0.0281634375,0.6114430000000001
0.375,0.0,0.75,0.3141075,0.029701125000000002,0.666584625
0.375,0.0,0.8125,0.312291875,0.031238812499999997,0.72172625
0.375,0.0,0.875,0.31047625,0.0327765,0.7768678750000001
0.375,0.0,0.9375,0.308660625,0.0343141875,0.8320095000000001
0.375,0.0,1.0,0.306845,0.035851875,0.887151125
0.375,0.0625,0.0,0.344228125,0.070336375,0.0114293125
0.375,0.0625,0.0625,0.3424125,0.0718740625,0.0665709375
0.375,0.0625,0.125,0.340596875,0.07341175000000001,0.1217125625
0.375,0.0625,0.1875,0.33878125,0.07494943750000001,0.1768541875
0.375,0.0625,0.25,0.336965625,0.076487125,0.2319958125
0.375,0.0625,0.3125,0.33515,0.07802481250000001,0.2871374375
0.375,0.0625,0.375,0.333334375,0.07956250000000001,0.3422790625
0.375,0.0625,0.4375,0.33151875,0.0811001875,0.39742068750000004
0.375,0.0625,0.5,0.329703125,0.082637875,0.4525623125
0.375,0.0625,0.5625,0.3278875,0.08417556250000001,0.5077039375
0.375,0.0625,0.625,0.326071875,0.08571325,0.5628455625
0.375,0.0625,0.6875,0.32425625,0.08725093750000001,0.6179871875
0.375,0.0625,0.75,0.322440625,0.08878862500000001,0.6731288125
0.375,0.0625,0.8125,0.320625,0.0903263125,0.7282704375
0.375,0.0625,0.875,0.318809375,0.091864,0.7834120625000001
0.375,0.0625,0.9375,0.31699375,0.09340168750000001,0.8385536875
0.375,0.0625,1.0,0.315178125,0.094939375,0.8936953125
0.375,0.125,0.0,0.35256125,0.129423875,0.0179735
0.375,0.125,0.0625,0.350745625,0.1309615625,0.073115125
0.375,0.125,0.125,0.34893,0.13249924999999999,0.12825675
0.375,0.125,0.1875,0.347114375,0.13403693749999998,0.183398375
0.375,0.125,0.25,0.34529875,0.135574625,0.23854
0.375,0.125,0.3125,0.343483125,0.1371123125,0.29368162499999995
0.375,0.125,0.375,0.3416675,0.13865,0.34882325
0.375,0.125,0.4375,0.33985187499999997,0.1401876875,0.403964875
0.375,0.125,0.5,0.33803625,0.141725375,0.4591065
0.375,0.125,0.5625,0.336220625,0.14326306249999998,0.514248125
0.375,0.125,0.625,0.334405,0.14480075,0.5693897499999999
0.375,0.125,0.6875,0.33258937499999996,0.1463384375,0.624531375
0.375,0.125,0.75,0.33077375,0.147876125,0.679673
0.375,0.125,0.8125,0.328958125,0.1494138125,0.7348146249999999
0.375,0.125,0.875,0.3271425,0.1509515,0.78995625
0.375,0.125,0.9375,0.325326875,0.15248918749999998,0.845097875
0.375,0.125,1.0,0.32351125,0.154026875,0.9002395
0.375,0.1875,0.0,0.360894375,0.18851137499999998,0.0245176875
0.375,0.1875,0.0625,0.35907875,0.19004906249999998,0.0796593125
0.375,0.1875,0.125,0.357263125,0.19158674999999997,0.1348009375
0.375,0.1875,0.1875,0.35544749999999997,0.19312443749999997,0.1899425625
0.375,0.1875,0.25,0.353631875,0.194662125,0.2450841875
0.375,0.1875,0.3125,0.35181625,0.1961998125,0.30022581249999997
0.375,0.1875,0.375,0.350000625,0.19773749999999998,0.3553674375
0.375,0.1875,0.4375,0.34818499999999997,0.19927518749999998,0.4105090625
0.375,0.1875,0.5,0.346369375,0.20081287499999997,0.4656506875
0.375,0.1875,0.5625,0.34455375,0.20235056249999997,0.5207923125
0.375,0.1875,0.625,0.342738125,0.20388825,0.5759339375
0.375,0.1875,0.6875,0.3409225,0.2054259375,0.6310755625000001
0.375,0.1875,0.75,0.339106875,0.20696362499999998,0.6862171875
0.375,0.1875,0.8125,0.33729125,0.20850131249999998,0.7413588125
0.375,0.1875,0.875,0.335475625,0.21003899999999998,0.7965004375000001
0.375,0.1875,0.9375,0.33366,0.21157668749999997,0.8516420625000001
0.375,0.1875,1.0,0.33184437499999997,0.21311437499999997,0.9067836875
0.375,0.25,0.0,0.3692275,0.247598875,0.031061875
0.375,0.25,0.0625,0.367411875,0.2491365625,0.0862035
0.375,0.25,0.125,0.36559625,0.25067425,0.141345125
0.375,0.25,0.1875,0.36378062499999997,0.2522119375,0.19648675
0.375,0.25,0.25,0.361965,0.253749625,0.251628375
0.375,0.25,0.3125,0.360149375,0.2552873125,0.30677
0.375,0.25,0.375,0.35833375,0.25682499999999997,0.361911625
0.375,0.25,0.4375,0.35651812499999996,0.2583626875,0.41705325000000004
0.375,0.25,0.5,0.3547025,0.259900375,0.472194875
0.375,0.25,0.5625,0.352886875,0.2614380625,0.5273365
0.375,0.25,0.625,0.35107125,0.26297575,0.582478125
0.375,0.25,0.6875,0.34925562499999996,0.2645134375,0.63761975
0.375,0.25,0.75,0.34743999999999997,0.266051125,0.692761375
0.375,0.25,0.8125,0.345624375,0.2675888125,0.747903
0.375,0.25,0.875,0.34380875,0.2691265,0.8030446250000001
0.375,0.25,0.9375,0.341993125,0.2706641875,0.85818625
0.375,0.25,1.0,0.34017749999999997,0.272201875,0.913327875
0.375,0.3125,0.0,0.377560625,0.306686375,0.037606062499999995
0.375,0.3125,0.0625,0.375745,0.3082240625,0.0927476875
0.375,0.3125,0.125,0.373929375,0.30976175,0.14788931249999998
0.375,0.3125,0.1875,0.37211374999999997,0.3112994375,0.2030309375
0.375,0.3125,0.25,0.370298125,0.312837125,0.2581725625
0.375,0.3125,0.3125,0.3684825,0.3143748125,0.31331418749999995
0.375,0.3125,0.375,0.366666875,0.3159125,0.3684558125
0.375,0.3125,0.4375,0.36485124999999996,0.31745018750000004,0.4235974375
0.375,0.3125,0.5,0.363035625,0.31898787500000003,0.4787390625
0.375,0.3125,0.5625,0.36122,0.3205255625,0.5338806875
0.375,0.3125,0.625,0.359404375,0.32206325,0.5890223124999999
0.375,0.3125,0.6875,0.35758875,0.3236009375,0.6441639375
0.375,0.3125,0.75,0.35577312499999997,0.325138625,0.6993055625
0.375,0.3125,0.8125,0.3539575,0.3266763125,0.7544471875
0.375,0.3125,0.875,0.352141875,0.328214,0.8095888125
0.375,0.3125,0.9375,0.35032625,0.3297516875,0.8647304375
0.375,0.3125,1.0,0.34851062499999996,0.331289375,0.9198720625
0.375,0.375,0.0,0.38589375,0.36577387499999997,0.04415025
0.375,0.375,0.0625,0.384078125,0.36731156249999997,0.099291875
0.375,0.375,0.125,0.3822625,0.36884924999999996,0.1544335
0.375,0.375,0.1875,0.38044687499999996,0.37038693749999996,0.209575125
0.375,0.375,0.25,0.37863125,0.37192462499999995,0.26471675
0.375,0.375,0.3125,0.376815625,0.37346231249999995,0.319858375
0.375,0.375,0.375,0.375,0.37499999999999994,0.375
0.375,0.375,0.4375,0.37318437499999996,0.3765376875,0.430141625
0.375,0.375,0.5,0.37136874999999997,0.378075375,0.48528325
0.375,0.375,0.5625,0.369553125,0.3796130625,0.540424875
0.375,0.375,0.625,0.3677375,0.38115075,0.5955664999999999
0.375,0.375,0.6875,0.36592187499999995,0.3826884375,0.650708125
0.375,0.375,0.75,0.36410624999999996,0.384226125,0.70584975
0.375,0.375,0.8125,0.362290625,0.38576381249999997,0.7609913749999999
0.375,0.375,0.875,0.360475,0.38730149999999997,0.816133
0.375,0.375,0.9375,0.358659375,0.38883918749999996,0.8712746250000001
0.375,0.375,1.0,0.35684374999999996,0.39037687499999996,0.9264162499999999
0.375,0.4375,0.0,0.394226875,0.424861375,0.050694437499999995
0.375,0.4375,0.0625,0.39241125,0.4263990625,0.1058360625
0.375,0.4375,0.125,0.390595625,0.42793675,0.1609776875
0.375,0.4375,0.1875,0.38877999999999996,0.4294744375,0.2161193125
0.375,0.4375,0.25,0.38696437499999997,0.43101212499999997,0.2712609375
0.375,0.4375,0.3125,0.38514875,0.43254981249999996,0.3264025625
0.375,0.4375,0.375,0.383333125,0.43408749999999996,0.38154418749999996
0.375,0.4375,0.4375,0.38151749999999995,0.4356251875,0.43668581250000005
0.375,0.4375,0.5,0.37970187499999997,0.437162875,0.4918274375
0.375,0.4375,0.5625,0.37788625,0.4387005625,0.5469690625
0.375,0.4375,0.625,0.376070625,0.44023825,0.6021106875
0.375,0.4375,0.6875,0.374255,0.4417759375,0.6572523125
0.375,0.4375,0.75,0.37243937499999996,0.443313625,0.7123939375
0.375,0.4375,0.8125,0.37062375,0.4448513125,0.7675355625
0.375,0.4375,0.875,0.368808125,0.446389,0.8226771875000001
0.375,0.4375,0.9375,0.3669925,0.4479266875,0.8778188125
0.375,0.4375,1.0,0.36517687499999996,0.44946437499999997,0.9329604375
0.375,0.5,0.0,0.40256000000000003,0.483948875,0.057238625
0.375,0.5,0.0625,0.40074437500000004,0.4854865625,0.11238025
0.375,0.5,0.125,0.39892875000000005,0.48702425,0.167521875
0.375,0.5,0.1875,0.397113125,0.4885619375,0.22266350000000001
0.375,0.5,0.25,0.3952975,0.490099625,0.277805125
0.375,0.5,0.3125,0.39348187500000004,0.4916373125,0.33294674999999996
0.375,0.5,0.375,0.39166625000000005,0.493175,0.388088375
0.375,0.5,0.4375,0.389850625,0.4947126875,0.44323
0.375,0.5,0.5,0.388035,0.496250375,0.498371625
0.375,0.5,0.5625,0.38621937500000003,0.4977880625,0.55351325
0.375,0.5,0.625,0.38440375000000004,0.49932575,0.6086548749999999
0.375,0.5,0.6875,0.38258812500000006,0.5008634375,0.6637965
0.375,0.5,0.75,0.3807725,0.502401125,0.718938125
0.375,0.5,0.8125,0.378956875,0.5039388124999999,0.77407975
0.375,0.5,0.875,0.37714125000000004,0.5054765,0.829221375
0.375,0.5,0.9375,0.37532562500000005,0.5070141875,0.884363
0.375,0.5,1.0,0.37351,0.508551875,0.939504625
0.375,0.5625,0.0,0.41089312499999997,0.543036375,0.0637828125
0.375,0.5625,0.0625,0.4090775,0.5445740625000001,0.1189244375
0.375,0.5625,0.125,0.407261875,0.54611175,0.1740660625
0.375,0.5625,0.1875,0.40544624999999995,0.5476494375000001,0.22920768749999998
0.375,0.5625,0.25,0.40363062499999997,0.549187125,0.2843493125
0.375,0.5625,0.3125,0.401815,0.5507248125,0.3394909375
0.375,0.5625,0.375,0.399999375,0.5522625,0.3946325625
0.375,0.5625,0.4375,0.39818374999999995,0.5538001875,0.44977418750000003
0.375,0.5625,0.5,0.39636812499999996,0.555337875,0.5049158125
0.375,0.5625,0.5625,0.3945525,0.5568755625,0.5600574374999999
0.375,0.5625,0.625,0.392736875,0.55841325,0.6151990624999999
0.375,0.5625,0.6875,0.39092125,0.5599509375,0.6703406875
0.375,0.5625,0.75,0.38910562499999996,0.561488625,0.7254823125
0.375,0.5625,0.8125,0.38728999999999997,0.5630263125,0.7806239374999999
0.375,0.5625,0.875,0.385474375,0.5645640000000001,0.8357655625
0.375,0.5625,0.9375,0.38365875,0.5661016875,0.8909071875
0.375,0.5625,1.0,0.38184312499999995,0.5676393750000001,0.9460488125
0.375,0.625,0.0,0.41922625,0.6021238750000001,0.070327
0.375,0.625,0.0625,0.41741062500000004,0.6036615625000001,0.125468625
0.375,0.625,0.125,0.41559500000000005,0.6051992500000001,0.18061025
0.375,0.625,0.1875,0.413779375,0.6067369375000001,0.235751875
0.375,0.625,0.25,0.41196375,0.6082746250000001,0.2908935
0.375,0.625,0.3125,0.41014812500000003,0.6098123125000001,0.346035125
0.375,0.625,0.375,0.40833250000000004,0.6113500000000001,0.40117674999999997
0.375,0.625,0.4375,0.406516875,0.6128876875000001,0.45631837500000005
0.375,0.625,0.5,0.40470125,0.614425375,0.51146
0.375,0.625,0.5625,0.402885625,0.6159630625000001,0.566601625
0.375,0.625,0.625,0.40107000000000004,0.61750075,0.62174325
0.375,0.625,0.6875,0.39925437500000005,0.6190384375000001,0.676884875
0.375,0.625,0.75,0.39743875,0.620576125,0.7320265
0.375,0.625,0.8125,0.395623125,0.6221138125000001,0.787168125
0.375,0.625,0.875,0.39380750000000003,0.6236515000000001,0.8423097500000001
0.375,0.625,0.9375,0.39199187500000005,0.6251891875000001,0.897451375
0.375,0.625,1.0,0.39017625,0.6267268750000001,0.952593
0.375,0.6875,0.0,0.427559375,0.661211375,0.07687118750000001
0.375,0.6875,0.0625,0.42574375000000003,0.6627490625000001,0.13201281250000002
0.375,0.6875,0.125,0.42392812500000004,0.66428675,0.1871544375
0.375,0.6875,0.1875,0.4221125,0.6658244375000001,0.24229606250000002
0.375,0.6875,0.25,0.420296875,0.667362125,0.2974376875
0.375,0.6875,0.3125,0.41848125,0.6688998125000001,0.35257931249999996
0.375,0.6875,0.375,0.41666562500000004,0.6704375,0.4077209375
0.375,0.6875,0.4375,0.41485,0.6719751875000001,0.4628625625
0.375,0.6875,0.5,0.413034375,0.673512875,0.5180041875
0.375,0.6875,0.5625,0.41121875,0.6750505625000001,0.5731458125
0.375,0.6875,0.625,0.40940312500000003,0.67658825,0.6282874374999999
0.375,0.6875,0.6875,0.4075875,0.6781259375,0.6834290625
0.375,0.6875,0.75,0.405771875,0.679663625,0.7385706875
0.375,0.6875,0.8125,0.40395625,0.6812013125,0.7937123125
0.375,0.6875,0.875,0.40214062500000003,0.6827390000000001,0.8488539375
0.375,0.6875,0.9375,0.40032500000000004,0.6842766875,0.9039955625
0.375,0.6875,1.0,0.398509375,0.6858143750000001,0.9591371875
0.375,0.75,0.0,0.4358925,0.720298875,0.083415375
0.375,0.75,0.0625,0.43407687500000003,0.7218365625000001,0.13855699999999999
0.375,0.75,0.125,0.43226125000000004,0.72337425,0.193698625
0.375,0.75,0.1875,0.430445625,0.7249119375,0.24884024999999999
0.375,0.75,0.25,0.42863,0.726449625,0.303981875
0.375,0.75,0.3125,0.426814375,0.7279873125,0.3591235
0.375,0.75,0.375,0.42499875000000004,0.729525,0.414265125
0.375,0.75,0.4375,0.423183125,0.7310626875,0.46940675000000004
0.375,0.75,0.5,0.4213675,0.732600375,0.524548375
0.375,0.75,0.5625,0.419551875,0.7341380625,0.5796899999999999
0.375,0.75,0.625,0.41773625000000003,0.73567575,0.6348316249999999
0.375,0.75,0.6875,0.41592062500000004,0.7372134375,0.68997325
0.375,0.75,0.75,0.414105,0.738751125,0.745114875
0.375,0.75,0.8125,0.412289375,0.7402888125,0.8002564999999999
0.375,0.75,0.875,0.41047375,0.7418265,0.855398125
0.375,0.75,0.9375,0.40865812500000004,0.7433641875,0.91053975
0.375,0.75,1.0,0.4068425,0.744901875,0.965681375
0.375,0.8125,0.0,0.444225625,0.7793863750000001,0.08995956249999999
0.375,0.8125,0.0625,0.44241,0.7809240625000001,0.1451011875
0.375,0.8125,0.125,0.44059437500000004,0.7824617500000001,0.20024281249999998
0.375,0.8125,0.1875,0.43877875,0.7839994375000001,0.2553844375
0.375,0.8125,0.25,0.436963125,0.7855371250000001,0.3105260625
0.375,0.8125,0.3125,0.4351475,0.7870748125000001,0.36566768749999995
0.375,0.8125,0.375,0.43333187500000003,0.7886125,0.4208093125
0.375,0.8125,0.4375,0.43151625,0.7901501875000001,0.4759509375
0.375,0.8125,0.5,0.429700625,0.791687875,0.5310925625
0.375,0.8125,0.5625,0.427885,0.7932255625000001,0.5862341875
0.375,0.8125,0.625,0.42606937500000003,0.79476325,0.6413758125
0.375,0.8125,0.6875,0.42425375,0.7963009375000001,0.6965174375000001
0.375,0.8125,0.75,0.422438125,0.797838625,0.7516590625
0.375,0.8125,0.8125,0.4206225,0.7993763125000001,0.8068006875
0.375,0.8125,0.875,0.418806875,0.8009140000000001,0.8619423125000001
0.375,0.8125,0.9375,0.41699125000000004,0.8024516875000001,0.9170839375000001
0.375,0.8125,1.0,0.415175625,0.8039893750000001,0.9722255625
0.375,0.875,0.0,0.45255875,0.838473875,0.09650375
0.375,0.875,0.0625,0.450743125,0.8400115625000001,0.151645375
0.375,0.875,0.125,0.44892750000000003,0.84154925,0.206787
0.375,0.875,0.1875,0.447111875,0.8430869375000001,0.261928625
0.375,0.875,0.25,0.44529625,0.844624625,0.31707025
0.375,0.875,0.3125,0.443480625,0.8461623125000001,0.37221187499999997
0.375,0.875,0.375,0.44166500000000003,0.8477,0.4273535
0.375,0.875,0.4375,0.439849375,0.8492376875000001,0.482495125
0.375,0.875,0.5,0.43803375,0.850775375,0.53763675
0.375,0.875,0.5625,0.436218125,0.8523130625,0.592778375
0.375,0.875,0.625,0.4344025,0.85385075,0.6479199999999999
0.375,0.875,0.6875,0.43258687500000004,0.8553884375,0.703061625
0.375,0.875,0.75,0.43077125,0.856926125,0.75820325
0.375,0.875,0.8125,0.428955625,0.8584638125,0.813344875
0.375,0.875,0.875,0.42714,0.8600015000000001,0.8684865
0.375,0.875,0.9375,0.42532437500000003,0.8615391875,0.923628125
0.375,0.875,1.0,0.42350875,0.8630768750000001,0.97876975
0.375,0.9375,0.0,0.460891875,0.8975613750000001,0.1030479375
0.375,0.9375,0.0625,0.45907625,0.8990990625000002,0.1581895625
0.375,0.9375,0.125,0.45726062500000003,0.9006367500000001,0.21333118750000002
0.375,0.9375,0.1875,0.455445,0.9021744375000001,0.2684728125
0.375,0.9375,0.25,0.453629375,0.9037121250000001,0.3236144375
0.375,0.9375,0.3125,0.45181375,0.9052498125000001,0.3787560625
0.375,0.9375,0.375,0.449998125,0.9067875000000001,0.4338976875
0.375,0.9375,0.4375,0.4481825,0.9083251875000001,0.48903931250000005
0.375,0.9375,0.5,0.446366875,0.9098628750000001,0.5441809375
0.375,0.9375,0.5625,0.44455125,0.9114005625000001,0.5993225624999999
0.375,0.9375,0.625,0.442735625,0.9129382500000001,0.6544641874999999
0.375,0.9375,0.6875,0.44092,0.9144759375000001,0.7096058125
0.375,0.9375,0.75,0.439104375,0.916013625,0.7647474375
0.375,0.9375,0.8125,0.43728875,0.9175513125000001,0.8198890624999999
0.375,0.9375,0.875,0.435473125,0.9190890000000002,0.8750306875
0.375,0.9375,0.9375,0.43365750000000003,0.9206266875000001,0.9301723125
0.375,0.9375,1.0,0.431841875,0.9221643750000001,0.9853139375
0.375,1.0,0.0,0.469225,0.9566488750000001,0.109592125
0.375,1.0,0.0625,0.467409375,0.9581865625000001,0.16473375
0.375,1.0,0.125,0.46559375000000003,0.9597242500000001,0.21987537499999998
0.375,1.0,0.1875,0.463778125,0.9612619375000001,0.275017
0.375,1.0,0.25,0.4619625,0.962799625,0.330158625
0.375,1.0,0.3125,0.460146875,0.9643373125000001,0.38530024999999996
0.375,1.0,0.375,0.45833125,0.965875,0.440441875
0.375,1.0,0.4375,0.456515625,0.9674126875000001,0.4955835
0.375,1.0,0.5,0.4547,0.968950375,0.550725125
0.375,1.0,0.5625,0.452884375,0.9704880625000001,0.60586675
0.375,1.0,0.625,0.45106875,0.97202575,0.661008375
0.375,1.0,0.6875,0.44925312500000003,0.9735634375000001,0.7161500000000001
0.375,1.0,0.75,0.4474375,0.975101125,0.771291625
0.375,1.0,0.8125,0.445621875,0.9766388125000001,0.82643325
0.375,1.0,0.875,0.44380625,0.9781765000000001,0.8815748750000001
0.375,1.0,0.9375,0.441990625,0.9797141875,0.9367165000000001
0.375,1.0,1.0,0.440175,0.9812518750000001,0.991858125
0.4375,0.0,0.0,0.3918775,0.0131236875,0.0056993125
0.4375,0.0,0.0625,0.390061875,0.014661375,0.0608409375
0.4375,0.0,0.125,0.38824625,0.0161990625,0.1159825625
0.4375,0.0,0.1875,0.38643062499999997,0.01773675,0.1711241875
0.4375,0.0,0.25,0.384615,0.019274437499999998,0.2262658125
0.4375,0.0,0.3125,0.382799375,0.020812125,0.28140743749999997
0.4375,0.0,0.375,0.38098375,0.0223498125,0.3365490625
0.4375,0.0,0.4375,0.37916812499999997,0.0238875,0.3916906875
0.4375,0.0,0.5,0.3773525,0.0254251875,0.4468323125
0.4375,0.0,0.5625,0.375536875,0.026962874999999997,0.5019739375
0.4375,0.0,0.625,0.37372125,0.0285005625,0.5571155624999999
0.4375,0.0,0.6875,0.371905625,0.030038250000000002,0.6122571875
0.4375,0.0,0.75,0.37009,0.0315759375,0.6673988125
0.4375,0.0,0.8125,0.368274375,0.033113625,0.7225404375
0.4375,0.0,0.875,0.36645875,0.0346513125,0.7776820625
0.4375,0.0,0.9375,0.364643125,0.036189,0.8328236875
0.4375,0.0,1.0,0.36282749999999997,0.0377266875,0.8879653125
0.4375,0.0625,0.0,0.400210625,0.0722111875,0.012243500000000001
0.4375,0.0625,0.0625,0.398395,0.07374887499999999,0.067385125
0.4375,0.0625,0.125,0.396579375,0.0752865625,0.12252675
0.4375,0.0625,0.1875,0.39476374999999997,0.07682425,0.177668375
0.4375,0.0625,0.25,0.392948125,0.07836193749999999,0.23281
0.4375,0.0625,0.3125,0.3911325,0.079899625,0.287951625
0.4375,0.0625,0.375,0.389316875,0.0814373125,0.34309325
0.4375,0.0625,0.4375,0.38750124999999996,0.082975,0.39823487500000004
0.4375,0.0625,0.5,0.385685625,0.08451268749999999,0.4533765
0.4375,0.0625,0.5625,0.38387,0.086050375,0.5085181249999999
0.4375,0.0625,0.625,0.382054375,0.0875880625,0.5636597499999999
0.4375,0.0625,0.6875,0.38023874999999996,0.08912575,0.618801375
0.4375,0.0625,0.75,0.37842312499999997,0.0906634375,0.673943
0.4375,0.0625,0.8125,0.3766075,0.092201125,0.7290846249999999
0.4375,0.0625,0.875,0.374791875,0.09373881249999999,0.78422625
0.4375,0.0625,0.9375,0.37297625,0.0952765,0.839367875
0.4375,0.0625,1.0,0.37116062499999997,0.0968141875,0.8945095
0.4375,0.125,0.0,0.40854375,0.1312986875,0.0187876875
0.4375,0.125,0.0625,0.406728125,0.132836375,0.0739293125
0.4375,0.125,0.125,0.4049125,0.1343740625,0.1290709375
0.4375,0.125,0.1875,0.40309687499999997,0.13591175,0.1842125625
0.4375,0.125,0.25,0.40128125,0.13744943750000002,0.2393541875
0.4375,0.125,0.3125,0.399465625,0.13898712500000002,0.29449581249999995
0.4375,0.125,0.375,0.39765,0.1405248125,0.3496374375
0.4375,0.125,0.4375,0.39583437499999996,0.1420625,0.4047790625
0.4375,0.125,0.5,0.39401875,0.1436001875,0.4599206875
0.4375,0.125,0.5625,0.392203125,0.145137875,0.5150623125
0.4375,0.125,0.625,0.3903875,0.14667556250000002,0.5702039375
0.4375,0.125,0.6875,0.388571875,0.14821325000000002,0.6253455625000001
0.4375,0.125,0.75,0.38675624999999997,0.14975093750000001,0.6804871875
0.4375,0.125,0.8125,0.384940625,0.151288625,0.7356288125
0.4375,0.125,0.875,0.383125,0.1528263125,0.7907704375000001
0.4375,0.125,0.9375,0.381309375,0.154364,0.8459120625000001
0.4375,0.125,1.0,0.37949374999999996,0.1559016875,0.9010536875
0.4375,0.1875,0.0,0.416876875,0.1903861875,0.025331875
0.4375,0.1875,0.0625,0.41506125,0.191923875,0.0804735
0.4375,0.1875,0.125,0.413245625,0.1934615625,0.135615125
0.4375,0.1875,0.1875,0.41142999999999996,0.19499924999999999,0.19075675
0.4375,0.1875,0.25,0.409614375,0.1965369375,0.245898375
0.4375,0.1875,0.3125,0.40779875,0.198074625,0.30104
0.4375,0.1875,0.375,0.405983125,0.1996123125,0.356181625
0.4375,0.1875,0.4375,0.40416749999999996,0.20115,0.41132325000000003
0.4375,0.1875,0.5,0.40235187499999997,0.2026876875,0.466464875
0.4375,0.1875,0.5625,0.40053625,0.204225375,0.5216065
0.4375,0.1875,0.625,0.398720625,0.2057630625,0.576748125
0.4375,0.1875,0.6875,0.39690499999999995,0.20730075,0.63188975
0.4375,0.1875,0.75,0.39508937499999996,0.2088384375,0.687031375
0.4375,0.1875,0.8125,0.39327375,0.210376125,0.742173
0.4375,0.1875,0.875,0.391458125,0.2119138125,0.797314625
0.4375,0.1875,0.9375,0.3896425,0.2134515,0.85245625
0.4375,0.1875,1.0,0.38782687499999996,0.2149891875,0.907597875
0.4375,0.25,0.0,0.42521,0.2494736875,0.031876062499999996
0.4375,0.25,0.0625,0.423394375,0.25101137500000004,0.0870176875
0.4375,0.25,0.125,0.42157875,0.25254906250000003,0.1421593125
0.4375,0.25,0.1875,0.41976312499999996,0.25408675000000003,0.1973009375
0.4375,0.25,0.25,0.41794749999999997,0.2556244375,0.25244256249999997
0.4375,0.25,0.3125,0.416131875,0.257162125,0.30758418749999994
0.4375,0.25,0.375,0.41431625,0.2586998125,0.3627258125
0.4375,0.25,0.4375,0.41250062499999995,0.2602375,0.4178674375
0.4375,0.25,0.5,0.41068499999999997,0.2617751875,0.47300906249999997
0.4375,0.25,0.5625,0.408869375,0.263312875,0.5281506874999999
0.4375,0.25,0.625,0.40705375,0.2648505625,0.5832923124999999
0.4375,0.25,0.6875,0.405238125,0.26638825,0.6384339375
0.4375,0.25,0.75,0.40342249999999996,0.2679259375,0.6935755625
0.4375,0.25,0.8125,0.401606875,0.269463625,0.7487171874999999
0.4375,0.25,0.875,0.39979125,0.27100131250000004,0.8038588125
0.4375,0.25,0.9375,0.397975625,0.27253900000000003,0.8590004375
0.4375,0.25,1.0,0.39615999999999996,0.2740766875,0.9141420625
0.4375,0.3125,0.0,0.433543125,0.3085611875,0.038420249999999996
0.4375,0.3125,0.0625,0.4317275,0.310098875,0.09356187499999999
0.4375,0.3125,0.125,0.429911875,0.3116365625,0.1487035
0.4375,0.3125,0.1875,0.42809624999999996,0.31317425,0.203845125
0.4375,0.3125,0.25,0.42628062499999997,0.3147119375,0.25898675
0.4375,0.3125,0.3125,0.424465,0.316249625,0.31412837499999996
0.4375,0.3125,0.375,0.422649375,0.3177873125,0.36927
0.4375,0.3125,0.4375,0.42083374999999995,0.319325,0.424411625
0.4375,0.3125,0.5,0.41901812499999996,0.3208626875,0.47955325
0.4375,0.3125,0.5625,0.4172025,0.322400375,0.534694875
0.4375,0.3125,0.625,0.415386875,0.3239380625,0.5898365
0.4375,0.3125,0.6875,0.41357124999999995,0.32547575,0.6449781250000001
0.4375,0.3125,0.75,0.41175562499999996,0.3270134375,0.70011975
0.4375,0.3125,0.8125,0.40993999999999997,0.328551125,0.755261375
0.4375,0.3125,0.875,0.408124375,0.3300888125,0.8104030000000001
0.4375,0.3125,0.9375,0.40630875,0.3316265,0.8655446250000001
0.4375,0.3125,1.0,0.40449312499999995,0.3331641875,0.92068625
0.4375,0.375,0.0,0.44187624999999997,0.36764868749999996,0.044964437499999996
0.4375,0.375,0.0625,0.440060625,0.36918637499999996,0.1001060625
0.4375,0.375,0.125,0.438245,0.37072406249999995,0.1552476875
0.4375,0.375,0.1875,0.43642937499999995,0.37226174999999995,0.21038931249999998
0.4375,0.375,0.25,0.43461374999999997,0.37379943749999994,0.2655309375
0.4375,0.375,0.3125,0.432798125,0.37533712499999994,0.3206725625
0.4375,0.375,0.375,0.4309825,0.37687481249999993,0.3758141875
0.4375,0.375,0.4375,0.42916687499999995,0.3784125,0.43095581250000004
0.4375,0.375,0.5,0.42735124999999996,0.3799501875,0.4860974375
0.4375,0.375,0.5625,0.425535625,0.381487875,0.5412390625
0.4375,0.375,0.625,0.42372,0.38302556249999997,0.5963806875
0.4375,0.375,0.6875,0.421904375,0.38456324999999997,0.6515223125
0.4375,0.375,0.75,0.42008874999999996,0.38610093749999996,0.7066639375
0.4375,0.375,0.8125,0.41827312499999997,0.38763862499999996,0.7618055625
0.4375,0.375,0.875,0.4164575,0.38917631249999995,0.8169471875000001
0.4375,0.375,0.9375,0.414641875,0.39071399999999995,0.8720888125
0.4375,0.375,1.0,0.41282624999999995,0.39225168749999995,0.9272304375
0.4375,0.4375,0.0,0.450209375,0.4267361875,0.051508624999999995
0.4375,0.4375,0.0625,0.44839375000000004,0.42827387499999997,0.10665025
0.4375,0.4375,0.125,0.44657812500000005,0.42981156249999997,0.161791875
0.4375,0.4375,0.1875,0.4447625,0.43134924999999996,0.2169335
0.4375,0.4375,0.25,0.442946875,0.43288693749999996,0.272075125
0.4375,0.4375,0.3125,0.44113125000000003,0.43442462499999995,0.32721674999999995
0.4375,0.4375,0.375,0.43931562500000004,0.43596231249999995,0.382358375
0.4375,0.4375,0.4375,0.4375,0.4375,0.4375
0.4375,0.4375,0.5,0.435684375,0.4390376875,0.49264162499999997
0.4375,0.4375,0.5625,0.43386875,0.440575375,0.5477832499999999
0.4375,0.4375,0.625,0.43205312500000004,0.4421130625,0.6029248749999999
0.4375,0.4375,0.6875,0.43023750000000005,0.44365075,0.6580665
0.4375,0.4375,0.75,0.428421875,0.4451884375,0.713208125
0.4375,0.4375,0.8125,0.42660625,0.446726125,0.7683497499999999
0.4375,0.4375,0.875,0.42479062500000003,0.44826381249999997,0.823491375
0.4375,0.4375,0.9375,0.42297500000000005,0.44980149999999997,0.878633
0.4375,0.4375,1.0,0.421159375,0.45133918749999996,0.933774625
0.4375,0.5,0.0,0.45854249999999996,0.4858236875,0.058052812499999995
0.4375,0.5,0.0625,0.456726875,0.487361375,0.1131944375
0.4375,0.5,0.125,0.45491125,0.4888990625,0.1683360625
0.4375,0.5,0.1875,0.45309562499999995,0.49043675,0.2234776875
0.4375,0.5,0.25,0.45127999999999996,0.4919744375,0.2786193125
0.4375,0.5,0.3125,0.44946437499999997,0.49351212499999997,0.33376093749999997
0.4375,0.5,0.375,0.44764875,0.49504981249999996,0.3889025625
0.4375,0.5,0.4375,0.44583312499999994,0.4965875,0.4440441875
0.4375,0.5,0.5,0.44401749999999995,0.4981251875,0.4991858125
0.4375,0.5,0.5625,0.44220187499999997,0.499662875,0.5543274375
0.4375,0.5,0.625,0.44038625,0.5012005625,0.6094690624999999
0.4375,0.5,0.6875,0.438570625,0.5027382499999999,0.6646106875
0.4375,0.5,0.75,0.43675499999999995,0.5042759375,0.7197523125
0.4375,0.5,0.8125,0.43493937499999996,0.505813625,0.7748939374999999
0.4375,0.5,0.875,0.43312375,0.5073513125,0.8300355625
0.4375,0.5,0.9375,0.431308125,0.508889,0.8851771875000001
0.4375,0.5,1.0,0.42949249999999994,0.5104266875,0.9403188124999999
0.4375,0.5625,0.0,0.466875625,0.5449111875,0.064597
0.4375,0.5625,0.0625,0.46506000000000003,0.5464488750000001,0.119738625
0.4375,0.5625,0.125,0.46324437500000004,0.5479865625,0.17488025000000001
0.4375,0.5625,0.1875,0.46142875,0.54952425,0.230021875
0.4375,0.5625,0.25,0.459613125,0.5510619375,0.2851635
0.4375,0.5625,0.3125,0.4577975,0.552599625,0.340305125
0.4375,0.5625,0.375,0.45598187500000004,0.5541373125,0.39544675
0.4375,0.5625,0.4375,0.45416625,0.555675,0.45058837500000004
0.4375,0.5625,0.5,0.452350625,0.5572126875,0.50573
0.4375,0.5625,0.5625,0.450535,0.558750375,0.560871625
0.4375,0.5625,0.625,0.44871937500000003,0.5602880625,0.61601325
0.4375,0.5625,0.6875,0.44690375000000004,0.56182575,0.671154875
0.4375,0.5625,0.75,0.445088125,0.5633634375,0.7262965
0.4375,0.5625,0.8125,0.4432725,0.564901125,0.781438125
0.4375,0.5625,0.875,0.441456875,0.5664388125,0.8365797500000001
0.4375,0.5625,0.9375,0.43964125000000004,0.5679765,0.891721375
0.4375,0.5625,1.0,0.437825625,0.5695141875,0.946863
0.4375,0.625,0.0,0.47520874999999996,0.6039986875000001,0.0711411875
0.4375,0.625,0.0625,0.47339312499999997,0.6055363750000001,0.1262828125
0.4375,0.625,0.125,0.4715775,0.6070740625000001,0.18142443749999998
0.4375,0.625,0.1875,0.46976187499999994,0.6086117500000001,0.2365660625
0.4375,0.625,0.25,0.46794624999999995,0.6101494375000001,0.2917076875
0.4375,0.625,0.3125,0.46613062499999997,0.6116871250000001,0.34684931249999995
0.4375,0.625,0.375,0.464315,0.6132248125,0.4019909375
0.4375,0.625,0.4375,0.46249937499999993,0.6147625000000001,0.4571325625
0.4375,0.625,0.5,0.46068374999999995,0.6163001875,0.5122741875
0.4375,0.625,0.5625,0.45886812499999996,0.6178378750000001,0.5674158125
0.4375,0.625,0.625,0.4570525,0.6193755625,0.6225574374999999
0.4375,0.625,0.6875,0.455236875,0.6209132500000001,0.6776990625
0.4375,0.625,0.75,0.45342124999999994,0.6224509375,0.7328406875
0.4375,0.625,0.8125,0.45160562499999996,0.6239886250000001,0.7879823125
0.4375,0.625,0.875,0.44978999999999997,0.6255263125000001,0.8431239375
0.4375,0.625,0.9375,0.447974375,0.6270640000000001,0.8982655625
0.4375,0.625,1.0,0.44615874999999994,0.6286016875000001,0.9534071875
0.4375,0.6875,0.0,0.483541875,0.6630861875,0.077685375
0.4375,0.6875,0.0625,0.48172625,0.6646238750000001,0.132827
0.4375,0.6875,0.125,0.47991062500000004,0.6661615625,0.187968625
0.4375,0.6875,0.1875,0.478095,0.6676992500000001,0.24311025
0.4375,0.6875,0.25,0.476279375,0.6692369375,0.298251875
0.4375,0.6875,0.3125,0.47446375,0.6707746250000001,0.35339349999999997
0.4375,0.6875,0.375,0.47264812500000003,0.6723123125,0.408535125
0.4375,0.6875,0.4375,0.4708325,0.6738500000000001,0.46367675
0.4375,0.6875,0.5,0.469016875,0.6753876875,0.5188183749999999
0.4375,0.6875,0.5625,0.46720125,0.676925375,0.57396
0.4375,0.6875,0.625,0.465385625,0.6784630625,0.6291016249999999
0.4375,0.6875,0.6875,0.46357000000000004,0.68000075,0.68424325
0.4375,0.6875,0.75,0.461754375,0.6815384375,0.739384875
0.4375,0.6875,0.8125,0.45993875,0.683076125,0.7945264999999999
0.4375,0.6875,0.875,0.458123125,0.6846138125000001,0.849668125
0.4375,0.6875,0.9375,0.45630750000000003,0.6861515,0.9048097500000001
0.4375,0.6875,1.0,0.454491875,0.6876891875000001,0.9599513749999999
0.4375,0.75,0.0,0.491875,0.7221736875,0.0842295625
0.4375,0.75,0.0625,0.490059375,0.723711375,0.1393711875
0.4375,0.75,0.125,0.48824375000000003,0.7252490625,0.1945128125
0.4375,0.75,0.1875,0.486428125,0.72678675,0.2496544375
0.4375,0.75,0.25,0.4846125,0.7283244375,0.3047960625
0.4375,0.75,0.3125,0.482796875,0.729862125,0.3599376875
0.4375,0.75,0.375,0.48098125,0.7313998125,0.41507931249999996
0.4375,0.75,0.4375,0.479165625,0.7329375,0.47022093750000005
0.4375,0.75,0.5,0.47735,0.7344751875,0.5253625625
0.4375,0.75,0.5625,0.475534375,0.736012875,0.5805041875
0.4375,0.75,0.625,0.47371875,0.7375505625,0.6356458125
0.4375,0.75,0.6875,0.471903125,0.73908825,0.6907874375
0.4375,0.75,0.75,0.4700875,0.7406259374999999,0.7459290625
0.4375,0.75,0.8125,0.468271875,0.742163625,0.8010706875
0.4375,0.75,0.875,0.46645625,0.7437013125,0.8562123125000001
0.4375,0.75,0.9375,0.46464062500000003,0.745239,0.9113539375
0.4375,0.75,1.0,0.462825,0.7467766875,0.9664955625
0.4375,0.8125,0.0,0.500208125,0.7812611875000001,0.09077374999999999
0.4375,0.8125,0.0625,0.4983925,0.7827988750000001,0.14591537499999999
0.4375,0.8125,0.125,0.49657687500000003,0.7843365625000001,0.20105699999999999
0.4375,0.8125,0.1875,0.49476125,0.7858742500000001,0.256198625
0.4375,0.8125,0.25,0.492945625,0.7874119375,0.31134025
0.4375,0.8125,0.3125,0.49113,0.7889496250000001,0.36648187499999996
0.4375,0.8125,0.375,0.489314375,0.7904873125,0.4216235
0.4375,0.8125,0.4375,0.48749875,0.7920250000000001,0.476765125
0.4375,0.8125,0.5,0.485683125,0.7935626875,0.53190675
0.4375,0.8125,0.5625,0.4838675,0.7951003750000001,0.587048375
0.4375,0.8125,0.625,0.482051875,0.7966380625,0.6421899999999999
0.4375,0.8125,0.6875,0.48023625000000003,0.7981757500000001,0.697331625
0.4375,0.8125,0.75,0.478420625,0.7997134375,0.75247325
0.4375,0.8125,0.8125,0.476605,0.8012511250000001,0.807614875
0.4375,0.8125,0.875,0.474789375,0.8027888125000001,0.8627565
0.4375,0.8125,0.9375,0.47297375,0.8043265,0.917898125
0.4375,0.8125,1.0,0.471158125,0.8058641875000001,0.97303975
0.4375,0.875,0.0,0.50854125,0.8403486875,0.09731793749999999
0.4375,0.875,0.0625,0.506725625,0.8418863750000001,0.15245956249999998
0.4375,0.875,0.125,0.50491,0.8434240625,0.2076011875
0.4375,0.875,0.1875,0.503094375,0.8449617500000001,0.2627428125
0.4375,0.875,0.25,0.50127875,0.8464994375,0.3178844375
0.4375,0.875,0.3125,0.49946312499999995,0.8480371250000001,0.3730260625
0.4375,0.875,0.375,0.49764749999999996,0.8495748125,0.4281676875
0.4375,0.875,0.4375,0.4958318749999999,0.8511125,0.48330931250000003
0.4375,0.875,0.5,0.49401624999999993,0.8526501875,0.5384509375
0.4375,0.875,0.5625,0.49220062499999995,0.854187875,0.5935925624999999
0.4375,0.875,0.625,0.49038499999999996,0.8557255625,0.6487341874999999
0.4375,0.875,0.6875,0.488569375,0.85726325,0.7038758125
0.4375,0.875,0.75,0.48675374999999993,0.8588009375,0.7590174375
0.4375,0.875,0.8125,0.48493812499999994,0.860338625,0.8141590624999999
0.4375,0.875,0.875,0.48312249999999995,0.8618763125000001,0.8693006875
0.4375,0.875,0.9375,0.48130687499999997,0.863414,0.9244423125
0.4375,0.875,1.0,0.4794912499999999,0.8649516875000001,0.9795839375
0.4375,0.9375,0.0,0.516874375,0.8994361875000001,0.103862125
0.4375,0.9375,0.0625,0.51505875,0.9009738750000001,0.15900375
0.4375,0.9375,0.125,0.513243125,0.9025115625000001,0.214145375
0.4375,0.9375,0.1875,0.5114275,0.9040492500000001,0.269287
0.4375,0.9375,0.25,0.509611875,0.9055869375000001,0.324428625
0.4375,0.9375,0.3125,0.50779625,0.9071246250000001,0.37957025
0.4375,0.9375,0.375,0.505980625,0.9086623125000001,0.43471187499999997
0.4375,0.9375,0.4375,0.504165,0.9102000000000001,0.48985350000000005
0.4375,0.9375,0.5,0.502349375,0.9117376875000001,0.544995125
0.4375,0.9375,0.5625,0.50053375,0.9132753750000001,0.60013675
0.4375,0.9375,0.625,0.498718125,0.9148130625,0.655278375
0.4375,0.9375,0.6875,0.4969025,0.9163507500000001,0.71042
0.4375,0.9375,0.75,0.495086875,0.9178884375,0.765561625
0.4375,0.9375,0.8125,0.49327125,0.9194261250000001,0.82070325
0.4375,0.9375,0.875,0.491455625,0.9209638125000001,0.8758448750000001
0.4375,0.9375,0.9375,0.48964,0.9225015000000001,0.9309865
0.4375,0.9375,1.0,0.487824375,0.9240391875000001,0.986128125
0.4375,1.0,0.0,0.5252075,0.9585236875,0.11040631249999999
0.4375,1.0,0.0625,0.5233918750000001,0.9600613750000001,0.1655479375
0.4375,1.0,0.125,0.5215762500000001,0.9615990625,0.2206895625
0.4375,1.0,0.1875,0.5197606250000001,0.9631367500000001,0.2758311875
0.4375,1.0,0.25,0.5179450000000001,0.9646744375,0.3309728125
0.4375,1.0,0.3125,0.516129375,0.9662121250000001,0.38611443749999996
0.4375,1.0,0.375,0.51431375,0.9677498125,0.4412560625
0.4375,1.0,0.4375,0.512498125,0.9692875000000001,0.4963976875
0.4375,1.0,0.5,0.5106825,0.9708251875,0.5515393125
0.4375,1.0,0.5625,0.508866875,0.9723628750000001,0.6066809375
0.4375,1.0,0.625,0.5070512500000001,0.9739005625,0.6618225624999999
0.4375,1.0,0.6875,0.5052356250000001,0.9754382500000001,0.7169641875
0.4375,1.0,0.75,0.5034200000000001,0.9769759375,0.7721058125
0.4375,1.0,0.8125,0.5016043750000001,0.978513625,0.8272474375
0.4375,1.0,0.875,0.49978875000000006,0.9800513125000001,0.8823890625
0.4375,1.0,0.9375,0.49797312500000007,0.981589,0.9375306875
0.4375,1.0,1.0,0.49615750000000003,0.9831266875000001,0.9926723125
0.5,0.0,0.0,0.44786,0.0149985,0.0065135
0.5,0.0,0.0625,0.446044375,0.0165361875,0.061655125
0.5,0.0,0.125,0.44422875,0.018073875,0.11679675
0.5,0.0,0.1875,0.44241312499999996,0.0196115625,0.171938375
0.5,0.0,0.25,0.4405975,0.02114925,0.22708
0.5,0.0,0.3125,0.438781875,0.0226869375,0.282221625
0.5,0.0,0.375,0.43696625,0.024224625,0.33736325
0.5,0.0,0.4375,0.43515062499999996,0.025762312500000002,0.39250487500000003
0.5,0.0,0.5,0.43333499999999997,0.027299999999999998,0.4476465
0.5,0.0,0.5625,0.431519375,0.0288376875,0.5027881249999999
0.5,0.0,0.625,0.42970375,0.030375375,0.5579297499999999
0.5,0.0,0.6875,0.42788812499999995,0.0319130625,0.613071375
0.5,0.0,0.75,0.42607249999999997,0.03345075,0.668213
0.5,0.0,0.8125,0.424256875,0.0349884375,0.7233546249999999
0.5,0.0,0.875,0.42244125,0.036526125,0.77849625
0.5,0.0,0.9375,0.420625625,0.0380638125,0.833637875
0.5,0.0,1.0,0.41880999999999996,0.0396015,0.8887795
0.5,0.0625,0.0,0.456193125,0.074086,0.0130576875
0.5,0.0625,0.0625,0.4543775,0.0756236875,0.0681993125
0.5,0.0625,0.125,0.452561875,0.077161375,0.1233409375
0.5,0.0625,0.1875,0.45074624999999996,0.0786990625,0.1784825625
0.5,0.0625,0.25,0.44893062499999997,0.08023675,0.2336241875
0.5,0.0625,0.3125,0.447115,0.0817744375,0.2887658125
0.5,0.0625,0.375,0.445299375,0.083312125,0.3439074375
0.5,0.0625,0.4375,0.44348374999999995,0.0848498125,0.39904906250000005
0.5,0.0625,0.5,0.44166812499999997,0.0863875,0.4541906875
0.5,0.0625,0.5625,0.4398525,0.0879251875,0.5093323125
0.5,0.0625,0.625,0.438036875,0.089462875,0.5644739375
0.5,0.0625,0.6875,0.43622125,0.09100056249999999,0.6196155625
0.5,0.0625,0.75,0.43440562499999996,0.09253825,0.6747571875
0.5,0.0625,0.8125,0.43259,0.0940759375,0.7298988125
0.5,0.0625,0.875,0.430774375,0.09561362500000001,0.7850404375000001
0.5,0.0625,0.9375,0.42895875,0.0971513125,0.8401820625
0.5,0.0625,1.0,0.42714312499999996,0.098689,0.8953236875
0.5,0.125,0.0,0.46452625,0.1331735,0.019601874999999998
0.5,0.125,0.0625,0.462710625,0.1347111875,0.07474349999999999
0.5,0.125,0.125,0.460895,0.136248875,0.129885125
0.5,0.125,0.1875,0.45907937499999996,0.1377865625,0.18502675
0.5,0.125,0.25,0.45726374999999997,0.13932425,0.240168375
0.5,0.125,0.3125,0.455448125,0.1408619375,0.29530999999999996
0.5,0.125,0.375,0.4536325,0.142399625,0.350451625
0.5,0.125,0.4375,0.45181687499999995,0.1439373125,0.40559325
0.5,0.125,0.5,0.45000124999999996,0.145475,0.460734875
0.5,0.125,0.5625,0.448185625,0.1470126875,0.5158765
0.5,0.125,0.625,0.44637,0.148550375,0.5710181249999999
0.5,0.125,0.6875,0.44455437499999995,0.1500880625,0.62615975
0.5,0.125,0.75,0.44273874999999996,0.15162575,0.681301375
0.5,0.125,0.8125,0.44092312499999997,0.1531634375,0.736443
0.5,0.125,0.875,0.4391075,0.154701125,0.791584625
0.5,0.125,0.9375,0.437291875,0.1562388125,0.84672625
0.5,0.125,1.0,0.43547624999999995,0.1577765,0.901867875
0.5,0.1875,0.0,0.47285937499999997,0.192261,0.026146062499999997
0.5,0.1875,0.0625,0.47104375,0.19379868749999998,0.0812876875
0.5,0.1875,0.125,0.469228125,0.19533637499999998,0.1364293125
0.5,0.1875,0.1875,0.46741249999999995,0.19687406249999997,0.19157093749999998
0.5,0.1875,0.25,0.46559687499999997,0.19841175,0.2467125625
0.5,0.1875,0.3125,0.46378125,0.1999494375,0.3018541875
0.5,0.1875,0.375,0.461965625,0.201487125,0.3569958125
0.5,0.1875,0.4375,0.46014999999999995,0.20302481249999998,0.41213743750000004
0.5,0.1875,0.5,0.45833437499999996,0.20456249999999998,0.4672790625
0.5,0.1875,0.5625,0.45651875,0.20610018749999998,0.5224206874999999
0.5,0.1875,0.625,0.454703125,0.207637875,0.5775623124999999
0.5,0.1875,0.6875,0.4528875,0.2091755625,0.6327039375
0.5,0.1875,0.75,0.45107187499999996,0.21071325,0.6878455625
0.5,0.1875,0.8125,0.44925624999999997,0.2122509375,0.7429871874999999
0.5,0.1875,0.875,0.447440625,0.21378862499999998,0.7981288125
0.5,0.1875,0.9375,0.445625,0.21532631249999998,0.8532704375
0.5,0.1875,1.0,0.44380937499999995,0.216864,0.9084120625
0.5,0.25,0.0,0.48119249999999997,0.25134850000000003,0.03269025
0.5,0.25,0.0625,0.479376875,0.2528861875,0.087831875
0.5,0.25,0.125,0.47756125,0.254423875,0.1429735
0.5,0.25,0.1875,0.47574562499999995,0.2559615625,0.198115125
0.5,0.25,0.25,0.47392999999999996,0.25749925,0.25325675
0.5,0.25,0.3125,0.472114375,0.2590369375,0.30839837499999995
0.5,0.25,0.375,0.47029875,0.260574625,0.36354
0.5,0.25,0.4375,0.46848312499999994,0.26211231250000006,0.418681625
0.5,0.25,0.5,0.46666749999999996,0.26365000000000005,0.47382325
0.5,0.25,0.5625,0.46485187499999997,0.26518768750000005,0.528964875
0.5,0.25,0.625,0.46303625,0.26672537500000004,0.5841065
0.5,0.25,0.6875,0.46122062499999994,0.26826306250000004,0.6392481250000001
0.5,0.25,0.75,0.45940499999999995,0.26980075000000003,0.69438975
0.5,0.25,0.8125,0.45758937499999996,0.27133843750000003,0.749531375
0.5,0.25,0.875,0.45577375,0.272876125,0.8046730000000001
0.5,0.25,0.9375,0.453958125,0.2744138125,0.859814625
0.5,0.25,1.0,0.45214249999999995,0.2759515,0.91495625
0.5,0.3125,0.0,0.48952562499999996,0.31043600000000005,0.0392344375
0.5,0.3125,0.0625,0.48771,0.31197368750000004,0.0943760625
0.5,0.3125,0.125,0.485894375,0.31351137500000004,0.1495176875
0.5,0.3125,0.1875,0.48407874999999995,0.31504906250000003,0.2046593125
0.5,0.3125,0.25,0.48226312499999996,0.31658675000000003,0.2598009375
0.5,0.3125,0.3125,0.48044749999999997,0.3181244375,0.31494256249999997
0.5,0.3125,0.375,0.478631875,0.319662125,0.3700841875
0.5,0.3125,0.4375,0.47681624999999994,0.32119981250000007,0.4252258125
0.5,0.3125,0.5,0.47500062499999995,0.32273750000000007,0.4803674375
0.5,0.3125,0.5625,0.47318499999999997,0.32427518750000006,0.5355090625
0.5,0.3125,0.625,0.471369375,0.32581287500000006,0.5906506874999999
0.5,0.3125,0.6875,0.46955375,0.32735056250000005,0.6457923125
0.5,0.3125,0.75,0.46773812499999995,0.32888825000000005,0.7009339375
0.5,0.3125,0.8125,0.46592249999999996,0.33042593750000004,0.7560755625
0.5,0.3125,0.875,0.464106875,0.33196362500000004,0.8112171875
0.5,0.3125,0.9375,0.46229125,0.33350131250000004,0.8663588125
0.5,0.3125,1.0,0.46047562499999994,0.33503900000000003,0.9215004375
0.5,0.375,0.0,0.49785874999999996,0.3695235,0.045778624999999996
0.5,0.375,0.0625,0.496043125,0.3710611875,0.10092024999999999
0.5,0.375,0.125,0.4942275,0.372598875,0.156061875
0.5,0.375,0.1875,0.49241187499999994,0.3741365625,0.2112035
0.5,0.375,0.25,0.49059624999999996,0.37567425,0.266345125
0.5,0.375,0.3125,0.48878062499999997,0.3772119375,0.32148675
0.5,0.375,0.375,0.486965,0.378749625,0.376628375
0.5,0.375,0.4375,0.48514937499999994,0.38028731250000003,0.43177000000000004
0.5,0.375,0.5,0.48333374999999995,0.381825,0.486911625
0.5,0.375,0.5625,0.48151812499999996,0.3833626875,0.5420532499999999
0.5,0.375,0.625,0.4797025,0.384900375,0.5971948749999999
0.5,0.375,0.6875,0.47788687499999993,0.3864380625,0.6523365
0.5,0.375,0.75,0.47607124999999995,0.38797575,0.707478125
0.5,0.375,0.8125,0.47425562499999996,0.3895134375,0.7626197499999999
0.5,0.375,0.875,0.47243999999999997,0.391051125,0.817761375
0.5,0.375,0.9375,0.470624375,0.3925888125,0.872903
0.5,0.375,1.0,0.46880874999999994,0.3941265,0.928044625
0.5,0.4375,0.0,0.506191875,0.428611,0.052322812499999996
0.5,0.4375,0.0625,0.50437625,0.4301486875,0.1074644375
0.5,0.4375,0.125,0.502560625,0.431686375,0.16260606249999998
0.5,0.4375,0.1875,0.500745,0.4332240625,0.2177476875
0.5,0.4375,0.25,0.49892937499999995,0.43476175,0.2728893125
0.5,0.4375,0.3125,0.49711374999999997,0.4362994375,0.32803093749999995
0.5,0.4375,0.375,0.495298125,0.437837125,0.3831725625
0.5,0.4375,0.4375,0.49348249999999994,0.43937481250000004,0.4383141875
0.5,0.4375,0.5,0.49166687499999995,0.44091250000000004,0.4934558125
0.5,0.4375,0.5625,0.48985124999999996,0.44245018750000004,0.5485974375
0.5,0.4375,0.625,0.488035625,0.44398787500000003,0.6037390625
0.5,0.4375,0.6875,0.48622,0.4455255625,0.6588806875000001
0.5,0.4375,0.75,0.48440437499999994,0.44706325,0.7140223125
0.5,0.4375,0.8125,0.48258874999999996,0.4486009375,0.7691639375
0.5,0.4375,0.875,0.48077312499999997,0.450138625,0.8243055625000001
0.5,0.4375,0.9375,0.4789575,0.4516763125,0.8794471875000001
0.5,0.4375,1.0,0.47714187499999994,0.453214,0.9345888125
0.5,0.5,0.0,0.514525,0.48769850000000003,0.058866999999999996
0.5,0.5,0.0625,0.512709375,0.48923618750000003,0.114008625
0.5,0.5,0.125,0.51089375,0.490773875,0.16915025
0.5,0.5,0.1875,0.509078125,0.4923115625,0.224291875
0.5,0.5,0.25,0.5072625000000001,0.49384925,0.2794335
0.5,0.5,0.3125,0.505446875,0.4953869375,0.334575125
0.5,0.5,0.375,0.50363125,0.496924625,0.38971675
0.5,0.5,0.4375,0.501815625,0.49846231250000006,0.44485837500000003
0.5,0.5,0.5,0.5,0.5,0.5
0.5,0.5,0.5625,0.498184375,0.5015376875,0.555141625
0.5,0.5,0.625,0.49636875,0.503075375,0.6102832499999999
0.5,0.5,0.6875,0.49455312500000004,0.5046130625,0.665424875
0.5,0.5,0.75,0.4927375,0.50615075,0.7205665
0.5,0.5,0.8125,0.490921875,0.5076884375,0.775708125
0.5,0.5,0.875,0.48910625,0.5092261250000001,0.83084975
0.5,0.5,0.9375,0.48729062500000003,0.5107638125,0.885991375
0.5,0.5,1.0,0.485475,0.5123015000000001,0.941133
0.5,0.5625,0.0,0.522858125,0.546786,0.0654111875
0.5,0.5625,0.0625,0.5210425,0.5483236875,0.1205528125
0.5,0.5625,0.125,0.519226875,0.549861375,0.1756944375
0.5,0.5625,0.1875,0.51741125,0.5513990625,0.2308360625
0.5,0.5625,0.25,0.515595625,0.55293675,0.28597768749999997
0.5,0.5625,0.3125,0.5137799999999999,0.5544744375,0.34111931249999994
0.5,0.5625,0.375,0.5119643749999999,0.556012125,0.3962609375
0.5,0.5625,0.4375,0.5101487499999999,0.5575498125,0.4514025625
0.5,0.5625,0.5,0.5083331249999999,0.5590875,0.5065441875
0.5,0.5625,0.5625,0.5065175,0.5606251875,0.5616858124999999
0.5,0.5625,0.625,0.504701875,0.562162875,0.6168274374999999
0.5,0.5625,0.6875,0.50288625,0.5637005625,0.6719690625
0.5,0.5625,0.75,0.501070625,0.5652382499999999,0.7271106875
0.5,0.5625,0.8125,0.49925499999999995,0.5667759375,0.7822523124999999
0.5,0.5625,0.875,0.49743937499999996,0.568313625,0.8373939375
0.5,0.5625,0.9375,0.49562375,0.5698513125,0.8925355625
0.5,0.5625,1.0,0.49380812499999993,0.571389,0.9476771875
0.5,0.625,0.0,0.53119125,0.6058735000000001,0.071955375
0.5,0.625,0.0625,0.529375625,0.6074111875000001,0.12709700000000002
0.5,0.625,0.125,0.52756,0.6089488750000001,0.182238625
0.5,0.625,0.1875,0.525744375,0.6104865625000001,0.23738025000000001
0.5,0.625,0.25,0.52392875,0.61202425,0.292521875
0.5,0.625,0.3125,0.522113125,0.6135619375000001,0.34766349999999996
0.5,0.625,0.375,0.5202975,0.615099625,0.402805125
0.5,0.625,0.4375,0.518481875,0.6166373125000001,0.45794675
0.5,0.625,0.5,0.51666625,0.618175,0.513088375
0.5,0.625,0.5625,0.514850625,0.6197126875000001,0.56823
0.5,0.625,0.625,0.513035,0.621250375,0.623371625
0.5,0.625,0.6875,0.511219375,0.6227880625000001,0.6785132500000001
0.5,0.625,0.75,0.50940375,0.62432575,0.733654875
0.5,0.625,0.8125,0.5075881250000001,0.6258634375000001,0.7887965
0.5,0.625,0.875,0.5057725,0.6274011250000001,0.8439381250000001
0.5,0.625,0.9375,0.503956875,0.6289388125,0.8990797500000001
0.5,0.625,1.0,0.50214125,0.6304765000000001,0.954221375
0.5,0.6875,0.0,0.539524375,0.664961,0.07849956250000001
0.5,0.6875,0.0625,0.53770875,0.6664986875000001,0.1336411875
0.5,0.6875,0.125,0.535893125,0.668036375,0.1887828125
0.5,0.6875,0.1875,0.5340775,0.6695740625000001,0.2439244375
0.5,0.6875,0.25,0.532261875,0.67111175,0.2990660625
0.5,0.6875,0.3125,0.5304462499999999,0.6726494375000001,0.3542076875
0.5,0.6875,0.375,0.5286306249999999,0.674187125,0.4093493125
0.5,0.6875,0.4375,0.5268149999999999,0.6757248125,0.46449093750000003
0.5,0.6875,0.5,0.5249993749999999,0.6772625,0.5196325625
0.5,0.6875,0.5625,0.52318375,0.6788001875,0.5747741875
0.5,0.6875,0.625,0.521368125,0.680337875,0.6299158125
0.5,0.6875,0.6875,0.5195525,0.6818755625,0.6850574375
0.5,0.6875,0.75,0.517736875,0.68341325,0.7401990625
0.5,0.6875,0.8125,0.51592125,0.6849509375,0.7953406875
0.5,0.6875,0.875,0.5141056249999999,0.6864886250000001,0.8504823125000001
0.5,0.6875,0.9375,0.5122899999999999,0.6880263125,0.9056239375
0.5,0.6875,1.0,0.5104743749999999,0.6895640000000001,0.9607655625
0.5,0.75,0.0,0.5478575,0.7240485,0.08504375
0.5,0.75,0.0625,0.546041875,0.7255861875,0.140185375
0.5,0.75,0.125,0.54422625,0.727123875,0.195327
0.5,0.75,0.1875,0.542410625,0.7286615625,0.250468625
0.5,0.75,0.25,0.540595,0.73019925,0.30561024999999997
0.5,0.75,0.3125,0.538779375,0.7317369375,0.36075187499999994
0.5,0.75,0.375,0.53696375,0.733274625,0.4158935
0.5,0.75,0.4375,0.535148125,0.7348123125,0.471035125
0.5,0.75,0.5,0.5333325,0.73635,0.52617675
0.5,0.75,0.5625,0.531516875,0.7378876875,0.5813183749999999
0.5,0.75,0.625,0.52970125,0.7394253749999999,0.6364599999999999
0.5,0.75,0.6875,0.527885625,0.7409630625,0.691601625
0.5,0.75,0.75,0.52607,0.7425007499999999,0.74674325
0.5,0.75,0.8125,0.524254375,0.7440384375,0.8018848749999999
0.5,0.75,0.875,0.52243875,0.745576125,0.8570265
0.5,0.75,0.9375,0.520623125,0.7471138125,0.912168125
0.5,0.75,1.0,0.5188075,0.7486515,0.96730975
0.5,0.8125,0.0,0.5561906249999999,0.783136,0.0915879375
0.5,0.8125,0.0625,0.554375,0.7846736875000001,0.1467295625
0.5,0.8125,0.125,0.552559375,0.786211375,0.2018711875
0.5,0.8125,0.1875,0.55074375,0.7877490625000001,0.25701281249999997
0.5,0.8125,0.25,0.548928125,0.78928675,0.3121544375
0.5,0.8125,0.3125,0.5471124999999999,0.7908244375000001,0.36729606249999996
0.5,0.8125,0.375,0.5452968749999999,0.792362125,0.4224376875
0.5,0.8125,0.4375,0.5434812499999999,0.7938998125000001,0.4775793125
0.5,0.8125,0.5,0.5416656249999999,0.7954375,0.5327209374999999
0.5,0.8125,0.5625,0.5398499999999999,0.7969751875000001,0.5878625625
0.5,0.8125,0.625,0.538034375,0.798512875,0.6430041874999999
0.5,0.8125,0.6875,0.53621875,0.8000505625000001,0.6981458125
0.5,0.8125,0.75,0.534403125,0.80158825,0.7532874375
0.5,0.8125,0.8125,0.5325875,0.8031259375,0.8084290624999999
0.5,0.8125,0.875,0.5307718749999999,0.8046636250000001,0.8635706875
0.5,0.8125,0.9375,0.5289562499999999,0.8062013125,0.9187123125000001
0.5,0.8125,1.0,0.5271406249999999,0.8077390000000001,0.9738539374999999
0.5,0.875,0.0,0.56452375,0.8422235,0.098132125
0.5,0.875,0.0625,0.562708125,0.8437611875000001,0.15327375
0.5,0.875,0.125,0.5608925,0.845298875,0.208415375
0.5,0.875,0.1875,0.559076875,0.8468365625000001,0.263557
0.5,0.875,0.25,0.55726125,0.84837425,0.318698625
0.5,0.875,0.3125,0.5554456249999999,0.8499119375,0.37384025
0.5,0.875,0.375,0.55363,0.851449625,0.428981875
0.5,0.875,0.4375,0.551814375,0.8529873125,0.48412350000000004
0.5,0.875,0.5,0.54999875,0.854525,0.539265125
0.5,0.875,0.5625,0.548183125,0.8560626875,0.59440675
0.5,0.875,0.625,0.5463675,0.857600375,0.649548375
0.5,0.875,0.6875,0.544551875,0.8591380625,0.70469
0.5,0.875,0.75,0.54273625,0.86067575,0.759831625
0.5,0.875,0.8125,0.540920625,0.8622134375,0.81497325
0.5,0.875,0.875,0.539105,0.8637511250000001,0.8701148750000001
0.5,0.875,0.9375,0.537289375,0.8652888125,0.9252565
0.5,0.875,1.0,0.53547375,0.8668265,0.980398125
0.5,0.9375,0.0,0.572856875,0.9013110000000001,0.10467631250000001
0.5,0.9375,0.0625,0.5710412500000001,0.9028486875000001,0.1598179375
0.5,0.9375,0.125,0.5692256250000001,0.9043863750000001,0.2149595625
0.5,0.9375,0.1875,0.5674100000000001,0.9059240625000001,0.2701011875
0.5,0.9375,0.25,0.5655943750000001,0.9074617500000001,0.3252428125
0.5,0.9375,0.3125,0.56377875,0.9089994375000001,0.38038443749999995
0.5,0.9375,0.375,0.561963125,0.9105371250000001,0.43552606250000003
0.5,0.9375,0.4375,0.5601475,0.9120748125000001,0.4906676875
0.5,0.9375,0.5,0.558331875,0.9136125,0.5458093125
0.5,0.9375,0.5625,0.55651625,0.9151501875000001,0.6009509375
0.5,0.9375,0.625,0.5547006250000001,0.916687875,0.6560925624999999
0.5,0.9375,0.6875,0.5528850000000001,0.9182255625000001,0.7112341875
0.5,0.9375,0.75,0.5510693750000001,0.91976325,0.7663758125
0.5,0.9375,0.8125,0.5492537500000001,0.9213009375000001,0.8215174375
0.5,0.9375,0.875,0.547438125,0.9228386250000001,0.8766590625
0.5,0.9375,0.9375,0.5456225,0.9243763125000001,0.9318006875
0.5,0.9375,1.0,0.543806875,0.9259140000000001,0.9869423125
0.5,1.0,0.0,0.58119,0.9603985,0.1112205
0.5,1.0,0.0625,0.579374375,0.9619361875000001,0.166362125
0.5,1.0,0.125,0.57755875,0.963473875,0.22150375
0.5,1.0,0.1875,0.575743125,0.9650115625000001,0.27664537499999997
0.5,1.0,0.25,0.5739275,0.96654925,0.331787
0.5,1.0,0.3125,0.5721118749999999,0.9680869375000001,0.38692862499999997
0.5,1.0,0.375,0.57029625,0.969624625,0.44207025
0.5,1.0,0.4375,0.568480625,0.9711623125000001,0.497211875
0.5,1.0,0.5,0.566665,0.9727,0.5523534999999999
0.5,1.0,0.5625,0.564849375,0.9742376875000001,0.607495125
0.5,1.0,0.625,0.56303375,0.975775375,0.6626367499999999
0.5,1.0,0.6875,0.561218125,0.9773130625,0.717778375
0.5,1.0,0.75,0.5594025,0.97885075,0.77292
0.5,1.0,0.8125,0.557586875,0.9803884375,0.8280616249999999
0.5,1.0,0.875,0.5557712499999999,0.9819261250000001,0.88320325
0.5,1.0,0.9375,0.553955625,0.9834638125,0.9383448750000001
0.5,1.0,1.0,0.55214,0.9850015000000001,0.9934864999999999
0.5625,0.0,0.0,0.5038425,0.0168733125,0.0073276875
0.5625,0.0,0.0625,0.502026875,0.018411,0.0624693125
0.5625,0.0,0.125,0.50021125,0.0199486875,0.1176109375
0.5625,0.0,0.1875,0.49839562499999995,0.021486375000000002,0.1727525625
0.5625,0.0,0.25,0.49657999999999997,0.0230240625,0.2278941875
0.5625,0.0,0.3125,0.494764375,0.02456175,0.2830358125
0.5625,0.0,0.375,0.49294875,0.026099437500000003,0.3381774375
0.5625,0.0,0.4375,0.49113312499999995,0.027637125000000002,0.39331906250000004
0.5625,0.0,0.5,0.48931749999999996,0.0291748125,0.4484606875
0.5625,0.0,0.5625,0.487501875,0.0307125,0.5036023125
0.5625,0.0,0.625,0.48568625,0.0322501875,0.5587439375
0.5625,0.0,0.6875,0.483870625,0.033787875,0.6138855625
0.5625,0.0,0.75,0.48205499999999996,0.035325562500000005,0.6690271875
0.5625,0.0,0.8125,0.48023937499999997,0.03686325,0.7241688125
0.5625,0.0,0.875,0.47842375,0.0384009375,0.7793104375000001
0.5625,0.0,0.9375,0.476608125,0.039938625000000005,0.8344520625
0.5625,0.0,1.0,0.47479249999999995,0.0414763125,0.8895936875
0.5625,0.0625,0.0,0.512175625,0.0759608125,0.013871874999999999
0.5625,0.0625,0.0625,0.51036,0.0774985,0.0690135
0.5625,0.0625,0.125,0.508544375,0.07903618750000001,0.124155125
0.5625,0.0625,0.1875,0.5067287500000001,0.080573875,0.17929675
0.5625,0.0625,0.25,0.5049131250000001,0.0821115625,0.234438375
0.5625,0.0625,0.3125,0.5030975,0.08364925000000001,0.28957999999999995
0.5625,0.0625,0.375,0.501281875,0.0851869375,0.344721625
0.5625,0.0625,0.4375,0.49946625,0.086724625,0.39986325
0.5625,0.0625,0.5,0.497650625,0.0882623125,0.455004875
0.5625,0.0625,0.5625,0.495835,0.0898,0.5101465
0.5625,0.0625,0.625,0.49401937500000004,0.0913376875,0.5652881249999999
0.5625,0.0625,0.6875,0.49220375000000005,0.09287537500000001,0.62042975
0.5625,0.0625,0.75,0.490388125,0.0944130625,0.675571375
0.5625,0.0625,0.8125,0.4885725,0.09595075,0.730713
0.5625,0.0625,0.875,0.48675687500000003,0.0974884375,0.785854625
0.5625,0.0625,0.9375,0.48494125000000005,0.099026125,0.84099625
0.5625,0.0625,1.0,0.483125625,0.1005638125,0.896137875
0.5625,0.125,0.0,0.52050875,0.1350483125,0.0204160625
0.5625,0.125,0.0625,0.518693125,0.13658599999999999,0.0755576875
0.5625,0.125,0.125,0.5168775,0.13812368749999998,0.1306993125
0.5625,0.125,0.1875,0.515061875,0.13966137499999998,0.1858409375
0.5625,0.125,0.25,0.51324625,0.1411990625,0.2409825625
0.5625,0.125,0.3125,0.5114306249999999,0.14273675,0.29612418749999997
0.5625,0.125,0.375,0.5096149999999999,0.1442744375,0.3512658125
0.5625,0.125,0.4375,0.5077993749999999,0.145812125,0.4064074375
0.5625,0.125,0.5,0.50598375,0.14734981249999998,0.4615490625
0.5625,0.125,0.5625,0.504168125,0.14888749999999998,0.5166906874999999
0.5625,0.125,0.625,0.5023525,0.1504251875,0.5718323125
0.5625,0.125,0.6875,0.500536875,0.151962875,0.6269739375000001
0.5625,0.125,0.75,0.49872124999999995,0.1535005625,0.6821155624999999
0.5625,0.125,0.8125,0.49690562499999996,0.15503825,0.7372571875
0.5625,0.125,0.875,0.49509,0.15657593749999998,0.7923988125000001
0.5625,0.125,0.9375,0.493274375,0.15811362499999998,0.8475404375
0.5625,0.125,1.0,0.49145874999999994,0.15965131249999998,0.9026820625
0.5625,0.1875,0.0,0.528841875,0.1941358125,0.026960249999999998
0.5625,0.1875,0.0625,0.52702625,0.1956735,0.08210187499999999
0.5625,0.1875,0.125,0.525210625,0.1972111875,0.1372435
0.5625,0.1875,0.1875,0.523395,0.198748875,0.192385125
0.5625,0.1875,0.25,0.5215793750000001,0.20028656250000001,0.24752675
0.5625,0.1875,0.3125,0.51976375,0.20182425,0.302668375
0.5625,0.1875,0.375,0.517948125,0.2033619375,0.35781
0.5625,0.1875,0.4375,0.5161325,0.204899625,0.41295162500000004
0.5625,0.1875,0.5,0.514316875,0.2064373125,0.46809325
0.5625,0.1875,0.5625,0.51250125,0.207975,0.523234875
0.5625,0.1875,0.625,0.510685625,0.20951268750000002,0.5783765
0.5625,0.1875,0.6875,0.50887,0.211050375,0.633518125
0.5625,0.1875,0.75,0.5070543750000001,0.2125880625,0.68865975
0.5625,0.1875,0.8125,0.5052387500000001,0.21412575,0.743801375
0.5625,0.1875,0.875,0.503423125,0.2156634375,0.7989430000000001
0.5625,0.1875,0.9375,0.5016075,0.217201125,0.854084625
0.5625,0.1875,1.0,0.499791875,0.2187388125,0.90922625
0.5625,0.25,0.0,0.537175,0.2532233125,0.0335044375
0.5625,0.25,0.0625,0.535359375,0.254761,0.0886460625
0.5625,0.25,0.125,0.53354375,0.2562986875,0.14378768749999998
0.5625,0.25,0.1875,0.531728125,0.257836375,0.1989293125
0.5625,0.25,0.25,0.5299125,0.2593740625,0.2540709375
0.5625,0.25,0.3125,0.5280968749999999,0.26091175,0.30921256249999995
0.5625,0.25,0.375,0.5262812499999999,0.2624494375,0.3643541875
0.5625,0.25,0.4375,0.5244656249999999,0.26398712500000004,0.4194958125
0.5625,0.25,0.5,0.52265,0.26552481250000004,0.4746374375
0.5625,0.25,0.5625,0.520834375,0.26706250000000004,0.5297790625
0.5625,0.25,0.625,0.51901875,0.26860018750000003,0.5849206874999999
0.5625,0.25,0.6875,0.517203125,0.270137875,0.6400623125
0.5625,0.25,0.75,0.5153875,0.2716755625,0.6952039375
0.5625,0.25,0.8125,0.513571875,0.27321325,0.7503455625
0.5625,0.25,0.875,0.5117562499999999,0.2747509375,0.8054871875
0.5625,0.25,0.9375,0.5099406249999999,0.276288625,0.8606288125
0.5625,0.25,1.0,0.5081249999999999,0.2778263125,0.9157704375
0.5625,0.3125,0.0,0.545508125,0.31231081250000003,0.040048625
0.5625,0.3125,0.0625,0.5436925,0.31384850000000003,0.09519025
0.5625,0.3125,0.125,0.541876875,0.3153861875,0.150331875
0.5625,0.3125,0.1875,0.54006125,0.316923875,0.2054735
0.5625,0.3125,0.25,0.5382456250000001,0.3184615625,0.260615125
0.5625,0.3125,0.3125,0.53643,0.31999925,0.31575675
0.5625,0.3125,0.375,0.534614375,0.3215369375,0.370898375
0.5625,0.3125,0.4375,0.53279875,0.32307462500000006,0.42604000000000003
0.5625,0.3125,0.5,0.530983125,0.32461231250000006,0.481181625
0.5625,0.3125,0.5625,0.5291675,0.32615000000000005,0.5363232499999999
0.5625,0.3125,0.625,0.527351875,0.32768768750000005,0.5914648749999999
0.5625,0.3125,0.6875,0.52553625,0.32922537500000004,0.6466065
0.5625,0.3125,0.75,0.523720625,0.33076306250000004,0.701748125
0.5625,0.3125,0.8125,0.5219050000000001,0.33230075000000003,0.7568897499999999
0.5625,0.3125,0.875,0.520089375,0.33383843750000003,0.812031375
0.5625,0.3125,0.9375,0.51827375,0.335376125,0.867173
0.5625,0.3125,1.0,0.516458125,0.3369138125,0.9223146249999999
0.5625,0.375,0.0,0.55384125,0.3713983125,0.0465928125
0.5625,0.375,0.0625,0.552025625,0.372936,0.1017344375
0.5625,0.375,0.125,0.55021,0.3744736875,0.1568760625
0.5625,0.375,0.1875,0.548394375,0.376011375,0.2120176875
0.5625,0.375,0.25,0.54657875,0.3775490625,0.2671593125
0.5625,0.375,0.3125,0.5447631249999999,0.37908675,0.3223009375
0.5625,0.375,0.375,0.5429474999999999,0.38062443749999997,0.37744256249999997
0.5625,0.375,0.4375,0.5411318749999999,0.382162125,0.43258418750000005
0.5625,0.375,0.5,0.5393162499999999,0.3836998125,0.4877258125
0.5625,0.375,0.5625,0.537500625,0.3852375,0.5428674375
0.5625,0.375,0.625,0.535685,0.3867751875,0.5980090625
0.5625,0.375,0.6875,0.533869375,0.388312875,0.6531506875
0.5625,0.375,0.75,0.53205375,0.3898505625,0.7082923125
0.5625,0.375,0.8125,0.530238125,0.39138825,0.7634339375
0.5625,0.375,0.875,0.5284224999999999,0.3929259375,0.8185755625000001
0.5625,0.375,0.9375,0.5266068749999999,0.394463625,0.8737171875
0.5625,0.375,1.0,0.5247912499999999,0.3960013125,0.9288588125
0.5625,0.4375,0.0,0.562174375,0.4304858125,0.053137
0.5625,0.4375,0.0625,0.56035875,0.4320235,0.10827862499999999
0.5625,0.4375,0.125,0.558543125,0.4335611875,0.16342025
0.5625,0.4375,0.1875,0.5567275,0.435098875,0.218561875
0.5625,0.4375,0.25,0.554911875,0.4366365625,0.2737035
0.5625,0.4375,0.3125,0.55309625,0.43817425,0.32884512499999996
0.5625,0.4375,0.375,0.551280625,0.4397119375,0.38398675
0.5625,0.4375,0.4375,0.549465,0.44124962500000003,0.439128375
0.5625,0.4375,0.5,0.547649375,0.44278731250000003,0.49427
0.5625,0.4375,0.5625,0.54583375,0.444325,0.549411625
0.5625,0.4375,0.625,0.544018125,0.4458626875,0.6045532499999999
0.5625,0.4375,0.6875,0.5422025,0.447400375,0.659694875
0.5625,0.4375,0.75,0.540386875,0.4489380625,0.7148365
0.5625,0.4375,0.8125,0.5385712500000001,0.45047575,0.769978125
0.5625,0.4375,0.875,0.536755625,0.4520134375,0.82511975
0.5625,0.4375,0.9375,0.53494,0.453551125,0.880261375
0.5625,0.4375,1.0,0.533124375,0.4550888125,0.935403
0.5625,0.5,0.0,0.5705075,0.4895733125,0.059681187499999996
0.5625,0.5,0.0625,0.568691875,0.491111,0.1148228125
0.5625,0.5,0.125,0.56687625,0.4926486875,0.1699644375
0.5625,0.5,0.1875,0.565060625,0.494186375,0.22510606249999998
0.5625,0.5,0.25,0.563245,0.4957240625,0.2802476875
0.5625,0.5,0.3125,0.5614293749999999,0.49726175,0.3353893125
0.5625,0.5,0.375,0.5596137499999999,0.4987994375,0.3905309375
0.5625,0.5,0.4375,0.5577981249999999,0.500337125,0.44567256250000004
0.5625,0.5,0.5,0.5559824999999999,0.5018748125,0.5008141875
0.5625,0.5,0.5625,0.554166875,0.5034125,0.5559558124999999
0.5625,0.5,0.625,0.55235125,0.5049501875,0.6110974374999999
0.5625,0.5,0.6875,0.550535625,0.506487875,0.6662390625
0.5625,0.5,0.75,0.54872,0.5080255625,0.7213806875
0.5625,0.5,0.8125,0.546904375,0.50956325,0.7765223124999999
0.5625,0.5,0.875,0.5450887499999999,0.5111009375000001,0.8316639375
0.5625,0.5,0.9375,0.5432731249999999,0.512638625,0.8868055625
0.5625,0.5,1.0,0.5414574999999999,0.5141763125000001,0.9419471875
0.5625,0.5625,0.0,0.578840625,0.5486608125,0.066225375
0.5625,0.5625,0.0625,0.577025,0.5501985,0.121367
0.5625,0.5625,0.125,0.575209375,0.5517361875,0.176508625
0.5625,0.5625,0.1875,0.57339375,0.553273875,0.23165025
0.5625,0.5625,0.25,0.571578125,0.5548115625,0.28679187500000003
0.5625,0.5625,0.3125,0.5697625,0.55634925,0.3419335
0.5625,0.5625,0.375,0.567946875,0.5578869375,0.397075125
0.5625,0.5625,0.4375,0.56613125,0.559424625,0.45221675000000006
0.5625,0.5625,0.5,0.564315625,0.5609623125,0.507358375
0.5625,0.5625,0.5625,0.5625,0.5625,0.5625
0.5625,0.5625,0.625,0.560684375,0.5640376874999999,0.617641625
0.5625,0.5625,0.6875,0.55886875,0.565575375,0.67278325
0.5625,0.5625,0.75,0.557053125,0.5671130624999999,0.727924875
0.5625,0.5625,0.8125,0.5552375,0.56865075,0.7830665
0.5625,0.5625,0.875,0.553421875,0.5701884375,0.8382081250000001
0.5625,0.5625,0.9375,0.55160625,0.571726125,0.89334975
0.5625,0.5625,1.0,0.549790625,0.5732638125,0.948491375
0.5625,0.625,0.0,0.5871737499999999,0.6077483125,0.0727695625
0.5625,0.625,0.0625,0.585358125,0.6092860000000001,0.1279111875
0.5625,0.625,0.125,0.5835425,0.6108236875,0.1830528125
0.5625,0.625,0.1875,0.581726875,0.6123613750000001,0.2381944375
0.5625,0.625,0.25,0.57991125,0.6138990625,0.2933360625
0.5625,0.625,0.3125,0.5780956249999999,0.6154367500000001,0.34847768749999997
0.5625,0.625,0.375,0.5762799999999999,0.6169744375,0.4036193125
0.5625,0.625,0.4375,0.5744643749999999,0.6185121250000001,0.4587609375
0.5625,0.625,0.5,0.5726487499999999,0.6200498125,0.5139025625
0.5625,0.625,0.5625,0.5708331249999999,0.6215875000000001,0.5690441875
0.5625,0.625,0.625,0.5690175,0.6231251875,0.6241858124999999
0.5625,0.625,0.6875,0.567201875,0.6246628750000001,0.6793274375
0.5625,0.625,0.75,0.56538625,0.6262005625,0.7344690625
0.5625,0.625,0.8125,0.563570625,0.62773825,0.7896106875
0.5625,0.625,0.875,0.5617549999999999,0.6292759375000001,0.8447523125
0.5625,0.625,0.9375,0.5599393749999999,0.630813625,0.8998939375
0.5625,0.625,1.0,0.5581237499999999,0.6323513125000001,0.9550355625
0.5625,0.6875,0.0,0.595506875,0.6668358125,0.07931375
0.5625,0.6875,0.0625,0.59369125,0.6683735000000001,0.134455375
0.5625,0.6875,0.125,0.591875625,0.6699111875,0.18959700000000002
0.5625,0.6875,0.1875,0.59006,0.6714488750000001,0.244738625
0.5625,0.6875,0.25,0.588244375,0.6729865625,0.29988025
0.5625,0.6875,0.3125,0.5864287499999999,0.67452425,0.355021875
0.5625,0.6875,0.375,0.584613125,0.6760619375,0.4101635
0.5625,0.6875,0.4375,0.5827975,0.677599625,0.46530512500000004
0.5625,0.6875,0.5,0.580981875,0.6791373125,0.52044675
0.5625,0.6875,0.5625,0.57916625,0.680675,0.5755883749999999
0.5625,0.6875,0.625,0.577350625,0.6822126875,0.6307299999999999
0.5625,0.6875,0.6875,0.575535,0.683750375,0.685871625
0.5625,0.6875,0.75,0.573719375,0.6852880625,0.74101325
0.5625,0.6875,0.8125,0.57190375,0.68682575,0.7961548749999999
0.5625,0.6875,0.875,0.570088125,0.6883634375000001,0.8512965
0.5625,0.6875,0.9375,0.5682725,0.689901125,0.906438125
0.5625,0.6875,1.0,0.566456875,0.6914388125,0.96157975
0.5625,0.75,0.0,0.6038399999999999,0.7259233125,0.0858579375
0.5625,0.75,0.0625,0.602024375,0.727461,0.1409995625
0.5625,0.75,0.125,0.60020875,0.7289986875,0.19614118749999998
0.5625,0.75,0.1875,0.598393125,0.730536375,0.2512828125
0.5625,0.75,0.25,0.5965775,0.7320740625,0.3064244375
0.5625,0.75,0.3125,0.5947618749999999,0.73361175,0.36156606249999995
0.5625,0.75,0.375,0.5929462499999999,0.7351494375,0.4167076875
0.5625,0.75,0.4375,0.5911306249999999,0.736687125,0.4718493125
0.5625,0.75,0.5,0.5893149999999999,0.7382248124999999,0.5269909375
0.5625,0.75,0.5625,0.5874993749999999,0.7397625,0.5821325625
0.5625,0.75,0.625,0.58568375,0.7413001874999999,0.6372741875
0.5625,0.75,0.6875,0.583868125,0.742837875,0.6924158125000001
0.5625,0.75,0.75,0.5820525,0.7443755624999999,0.7475574375
0.5625,0.75,0.8125,0.580236875,0.74591325,0.8026990625
0.5625,0.75,0.875,0.5784212499999999,0.7474509375,0.8578406875000001
0.5625,0.75,0.9375,0.5766056249999999,0.748988625,0.9129823125000001
0.5625,0.75,1.0,0.5747899999999999,0.7505263125,0.9681239375
0.5625,0.8125,0.0,0.612173125,0.7850108125,0.09240212499999999
0.5625,0.8125,0.0625,0.6103575,0.7865485000000001,0.14754374999999997
0.5625,0.8125,0.125,0.608541875,0.7880861875,0.202685375
0.5625,0.8125,0.1875,0.60672625,0.7896238750000001,0.257827
0.5625,0.8125,0.25,0.604910625,0.7911615625,0.312968625
0.5625,0.8125,0.3125,0.6030949999999999,0.7926992500000001,0.36811024999999997
0.5625,0.8125,0.375,0.601279375,0.7942369375,0.423251875
0.5625,0.8125,0.4375,0.59946375,0.7957746250000001,0.4783935
0.5625,0.8125,0.5,0.597648125,0.7973123125,0.533535125
0.5625,0.8125,0.5625,0.5958325,0.7988500000000001,0.58867675
0.5625,0.8125,0.625,0.594016875,0.8003876875,0.6438183749999999
0.5625,0.8125,0.6875,0.59220125,0.801925375,0.69896
0.5625,0.8125,0.75,0.590385625,0.8034630625,0.754101625
0.5625,0.8125,0.8125,0.58857,0.80500075,0.80924325
0.5625,0.8125,0.875,0.5867543749999999,0.8065384375000001,0.864384875
0.5625,0.8125,0.9375,0.58493875,0.808076125,0.9195265
0.5625,0.8125,1.0,0.583123125,0.8096138125000001,0.974668125
0.5625,0.875,0.0,0.62050625,0.8440983125,0.0989463125
0.5625,0.875,0.0625,0.618690625,0.845636,0.1540879375
0.5625,0.875,0.125,0.6168750000000001,0.8471736875,0.2092295625
0.5625,0.875,0.1875,0.6150593750000001,0.848711375,0.2643711875
0.5625,0.875,0.25,0.6132437500000001,0.8502490625,0.31951281249999997
0.5625,0.875,0.3125,0.611428125,0.85178675,0.37465443749999994
0.5625,0.875,0.375,0.6096125,0.8533244375,0.4297960625
0.5625,0.875,0.4375,0.607796875,0.854862125,0.4849376875
0.5625,0.875,0.5,0.60598125,0.8563998125,0.5400793125
0.5625,0.875,0.5625,0.604165625,0.8579375,0.5952209374999999
0.5625,0.875,0.625,0.60235,0.8594751875,0.6503625624999999
0.5625,0.875,0.6875,0.6005343750000001,0.861012875,0.7055041875
0.5625,0.875,0.75,0.5987187500000001,0.8625505625,0.7606458125
0.5625,0.875,0.8125,0.5969031250000001,0.86408825,0.8157874374999999
0.5625,0.875,0.875,0.5950875,0.8656259375,0.8709290625
0.5625,0.875,0.9375,0.593271875,0.867163625,0.9260706875
0.5625,0.875,1.0,0.59145625,0.8687013125,0.9812123125
0.5625,0.9375,0.0,0.628839375,0.9031858125000001,0.1054905
0.5625,0.9375,0.0625,0.62702375,0.9047235000000001,0.16063212500000001
0.5625,0.9375,0.125,0.625208125,0.9062611875000001,0.21577375
0.5625,0.9375,0.1875,0.6233925,0.9077988750000001,0.270915375
0.5625,0.9375,0.25,0.621576875,0.9093365625000001,0.326057
0.5625,0.9375,0.3125,0.6197612499999999,0.9108742500000001,0.38119862499999996
0.5625,0.9375,0.375,0.6179456249999999,0.9124119375,0.43634025
0.5625,0.9375,0.4375,0.61613,0.9139496250000001,0.491481875
0.5625,0.9375,0.5,0.614314375,0.9154873125,0.5466235
0.5625,0.9375,0.5625,0.61249875,0.9170250000000001,0.601765125
0.5625,0.9375,0.625,0.610683125,0.9185626875,0.65690675
0.5625,0.9375,0.6875,0.6088675,0.9201003750000001,0.7120483750000001
0.5625,0.9375,0.75,0.607051875,0.9216380625,0.76719
0.5625,0.9375,0.8125,0.60523625,0.9231757500000001,0.822331625
0.5625,0.9375,0.875,0.6034206249999999,0.9247134375000001,0.8774732500000001
0.5625,0.9375,0.9375,0.601605,0.9262511250000001,0.9326148750000001
0.5625,0.9375,1.0,0.599789375,0.9277888125000001,0.9877565
0.5625,1.0,0.0,0.6371724999999999,0.9622733125,0.1120346875
0.5625,1.0,0.0625,0.6353568749999999,0.9638110000000001,0.16717631249999998
0.5625,1.0,0.125,0.63354125,0.9653486875,0.2223179375
0.5625,1.0,0.1875,0.631725625,0.9668863750000001,0.2774595625
0.5625,1.0,0.25,0.62991,0.9684240625,0.3326011875
0.5625,1.0,0.3125,0.6280943749999999,0.9699617500000001,0.3877428125
0.5625,1.0,0.375,0.6262787499999999,0.9714994375,0.4428844375
0.5625,1.0,0.4375,0.6244631249999999,0.9730371250000001,0.49802606250000003
0.5625,1.0,0.5,0.6226474999999999,0.9745748125,0.5531676875
0.5625,1.0,0.5625,0.6208318749999999,0.9761125,0.6083093125
0.5625,1.0,0.625,0.6190162499999999,0.9776501875,0.6634509375
0.5625,1.0,0.6875,0.617200625,0.979187875,0.7185925625
0.5625,1.0,0.75,0.615385,0.9807255625,0.7737341875
0.5625,1.0,0.8125,0.613569375,0.98226325,0.8288758125
0.5625,1.0,0.875,0.6117537499999999,0.9838009375000001,0.8840174375000001
0.5625,1.0,0.9375,0.6099381249999999,0.985338625,0.9391590625
0.5625,1.0,1.0,0.6081224999999999,0.9868763125000001,0.9943006875
0.625,0.0,0.0,0.559825,0.018748125,0.008141875
0.625,0.0,0.0625,0.558009375,0.0202858125,0.06328349999999999
0.625,0.0,0.125,0.55619375,0.021823500000000003,0.11842512499999999
0.625,0.0,0.1875,0.554378125,0.023361187500000002,0.17356675
0.625,0.0,0.25,0.5525625000000001,0.024898875,0.228708375
0.625,0.0,0.3125,0.550746875,0.0264365625,0.28385
0.625,0.0,0.375,0.54893125,0.02797425,0.338991625
0.625,0.0,0.4375,0.547115625,0.0295119375,0.39413325000000005
0.625,0.0,0.5,0.5453,0.031049625,0.449274875
0.625,0.0,0.5625,0.543484375,0.0325873125,0.5044164999999999
0.625,0.0,0.625,0.54166875,0.034125,0.5595581249999999
0.625,0.0,0.6875,0.539853125,0.0356626875,0.61469975
0.625,0.0,0.75,0.5380375000000001,0.037200375,0.669841375
0.625,0.0,0.8125,0.5362218750000001,0.0387380625,0.7249829999999999
0.625,0.0,0.875,0.53440625,0.04027575,0.780124625
0.625,0.0,0.9375,0.532590625,0.0418134375,0.83526625
0.625,0.0,1.0,0.530775,0.043351125000000004,0.890407875
0.625,0.0625,0.0,0.5681581250000001,0.077835625,0.0146860625
0.625,0.0625,0.0625,0.5663425000000001,0.0793733125,0.0698276875
0.625,0.0625,0.125,0.5645268750000001,0.08091100000000001,0.1249693125
0.625,0.0625,0.1875,0.5627112500000001,0.0824486875,0.1801109375
0.625,0.0625,0.25,0.5608956250000001,0.083986375,0.23525256249999998
0.625,0.0625,0.3125,0.55908,0.08552406250000001,0.29039418749999996
0.625,0.0625,0.375,0.557264375,0.08706175000000001,0.3455358125
0.625,0.0625,0.4375,0.55544875,0.0885994375,0.4006774375
0.625,0.0625,0.5,0.5536331250000001,0.09013712500000001,0.4558190625
0.625,0.0625,0.5625,0.5518175000000001,0.09167481250000001,0.5109606875
0.625,0.0625,0.625,0.5500018750000001,0.0932125,0.5661023125
0.625,0.0625,0.6875,0.5481862500000001,0.0947501875,0.6212439375000001
0.625,0.0625,0.75,0.5463706250000001,0.09628787500000001,0.6763855625
0.625,0.0625,0.8125,0.5445550000000001,0.0978255625,0.7315271875
0.625,0.0625,0.875,0.542739375,0.09936325000000001,0.7866688125000001
0.625,0.0625,0.9375,0.54092375,0.10090093750000001,0.8418104375000001
0.625,0.0625,1.0,0.539108125,0.102438625,0.8969520625
0.625,0.125,0.0,0.57649125,0.136923125,0.02123025
0.625,0.125,0.0625,0.574675625,0.1384608125,0.076371875
0.625,0.125,0.125,0.57286,0.1399985,0.1315135
0.625,0.125,0.1875,0.571044375,0.1415361875,0.186655125
0.625,0.125,0.25,0.5692287500000001,0.14307387500000002,0.24179675
0.625,0.125,0.3125,0.567413125,0.1446115625,0.296938375
0.625,0.125,0.375,0.5655975,0.14614925,0.35208
0.625,0.125,0.4375,0.563781875,0.1476869375,0.40722162500000003
0.625,0.125,0.5,0.56196625,0.149224625,0.46236325
0.625,0.125,0.5625,0.560150625,0.1507623125,0.517504875
0.625,0.125,0.625,0.558335,0.15230000000000002,0.5726465
0.625,0.125,0.6875,0.556519375,0.15383768750000001,0.627788125
0.625,0.125,0.75,0.55470375,0.155375375,0.68292975
0.625,0.125,0.8125,0.5528881250000001,0.1569130625,0.738071375
0.625,0.125,0.875,0.5510725,0.15845075,0.7932130000000001
0.625,0.125,0.9375,0.549256875,0.1599884375,0.848354625
0.625,0.125,1.0,0.54744125,0.16152612500000002,0.90349625
0.625,0.1875,0.0,0.5848243750000001,0.196010625,0.0277744375
0.625,0.1875,0.0625,0.5830087500000001,0.1975483125,0.0829160625
0.625,0.1875,0.125,0.5811931250000001,0.19908599999999999,0.1380576875
0.625,0.1875,0.1875,0.5793775000000001,0.20062368749999998,0.1931993125
0.625,0.1875,0.25,0.5775618750000001,0.202161375,0.2483409375
0.625,0.1875,0.3125,0.57574625,0.2036990625,0.30348256249999994
0.625,0.1875,0.375,0.573930625,0.20523675,0.3586241875
0.625,0.1875,0.4375,0.572115,0.2067744375,0.4137658125
0.625,0.1875,0.5,0.570299375,0.208312125,0.46890743749999997
0.625,0.1875,0.5625,0.5684837500000001,0.20984981249999998,0.5240490624999999
0.625,0.1875,0.625,0.5666681250000001,0.2113875,0.5791906874999999
0.625,0.1875,0.6875,0.5648525000000001,0.2129251875,0.6343323125
0.625,0.1875,0.75,0.5630368750000001,0.214462875,0.6894739375
0.625,0.1875,0.8125,0.5612212500000001,0.2160005625,0.7446155624999999
0.625,0.1875,0.875,0.559405625,0.21753825,0.7997571875
0.625,0.1875,0.9375,0.55759,0.21907593749999998,0.8548988125
0.625,0.1875,1.0,0.555774375,0.22061362499999998,0.9100404375
0.625,0.25,0.0,0.5931575,0.255098125,0.034318625
0.625,0.25,0.0625,0.591341875,0.2566358125,0.08946024999999999
0.625,0.25,0.125,0.58952625,0.2581735,0.144601875
0.625,0.25,0.1875,0.587710625,0.2597111875,0.1997435
0.625,0.25,0.25,0.585895,0.261248875,0.254885125
0.625,0.25,0.3125,0.584079375,0.2627865625,0.31002674999999996
0.625,0.25,0.375,0.58226375,0.26432425,0.365168375
0.625,0.25,0.4375,0.580448125,0.26586193750000003,0.42031
0.625,0.25,0.5,0.5786325,0.26739962500000003,0.475451625
0.625,0.25,0.5625,0.576816875,0.2689373125,0.53059325
0.625,0.25,0.625,0.57500125,0.270475,0.585734875
0.625,0.25,0.6875,0.573185625,0.2720126875,0.6408765000000001
0.625,0.25,0.75,0.57137,0.273550375,0.696018125
0.625,0.25,0.8125,0.5695543750000001,0.2750880625,0.75115975
0.625,0.25,0.875,0.56773875,0.27662575,0.8063013750000001
0.625,0.25,0.9375,0.565923125,0.2781634375,0.8614430000000001
0.625,0.25,1.0,0.5641075,0.279701125,0.916584625
0.625,0.3125,0.0,0.6014906250000001,0.314185625,0.0408628125
0.625,0.3125,0.0625,0.5996750000000001,0.3157233125,0.0960044375
0.625,0.3125,0.125,0.5978593750000001,0.317261,0.1511460625
0.625,0.3125,0.1875,0.5960437500000001,0.3187986875,0.20628768749999998
0.625,0.3125,0.25,0.5942281250000001,0.320336375,0.2614293125
0.625,0.3125,0.3125,0.5924125,0.3218740625,0.3165709375
0.625,0.3125,0.375,0.590596875,0.32341175,0.3717125625
0.625,0.3125,0.4375,0.58878125,0.32494943750000005,0.42685418750000004
0.625,0.3125,0.5,0.586965625,0.32648712500000004,0.4819958125
0.625,0.3125,0.5625,0.5851500000000001,0.32802481250000004,0.5371374375
0.625,0.3125,0.625,0.5833343750000001,0.32956250000000004,0.5922790625
0.625,0.3125,0.6875,0.5815187500000001,0.33110018750000003,0.6474206875
0.625,0.3125,0.75,0.5797031250000001,0.332637875,0.7025623125
0.625,0.3125,0.8125,0.5778875000000001,0.3341755625,0.7577039375
0.625,0.3125,0.875,0.576071875,0.33571325,0.8128455625000001
0.625,0.3125,0.9375,0.57425625,0.3372509375,0.8679871875
0.625,0.3125,1.0,0.572440625,0.338788625,0.9231288125
0.625,0.375,0.0,0.60982375,0.373273125,0.047407
0.625,0.375,0.0625,0.608008125,0.3748108125,0.102548625
0.625,0.375,0.125,0.6061925,0.3763485,0.15769025
0.625,0.375,0.1875,0.604376875,0.37788618749999997,0.212831875
0.625,0.375,0.25,0.60256125,0.37942387499999997,0.2679735
0.625,0.375,0.3125,0.600745625,0.38096156249999996,0.32311512499999995
0.625,0.375,0.375,0.59893,0.38249924999999996,0.37825675
0.625,0.375,0.4375,0.597114375,0.3840369375,0.433398375
0.625,0.375,0.5,0.59529875,0.385574625,0.48854
0.625,0.375,0.5625,0.593483125,0.3871123125,0.543681625
0.625,0.375,0.625,0.5916675,0.38865,0.5988232499999999
0.625,0.375,0.6875,0.589851875,0.3901876875,0.653964875
0.625,0.375,0.75,0.58803625,0.391725375,0.7091065
0.625,0.375,0.8125,0.586220625,0.3932630625,0.764248125
0.625,0.375,0.875,0.584405,0.39480075,0.81938975
0.625,0.375,0.9375,0.582589375,0.3963384375,0.874531375
0.625,0.375,1.0,0.58077375,0.39787612499999997,0.929673
0.625,0.4375,0.0,0.618156875,0.432360625,0.0539511875
0.625,0.4375,0.0625,0.6163412500000001,0.4338983125,0.1090928125
0.625,0.4375,0.125,0.6145256250000001,0.435436,0.1642344375
0.625,0.4375,0.1875,0.6127100000000001,0.4369736875,0.2193760625
0.625,0.4375,0.25,0.6108943750000001,0.438511375,0.2745176875
0.625,0.4375,0.3125,0.60907875,0.4400490625,0.32965931249999997
0.625,0.4375,0.375,0.607263125,0.44158675,0.3848009375
0.625,0.4375,0.4375,0.6054475,0.4431244375,0.4399425625
0.625,0.4375,0.5,0.603631875,0.444662125,0.4950841875
0.625,0.4375,0.5625,0.60181625,0.4461998125,0.5502258124999999
0.625,0.4375,0.625,0.6000006250000001,0.4477375,0.6053674375
0.625,0.4375,0.6875,0.5981850000000001,0.4492751875,0.6605090625000001
0.625,0.4375,0.75,0.5963693750000001,0.450812875,0.7156506874999999
0.625,0.4375,0.8125,0.5945537500000001,0.4523505625,0.7707923125
0.625,0.4375,0.875,0.592738125,0.45388825,0.8259339375000001
0.625,0.4375,0.9375,0.5909225,0.4554259375,0.8810755625
0.625,0.4375,1.0,0.589106875,0.456963625,0.9362171875
0.625,0.5,0.0,0.62649,0.491448125,0.060495375
0.625,0.5,0.0625,0.624674375,0.4929858125,0.11563699999999999
0.625,0.5,0.125,0.62285875,0.4945235,0.170778625
0.625,0.5,0.1875,0.621043125,0.4960611875,0.22592025
0.625,0.5,0.25,0.6192275,0.497598875,0.281061875
0.625,0.5,0.3125,0.6174118749999999,0.4991365625,0.3362035
0.625,0.5,0.375,0.61559625,0.50067425,0.391345125
0.625,0.5,0.4375,0.613780625,0.5022119375,0.44648675000000004
0.625,0.5,0.5,0.611965,0.503749625,0.501628375
0.625,0.5,0.5625,0.610149375,0.5052873125,0.55677
0.625,0.5,0.625,0.60833375,0.506825,0.611911625
0.625,0.5,0.6875,0.606518125,0.5083626875,0.66705325
0.625,0.5,0.75,0.6047025,0.509900375,0.722194875
0.625,0.5,0.8125,0.602886875,0.5114380625,0.7773365
0.625,0.5,0.875,0.60107125,0.5129757500000001,0.8324781250000001
0.625,0.5,0.9375,0.599255625,0.5145134375,0.88761975
0.625,0.5,1.0,0.59744,0.516051125,0.942761375
0.625,0.5625,0.0,0.634823125,0.550535625,0.0670395625
0.625,0.5625,0.0625,0.6330075000000001,0.5520733125,0.1221811875
0.625,0.5625,0.125,0.6311918750000001,0.553611,0.17732281249999998
0.625,0.5625,0.1875,0.6293762500000001,0.5551486875,0.2324644375
0.625,0.5625,0.25,0.6275606250000001,0.556686375,0.2876060625
0.625,0.5625,0.3125,0.625745,0.5582240625,0.34274768749999995
0.625,0.5625,0.375,0.623929375,0.55976175,0.3978893125
0.625,0.5625,0.4375,0.62211375,0.5612994375,0.4530309375
0.625,0.5625,0.5,0.620298125,0.5628371249999999,0.5081725625
0.625,0.5625,0.5625,0.6184825,0.5643748125,0.5633141875
0.625,0.5625,0.625,0.6166668750000001,0.5659124999999999,0.6184558124999999
0.625,0.5625,0.6875,0.6148512500000001,0.5674501875,0.6735974375
0.625,0.5625,0.75,0.6130356250000001,0.5689878749999999,0.7287390625
0.625,0.5625,0.8125,0.6112200000000001,0.5705255625,0.7838806875
0.625,0.5625,0.875,0.609404375,0.57206325,0.8390223125
0.625,0.5625,0.9375,0.60758875,0.5736009375,0.8941639375
0.625,0.5625,1.0,0.605773125,0.575138625,0.9493055625
0.625,0.625,0.0,0.64315625,0.609623125,0.07358375
0.625,0.625,0.0625,0.641340625,0.6111608125000001,0.128725375
0.625,0.625,0.125,0.639525,0.6126985,0.183867
0.625,0.625,0.1875,0.637709375,0.6142361875000001,0.239008625
0.625,0.625,0.25,0.63589375,0.615773875,0.29415025
0.625,0.625,0.3125,0.6340781249999999,0.6173115625000001,0.349291875
0.625,0.625,0.375,0.6322625,0.61884925,0.4044335
0.625,0.625,0.4375,0.630446875,0.6203869375000001,0.45957512500000003
0.625,0.625,0.5,0.62863125,0.621924625,0.5147167500000001
0.625,0.625,0.5625,0.626815625,0.6234623125000001,0.5698583749999999
0.625,0.625,0.625,0.625,0.625,0.625
0.625,0.625,0.6875,0.623184375,0.6265376875,0.6801416250000001
0.625,0.625,0.75,0.62136875,0.628075375,0.7352832499999999
0.625,0.625,0.8125,0.619553125,0.6296130625,0.790424875
0.625,0.625,0.875,0.6177374999999999,0.6311507500000001,0.8455665000000001
0.625,0.625,0.9375,0.615921875,0.6326884375,0.900708125
0.625,0.625,1.0,0.61410625,0.6342261250000001,0.95584975
0.625,0.6875,0.0,0.651489375,0.668710625,0.0801279375
0.625,0.6875,0.0625,0.64967375,0.6702483125,0.1352695625
0.625,0.6875,0.125,0.6478581250000001,0.671786,0.1904111875
0.625,0.6875,0.1875,0.6460425000000001,0.6733236875,0.2455528125
0.625,0.6875,0.25,0.6442268750000001,0.674861375,0.3006944375
0.625,0.6875,0.3125,0.64241125,0.6763990625,0.3558360625
0.625,0.6875,0.375,0.640595625,0.67793675,0.41097768749999997
0.625,0.6875,0.4375,0.63878,0.6794744375,0.46611931250000005
0.625,0.6875,0.5,0.636964375,0.681012125,0.5212609375
0.625,0.6875,0.5625,0.63514875,0.6825498125,0.5764025625
0.625,0.6875,0.625,0.633333125,0.6840875,0.6315441875
0.625,0.6875,0.6875,0.6315175000000001,0.6856251875,0.6866858125
0.625,0.6875,0.75,0.6297018750000001,0.687162875,0.7418274375
0.625,0.6875,0.8125,0.6278862500000001,0.6887005625,0.7969690625
0.625,0.6875,0.875,0.626070625,0.69023825,0.8521106875000001
0.625,0.6875,0.9375,0.624255,0.6917759375,0.9072523125
0.625,0.6875,1.0,0.622439375,0.693313625,0.9623939375
0.625,0.75,0.0,0.6598225,0.727798125,0.08667212499999999
0.625,0.75,0.0625,0.658006875,0.7293358125,0.14181375
0.625,0.75,0.125,0.65619125,0.7308735,0.196955375
0.625,0.75,0.1875,0.654375625,0.7324111875,0.252097
0.625,0.75,0.25,0.65256,0.733948875,0.307238625
0.625,0.75,0.3125,0.6507443749999999,0.7354865625,0.36238024999999996
0.625,0.75,0.375,0.6489287499999999,0.7370242499999999,0.417521875
0.625,0.75,0.4375,0.647113125,0.7385619375,0.4726635
0.625,0.75,0.5,0.6452975,0.7400996249999999,0.527805125
0.625,0.75,0.5625,0.643481875,0.7416373125,0.58294675
0.625,0.75,0.625,0.64166625,0.7431749999999999,0.6380883749999999
0.625,0.75,0.6875,0.639850625,0.7447126875,0.69323
0.625,0.75,0.75,0.638035,0.7462503749999999,0.748371625
0.625,0.75,0.8125,0.636219375,0.7477880625,0.80351325
0.625,0.75,0.875,0.6344037499999999,0.74932575,0.858654875
0.625,0.75,0.9375,0.632588125,0.7508634375,0.9137965
0.625,0.75,1.0,0.6307725,0.752401125,0.968938125
0.625,0.8125,0.0,0.668155625,0.786885625,0.09321631249999998
0.625,0.8125,0.0625,0.66634,0.7884233125000001,0.14835793749999998
0.625,0.8125,0.125,0.6645243750000001,0.789961,0.20349956249999998
0.625,0.8125,0.1875,0.6627087500000001,0.7914986875000001,0.2586411875
0.625,0.8125,0.25,0.6608931250000001,0.793036375,0.31378281249999995
0.625,0.8125,0.3125,0.6590775,0.7945740625000001,0.3689244374999999
0.625,0.8125,0.375,0.657261875,0.79611175,0.4240660625
0.625,0.8125,0.4375,0.65544625,0.7976494375000001,0.4792076875
0.625,0.8125,0.5,0.653630625,0.799187125,0.5343493125
0.625,0.8125,0.5625,0.651815,0.8007248125,0.5894909374999999
0.625,0.8125,0.625,0.649999375,0.8022625,0.6446325624999999
0.625,0.8125,0.6875,0.6481837500000001,0.8038001875,0.6997741875
0.625,0.8125,0.75,0.6463681250000001,0.805337875,0.7549158125
0.625,0.8125,0.8125,0.6445525000000001,0.8068755625,0.8100574374999999
0.625,0.8125,0.875,0.642736875,0.8084132500000001,0.8651990625
0.625,0.8125,0.9375,0.64092125,0.8099509375,0.9203406875
0.625,0.8125,1.0,0.639105625,0.8114886250000001,0.9754823125
0.625,0.875,0.0,0.6764887500000001,0.845973125,0.0997605
0.625,0.875,0.0625,0.6746731250000001,0.8475108125,0.154902125
0.625,0.875,0.125,0.6728575000000001,0.8490485,0.21004375
0.625,0.875,0.1875,0.6710418750000001,0.8505861875,0.265185375
0.625,0.875,0.25,0.6692262500000001,0.852123875,0.32032700000000003
0.625,0.875,0.3125,0.667410625,0.8536615625,0.375468625
0.625,0.875,0.375,0.665595,0.85519925,0.43061024999999997
0.625,0.875,0.4375,0.6637793750000001,0.8567369375,0.48575187500000006
0.625,0.875,0.5,0.6619637500000001,0.858274625,0.5408935
0.625,0.875,0.5625,0.6601481250000001,0.8598123125,0.596035125
0.625,0.875,0.625,0.6583325000000001,0.86135,0.65117675
0.625,0.875,0.6875,0.6565168750000001,0.8628876875,0.706318375
0.625,0.875,0.75,0.6547012500000001,0.8644253749999999,0.76146
0.625,0.875,0.8125,0.6528856250000001,0.8659630625,0.816601625
0.625,0.875,0.875,0.65107,0.86750075,0.8717432500000001
0.625,0.875,0.9375,0.649254375,0.8690384375,0.926884875
0.625,0.875,1.0,0.6474387500000001,0.870576125,0.9820265
0.625,0.9375,0.0,0.684821875,0.9050606250000001,0.1063046875
0.625,0.9375,0.0625,0.68300625,0.9065983125000001,0.1614463125
0.625,0.9375,0.125,0.681190625,0.908136,0.2165879375
0.625,0.9375,0.1875,0.6793750000000001,0.9096736875000001,0.2717295625
0.625,0.9375,0.25,0.6775593750000001,0.911211375,0.3268711875
0.625,0.9375,0.3125,0.67574375,0.9127490625000001,0.38201281249999997
0.625,0.9375,0.375,0.673928125,0.91428675,0.4371544375
0.625,0.9375,0.4375,0.6721125,0.9158244375000001,0.4922960625
0.625,0.9375,0.5,0.670296875,0.917362125,0.5474376875
0.625,0.9375,0.5625,0.66848125,0.9188998125000001,0.6025793125
0.625,0.9375,0.625,0.666665625,0.9204375,0.6577209374999999
0.625,0.9375,0.6875,0.66485,0.9219751875000001,0.7128625625
0.625,0.9375,0.75,0.6630343750000001,0.923512875,0.7680041875
0.625,0.9375,0.8125,0.6612187500000001,0.9250505625000001,0.8231458125
0.625,0.9375,0.875,0.659403125,0.9265882500000001,0.8782874375
0.625,0.9375,0.9375,0.6575875,0.9281259375,0.9334290625
0.625,0.9375,1.0,0.655771875,0.9296636250000001,0.9885706875
0.625,1.0,0.0,0.693155,0.964148125,0.11284887499999999
0.625,1.0,0.0625,0.691339375,0.9656858125000001,0.1679905
0.625,1.0,0.125,0.68952375,0.9672235,0.223132125
0.625,1.0,0.1875,0.687708125,0.9687611875000001,0.27827375
0.625,1.0,0.25,0.6858925,0.970298875,0.33341537499999996
0.625,1.0,0.3125,0.6840768749999999,0.9718365625000001,0.38855699999999993
0.625,1.0,0.375,0.6822612499999999,0.97337425,0.443698625
0.625,1.0,0.4375,0.6804456249999999,0.9749119375,0.49884025
0.625,1.0,0.5,0.67863,0.976449625,0.553981875
0.625,1.0,0.5625,0.676814375,0.9779873125,0.6091234999999999
0.625,1.0,0.625,0.67499875,0.979525,0.6642651249999999
0.625,1.0,0.6875,0.673183125,0.9810626875,0.71940675
0.625,1.0,0.75,0.6713675,0.982600375,0.774548375
0.625,1.0,0.8125,0.669551875,0.9841380625,0.8296899999999999
0.625,1.0,0.875,0.6677362499999999,0.9856757500000001,0.884831625
0.625,1.0,0.9375,0.6659206249999999,0.9872134375,0.93997325
0.625,1.0,1.0,0.664105,0.9887511250000001,0.995114875
0.6875,0.0,0.0,0.6158075,0.0206229375,0.0089560625
0.6875,0.0,0.0625,0.613991875,0.022160625,0.0640976875
0.6875,0.0,0.125,0.61217625,0.0236983125,0.1192393125
0.6875,0.0,0.1875,0.610360625,0.025236,0.1743809375
0.6875,0.0,0.25,0.608545,0.0267736875,0.2295225625
0.6875,0.0,0.3125,0.6067293749999999,0.028311375,0.2846641875
0.6875,0.0,0.375,0.6049137499999999,0.029849062500000002,0.33980581249999997
0.6875,0.0,0.4375,0.6030981249999999,0.031386750000000005,0.39494743750000005
0.6875,0.0,0.5,0.6012824999999999,0.0329244375,0.4500890625
0.6875,0.0,0.5625,0.599466875,0.034462124999999996,0.5052306875
0.6875,0.0,0.625,0.59765125,0.0359998125,0.5603723125
0.6875,0.0,0.6875,0.595835625,0.0375375,0.6155139375
0.6875,0.0,0.75,0.59402,0.0390751875,0.6706555625
0.6875,0.0,0.8125,0.592204375,0.040612875,0.7257971875
0.6875,0.0,0.875,0.5903887499999999,0.0421505625,0.7809388125000001
0.6875,0.0,0.9375,0.5885731249999999,0.04368825,0.8360804375
0.6875,0.0,1.0,0.5867574999999999,0.0452259375,0.8912220625
0.6875,0.0625,0.0,0.624140625,0.07971043750000001,0.01550025
0.6875,0.0625,0.0625,0.622325,0.081248125,0.07064187499999999
0.6875,0.0625,0.125,0.620509375,0.08278581250000001,0.1257835
0.6875,0.0625,0.1875,0.61869375,0.08432350000000001,0.180925125
0.6875,0.0625,0.25,0.616878125,0.0858611875,0.23606675
0.6875,0.0625,0.3125,0.6150625,0.08739887500000001,0.29120837499999996
0.6875,0.0625,0.375,0.613246875,0.08893656250000001,0.34635
0.6875,0.0625,0.4375,0.61143125,0.09047425,0.401491625
0.6875,0.0625,0.5,0.609615625,0.0920119375,0.45663325
0.6875,0.0625,0.5625,0.6078,0.09354962500000001,0.511774875
0.6875,0.0625,0.625,0.605984375,0.0950873125,0.5669164999999999
0.6875,0.0625,0.6875,0.60416875,0.09662500000000002,0.622058125
0.6875,0.0625,0.75,0.602353125,0.09816268750000001,0.67719975
0.6875,0.0625,0.8125,0.6005375000000001,0.09970037500000001,0.732341375
0.6875,0.0625,0.875,0.598721875,0.1012380625,0.787483
0.6875,0.0625,0.9375,0.59690625,0.10277575000000001,0.842624625
0.6875,0.0625,1.0,0.595090625,0.10431343750000001,0.89776625
0.6875,0.125,0.0,0.63247375,0.1387979375,0.0220444375
0.6875,0.125,0.0625,0.630658125,0.140335625,0.0771860625
0.6875,0.125,0.125,0.6288425,0.1418733125,0.1323276875
0.6875,0.125,0.1875,0.627026875,0.14341099999999998,0.18746931249999998
0.6875,0.125,0.25,0.62521125,0.1449486875,0.2426109375
0.6875,0.125,0.3125,0.6233956249999999,0.146486375,0.2977525625
0.6875,0.125,0.375,0.6215799999999999,0.1480240625,0.3528941875
0.6875,0.125,0.4375,0.6197643749999999,0.14956175,0.40803581250000004
0.6875,0.125,0.5,0.6179487499999999,0.1510994375,0.4631774375
0.6875,0.125,0.5625,0.616133125,0.15263712499999998,0.5183190624999999
0.6875,0.125,0.625,0.6143175,0.1541748125,0.5734606874999999
0.6875,0.125,0.6875,0.612501875,0.1557125,0.6286023125
0.6875,0.125,0.75,0.61068625,0.1572501875,0.6837439375
0.6875,0.125,0.8125,0.608870625,0.158787875,0.7388855624999999
0.6875,0.125,0.875,0.6070549999999999,0.1603255625,0.7940271875
0.6875,0.125,0.9375,0.6052393749999999,0.16186325,0.8491688125
0.6875,0.125,1.0,0.6034237499999999,0.1634009375,0.9043104375
0.6875,0.1875,0.0,0.640806875,0.19788543749999998,0.028588625
0.6875,0.1875,0.0625,0.63899125,0.19942312499999998,0.08373025
0.6875,0.1875,0.125,0.637175625,0.20096081249999997,0.138871875
0.6875,0.1875,0.1875,0.63536,0.20249849999999997,0.1940135
0.6875,0.1875,0.25,0.633544375,0.2040361875,0.249155125
0.6875,0.1875,0.3125,0.63172875,0.205573875,0.30429674999999995
0.6875,0.1875,0.375,0.629913125,0.20711156249999998,0.359438375
0.6875,0.1875,0.4375,0.6280975,0.20864924999999998,0.41458
0.6875,0.1875,0.5,0.626281875,0.21018693749999998,0.469721625
0.6875,0.1875,0.5625,0.62446625,0.21172462499999997,0.52486325
0.6875,0.1875,0.625,0.622650625,0.2132623125,0.580004875
0.6875,0.1875,0.6875,0.620835,0.2148,0.6351465000000001
0.6875,0.1875,0.75,0.619019375,0.2163376875,0.690288125
0.6875,0.1875,0.8125,0.61720375,0.21787537499999998,0.74542975
0.6875,0.1875,0.875,0.615388125,0.21941306249999998,0.8005713750000001
0.6875,0.1875,0.9375,0.6135725,0.22095074999999997,0.8557130000000001
0.6875,0.1875,1.0,0.611756875,0.22248843749999997,0.910854625
0.6875,0.25,0.0,0.6491399999999999,0.2569729375,0.0351328125
0.6875,0.25,0.0625,0.647324375,0.258510625,0.0902744375
0.6875,0.25,0.125,0.64550875,0.2600483125,0.1454160625
0.6875,0.25,0.1875,0.643693125,0.261586,0.2005576875
0.6875,0.25,0.25,0.6418775,0.2631236875,0.2556993125
0.6875,0.25,0.3125,0.6400618749999999,0.264661375,0.31084093749999997
0.6875,0.25,0.375,0.6382462499999999,0.26619906249999997,0.3659825625
0.6875,0.25,0.4375,0.6364306249999999,0.26773675,0.4211241875
0.6875,0.25,0.5,0.6346149999999999,0.2692744375,0.4762658125
0.6875,0.25,0.5625,0.6327993749999999,0.270812125,0.5314074375
0.6875,0.25,0.625,0.63098375,0.2723498125,0.5865490624999999
0.6875,0.25,0.6875,0.629168125,0.2738875,0.6416906875
0.6875,0.25,0.75,0.6273525,0.2754251875,0.6968323125
0.6875,0.25,0.8125,0.625536875,0.276962875,0.7519739375
0.6875,0.25,0.875,0.6237212499999999,0.2785005625,0.8071155625
0.6875,0.25,0.9375,0.6219056249999999,0.28003825,0.8622571875
0.6875,0.25,1.0,0.6200899999999999,0.2815759375,0.9173988125
0.6875,0.3125,0.0,0.657473125,0.3160604375,0.041677
0.6875,0.3125,0.0625,0.6556575,0.317598125,0.09681862499999999
0.6875,0.3125,0.125,0.653841875,0.3191358125,0.15196025
0.6875,0.3125,0.1875,0.65202625,0.3206735,0.207101875
0.6875,0.3125,0.25,0.650210625,0.3222111875,0.2622435
0.6875,0.3125,0.3125,0.6483949999999999,0.323748875,0.317385125
0.6875,0.3125,0.375,0.646579375,0.3252865625,0.37252675
0.6875,0.3125,0.4375,0.64476375,0.32682425000000004,0.42766837500000005
0.6875,0.3125,0.5,0.642948125,0.32836193750000003,0.48281
0.6875,0.3125,0.5625,0.6411325,0.32989962500000003,0.5379516249999999
0.6875,0.3125,0.625,0.639316875,0.3314373125,0.5930932499999999
0.6875,0.3125,0.6875,0.63750125,0.332975,0.648234875
0.6875,0.3125,0.75,0.635685625,0.3345126875,0.7033765
0.6875,0.3125,0.8125,0.63387,0.336050375,0.7585181249999999
0.6875,0.3125,0.875,0.632054375,0.3375880625,0.81365975
0.6875,0.3125,0.9375,0.63023875,0.33912575,0.868801375
0.6875,0.3125,1.0,0.628423125,0.3406634375,0.923943
0.6875,0.375,0.0,0.6658062499999999,0.3751479375,0.0482211875
0.6875,0.375,0.0625,0.663990625,0.37668562499999997,0.1033628125
0.6875,0.375,0.125,0.662175,0.37822331249999996,0.15850443749999998
0.6875,0.375,0.1875,0.660359375,0.37976099999999996,0.2136460625
0.6875,0.375,0.25,0.65854375,0.38129868749999996,0.2687876875
0.6875,0.375,0.3125,0.6567281249999999,0.38283637499999995,0.32392931249999996
0.6875,0.375,0.375,0.6549124999999999,0.38437406249999995,0.3790709375
0.6875,0.375,0.4375,0.6530968749999999,0.38591175,0.4342125625
0.6875,0.375,0.5,0.6512812499999999,0.3874494375,0.4893541875
0.6875,0.375,0.5625,0.6494656249999999,0.388987125,0.5444958125
0.6875,0.375,0.625,0.64765,0.3905248125,0.5996374375
0.6875,0.375,0.6875,0.645834375,0.3920625,0.6547790625000001
0.6875,0.375,0.75,0.64401875,0.3936001875,0.7099206875
0.6875,0.375,0.8125,0.642203125,0.39513787499999997,0.7650623125
0.6875,0.375,0.875,0.6403874999999999,0.39667556249999997,0.8202039375000001
0.6875,0.375,0.9375,0.6385718749999999,0.39821324999999996,0.8753455625000001
0.6875,0.375,1.0,0.6367562499999999,0.39975093749999996,0.9304871875
0.6875,0.4375,0.0,0.674139375,0.4342354375,0.054765375
0.6875,0.4375,0.0625,0.67232375,0.435773125,0.109907
0.6875,0.4375,0.125,0.670508125,0.4373108125,0.165048625
0.6875,0.4375,0.1875,0.6686925,0.4388485,0.22019025
0.6875,0.4375,0.25,0.666876875,0.44038618749999997,0.275331875
0.6875,0.4375,0.3125,0.6650612499999999,0.44192387499999997,0.3304735
0.6875,0.4375,0.375,0.663245625,0.44346156249999996,0.385615125
0.6875,0.4375,0.4375,0.66143,0.44499925,0.44075675000000003
0.6875,0.4375,0.5,0.659614375,0.4465369375,0.495898375
0.6875,0.4375,0.5625,0.65779875,0.448074625,0.55104
0.6875,0.4375,0.625,0.655983125,0.4496123125,0.606181625
0.6875,0.4375,0.6875,0.6541675,0.45115,0.66132325
0.6875,0.4375,0.75,0.652351875,0.4526876875,0.716464875
0.6875,0.4375,0.8125,0.65053625,0.454225375,0.7716065
0.6875,0.4375,0.875,0.6487206249999999,0.4557630625,0.8267481250000001
0.6875,0.4375,0.9375,0.646905,0.45730075,0.88188975
0.6875,0.4375,1.0,0.645089375,0.4588384375,0.937031375
0.6875,0.5,0.0,0.6824724999999999,0.4933229375,0.0613095625
0.6875,0.5,0.0625,0.6806568749999999,0.494860625,0.1164511875
0.6875,0.5,0.125,0.67884125,0.4963983125,0.1715928125
0.6875,0.5,0.1875,0.677025625,0.497936,0.2267344375
0.6875,0.5,0.25,0.67521,0.4994736875,0.28187606249999997
0.6875,0.5,0.3125,0.6733943749999999,0.501011375,0.33701768749999994
0.6875,0.5,0.375,0.6715787499999999,0.5025490625,0.3921593125
0.6875,0.5,0.4375,0.6697631249999999,0.50408675,0.4473009375
0.6875,0.5,0.5,0.6679474999999999,0.5056244375,0.5024425625
0.6875,0.5,0.5625,0.6661318749999999,0.507162125,0.5575841874999999
0.6875,0.5,0.625,0.6643162499999999,0.5086998125,0.6127258124999999
0.6875,0.5,0.6875,0.662500625,0.5102375,0.6678674375
0.6875,0.5,0.75,0.660685,0.5117751875,0.7230090625
0.6875,0.5,0.8125,0.658869375,0.513312875,0.7781506874999999
0.6875,0.5,0.875,0.6570537499999999,0.5148505625,0.8332923125
0.6875,0.5,0.9375,0.6552381249999999,0.51638825,0.8884339375
0.6875,0.5,1.0,0.6534224999999999,0.5179259375,0.9435755625
0.6875,0.5625,0.0,0.690805625,0.5524104375,0.06785374999999999
0.6875,0.5625,0.0625,0.68899,0.553948125,0.12299537499999999
0.6875,0.5625,0.125,0.687174375,0.5554858125,0.178137
0.6875,0.5625,0.1875,0.68535875,0.5570235,0.233278625
0.6875,0.5625,0.25,0.683543125,0.5585611875,0.28842025
0.6875,0.5625,0.3125,0.6817274999999999,0.560098875,0.34356187499999996
0.6875,0.5625,0.375,0.6799118749999999,0.5616365624999999,0.3987035
0.6875,0.5625,0.4375,0.67809625,0.56317425,0.453845125
0.6875,0.5625,0.5,0.676280625,0.5647119374999999,0.50898675
0.6875,0.5625,0.5625,0.674465,0.566249625,0.5641283749999999
0.6875,0.5625,0.625,0.672649375,0.5677873124999999,0.61927
0.6875,0.5625,0.6875,0.67083375,0.569325,0.6744116250000001
0.6875,0.5625,0.75,0.669018125,0.5708626874999999,0.7295532499999999
0.6875,0.5625,0.8125,0.6672025,0.572400375,0.784694875
0.6875,0.5625,0.875,0.6653868749999999,0.5739380625,0.8398365000000001
0.6875,0.5625,0.9375,0.66357125,0.57547575,0.894978125
0.6875,0.5625,1.0,0.661755625,0.5770134375,0.95011975
0.6875,0.625,0.0,0.6991387499999999,0.6114979375,0.0743979375
0.6875,0.625,0.0625,0.6973231249999999,0.6130356250000001,0.12953956249999998
0.6875,0.625,0.125,0.6955075,0.6145733125,0.1846811875
0.6875,0.625,0.1875,0.693691875,0.6161110000000001,0.23982281249999998
0.6875,0.625,0.25,0.69187625,0.6176486875,0.2949644375
0.6875,0.625,0.3125,0.6900606249999999,0.6191863750000001,0.3501060625
0.6875,0.625,0.375,0.6882449999999999,0.6207240625,0.4052476875
0.6875,0.625,0.4375,0.6864293749999999,0.6222617500000001,0.46038931250000004
0.6875,0.625,0.5,0.6846137499999999,0.6237994375,0.5155309375
0.6875,0.625,0.5625,0.6827981249999999,0.625337125,0.5706725625
0.6875,0.625,0.625,0.6809824999999999,0.6268748125,0.6258141875
0.6875,0.625,0.6875,0.679166875,0.6284125,0.6809558125
0.6875,0.625,0.75,0.67735125,0.6299501875,0.7360974375
0.6875,0.625,0.8125,0.675535625,0.631487875,0.7912390625
0.6875,0.625,0.875,0.6737199999999999,0.6330255625000001,0.8463806875000001
0.6875,0.625,0.9375,0.6719043749999999,0.63456325,0.9015223125
0.6875,0.625,1.0,0.6700887499999999,0.6361009375000001,0.9566639375
0.6875,0.6875,0.0,0.707471875,0.6705854375,0.080942125
0.6875,0.6875,0.0625,0.70565625,0.672123125,0.13608375
0.6875,0.6875,0.125,0.703840625,0.6736608125,0.191225375
0.6875,0.6875,0.1875,0.702025,0.6751985,0.246367
0.6875,0.6875,0.25,0.700209375,0.6767361875,0.301508625
0.6875,0.6875,0.3125,0.6983937499999999,0.678273875,0.35665024999999995
0.6875,0.6875,0.375,0.6965781249999999,0.6798115625,0.41179187500000003
0.6875,0.6875,0.4375,0.6947625,0.68134925,0.4669335
0.6875,0.6875,0.5,0.692946875,0.6828869375,0.522075125
0.6875,0.6875,0.5625,0.69113125,0.684424625,0.57721675
0.6875,0.6875,0.625,0.689315625,0.6859623125,0.6323583749999999
0.6875,0.6875,0.6875,0.6875,0.6875,0.6875
0.6875,0.6875,0.75,0.685684375,0.6890376874999999,0.742641625
0.6875,0.6875,0.8125,0.68386875,0.690575375,0.7977832499999999
0.6875,0.6875,0.875,0.6820531249999999,0.6921130625,0.852924875
0.6875,0.6875,0.9375,0.6802374999999999,0.69365075,0.9080665
0.6875,0.6875,1.0,0.678421875,0.6951884375,0.963208125
0.6875,0.75,0.0,0.7158049999999999,0.7296729375,0.0874863125
0.6875,0.75,0.0625,0.7139893749999999,0.731210625,0.1426279375
0.6875,0.75,0.125,0.7121737499999999,0.7327483124999999,0.1977695625
0.6875,0.75,0.1875,0.710358125,0.734286,0.25291118749999997
0.6875,0.75,0.25,0.7085425,0.7358236874999999,0.3080528125
0.6875,0.75,0.3125,0.7067268749999999,0.737361375,0.36319443749999997
0.6875,0.75,0.375,0.7049112499999999,0.7388990624999999,0.4183360625
0.6875,0.75,0.4375,0.7030956249999999,0.74043675,0.4734776875
0.6875,0.75,0.5,0.7012799999999999,0.7419744374999999,0.5286193125
0.6875,0.75,0.5625,0.6994643749999999,0.743512125,0.5837609374999999
0.6875,0.75,0.625,0.6976487499999999,0.7450498124999999,0.6389025625
0.6875,0.75,0.6875,0.6958331249999999,0.7465875,0.6940441875000001
0.6875,0.75,0.75,0.6940175,0.7481251874999999,0.7491858124999999
0.6875,0.75,0.8125,0.692201875,0.749662875,0.8043274375
0.6875,0.75,0.875,0.6903862499999999,0.7512005625,0.8594690625000001
0.6875,0.75,0.9375,0.6885706249999999,0.7527382499999999,0.9146106875
0.6875,0.75,1.0,0.6867549999999999,0.7542759375,0.9697523125
0.6875,0.8125,0.0,0.724138125,0.7887604375,0.09403049999999999
0.6875,0.8125,0.0625,0.7223225,0.7902981250000001,0.149172125
0.6875,0.8125,0.125,0.720506875,0.7918358125,0.20431375
0.6875,0.8125,0.1875,0.71869125,0.7933735000000001,0.259455375
0.6875,0.8125,0.25,0.716875625,0.7949111875,0.314597
0.6875,0.8125,0.3125,0.7150599999999999,0.7964488750000001,0.369738625
0.6875,0.8125,0.375,0.7132443749999999,0.7979865625,0.42488024999999996
0.6875,0.8125,0.4375,0.7114287499999999,0.79952425,0.48002187500000004
0.6875,0.8125,0.5,0.709613125,0.8010619375,0.5351635
0.6875,0.8125,0.5625,0.7077975,0.802599625,0.590305125
0.6875,0.8125,0.625,0.705981875,0.8041373125,0.64544675
0.6875,0.8125,0.6875,0.70416625,0.805675,0.700588375
0.6875,0.8125,0.75,0.702350625,0.8072126875,0.75573
0.6875,0.8125,0.8125,0.700535,0.808750375,0.810871625
0.6875,0.8125,0.875,0.6987193749999999,0.8102880625000001,0.8660132500000001
0.6875,0.8125,0.9375,0.6969037499999999,0.81182575,0.921154875
0.6875,0.8125,1.0,0.695088125,0.8133634375000001,0.9762965
0.6875,0.875,0.0,0.7324712499999999,0.8478479375,0.1005746875
0.6875,0.875,0.0625,0.7306556249999999,0.849385625,0.1557163125
0.6875,0.875,0.125,0.7288399999999999,0.8509233125,0.21085793749999998
0.6875,0.875,0.1875,0.727024375,0.852461,0.2659995625
0.6875,0.875,0.25,0.72520875,0.8539986875,0.3211411875
0.6875,0.875,0.3125,0.7233931249999999,0.855536375,0.37628281249999995
0.6875,0.875,0.375,0.7215774999999999,0.8570740625,0.4314244375
0.6875,0.875,0.4375,0.7197618749999999,0.85861175,0.4865660625
0.6875,0.875,0.5,0.7179462499999999,0.8601494375,0.5417076875
0.6875,0.875,0.5625,0.7161306249999999,0.861687125,0.5968493125
0.6875,0.875,0.625,0.7143149999999999,0.8632248124999999,0.6519909374999999
0.6875,0.875,0.6875,0.7124993749999999,0.8647625,0.7071325625
0.6875,0.875,0.75,0.71068375,0.8663001874999999,0.7622741875
0.6875,0.875,0.8125,0.708868125,0.867837875,0.8174158125
0.6875,0.875,0.875,0.7070524999999999,0.8693755625,0.8725574375
0.6875,0.875,0.9375,0.7052368749999999,0.87091325,0.9276990625
0.6875,0.875,1.0,0.7034212499999999,0.8724509375,0.9828406875
0.6875,0.9375,0.0,0.740804375,0.9069354375,0.107118875
0.6875,0.9375,0.0625,0.73898875,0.9084731250000001,0.1622605
0.6875,0.9375,0.125,0.737173125,0.9100108125,0.217402125
0.6875,0.9375,0.1875,0.7353575,0.9115485000000001,0.27254375
0.6875,0.9375,0.25,0.733541875,0.9130861875,0.327685375
0.6875,0.9375,0.3125,0.7317262499999999,0.9146238750000001,0.382827
0.6875,0.9375,0.375,0.7299106249999999,0.9161615625,0.437968625
0.6875,0.9375,0.4375,0.7280949999999999,0.9176992500000001,0.49311025
0.6875,0.9375,0.5,0.726279375,0.9192369375,0.548251875
0.6875,0.9375,0.5625,0.72446375,0.9207746250000001,0.6033934999999999
0.6875,0.9375,0.625,0.722648125,0.9223123125,0.658535125
0.6875,0.9375,0.6875,0.7208325,0.9238500000000001,0.7136767500000001
0.6875,0.9375,0.75,0.719016875,0.9253876875,0.7688183749999999
0.6875,0.9375,0.8125,0.71720125,0.926925375,0.82396
0.6875,0.9375,0.875,0.7153856249999999,0.9284630625000001,0.8791016250000001
0.6875,0.9375,0.9375,0.7135699999999999,0.93000075,0.93424325
0.6875,0.9375,1.0,0.7117543749999999,0.9315384375000001,0.989384875
0.6875,1.0,0.0,0.7491375,0.9660229375,0.1136630625
0.6875,1.0,0.0625,0.747321875,0.9675606250000001,0.1688046875
0.6875,1.0,0.125,0.74550625,0.9690983125,0.2239463125
0.6875,1.0,0.1875,0.743690625,0.970636,0.2790879375
0.6875,1.0,0.25,0.7418750000000001,0.9721736875,0.3342295625
0.6875,1.0,0.3125,0.740059375,0.973711375,0.3893711875
0.6875,1.0,0.375,0.73824375,0.9752490625,0.44451281249999997
0.6875,1.0,0.4375,0.736428125,0.97678675,0.49965443750000005
0.6875,1.0,0.5,0.7346125,0.9783244375,0.5547960625
0.6875,1.0,0.5625,0.732796875,0.979862125,0.6099376875
0.6875,1.0,0.625,0.73098125,0.9813998125,0.6650793125
0.6875,1.0,0.6875,0.729165625,0.9829375,0.7202209375
0.6875,1.0,0.75,0.72735,0.9844751875,0.7753625625
0.6875,1.0,0.8125,0.7255343750000001,0.986012875,0.8305041875
0.6875,1.0,0.875,0.72371875,0.9875505625000001,0.8856458125000001
0.6875,1.0,0.9375,0.721903125,0.98908825,0.9407874375
0.6875,1.0,1.0,0.7200875,0.9906259375,0.9959290625
0.75,0.0,0.0,0.67179,0.02249775,0.009770250000000001
0.75,0.0,0.0625,0.669974375,0.0240354375,0.06491187500000001
0.75,0.0,0.125,0.66815875,0.025573125000000002,0.12005350000000001
0.75,0.0,0.1875,0.666343125,0.0271108125,0.175195125
0.75,0.0,0.25,0.6645275,0.0286485,0.23033675
0.75,0.0,0.3125,0.662711875,0.0301861875,0.28547837499999995
0.75,0.0,0.375,0.66089625,0.031723875,0.34062
0.75,0.0,0.4375,0.659080625,0.0332615625,0.395761625
0.75,0.0,0.5,0.657265,0.034799250000000004,0.45090325
0.75,0.0,0.5625,0.655449375,0.0363369375,0.506044875
0.75,0.0,0.625,0.65363375,0.037874625,0.5611864999999999
0.75,0.0,0.6875,0.651818125,0.039412312500000005,0.616328125
0.75,0.0,0.75,0.6500025,0.04095,0.67146975
0.75,0.0,0.8125,0.648186875,0.042487687499999996,0.726611375
0.75,0.0,0.875,0.64637125,0.044025375000000005,0.781753
0.75,0.0,0.9375,0.644555625,0.0455630625,0.836894625
0.75,0.0,1.0,0.64274,0.04710075,0.89203625
0.75,0.0625,0.0,0.680123125,0.08158525,0.0163144375
0.75,0.0625,0.0625,0.6783075000000001,0.0831229375,0.0714560625
0.75,0.0625,0.125,0.6764918750000001,0.084660625,0.1265976875
0.75,0.0625,0.1875,0.6746762500000001,0.0861983125,0.1817393125
0.75,0.0625,0.25,0.6728606250000001,0.087736,0.2368809375
0.75,0.0625,0.3125,0.671045,0.0892736875,0.29202256249999997
0.75,0.0625,0.375,0.669229375,0.090811375,0.3471641875
0.75,0.0625,0.4375,0.66741375,0.0923490625,0.4023058125
0.75,0.0625,0.5,0.665598125,0.09388674999999999,0.4574474375
0.75,0.0625,0.5625,0.6637825,0.0954244375,0.5125890625
0.75,0.0625,0.625,0.6619668750000001,0.096962125,0.5677306874999999
0.75,0.0625,0.6875,0.6601512500000001,0.0984998125,0.6228723125
0.75,0.0625,0.75,0.6583356250000001,0.1000375,0.6780139375
0.75,0.0625,0.8125,0.6565200000000001,0.1015751875,0.7331555624999999
0.75,0.0625,0.875,0.654704375,0.10311287499999999,0.7882971875
0.75,0.0625,0.9375,0.65288875,0.1046505625,0.8434388125000001
0.75,0.0625,1.0,0.651073125,0.10618825,0.8985804374999999
0.75,0.125,0.0,0.68845625,0.14067275,0.022858625
0.75,0.125,0.0625,0.686640625,0.1422104375,0.07800025
0.75,0.125,0.125,0.684825,0.143748125,0.133141875
0.75,0.125,0.1875,0.683009375,0.1452858125,0.1882835
0.75,0.125,0.25,0.68119375,0.14682350000000002,0.243425125
0.75,0.125,0.3125,0.6793781249999999,0.14836118750000002,0.29856675
0.75,0.125,0.375,0.6775625,0.14989887500000001,0.353708375
0.75,0.125,0.4375,0.675746875,0.1514365625,0.40885000000000005
0.75,0.125,0.5,0.67393125,0.15297425,0.463991625
0.75,0.125,0.5625,0.672115625,0.1545119375,0.51913325
0.75,0.125,0.625,0.6703,0.15604962500000003,0.574274875
0.75,0.125,0.6875,0.668484375,0.15758731250000002,0.6294165
0.75,0.125,0.75,0.66666875,0.15912500000000002,0.684558125
0.75,0.125,0.8125,0.664853125,0.1606626875,0.73969975
0.75,0.125,0.875,0.6630375,0.162200375,0.7948413750000001
0.75,0.125,0.9375,0.661221875,0.1637380625,0.849983
0.75,0.125,1.0,0.65940625,0.16527575,0.905124625
0.75,0.1875,0.0,0.696789375,0.19976025,0.0294028125
0.75,0.1875,0.0625,0.6949737500000001,0.2012979375,0.0845444375
0.75,0.1875,0.125,0.6931581250000001,0.202835625,0.13968606249999999
0.75,0.1875,0.1875,0.6913425000000001,0.2043733125,0.1948276875
0.75,0.1875,0.25,0.6895268750000001,0.205911,0.24996931249999998
0.75,0.1875,0.3125,0.68771125,0.2074486875,0.30511093749999996
0.75,0.1875,0.375,0.685895625,0.208986375,0.3602525625
0.75,0.1875,0.4375,0.68408,0.2105240625,0.4153941875
0.75,0.1875,0.5,0.682264375,0.21206175,0.4705358125
0.75,0.1875,0.5625,0.68044875,0.2135994375,0.5256774375
0.75,0.1875,0.625,0.6786331250000001,0.215137125,0.5808190624999999
0.75,0.1875,0.6875,0.6768175000000001,0.2166748125,0.6359606875
0.75,0.1875,0.75,0.6750018750000001,0.2182125,0.6911023125
0.75,0.1875,0.8125,0.6731862500000001,0.2197501875,0.7462439375
0.75,0.1875,0.875,0.671370625,0.221287875,0.8013855625
0.75,0.1875,0.9375,0.669555,0.2228255625,0.8565271875
0.75,0.1875,1.0,0.667739375,0.22436325000000001,0.9116688125
0.75,0.25,0.0,0.7051225,0.25884775,0.035947
0.75,0.25,0.0625,0.703306875,0.2603854375,0.091088625
0.75,0.25,0.125,0.70149125,0.261923125,0.14623025
0.75,0.25,0.1875,0.699675625,0.2634608125,0.201371875
0.75,0.25,0.25,0.69786,0.26499849999999997,0.2565135
0.75,0.25,0.3125,0.6960443749999999,0.26653618749999997,0.311655125
0.75,0.25,0.375,0.69422875,0.26807387499999996,0.36679675
0.75,0.25,0.4375,0.692413125,0.2696115625,0.42193837500000003
0.75,0.25,0.5,0.6905975,0.27114925,0.47708
0.75,0.25,0.5625,0.688781875,0.2726869375,0.5322216249999999
0.75,0.25,0.625,0.68696625,0.274224625,0.5873632499999999
0.75,0.25,0.6875,0.685150625,0.2757623125,0.642504875
0.75,0.25,0.75,0.683335,0.2773,0.6976465
0.75,0.25,0.8125,0.681519375,0.2788376875,0.7527881249999999
0.75,0.25,0.875,0.6797037499999999,0.280375375,0.80792975
0.75,0.25,0.9375,0.677888125,0.2819130625,0.863071375
0.75,0.25,1.0,0.6760725,0.28345075,0.918213
0.75,0.3125,0.0,0.713455625,0.31793525,0.0424911875
0.75,0.3125,0.0625,0.71164,0.3194729375,0.0976328125
0.75,0.3125,0.125,0.7098243750000001,0.321010625,0.1527744375
0.75,0.3125,0.1875,0.7080087500000001,0.3225483125,0.2079160625
0.75,0.3125,0.25,0.7061931250000001,0.324086,0.2630576875
0.75,0.3125,0.3125,0.7043775,0.3256236875,0.3181993125
0.75,0.3125,0.375,0.702561875,0.327161375,0.37334093749999997
0.75,0.3125,0.4375,0.70074625,0.3286990625,0.42848256250000005
0.75,0.3125,0.5,0.698930625,0.33023675,0.4836241875
0.75,0.3125,0.5625,0.697115,0.3317744375,0.5387658125
0.75,0.3125,0.625,0.695299375,0.333312125,0.5939074375
0.75,0.3125,0.6875,0.6934837500000001,0.3348498125,0.6490490625
0.75,0.3125,0.75,0.6916681250000001,0.3363875,0.7041906875
0.75,0.3125,0.8125,0.6898525000000001,0.3379251875,0.7593323125
0.75,0.3125,0.875,0.688036875,0.339462875,0.8144739375000001
0.75,0.3125,0.9375,0.68622125,0.3410005625,0.8696155625
0.75,0.3125,1.0,0.684405625,0.34253825,0.9247571875
0.75,0.375,0.0,0.72178875,0.37702274999999996,0.049035375
0.75,0.375,0.0625,0.719973125,0.37856043749999996,0.10417699999999999
0.75,0.375,0.125,0.7181575,0.38009812499999995,0.159318625
0.75,0.375,0.1875,0.716341875,0.38163581249999995,0.21446025
0.75,0.375,0.25,0.71452625,0.38317349999999994,0.269601875
0.75,0.375,0.3125,0.7127106249999999,0.38471118749999994,0.32474349999999996
0.75,0.375,0.375,0.7108949999999999,0.38624887499999994,0.379885125
0.75,0.375,0.4375,0.709079375,0.3877865625,0.43502675
0.75,0.375,0.5,0.70726375,0.38932425,0.490168375
0.75,0.375,0.5625,0.705448125,0.3908619375,0.54531
0.75,0.375,0.625,0.7036325,0.392399625,0.6004516249999999
0.75,0.375,0.6875,0.701816875,0.39393731249999997,0.65559325
0.75,0.375,0.75,0.70000125,0.39547499999999997,0.710734875
0.75,0.375,0.8125,0.698185625,0.39701268749999996,0.7658765
0.75,0.375,0.875,0.6963699999999999,0.39855037499999996,0.821018125
0.75,0.375,0.9375,0.694554375,0.40008806249999995,0.87615975
0.75,0.375,1.0,0.69273875,0.40162574999999995,0.931301375
0.75,0.4375,0.0,0.730121875,0.43611025,0.0555795625
0.75,0.4375,0.0625,0.72830625,0.4376479375,0.1107211875
0.75,0.4375,0.125,0.7264906250000001,0.43918562499999997,0.1658628125
0.75,0.4375,0.1875,0.7246750000000001,0.44072331249999996,0.22100443749999998
0.75,0.4375,0.25,0.7228593750000001,0.44226099999999996,0.2761460625
0.75,0.4375,0.3125,0.72104375,0.44379868749999996,0.3312876875
0.75,0.4375,0.375,0.719228125,0.44533637499999995,0.3864293125
0.75,0.4375,0.4375,0.7174125,0.4468740625,0.44157093750000004
0.75,0.4375,0.5,0.715596875,0.44841175,0.4967125625
0.75,0.4375,0.5625,0.71378125,0.4499494375,0.5518541874999999
0.75,0.4375,0.625,0.711965625,0.451487125,0.6069958124999999
0.75,0.4375,0.6875,0.7101500000000001,0.4530248125,0.6621374375
0.75,0.4375,0.75,0.7083343750000001,0.4545625,0.7172790625
0.75,0.4375,0.8125,0.7065187500000001,0.4561001875,0.7724206874999999
0.75,0.4375,0.875,0.704703125,0.45763787499999997,0.8275623125
0.75,0.4375,0.9375,0.7028875,0.45917556249999997,0.8827039375
0.75,0.4375,1.0,0.701071875,0.46071324999999996,0.9378455625
0.75,0.5,0.0,0.738455,0.49519775,0.06212375
0.75,0.5,0.0625,0.736639375,0.4967354375,0.117265375
0.75,0.5,0.125,0.73482375,0.498273125,0.172407
0.75,0.5,0.1875,0.733008125,0.4998108125,0.227548625
0.75,0.5,0.25,0.7311925,0.5013485,0.28269025
0.75,0.5,0.3125,0.7293768749999999,0.5028861875,0.33783187499999995
0.75,0.5,0.375,0.7275612499999999,0.504423875,0.3929735
0.75,0.5,0.4375,0.725745625,0.5059615625,0.448115125
0.75,0.5,0.5,0.72393,0.50749925,0.50325675
0.75,0.5,0.5625,0.722114375,0.5090369375,0.558398375
0.75,0.5,0.625,0.72029875,0.510574625,0.61354
0.75,0.5,0.6875,0.718483125,0.5121123125,0.6686816250000001
0.75,0.5,0.75,0.7166675,0.5136499999999999,0.72382325
0.75,0.5,0.8125,0.714851875,0.5151876875,0.778964875
0.75,0.5,0.875,0.7130362499999999,0.516725375,0.8341065000000001
0.75,0.5,0.9375,0.7112206249999999,0.5182630625,0.8892481250000001
0.75,0.5,1.0,0.709405,0.51980075,0.94438975
0.75,0.5625,0.0,0.746788125,0.55428525,0.0686679375
0.75,0.5625,0.0625,0.7449725,0.5558229375,0.1238095625
0.75,0.5625,0.125,0.743156875,0.5573606249999999,0.1789511875
0.75,0.5625,0.1875,0.7413412500000001,0.5588983125,0.2340928125
0.75,0.5625,0.25,0.7395256250000001,0.5604359999999999,0.2892344375
0.75,0.5625,0.3125,0.73771,0.5619736875,0.34437606249999997
0.75,0.5625,0.375,0.735894375,0.5635113749999999,0.3995176875
0.75,0.5625,0.4375,0.73407875,0.5650490625,0.4546593125
0.75,0.5625,0.5,0.732263125,0.5665867499999999,0.5098009375
0.75,0.5625,0.5625,0.7304475,0.5681244375,0.5649425625
0.75,0.5625,0.625,0.728631875,0.5696621249999999,0.6200841874999999
0.75,0.5625,0.6875,0.72681625,0.5711998125,0.6752258125
0.75,0.5625,0.75,0.7250006250000001,0.5727374999999999,0.7303674375
0.75,0.5625,0.8125,0.7231850000000001,0.5742751875,0.7855090625
0.75,0.5625,0.875,0.721369375,0.575812875,0.8406506875
0.75,0.5625,0.9375,0.71955375,0.5773505624999999,0.8957923125
0.75,0.5625,1.0,0.717738125,0.57888825,0.9509339375
0.75,0.625,0.0,0.75512125,0.61337275,0.07521212499999999
0.75,0.625,0.0625,0.753305625,0.6149104375000001,0.13035375
0.75,0.625,0.125,0.75149,0.616448125,0.185495375
0.75,0.625,0.1875,0.749674375,0.6179858125000001,0.240637
0.75,0.625,0.25,0.74785875,0.6195235,0.29577862499999996
0.75,0.625,0.3125,0.7460431249999999,0.6210611875000001,0.35092024999999993
0.75,0.625,0.375,0.7442274999999999,0.622598875,0.406061875
0.75,0.625,0.4375,0.7424118749999999,0.6241365625,0.4612035
0.75,0.625,0.5,0.74059625,0.62567425,0.516345125
0.75,0.625,0.5625,0.738780625,0.6272119375,0.5714867499999999
0.75,0.625,0.625,0.736965,0.628749625,0.6266283749999999
0.75,0.625,0.6875,0.735149375,0.6302873125,0.68177
0.75,0.625,0.75,0.73333375,0.631825,0.736911625
0.75,0.625,0.8125,0.731518125,0.6333626875,0.7920532499999999
0.75,0.625,0.875,0.7297024999999999,0.6349003750000001,0.847194875
0.75,0.625,0.9375,0.7278868749999999,0.6364380625,0.9023365
0.75,0.625,1.0,0.72607125,0.6379757500000001,0.957478125
0.75,0.6875,0.0,0.763454375,0.67246025,0.08175631250000001
0.75,0.6875,0.0625,0.76163875,0.6739979375,0.1368979375
0.75,0.6875,0.125,0.759823125,0.675535625,0.1920395625
0.75,0.6875,0.1875,0.7580075000000001,0.6770733125,0.2471811875
0.75,0.6875,0.25,0.7561918750000001,0.678611,0.30232281250000004
0.75,0.6875,0.3125,0.75437625,0.6801486875,0.3574644375
0.75,0.6875,0.375,0.752560625,0.681686375,0.4126060625
0.75,0.6875,0.4375,0.750745,0.6832240625,0.46774768750000006
0.75,0.6875,0.5,0.748929375,0.68476175,0.5228893125
0.75,0.6875,0.5625,0.74711375,0.6862994375,0.5780309375
0.75,0.6875,0.625,0.745298125,0.6878371249999999,0.6331725625
0.75,0.6875,0.6875,0.7434825,0.6893748125,0.6883141875000001
0.75,0.6875,0.75,0.7416668750000001,0.6909124999999999,0.7434558125
0.75,0.6875,0.8125,0.7398512500000001,0.6924501875,0.7985974375
0.75,0.6875,0.875,0.738035625,0.693987875,0.8537390625000001
0.75,0.6875,0.9375,0.73622,0.6955255625,0.9088806875000001
0.75,0.6875,1.0,0.734404375,0.69706325,0.9640223125
0.75,0.75,0.0,0.7717875,0.7315477499999999,0.0883005
0.75,0.75,0.0625,0.769971875,0.7330854375,0.143442125
0.75,0.75,0.125,0.76815625,0.7346231249999999,0.19858375
0.75,0.75,0.1875,0.766340625,0.7361608125,0.25372537500000003
0.75,0.75,0.25,0.764525,0.7376984999999999,0.308867
0.75,0.75,0.3125,0.7627093749999999,0.7392361875,0.364008625
0.75,0.75,0.375,0.7608937499999999,0.7407738749999999,0.41915025
0.75,0.75,0.4375,0.7590781249999999,0.7423115625,0.47429187500000003
0.75,0.75,0.5,0.7572625,0.7438492499999999,0.5294335
0.75,0.75,0.5625,0.755446875,0.7453869375,0.584575125
0.75,0.75,0.625,0.75363125,0.7469246249999999,0.63971675
0.75,0.75,0.6875,0.751815625,0.7484623125,0.694858375
0.75,0.75,0.75,0.75,0.7499999999999999,0.75
0.75,0.75,0.8125,0.748184375,0.7515376874999999,0.805141625
0.75,0.75,0.875,0.7463687499999999,0.753075375,0.86028325
0.75,0.75,0.9375,0.7445531249999999,0.7546130624999999,0.915424875
0.75,0.75,1.0,0.7427374999999999,0.75615075,0.9705665
0.75,0.8125,0.0,0.780120625,0.79063525,0.0948446875
0.75,0.8125,0.0625,0.778305,0.7921729375000001,0.1499863125
0.75,0.8125,0.125,0.776489375,0.793710625,0.2051279375
0.75,0.8125,0.1875,0.77467375,0.7952483125,0.2602695625
0.75,0.8125,0.25,0.7728581250000001,0.796786,0.31541118749999997
0.75,0.8125,0.3125,0.7710425,0.7983236875,0.37055281249999994
0.75,0.8125,0.375,0.769226875,0.799861375,0.4256944375
0.75,0.8125,0.4375,0.76741125,0.8013990625,0.4808360625
0.75,0.8125,0.5,0.765595625,0.80293675,0.5359776875
0.75,0.8125,0.5625,0.76378,0.8044744375,0.5911193124999999
0.75,0.8125,0.625,0.761964375,0.806012125,0.6462609374999999
0.75,0.8125,0.6875,0.76014875,0.8075498125,0.7014025625
0.75,0.8125,0.75,0.758333125,0.8090875,0.7565441875
0.75,0.8125,0.8125,0.7565175000000001,0.8106251875,0.8116858124999999
0.75,0.8125,0.875,0.754701875,0.8121628750000001,0.8668274375
0.75,0.8125,0.9375,0.75288625,0.8137005625,0.9219690625
0.75,0.8125,1.0,0.751070625,0.81523825,0.9771106875
0.75,0.875,0.0,0.78845375,0.84972275,0.10138887499999999
0.75,0.875,0.0625,0.786638125,0.8512604375,0.1565305
0.75,0.875,0.125,0.7848225,0.852798125,0.211672125
0.75,0.875,0.1875,0.783006875,0.8543358125,0.26681374999999996
0.75,0.875,0.25,0.78119125,0.8558735,0.321955375
0.75,0.875,0.3125,0.7793756249999999,0.8574111875,0.37709699999999996
0.75,0.875,0.375,0.7775599999999999,0.858948875,0.432238625
0.75,0.875,0.4375,0.7757443749999999,0.8604865625,0.48738025
0.75,0.875,0.5,0.7739287499999999,0.8620242499999999,0.542521875
0.75,0.875,0.5625,0.772113125,0.8635619375,0.5976634999999999
0.75,0.875,0.625,0.7702975,0.8650996249999999,0.652805125
0.75,0.875,0.6875,0.768481875,0.8666373125,0.7079467500000001
0.75,0.875,0.75,0.76666625,0.8681749999999999,0.7630883749999999
0.75,0.875,0.8125,0.764850625,0.8697126875,0.81823
0.75,0.875,0.875,0.7630349999999999,0.871250375,0.8733716250000001
0.75,0.875,0.9375,0.7612193749999999,0.8727880625,0.92851325
0.75,0.875,1.0,0.7594037499999999,0.87432575,0.983654875
0.75,0.9375,0.0,0.796786875,0.90881025,0.10793306250000001
0.75,0.9375,0.0625,0.79497125,0.9103479375000001,0.1630746875
0.75,0.9375,0.125,0.793155625,0.911885625,0.2182163125
0.75,0.9375,0.1875,0.79134,0.9134233125000001,0.27335793750000004
0.75,0.9375,0.25,0.7895243750000001,0.914961,0.3284995625
0.75,0.9375,0.3125,0.78770875,0.9164986875000001,0.3836411875
0.75,0.9375,0.375,0.785893125,0.918036375,0.4387828125
0.75,0.9375,0.4375,0.7840775,0.9195740625000001,0.49392443750000004
0.75,0.9375,0.5,0.782261875,0.92111175,0.5490660625
0.75,0.9375,0.5625,0.78044625,0.9226494375000001,0.6042076875
0.75,0.9375,0.625,0.778630625,0.924187125,0.6593493125
0.75,0.9375,0.6875,0.776815,0.9257248125,0.7144909375
0.75,0.9375,0.75,0.774999375,0.9272625,0.7696325625
0.75,0.9375,0.8125,0.7731837500000001,0.9288001875,0.8247741875
0.75,0.9375,0.875,0.771368125,0.9303378750000001,0.8799158125000001
0.75,0.9375,0.9375,0.7695525,0.9318755625,0.9350574375
0.75,0.9375,1.0,0.767736875,0.9334132500000001,0.9901990625
0.75,1.0,0.0,0.8051200000000001,0.96789775,0.11447725
0.75,1.0,0.0625,0.8033043750000001,0.9694354375,0.169618875
0.75,1.0,0.125,0.8014887500000001,0.970973125,0.2247605
0.75,1.0,0.1875,0.7996731250000001,0.9725108125,0.279902125
0.75,1.0,0.25,0.7978575000000001,0.9740485,0.33504375
0.75,1.0,0.3125,0.796041875,0.9755861875,0.39018537499999995
0.75,1.0,0.375,0.79422625,0.977123875,0.44532700000000003
0.75,1.0,0.4375,0.792410625,0.9786615625,0.500468625
0.75,1.0,0.5,0.790595,0.98019925,0.55561025
0.75,1.0,0.5625,0.7887793750000001,0.9817369375,0.6107518749999999
0.75,1.0,0.625,0.7869637500000001,0.983274625,0.6658934999999999
0.75,1.0,0.6875,0.7851481250000001,0.9848123125,0.721035125
0.75,1.0,0.75,0.7833325000000001,0.98635,0.77617675
0.75,1.0,0.8125,0.7815168750000001,0.9878876875,0.8313183749999999
0.75,1.0,0.875,0.77970125,0.989425375,0.88646
0.75,1.0,0.9375,0.777885625,0.9909630625,0.941601625
0.75,1.0,1.0,0.77607,0.99250075,0.99674325
0.8125,0.0,0.0,0.7277724999999999,0.0243725625,0.0105844375
0.8125,0.0,0.0625,0.725956875,0.02591025,0.0657260625
0.8125,0.0,0.125,0.72414125,0.0274479375,0.1208676875
0.8125,0.0,0.1875,0.722325625,0.028985625,0.1760093125
0.8125,0.0,0.25,0.72051,0.0305233125,0.2311509375
0.8125,0.0,0.3125,0.7186943749999999,0.032061,0.28629256249999996
0.8125,0.0,0.375,0.7168787499999999,0.0335986875,0.3414341875
0.8125,0.0,0.4375,0.7150631249999999,0.035136375,0.3965758125
0.8125,0.0,0.5,0.7132474999999999,0.0366740625,0.4517174375
0.8125,0.0,0.5625,0.7114318749999999,0.03821175,0.5068590625
0.8125,0.0,0.625,0.70961625,0.0397494375,0.5620006875
0.8125,0.0,0.6875,0.707800625,0.041287125,0.6171423125000001
0.8125,0.0,0.75,0.705985,0.042824812500000004,0.6722839375
0.8125,0.0,0.8125,0.704169375,0.0443625,0.7274255625
0.8125,0.0,0.875,0.7023537499999999,0.0459001875,0.7825671875000001
0.8125,0.0,0.9375,0.7005381249999999,0.047437875000000004,0.8377088125000001
0.8125,0.0,1.0,0.6987224999999999,0.0489755625,0.8928504375
0.8125,0.0625,0.0,0.736105625,0.0834600625,0.017128625
0.8125,0.0625,0.0625,0.73429,0.08499775,0.07227025000000001
0.8125,0.0625,0.125,0.732474375,0.0865354375,0.127411875
0.8125,0.0625,0.1875,0.73065875,0.088073125,0.1825535
0.8125,0.0625,0.25,0.728843125,0.0896108125,0.237695125
0.8125,0.0625,0.3125,0.7270274999999999,0.09114850000000001,0.29283675
0.8125,0.0625,0.375,0.725211875,0.0926861875,0.347978375
0.8125,0.0625,0.4375,0.72339625,0.094223875,0.40312000000000003
0.8125,0.0625,0.5,0.721580625,0.09576156250000001,0.458261625
0.8125,0.0625,0.5625,0.719765,0.09729925,0.51340325
0.8125,0.0625,0.625,0.717949375,0.0988369375,0.568544875
0.8125,0.0625,0.6875,0.71613375,0.100374625,0.6236865
0.8125,0.0625,0.75,0.714318125,0.1019123125,0.678828125
0.8125,0.0625,0.8125,0.7125025,0.10345,0.73396975
0.8125,0.0625,0.875,0.7106868749999999,0.10498768750000001,0.7891113750000001
0.8125,0.0625,0.9375,0.70887125,0.106525375,0.844253
0.8125,0.0625,1.0,0.707055625,0.1080630625,0.899394625
0.8125,0.125,0.0,0.7444387499999999,0.1425475625,0.0236728125
0.8125,0.125,0.0625,0.7426231249999999,0.14408525,0.0788144375
0.8125,0.125,0.125,0.7408075,0.1456229375,0.1339560625
0.8125,0.125,0.1875,0.738991875,0.147160625,0.1890976875
0.8125,0.125,0.25,0.73717625,0.1486983125,0.2442393125
0.8125,0.125,0.3125,0.7353606249999999,0.150236,0.29938093749999994
0.8125,0.125,0.375,0.7335449999999999,0.1517736875,0.3545225625
0.8125,0.125,0.4375,0.7317293749999999,0.153311375,0.4096641875
0.8125,0.125,0.5,0.7299137499999999,0.1548490625,0.46480581249999997
0.8125,0.125,0.5625,0.7280981249999999,0.15638675,0.5199474374999999
0.8125,0.125,0.625,0.7262824999999999,0.15792443750000001,0.5750890624999999
0.8125,0.125,0.6875,0.724466875,0.159462125,0.6302306875
0.8125,0.125,0.75,0.72265125,0.1609998125,0.6853723125
0.8125,0.125,0.8125,0.720835625,0.1625375,0.7405139374999999
0.8125,0.125,0.875,0.7190199999999999,0.1640751875,0.7956555625
0.8125,0.125,0.9375,0.7172043749999999,0.165612875,0.8507971875
0.8125,0.125,1.0,0.7153887499999999,0.1671505625,0.9059388125
0.8125,0.1875,0.0,0.752771875,0.2016350625,0.030217
0.8125,0.1875,0.0625,0.75095625,0.20317274999999999,0.085358625
0.8125,0.1875,0.125,0.749140625,0.20471043749999998,0.14050025
0.8125,0.1875,0.1875,0.747325,0.20624812499999998,0.195641875
0.8125,0.1875,0.25,0.745509375,0.2077858125,0.2507835
0.8125,0.1875,0.3125,0.7436937499999999,0.2093235,0.30592512499999996
0.8125,0.1875,0.375,0.7418781249999999,0.2108611875,0.36106675
0.8125,0.1875,0.4375,0.7400625,0.212398875,0.416208375
0.8125,0.1875,0.5,0.738246875,0.21393656249999998,0.47135
0.8125,0.1875,0.5625,0.73643125,0.21547424999999998,0.526491625
0.8125,0.1875,0.625,0.734615625,0.2170119375,0.58163325
0.8125,0.1875,0.6875,0.7328,0.218549625,0.6367748750000001
0.8125,0.1875,0.75,0.730984375,0.2200873125,0.6919165
0.8125,0.1875,0.8125,0.72916875,0.221625,0.747058125
0.8125,0.1875,0.875,0.7273531249999999,0.22316268749999998,0.8021997500000001
0.8125,0.1875,0.9375,0.7255375,0.22470037499999998,0.8573413750000001
0.8125,0.1875,1.0,0.723721875,0.2262380625,0.912483
0.8125,0.25,0.0,0.7611049999999999,0.26072256250000003,0.0367611875
0.8125,0.25,0.0625,0.7592893749999999,0.26226025000000003,0.0919028125
0.8125,0.25,0.125,0.75747375,0.2637979375,0.1470444375
0.8125,0.25,0.1875,0.755658125,0.265335625,0.20218606249999999
0.8125,0.25,0.25,0.7538425,0.2668733125,0.2573276875
0.8125,0.25,0.3125,0.7520268749999999,0.268411,0.3124693125
0.8125,0.25,0.375,0.7502112499999999,0.2699486875,0.3676109375
0.8125,0.25,0.4375,0.7483956249999999,0.27148637500000006,0.42275256250000004
0.8125,0.25,0.5,0.7465799999999999,0.27302406250000005,0.4778941875
0.8125,0.25,0.5625,0.7447643749999999,0.27456175000000005,0.5330358125
0.8125,0.25,0.625,0.7429487499999999,0.27609943750000004,0.5881774375
0.8125,0.25,0.6875,0.741133125,0.27763712500000004,0.6433190625
0.8125,0.25,0.75,0.7393175,0.27917481250000004,0.6984606875
0.8125,0.25,0.8125,0.737501875,0.28071250000000003,0.7536023125
0.8125,0.25,0.875,0.7356862499999999,0.2822501875,0.8087439375000001
0.8125,0.25,0.9375,0.7338706249999999,0.283787875,0.8638855625
0.8125,0.25,1.0,0.7320549999999999,0.2853255625,0.9190271875
0.8125,0.3125,0.0,0.769438125,0.3198100625,0.043305375
0.8125,0.3125,0.0625,0.7676225,0.32134775,0.098447
0.8125,0.3125,0.125,0.765806875,0.3228854375,0.153588625
0.8125,0.3125,0.1875,0.76399125,0.324423125,0.20873025
0.8125,0.3125,0.25,0.762175625,0.3259608125,0.263871875
0.8125,0.3125,0.3125,0.7603599999999999,0.32749849999999997,0.31901349999999995
0.8125,0.3125,0.375,0.7585443749999999,0.32903618749999997,0.374155125
0.8125,0.3125,0.4375,0.75672875,0.330573875,0.42929675
0.8125,0.3125,0.5,0.754913125,0.3321115625,0.484438375
0.8125,0.3125,0.5625,0.7530975,0.33364925,0.53958
0.8125,0.3125,0.625,0.751281875,0.3351869375,0.5947216249999999
0.8125,0.3125,0.6875,0.74946625,0.336724625,0.64986325
0.8125,0.3125,0.75,0.747650625,0.3382623125,0.705004875
0.8125,0.3125,0.8125,0.745835,0.3398,0.7601465
0.8125,0.3125,0.875,0.7440193749999999,0.3413376875,0.815288125
0.8125,0.3125,0.9375,0.7422037499999999,0.342875375,0.87042975
0.8125,0.3125,1.0,0.740388125,0.3444130625,0.925571375
0.8125,0.375,0.0,0.7777712499999999,0.37889756249999995,0.0498495625
0.8125,0.375,0.0625,0.7759556249999999,0.38043524999999995,0.1049911875
0.8125,0.375,0.125,0.7741399999999999,0.38197293749999994,0.1601328125
0.8125,0.375,0.1875,0.772324375,0.38351062499999994,0.2152744375
0.8125,0.375,0.25,0.77050875,0.38504831249999993,0.2704160625
0.8125,0.375,0.3125,0.7686931249999999,0.38658599999999993,0.32555768749999997
0.8125,0.375,0.375,0.7668774999999999,0.3881236874999999,0.3806993125
0.8125,0.375,0.4375,0.7650618749999999,0.389661375,0.4358409375
0.8125,0.375,0.5,0.7632462499999999,0.39119906249999997,0.4909825625
0.8125,0.375,0.5625,0.7614306249999999,0.39273674999999997,0.5461241875
0.8125,0.375,0.625,0.7596149999999999,0.39427443749999996,0.6012658124999999
0.8125,0.375,0.6875,0.7577993749999999,0.39581212499999996,0.6564074375
0.8125,0.375,0.75,0.75598375,0.39734981249999995,0.7115490625
0.8125,0.375,0.8125,0.754168125,0.39888749999999995,0.7666906874999999
0.8125,0.375,0.875,0.7523524999999999,0.40042518749999995,0.8218323125
0.8125,0.375,0.9375,0.7505368749999999,0.40196287499999994,0.8769739375000001
0.8125,0.375,1.0,0.7487212499999999,0.40350056249999994,0.9321155624999999
0.8125,0.4375,0.0,0.786104375,0.4379850625,0.05639375
0.8125,0.4375,0.0625,0.78428875,0.43952275,0.11153537499999999
0.8125,0.4375,0.125,0.782473125,0.4410604375,0.166677
0.8125,0.4375,0.1875,0.7806575,0.442598125,0.221818625
0.8125,0.4375,0.25,0.778841875,0.4441358125,0.27696025
0.8125,0.4375,0.3125,0.7770262499999999,0.4456735,0.332101875
0.8125,0.4375,0.375,0.7752106249999999,0.4472111875,0.3872435
0.8125,0.4375,0.4375,0.7733949999999999,0.44874887500000005,0.44238512500000005
0.8125,0.4375,0.5,0.771579375,0.45028656250000004,0.49752675
0.8125,0.4375,0.5625,0.76976375,0.45182425000000004,0.552668375
0.8125,0.4375,0.625,0.767948125,0.45336193750000003,0.60781
0.8125,0.4375,0.6875,0.7661325,0.45489962500000003,0.662951625
0.8125,0.4375,0.75,0.764316875,0.4564373125,0.71809325
0.8125,0.4375,0.8125,0.76250125,0.457975,0.773234875
0.8125,0.4375,0.875,0.7606856249999999,0.4595126875,0.8283765000000001
0.8125,0.4375,0.9375,0.7588699999999999,0.461050375,0.883518125
0.8125,0.4375,1.0,0.757054375,0.4625880625,0.93865975
0.8125,0.5,0.0,0.7944374999999999,0.4970725625,0.0629379375
0.8125,0.5,0.0625,0.7926218749999999,0.49861025,0.1180795625
0.8125,0.5,0.125,0.7908062499999999,0.5001479375,0.17322118749999998
0.8125,0.5,0.1875,0.788990625,0.501685625,0.2283628125
0.8125,0.5,0.25,0.787175,0.5032233125,0.2835044375
0.8125,0.5,0.3125,0.7853593749999999,0.504761,0.33864606249999996
0.8125,0.5,0.375,0.7835437499999999,0.5062986875,0.3937876875
0.8125,0.5,0.4375,0.7817281249999999,0.507836375,0.4489293125
0.8125,0.5,0.5,0.7799124999999999,0.5093740625,0.5040709375
0.8125,0.5,0.5625,0.7780968749999999,0.51091175,0.5592125625
0.8125,0.5,0.625,0.7762812499999999,0.5124494374999999,0.6143541874999999
0.8125,0.5,0.6875,0.7744656249999999,0.513987125,0.6694958125
0.8125,0.5,0.75,0.77265,0.5155248124999999,0.7246374375
0.8125,0.5,0.8125,0.770834375,0.5170625,0.7797790625
0.8125,0.5,0.875,0.7690187499999999,0.5186001875,0.8349206875
0.8125,0.5,0.9375,0.7672031249999999,0.520137875,0.8900623125
0.8125,0.5,1.0,0.7653874999999999,0.5216755625,0.9452039375
0.8125,0.5625,0.0,0.802770625,0.5561600624999999,0.06948212499999999
0.8125,0.5625,0.0625,0.800955,0.55769775,0.12462374999999999
0.8125,0.5625,0.125,0.799139375,0.5592354374999999,0.179765375
0.8125,0.5625,0.1875,0.79732375,0.560773125,0.23490699999999998
0.8125,0.5625,0.25,0.795508125,0.5623108124999999,0.290048625
0.8125,0.5625,0.3125,0.7936924999999999,0.5638485,0.34519025
0.8125,0.5625,0.375,0.7918768749999999,0.5653861874999999,0.400331875
0.8125,0.5625,0.4375,0.7900612499999999,0.566923875,0.45547350000000003
0.8125,0.5625,0.5,0.788245625,0.5684615624999999,0.510615125
0.8125,0.5625,0.5625,0.78643,0.56999925,0.5657567499999999
0.8125,0.5625,0.625,0.784614375,0.5715369374999999,0.6208983749999999
0.8125,0.5625,0.6875,0.78279875,0.573074625,0.67604
0.8125,0.5625,0.75,0.780983125,0.5746123124999999,0.731181625
0.8125,0.5625,0.8125,0.7791675,0.5761499999999999,0.7863232499999999
0.8125,0.5625,0.875,0.7773518749999999,0.5776876875,0.841464875
0.8125,0.5625,0.9375,0.7755362499999999,0.5792253749999999,0.8966065
0.8125,0.5625,1.0,0.7737206249999999,0.5807630625,0.951748125
0.8125,0.625,0.0,0.8111037499999999,0.6152475625,0.0760263125
0.8125,0.625,0.0625,0.8092881249999999,0.6167852500000001,0.1311679375
0.8125,0.625,0.125,0.8074724999999999,0.6183229375,0.1863095625
0.8125,0.625,0.1875,0.8056568749999999,0.619860625,0.2414511875
0.8125,0.625,0.25,0.80384125,0.6213983125,0.2965928125
0.8125,0.625,0.3125,0.8020256249999999,0.622936,0.3517344375
0.8125,0.625,0.375,0.8002099999999999,0.6244736875,0.40687606249999997
0.8125,0.625,0.4375,0.7983943749999999,0.626011375,0.46201768750000005
0.8125,0.625,0.5,0.7965787499999999,0.6275490625,0.5171593125
0.8125,0.625,0.5625,0.7947631249999999,0.62908675,0.5723009375
0.8125,0.625,0.625,0.7929474999999999,0.6306244375,0.6274425625
0.8125,0.625,0.6875,0.7911318749999999,0.632162125,0.6825841875
0.8125,0.625,0.75,0.7893162499999999,0.6336998125,0.7377258125
0.8125,0.625,0.8125,0.787500625,0.6352375,0.7928674375
0.8125,0.625,0.875,0.7856849999999999,0.6367751875000001,0.8480090625000001
0.8125,0.625,0.9375,0.7838693749999999,0.638312875,0.9031506875
0.8125,0.625,1.0,0.7820537499999999,0.6398505625,0.9582923125
0.8125,0.6875,0.0,0.819436875,0.6743350625,0.0825705
0.8125,0.6875,0.0625,0.81762125,0.67587275,0.13771212500000002
0.8125,0.6875,0.125,0.815805625,0.6774104375,0.19285375
0.8125,0.6875,0.1875,0.81399,0.678948125,0.24799537500000002
0.8125,0.6875,0.25,0.812174375,0.6804858125,0.303137
0.8125,0.6875,0.3125,0.8103587499999999,0.6820235,0.35827862499999996
0.8125,0.6875,0.375,0.8085431249999999,0.6835611875,0.41342025
0.8125,0.6875,0.4375,0.8067274999999999,0.685098875,0.468561875
0.8125,0.6875,0.5,0.8049118749999999,0.6866365624999999,0.5237035
0.8125,0.6875,0.5625,0.80309625,0.68817425,0.578845125
0.8125,0.6875,0.625,0.801280625,0.6897119374999999,0.6339867499999999
0.8125,0.6875,0.6875,0.799465,0.691249625,0.689128375
0.8125,0.6875,0.75,0.797649375,0.6927873124999999,0.74427
0.8125,0.6875,0.8125,0.79583375,0.694325,0.799411625
0.8125,0.6875,0.875,0.7940181249999999,0.6958626875,0.85455325
0.8125,0.6875,0.9375,0.7922024999999999,0.697400375,0.909694875
0.8125,0.6875,1.0,0.7903868749999999,0.6989380625,0.9648365
0.8125,0.75,0.0,0.8277699999999999,0.7334225624999999,0.0891146875
0.8125,0.75,0.0625,0.8259543749999999,0.73496025,0.14425631249999998
0.8125,0.75,0.125,0.8241387499999999,0.7364979374999999,0.1993979375
0.8125,0.75,0.1875,0.8223231249999999,0.738035625,0.2545395625
0.8125,0.75,0.25,0.8205075,0.7395733124999999,0.3096811875
0.8125,0.75,0.3125,0.8186918749999998,0.741111,0.3648228125
0.8125,0.75,0.375,0.8168762499999999,0.7426486874999999,0.4199644375
0.8125,0.75,0.4375,0.8150606249999999,0.744186375,0.47510606250000004
0.8125,0.75,0.5,0.8132449999999999,0.7457240624999999,0.5302476875
0.8125,0.75,0.5625,0.8114293749999999,0.74726175,0.5853893124999999
0.8125,0.75,0.625,0.8096137499999999,0.7487994374999999,0.6405309374999999
0.8125,0.75,0.6875,0.8077981249999999,0.7503371249999999,0.6956725625
0.8125,0.75,0.75,0.8059824999999999,0.7518748124999999,0.7508141875
0.8125,0.75,0.8125,0.804166875,0.7534124999999999,0.8059558124999999
0.8125,0.75,0.875,0.8023512499999998,0.7549501875,0.8610974375
0.8125,0.75,0.9375,0.8005356249999999,0.7564878749999999,0.9162390625
0.8125,0.75,1.0,0.7987199999999999,0.7580255625,0.9713806875
0.8125,0.8125,0.0,0.836103125,0.7925100625,0.09565887499999999
0.8125,0.8125,0.0625,0.8342875,0.79404775,0.1508005
0.8125,0.8125,0.125,0.832471875,0.7955854375,0.20594212499999998
0.8125,0.8125,0.1875,0.83065625,0.797123125,0.26108375
0.8125,0.8125,0.25,0.828840625,0.7986608125,0.316225375
0.8125,0.8125,0.3125,0.8270249999999999,0.8001985,0.37136699999999995
0.8125,0.8125,0.375,0.8252093749999999,0.8017361875,0.426508625
0.8125,0.8125,0.4375,0.8233937499999999,0.803273875,0.48165025
0.8125,0.8125,0.5,0.8215781249999999,0.8048115625,0.536791875
0.8125,0.8125,0.5625,0.8197625,0.80634925,0.5919335
0.8125,0.8125,0.625,0.817946875,0.8078869375,0.647075125
0.8125,0.8125,0.6875,0.81613125,0.809424625,0.7022167500000001
0.8125,0.8125,0.75,0.814315625,0.8109623125,0.757358375
0.8125,0.8125,0.8125,0.8125,0.8125,0.8125
0.8125,0.8125,0.875,0.8106843749999999,0.8140376875,0.8676416250000001
0.8125,0.8125,0.9375,0.8088687499999999,0.815575375,0.92278325
0.8125,0.8125,1.0,0.8070531249999999,0.8171130625,0.977924875
0.8125,0.875,0.0,0.84443625,0.8515975625,0.1022030625
0.8125,0.875,0.0625,0.842620625,0.85313525,0.1573446875
0.8125,0.875,0.125,0.840805,0.8546729375,0.2124863125
0.8125,0.875,0.1875,0.838989375,0.856210625,0.2676279375
0.8125,0.875,0.25,0.83717375,0.8577483124999999,0.3227695625
0.8125,0.875,0.3125,0.835358125,0.859286,0.37791118749999997
0.8125,0.875,0.375,0.8335425,0.8608236874999999,0.4330528125
0.8125,0.875,0.4375,0.831726875,0.862361375,0.4881944375
0.8125,0.875,0.5,0.82991125,0.8638990624999999,0.5433360625
0.8125,0.875,0.5625,0.828095625,0.86543675,0.5984776875
0.8125,0.875,0.625,0.82628,0.8669744374999999,0.6536193124999999
0.8125,0.875,0.6875,0.824464375,0.868512125,0.7087609375
0.8125,0.875,0.75,0.82264875,0.8700498124999999,0.7639025625
0.8125,0.875,0.8125,0.820833125,0.8715875,0.8190441875
0.8125,0.875,0.875,0.8190175,0.8731251875,0.8741858125
0.8125,0.875,0.9375,0.817201875,0.874662875,0.9293274375
0.8125,0.875,1.0,0.81538625,0.8762005625,0.9844690625
0.8125,0.9375,0.0,0.8527693749999999,0.9106850625,0.10874725
0.8125,0.9375,0.0625,0.85095375,0.9122227500000001,0.163888875
0.8125,0.9375,0.125,0.849138125,0.9137604375,0.21903050000000002
0.8125,0.9375,0.1875,0.8473225,0.9152981250000001,0.274172125
0.8125,0.9375,0.25,0.845506875,0.9168358125,0.32931375
0.8125,0.9375,0.3125,0.8436912499999999,0.9183735000000001,0.384455375
0.8125,0.9375,0.375,0.8418756249999999,0.9199111875,0.439597
0.8125,0.9375,0.4375,0.8400599999999999,0.9214488750000001,0.49473862500000004
0.8125,0.9375,0.5,0.8382443749999999,0.9229865625,0.54988025
0.8125,0.9375,0.5625,0.8364287499999999,0.92452425,0.6050218749999999
0.8125,0.9375,0.625,0.834613125,0.9260619375,0.6601634999999999
0.8125,0.9375,0.6875,0.8327975,0.927599625,0.715305125
0.8125,0.9375,0.75,0.830981875,0.9291373125,0.77044675
0.8125,0.9375,0.8125,0.82916625,0.930675,0.8255883749999999
0.8125,0.9375,0.875,0.8273506249999999,0.9322126875000001,0.88073
0.8125,0.9375,0.9375,0.8255349999999999,0.933750375,0.935871625
0.8125,0.9375,1.0,0.8237193749999999,0.9352880625000001,0.99101325
0.8125,1.0,0.0,0.8611024999999999,0.9697725625,0.1152914375
0.8125,1.0,0.0625,0.8592868749999999,0.97131025,0.1704330625
0.8125,1.0,0.125,0.8574712499999999,0.9728479375,0.22557468749999998
0.8125,1.0,0.1875,0.8556556249999999,0.974385625,0.2807163125
0.8125,1.0,0.25,0.8538399999999999,0.9759233125,0.3358579375
0.8125,1.0,0.3125,0.8520243749999998,0.977461,0.39099956249999995
0.8125,1.0,0.375,0.8502087499999998,0.9789986875,0.4461411875
0.8125,1.0,0.4375,0.8483931249999999,0.980536375,0.5012828125000001
0.8125,1.0,0.5,0.8465774999999999,0.9820740625,0.5564244375
0.8125,1.0,0.5625,0.8447618749999999,0.98361175,0.6115660625
0.8125,1.0,0.625,0.8429462499999999,0.9851494375,0.6667076875
0.8125,1.0,0.6875,0.8411306249999999,0.986687125,0.7218493125000001
0.8125,1.0,0.75,0.8393149999999999,0.9882248124999999,0.7769909375
0.8125,1.0,0.8125,0.8374993749999999,0.9897625,0.8321325625
0.8125,1.0,0.875,0.8356837499999998,0.9913001875,0.8872741875000001
0.8125,1.0,0.9375,0.8338681249999998,0.992837875,0.9424158125000001
0.8125,1.0,1.0,0.8320524999999999,0.9943755625,0.9975574375
0.875,0.0,0.0,0.783755,0.026247375,0.011398625
0.875,0.0,0.0625,0.781939375,0.0277850625,0.06654025
0.875,0.0,0.125,0.78012375,0.02932275,0.121681875
0.875,0.0,0.1875,0.778308125,0.0308604375,0.1768235
0.875,0.0,0.25,0.7764925,0.032398125,0.231965125
0.875,0.0,0.3125,0.7746768749999999,0.0339358125,0.28710674999999997
0.875,0.0,0.375,0.7728612499999999,0.0354735,0.342248375
0.875,0.0,0.4375,0.771045625,0.0370111875,0.39739
0.875,0.0,0.5,0.76923,0.038548874999999996,0.452531625
0.875,0.0,0.5625,0.767414375,0.0400865625,0.50767325
0.875,0.0,0.625,0.76559875,0.04162425,0.5628148749999999
0.875,0.0,0.6875,0.763783125,0.0431619375,0.6179565
0.875,0.0,0.75,0.7619675,0.044699625,0.673098125
0.875,0.0,0.8125,0.760151875,0.0462373125,0.72823975
0.875,0.0,0.875,0.7583362499999999,0.047775,0.783381375
0.875,0.0,0.9375,0.756520625,0.0493126875,0.838523
0.875,0.0,1.0,0.754705,0.050850375,0.893664625
0.875,0.0625,0.0,0.792088125,0.085334875,0.017942812500000002
0.875,0.0625,0.0625,0.7902725,0.0868725625,0.0730844375
0.875,0.0625,0.125,0.7884568750000001,0.08841025000000001,0.12822606250000002
0.875,0.0625,0.1875,0.7866412500000001,0.0899479375,0.1833676875
0.875,0.0625,0.25,0.7848256250000001,0.091485625,0.23850931250000001
0.875,0.0625,0.3125,0.78301,0.09302331250000001,0.2936509375
0.875,0.0625,0.375,0.781194375,0.094561,0.3487925625
0.875,0.0625,0.4375,0.77937875,0.0960986875,0.40393418750000004
0.875,0.0625,0.5,0.777563125,0.097636375,0.4590758125
0.875,0.0625,0.5625,0.7757475,0.09917406250000001,0.5142174374999999
0.875,0.0625,0.625,0.773931875,0.10071175,0.5693590624999999
0.875,0.0625,0.6875,0.7721162500000001,0.10224943750000001,0.6245006875
0.875,0.0625,0.75,0.7703006250000001,0.10378712500000001,0.6796423125
0.875,0.0625,0.8125,0.7684850000000001,0.1053248125,0.7347839374999999
0.875,0.0625,0.875,0.766669375,0.1068625,0.7899255625
0.875,0.0625,0.9375,0.76485375,0.10840018750000001,0.8450671875
0.875,0.0625,1.0,0.763038125,0.109937875,0.9002088125
0.875,0.125,0.0,0.80042125,0.144422375,0.024487000000000002
0.875,0.125,0.0625,0.798605625,0.1459600625,0.07962862500000001
0.875,0.125,0.125,0.79679,0.14749774999999998,0.13477025
0.875,0.125,0.1875,0.794974375,0.14903543749999998,0.189911875
0.875,0.125,0.25,0.79315875,0.150573125,0.2450535
0.875,0.125,0.3125,0.7913431249999999,0.1521108125,0.30019512499999995
0.875,0.125,0.375,0.7895274999999999,0.1536485,0.35533675
0.875,0.125,0.4375,0.787711875,0.1551861875,0.410478375
0.875,0.125,0.5,0.78589625,0.15672387499999998,0.46562
0.875,0.125,0.5625,0.784080625,0.15826156249999998,0.520761625
0.875,0.125,0.625,0.782265,0.15979925,0.57590325
0.875,0.125,0.6875,0.780449375,0.1613369375,0.6310448750000001
0.875,0.125,0.75,0.77863375,0.162874625,0.6861865
0.875,0.125,0.8125,0.776818125,0.1644123125,0.741328125
0.875,0.125,0.875,0.7750024999999999,0.16595,0.7964697500000001
0.875,0.125,0.9375,0.7731868749999999,0.16748768749999998,0.8516113750000001
0.875,0.125,1.0,0.77137125,0.16902537499999998,0.906753
0.875,0.1875,0.0,0.808754375,0.20350987499999998,0.0310311875
0.875,0.1875,0.0625,0.80693875,0.20504756249999997,0.0861728125
0.875,0.1875,0.125,0.805123125,0.20658524999999997,0.1413144375
0.875,0.1875,0.1875,0.8033075000000001,0.20812293749999997,0.1964560625
0.875,0.1875,0.25,0.8014918750000001,0.209660625,0.2515976875
0.875,0.1875,0.3125,0.79967625,0.21119831249999999,0.30673931249999997
0.875,0.1875,0.375,0.797860625,0.21273599999999998,0.3618809375
0.875,0.1875,0.4375,0.796045,0.21427368749999998,0.4170225625
0.875,0.1875,0.5,0.794229375,0.21581137499999997,0.4721641875
0.875,0.1875,0.5625,0.79241375,0.21734906249999997,0.5273058125
0.875,0.1875,0.625,0.790598125,0.21888675,0.5824474374999999
0.875,0.1875,0.6875,0.7887825,0.2204244375,0.6375890625
0.875,0.1875,0.75,0.7869668750000001,0.22196212499999998,0.6927306875
0.875,0.1875,0.8125,0.7851512500000001,0.22349981249999998,0.7478723125
0.875,0.1875,0.875,0.783335625,0.22503749999999997,0.8030139375
0.875,0.1875,0.9375,0.78152,0.22657518749999997,0.8581555625
0.875,0.1875,1.0,0.779704375,0.228112875,0.9132971875
0.875,0.25,0.0,0.8170875,0.262597375,0.037575375
0.875,0.25,0.0625,0.815271875,0.2641350625,0.092717
0.875,0.25,0.125,0.81345625,0.26567275,0.147858625
0.875,0.25,0.1875,0.811640625,0.2672104375,0.20300025
0.875,0.25,0.25,0.809825,0.268748125,0.258141875
0.875,0.25,0.3125,0.8080093749999999,0.2702858125,0.3132835
0.875,0.25,0.375,0.8061937499999999,0.2718235,0.368425125
0.875,0.25,0.4375,0.8043781249999999,0.27336118750000005,0.42356675000000005
0.875,0.25,0.5,0.8025625,0.27489887500000004,0.478708375
0.875,0.25,0.5625,0.800746875,0.27643656250000004,0.5338499999999999
0.875,0.25,0.625,0.79893125,0.27797425000000003,0.5889916249999999
0.875,0.25,0.6875,0.797115625,0.27951193750000003,0.64413325
0.875,0.25,0.75,0.7953,0.281049625,0.699274875
0.875,0.25,0.8125,0.793484375,0.2825873125,0.7544164999999999
0.875,0.25,0.875,0.7916687499999999,0.284125,0.809558125
0.875,0.25,0.9375,0.7898531249999999,0.2856626875,0.86469975
0.875,0.25,1.0,0.7880375,0.287200375,0.919841375
0.875,0.3125,0.0,0.825420625,0.32168487500000004,0.0441195625
0.875,0.3125,0.0625,0.823605,0.32322256250000003,0.0992611875
0.875,0.3125,0.125,0.821789375,0.32476025000000003,0.1544028125
0.875,0.3125,0.1875,0.8199737500000001,0.3262979375,0.2095444375
0.875,0.3125,0.25,0.8181581250000001,0.327835625,0.2646860625
0.875,0.3125,0.3125,0.8163425,0.3293733125,0.31982768749999996
0.875,0.3125,0.375,0.814526875,0.330911,0.3749693125
0.875,0.3125,0.4375,0.81271125,0.33244868750000006,0.4301109375
0.875,0.3125,0.5,0.810895625,0.33398637500000006,0.4852525625
0.875,0.3125,0.5625,0.80908,0.33552406250000005,0.5403941875
0.875,0.3125,0.625,0.807264375,0.33706175000000005,0.5955358125
0.875,0.3125,0.6875,0.80544875,0.33859943750000004,0.6506774375000001
0.875,0.3125,0.75,0.8036331250000001,0.34013712500000004,0.7058190625
0.875,0.3125,0.8125,0.8018175000000001,0.34167481250000004,0.7609606875
0.875,0.3125,0.875,0.800001875,0.34321250000000003,0.8161023125000001
0.875,0.3125,0.9375,0.79818625,0.3447501875,0.8712439375000001
0.875,0.3125,1.0,0.796370625,0.346287875,0.9263855625
0.875,0.375,0.0,0.83375375,0.380772375,0.05066375
0.875,0.375,0.0625,0.831938125,0.3823100625,0.10580537500000001
0.875,0.375,0.125,0.8301225,0.38384775,0.160947
0.875,0.375,0.1875,0.828306875,0.3853854375,0.216088625
0.875,0.375,0.25,0.82649125,0.386923125,0.27123025
0.875,0.375,0.3125,0.8246756249999999,0.3884608125,0.326371875
0.875,0.375,0.375,0.8228599999999999,0.38999849999999997,0.3815135
0.875,0.375,0.4375,0.8210443749999999,0.3915361875,0.43665512500000003
0.875,0.375,0.5,0.81922875,0.393073875,0.49179675
0.875,0.375,0.5625,0.817413125,0.3946115625,0.546938375
0.875,0.375,0.625,0.8155975,0.39614925,0.60208
0.875,0.375,0.6875,0.813781875,0.3976869375,0.657221625
0.875,0.375,0.75,0.81196625,0.399224625,0.71236325
0.875,0.375,0.8125,0.810150625,0.4007623125,0.767504875
0.875,0.375,0.875,0.8083349999999999,0.4023,0.8226465000000001
0.875,0.375,0.9375,0.8065193749999999,0.4038376875,0.877788125
0.875,0.375,1.0,0.8047037499999999,0.405375375,0.93292975
0.875,0.4375,0.0,0.842086875,0.439859875,0.0572079375
0.875,0.4375,0.0625,0.84027125,0.4413975625,0.1123495625
0.875,0.4375,0.125,0.838455625,0.44293525,0.1674911875
0.875,0.4375,0.1875,0.83664,0.4444729375,0.2226328125
0.875,0.4375,0.25,0.8348243750000001,0.446010625,0.27777443749999997
0.875,0.4375,0.3125,0.83300875,0.4475483125,0.33291606249999994
0.875,0.4375,0.375,0.831193125,0.449086,0.3880576875
0.875,0.4375,0.4375,0.8293775,0.45062368750000004,0.4431993125
0.875,0.4375,0.5,0.827561875,0.45216137500000003,0.49834093749999997
0.875,0.4375,0.5625,0.82574625,0.4536990625,0.5534825624999999
0.875,0.4375,0.625,0.823930625,0.45523675,0.6086241874999999
0.875,0.4375,0.6875,0.822115,0.4567744375,0.6637658125
0.875,0.4375,0.75,0.820299375,0.458312125,0.7189074375
0.875,0.4375,0.8125,0.8184837500000001,0.4598498125,0.7740490624999999
0.875,0.4375,0.875,0.816668125,0.4613875,0.8291906875
0.875,0.4375,0.9375,0.8148525,0.4629251875,0.8843323125
0.875,0.4375,1.0,0.813036875,0.464462875,0.9394739375
0.875,0.5,0.0,0.85042,0.498947375,0.06375212499999999
0.875,0.5,0.0625,0.848604375,0.5004850625,0.11889374999999999
0.875,0.5,0.125,0.84678875,0.5020227500000001,0.174035375
0.875,0.5,0.1875,0.844973125,0.5035604375,0.229177
0.875,0.5,0.25,0.8431575,0.5050981250000001,0.284318625
0.875,0.5,0.3125,0.8413418749999999,0.5066358125,0.33946024999999996
0.875,0.5,0.375,0.8395262499999999,0.5081735000000001,0.394601875
0.875,0.5,0.4375,0.8377106249999999,0.5097111875,0.4497435
0.875,0.5,0.5,0.8358949999999999,0.511248875,0.5048851249999999
0.875,0.5,0.5625,0.834079375,0.5127865625,0.56002675
0.875,0.5,0.625,0.83226375,0.51432425,0.6151683749999999
0.875,0.5,0.6875,0.830448125,0.5158619375,0.67031
0.875,0.5,0.75,0.8286325,0.517399625,0.725451625
0.875,0.5,0.8125,0.826816875,0.5189373125000001,0.7805932499999999
0.875,0.5,0.875,0.8250012499999999,0.520475,0.835734875
0.875,0.5,0.9375,0.8231856249999999,0.5220126875000001,0.8908765000000001
0.875,0.5,1.0,0.8213699999999999,0.523550375,0.9460181249999999
0.875,0.5625,0.0,0.858753125,0.5580348749999999,0.0702963125
0.875,0.5625,0.0625,0.8569375,0.5595725625,0.12543793749999999
0.875,0.5625,0.125,0.855121875,0.5611102499999999,0.1805795625
0.875,0.5625,0.1875,0.85330625,0.5626479375,0.23572118749999998
0.875,0.5625,0.25,0.8514906250000001,0.5641856249999999,0.2908628125
0.875,0.5625,0.3125,0.849675,0.5657233125,0.3460044375
0.875,0.5625,0.375,0.847859375,0.5672609999999999,0.4011460625
0.875,0.5625,0.4375,0.84604375,0.5687986875,0.45628768750000004
0.875,0.5625,0.5,0.844228125,0.5703363749999999,0.5114293125
0.875,0.5625,0.5625,0.8424125,0.5718740625,0.5665709375
0.875,0.5625,0.625,0.840596875,0.5734117499999999,0.6217125625
0.875,0.5625,0.6875,0.83878125,0.5749494374999999,0.6768541875
0.875,0.5625,0.75,0.836965625,0.5764871249999999,0.7319958125
0.875,0.5625,0.8125,0.8351500000000001,0.5780248124999999,0.7871374375
0.875,0.5625,0.875,0.833334375,0.5795625,0.8422790625000001
0.875,0.5625,0.9375,0.83151875,0.5811001874999999,0.8974206875
0.875,0.5625,1.0,0.829703125,0.582637875,0.9525623125
0.875,0.625,0.0,0.86708625,0.617122375,0.07684049999999999
0.875,0.625,0.0625,0.865270625,0.6186600625,0.131982125
0.875,0.625,0.125,0.863455,0.62019775,0.18712374999999998
0.875,0.625,0.1875,0.861639375,0.6217354375,0.242265375
0.875,0.625,0.25,0.85982375,0.623273125,0.297407
0.875,0.625,0.3125,0.8580081249999999,0.6248108125,0.35254862499999995
0.875,0.625,0.375,0.8561924999999999,0.6263485,0.40769025
0.875,0.625,0.4375,0.8543768749999999,0.6278861875,0.462831875
0.875,0.625,0.5,0.8525612499999999,0.629423875,0.5179735
0.875,0.625,0.5625,0.850745625,0.6309615625,0.573115125
0.875,0.625,0.625,0.84893,0.63249925,0.6282567499999999
0.875,0.625,0.6875,0.847114375,0.6340369375,0.683398375
0.875,0.625,0.75,0.84529875,0.635574625,0.73854
0.875,0.625,0.8125,0.843483125,0.6371123125,0.793681625
0.875,0.625,0.875,0.8416674999999999,0.63865,0.84882325
0.875,0.625,0.9375,0.8398518749999999,0.6401876875,0.903964875
0.875,0.625,1.0,0.8380362499999999,0.641725375,0.9591065
0.875,0.6875,0.0,0.875419375,0.676209875,0.0833846875
0.875,0.6875,0.0625,0.87360375,0.6777475625,0.1385263125
0.875,0.6875,0.125,0.871788125,0.67928525,0.1936679375
0.875,0.6875,0.1875,0.8699725,0.6808229375,0.2488095625
0.875,0.6875,0.25,0.868156875,0.6823606249999999,0.3039511875
0.875,0.6875,0.3125,0.86634125,0.6838983125,0.35909281249999997
0.875,0.6875,0.375,0.864525625,0.6854359999999999,0.4142344375
0.875,0.6875,0.4375,0.86271,0.6869736875,0.4693760625
0.875,0.6875,0.5,0.860894375,0.6885113749999999,0.5245176874999999
0.875,0.6875,0.5625,0.85907875,0.6900490625,0.5796593125
0.875,0.6875,0.625,0.857263125,0.6915867499999999,0.6348009374999999
0.875,0.6875,0.6875,0.8554475,0.6931244375,0.6899425625
0.875,0.6875,0.75,0.853631875,0.6946621249999999,0.7450841875
0.875,0.6875,0.8125,0.85181625,0.6961998125,0.8002258124999999
0.875,0.6875,0.875,0.850000625,0.6977375,0.8553674375
0.875,0.6875,0.9375,0.848185,0.6992751875,0.9105090625000001
0.875,0.6875,1.0,0.846369375,0.700812875,0.9656506874999999
0.875,0.75,0.0,0.8837524999999999,0.7352973749999999,0.08992887499999999
0.875,0.75,0.0625,0.881936875,0.7368350625,0.1450705
0.875,0.75,0.125,0.88012125,0.7383727499999999,0.200212125
0.875,0.75,0.1875,0.878305625,0.7399104375,0.25535375
0.875,0.75,0.25,0.87649,0.7414481249999999,0.310495375
0.875,0.75,0.3125,0.8746743749999999,0.7429858125,0.365637
0.875,0.75,0.375,0.8728587499999999,0.7445234999999999,0.42077862499999996
0.875,0.75,0.4375,0.8710431249999999,0.7460611875,0.47592025000000004
0.875,0.75,0.5,0.8692274999999999,0.7475988749999999,0.531061875
0.875,0.75,0.5625,0.8674118749999999,0.7491365624999999,0.5862035
0.875,0.75,0.625,0.86559625,0.7506742499999999,0.641345125
0.875,0.75,0.6875,0.863780625,0.7522119374999999,0.69648675
0.875,0.75,0.75,0.861965,0.7537496249999999,0.751628375
0.875,0.75,0.8125,0.860149375,0.7552873124999999,0.80677
0.875,0.75,0.875,0.8583337499999999,0.756825,0.8619116250000001
0.875,0.75,0.9375,0.8565181249999999,0.7583626874999999,0.91705325
0.875,0.75,1.0,0.8547024999999999,0.759900375,0.972194875
0.875,0.8125,0.0,0.892085625,0.794384875,0.09647306249999998
0.875,0.8125,0.0625,0.89027,0.7959225625,0.15161468749999998
0.875,0.8125,0.125,0.888454375,0.79746025,0.20675631249999998
0.875,0.8125,0.1875,0.88663875,0.7989979375,0.2618979375
0.875,0.8125,0.25,0.884823125,0.800535625,0.3170395625
0.875,0.8125,0.3125,0.8830075,0.8020733125,0.37218118749999995
0.875,0.8125,0.375,0.881191875,0.803611,0.4273228125
0.875,0.8125,0.4375,0.87937625,0.8051486875,0.4824644375
0.875,0.8125,0.5,0.877560625,0.806686375,0.5376060625
0.875,0.8125,0.5625,0.875745,0.8082240625,0.5927476875
0.875,0.8125,0.625,0.873929375,0.80976175,0.6478893124999999
0.875,0.8125,0.6875,0.87211375,0.8112994375,0.7030309375
0.875,0.8125,0.75,0.870298125,0.8128371249999999,0.7581725625
0.875,0.8125,0.8125,0.8684825,0.8143748125,0.8133141875
0.875,0.8125,0.875,0.866666875,0.8159125,0.8684558125
0.875,0.8125,0.9375,0.86485125,0.8174501875,0.9235974375
0.875,0.8125,1.0,0.863035625,0.818987875,0.9787390625
0.875,0.875,0.0,0.90041875,0.853472375,0.10301724999999999
0.875,0.875,0.0625,0.8986031250000001,0.8550100625,0.15815887499999998
0.875,0.875,0.125,0.8967875000000001,0.8565477499999999,0.2133005
0.875,0.875,0.1875,0.8949718750000001,0.8580854375,0.268442125
0.875,0.875,0.25,0.8931562500000001,0.8596231249999999,0.32358375
0.875,0.875,0.3125,0.891340625,0.8611608125,0.378725375
0.875,0.875,0.375,0.889525,0.8626984999999999,0.433867
0.875,0.875,0.4375,0.887709375,0.8642361875,0.48900862500000003
0.875,0.875,0.5,0.88589375,0.8657738749999999,0.54415025
0.875,0.875,0.5625,0.884078125,0.8673115625,0.5992918749999999
0.875,0.875,0.625,0.8822625000000001,0.8688492499999999,0.6544334999999999
0.875,0.875,0.6875,0.8804468750000001,0.8703869375,0.709575125
0.875,0.875,0.75,0.8786312500000001,0.8719246249999999,0.76471675
0.875,0.875,0.8125,0.8768156250000001,0.8734623125,0.8198583749999999
0.875,0.875,0.875,0.875,0.875,0.875
0.875,0.875,0.9375,0.873184375,0.8765376874999999,0.930141625
0.875,0.875,1.0,0.87136875,0.878075375,0.9852832499999999
0.875,0.9375,0.0,0.908751875,0.912559875,0.1095614375
0.875,0.9375,0.0625,0.90693625,0.9140975625000001,0.1647030625
0.875,0.9375,0.125,0.905120625,0.91563525,0.2198446875
0.875,0.9375,0.1875,0.903305,0.9171729375000001,0.2749863125
0.875,0.9375,0.25,0.901489375,0.918710625,0.3301279375
0.875,0.9375,0.3125,0.8996737499999999,0.9202483125,0.3852695625
0.875,0.9375,0.375,0.897858125,0.921786,0.44041118749999997
0.875,0.9375,0.4375,0.8960425,0.9233236875,0.49555281250000005
0.875,0.9375,0.5,0.894226875,0.924861375,0.5506944375
0.875,0.9375,0.5625,0.89241125,0.9263990625,0.6058360625
0.875,0.9375,0.625,0.890595625,0.92793675,0.6609776875
0.875,0.9375,0.6875,0.88878,0.9294744375,0.7161193125
0.875,0.9375,0.75,0.886964375,0.931012125,0.7712609375
0.875,0.9375,0.8125,0.88514875,0.9325498125,0.8264025625
0.875,0.9375,0.875,0.8833331249999999,0.9340875000000001,0.8815441875000001
0.875,0.9375,0.9375,0.8815175,0.9356251875,0.9366858125
0.875,0.9375,1.0,0.879701875,0.9371628750000001,0.9918274375
0.875,1.0,0.0,0.9170849999999999,0.971647375,0.11610562499999999
0.875,1.0,0.0625,0.9152693749999999,0.9731850625,0.17124725
0.875,1.0,0.125,0.91345375,0.97472275,0.226388875
0.875,1.0,0.1875,0.911638125,0.9762604375,0.2815305
0.875,1.0,0.25,0.9098225,0.977798125,0.336672125
0.875,1.0,0.3125,0.9080068749999999,0.9793358125,0.39181374999999996
0.875,1.0,0.375,0.9061912499999999,0.9808735,0.446955375
0.875,1.0,0.4375,0.9043756249999999,0.9824111875,0.502097
0.875,1.0,0.5,0.9025599999999999,0.983948875,0.557238625
0.875,1.0,0.5625,0.9007443749999999,0.9854865625,0.61238025
0.875,1.0,0.625,0.8989287499999999,0.9870242499999999,0.6675218749999999
0.875,1.0,0.6875,0.897113125,0.9885619375,0.7226635
0.875,1.0,0.75,0.8952975,0.9900996249999999,0.777805125
0.875,1.0,0.8125,0.893481875,0.9916373125,0.83294675
0.875,1.0,0.875,0.8916662499999999,0.993175,0.888088375
0.875,1.0,0.9375,0.8898506249999999,0.9947126875,0.94323
0.875,1.0,1.0,0.8880349999999999,0.996250375,0.998371625
0.9375,0.0,0.0,0.8397374999999999,0.0281221875,0.0122128125
0.9375,0.0,0.0625,0.8379218749999999,0.029659875,0.0673544375
0.9375,0.0,0.125,0.8361062499999999,0.031197562499999998,0.1224960625
0.9375,0.0,0.1875,0.834290625,0.03273525,0.1776376875
0.9375,0.0,0.25,0.832475,0.0342729375,0.2327793125
0.9375,0.0,0.3125,0.8306593749999999,0.035810625,0.2879209375
0.9375,0.0,0.375,0.8288437499999999,0.0373483125,0.3430625625
0.9375,0.0,0.4375,0.8270281249999999,0.038886000000000004,0.39820418750000003
0.9375,0.0,0.5,0.8252124999999999,0.0404236875,0.4533458125
0.9375,0.0,0.5625,0.8233968749999999,0.041961374999999995,0.5084874374999999
0.9375,0.0,0.625,0.8215812499999999,0.0434990625,0.5636290624999999
0.9375,0.0,0.6875,0.8197656249999999,0.04503675,0.6187706875
0.9375,0.0,0.75,0.81795,0.046574437499999996,0.6739123124999999
0.9375,0.0,0.8125,0.816134375,0.048112125,0.7290539374999999
0.9375,0.0,0.875,0.8143187499999999,0.0496498125,0.7841955625
0.9375,0.0,0.9375,0.8125031249999999,0.0511875,0.8393371875
0.9375,0.0,1.0,0.8106874999999999,0.0527251875,0.8944788124999999
0.9375,0.0625,0.0,0.848070625,0.0872096875,0.018757
0.9375,0.0625,0.0625,0.846255,0.08874737499999999,0.073898625
0.9375,0.0625,0.125,0.844439375,0.0902850625,0.12904025
0.9375,0.0625,0.1875,0.84262375,0.09182275,0.184181875
0.9375,0.0625,0.25,0.840808125,0.09336043749999999,0.2393235
0.9375,0.0625,0.3125,0.8389924999999999,0.094898125,0.294465125
0.9375,0.0625,0.375,0.8371768749999999,0.0964358125,0.34960675
0.9375,0.0625,0.4375,0.8353612499999999,0.09797349999999999,0.40474837500000005
0.9375,0.0625,0.5,0.833545625,0.09951118749999999,0.45989
0.9375,0.0625,0.5625,0.83173,0.101048875,0.515031625
0.9375,0.0625,0.625,0.829914375,0.10258656249999999,0.57017325
0.9375,0.0625,0.6875,0.82809875,0.10412425,0.625314875
0.9375,0.0625,0.75,0.826283125,0.1056619375,0.6804565
0.9375,0.0625,0.8125,0.8244675,0.10719962499999999,0.735598125
0.9375,0.0625,0.875,0.8226518749999999,0.10873731249999999,0.7907397500000001
0.9375,0.0625,0.9375,0.8208362499999999,0.110275,0.845881375
0.9375,0.0625,1.0,0.819020625,0.1118126875,0.901023
0.9375,0.125,0.0,0.8564037499999999,0.1462971875,0.0253011875
0.9375,0.125,0.0625,0.8545881249999999,0.147834875,0.0804428125
0.9375,0.125,0.125,0.8527724999999999,0.1493725625,0.1355844375
0.9375,0.125,0.1875,0.850956875,0.15091025,0.1907260625
0.9375,0.125,0.25,0.84914125,0.15244793750000002,0.2458676875
0.9375,0.125,0.3125,0.8473256249999999,0.15398562500000001,0.30100931249999996
0.9375,0.125,0.375,0.8455099999999999,0.1555233125,0.3561509375
0.9375,0.125,0.4375,0.8436943749999999,0.157061,0.4112925625
0.9375,0.125,0.5,0.8418787499999999,0.1585986875,0.4664341875
0.9375,0.125,0.5625,0.8400631249999999,0.160136375,0.5215758125
0.9375,0.125,0.625,0.8382474999999999,0.16167406250000002,0.5767174374999999
0.9375,0.125,0.6875,0.8364318749999999,0.16321175000000002,0.6318590625
0.9375,0.125,0.75,0.83461625,0.1647494375,0.6870006875
0.9375,0.125,0.8125,0.832800625,0.166287125,0.7421423125
0.9375,0.125,0.875,0.8309849999999999,0.1678248125,0.7972839375
0.9375,0.125,0.9375,0.8291693749999999,0.1693625,0.8524255625
0.9375,0.125,1.0,0.8273537499999999,0.17090018750000002,0.9075671875
0.9375,0.1875,0.0,0.864736875,0.2053846875,0.031845374999999995
0.9375,0.1875,0.0625,0.86292125,0.206922375,0.086987
0.9375,0.1875,0.125,0.861105625,0.2084600625,0.142128625
0.9375,0.1875,0.1875,0.85929,0.20999774999999998,0.19727024999999998
0.9375,0.1875,0.25,0.857474375,0.2115354375,0.252411875
0.9375,0.1875,0.3125,0.8556587499999999,0.213073125,0.3075535
0.9375,0.1875,0.375,0.8538431249999999,0.2146108125,0.362695125
0.9375,0.1875,0.4375,0.8520274999999999,0.2161485,0.41783675000000003
0.9375,0.1875,0.5,0.850211875,0.2176861875,0.472978375
0.9375,0.1875,0.5625,0.84839625,0.21922387499999998,0.5281199999999999
0.9375,0.1875,0.625,0.846580625,0.2207615625,0.5832616249999999
0.9375,0.1875,0.6875,0.844765,0.22229925,0.63840325
0.9375,0.1875,0.75,0.842949375,0.2238369375,0.693544875
0.9375,0.1875,0.8125,0.84113375,0.225374625,0.7486864999999999
0.9375,0.1875,0.875,0.8393181249999999,0.2269123125,0.803828125
0.9375,0.1875,0.9375,0.8375024999999999,0.22845,0.85896975
0.9375,0.1875,1.0,0.8356868749999999,0.22998768749999998,0.914111375
0.9375,0.25,0.0,0.8730699999999999,0.2644721875,0.0383895625
0.9375,0.25,0.0625,0.8712543749999999,0.266009875,0.0935311875
0.9375,0.25,0.125,0.8694387499999999,0.2675475625,0.1486728125
0.9375,0.25,0.1875,0.8676231249999999,0.26908525,0.2038144375
0.9375,0.25,0.25,0.8658075,0.2706229375,0.25895606250000003
0.9375,0.25,0.3125,0.8639918749999999,0.272160625,0.3140976875
0.9375,0.25,0.375,0.8621762499999999,0.2736983125,0.36923931249999997
0.9375,0.25,0.4375,0.8603606249999999,0.27523600000000004,0.42438093750000005
0.9375,0.25,0.5,0.8585449999999999,0.27677368750000003,0.4795225625
0.9375,0.25,0.5625,0.8567293749999999,0.278311375,0.5346641875
0.9375,0.25,0.625,0.8549137499999999,0.2798490625,0.5898058125
0.9375,0.25,0.6875,0.8530981249999999,0.28138675,0.6449474375
0.9375,0.25,0.75,0.8512824999999999,0.2829244375,0.7000890625
0.9375,0.25,0.8125,0.849466875,0.284462125,0.7552306875
0.9375,0.25,0.875,0.8476512499999999,0.2859998125,0.8103723125000001
0.9375,0.25,0.9375,0.8458356249999999,0.2875375,0.8655139375
0.9375,0.25,1.0,0.8440199999999999,0.2890751875,0.9206555625
0.9375,0.3125,0.0,0.881403125,0.3235596875,0.044933749999999995
0.9375,0.3125,0.0625,0.8795875,0.325097375,0.100075375
0.9375,0.3125,0.125,0.877771875,0.3266350625,0.155217
0.9375,0.3125,0.1875,0.87595625,0.32817275,0.210358625
0.9375,0.3125,0.25,0.874140625,0.3297104375,0.26550025
0.9375,0.3125,0.3125,0.8723249999999999,0.331248125,0.32064187499999997
0.9375,0.3125,0.375,0.8705093749999999,0.3327858125,0.3757835
0.9375,0.3125,0.4375,0.8686937499999999,0.33432350000000005,0.430925125
0.9375,0.3125,0.5,0.8668781249999999,0.33586118750000005,0.48606675
0.9375,0.3125,0.5625,0.8650625,0.33739887500000004,0.541208375
0.9375,0.3125,0.625,0.863246875,0.33893656250000004,0.5963499999999999
0.9375,0.3125,0.6875,0.86143125,0.34047425000000003,0.651491625
0.9375,0.3125,0.75,0.859615625,0.34201193750000003,0.70663325
0.9375,0.3125,0.8125,0.8578,0.343549625,0.761774875
0.9375,0.3125,0.875,0.8559843749999999,0.3450873125,0.8169165
0.9375,0.3125,0.9375,0.8541687499999999,0.346625,0.872058125
0.9375,0.3125,1.0,0.8523531249999999,0.3481626875,0.92719975
0.9375,0.375,0.0,0.8897362499999999,0.3826471875,0.0514779375
0.9375,0.375,0.0625,0.8879206249999999,0.384184875,0.1066195625
0.9375,0.375,0.125,0.8861049999999999,0.3857225625,0.16176118750000001
0.9375,0.375,0.1875,0.8842893749999999,0.38726025,0.2169028125
0.9375,0.375,0.25,0.88247375,0.38879793749999997,0.2720444375
0.9375,0.375,0.3125,0.8806581249999998,0.39033562499999996,0.3271860625
0.9375,0.375,0.375,0.8788424999999999,0.39187331249999996,0.3823276875
0.9375,0.375,0.4375,0.8770268749999999,0.393411,0.43746931250000004
0.9375,0.375,0.5,0.8752112499999999,0.3949486875,0.4926109375
0.9375,0.375,0.5625,0.8733956249999999,0.396486375,0.5477525624999999
0.9375,0.375,0.625,0.8715799999999999,0.3980240625,0.6028941874999999
0.9375,0.375,0.6875,0.8697643749999999,0.39956175,0.6580358125
0.9375,0.375,0.75,0.8679487499999999,0.4010994375,0.7131774375
0.9375,0.375,0.8125,0.866133125,0.402637125,0.7683190624999999
0.9375,0.375,0.875,0.8643174999999998,0.4041748125,0.8234606875
0.9375,0.375,0.9375,0.8625018749999999,0.4057125,0.8786023125
0.9375,0.375,1.0,0.8606862499999999,0.40725018749999997,0.9337439375
0.9375,0.4375,0.0,0.898069375,0.4417346875,0.058022124999999994
0.9375,0.4375,0.0625,0.89625375,0.443272375,0.11316375
0.9375,0.4375,0.125,0.894438125,0.4448100625,0.16830537499999998
0.9375,0.4375,0.1875,0.8926225,0.44634775,0.223447
0.9375,0.4375,0.25,0.890806875,0.4478854375,0.278588625
0.9375,0.4375,0.3125,0.8889912499999999,0.449423125,0.33373024999999995
0.9375,0.4375,0.375,0.8871756249999999,0.4509608125,0.388871875
0.9375,0.4375,0.4375,0.8853599999999999,0.4524985,0.4440135
0.9375,0.4375,0.5,0.8835443749999999,0.4540361875,0.499155125
0.9375,0.4375,0.5625,0.88172875,0.455573875,0.55429675
0.9375,0.4375,0.625,0.879913125,0.4571115625,0.609438375
0.9375,0.4375,0.6875,0.8780975,0.45864925,0.6645800000000001
0.9375,0.4375,0.75,0.876281875,0.4601869375,0.719721625
0.9375,0.4375,0.8125,0.87446625,0.461724625,0.77486325
0.9375,0.4375,0.875,0.8726506249999999,0.4632623125,0.8300048750000001
0.9375,0.4375,0.9375,0.8708349999999999,0.4648,0.8851465000000001
0.9375,0.4375,1.0,0.8690193749999999,0.4663376875,0.940288125
0.9375,0.5,0.0,0.9064024999999999,0.5008221875,0.0645663125
0.9375,0.5,0.0625,0.9045868749999999,0.502359875,0.1197079375
0.9375,0.5,0.125,0.9027712499999999,0.5038975625,0.1748495625
0.9375,0.5,0.1875,0.9009556249999999,0.50543525,0.2299911875
0.9375,0.5,0.25,0.8991399999999999,0.5069729374999999,0.2851328125
0.9375,0.5,0.3125,0.8973243749999998,0.508510625,0.34027443749999997
0.9375,0.5,0.375,0.8955087499999999,0.5100483124999999,0.3954160625
0.9375,0.5,0.4375,0.8936931249999999,0.511586,0.4505576875
0.9375,0.5,0.5,0.8918774999999999,0.5131236874999999,0.5056993125
0.9375,0.5,0.5625,0.8900618749999999,0.514661375,0.5608409375
0.9375,0.5,0.625,0.8882462499999999,0.5161990624999999,0.6159825624999999
0.9375,0.5,0.6875,0.8864306249999999,0.51773675,0.6711241875
0.9375,0.5,0.75,0.8846149999999999,0.5192744374999999,0.7262658125
0.9375,0.5,0.8125,0.8827993749999999,0.520812125,0.7814074375
0.9375,0.5,0.875,0.8809837499999998,0.5223498125,0.8365490625
0.9375,0.5,0.9375,0.8791681249999999,0.5238875,0.8916906875
0.9375,0.5,1.0,0.8773524999999999,0.5254251875,0.9468323125
0.9375,0.5625,0.0,0.9147356249999999,0.5599096874999999,0.0711105
0.9375,0.5625,0.0625,0.91292,0.561447375,0.126252125
0.9375,0.5625,0.125,0.911104375,0.5629850624999999,0.18139375
0.9375,0.5625,0.1875,0.90928875,0.56452275,0.236535375
0.9375,0.5625,0.25,0.907473125,0.5660604374999999,0.29167699999999996
0.9375,0.5625,0.3125,0.9056574999999999,0.567598125,0.34681862499999994
0.9375,0.5625,0.375,0.9038418749999999,0.5691358124999999,0.40196025
0.9375,0.5625,0.4375,0.9020262499999999,0.5706735,0.457101875
0.9375,0.5625,0.5,0.9002106249999999,0.5722111874999999,0.5122435
0.9375,0.5625,0.5625,0.8983949999999999,0.5737488749999999,0.5673851249999999
0.9375,0.5625,0.625,0.896579375,0.5752865624999999,0.6225267499999999
0.9375,0.5625,0.6875,0.89476375,0.5768242499999999,0.677668375
0.9375,0.5625,0.75,0.892948125,0.5783619374999999,0.73281
0.9375,0.5625,0.8125,0.8911325,0.5798996249999999,0.7879516249999999
0.9375,0.5625,0.875,0.8893168749999999,0.5814373125,0.84309325
0.9375,0.5625,0.9375,0.8875012499999999,0.5829749999999999,0.898234875
0.9375,0.5625,1.0,0.8856856249999999,0.5845126875,0.9533765
0.9375,0.625,0.0,0.9230687499999999,0.6189971875,0.0776546875
0.9375,0.625,0.0625,0.9212531249999999,0.620534875,0.1327963125
0.9375,0.625,0.125,0.9194374999999999,0.6220725625,0.18793793749999999
0.9375,0.625,0.1875,0.9176218749999999,0.62361025,0.2430795625
0.9375,0.625,0.25,0.9158062499999999,0.6251479375,0.2982211875
0.9375,0.625,0.3125,0.9139906249999998,0.626685625,0.35336281249999996
0.9375,0.625,0.375,0.9121749999999998,0.6282233125,0.4085044375
0.9375,0.625,0.4375,0.9103593749999999,0.629761,0.4636460625
0.9375,0.625,0.5,0.9085437499999999,0.6312986875,0.5187876875
0.9375,0.625,0.5625,0.9067281249999999,0.632836375,0.5739293125
0.9375,0.625,0.625,0.9049124999999999,0.6343740625,0.6290709375
0.9375,0.625,0.6875,0.9030968749999999,0.63591175,0.6842125625000001
0.9375,0.625,0.75,0.9012812499999999,0.6374494374999999,0.7393541875
0.9375,0.625,0.8125,0.8994656249999999,0.638987125,0.7944958125
0.9375,0.625,0.875,0.8976499999999998,0.6405248125,0.8496374375000001
0.9375,0.625,0.9375,0.8958343749999998,0.6420625,0.9047790625000001
0.9375,0.625,1.0,0.8940187499999999,0.6436001875,0.9599206875
0.9375,0.6875,0.0,0.9314018749999999,0.6780846875,0.084198875
0.9375,0.6875,0.0625,0.92958625,0.679622375,0.1393405
0.9375,0.6875,0.125,0.927770625,0.6811600624999999,0.194482125
0.9375,0.6875,0.1875,0.925955,0.68269775,0.24962375
0.9375,0.6875,0.25,0.924139375,0.6842354374999999,0.304765375
0.9375,0.6875,0.3125,0.9223237499999999,0.685773125,0.359907
0.9375,0.6875,0.375,0.9205081249999999,0.6873108124999999,0.415048625
0.9375,0.6875,0.4375,0.9186924999999999,0.6888485,0.47019025000000003
0.9375,0.6875,0.5,0.9168768749999999,0.6903861874999999,0.525331875
0.9375,0.6875,0.5625,0.9150612499999999,0.691923875,0.5804735
0.9375,0.6875,0.625,0.913245625,0.6934615624999999,0.635615125
0.9375,0.6875,0.6875,0.91143,0.69499925,0.69075675
0.9375,0.6875,0.75,0.909614375,0.6965369374999999,0.745898375
0.9375,0.6875,0.8125,0.90779875,0.698074625,0.80104
0.9375,0.6875,0.875,0.9059831249999999,0.6996123125,0.8561816250000001
0.9375,0.6875,0.9375,0.9041674999999999,0.7011499999999999,0.91132325
0.9375,0.6875,1.0,0.9023518749999999,0.7026876875,0.966464875
0.9375,0.75,0.0,0.9397349999999999,0.7371721874999999,0.0907430625
0.9375,0.75,0.0625,0.9379193749999999,0.738709875,0.1458846875
0.9375,0.75,0.125,0.9361037499999999,0.7402475624999999,0.2010263125
0.9375,0.75,0.1875,0.9342881249999999,0.74178525,0.2561679375
0.9375,0.75,0.25,0.9324724999999999,0.7433229374999999,0.31130956249999997
0.9375,0.75,0.3125,0.9306568749999998,0.7448606249999999,0.36645118749999994
0.9375,0.75,0.375,0.9288412499999998,0.7463983124999999,0.4215928125
0.9375,0.75,0.4375,0.9270256249999999,0.7479359999999999,0.4767344375
0.9375,0.75,0.5,0.9252099999999999,0.7494736874999999,0.5318760625
0.9375,0.75,0.5625,0.9233943749999999,0.7510113749999999,0.5870176874999999
0.9375,0.75,0.625,0.9215787499999999,0.7525490624999999,0.6421593124999999
0.9375,0.75,0.6875,0.9197631249999999,0.7540867499999999,0.6973009375
0.9375,0.75,0.75,0.9179474999999999,0.7556244374999999,0.7524425625
0.9375,0.75,0.8125,0.9161318749999999,0.7571621249999999,0.8075841874999999
0.9375,0.75,0.875,0.9143162499999998,0.7586998125,0.8627258125
0.9375,0.75,0.9375,0.9125006249999998,0.7602374999999999,0.9178674375
0.9375,0.75,1.0,0.9106849999999999,0.7617751875,0.9730090625
0.9375,0.8125,0.0,0.9480681249999999,0.7962596875,0.09728724999999999
0.9375,0.8125,0.0625,0.9462524999999999,0.797797375,0.152428875
0.9375,0.8125,0.125,0.944436875,0.7993350625,0.2075705
0.9375,0.8125,0.1875,0.94262125,0.80087275,0.26271212499999996
0.9375,0.8125,0.25,0.940805625,0.8024104375,0.31785375
0.9375,0.8125,0.3125,0.9389899999999999,0.803948125,0.37299537499999996
0.9375,0.8125,0.375,0.9371743749999999,0.8054858125,0.428137
0.9375,0.8125,0.4375,0.9353587499999999,0.8070235,0.483278625
0.9375,0.8125,0.5,0.9335431249999999,0.8085611875,0.5384202499999999
0.9375,0.8125,0.5625,0.9317274999999999,0.810098875,0.593561875
0.9375,0.8125,0.625,0.9299118749999999,0.8116365624999999,0.6487034999999999
0.9375,0.8125,0.6875,0.92809625,0.81317425,0.703845125
0.9375,0.8125,0.75,0.926280625,0.8147119374999999,0.75898675
0.9375,0.8125,0.8125,0.924465,0.816249625,0.8141283749999999
0.9375,0.8125,0.875,0.9226493749999999,0.8177873125,0.86927
0.9375,0.8125,0.9375,0.9208337499999999,0.819325,0.9244116250000001
0.9375,0.8125,1.0,0.9190181249999999,0.8208626875,0.9795532499999999
0.9375,0.875,0.0,0.9564012499999999,0.8553471874999999,0.1038314375
0.9375,0.875,0.0625,0.9545856249999999,0.856884875,0.15897306249999998
0.9375,0.875,0.125,0.9527699999999999,0.8584225624999999,0.2141146875
0.9375,0.875,0.1875,0.9509543749999999,0.85996025,0.2692563125
0.9375,0.875,0.25,0.9491387499999999,0.8614979374999999,0.3243979375
0.9375,0.875,0.3125,0.9473231249999998,0.863035625,0.3795395625
0.9375,0.875,0.375,0.9455074999999998,0.8645733124999999,0.4346811875
0.9375,0.875,0.4375,0.9436918749999998,0.866111,0.48982281250000004
0.9375,0.875,0.5,0.9418762499999999,0.8676486874999999,0.5449644375
0.9375,0.875,0.5625,0.9400606249999999,0.869186375,0.6001060625
0.9375,0.875,0.625,0.9382449999999999,0.8707240624999999,0.6552476875
0.9375,0.875,0.6875,0.9364293749999999,0.87226175,0.7103893125
0.9375,0.875,0.75,0.9346137499999999,0.8737994374999999,0.7655309375
0.9375,0.875,0.8125,0.9327981249999999,0.8753371249999999,0.8206725625
0.9375,0.875,0.875,0.9309824999999998,0.8768748125,0.8758141875000001
0.9375,0.875,0.9375,0.9291668749999998,0.8784124999999999,0.9309558125
0.9375,0.875,1.0,0.9273512499999998,0.8799501875,0.9860974375
0.9375,0.9375,0.0,0.9647343749999999,0.9144346875,0.110375625
0.9375,0.9375,0.0625,0.9629187499999999,0.9159723750000001,0.16551725
0.9375,0.9375,0.125,0.961103125,0.9175100625,0.220658875
0.9375,0.9375,0.1875,0.9592875,0.91904775,0.2758005
0.9375,0.9375,0.25,0.957471875,0.9205854375,0.330942125
0.9375,0.9375,0.3125,0.9556562499999999,0.922123125,0.38608374999999995
0.9375,0.9375,0.375,0.9538406249999999,0.9236608125,0.44122537500000003
0.9375,0.9375,0.4375,0.9520249999999999,0.9251985,0.496367
0.9375,0.9375,0.5,0.9502093749999999,0.9267361875,0.551508625
0.9375,0.9375,0.5625,0.9483937499999999,0.928273875,0.60665025
0.9375,0.9375,0.625,0.9465781249999999,0.9298115625,0.6617918749999999
0.9375,0.9375,0.6875,0.9447625,0.93134925,0.7169335
0.9375,0.9375,0.75,0.942946875,0.9328869375,0.772075125
0.9375,0.9375,0.8125,0.94113125,0.934424625,0.82721675
0.9375,0.9375,0.875,0.9393156249999999,0.9359623125000001,0.882358375
0.9375,0.9375,0.9375,0.9374999999999999,0.9375,0.9375
0.9375,0.9375,1.0,0.9356843749999999,0.9390376875,0.992641625
0.9375,1.0,0.0,0.9730675,0.9735221875,0.1169198125
0.9375,1.0,0.0625,0.971251875,0.975059875,0.1720614375
0.9375,1.0,0.125,0.96943625,0.9765975625,0.2272030625
0.9375,1.0,0.1875,0.967620625,0.97813525,0.28234468749999997
0.9375,1.0,0.25,0.965805,0.9796729375,0.3374863125
0.9375,1.0,0.3125,0.9639893749999999,0.981210625,0.39262793749999997
0.9375,1.0,0.375,0.9621737499999999,0.9827483124999999,0.4477695625
0.9375,1.0,0.4375,0.960358125,0.984286,0.5029111875000001
0.9375,1.0,0.5,0.9585425,0.9858236874999999,0.5580528124999999
0.9375,1.0,0.5625,0.956726875,0.987361375,0.6131944375
0.9375,1.0,0.625,0.95491125,0.9888990624999999,0.6683360624999999
0.9375,1.0,0.6875,0.953095625,0.99043675,0.7234776875
0.9375,1.0,0.75,0.95128,0.9919744374999999,0.7786193125
0.9375,1.0,0.8125,0.949464375,0.993512125,0.8337609374999999
0.9375,1.0,0.875,0.9476487499999999,0.9950498125,0.8889025625
0.9375,1.0,0.9375,0.9458331249999999,0.9965875,0.9440441875000001
0.9375,1.0,1.0,0.9440175,0.9981251875,0.9991858124999999
1.0,0.0,0.0,0.89572,0.029997,0.013027
1.0,0.0,0.0625,0.893904375,0.0315346875,0.068168625
1.0,0.0,0.125,0.89208875,0.033072375,0.12331025
1.0,0.0,0.1875,0.890273125,0.0346100625,0.178451875
1.0,0.0,0.25,0.8884575,0.03614775,0.2335935
1.0,0.0,0.3125,0.8866418749999999,0.0376854375,0.288735125
1.0,0.0,0.375,0.8848262499999999,0.039223125,0.34387675
1.0,0.0,0.4375,0.8830106249999999,0.0407608125,0.39901837500000004
1.0,0.0,0.5,0.881195,0.0422985,0.45416
1.0,0.0,0.5625,0.879379375,0.0438361875,0.509301625
1.0,0.0,0.625,0.87756375,0.045373875,0.56444325
1.0,0.0,0.6875,0.875748125,0.046911562500000004,0.619584875
1.0,0.0,0.75,0.8739325,0.04844925,0.6747265
1.0,0.0,0.8125,0.872116875,0.049986937499999995,0.729868125
1.0,0.0,0.875,0.8703012499999999,0.051524625000000004,0.7850097500000001
1.0,0.0,0.9375,0.8684856249999999,0.0530623125,0.840151375
1.0,0.0,1.0,0.8666699999999999,0.054599999999999996,0.895293
1.0,0.0625,0.0,0.904053125,0.0890845,0.0195711875
1.0,0.0625,0.0625,0.9022375,0.09062218749999999,0.0747128125
1.0,0.0625,0.125,0.900421875,0.092159875,0.1298544375
1.0,0.0625,0.1875,0.89860625,0.0936975625,0.1849960625
1.0,0.0625,0.25,0.8967906250000001,0.09523525,0.2401376875
1.0,0.0625,0.3125,0.894975,0.0967729375,0.29527931249999995
1.0,0.0625,0.375,0.893159375,0.098310625,0.3504209375
1.0,0.0625,0.4375,0.89134375,0.0998483125,0.4055625625
1.0,0.0625,0.5,0.889528125,0.101386,0.4607041875
1.0,0.0625,0.5625,0.8877125,0.1029236875,0.5158458125
1.0,0.0625,0.625,0.885896875,0.104461375,0.5709874374999999
1.0,0.0625,0.6875,0.88408125,0.10599906249999999,0.6261290625
1.0,0.0625,0.75,0.882265625,0.10753675,0.6812706875
1.0,0.0625,0.8125,0.8804500000000001,0.1090744375,0.7364123124999999
1.0,0.0625,0.875,0.878634375,0.110612125,0.7915539375
1.0,0.0625,0.9375,0.87681875,0.1121498125,0.8466955625
1.0,0.0625,1.0,0.875003125,0.1136875,0.9018371875
1.0,0.125,0.0,0.91238625,0.148172,0.026115375
1.0,0.125,0.0625,0.910570625,0.1497096875,0.081257
1.0,0.125,0.125,0.908755,0.151247375,0.136398625
1.0,0.125,0.1875,0.906939375,0.15278506249999999,0.19154025
1.0,0.125,0.25,0.90512375,0.15432275,0.246681875
1.0,0.125,0.3125,0.9033081249999999,0.1558604375,0.30182349999999997
1.0,0.125,0.375,0.9014924999999999,0.157398125,0.356965125
1.0,0.125,0.4375,0.8996768749999999,0.1589358125,0.41210675
1.0,0.125,0.5,0.8978612499999999,0.1604735,0.467248375
1.0,0.125,0.5625,0.896045625,0.1620111875,0.52239
1.0,0.125,0.625,0.89423,0.163548875,0.577531625
1.0,0.125,0.6875,0.892414375,0.1650865625,0.6326732500000001
1.0,0.125,0.75,0.89059875,0.16662425,0.687814875
1.0,0.125,0.8125,0.888783125,0.1681619375,0.7429565
1.0,0.125,0.875,0.8869674999999999,0.169699625,0.7980981250000001
1.0,0.125,0.9375,0.8851518749999999,0.1712373125,0.8532397500000001
1.0,0.125,1.0,0.8833362499999999,0.172775,0.908381375
1.0,0.1875,0.0,0.920719375,0.20725949999999999,0.0326595625
1.0,0.1875,0.0625,0.91890375,0.20879718749999998,0.0878011875
1.0,0.1875,0.125,0.917088125,0.21033487499999998,0.14294281250000002
1.0,0.1875,0.1875,0.9152725,0.21187256249999997,0.1980844375
1.0,0.1875,0.25,0.9134568750000001,0.21341025,0.2532260625
1.0,0.1875,0.3125,0.91164125,0.2149479375,0.3083676875
1.0,0.1875,0.375,0.909825625,0.216485625,0.3635093125
1.0,0.1875,0.4375,0.90801,0.21802331249999998,0.41865093750000004
1.0,0.1875,0.5,0.906194375,0.21956099999999998,0.4737925625
1.0,0.1875,0.5625,0.90437875,0.22109868749999997,0.5289341875
1.0,0.1875,0.625,0.902563125,0.222636375,0.5840758125
1.0,0.1875,0.6875,0.9007475,0.2241740625,0.6392174375
1.0,0.1875,0.75,0.898931875,0.22571175,0.6943590625
1.0,0.1875,0.8125,0.8971162500000001,0.22724943749999998,0.7495006875
1.0,0.1875,0.875,0.895300625,0.22878712499999998,0.8046423125000001
1.0,0.1875,0.9375,0.893485,0.23032481249999998,0.8597839375
1.0,0.1875,1.0,0.891669375,0.23186249999999997,0.9149255625
1.0,0.25,0.0,0.9290525,0.266347,0.039203749999999996
1.0,0.25,0.0625,0.927236875,0.2678846875,0.094345375
1.0,0.25,0.125,0.92542125,0.269422375,0.14948699999999998
1.0,0.25,0.1875,0.923605625,0.2709600625,0.204628625
1.0,0.25,0.25,0.92179,0.27249775,0.25977025
1.0,0.25,0.3125,0.9199743749999999,0.2740354375,0.31491187499999995
1.0,0.25,0.375,0.9181587499999999,0.275573125,0.3700535
1.0,0.25,0.4375,0.9163431249999999,0.2771108125,0.425195125
1.0,0.25,0.5,0.9145274999999999,0.2786485,0.48033675
1.0,0.25,0.5625,0.912711875,0.2801861875,0.535478375
1.0,0.25,0.625,0.91089625,0.281723875,0.5906199999999999
1.0,0.25,0.6875,0.909080625,0.2832615625,0.645761625
1.0,0.25,0.75,0.907265,0.28479925,0.70090325
1.0,0.25,0.8125,0.905449375,0.2863369375,0.756044875
1.0,0.25,0.875,0.9036337499999999,0.287874625,0.8111865
1.0,0.25,0.9375,0.9018181249999999,0.2894123125,0.866328125
1.0,0.25,1.0,0.9000024999999999,0.29095,0.92146975
1.0,0.3125,0.0,0.937385625,0.3254345,0.0457479375
1.0,0.3125,0.0625,0.93557,0.3269721875,0.1008895625
1.0,0.3125,0.125,0.933754375,0.328509875,0.1560311875
1.0,0.3125,0.1875,0.93193875,0.3300475625,0.2111728125
1.0,0.3125,0.25,0.930123125,0.33158525,0.2663144375
1.0,0.3125,0.3125,0.9283075,0.3331229375,0.3214560625
1.0,0.3125,0.375,0.926491875,0.334660625,0.3765976875
1.0,0.3125,0.4375,0.92467625,0.33619831250000004,0.4317393125
1.0,0.3125,0.5,0.922860625,0.33773600000000004,0.4868809375
1.0,0.3125,0.5625,0.921045,0.33927368750000003,0.5420225624999999
1.0,0.3125,0.625,0.919229375,0.340811375,0.5971641875
1.0,0.3125,0.6875,0.91741375,0.3423490625,0.6523058125000001
1.0,0.3125,0.75,0.915598125,0.34388675,0.7074474374999999
1.0,0.3125,0.8125,0.9137825,0.3454244375,0.7625890625
1.0,0.3125,0.875,0.911966875,0.346962125,0.8177306875000001
1.0,0.3125,0.9375,0.91015125,0.3484998125,0.8728723125
1.0,0.3125,1.0,0.908335625,0.3500375,0.9280139375
1.0,0.375,0.0,0.9457187499999999,0.384522,0.052292124999999995
1.0,0.375,0.0625,0.943903125,0.38605968749999997,0.10743375
1.0,0.375,0.125,0.9420875,0.38759737499999997,0.162575375
1.0,0.375,0.1875,0.940271875,0.38913506249999996,0.217717
1.0,0.375,0.25,0.93845625,0.39067274999999996,0.272858625
1.0,0.375,0.3125,0.9366406249999999,0.39221043749999995,0.32800025
1.0,0.375,0.375,0.9348249999999999,0.39374812499999995,0.38314187499999997
1.0,0.375,0.4375,0.9330093749999999,0.3952858125,0.43828350000000005
1.0,0.375,0.5,0.9311937499999999,0.3968235,0.493425125
1.0,0.375,0.5625,0.9293781249999999,0.3983611875,0.54856675
1.0,0.375,0.625,0.9275625,0.399898875,0.603708375
1.0,0.375,0.6875,0.925746875,0.4014365625,0.65885
1.0,0.375,0.75,0.92393125,0.40297425,0.713991625
1.0,0.375,0.8125,0.922115625,0.4045119375,0.76913325
1.0,0.375,0.875,0.9202999999999999,0.40604962499999997,0.8242748750000001
1.0,0.375,0.9375,0.9184843749999999,0.40758731249999997,0.8794165
1.0,0.375,1.0,0.9166687499999999,0.40912499999999996,0.934558125
1.0,0.4375,0.0,0.954051875,0.4436095,0.0588363125
1.0,0.4375,0.0625,0.95223625,0.4451471875,0.1139779375
1.0,0.4375,0.125,0.950420625,0.446684875,0.1691195625
1.0,0.4375,0.1875,0.948605,0.4482225625,0.22426118750000001
1.0,0.4375,0.25,0.946789375,0.44976025,0.2794028125
1.0,0.4375,0.3125,0.94497375,0.45129793749999997,0.33454443749999996
1.0,0.4375,0.375,0.943158125,0.45283562499999996,0.3896860625
1.0,0.4375,0.4375,0.9413425,0.4543733125,0.4448276875
1.0,0.4375,0.5,0.939526875,0.455911,0.4999693125
1.0,0.4375,0.5625,0.93771125,0.4574486875,0.5551109375
1.0,0.4375,0.625,0.935895625,0.458986375,0.6102525624999999
1.0,0.4375,0.6875,0.93408,0.4605240625,0.6653941875
1.0,0.4375,0.75,0.932264375,0.46206175,0.7205358125
1.0,0.4375,0.8125,0.93044875,0.4635994375,0.7756774375
1.0,0.4375,0.875,0.928633125,0.465137125,0.8308190625
1.0,0.4375,0.9375,0.9268175,0.4666748125,0.8859606875
1.0,0.4375,1.0,0.925001875,0.4682125,0.9411023125
1.0,0.5,0.0,0.9623849999999999,0.5026970000000001,0.0653805
1.0,0.5,0.0625,0.960569375,0.5042346875000001,0.120522125
1.0,0.5,0.125,0.95875375,0.505772375,0.17566375
1.0,0.5,0.1875,0.956938125,0.5073100625000001,0.23080537499999998
1.0,0.5,0.25,0.9551225,0.50884775,0.285947
1.0,0.5,0.3125,0.9533068749999999,0.5103854375000001,0.341088625
1.0,0.5,0.375,0.9514912499999999,0.511923125,0.39623025
1.0,0.5,0.4375,0.9496756249999999,0.5134608125000001,0.45137187500000003
1.0,0.5,0.5,0.9478599999999999,0.5149985,0.5065135
1.0,0.5,0.5625,0.9460443749999999,0.5165361875000001,0.5616551249999999
1.0,0.5,0.625,0.94422875,0.518073875,0.6167967499999999
1.0,0.5,0.6875,0.942413125,0.5196115625000001,0.671938375
1.0,0.5,0.75,0.9405975,0.52114925,0.72708
1.0,0.5,0.8125,0.938781875,0.5226869375000001,0.7822216249999999
1.0,0.5,0.875,0.9369662499999999,0.5242246250000001,0.83736325
1.0,0.5,0.9375,0.9351506249999999,0.5257623125,0.892504875
1.0,0.5,1.0,0.9333349999999999,0.5273000000000001,0.9476465
1.0,0.5625,0.0,0.970718125,0.5617845,0.0719246875
1.0,0.5625,0.0625,0.9689025,0.5633221875000001,0.1270663125
1.0,0.5625,0.125,0.967086875,0.564859875,0.1822079375
1.0,0.5625,0.1875,0.96527125,0.5663975625000001,0.2373495625
1.0,0.5625,0.25,0.963455625,0.56793525,0.2924911875
1.0,0.5625,0.3125,0.9616399999999999,0.5694729375,0.3476328125
1.0,0.5625,0.375,0.959824375,0.571010625,0.40277443749999997
1.0,0.5625,0.4375,0.95800875,0.5725483125,0.45791606250000005
1.0,0.5625,0.5,0.956193125,0.574086,0.5130576875
1.0,0.5625,0.5625,0.9543775,0.5756236875,0.5681993125
1.0,0.5625,0.625,0.952561875,0.577161375,0.6233409375
1.0,0.5625,0.6875,0.95074625,0.5786990625,0.6784825625
1.0,0.5625,0.75,0.948930625,0.58023675,0.7336241875
1.0,0.5625,0.8125,0.947115,0.5817744375,0.7887658125
1.0,0.5625,0.875,0.9452993749999999,0.5833121250000001,0.8439074375000001
1.0,0.5625,0.9375,0.94348375,0.5848498125,0.8990490625
1.0,0.5625,1.0,0.941668125,0.5863875000000001,0.9541906875
1.0,0.625,0.0,0.9790512499999999,0.6208720000000001,0.078468875
1.0,0.625,0.0625,0.9772356249999999,0.6224096875000001,0.1336105
1.0,0.625,0.125,0.97542,0.6239473750000001,0.188752125
1.0,0.625,0.1875,0.973604375,0.6254850625000001,0.24389375
1.0,0.625,0.25,0.97178875,0.6270227500000001,0.299035375
1.0,0.625,0.3125,0.9699731249999999,0.6285604375000001,0.35417699999999996
1.0,0.625,0.375,0.9681574999999999,0.6300981250000001,0.409318625
1.0,0.625,0.4375,0.9663418749999999,0.6316358125000001,0.46446025
1.0,0.625,0.5,0.9645262499999999,0.6331735000000001,0.519601875
1.0,0.625,0.5625,0.9627106249999999,0.6347111875000001,0.5747435
1.0,0.625,0.625,0.9608949999999999,0.636248875,0.6298851249999999
1.0,0.625,0.6875,0.959079375,0.6377865625000001,0.68502675
1.0,0.625,0.75,0.95726375,0.63932425,0.740168375
1.0,0.625,0.8125,0.955448125,0.6408619375000001,0.79531
1.0,0.625,0.875,0.9536324999999999,0.6423996250000001,0.850451625
1.0,0.625,0.9375,0.9518168749999999,0.6439373125000001,0.90559325
1.0,0.625,1.0,0.9500012499999999,0.6454750000000001,0.960734875
1.0,0.6875,0.0,0.987384375,0.6799595,0.0850130625
1.0,0.6875,0.0625,0.98556875,0.6814971875000001,0.14015468749999999
1.0,0.6875,0.125,0.983753125,0.683034875,0.1952963125
1.0,0.6875,0.1875,0.9819375,0.6845725625000001,0.2504379375
1.0,0.6875,0.25,0.980121875,0.68611025,0.3055795625
1.0,0.6875,0.3125,0.9783062499999999,0.6876479375000001,0.3607211875
1.0,0.6875,0.375,0.976490625,0.689185625,0.4158628125
1.0,0.6875,0.4375,0.974675,0.6907233125000001,0.47100443750000004
1.0,0.6875,0.5,0.972859375,0.692261,0.5261460625
1.0,0.6875,0.5625,0.97104375,0.6937986875000001,0.5812876874999999
1.0,0.6875,0.625,0.969228125,0.695336375,0.6364293124999999
1.0,0.6875,0.6875,0.9674125,0.6968740625000001,0.6915709375
1.0,0.6875,0.75,0.965596875,0.69841175,0.7467125625
1.0,0.6875,0.8125,0.96378125,0.6999494375,0.8018541874999999
1.0,0.6875,0.875,0.9619656249999999,0.7014871250000001,0.8569958125
1.0,0.6875,0.9375,0.96015,0.7030248125,0.9121374375
1.0,0.6875,1.0,0.958334375,0.7045625000000001,0.9672790625
1.0,0.75,0.0,0.9957174999999999,0.739047,0.09155724999999999
1.0,0.75,0.0625,0.9939018749999999,0.7405846875000001,0.146698875
1.0,0.75,0.125,0.99208625,0.742122375,0.20184049999999998
1.0,0.75,0.1875,0.990270625,0.7436600625,0.256982125
1.0,0.75,0.25,0.988455,0.74519775,0.31212375
1.0,0.75,0.3125,0.9866393749999999,0.7467354375,0.36726537499999995
1.0,0.75,0.375,0.9848237499999999,0.748273125,0.422407
1.0,0.75,0.4375,0.9830081249999999,0.7498108125,0.477548625
1.0,0.75,0.5,0.9811924999999999,0.7513485,0.53269025
1.0,0.75,0.5625,0.9793768749999999,0.7528861875,0.587831875
1.0,0.75,0.625,0.9775612499999999,0.754423875,0.6429735
1.0,0.75,0.6875,0.975745625,0.7559615625,0.6981151250000001
1.0,0.75,0.75,0.97393,0.75749925,0.75325675
1.0,0.75,0.8125,0.972114375,0.7590369375,0.808398375
1.0,0.75,0.875,0.9702987499999999,0.7605746250000001,0.8635400000000001
1.0,0.75,0.9375,0.9684831249999999,0.7621123125,0.9186816250000001
1.0,0.75,1.0,0.9666674999999999,0.76365,0.97382325
1.0,0.8125,0.0,1.0040506249999999,0.7981345000000001,0.09810143749999999
1.0,0.8125,0.0625,1.0022349999999998,0.7996721875000001,0.15324306249999997
1.0,0.8125,0.125,1.0004193749999999,0.8012098750000001,0.2083846875
1.0,0.8125,0.1875,0.9986037499999999,0.8027475625000001,0.26352631249999997
1.0,0.8125,0.25,0.9967881249999999,0.8042852500000001,0.3186679375
1.0,0.8125,0.3125,0.9949724999999998,0.8058229375000001,0.37380956249999997
1.0,0.8125,0.375,0.9931568749999998,0.807360625,0.4289511875
1.0,0.8125,0.4375,0.9913412499999998,0.8088983125000001,0.4840928125
1.0,0.8125,0.5,0.9895256249999999,0.810436,0.5392344375
1.0,0.8125,0.5625,0.9877099999999999,0.8119736875000001,0.5943760625
1.0,0.8125,0.625,0.9858943749999999,0.813511375,0.6495176874999999
1.0,0.8125,0.6875,0.9840787499999999,0.8150490625000001,0.7046593125
1.0,0.8125,0.75,0.9822631249999999,0.81658675,0.7598009375
1.0,0.8125,0.8125,0.9804474999999999,0.8181244375000001,0.8149425625
1.0,0.8125,0.875,0.9786318749999998,0.8196621250000001,0.8700841875
1.0,0.8125,0.9375,0.9768162499999998,0.8211998125000001,0.9252258125
1.0,0.8125,1.0,0.9750006249999998,0.8227375000000001,0.9803674375
1.0,0.875,0.0,1.01238375,0.857222,0.10464562499999999
1.0,0.875,0.0625,1.0105681249999998,0.8587596875000001,0.15978725
1.0,0.875,0.125,1.0087525,0.860297375,0.214928875
1.0,0.875,0.1875,1.0069368749999998,0.8618350625000001,0.2700705
1.0,0.875,0.25,1.00512125,0.86337275,0.32521212499999996
1.0,0.875,0.3125,1.0033056249999999,0.8649104375000001,0.38035374999999993
1.0,0.875,0.375,1.00149,0.866448125,0.435495375
1.0,0.875,0.4375,0.9996743749999999,0.8679858125000001,0.490637
1.0,0.875,0.5,0.9978587499999999,0.8695235,0.545778625
1.0,0.875,0.5625,0.9960431249999999,0.8710611875000001,0.6009202499999999
1.0,0.875,0.625,0.9942274999999999,0.872598875,0.6560618749999999
1.0,0.875,0.6875,0.9924118749999999,0.8741365625,0.7112035
1.0,0.875,0.75,0.99059625,0.87567425,0.766345125
1.0,0.875,0.8125,0.988780625,0.8772119375,0.8214867499999999
1.0,0.875,0.875,0.9869649999999999,0.8787496250000001,0.876628375
1.0,0.875,0.9375,0.9851493749999999,0.8802873125,0.93177
1.0,0.875,1.0,0.9833337499999999,0.8818250000000001,0.986911625
1.0,0.9375,0.0,1.020716875,0.9163095000000001,0.1111898125
1.0,0.9375,0.0625,1.0189012499999999,0.9178471875000002,0.1663314375
1.0,0.9375,0.125,1.017085625,0.9193848750000001,0.22147306249999998
1.0,0.9375,0.1875,1.01527,0.9209225625000002,0.2766146875
1.0,0.9375,0.25,1.013454375,0.9224602500000001,0.3317563125
1.0,0.9375,0.3125,1.01163875,0.9239979375000001,0.38689793749999996
1.0,0.9375,0.375,1.009823125,0.9255356250000001,0.4420395625
1.0,0.9375,0.4375,1.0080075,0.9270733125000001,0.4971811875
1.0,0.9375,0.5,1.006191875,0.9286110000000001,0.5523228125
1.0,0.9375,0.5625,1.00437625,0.9301486875000001,0.6074644375
1.0,0.9375,0.625,1.0025606249999999,0.9316863750000001,0.6626060625
1.0,0.9375,0.6875,1.000745,0.9332240625000001,0.7177476875000001
1.0,0.9375,0.75,0.998929375,0.9347617500000001,0.7728893125
1.0,0.9375,0.8125,0.99711375,0.9362994375000001,0.8280309375
1.0,0.9375,0.875,0.9952981249999999,0.9378371250000002,0.8831725625000001
1.0,0.9375,0.9375,0.9934824999999999,0.9393748125000001,0.9383141875000001
1.0,0.9375,1.0,0.991666875,0.9409125000000002,0.9934558125
1.0,1.0,0.0,1.02905,0.9753970000000001,0.11773399999999999
1.0,1.0,0.0625,1.027234375,0.9769346875000001,0.17287562499999998
1.0,1.0,0.125,1.02541875,0.9784723750000001,0.22801725
1.0,1.0,0.1875,1.023603125,0.9800100625000001,0.283158875
1.0,1.0,0.25,1.0217875,0.98154775,0.3383005
1.0,1.0,0.3125,1.019971875,0.9830854375000001,0.393442125
1.0,1.0,0.375,1.01815625,0.984623125,0.44858375
1.0,1.0,0.4375,1.016340625,0.9861608125000001,0.503725375
1.0,1.0,0.5,1.0145250000000001,0.9876985,0.558867
1.0,1.0,0.5625,1.012709375,0.9892361875000001,0.614008625
1.0,1.0,0.625,1.01089375,0.990773875,0.66915025
1.0,1.0,0.6875,1.009078125,0.9923115625000001,0.724291875
1.0,1.0,0.75,1.0072625,0.99384925,0.7794335
1.0,1.0,0.8125,1.005446875,0.9953869375000001,0.834575125
1.0,1.0,0.875,1.00363125,0.9969246250000001,0.8897167500000001
1.0,1.0,0.9375,1.001815625,0.9984623125000001,0.944858375
1.0,1.0,1.0,1.0,1.0,1.0
