R,G,B,R_out,G_out,B_out
0.0,0.0,0.0,0.0,0.0,0.0
0.0,0.0,0.0625,-0.002345375,0.00242775,0.04969725
0.0,0.0,0.125,-0.00469075,0.0048555,0.0993945
0.0,0.0,0.1875,-0.007036124999999999,0.00728325,0.14909175
0.0,0.0,0.25,-0.0093815,0.009711,0.198789
0.0,0.0,0.3125,-0.011726875,0.012138749999999998,0.24848625
0.0,0.0,0.375,-0.014072249999999998,0.0145665,0.2981835
0.0,0.0,0.4375,-0.016417624999999998,0.01699425,0.34788074999999996
0.0,0.0,0.5,-0.018763,0.019422,0.397578
0.0,0.0,0.5625,-0.021108375,0.021849749999999998,0.44727525
0.0,0.0,0.625,-0.02345375,0.024277499999999997,0.4969725
0.0,0.0,0.6875,-0.025799125,0.026705249999999996,0.54666975
0.0,0.0,0.75,-0.028144499999999996,0.029133,0.596367
0.0,0.0,0.8125,-0.030489874999999996,0.03156075,0.64606425
0.0,0.0,0.875,-0.032835249999999996,0.0339885,0.6957614999999999
0.0,0.0,0.9375,-0.035180625,0.03641625,0.74545875
0.0,0.0,1.0,-0.037526,0.038844,0.795156
0.0,0.0625,0.0,0.005593125,0.0591745,0.0121244375
0.0,0.0625,0.0625,0.00324775,0.06160225,0.0618216875
0.0,0.0625,0.125,0.0009023750000000004,0.06403,0.1115189375
0.0,0.0625,0.1875,-0.001442999999999999,0.06645775,0.1612161875
0.0,0.0625,0.25,-0.003788374999999999,0.0688855,0.2109134375
0.0,0.0625,0.3125,-0.0061337499999999994,0.07131325,0.2606106875
0.0,0.0625,0.375,-0.008479124999999997,0.073741,0.31030793749999996
0.0,0.0625,0.4375,-0.010824499999999997,0.07616875,0.36000518749999993
0.0,0.0625,0.5,-0.013169874999999998,0.0785965,0.40970243749999996
0.0,0.0625,0.5625,-0.015515249999999998,0.08102424999999999,0.4593996875
0.0,0.0625,0.625,-0.017860624999999998,0.083452,0.5090969375
0.0,0.0625,0.6875,-0.020206,0.08587974999999999,0.5587941875
0.0,0.0625,0.75,-0.022551374999999995,0.0883075,0.6084914375
0.0,0.0625,0.8125,-0.024896749999999995,0.09073524999999999,0.6581886875
0.0,0.0625,0.875,-0.027242124999999996,0.093163,0.7078859375
0.0,0.0625,0.9375,-0.0295875,0.09559075,0.7575831875
0.0,0.0625,1.0,-0.031932875,0.0980185,0.8072804375
0.0,0.125,0.0,0.01118625,0.118349,0.024248875
0.0,0.125,0.0625,0.008840875,0.12077675,0.073946125
0.0,0.125,0.125,0.0064955,0.1232045,0.123643375
0.0,0.125,0.1875,0.004150125000000001,0.12563225,0.173340625
0.0,0.125,0.25,0.0018047500000000008,0.12806,0.223037875
0.0,0.125,0.3125,-0.0005406249999999994,0.13048774999999999,0.27273512499999997
0.0,0.125,0.375,-0.002885999999999998,0.1329155,0.322432375
0.0,0.125,0.4375,-0.005231374999999998,0.13534325,0.37212962499999996
0.0,0.125,0.5,-0.007576749999999998,0.137771,0.421826875
0.0,0.125,0.5625,-0.009922124999999999,0.14019874999999998,0.471524125
0.0,0.125,0.625,-0.012267499999999999,0.1426265,0.521221375
0.0,0.125,0.6875,-0.014612874999999999,0.14505425,0.5709186249999999
0.0,0.125,0.75,-0.016958249999999994,0.147482,0.6206158749999999
0.0,0.125,0.8125,-0.019303624999999998,0.14990975,0.670313125
0.0,0.125,0.875,-0.021648999999999995,0.1523375,0.7200103749999999
0.0,0.125,0.9375,-0.023994375,0.15476525,0.7697076249999999
0.0,0.125,1.0,-0.026339749999999995,0.157193,0.8194048749999999
0.0,0.1875,0.0,0.016779375,0.1775235,0.0363733125
0.0,0.1875,0.0625,0.014433999999999999,0.17995125,0.0860705625
0.0,0.1875,0.125,0.012088624999999999,0.182379,0.1357678125
0.0,0.1875,0.1875,0.00974325,0.18480675,0.1854650625
0.0,0.1875,0.25,0.007397875,0.1872345,0.2351623125
0.0,0.1875,0.3125,0.0050525,0.18966225,0.2848595625
0.0,0.1875,0.375,0.002707125000000001,0.19209,0.33455681249999997
0.0,0.1875,0.4375,0.00036175000000000096,0.19451775,0.38425406249999994
0.0,0.1875,0.5,-0.0019836249999999993,0.1969455,0.43395131249999996
0.0,0.1875,0.5625,-0.0043289999999999995,0.19937325,0.4836485625
0.0,0.1875,0.625,-0.006674375,0.201801,0.5333458125
0.0,0.1875,0.6875,-0.00901975,0.20422875,0.5830430624999999
0.0,0.1875,0.75,-0.011365124999999997,0.2066565,0.6327403125
0.0,0.1875,0.8125,-0.013710499999999997,0.20908425,0.6824375625
0.0,0.1875,0.875,-0.016055874999999997,0.211512,0.7321348124999999
0.0,0.1875,0.9375,-0.01840125,0.21393974999999998,0.7818320624999999
0.0,0.1875,1.0,-0.020746624999999998,0.2163675,0.8315293125
0.0,0.25,0.0,0.0223725,0.236698,0.04849775
0.0,0.25,0.0625,0.020027125,0.23912575,0.098195
0.0,0.25,0.125,0.01768175,0.2415535,0.14789225
0.0,0.25,0.1875,0.015336375000000001,0.24398124999999998,0.1975895
0.0,0.25,0.25,0.012991,0.246409,0.24728675
0.0,0.25,0.3125,0.010645625,0.24883675,0.29698399999999997
0.0,0.25,0.375,0.008300250000000002,0.2512645,0.34668125
0.0,0.25,0.4375,0.005954875000000002,0.25369225,0.39637849999999997
0.0,0.25,0.5,0.0036095000000000016,0.25612,0.44607575
0.0,0.25,0.5625,0.0012641250000000014,0.25854774999999997,0.495773
0.0,0.25,0.625,-0.0010812499999999989,0.26097549999999997,0.5454702499999999
0.0,0.25,0.6875,-0.003426624999999999,0.26340325,0.5951675
0.0,0.25,0.75,-0.005771999999999996,0.265831,0.64486475
0.0,0.25,0.8125,-0.008117374999999996,0.26825875,0.694562
0.0,0.25,0.875,-0.010462749999999996,0.2706865,0.7442592499999999
0.0,0.25,0.9375,-0.012808125,0.27311425,0.7939565
0.0,0.25,1.0,-0.015153499999999997,0.275542,0.84365375
0.0,0.3125,0.0,0.027965625,0.2958725,0.0606221875
0.0,0.3125,0.0625,0.02562025,0.29830025,0.1103194375
0.0,0.3125,0.125,0.023274875,0.300728,0.1600166875
0.0,0.3125,0.1875,0.020929500000000004,0.30315575,0.2097139375
0.0,0.3125,0.25,0.018584125,0.3055835,0.2594111875
0.0,0.3125,0.3125,0.016238750000000003,0.30801124999999996,0.3091084375
0.0,0.3125,0.375,0.013893375000000003,0.31043899999999996,0.35880568749999997
0.0,0.3125,0.4375,0.011548000000000003,0.31286674999999997,0.40850293749999994
0.0,0.3125,0.5,0.009202625000000002,0.3152945,0.45820018749999997
0.0,0.3125,0.5625,0.006857250000000002,0.31772225,0.5078974375
0.0,0.3125,0.625,0.004511875000000002,0.32015,0.5575946875
0.0,0.3125,0.6875,0.0021665000000000018,0.32257775,0.6072919375
0.0,0.3125,0.75,-0.000178874999999995,0.3250055,0.6569891875
0.0,0.3125,0.8125,-0.0025242499999999952,0.32743325,0.7066864375
0.0,0.3125,0.875,-0.0048696249999999955,0.32986099999999996,0.7563836875
0.0,0.3125,0.9375,-0.007214999999999999,0.33228874999999997,0.8060809375
0.0,0.3125,1.0,-0.009560374999999996,0.3347165,0.8557781875
0.0,0.375,0.0,0.03355875,0.355047,0.072746625
0.0,0.375,0.0625,0.031213374999999998,0.35747475,0.122443875
0.0,0.375,0.125,0.028867999999999998,0.3599025,0.172141125
0.0,0.375,0.1875,0.026522625,0.36233025,0.22183837499999998
0.0,0.375,0.25,0.024177249999999997,0.364758,0.271535625
0.0,0.375,0.3125,0.021831875,0.36718575,0.321232875
0.0,0.375,0.375,0.0194865,0.3696135,0.370930125
0.0,0.375,0.4375,0.017141125,0.37204125,0.42062737499999997
0.0,0.375,0.5,0.01479575,0.374469,0.470324625
0.0,0.375,0.5625,0.012450375,0.37689675,0.520021875
0.0,0.375,0.625,0.010105,0.3793245,0.569719125
0.0,0.375,0.6875,0.007759624999999999,0.38175225,0.6194163749999999
0.0,0.375,0.75,0.005414250000000002,0.38418,0.6691136249999999
0.0,0.375,0.8125,0.003068875000000002,0.38660775000000003,0.718810875
0.0,0.375,0.875,0.0007235000000000019,0.3890355,0.7685081249999999
0.0,0.375,0.9375,-0.0016218750000000018,0.39146325,0.8182053749999999
0.0,0.375,1.0,-0.0039672499999999986,0.393891,0.8679026249999999
0.0,0.4375,0.0,0.039151875,0.41422149999999996,0.0848710625
0.0,0.4375,0.0625,0.036806500000000006,0.41664924999999997,0.1345683125
0.0,0.4375,0.125,0.034461125,0.419077,0.18426556249999998
0.0,0.4375,0.1875,0.032115750000000005,0.42150475,0.2339628125
0.0,0.4375,0.25,0.029770375,0.4239325,0.2836600625
0.0,0.4375,0.3125,0.027425000000000005,0.42636024999999994,0.3333573125
0.0,0.4375,0.375,0.025079625000000005,0.42878799999999995,0.3830545625
0.0,0.4375,0.4375,0.022734250000000004,0.43121574999999995,0.43275181249999994
0.0,0.4375,0.5,0.020388875000000004,0.43364349999999996,0.48244906249999997
0.0,0.4375,0.5625,0.018043500000000004,0.43607124999999997,0.5321463125
0.0,0.4375,0.625,0.015698125000000004,0.43849899999999997,0.5818435625
0.0,0.4375,0.6875,0.013352750000000004,0.44092675,0.6315408124999999
0.0,0.4375,0.75,0.011007375000000007,0.4433545,0.6812380625
0.0,0.4375,0.8125,0.008662000000000006,0.44578224999999994,0.7309353125
0.0,0.4375,0.875,0.006316625000000006,0.44820999999999994,0.7806325624999999
0.0,0.4375,0.9375,0.0039712500000000026,0.45063774999999995,0.8303298124999999
0.0,0.4375,1.0,0.0016258750000000058,0.45306549999999995,0.8800270625
0.0,0.5,0.0,0.044745,0.473396,0.0969955
0.0,0.5,0.0625,0.042399625,0.47582375,0.14669274999999998
0.0,0.5,0.125,0.04005425,0.4782515,0.19639
0.0,0.5,0.1875,0.037708875,0.48067925,0.24608724999999998
0.0,0.5,0.25,0.0353635,0.483107,0.2957845
0.0,0.5,0.3125,0.033018125,0.48553474999999996,0.34548175
0.0,0.5,0.375,0.030672750000000002,0.48796249999999997,0.395179
0.0,0.5,0.4375,0.028327375000000002,0.49039024999999997,0.44487625
0.0,0.5,0.5,0.025982,0.492818,0.4945735
0.0,0.5,0.5625,0.023636625,0.49524575,0.54427075
0.0,0.5,0.625,0.02129125,0.4976735,0.5939679999999999
0.0,0.5,0.6875,0.018945875,0.5001012499999999,0.64366525
0.0,0.5,0.75,0.016600500000000004,0.502529,0.6933625
0.0,0.5,0.8125,0.014255125000000004,0.50495675,0.74305975
0.0,0.5,0.875,0.011909750000000004,0.5073845,0.7927569999999999
0.0,0.5,0.9375,0.009564375,0.50981225,0.84245425
0.0,0.5,1.0,0.007219000000000003,0.51224,0.8921515
0.0,0.5625,0.0,0.050338125,0.5325705,0.1091199375
0.0,0.5625,0.0625,0.04799275,0.5349982499999999,0.1588171875
0.0,0.5625,0.125,0.045647375,0.537426,0.20851443749999998
0.0,0.5625,0.1875,0.043302,0.5398537499999999,0.2582116875
0.0,0.5625,0.25,0.040956624999999997,0.5422815,0.3079089375
0.0,0.5625,0.3125,0.03861125,0.5447092499999999,0.3576061875
0.0,0.5625,0.375,0.036265875,0.547137,0.4073034375
0.0,0.5625,0.4375,0.0339205,0.5495647499999999,0.45700068749999995
0.0,0.5625,0.5,0.031575124999999996,0.5519925,0.5066979375
0.0,0.5625,0.5625,0.02922975,0.55442025,0.5563951875
0.0,0.5625,0.625,0.026884375,0.5568479999999999,0.6060924375
0.0,0.5625,0.6875,0.024539,0.55927575,0.6557896875
0.0,0.5625,0.75,0.022193625,0.5617034999999999,0.7054869375
0.0,0.5625,0.8125,0.01984825,0.56413125,0.7551841875
0.0,0.5625,0.875,0.017502875,0.5665589999999999,0.8048814375
0.0,0.5625,0.9375,0.015157499999999997,0.56898675,0.8545786875
0.0,0.5625,1.0,0.012812125,0.5714144999999999,0.9042759375
0.0,0.625,0.0,0.05593125,0.591745,0.121244375
0.0,0.625,0.0625,0.053585875000000005,0.5941727499999999,0.17094162499999999
0.0,0.625,0.125,0.0512405,0.5966005,0.220638875
0.0,0.625,0.1875,0.048895125000000005,0.5990282499999999,0.270336125
0.0,0.625,0.25,0.04654975,0.601456,0.320033375
0.0,0.625,0.3125,0.044204375000000004,0.6038837499999999,0.369730625
0.0,0.625,0.375,0.04185900000000001,0.6063115,0.419427875
0.0,0.625,0.4375,0.039513625000000004,0.60873925,0.469125125
0.0,0.625,0.5,0.03716825,0.611167,0.518822375
0.0,0.625,0.5625,0.034822875,0.61359475,0.568519625
0.0,0.625,0.625,0.032477500000000006,0.6160224999999999,0.618216875
0.0,0.625,0.6875,0.030132125000000003,0.61845025,0.6679141249999999
0.0,0.625,0.75,0.027786750000000006,0.6208779999999999,0.7176113749999999
0.0,0.625,0.8125,0.025441375000000006,0.62330575,0.767308625
0.0,0.625,0.875,0.023096000000000005,0.6257334999999999,0.8170058749999999
0.0,0.625,0.9375,0.020750625,0.62816125,0.8667031249999999
0.0,0.625,1.0,0.018405250000000005,0.630589,0.9164003749999999
0.0,0.6875,0.0,0.061524375,0.6509195,0.1333688125
0.0,0.6875,0.0625,0.059179,0.6533472499999999,0.1830660625
0.0,0.6875,0.125,0.056833625,0.655775,0.23276331249999999
0.0,0.6875,0.1875,0.05448825,0.65820275,0.28246056249999996
0.0,0.6875,0.25,0.052142875,0.6606305,0.3321578125
0.0,0.6875,0.3125,0.0497975,0.66305825,0.3818550625
0.0,0.6875,0.375,0.047452125,0.665486,0.4315523125
0.0,0.6875,0.4375,0.04510675,0.66791375,0.48124956249999995
0.0,0.6875,0.5,0.042761375000000004,0.6703415,0.5309468125
0.0,0.6875,0.5625,0.040416,0.67276925,0.5806440625
0.0,0.6875,0.625,0.038070625,0.6751969999999999,0.6303413124999999
0.0,0.6875,0.6875,0.03572525,0.67762475,0.6800385624999999
0.0,0.6875,0.75,0.033379875,0.6800525,0.7297358125
0.0,0.6875,0.8125,0.031034500000000003,0.68248025,0.7794330625
0.0,0.6875,0.875,0.028689125000000003,0.684908,0.8291303124999999
0.0,0.6875,0.9375,0.02634375,0.68733575,0.8788275624999999
0.0,0.6875,1.0,0.023998375000000002,0.6897635,0.9285248125
0.0,0.75,0.0,0.0671175,0.710094,0.14549325
0.0,0.75,0.0625,0.064772125,0.71252175,0.1951905
0.0,0.75,0.125,0.062426749999999996,0.7149495,0.24488775
0.0,0.75,0.1875,0.060081375,0.71737725,0.294585
0.0,0.75,0.25,0.057735999999999996,0.719805,0.34428225
0.0,0.75,0.3125,0.055390625,0.72223275,0.3939795
0.0,0.75,0.375,0.05304525,0.7246605,0.44367674999999995
0.0,0.75,0.4375,0.050699875,0.72708825,0.493374
0.0,0.75,0.5,0.048354499999999995,0.729516,0.54307125
0.0,0.75,0.5625,0.046009125,0.73194375,0.5927685
0.0,0.75,0.625,0.04366375,0.7343715,0.64246575
0.0,0.75,0.6875,0.041318375,0.73679925,0.692163
0.0,0.75,0.75,0.038973,0.739227,0.74186025
0.0,0.75,0.8125,0.036627625,0.74165475,0.7915575
0.0,0.75,0.875,0.03428225,0.7440825,0.8412547499999999
0.0,0.75,0.9375,0.031936874999999997,0.74651025,0.890952
0.0,0.75,1.0,0.0295915,0.748938,0.94064925
0.0,0.8125,0.0,0.072710625,0.7692685,0.1576176875
0.0,0.8125,0.0625,0.07036525,0.77169625,0.2073149375
0.0,0.8125,0.125,0.06801987500000001,0.774124,0.2570121875
0.0,0.8125,0.1875,0.0656745,0.77655175,0.3067094375
0.0,0.8125,0.25,0.063329125,0.7789795,0.3564066875
0.0,0.8125,0.3125,0.06098375,0.78140725,0.40610393749999996
0.0,0.8125,0.375,0.058638375000000006,0.7838350000000001,0.4558011875
0.0,0.8125,0.4375,0.056293,0.78626275,0.5054984375
0.0,0.8125,0.5,0.053947625,0.7886905000000001,0.5551956874999999
0.0,0.8125,0.5625,0.05160225,0.79111825,0.6048929375000001
0.0,0.8125,0.625,0.049256875000000006,0.793546,0.6545901875
0.0,0.8125,0.6875,0.0469115,0.79597375,0.7042874374999999
0.0,0.8125,0.75,0.044566125000000005,0.7984015,0.7539846875
0.0,0.8125,0.8125,0.04222075,0.80082925,0.8036819374999999
0.0,0.8125,0.875,0.039875375000000005,0.803257,0.8533791874999999
0.0,0.8125,0.9375,0.03753,0.8056847500000001,0.9030764375
0.0,0.8125,1.0,0.035184625000000004,0.8081125,0.9527736874999999
0.0,0.875,0.0,0.07830375,0.8284429999999999,0.169742125
0.0,0.875,0.0625,0.07595837500000001,0.8308707499999999,0.219439375
0.0,0.875,0.125,0.07361300000000001,0.8332984999999999,0.269136625
0.0,0.875,0.1875,0.071267625,0.8357262499999999,0.318833875
0.0,0.875,0.25,0.06892225,0.838154,0.36853112499999996
0.0,0.875,0.3125,0.06657687500000001,0.8405817499999999,0.418228375
0.0,0.875,0.375,0.06423150000000001,0.8430095,0.467925625
0.0,0.875,0.4375,0.06188612500000001,0.8454372499999999,0.5176228749999999
0.0,0.875,0.5,0.05954075,0.847865,0.567320125
0.0,0.875,0.5625,0.05719537500000001,0.8502927499999999,0.617017375
0.0,0.875,0.625,0.05485000000000001,0.8527204999999999,0.666714625
0.0,0.875,0.6875,0.052504625000000006,0.8551482499999999,0.7164118749999999
0.0,0.875,0.75,0.05015925000000001,0.8575759999999999,0.766109125
0.0,0.875,0.8125,0.047813875000000006,0.86000375,0.815806375
0.0,0.875,0.875,0.04546850000000001,0.8624314999999999,0.8655036249999999
0.0,0.875,0.9375,0.043123125000000005,0.86485925,0.9152008749999999
0.0,0.875,1.0,0.04077775000000001,0.8672869999999999,0.9648981249999999
0.0,0.9375,0.0,0.083896875,0.8876175,0.1818665625
0.0,0.9375,0.0625,0.0815515,0.8900452499999999,0.2315638125
0.0,0.9375,0.125,0.079206125,0.892473,0.2812610625
0.0,0.9375,0.1875,0.07686074999999999,0.8949007499999999,0.33095831249999996
0.0,0.9375,0.25,0.074515375,0.8973285,0.3806555625
0.0,0.9375,0.3125,0.07217,0.8997562499999999,0.4303528125
0.0,0.9375,0.375,0.069824625,0.902184,0.4800500625
0.0,0.9375,0.4375,0.06747924999999999,0.9046117499999999,0.5297473125
0.0,0.9375,0.5,0.065133875,0.9070395,0.5794445625
0.0,0.9375,0.5625,0.0627885,0.90946725,0.6291418125
0.0,0.9375,0.625,0.060443125,0.9118949999999999,0.6788390625
0.0,0.9375,0.6875,0.05809775,0.91432275,0.7285363125
0.0,0.9375,0.75,0.055752375,0.9167504999999999,0.7782335625
0.0,0.9375,0.8125,0.053406999999999996,0.91917825,0.8279308125
0.0,0.9375,0.875,0.051061625,0.9216059999999999,0.8776280624999999
0.0,0.9375,0.9375,0.048716249999999996,0.92403375,0.9273253124999999
0.0,0.9375,1.0,0.046370875,0.9264614999999999,0.9770225625
0.0,1.0,0.0,0.08949,0.946792,0.193991
0.0,1.0,0.0625,0.087144625,0.9492197499999999,0.24368825
0.0,1.0,0.125,0.08479925,0.9516475,0.29338549999999997
0.0,1.0,0.1875,0.082453875,0.9540752499999999,0.34308275
0.0,1.0,0.25,0.0801085,0.956503,0.39278
0.0,1.0,0.3125,0.077763125,0.9589307499999999,0.44247725
0.0,1.0,0.375,0.07541775,0.9613585,0.49217449999999996
0.0,1.0,0.4375,0.073072375,0.96378625,0.54187175
0.0,1.0,0.5,0.070727,0.966214,0.591569
0.0,1.0,0.5625,0.068381625,0.96864175,0.64126625
0.0,1.0,0.625,0.06603625,0.9710694999999999,0.6909635
0.0,1.0,0.6875,0.06369087500000001,0.97349725,0.74066075
0.0,1.0,0.75,0.061345500000000004,0.9759249999999999,0.790358
0.0,1.0,0.8125,0.059000125,0.97835275,0.84005525
0.0,1.0,0.875,0.056654750000000004,0.9807804999999999,0.8897525
0.0,1.0,0.9375,0.054309375,0.98320825,0.93944975
0.0,1.0,1.0,0.051964,0.985636,0.989147
0.0625,0.0,0.0,0.0592521875,0.00089775,0.0006783125
0.0625,0.0,0.0625,0.0569068125,0.0033255,0.0503755625
0.0625,0.0,0.125,0.0545614375,0.00575325,0.1000728125
0.0625,0.0,0.1875,0.0522160625,0.008180999999999999,0.1497700625
0.0625,0.0,0.25,0.0498706875,0.010608749999999998,0.1994673125
0.0625,0.0,0.3125,0.0475253125,0.013036499999999998,0.2491645625
0.0625,0.0,0.375,0.0451799375,0.015464249999999999,0.2988618125
0.0625,0.0,0.4375,0.0428345625,0.017891999999999998,0.34855906249999996
0.0625,0.0,0.5,0.040489187499999996,0.020319749999999998,0.3982563125
0.0625,0.0,0.5625,0.0381438125,0.022747499999999997,0.4479535625
0.0625,0.0,0.625,0.0357984375,0.025175249999999996,0.4976508125
0.0625,0.0,0.6875,0.0334530625,0.027602999999999996,0.5473480624999999
0.0625,0.0,0.75,0.0311076875,0.03003075,0.5970453124999999
0.0625,0.0,0.8125,0.0287623125,0.0324585,0.6467425625
0.0625,0.0,0.875,0.0264169375,0.03488625,0.6964398124999999
0.0625,0.0,0.9375,0.024071562499999997,0.037314,0.7461370624999999
0.0625,0.0,1.0,0.0217261875,0.03974175,0.7958343124999999
0.0625,0.0625,0.0,0.0648453125,0.06007225,0.01280275
0.0625,0.0625,0.0625,0.062499937500000005,0.0625,0.0625
0.0625,0.0625,0.125,0.0601545625,0.06492775,0.11219725
0.0625,0.0625,0.1875,0.057809187500000005,0.0673555,0.1618945
0.0625,0.0625,0.25,0.0554638125,0.06978325,0.21159175
0.0625,0.0625,0.3125,0.053118437500000004,0.072211,0.261289
0.0625,0.0625,0.375,0.05077306250000001,0.07463875,0.31098624999999996
0.0625,0.0625,0.4375,0.048427687500000004,0.0770665,0.36068349999999993
0.0625,0.0625,0.5,0.0460823125,0.07949425,0.41038074999999996
0.0625,0.0625,0.5625,0.0437369375,0.081922,0.460078
0.0625,0.0625,0.625,0.041391562500000006,0.08434975,0.50977525
0.0625,0.0625,0.6875,0.0390461875,0.0867775,0.5594724999999999
0.0625,0.0625,0.75,0.036700812500000006,0.08920525,0.60916975
0.0625,0.0625,0.8125,0.0343554375,0.09163299999999999,0.658867
0.0625,0.0625,0.875,0.032010062500000006,0.09406075,0.7085642499999999
0.0625,0.0625,0.9375,0.029664687500000002,0.0964885,0.7582614999999999
0.0625,0.0625,1.0,0.027319312500000005,0.09891625,0.80795875
0.0625,0.125,0.0,0.07043843749999999,0.11924675,0.0249271875
0.0625,0.125,0.0625,0.0680930625,0.1216745,0.0746244375
0.0625,0.125,0.125,0.0657476875,0.12410225,0.1243216875
0.0625,0.125,0.1875,0.06340231249999999,0.12653,0.1740189375
0.0625,0.125,0.25,0.06105693749999999,0.12895775,0.2237161875
0.0625,0.125,0.3125,0.058711562499999995,0.1313855,0.27341343749999997
0.0625,0.125,0.375,0.0563661875,0.13381325,0.3231106875
0.0625,0.125,0.4375,0.054020812499999994,0.136241,0.37280793749999996
0.0625,0.125,0.5,0.05167543749999999,0.13866875,0.4225051875
0.0625,0.125,0.5625,0.049330062499999994,0.14109649999999999,0.4722024375
0.0625,0.125,0.625,0.0469846875,0.14352425,0.5218996874999999
0.0625,0.125,0.6875,0.04463931249999999,0.145952,0.5715969375
0.0625,0.125,0.75,0.042293937499999996,0.14837975,0.6212941875
0.0625,0.125,0.8125,0.03994856249999999,0.15080749999999998,0.6709914375
0.0625,0.125,0.875,0.037603187499999996,0.15323525,0.7206886874999999
0.0625,0.125,0.9375,0.03525781249999999,0.155663,0.7703859375
0.0625,0.125,1.0,0.032912437499999996,0.15809075,0.8200831875
0.0625,0.1875,0.0,0.0760315625,0.17842125,0.037051625
0.0625,0.1875,0.0625,0.0736861875,0.180849,0.086748875
0.0625,0.1875,0.125,0.0713408125,0.18327675000000002,0.136446125
0.0625,0.1875,0.1875,0.06899543749999999,0.1857045,0.186143375
0.0625,0.1875,0.25,0.0666500625,0.18813225,0.235840625
0.0625,0.1875,0.3125,0.0643046875,0.19056,0.285537875
0.0625,0.1875,0.375,0.0619593125,0.19298775,0.33523512499999997
0.0625,0.1875,0.4375,0.0596139375,0.1954155,0.38493237499999994
0.0625,0.1875,0.5,0.057268562499999995,0.19784325,0.43462962499999996
0.0625,0.1875,0.5625,0.0549231875,0.200271,0.484326875
0.0625,0.1875,0.625,0.0525778125,0.20269875,0.534024125
0.0625,0.1875,0.6875,0.0502324375,0.2051265,0.583721375
0.0625,0.1875,0.75,0.0478870625,0.20755425,0.633418625
0.0625,0.1875,0.8125,0.0455416875,0.209982,0.683115875
0.0625,0.1875,0.875,0.0431963125,0.21240975,0.732813125
0.0625,0.1875,0.9375,0.0408509375,0.21483750000000001,0.782510375
0.0625,0.1875,1.0,0.0385055625,0.21726525,0.832207625
0.0625,0.25,0.0,0.0816246875,0.23759575,0.0491760625
0.0625,0.25,0.0625,0.0792793125,0.2400235,0.0988733125
0.0625,0.25,0.125,0.07693393750000001,0.24245125,0.1485705625
0.0625,0.25,0.1875,0.0745885625,0.24487899999999999,0.1982678125
0.0625,0.25,0.25,0.0722431875,0.24730675,0.2479650625
0.0625,0.25,0.3125,0.0698978125,0.2497345,0.29766231249999997
0.0625,0.25,0.375,0.0675524375,0.25216225,0.3473595625
0.0625,0.25,0.4375,0.0652070625,0.25459,0.39705681249999997
0.0625,0.25,0.5,0.0628616875,0.25701775,0.4467540625
0.0625,0.25,0.5625,0.0605163125,0.2594455,0.4964513125
0.0625,0.25,0.625,0.058170937500000006,0.26187325,0.5461485625
0.0625,0.25,0.6875,0.0558255625,0.264301,0.5958458124999999
0.0625,0.25,0.75,0.053480187500000005,0.26672875,0.6455430624999999
0.0625,0.25,0.8125,0.0511348125,0.2691565,0.6952403125
0.0625,0.25,0.875,0.048789437500000005,0.27158424999999997,0.7449375624999999
0.0625,0.25,0.9375,0.0464440625,0.274012,0.7946348124999999
0.0625,0.25,1.0,0.044098687500000004,0.27643975,0.8443320624999999
0.0625,0.3125,0.0,0.08721781249999999,0.29677024999999996,0.0613005
0.0625,0.3125,0.0625,0.0848724375,0.29919799999999996,0.11099775
0.0625,0.3125,0.125,0.0825270625,0.30162574999999997,0.160695
0.0625,0.3125,0.1875,0.08018168749999999,0.3040535,0.21039225
0.0625,0.3125,0.25,0.07783631249999999,0.30648125,0.2600895
0.0625,0.3125,0.3125,0.0754909375,0.30890899999999993,0.30978675
0.0625,0.3125,0.375,0.0731455625,0.31133674999999994,0.35948399999999997
0.0625,0.3125,0.4375,0.0708001875,0.31376449999999995,0.40918124999999994
0.0625,0.3125,0.5,0.06845481249999999,0.31619224999999995,0.45887849999999997
0.0625,0.3125,0.5625,0.06610943749999999,0.31861999999999996,0.50857575
0.0625,0.3125,0.625,0.0637640625,0.32104774999999997,0.558273
0.0625,0.3125,0.6875,0.06141868749999999,0.32347549999999997,0.6079702499999999
0.0625,0.3125,0.75,0.059073312499999996,0.32590325,0.6576675
0.0625,0.3125,0.8125,0.05672793749999999,0.32833099999999993,0.70736475
0.0625,0.3125,0.875,0.054382562499999995,0.33075874999999993,0.7570619999999999
0.0625,0.3125,0.9375,0.05203718749999999,0.33318649999999994,0.8067592499999999
0.0625,0.3125,1.0,0.049691812499999995,0.33561424999999995,0.8564565
0.0625,0.375,0.0,0.0928109375,0.35594475,0.0734249375
0.0625,0.375,0.0625,0.0904655625,0.3583725,0.1231221875
0.0625,0.375,0.125,0.0881201875,0.36080025,0.1728194375
0.0625,0.375,0.1875,0.08577481249999999,0.363228,0.22251668749999998
0.0625,0.375,0.25,0.0834294375,0.36565575,0.2722139375
0.0625,0.375,0.3125,0.0810840625,0.36808349999999995,0.3219111875
0.0625,0.375,0.375,0.0787386875,0.37051124999999996,0.3716084375
0.0625,0.375,0.4375,0.0763933125,0.37293899999999996,0.42130568749999997
0.0625,0.375,0.5,0.0740479375,0.37536674999999997,0.4710029375
0.0625,0.375,0.5625,0.0717025625,0.3777945,0.5207001875
0.0625,0.375,0.625,0.0693571875,0.38022225,0.5703974374999999
0.0625,0.375,0.6875,0.06701181249999999,0.38265,0.6200946875
0.0625,0.375,0.75,0.0646664375,0.38507775,0.6697919375
0.0625,0.375,0.8125,0.062321062499999996,0.38750549999999995,0.7194891875
0.0625,0.375,0.875,0.0599756875,0.38993324999999995,0.7691864374999999
0.0625,0.375,0.9375,0.057630312499999996,0.39236099999999996,0.8188836875
0.0625,0.375,1.0,0.0552849375,0.39478874999999997,0.8685809375
0.0625,0.4375,0.0,0.0984040625,0.41511924999999994,0.085549375
0.0625,0.4375,0.0625,0.0960586875,0.41754699999999995,0.135246625
0.0625,0.4375,0.125,0.0937133125,0.41997474999999995,0.18494387499999998
0.0625,0.4375,0.1875,0.0913679375,0.42240249999999996,0.234641125
0.0625,0.4375,0.25,0.0890225625,0.42483024999999996,0.284338375
0.0625,0.4375,0.3125,0.0866771875,0.4272579999999999,0.334035625
0.0625,0.4375,0.375,0.0843318125,0.4296857499999999,0.383732875
0.0625,0.4375,0.4375,0.08198643750000001,0.43211349999999993,0.43343012499999994
0.0625,0.4375,0.5,0.0796410625,0.43454124999999993,0.48312737499999997
0.0625,0.4375,0.5625,0.0772956875,0.43696899999999994,0.532824625
0.0625,0.4375,0.625,0.0749503125,0.43939674999999995,0.582521875
0.0625,0.4375,0.6875,0.0726049375,0.44182449999999995,0.632219125
0.0625,0.4375,0.75,0.07025956250000001,0.44425224999999996,0.681916375
0.0625,0.4375,0.8125,0.0679141875,0.44667999999999997,0.731613625
0.0625,0.4375,0.875,0.0655688125,0.4491077499999999,0.781310875
0.0625,0.4375,0.9375,0.06322343750000001,0.4515354999999999,0.831008125
0.0625,0.4375,1.0,0.0608780625,0.45396324999999993,0.880705375
0.0625,0.5,0.0,0.1039971875,0.47429374999999996,0.0976738125
0.0625,0.5,0.0625,0.10165181250000001,0.47672149999999996,0.14737106249999998
0.0625,0.5,0.125,0.09930643750000001,0.47914924999999997,0.1970683125
0.0625,0.5,0.1875,0.0969610625,0.481577,0.24676556249999998
0.0625,0.5,0.25,0.0946156875,0.48400475,0.2964628125
0.0625,0.5,0.3125,0.0922703125,0.48643249999999993,0.3461600625
0.0625,0.5,0.375,0.08992493750000001,0.48886024999999994,0.3958573125
0.0625,0.5,0.4375,0.08757956250000001,0.49128799999999995,0.4455545625
0.0625,0.5,0.5,0.0852341875,0.49371574999999995,0.4952518125
0.0625,0.5,0.5625,0.0828888125,0.49614349999999996,0.5449490625
0.0625,0.5,0.625,0.08054343750000001,0.49857124999999997,0.5946463125
0.0625,0.5,0.6875,0.0781980625,0.500999,0.6443435624999999
0.0625,0.5,0.75,0.07585268750000002,0.5034267499999999,0.6940408124999999
0.0625,0.5,0.8125,0.0735073125,0.5058545,0.7437380625
0.0625,0.5,0.875,0.07116193750000001,0.5082822499999999,0.7934353124999999
0.0625,0.5,0.9375,0.06881656250000001,0.51071,0.8431325624999999
0.0625,0.5,1.0,0.0664711875,0.51313775,0.8928298124999999
0.0625,0.5625,0.0,0.1095903125,0.53346825,0.10979825
0.0625,0.5625,0.0625,0.1072449375,0.5358959999999999,0.1594955
0.0625,0.5625,0.125,0.1048995625,0.53832375,0.20919274999999998
0.0625,0.5625,0.1875,0.10255418749999999,0.5407514999999999,0.25889
0.0625,0.5625,0.25,0.1002088125,0.54317925,0.30858725
0.0625,0.5625,0.3125,0.0978634375,0.545607,0.3582845
0.0625,0.5625,0.375,0.0955180625,0.54803475,0.40798175
0.0625,0.5625,0.4375,0.09317268749999999,0.5504625,0.45767899999999995
0.0625,0.5625,0.5,0.0908273125,0.55289025,0.50737625
0.0625,0.5625,0.5625,0.0884819375,0.555318,0.5570735
0.0625,0.5625,0.625,0.0861365625,0.5577457499999999,0.60677075
0.0625,0.5625,0.6875,0.0837911875,0.5601735,0.6564679999999999
0.0625,0.5625,0.75,0.08144581249999999,0.5626012499999999,0.70616525
0.0625,0.5625,0.8125,0.0791004375,0.565029,0.7558625
0.0625,0.5625,0.875,0.0767550625,0.56745675,0.8055597499999999
0.0625,0.5625,0.9375,0.07440968749999999,0.5698845,0.8552569999999999
0.0625,0.5625,1.0,0.0720643125,0.57231225,0.90495425
0.0625,0.625,0.0,0.1151834375,0.59264275,0.1219226875
0.0625,0.625,0.0625,0.1128380625,0.5950705,0.17161993749999999
0.0625,0.625,0.125,0.1104926875,0.59749825,0.2213171875
0.0625,0.625,0.1875,0.1081473125,0.599926,0.2710144375
0.0625,0.625,0.25,0.1058019375,0.60235375,0.3207116875
0.0625,0.625,0.3125,0.1034565625,0.6047815,0.3704089375
0.0625,0.625,0.375,0.1011111875,0.60720925,0.4201061875
0.0625,0.625,0.4375,0.0987658125,0.609637,0.4698034375
0.0625,0.625,0.5,0.0964204375,0.61206475,0.5195006875
0.0625,0.625,0.5625,0.0940750625,0.6144925,0.5691979375
0.0625,0.625,0.625,0.0917296875,0.61692025,0.6188951874999999
0.0625,0.625,0.6875,0.08938431250000001,0.619348,0.6685924375
0.0625,0.625,0.75,0.0870389375,0.62177575,0.7182896875
0.0625,0.625,0.8125,0.0846935625,0.6242035,0.7679869375
0.0625,0.625,0.875,0.0823481875,0.62663125,0.8176841874999999
0.0625,0.625,0.9375,0.08000281249999999,0.629059,0.8673814375
0.0625,0.625,1.0,0.07765743750000001,0.63148675,0.9170786875
0.0625,0.6875,0.0,0.12077656249999999,0.65181725,0.134047125
0.0625,0.6875,0.0625,0.1184311875,0.654245,0.183744375
0.0625,0.6875,0.125,0.1160858125,0.65667275,0.23344162499999999
0.0625,0.6875,0.1875,0.11374043749999999,0.6591005,0.283138875
0.0625,0.6875,0.25,0.11139506249999999,0.66152825,0.332836125
0.0625,0.6875,0.3125,0.10904968749999999,0.663956,0.38253337499999995
0.0625,0.6875,0.375,0.1067043125,0.66638375,0.432230625
0.0625,0.6875,0.4375,0.1043589375,0.6688115,0.48192787499999995
0.0625,0.6875,0.5,0.10201356249999999,0.6712392500000001,0.5316251249999999
0.0625,0.6875,0.5625,0.09966818749999999,0.673667,0.5813223750000001
0.0625,0.6875,0.625,0.0973228125,0.67609475,0.631019625
0.0625,0.6875,0.6875,0.09497743749999998,0.6785225,0.6807168749999999
0.0625,0.6875,0.75,0.0926320625,0.68095025,0.730414125
0.0625,0.6875,0.8125,0.09028668749999999,0.683378,0.7801113749999999
0.0625,0.6875,0.875,0.0879413125,0.68580575,0.8298086249999999
0.0625,0.6875,0.9375,0.0855959375,0.6882335,0.879505875
0.0625,0.6875,1.0,0.08325056249999999,0.69066125,0.9292031249999999
0.0625,0.75,0.0,0.1263696875,0.71099175,0.1461715625
0.0625,0.75,0.0625,0.1240243125,0.7134195,0.1958688125
0.0625,0.75,0.125,0.1216789375,0.71584725,0.2455660625
0.0625,0.75,0.1875,0.11933356249999999,0.718275,0.2952633125
0.0625,0.75,0.25,0.1169881875,0.7207027500000001,0.34496056249999996
0.0625,0.75,0.3125,0.1146428125,0.7231305,0.3946578125
0.0625,0.75,0.375,0.1122974375,0.7255582500000001,0.4443550625
0.0625,0.75,0.4375,0.1099520625,0.727986,0.4940523124999999
0.0625,0.75,0.5,0.10760668749999999,0.7304137500000001,0.5437495625
0.0625,0.75,0.5625,0.1052613125,0.7328415,0.5934468125
0.0625,0.75,0.625,0.1029159375,0.73526925,0.6431440625
0.0625,0.75,0.6875,0.10057056249999999,0.737697,0.6928413124999999
0.0625,0.75,0.75,0.0982251875,0.74012475,0.7425385624999999
0.0625,0.75,0.8125,0.0958798125,0.7425525000000001,0.7922358125
0.0625,0.75,0.875,0.0935344375,0.74498025,0.8419330624999999
0.0625,0.75,0.9375,0.0911890625,0.7474080000000001,0.8916303124999999
0.0625,0.75,1.0,0.08884368749999999,0.74983575,0.9413275624999999
0.0625,0.8125,0.0,0.1319628125,0.77016625,0.158296
0.0625,0.8125,0.0625,0.1296174375,0.772594,0.20799325
0.0625,0.8125,0.125,0.1272720625,0.7750217500000001,0.2576905
0.0625,0.8125,0.1875,0.1249266875,0.7774495,0.30738774999999996
0.0625,0.8125,0.25,0.1225813125,0.7798772500000001,0.357085
0.0625,0.8125,0.3125,0.1202359375,0.782305,0.40678225
0.0625,0.8125,0.375,0.1178905625,0.7847327500000001,0.4564795
0.0625,0.8125,0.4375,0.11554518750000001,0.7871605,0.50617675
0.0625,0.8125,0.5,0.1131998125,0.7895882500000001,0.555874
0.0625,0.8125,0.5625,0.1108544375,0.792016,0.60557125
0.0625,0.8125,0.625,0.1085090625,0.79444375,0.6552685
0.0625,0.8125,0.6875,0.10616368749999999,0.7968715000000001,0.70496575
0.0625,0.8125,0.75,0.10381831250000001,0.79929925,0.754663
0.0625,0.8125,0.8125,0.1014729375,0.8017270000000001,0.80436025
0.0625,0.8125,0.875,0.0991275625,0.80415475,0.8540574999999999
0.0625,0.8125,0.9375,0.0967821875,0.8065825000000001,0.9037547499999999
0.0625,0.8125,1.0,0.0944368125,0.80901025,0.953452
0.0625,0.875,0.0,0.1375559375,0.82934075,0.1704204375
0.0625,0.875,0.0625,0.1352105625,0.8317684999999999,0.2201176875
0.0625,0.875,0.125,0.1328651875,0.83419625,0.26981493749999996
0.0625,0.875,0.1875,0.1305198125,0.8366239999999999,0.3195121875
0.0625,0.875,0.25,0.12817443750000002,0.83905175,0.3692094375
0.0625,0.875,0.3125,0.1258290625,0.8414794999999999,0.4189066875
0.0625,0.875,0.375,0.12348368750000001,0.84390725,0.46860393749999996
0.0625,0.875,0.4375,0.12113831250000001,0.846335,0.5183011875
0.0625,0.875,0.5,0.1187929375,0.84876275,0.5679984375
0.0625,0.875,0.5625,0.1164475625,0.8511905,0.6176956875
0.0625,0.875,0.625,0.11410218750000001,0.8536182499999999,0.6673929375
0.0625,0.875,0.6875,0.1117568125,0.856046,0.7170901875
0.0625,0.875,0.75,0.10941143750000001,0.8584737499999999,0.7667874375
0.0625,0.875,0.8125,0.1070660625,0.8609015,0.8164846875
0.0625,0.875,0.875,0.1047206875,0.8633292499999999,0.8661819374999999
0.0625,0.875,0.9375,0.10237531250000001,0.865757,0.9158791875
0.0625,0.875,1.0,0.1000299375,0.86818475,0.9655764375
0.0625,0.9375,0.0,0.14314906249999998,0.88851525,0.182544875
0.0625,0.9375,0.0625,0.14080368749999997,0.8909429999999999,0.232242125
0.0625,0.9375,0.125,0.13845831249999999,0.89337075,0.281939375
0.0625,0.9375,0.1875,0.13611293749999998,0.8957984999999999,0.331636625
0.0625,0.9375,0.25,0.1337675625,0.89822625,0.381333875
0.0625,0.9375,0.3125,0.13142218749999998,0.900654,0.43103112499999996
0.0625,0.9375,0.375,0.12907681249999997,0.90308175,0.480728375
0.0625,0.9375,0.4375,0.1267314375,0.9055095,0.5304256249999999
0.0625,0.9375,0.5,0.12438606249999998,0.90793725,0.580122875
0.0625,0.9375,0.5625,0.12204068749999998,0.910365,0.629820125
0.0625,0.9375,0.625,0.11969531249999998,0.9127927499999999,0.679517375
0.0625,0.9375,0.6875,0.11734993749999997,0.9152205,0.729214625
0.0625,0.9375,0.75,0.11500456249999999,0.9176482499999999,0.7789118749999999
0.0625,0.9375,0.8125,0.11265918749999998,0.920076,0.8286091250000001
0.0625,0.9375,0.875,0.11031381249999998,0.92250375,0.878306375
0.0625,0.9375,0.9375,0.10796843749999999,0.9249315,0.9280036249999999
0.0625,0.9375,1.0,0.10562306249999998,0.92735925,0.977700875
0.0625,1.0,0.0,0.1487421875,0.94768975,0.1946693125
0.0625,1.0,0.0625,0.1463968125,0.9501175,0.2443665625
0.0625,1.0,0.125,0.14405143750000002,0.95254525,0.2940638125
0.0625,1.0,0.1875,0.1417060625,0.954973,0.3437610625
0.0625,1.0,0.25,0.13936068750000002,0.95740075,0.39345831249999996
0.0625,1.0,0.3125,0.1370153125,0.9598285,0.4431555625
0.0625,1.0,0.375,0.1346699375,0.96225625,0.4928528125
0.0625,1.0,0.4375,0.13232456250000002,0.964684,0.5425500624999999
0.0625,1.0,0.5,0.1299791875,0.96711175,0.5922473125
0.0625,1.0,0.5625,0.1276338125,0.9695395,0.6419445625
0.0625,1.0,0.625,0.12528843750000002,0.97196725,0.6916418125
0.0625,1.0,0.6875,0.1229430625,0.974395,0.7413390624999999
0.0625,1.0,0.75,0.12059768750000002,0.97682275,0.7910363125
0.0625,1.0,0.8125,0.11825231250000001,0.9792505,0.8407335625
0.0625,1.0,0.875,0.11590693750000002,0.98167825,0.8904308124999999
0.0625,1.0,0.9375,0.11356156250000002,0.984106,0.9401280624999999
0.0625,1.0,1.0,0.11121618750000001,0.98653375,0.9898253124999999
0.125,0.0,0.0,0.118504375,0.0017955,0.001356625
0.125,0.0,0.0625,0.116159,0.00422325,0.051053875
0.125,0.0,0.125,0.113813625,0.006651,0.100751125
0.125,0.0,0.1875,0.11146824999999999,0.00907875,0.150448375
0.125,0.0,0.25,0.109122875,0.0115065,0.200145625
0.125,0.0,0.3125,0.1067775,0.013934249999999999,0.249842875
0.125,0.0,0.375,0.104432125,0.016361999999999998,0.299540125
0.125,0.0,0.4375,0.10208675,0.018789749999999997,0.34923737499999996
0.125,0.0,0.5,0.099741375,0.021217499999999997,0.398934625
0.125,0.0,0.5625,0.097396,0.023645249999999996,0.448631875
0.125,0.0,0.625,0.095050625,0.026072999999999995,0.498329125
0.125,0.0,0.6875,0.09270524999999999,0.028500749999999995,0.548026375
0.125,0.0,0.75,0.090359875,0.030928499999999998,0.597723625
0.125,0.0,0.8125,0.0880145,0.03335625,0.647420875
0.125,0.0,0.875,0.085669125,0.035783999999999996,0.6971181249999999
0.125,0.0,0.9375,0.08332375,0.038211749999999996,0.746815375
0.125,0.0,1.0,0.08097837499999999,0.040639499999999995,0.796512625
0.125,0.0625,0.0,0.1240975,0.060969999999999996,0.0134810625
0.125,0.0625,0.0625,0.121752125,0.06339775,0.0631783125
0.125,0.0625,0.125,0.11940675,0.0658255,0.1128755625
0.125,0.0625,0.1875,0.117061375,0.06825325,0.1625728125
0.125,0.0625,0.25,0.114716,0.070681,0.2122700625
0.125,0.0625,0.3125,0.112370625,0.07310875,0.2619673125
0.125,0.0625,0.375,0.11002525,0.07553649999999999,0.31166456249999996
0.125,0.0625,0.4375,0.10767987500000001,0.07796425,0.36136181249999993
0.125,0.0625,0.5,0.1053345,0.08039199999999999,0.41105906249999996
0.125,0.0625,0.5625,0.102989125,0.08281975,0.4607563125
0.125,0.0625,0.625,0.10064375,0.08524749999999999,0.5104535625
0.125,0.0625,0.6875,0.098298375,0.08767525,0.5601508125
0.125,0.0625,0.75,0.09595300000000001,0.09010299999999999,0.6098480625
0.125,0.0625,0.8125,0.093607625,0.09253075,0.6595453125
0.125,0.0625,0.875,0.09126225,0.0949585,0.7092425625
0.125,0.0625,0.9375,0.088916875,0.09738625,0.7589398125
0.125,0.0625,1.0,0.0865715,0.09981399999999999,0.8086370625
0.125,0.125,0.0,0.129690625,0.1201445,0.0256055
0.125,0.125,0.0625,0.12734525,0.12257225000000001,0.07530275
0.125,0.125,0.125,0.12499987500000001,0.125,0.125
0.125,0.125,0.1875,0.1226545,0.12742775,0.17469725
0.125,0.125,0.25,0.120309125,0.1298555,0.2243945
0.125,0.125,0.3125,0.11796375,0.13228325,0.27409174999999997
0.125,0.125,0.375,0.11561837500000001,0.134711,0.323789
0.125,0.125,0.4375,0.11327300000000001,0.13713875,0.37348624999999996
0.125,0.125,0.5,0.110927625,0.1395665,0.4231835
0.125,0.125,0.5625,0.10858225,0.14199425,0.47288075
0.125,0.125,0.625,0.10623687500000001,0.144422,0.522578
0.125,0.125,0.6875,0.1038915,0.14684975,0.5722752499999999
0.125,0.125,0.75,0.10154612500000001,0.1492775,0.6219724999999999
0.125,0.125,0.8125,0.09920075,0.15170525,0.67166975
0.125,0.125,0.875,0.09685537500000001,0.154133,0.7213669999999999
0.125,0.125,0.9375,0.09451000000000001,0.15656075,0.7710642499999999
0.125,0.125,1.0,0.092164625,0.1589885,0.8207614999999999
0.125,0.1875,0.0,0.13528374999999998,0.179319,0.0377299375
0.125,0.1875,0.0625,0.13293837499999997,0.18174675,0.0874271875
0.125,0.1875,0.125,0.130593,0.18417450000000002,0.1371244375
0.125,0.1875,0.1875,0.12824762499999998,0.18660225,0.1868216875
0.125,0.1875,0.25,0.12590225,0.18903,0.2365189375
0.125,0.1875,0.3125,0.12355687499999998,0.19145775,0.2862161875
0.125,0.1875,0.375,0.12121149999999999,0.19388550000000002,0.33591343749999997
0.125,0.1875,0.4375,0.11886612499999999,0.19631325,0.38561068749999994
0.125,0.1875,0.5,0.11652074999999998,0.198741,0.43530793749999996
0.125,0.1875,0.5625,0.11417537499999998,0.20116875,0.4850051875
0.125,0.1875,0.625,0.11182999999999998,0.2035965,0.5347024375
0.125,0.1875,0.6875,0.10948462499999997,0.20602425,0.5843996874999999
0.125,0.1875,0.75,0.10713924999999999,0.208452,0.6340969375
0.125,0.1875,0.8125,0.10479387499999998,0.21087975,0.6837941875
0.125,0.1875,0.875,0.10244849999999998,0.2133075,0.7334914374999999
0.125,0.1875,0.9375,0.10010312499999999,0.21573525,0.7831886874999999
0.125,0.1875,1.0,0.09775774999999998,0.218163,0.8328859375
0.125,0.25,0.0,0.14087687499999998,0.2384935,0.049854375
0.125,0.25,0.0625,0.13853149999999997,0.24092125,0.099551625
0.125,0.25,0.125,0.136186125,0.243349,0.149248875
0.125,0.25,0.1875,0.13384074999999998,0.24577675,0.198946125
0.125,0.25,0.25,0.131495375,0.2482045,0.248643375
0.125,0.25,0.3125,0.12915,0.25063225,0.29834062499999997
0.125,0.25,0.375,0.12680462499999998,0.25306,0.348037875
0.125,0.25,0.4375,0.12445925,0.25548775,0.39773512499999997
0.125,0.25,0.5,0.12211387499999998,0.2579155,0.447432375
0.125,0.25,0.5625,0.11976849999999999,0.26034324999999997,0.497129625
0.125,0.25,0.625,0.11742312499999999,0.262771,0.5468268749999999
0.125,0.25,0.6875,0.11507774999999998,0.26519875,0.596524125
0.125,0.25,0.75,0.112732375,0.2676265,0.646221375
0.125,0.25,0.8125,0.11038699999999999,0.27005425,0.695918625
0.125,0.25,0.875,0.10804162499999999,0.272482,0.7456158749999999
0.125,0.25,0.9375,0.10569624999999999,0.27490975,0.795313125
0.125,0.25,1.0,0.10335087499999998,0.2773375,0.845010375
0.125,0.3125,0.0,0.14647,0.297668,0.0619788125
0.125,0.3125,0.0625,0.14412462499999998,0.30009575,0.1116760625
0.125,0.3125,0.125,0.14177925,0.3025235,0.1613733125
0.125,0.3125,0.1875,0.13943387499999998,0.30495125,0.2110705625
0.125,0.3125,0.25,0.1370885,0.307379,0.2607678125
0.125,0.3125,0.3125,0.134743125,0.30980674999999996,0.3104650625
0.125,0.3125,0.375,0.13239774999999998,0.31223449999999997,0.36016231249999997
0.125,0.3125,0.4375,0.130052375,0.31466225,0.40985956249999994
0.125,0.3125,0.5,0.127707,0.31709,0.45955681249999997
0.125,0.3125,0.5625,0.12536162499999998,0.31951775,0.5092540625
0.125,0.3125,0.625,0.12301625,0.3219455,0.5589513125
0.125,0.3125,0.6875,0.12067087499999998,0.32437325,0.6086485625
0.125,0.3125,0.75,0.1183255,0.326801,0.6583458125
0.125,0.3125,0.8125,0.11598012499999999,0.32922874999999996,0.7080430625
0.125,0.3125,0.875,0.11363474999999999,0.33165649999999997,0.7577403125
0.125,0.3125,0.9375,0.111289375,0.33408424999999997,0.8074375625
0.125,0.3125,1.0,0.10894399999999999,0.336512,0.8571348125
0.125,0.375,0.0,0.152063125,0.3568425,0.07410325
0.125,0.375,0.0625,0.14971774999999998,0.35927025,0.1238005
0.125,0.375,0.125,0.147372375,0.361698,0.17349775
0.125,0.375,0.1875,0.145027,0.36412575,0.22319499999999998
0.125,0.375,0.25,0.142681625,0.36655350000000003,0.27289225
0.125,0.375,0.3125,0.14033625,0.36898125,0.3225895
0.125,0.375,0.375,0.13799087499999999,0.371409,0.37228675
0.125,0.375,0.4375,0.1356455,0.37383675,0.42198399999999997
0.125,0.375,0.5,0.133300125,0.3762645,0.47168125
0.125,0.375,0.5625,0.13095475,0.37869225,0.5213785
0.125,0.375,0.625,0.128609375,0.38112,0.57107575
0.125,0.375,0.6875,0.126264,0.38354775,0.6207729999999999
0.125,0.375,0.75,0.123918625,0.3859755,0.6704702499999999
0.125,0.375,0.8125,0.12157325,0.38840325,0.7201675
0.125,0.375,0.875,0.119227875,0.390831,0.7698647499999999
0.125,0.375,0.9375,0.1168825,0.39325875,0.8195619999999999
0.125,0.375,1.0,0.11453712499999999,0.3956865,0.8692592499999999
0.125,0.4375,0.0,0.15765625,0.41601699999999997,0.0862276875
0.125,0.4375,0.0625,0.155310875,0.41844475,0.1359249375
0.125,0.4375,0.125,0.1529655,0.4208725,0.18562218749999998
0.125,0.4375,0.1875,0.150620125,0.42330025,0.2353194375
0.125,0.4375,0.25,0.14827475,0.425728,0.2850166875
0.125,0.4375,0.3125,0.145929375,0.42815574999999995,0.3347139375
0.125,0.4375,0.375,0.143584,0.43058349999999995,0.3844111875
0.125,0.4375,0.4375,0.141238625,0.43301124999999996,0.43410843749999994
0.125,0.4375,0.5,0.13889325,0.43543899999999996,0.48380568749999997
0.125,0.4375,0.5625,0.13654787499999999,0.43786674999999997,0.5335029375
0.125,0.4375,0.625,0.1342025,0.4402945,0.5832001875
0.125,0.4375,0.6875,0.131857125,0.44272225,0.6328974374999999
0.125,0.4375,0.75,0.12951175,0.44515,0.6825946875
0.125,0.4375,0.8125,0.127166375,0.44757775,0.7322919375
0.125,0.4375,0.875,0.124821,0.45000549999999995,0.7819891874999999
0.125,0.4375,0.9375,0.122475625,0.45243324999999995,0.8316864374999999
0.125,0.4375,1.0,0.12013025,0.45486099999999996,0.8813836875
0.125,0.5,0.0,0.163249375,0.4751915,0.098352125
0.125,0.5,0.0625,0.160904,0.47761925,0.14804937499999998
0.125,0.5,0.125,0.158558625,0.480047,0.197746625
0.125,0.5,0.1875,0.15621325,0.48247475,0.24744387499999998
0.125,0.5,0.25,0.15386787500000002,0.4849025,0.297141125
0.125,0.5,0.3125,0.1515225,0.48733024999999996,0.346838375
0.125,0.5,0.375,0.149177125,0.48975799999999997,0.396535625
0.125,0.5,0.4375,0.14683175,0.49218575,0.446232875
0.125,0.5,0.5,0.144486375,0.4946135,0.495930125
0.125,0.5,0.5625,0.14214100000000002,0.49704125,0.545627375
0.125,0.5,0.625,0.139795625,0.499469,0.5953246249999999
0.125,0.5,0.6875,0.13745025,0.50189675,0.645021875
0.125,0.5,0.75,0.135104875,0.5043245,0.694719125
0.125,0.5,0.8125,0.1327595,0.50675225,0.744416375
0.125,0.5,0.875,0.130414125,0.50918,0.7941136249999999
0.125,0.5,0.9375,0.12806875,0.51160775,0.843810875
0.125,0.5,1.0,0.125723375,0.5140355,0.893508125
0.125,0.5625,0.0,0.1688425,0.5343659999999999,0.1104765625
0.125,0.5625,0.0625,0.166497125,0.5367937499999998,0.1601738125
0.125,0.5625,0.125,0.16415175,0.5392214999999999,0.20987106249999998
0.125,0.5625,0.1875,0.161806375,0.5416492499999999,0.2595683125
0.125,0.5625,0.25,0.15946100000000002,0.5440769999999999,0.3092655625
0.125,0.5625,0.3125,0.157115625,0.5465047499999999,0.3589628125
0.125,0.5625,0.375,0.15477025,0.5489324999999999,0.4086600625
0.125,0.5625,0.4375,0.15242487500000002,0.5513602499999999,0.45835731249999995
0.125,0.5625,0.5,0.1500795,0.553788,0.5080545625
0.125,0.5625,0.5625,0.147734125,0.5562157499999999,0.5577518125
0.125,0.5625,0.625,0.14538875,0.5586434999999998,0.6074490625
0.125,0.5625,0.6875,0.143043375,0.5610712499999999,0.6571463125
0.125,0.5625,0.75,0.14069800000000002,0.5634989999999999,0.7068435625
0.125,0.5625,0.8125,0.138352625,0.5659267499999999,0.7565408125
0.125,0.5625,0.875,0.13600725000000002,0.5683544999999999,0.8062380625
0.125,0.5625,0.9375,0.133661875,0.5707822499999999,0.8559353125
0.125,0.5625,1.0,0.1313165,0.5732099999999999,0.9056325625
0.125,0.625,0.0,0.17443562499999998,0.5935404999999999,0.122601
0.125,0.625,0.0625,0.17209024999999997,0.5959682499999999,0.17229825
0.125,0.625,0.125,0.169744875,0.5983959999999999,0.2219955
0.125,0.625,0.1875,0.16739949999999998,0.6008237499999999,0.27169275
0.125,0.625,0.25,0.165054125,0.6032514999999999,0.32139
0.125,0.625,0.3125,0.16270874999999999,0.6056792499999999,0.37108725
0.125,0.625,0.375,0.16036337499999997,0.608107,0.4207845
0.125,0.625,0.4375,0.158018,0.6105347499999999,0.47048175
0.125,0.625,0.5,0.15567262499999998,0.6129625,0.520179
0.125,0.625,0.5625,0.15332724999999997,0.6153902499999999,0.56987625
0.125,0.625,0.625,0.150981875,0.6178179999999999,0.6195735
0.125,0.625,0.6875,0.14863649999999998,0.6202457499999999,0.6692707499999999
0.125,0.625,0.75,0.146291125,0.6226734999999999,0.7189679999999999
0.125,0.625,0.8125,0.14394574999999998,0.6251012499999999,0.76866525
0.125,0.625,0.875,0.141600375,0.6275289999999999,0.8183624999999999
0.125,0.625,0.9375,0.139255,0.62995675,0.8680597499999999
0.125,0.625,1.0,0.13690962499999998,0.6323844999999999,0.9177569999999999
0.125,0.6875,0.0,0.18002875,0.6527149999999999,0.1347254375
0.125,0.6875,0.0625,0.17768337499999998,0.6551427499999999,0.1844226875
0.125,0.6875,0.125,0.175338,0.6575705,0.23411993749999999
0.125,0.6875,0.1875,0.17299262499999998,0.6599982499999999,0.28381718749999996
0.125,0.6875,0.25,0.17064725,0.662426,0.3335144375
0.125,0.6875,0.3125,0.168301875,0.6648537499999999,0.3832116875
0.125,0.6875,0.375,0.16595649999999998,0.6672815,0.4329089375
0.125,0.6875,0.4375,0.163611125,0.6697092499999999,0.48260618749999995
0.125,0.6875,0.5,0.16126574999999999,0.672137,0.5323034375
0.125,0.6875,0.5625,0.158920375,0.6745647499999999,0.5820006875
0.125,0.6875,0.625,0.156575,0.6769924999999999,0.6316979375
0.125,0.6875,0.6875,0.15422962499999998,0.67942025,0.6813951874999999
0.125,0.6875,0.75,0.15188425,0.6818479999999999,0.7310924375
0.125,0.6875,0.8125,0.149538875,0.68427575,0.7807896875
0.125,0.6875,0.875,0.14719349999999998,0.6867034999999999,0.8304869374999999
0.125,0.6875,0.9375,0.144848125,0.68913125,0.8801841874999999
0.125,0.6875,1.0,0.14250274999999998,0.6915589999999999,0.9298814375
0.125,0.75,0.0,0.185621875,0.7118895,0.146849875
0.125,0.75,0.0625,0.18327649999999998,0.7143172499999999,0.196547125
0.125,0.75,0.125,0.180931125,0.716745,0.246244375
0.125,0.75,0.1875,0.17858575,0.7191727499999999,0.295941625
0.125,0.75,0.25,0.176240375,0.7216005,0.345638875
0.125,0.75,0.3125,0.173895,0.7240282499999999,0.395336125
0.125,0.75,0.375,0.17154962499999998,0.726456,0.44503337499999995
0.125,0.75,0.4375,0.16920425,0.7288837499999999,0.494730625
0.125,0.75,0.5,0.166858875,0.7313115,0.544427875
0.125,0.75,0.5625,0.16451349999999998,0.73373925,0.594125125
0.125,0.75,0.625,0.162168125,0.7361669999999999,0.643822375
0.125,0.75,0.6875,0.15982274999999999,0.73859475,0.693519625
0.125,0.75,0.75,0.157477375,0.7410224999999999,0.743216875
0.125,0.75,0.8125,0.155132,0.74345025,0.792914125
0.125,0.75,0.875,0.152786625,0.7458779999999999,0.8426113749999999
0.125,0.75,0.9375,0.15044125,0.74830575,0.892308625
0.125,0.75,1.0,0.148095875,0.7507334999999999,0.942005875
0.125,0.8125,0.0,0.191215,0.771064,0.1589743125
0.125,0.8125,0.0625,0.18886962499999999,0.7734917499999999,0.2086715625
0.125,0.8125,0.125,0.18652425,0.7759195,0.2583688125
0.125,0.8125,0.1875,0.184178875,0.7783472499999999,0.3080660625
0.125,0.8125,0.25,0.1818335,0.780775,0.3577633125
0.125,0.8125,0.3125,0.179488125,0.78320275,0.40746056249999996
0.125,0.8125,0.375,0.17714275,0.7856305,0.4571578125
0.125,0.8125,0.4375,0.174797375,0.78805825,0.5068550624999999
0.125,0.8125,0.5,0.172452,0.790486,0.5565523125
0.125,0.8125,0.5625,0.170106625,0.79291375,0.6062495625
0.125,0.8125,0.625,0.16776125,0.7953414999999999,0.6559468125
0.125,0.8125,0.6875,0.165415875,0.79776925,0.7056440625
0.125,0.8125,0.75,0.1630705,0.8001969999999999,0.7553413124999999
0.125,0.8125,0.8125,0.160725125,0.80262475,0.8050385625
0.125,0.8125,0.875,0.15837974999999999,0.8050525,0.8547358125
0.125,0.8125,0.9375,0.156034375,0.80748025,0.9044330624999999
0.125,0.8125,1.0,0.153689,0.809908,0.9541303125
0.125,0.875,0.0,0.196808125,0.8302384999999999,0.17109875
0.125,0.875,0.0625,0.19446275,0.8326662499999998,0.220796
0.125,0.875,0.125,0.192117375,0.8350939999999999,0.27049325
0.125,0.875,0.1875,0.189772,0.8375217499999998,0.3201905
0.125,0.875,0.25,0.187426625,0.8399494999999999,0.36988774999999996
0.125,0.875,0.3125,0.18508125,0.8423772499999999,0.419585
0.125,0.875,0.375,0.182735875,0.8448049999999999,0.46928225
0.125,0.875,0.4375,0.1803905,0.8472327499999999,0.5189794999999999
0.125,0.875,0.5,0.178045125,0.8496604999999999,0.56867675
0.125,0.875,0.5625,0.17569975,0.8520882499999999,0.618374
0.125,0.875,0.625,0.173354375,0.8545159999999998,0.66807125
0.125,0.875,0.6875,0.171009,0.8569437499999999,0.7177684999999999
0.125,0.875,0.75,0.168663625,0.8593714999999998,0.76746575
0.125,0.875,0.8125,0.16631825,0.8617992499999999,0.817163
0.125,0.875,0.875,0.16397287500000002,0.8642269999999999,0.8668602499999999
0.125,0.875,0.9375,0.1616275,0.8666547499999999,0.9165574999999999
0.125,0.875,1.0,0.159282125,0.8690824999999999,0.9662547499999999
0.125,0.9375,0.0,0.20240124999999998,0.8894129999999999,0.1832231875
0.125,0.9375,0.0625,0.20005587499999997,0.8918407499999998,0.2329204375
0.125,0.9375,0.125,0.19771049999999998,0.8942684999999999,0.2826176875
0.125,0.9375,0.1875,0.19536512499999997,0.8966962499999999,0.33231493749999996
0.125,0.9375,0.25,0.19301975,0.8991239999999999,0.3820121875
0.125,0.9375,0.3125,0.19067437499999998,0.9015517499999999,0.4317094375
0.125,0.9375,0.375,0.18832899999999997,0.9039794999999999,0.4814066875
0.125,0.9375,0.4375,0.18598362499999999,0.9064072499999999,0.5311039375
0.125,0.9375,0.5,0.18363824999999998,0.908835,0.5808011875
0.125,0.9375,0.5625,0.18129287499999996,0.9112627499999999,0.6304984375
0.125,0.9375,0.625,0.17894749999999998,0.9136904999999999,0.6801956874999999
0.125,0.9375,0.6875,0.17660212499999997,0.9161182499999999,0.7298929375
0.125,0.9375,0.75,0.17425675,0.9185459999999999,0.7795901875
0.125,0.9375,0.8125,0.17191137499999998,0.9209737499999999,0.8292874375
0.125,0.9375,0.875,0.169566,0.9234014999999999,0.8789846874999999
0.125,0.9375,0.9375,0.16722062499999998,0.9258292499999999,0.9286819374999999
0.125,0.9375,1.0,0.16487524999999997,0.9282569999999999,0.9783791875
0.125,1.0,0.0,0.207994375,0.9485874999999999,0.195347625
0.125,1.0,0.0625,0.205649,0.9510152499999999,0.245044875
0.125,1.0,0.125,0.20330362500000002,0.9534429999999999,0.29474212499999997
0.125,1.0,0.1875,0.20095825,0.9558707499999999,0.344439375
0.125,1.0,0.25,0.19861287500000002,0.9582984999999999,0.394136625
0.125,1.0,0.3125,0.1962675,0.9607262499999999,0.443833875
0.125,1.0,0.375,0.193922125,0.963154,0.49353112499999996
0.125,1.0,0.4375,0.19157675000000002,0.9655817499999999,0.543228375
0.125,1.0,0.5,0.189231375,0.9680095,0.592925625
0.125,1.0,0.5625,0.186886,0.9704372499999999,0.642622875
0.125,1.0,0.625,0.184540625,0.9728649999999999,0.692320125
0.125,1.0,0.6875,0.18219525,0.9752927499999999,0.742017375
0.125,1.0,0.75,0.17984987500000002,0.9777204999999999,0.791714625
0.125,1.0,0.8125,0.1775045,0.9801482499999999,0.841411875
0.125,1.0,0.875,0.17515912500000003,0.9825759999999999,0.891109125
0.125,1.0,0.9375,0.17281375000000002,0.98500375,0.940806375
0.125,1.0,1.0,0.170468375,0.9874314999999999,0.990503625
0.1875,0.0,0.0,0.1777565625,0.00269325,0.0020349375
0.1875,0.0,0.0625,0.17541118749999998,0.005121,0.0517321875
0.1875,0.0,0.125,0.1730658125,0.00754875,0.1014294375
0.1875,0.0,0.1875,0.1707204375,0.0099765,0.1511266875
0.1875,0.0,0.25,0.1683750625,0.012404249999999999,0.2008239375
0.1875,0.0,0.3125,0.1660296875,0.014831999999999998,0.25052118749999996
0.1875,0.0,0.375,0.16368431249999998,0.01725975,0.3002184375
0.1875,0.0,0.4375,0.1613389375,0.0196875,0.34991568749999996
0.1875,0.0,0.5,0.1589935625,0.02211525,0.3996129375
0.1875,0.0,0.5625,0.15664818749999998,0.024543,0.4493101875
0.1875,0.0,0.625,0.1543028125,0.026970749999999998,0.4990074375
0.1875,0.0,0.6875,0.1519574375,0.029398499999999998,0.5487046874999999
0.1875,0.0,0.75,0.1496120625,0.03182625,0.5984019374999999
0.1875,0.0,0.8125,0.1472666875,0.034254,0.6480991875
0.1875,0.0,0.875,0.1449213125,0.03668175,0.6977964374999999
0.1875,0.0,0.9375,0.1425759375,0.0391095,0.7474936874999999
0.1875,0.0,1.0,0.1402305625,0.04153725,0.7971909374999999
0.1875,0.0625,0.0,0.1833496875,0.06186775,0.014159375
0.1875,0.0625,0.0625,0.1810043125,0.0642955,0.063856625
0.1875,0.0625,0.125,0.1786589375,0.06672325,0.113553875
0.1875,0.0625,0.1875,0.1763135625,0.069151,0.163251125
0.1875,0.0625,0.25,0.1739681875,0.07157875,0.212948375
0.1875,0.0625,0.3125,0.1716228125,0.0740065,0.262645625
0.1875,0.0625,0.375,0.1692774375,0.07643425,0.31234287499999996
0.1875,0.0625,0.4375,0.1669320625,0.078862,0.36204012499999993
0.1875,0.0625,0.5,0.1645866875,0.08128975,0.41173737499999996
0.1875,0.0625,0.5625,0.1622413125,0.0837175,0.461434625
0.1875,0.0625,0.625,0.1598959375,0.08614524999999999,0.511131875
0.1875,0.0625,0.6875,0.1575505625,0.088573,0.5608291249999999
0.1875,0.0625,0.75,0.1552051875,0.09100074999999999,0.610526375
0.1875,0.0625,0.8125,0.1528598125,0.0934285,0.660223625
0.1875,0.0625,0.875,0.1505144375,0.09585625,0.7099208749999999
0.1875,0.0625,0.9375,0.1481690625,0.098284,0.7596181249999999
0.1875,0.0625,1.0,0.1458236875,0.10071174999999999,0.809315375
0.1875,0.125,0.0,0.1889428125,0.12104224999999999,0.0262838125
0.1875,0.125,0.0625,0.1865974375,0.12347,0.0759810625
0.1875,0.125,0.125,0.1842520625,0.12589775,0.1256783125
0.1875,0.125,0.1875,0.1819066875,0.12832549999999998,0.1753755625
0.1875,0.125,0.25,0.17956131250000001,0.13075325,0.2250728125
0.1875,0.125,0.3125,0.1772159375,0.133181,0.27477006249999997
0.1875,0.125,0.375,0.1748705625,0.13560875,0.3244673125
0.1875,0.125,0.4375,0.1725251875,0.13803649999999998,0.37416456249999996
0.1875,0.125,0.5,0.1701798125,0.14046424999999998,0.4238618125
0.1875,0.125,0.5625,0.1678344375,0.142892,0.4735590625
0.1875,0.125,0.625,0.1654890625,0.14531975,0.5232563124999999
0.1875,0.125,0.6875,0.1631436875,0.14774749999999998,0.5729535625
0.1875,0.125,0.75,0.1607983125,0.15017524999999998,0.6226508125
0.1875,0.125,0.8125,0.1584529375,0.152603,0.6723480625
0.1875,0.125,0.875,0.15610756250000002,0.15503075,0.7220453124999999
0.1875,0.125,0.9375,0.1537621875,0.1574585,0.7717425625
0.1875,0.125,1.0,0.1514168125,0.15988624999999998,0.8214398125
0.1875,0.1875,0.0,0.19453593749999998,0.18021675,0.03840825
0.1875,0.1875,0.0625,0.19219056249999997,0.18264450000000002,0.0881055
0.1875,0.1875,0.125,0.18984518749999998,0.18507225000000002,0.13780275
0.1875,0.1875,0.1875,0.18749981249999997,0.1875,0.1875
0.1875,0.1875,0.25,0.1851544375,0.18992775,0.23719725
0.1875,0.1875,0.3125,0.18280906249999998,0.1923555,0.2868945
0.1875,0.1875,0.375,0.18046368749999997,0.19478325000000002,0.33659174999999997
0.1875,0.1875,0.4375,0.1781183125,0.197211,0.38628899999999994
0.1875,0.1875,0.5,0.17577293749999998,0.19963875,0.43598624999999996
0.1875,0.1875,0.5625,0.17342756249999997,0.2020665,0.4856835
0.1875,0.1875,0.625,0.17108218749999998,0.20449425000000002,0.53538075
0.1875,0.1875,0.6875,0.16873681249999997,0.206922,0.585078
0.1875,0.1875,0.75,0.1663914375,0.20934975,0.63477525
0.1875,0.1875,0.8125,0.16404606249999998,0.2117775,0.6844725
0.1875,0.1875,0.875,0.1617006875,0.21420525,0.73416975
0.1875,0.1875,0.9375,0.15935531249999998,0.21663300000000002,0.783867
0.1875,0.1875,1.0,0.15700993749999997,0.21906075,0.83356425
0.1875,0.25,0.0,0.20012906249999998,0.23939125,0.0505326875
0.1875,0.25,0.0625,0.19778368749999997,0.241819,0.1002299375
0.1875,0.25,0.125,0.1954383125,0.24424675,0.1499271875
0.1875,0.25,0.1875,0.19309293749999998,0.2466745,0.1996244375
0.1875,0.25,0.25,0.1907475625,0.24910225,0.2493216875
0.1875,0.25,0.3125,0.18840218749999998,0.25153,0.29901893749999997
0.1875,0.25,0.375,0.18605681249999997,0.25395775,0.3487161875
0.1875,0.25,0.4375,0.1837114375,0.2563855,0.39841343749999997
0.1875,0.25,0.5,0.18136606249999998,0.25881325,0.4481106875
0.1875,0.25,0.5625,0.1790206875,0.261241,0.4978079375
0.1875,0.25,0.625,0.1766753125,0.26366875,0.5475051875
0.1875,0.25,0.6875,0.17432993749999998,0.2660965,0.5972024374999999
0.1875,0.25,0.75,0.1719845625,0.26852425,0.6468996874999999
0.1875,0.25,0.8125,0.16963918749999998,0.27095199999999997,0.6965969375
0.1875,0.25,0.875,0.16729381249999997,0.27337975,0.7462941874999999
0.1875,0.25,0.9375,0.1649484375,0.2758075,0.7959914374999999
0.1875,0.25,1.0,0.16260306249999998,0.27823525,0.8456886874999999
0.1875,0.3125,0.0,0.2057221875,0.29856574999999996,0.062657125
0.1875,0.3125,0.0625,0.20337681249999998,0.30099349999999997,0.11235437499999999
0.1875,0.3125,0.125,0.2010314375,0.30342125,0.16205162499999998
0.1875,0.3125,0.1875,0.19868606249999998,0.305849,0.211748875
0.1875,0.3125,0.25,0.1963406875,0.30827675,0.261446125
0.1875,0.3125,0.3125,0.1939953125,0.31070449999999994,0.311143375
0.1875,0.3125,0.375,0.19164993749999998,0.31313224999999995,0.36084062499999997
0.1875,0.3125,0.4375,0.1893045625,0.31555999999999995,0.41053787499999994
0.1875,0.3125,0.5,0.18695918749999998,0.31798774999999996,0.46023512499999997
0.1875,0.3125,0.5625,0.18461381249999997,0.32041549999999996,0.509932375
0.1875,0.3125,0.625,0.1822684375,0.32284324999999997,0.559629625
0.1875,0.3125,0.6875,0.17992306249999998,0.325271,0.6093268749999999
0.1875,0.3125,0.75,0.1775776875,0.32769875,0.659024125
0.1875,0.3125,0.8125,0.1752323125,0.3301265,0.708721375
0.1875,0.3125,0.875,0.1728869375,0.33255424999999994,0.7584186249999999
0.1875,0.3125,0.9375,0.1705415625,0.33498199999999995,0.8081158749999999
0.1875,0.3125,1.0,0.16819618749999998,0.33740974999999995,0.857813125
0.1875,0.375,0.0,0.2113153125,0.35774025,0.0747815625
0.1875,0.375,0.0625,0.20896993749999998,0.360168,0.1244788125
0.1875,0.375,0.125,0.2066245625,0.36259575,0.1741760625
0.1875,0.375,0.1875,0.2042791875,0.3650235,0.22387331249999998
0.1875,0.375,0.25,0.2019338125,0.36745125,0.2735705625
0.1875,0.375,0.3125,0.1995884375,0.36987899999999996,0.3232678125
0.1875,0.375,0.375,0.19724306249999998,0.37230674999999996,0.3729650625
0.1875,0.375,0.4375,0.1948976875,0.37473449999999997,0.42266231249999997
0.1875,0.375,0.5,0.1925523125,0.37716225,0.4723595625
0.1875,0.375,0.5625,0.1902069375,0.37959,0.5220568125
0.1875,0.375,0.625,0.1878615625,0.38201775,0.5717540624999999
0.1875,0.375,0.6875,0.18551618749999998,0.3844455,0.6214513125
0.1875,0.375,0.75,0.1831708125,0.38687325,0.6711485625
0.1875,0.375,0.8125,0.1808254375,0.389301,0.7208458125
0.1875,0.375,0.875,0.17848006249999998,0.39172874999999996,0.7705430624999999
0.1875,0.375,0.9375,0.1761346875,0.39415649999999997,0.8202403125
0.1875,0.375,1.0,0.1737893125,0.39658424999999997,0.8699375625
0.1875,0.4375,0.0,0.2169084375,0.41691474999999995,0.086906
0.1875,0.4375,0.0625,0.21456306249999998,0.41934249999999995,0.13660325
0.1875,0.4375,0.125,0.2122176875,0.42177024999999996,0.18630049999999998
0.1875,0.4375,0.1875,0.2098723125,0.42419799999999996,0.23599775
0.1875,0.4375,0.25,0.2075269375,0.42662574999999997,0.285695
0.1875,0.4375,0.3125,0.2051815625,0.4290534999999999,0.33539225
0.1875,0.4375,0.375,0.2028361875,0.4314812499999999,0.3850895
0.1875,0.4375,0.4375,0.2004908125,0.43390899999999993,0.43478674999999994
0.1875,0.4375,0.5,0.1981454375,0.43633674999999994,0.48448399999999997
0.1875,0.4375,0.5625,0.19580006249999998,0.43876449999999995,0.53418125
0.1875,0.4375,0.625,0.1934546875,0.44119224999999995,0.5838785
0.1875,0.4375,0.6875,0.1911093125,0.44361999999999996,0.63357575
0.1875,0.4375,0.75,0.1887639375,0.44604774999999997,0.683273
0.1875,0.4375,0.8125,0.1864185625,0.4484754999999999,0.73297025
0.1875,0.4375,0.875,0.1840731875,0.4509032499999999,0.7826675
0.1875,0.4375,0.9375,0.1817278125,0.45333099999999993,0.83236475
0.1875,0.4375,1.0,0.1793824375,0.45575874999999993,0.882062
0.1875,0.5,0.0,0.2225015625,0.47608924999999996,0.0990304375
0.1875,0.5,0.0625,0.2201561875,0.47851699999999997,0.14872768749999998
0.1875,0.5,0.125,0.2178108125,0.48094475,0.1984249375
0.1875,0.5,0.1875,0.2154654375,0.4833725,0.24812218749999998
0.1875,0.5,0.25,0.2131200625,0.48580025,0.2978194375
0.1875,0.5,0.3125,0.2107746875,0.48822799999999994,0.3475166875
0.1875,0.5,0.375,0.2084293125,0.49065574999999995,0.3972139375
0.1875,0.5,0.4375,0.2060839375,0.49308349999999995,0.4469111875
0.1875,0.5,0.5,0.2037385625,0.49551124999999996,0.4966084375
0.1875,0.5,0.5625,0.20139318750000001,0.49793899999999996,0.5463056875
0.1875,0.5,0.625,0.1990478125,0.50036675,0.5960029375
0.1875,0.5,0.6875,0.1967024375,0.5027944999999999,0.6457001874999999
0.1875,0.5,0.75,0.1943570625,0.50522225,0.6953974374999999
0.1875,0.5,0.8125,0.1920116875,0.5076499999999999,0.7450946875
0.1875,0.5,0.875,0.1896663125,0.51007775,0.7947919374999999
0.1875,0.5,0.9375,0.1873209375,0.5125055,0.8444891874999999
0.1875,0.5,1.0,0.1849755625,0.51493325,0.8941864374999999
0.1875,0.5625,0.0,0.2280946875,0.5352637499999999,0.111154875
0.1875,0.5625,0.0625,0.2257493125,0.5376914999999999,0.160852125
0.1875,0.5625,0.125,0.2234039375,0.5401192499999999,0.21054937499999998
0.1875,0.5625,0.1875,0.2210585625,0.5425469999999999,0.260246625
0.1875,0.5625,0.25,0.21871318750000002,0.54497475,0.309943875
0.1875,0.5625,0.3125,0.2163678125,0.5474024999999999,0.359641125
0.1875,0.5625,0.375,0.2140224375,0.54983025,0.409338375
0.1875,0.5625,0.4375,0.2116770625,0.5522579999999999,0.45903562499999995
0.1875,0.5625,0.5,0.2093316875,0.55468575,0.508732875
0.1875,0.5625,0.5625,0.2069863125,0.5571134999999999,0.558430125
0.1875,0.5625,0.625,0.2046409375,0.5595412499999999,0.608127375
0.1875,0.5625,0.6875,0.2022955625,0.5619689999999999,0.6578246249999999
0.1875,0.5625,0.75,0.19995018750000002,0.5643967499999999,0.707521875
0.1875,0.5625,0.8125,0.1976048125,0.5668245,0.757219125
0.1875,0.5625,0.875,0.19525943750000002,0.5692522499999999,0.8069163749999999
0.1875,0.5625,0.9375,0.1929140625,0.57168,0.8566136249999999
0.1875,0.5625,1.0,0.1905686875,0.5741077499999999,0.906310875
0.1875,0.625,0.0,0.23368781249999998,0.59443825,0.1232793125
0.1875,0.625,0.0625,0.23134243749999997,0.5968659999999999,0.1729765625
0.1875,0.625,0.125,0.2289970625,0.59929375,0.2226738125
0.1875,0.625,0.1875,0.22665168749999998,0.6017214999999999,0.2723710625
0.1875,0.625,0.25,0.2243063125,0.60414925,0.3220683125
0.1875,0.625,0.3125,0.22196093749999998,0.6065769999999999,0.3717655625
0.1875,0.625,0.375,0.21961556249999997,0.60900475,0.4214628125
0.1875,0.625,0.4375,0.2172701875,0.6114324999999999,0.4711600625
0.1875,0.625,0.5,0.21492481249999998,0.61386025,0.5208573125
0.1875,0.625,0.5625,0.21257943749999997,0.616288,0.5705545625
0.1875,0.625,0.625,0.21023406249999999,0.6187157499999999,0.6202518124999999
0.1875,0.625,0.6875,0.20788868749999997,0.6211435,0.6699490625
0.1875,0.625,0.75,0.2055433125,0.6235712499999999,0.7196463125
0.1875,0.625,0.8125,0.20319793749999998,0.625999,0.7693435625
0.1875,0.625,0.875,0.2008525625,0.6284267499999999,0.8190408124999999
0.1875,0.625,0.9375,0.1985071875,0.6308545,0.8687380625
0.1875,0.625,1.0,0.19616181249999998,0.6332822499999999,0.9184353125
0.1875,0.6875,0.0,0.23928093749999998,0.65361275,0.13540375
0.1875,0.6875,0.0625,0.23693556249999997,0.6560404999999999,0.185101
0.1875,0.6875,0.125,0.2345901875,0.65846825,0.23479825
0.1875,0.6875,0.1875,0.23224481249999998,0.6608959999999999,0.2844955
0.1875,0.6875,0.25,0.2298994375,0.66332375,0.33419275
0.1875,0.6875,0.3125,0.2275540625,0.6657514999999999,0.38388999999999995
0.1875,0.6875,0.375,0.22520868749999998,0.66817925,0.43358725
0.1875,0.6875,0.4375,0.2228633125,0.670607,0.48328449999999995
0.1875,0.6875,0.5,0.22051793749999998,0.67303475,0.53298175
0.1875,0.6875,0.5625,0.2181725625,0.6754625,0.582679
0.1875,0.6875,0.625,0.2158271875,0.6778902499999999,0.63237625
0.1875,0.6875,0.6875,0.21348181249999998,0.680318,0.6820735
0.1875,0.6875,0.75,0.2111364375,0.6827457499999999,0.7317707499999999
0.1875,0.6875,0.8125,0.20879106249999999,0.6851735,0.781468
0.1875,0.6875,0.875,0.20644568749999997,0.6876012499999999,0.83116525
0.1875,0.6875,0.9375,0.2041003125,0.690029,0.8808624999999999
0.1875,0.6875,1.0,0.20175493749999998,0.69245675,0.93055975
0.1875,0.75,0.0,0.2448740625,0.71278725,0.1475281875
0.1875,0.75,0.0625,0.24252868749999998,0.7152149999999999,0.1972254375
0.1875,0.75,0.125,0.2401833125,0.71764275,0.2469226875
0.1875,0.75,0.1875,0.23783793749999999,0.7200705,0.2966199375
0.1875,0.75,0.25,0.2354925625,0.72249825,0.34631718749999996
0.1875,0.75,0.3125,0.2331471875,0.724926,0.3960144375
0.1875,0.75,0.375,0.23080181249999998,0.72735375,0.4457116875
0.1875,0.75,0.4375,0.2284564375,0.7297815,0.4954089374999999
0.1875,0.75,0.5,0.2261110625,0.73220925,0.5451061875
0.1875,0.75,0.5625,0.22376568749999998,0.734637,0.5948034375
0.1875,0.75,0.625,0.2214203125,0.7370647499999999,0.6445006875
0.1875,0.75,0.6875,0.21907493749999998,0.7394925,0.6941979374999999
0.1875,0.75,0.75,0.2167295625,0.74192025,0.7438951874999999
0.1875,0.75,0.8125,0.2143841875,0.744348,0.7935924375
0.1875,0.75,0.875,0.2120388125,0.74677575,0.8432896874999999
0.1875,0.75,0.9375,0.2096934375,0.7492035,0.8929869374999999
0.1875,0.75,1.0,0.20734806249999999,0.75163125,0.9426841874999999
0.1875,0.8125,0.0,0.25046718749999997,0.77196175,0.159652625
0.1875,0.8125,0.0625,0.24812181249999996,0.7743895,0.209349875
0.1875,0.8125,0.125,0.24577643749999997,0.77681725,0.259047125
0.1875,0.8125,0.1875,0.24343106249999996,0.779245,0.30874437499999996
0.1875,0.8125,0.25,0.24108568749999998,0.78167275,0.358441625
0.1875,0.8125,0.3125,0.23874031249999997,0.7841005,0.408138875
0.1875,0.8125,0.375,0.23639493749999996,0.78652825,0.457836125
0.1875,0.8125,0.4375,0.23404956249999997,0.788956,0.507533375
0.1875,0.8125,0.5,0.23170418749999996,0.79138375,0.557230625
0.1875,0.8125,0.5625,0.22935881249999995,0.7938115,0.606927875
0.1875,0.8125,0.625,0.22701343749999997,0.79623925,0.6566251249999999
0.1875,0.8125,0.6875,0.22466806249999996,0.798667,0.706322375
0.1875,0.8125,0.75,0.22232268749999998,0.80109475,0.756019625
0.1875,0.8125,0.8125,0.21997731249999997,0.8035225,0.805716875
0.1875,0.8125,0.875,0.21763193749999998,0.80595025,0.8554141249999999
0.1875,0.8125,0.9375,0.21528656249999997,0.808378,0.9051113749999999
0.1875,0.8125,1.0,0.21294118749999996,0.81080575,0.954808625
0.1875,0.875,0.0,0.2560603125,0.8311362499999999,0.1717770625
0.1875,0.875,0.0625,0.2537149375,0.8335639999999999,0.2214743125
0.1875,0.875,0.125,0.2513695625,0.8359917499999999,0.27117156249999996
0.1875,0.875,0.1875,0.2490241875,0.8384194999999999,0.3208688125
0.1875,0.875,0.25,0.2466788125,0.8408472499999999,0.3705660625
0.1875,0.875,0.3125,0.2443334375,0.8432749999999999,0.4202633125
0.1875,0.875,0.375,0.2419880625,0.84570275,0.46996056249999996
0.1875,0.875,0.4375,0.2396426875,0.8481304999999999,0.5196578125
0.1875,0.875,0.5,0.2372973125,0.85055825,0.5693550625
0.1875,0.875,0.5625,0.23495193749999999,0.8529859999999999,0.6190523125
0.1875,0.875,0.625,0.2326065625,0.8554137499999999,0.6687495625
0.1875,0.875,0.6875,0.2302611875,0.8578414999999999,0.7184468125
0.1875,0.875,0.75,0.2279158125,0.8602692499999999,0.7681440625
0.1875,0.875,0.8125,0.2255704375,0.8626969999999999,0.8178413125
0.1875,0.875,0.875,0.22322506250000002,0.8651247499999999,0.8675385624999999
0.1875,0.875,0.9375,0.2208796875,0.8675525,0.9172358125
0.1875,0.875,1.0,0.2185343125,0.8699802499999999,0.9669330625
0.1875,0.9375,0.0,0.2616534375,0.8903107499999999,0.1839015
0.1875,0.9375,0.0625,0.2593080625,0.8927384999999999,0.23359875
0.1875,0.9375,0.125,0.25696268749999995,0.8951662499999999,0.283296
0.1875,0.9375,0.1875,0.25461731249999997,0.8975939999999999,0.33299325
0.1875,0.9375,0.25,0.2522719375,0.90002175,0.3826905
0.1875,0.9375,0.3125,0.24992656249999998,0.9024494999999999,0.43238774999999996
0.1875,0.9375,0.375,0.24758118749999997,0.90487725,0.482085
0.1875,0.9375,0.4375,0.24523581249999998,0.9073049999999999,0.53178225
0.1875,0.9375,0.5,0.24289043749999997,0.90973275,0.5814794999999999
0.1875,0.9375,0.5625,0.24054506249999996,0.9121604999999999,0.6311767500000001
0.1875,0.9375,0.625,0.23819968749999998,0.9145882499999999,0.680874
0.1875,0.9375,0.6875,0.23585431249999997,0.9170159999999999,0.7305712499999999
0.1875,0.9375,0.75,0.23350893749999999,0.9194437499999999,0.7802685
0.1875,0.9375,0.8125,0.23116356249999997,0.9218715,0.82996575
0.1875,0.9375,0.875,0.2288181875,0.9242992499999999,0.8796629999999999
0.1875,0.9375,0.9375,0.22647281249999998,0.926727,0.92936025
0.1875,0.9375,1.0,0.22412743749999997,0.9291547499999999,0.9790574999999999
0.1875,1.0,0.0,0.2672465625,0.94948525,0.1960259375
0.1875,1.0,0.0625,0.2649011875,0.9519129999999999,0.2457231875
0.1875,1.0,0.125,0.2625558125,0.95434075,0.2954204375
0.1875,1.0,0.1875,0.2602104375,0.9567684999999999,0.3451176875
0.1875,1.0,0.25,0.2578650625,0.95919625,0.39481493749999996
0.1875,1.0,0.3125,0.2555196875,0.9616239999999999,0.4445121875
0.1875,1.0,0.375,0.2531743125,0.96405175,0.4942094375
0.1875,1.0,0.4375,0.2508289375,0.9664794999999999,0.5439066874999999
0.1875,1.0,0.5,0.2484835625,0.96890725,0.5936039375
0.1875,1.0,0.5625,0.2461381875,0.971335,0.6433011875
0.1875,1.0,0.625,0.2437928125,0.9737627499999999,0.6929984375
0.1875,1.0,0.6875,0.2414474375,0.9761905,0.7426956874999999
0.1875,1.0,0.75,0.23910206250000002,0.9786182499999999,0.7923929375
0.1875,1.0,0.8125,0.2367566875,0.981046,0.8420901875
0.1875,1.0,0.875,0.23441131250000002,0.9834737499999999,0.8917874374999999
0.1875,1.0,0.9375,0.2320659375,0.9859015,0.9414846874999999
0.1875,1.0,1.0,0.2297205625,0.9883292499999999,0.9911819374999999
0.25,0.0,0.0,0.23700875,0.003591,0.00271325
0.25,0.0,0.0625,0.23466337499999998,0.00601875,0.0524105
0.25,0.0,0.125,0.232318,0.0084465,0.10210775
0.25,0.0,0.1875,0.22997262499999999,0.01087425,0.151805
0.25,0.0,0.25,0.22762725,0.013302,0.20150225
0.25,0.0,0.3125,0.225281875,0.015729749999999997,0.25119949999999996
0.25,0.0,0.375,0.22293649999999998,0.0181575,0.30089675
0.25,0.0,0.4375,0.220591125,0.02058525,0.35059399999999996
0.25,0.0,0.5,0.21824575,0.023013,0.40029125
0.25,0.0,0.5625,0.21590037499999998,0.025440749999999998,0.4499885
0.25,0.0,0.625,0.213555,0.027868499999999997,0.49968575
0.25,0.0,0.6875,0.21120962499999998,0.030296249999999997,0.549383
0.25,0.0,0.75,0.20886425,0.032723999999999996,0.59908025
0.25,0.0,0.8125,0.206518875,0.035151749999999995,0.6487775
0.25,0.0,0.875,0.2041735,0.037579499999999995,0.6984747499999999
0.25,0.0,0.9375,0.201828125,0.040007249999999994,0.748172
0.25,0.0,1.0,0.19948275,0.042434999999999994,0.79786925
0.25,0.0625,0.0,0.242601875,0.0627655,0.0148376875
0.25,0.0625,0.0625,0.24025649999999998,0.06519325000000001,0.0645349375
0.25,0.0625,0.125,0.237911125,0.067621,0.1142321875
0.25,0.0625,0.1875,0.23556575,0.07004875,0.1639294375
0.25,0.0625,0.25,0.233220375,0.0724765,0.2136266875
0.25,0.0625,0.3125,0.230875,0.07490425,0.2633239375
0.25,0.0625,0.375,0.228529625,0.077332,0.31302118749999996
0.25,0.0625,0.4375,0.22618425,0.07975975,0.36271843749999994
0.25,0.0625,0.5,0.223838875,0.0821875,0.41241568749999996
0.25,0.0625,0.5625,0.2214935,0.08461525,0.4621129375
0.25,0.0625,0.625,0.219148125,0.087043,0.5118101875
0.25,0.0625,0.6875,0.21680275,0.08947075,0.5615074375
0.25,0.0625,0.75,0.214457375,0.0918985,0.6112046875
0.25,0.0625,0.8125,0.212112,0.09432625,0.6609019375
0.25,0.0625,0.875,0.20976662499999998,0.096754,0.7105991875
0.25,0.0625,0.9375,0.20742125,0.09918175,0.7602964375
0.25,0.0625,1.0,0.205075875,0.10160949999999999,0.8099936875
0.25,0.125,0.0,0.248195,0.12193999999999999,0.026962125
0.25,0.125,0.0625,0.245849625,0.12436775,0.076659375
0.25,0.125,0.125,0.24350425,0.1267955,0.126356625
0.25,0.125,0.1875,0.241158875,0.12922324999999998,0.176053875
0.25,0.125,0.25,0.2388135,0.131651,0.225751125
0.25,0.125,0.3125,0.236468125,0.13407875,0.27544837499999997
0.25,0.125,0.375,0.23412275,0.1365065,0.325145625
0.25,0.125,0.4375,0.231777375,0.13893424999999998,0.37484287499999996
0.25,0.125,0.5,0.229432,0.141362,0.424540125
0.25,0.125,0.5625,0.227086625,0.14378975,0.474237375
0.25,0.125,0.625,0.22474125,0.1462175,0.523934625
0.25,0.125,0.6875,0.222395875,0.14864524999999998,0.5736318749999999
0.25,0.125,0.75,0.2200505,0.15107299999999999,0.6233291249999999
0.25,0.125,0.8125,0.217705125,0.15350075,0.673026375
0.25,0.125,0.875,0.21535975000000002,0.1559285,0.7227236249999999
0.25,0.125,0.9375,0.213014375,0.15835624999999998,0.7724208749999999
0.25,0.125,1.0,0.210669,0.16078399999999998,0.8221181249999999
0.25,0.1875,0.0,0.253788125,0.1811145,0.0390865625
0.25,0.1875,0.0625,0.25144275,0.18354225000000002,0.0887838125
0.25,0.1875,0.125,0.24909737499999998,0.18597000000000002,0.1384810625
0.25,0.1875,0.1875,0.24675199999999997,0.18839775,0.1881783125
0.25,0.1875,0.25,0.244406625,0.1908255,0.2378755625
0.25,0.1875,0.3125,0.24206124999999998,0.19325325000000002,0.2875728125
0.25,0.1875,0.375,0.23971587499999997,0.19568100000000002,0.33727006249999997
0.25,0.1875,0.4375,0.23737049999999998,0.19810875,0.38696731249999994
0.25,0.1875,0.5,0.23502512499999997,0.2005365,0.43666456249999996
0.25,0.1875,0.5625,0.23267974999999996,0.20296425,0.4863618125
0.25,0.1875,0.625,0.23033437499999998,0.20539200000000002,0.5360590625
0.25,0.1875,0.6875,0.22798899999999997,0.20781975,0.5857563124999999
0.25,0.1875,0.75,0.225643625,0.2102475,0.6354535625
0.25,0.1875,0.8125,0.22329824999999998,0.21267525,0.6851508125
0.25,0.1875,0.875,0.220952875,0.21510300000000002,0.7348480624999999
0.25,0.1875,0.9375,0.21860749999999998,0.21753075,0.7845453124999999
0.25,0.1875,1.0,0.21626212499999997,0.2199585,0.8342425625
0.25,0.25,0.0,0.25938125,0.240289,0.051211
0.25,0.25,0.0625,0.257035875,0.24271675,0.10090825
0.25,0.25,0.125,0.2546905,0.24514450000000002,0.1506055
0.25,0.25,0.1875,0.252345125,0.24757225,0.20030275
0.25,0.25,0.25,0.24999975000000002,0.25,0.25
0.25,0.25,0.3125,0.247654375,0.25242775,0.29969724999999997
0.25,0.25,0.375,0.245309,0.2548555,0.3493945
0.25,0.25,0.4375,0.24296362500000002,0.25728325,0.39909174999999997
0.25,0.25,0.5,0.24061825,0.259711,0.448789
0.25,0.25,0.5625,0.238272875,0.26213875,0.49848625
0.25,0.25,0.625,0.2359275,0.2645665,0.5481834999999999
0.25,0.25,0.6875,0.233582125,0.26699425,0.59788075
0.25,0.25,0.75,0.23123675000000002,0.269422,0.647578
0.25,0.25,0.8125,0.228891375,0.27184975,0.69727525
0.25,0.25,0.875,0.22654600000000003,0.2742775,0.7469724999999999
0.25,0.25,0.9375,0.22420062500000001,0.27670525,0.79666975
0.25,0.25,1.0,0.22185525,0.279133,0.846367
0.25,0.3125,0.0,0.264974375,0.2994635,0.0633354375
0.25,0.3125,0.0625,0.262629,0.30189125,0.11303268749999999
0.25,0.3125,0.125,0.26028362499999996,0.304319,0.16272993749999998
0.25,0.3125,0.1875,0.25793825,0.30674675,0.2124271875
0.25,0.3125,0.25,0.255592875,0.3091745,0.2621244375
0.25,0.3125,0.3125,0.25324749999999996,0.31160224999999997,0.3118216875
0.25,0.3125,0.375,0.250902125,0.31403,0.36151893749999997
0.25,0.3125,0.4375,0.24855675,0.31645775,0.41121618749999994
0.25,0.3125,0.5,0.24621137499999998,0.3188855,0.46091343749999997
0.25,0.3125,0.5625,0.24386599999999997,0.32131325,0.5106106875
0.25,0.3125,0.625,0.241520625,0.323741,0.5603079375
0.25,0.3125,0.6875,0.23917524999999998,0.32616875,0.6100051875
0.25,0.3125,0.75,0.236829875,0.3285965,0.6597024375
0.25,0.3125,0.8125,0.23448449999999998,0.33102425,0.7093996875
0.25,0.3125,0.875,0.232139125,0.33345199999999997,0.7590969375
0.25,0.3125,0.9375,0.22979375,0.33587975,0.8087941875
0.25,0.3125,1.0,0.22744837499999998,0.3383075,0.8584914375
0.25,0.375,0.0,0.27056749999999996,0.358638,0.075459875
0.25,0.375,0.0625,0.268222125,0.36106575,0.12515712499999998
0.25,0.375,0.125,0.26587674999999994,0.3634935,0.174854375
0.25,0.375,0.1875,0.26353137499999996,0.36592125000000003,0.22455162499999998
0.25,0.375,0.25,0.261186,0.36834900000000004,0.274248875
0.25,0.375,0.3125,0.25884062499999994,0.37077675,0.323946125
0.25,0.375,0.375,0.25649524999999995,0.3732045,0.373643375
0.25,0.375,0.4375,0.25414987499999997,0.37563225,0.42334062499999997
0.25,0.375,0.5,0.2518045,0.37806,0.473037875
0.25,0.375,0.5625,0.24945912499999995,0.38048775,0.522735125
0.25,0.375,0.625,0.24711374999999997,0.3829155,0.572432375
0.25,0.375,0.6875,0.24476837499999995,0.38534325,0.6221296249999999
0.25,0.375,0.75,0.24242299999999997,0.38777100000000003,0.6718268749999999
0.25,0.375,0.8125,0.24007762499999996,0.39019875000000004,0.721524125
0.25,0.375,0.875,0.23773224999999998,0.3926265,0.7712213749999999
0.25,0.375,0.9375,0.23538687499999997,0.39505425,0.8209186249999999
0.25,0.375,1.0,0.23304149999999996,0.397482,0.8706158749999999
0.25,0.4375,0.0,0.276160625,0.4178125,0.0875843125
0.25,0.4375,0.0625,0.27381525,0.42024025,0.1372815625
0.25,0.4375,0.125,0.27146987499999997,0.422668,0.18697881249999998
0.25,0.4375,0.1875,0.2691245,0.42509575,0.2366760625
0.25,0.4375,0.25,0.266779125,0.4275235,0.2863733125
0.25,0.4375,0.3125,0.26443374999999997,0.42995124999999995,0.3360705625
0.25,0.4375,0.375,0.262088375,0.43237899999999996,0.3857678125
0.25,0.4375,0.4375,0.259743,0.43480674999999996,0.43546506249999994
0.25,0.4375,0.5,0.257397625,0.43723449999999997,0.48516231249999997
0.25,0.4375,0.5625,0.25505225,0.43966225,0.5348595625
0.25,0.4375,0.625,0.252706875,0.44209,0.5845568125
0.25,0.4375,0.6875,0.2503615,0.44451775,0.6342540624999999
0.25,0.4375,0.75,0.248016125,0.4469455,0.6839513125
0.25,0.4375,0.8125,0.24567075,0.44937324999999995,0.7336485625
0.25,0.4375,0.875,0.243325375,0.45180099999999995,0.7833458124999999
0.25,0.4375,0.9375,0.24098,0.45422874999999996,0.8330430624999999
0.25,0.4375,1.0,0.238634625,0.45665649999999997,0.8827403125
0.25,0.5,0.0,0.28175374999999997,0.476987,0.09970875
0.25,0.5,0.0625,0.279408375,0.47941475,0.14940599999999998
0.25,0.5,0.125,0.27706299999999995,0.4818425,0.19910325
0.25,0.5,0.1875,0.27471762499999997,0.48427025,0.24880049999999998
0.25,0.5,0.25,0.27237225,0.486698,0.29849775
0.25,0.5,0.3125,0.27002687499999994,0.48912574999999997,0.348195
0.25,0.5,0.375,0.26768149999999996,0.4915535,0.39789225
0.25,0.5,0.4375,0.265336125,0.49398125,0.4475895
0.25,0.5,0.5,0.26299075,0.496409,0.49728675
0.25,0.5,0.5625,0.26064537499999996,0.49883675,0.546984
0.25,0.5,0.625,0.2583,0.5012645,0.5966812499999999
0.25,0.5,0.6875,0.255954625,0.50369225,0.6463785
0.25,0.5,0.75,0.25360924999999995,0.50612,0.69607575
0.25,0.5,0.8125,0.25126387499999997,0.50854775,0.745773
0.25,0.5,0.875,0.2489185,0.5109755,0.7954702499999999
0.25,0.5,0.9375,0.24657312499999998,0.51340325,0.8451675
0.25,0.5,1.0,0.24422774999999997,0.515831,0.89486475
0.25,0.5625,0.0,0.287346875,0.5361615,0.1118331875
0.25,0.5625,0.0625,0.2850015,0.5385892499999999,0.1615304375
0.25,0.5625,0.125,0.282656125,0.541017,0.21122768749999998
0.25,0.5625,0.1875,0.28031075,0.5434447499999999,0.2609249375
0.25,0.5625,0.25,0.277965375,0.5458725,0.3106221875
0.25,0.5625,0.3125,0.27562,0.5483002499999999,0.3603194375
0.25,0.5625,0.375,0.273274625,0.550728,0.4100166875
0.25,0.5625,0.4375,0.27092925,0.55315575,0.45971393749999995
0.25,0.5625,0.5,0.268583875,0.5555835,0.5094111875
0.25,0.5625,0.5625,0.2662385,0.55801125,0.5591084375
0.25,0.5625,0.625,0.263893125,0.5604389999999999,0.6088056875
0.25,0.5625,0.6875,0.26154775,0.56286675,0.6585029375
0.25,0.5625,0.75,0.259202375,0.5652944999999999,0.7082001875
0.25,0.5625,0.8125,0.256857,0.56772225,0.7578974375
0.25,0.5625,0.875,0.254511625,0.5701499999999999,0.8075946875
0.25,0.5625,0.9375,0.25216625,0.57257775,0.8572919375
0.25,0.5625,1.0,0.249820875,0.5750055,0.9069891875
0.25,0.625,0.0,0.29294,0.595336,0.123957625
0.25,0.625,0.0625,0.290594625,0.5977637499999999,0.173654875
0.25,0.625,0.125,0.28824924999999996,0.6001915,0.223352125
0.25,0.625,0.1875,0.285903875,0.6026192499999999,0.273049375
0.25,0.625,0.25,0.2835585,0.605047,0.322746625
0.25,0.625,0.3125,0.28121312499999995,0.60747475,0.372443875
0.25,0.625,0.375,0.27886774999999997,0.6099025,0.422141125
0.25,0.625,0.4375,0.276522375,0.61233025,0.471838375
0.25,0.625,0.5,0.274177,0.614758,0.521535625
0.25,0.625,0.5625,0.27183162499999997,0.61718575,0.571232875
0.25,0.625,0.625,0.26948625,0.6196134999999999,0.620930125
0.25,0.625,0.6875,0.267140875,0.62204125,0.6706273749999999
0.25,0.625,0.75,0.26479549999999996,0.6244689999999999,0.7203246249999999
0.25,0.625,0.8125,0.262450125,0.62689675,0.770021875
0.25,0.625,0.875,0.26010475,0.6293245,0.8197191249999999
0.25,0.625,0.9375,0.25775937499999996,0.63175225,0.8694163749999999
0.25,0.625,1.0,0.255414,0.63418,0.9191136249999999
0.25,0.6875,0.0,0.298533125,0.6545105,0.1360820625
0.25,0.6875,0.0625,0.29618775,0.65693825,0.1857793125
0.25,0.6875,0.125,0.293842375,0.659366,0.2354765625
0.25,0.6875,0.1875,0.291497,0.66179375,0.28517381249999996
0.25,0.6875,0.25,0.289151625,0.6642215,0.3348710625
0.25,0.6875,0.3125,0.28680625,0.66664925,0.3845683125
0.25,0.6875,0.375,0.284460875,0.669077,0.4342655625
0.25,0.6875,0.4375,0.2821155,0.67150475,0.48396281249999995
0.25,0.6875,0.5,0.27977012500000004,0.6739325,0.5336600625
0.25,0.6875,0.5625,0.27742475,0.67636025,0.5833573125
0.25,0.6875,0.625,0.275079375,0.678788,0.6330545624999999
0.25,0.6875,0.6875,0.27273400000000003,0.68121575,0.6827518124999999
0.25,0.6875,0.75,0.270388625,0.6836435,0.7324490625
0.25,0.6875,0.8125,0.26804325,0.68607125,0.7821463125
0.25,0.6875,0.875,0.26569787500000003,0.688499,0.8318435624999999
0.25,0.6875,0.9375,0.2633525,0.69092675,0.8815408124999999
0.25,0.6875,1.0,0.261007125,0.6933545,0.9312380625
0.25,0.75,0.0,0.30412625,0.713685,0.1482065
0.25,0.75,0.0625,0.301780875,0.71611275,0.19790375
0.25,0.75,0.125,0.29943549999999997,0.7185405,0.247601
0.25,0.75,0.1875,0.297090125,0.72096825,0.29729825
0.25,0.75,0.25,0.29474475,0.723396,0.3469955
0.25,0.75,0.3125,0.29239937499999996,0.72582375,0.39669275
0.25,0.75,0.375,0.290054,0.7282515,0.44638999999999995
0.25,0.75,0.4375,0.287708625,0.73067925,0.49608725
0.25,0.75,0.5,0.28536325,0.7331070000000001,0.5457845
0.25,0.75,0.5625,0.283017875,0.73553475,0.59548175
0.25,0.75,0.625,0.2806725,0.7379625,0.645179
0.25,0.75,0.6875,0.278327125,0.74039025,0.69487625
0.25,0.75,0.75,0.27598174999999997,0.742818,0.7445735
0.25,0.75,0.8125,0.273636375,0.74524575,0.79427075
0.25,0.75,0.875,0.271291,0.7476735,0.8439679999999999
0.25,0.75,0.9375,0.26894562499999997,0.75010125,0.89366525
0.25,0.75,1.0,0.26660025,0.752529,0.9433625
0.25,0.8125,0.0,0.309719375,0.7728595,0.1603309375
0.25,0.8125,0.0625,0.30737400000000004,0.77528725,0.2100281875
0.25,0.8125,0.125,0.305028625,0.777715,0.2597254375
0.25,0.8125,0.1875,0.30268325,0.78014275,0.3094226875
0.25,0.8125,0.25,0.30033787500000003,0.7825705000000001,0.3591199375
0.25,0.8125,0.3125,0.2979925,0.78499825,0.40881718749999996
0.25,0.8125,0.375,0.295647125,0.7874260000000001,0.4585144375
0.25,0.8125,0.4375,0.29330175,0.78985375,0.5082116875
0.25,0.8125,0.5,0.29095637500000004,0.7922815000000001,0.5579089374999999
0.25,0.8125,0.5625,0.288611,0.79470925,0.6076061875000001
0.25,0.8125,0.625,0.286265625,0.797137,0.6573034375
0.25,0.8125,0.6875,0.28392025000000004,0.79956475,0.7070006874999999
0.25,0.8125,0.75,0.281574875,0.8019925,0.7566979375
0.25,0.8125,0.8125,0.2792295,0.8044202500000001,0.8063951874999999
0.25,0.8125,0.875,0.27688412500000004,0.806848,0.8560924374999999
0.25,0.8125,0.9375,0.27453875,0.8092757500000001,0.9057896875
0.25,0.8125,1.0,0.272193375,0.8117035,0.9554869374999999
0.25,0.875,0.0,0.3153125,0.8320339999999999,0.172455375
0.25,0.875,0.0625,0.312967125,0.8344617499999999,0.222152625
0.25,0.875,0.125,0.31062175,0.8368895,0.271849875
0.25,0.875,0.1875,0.308276375,0.8393172499999999,0.321547125
0.25,0.875,0.25,0.305931,0.841745,0.37124437499999996
0.25,0.875,0.3125,0.30358562499999997,0.8441727499999999,0.420941625
0.25,0.875,0.375,0.30124025,0.8466005,0.470638875
0.25,0.875,0.4375,0.298894875,0.8490282499999999,0.5203361249999999
0.25,0.875,0.5,0.2965495,0.851456,0.570033375
0.25,0.875,0.5625,0.294204125,0.8538837499999999,0.619730625
0.25,0.875,0.625,0.29185875,0.8563114999999999,0.669427875
0.25,0.875,0.6875,0.289513375,0.85873925,0.7191251249999999
0.25,0.875,0.75,0.287168,0.8611669999999999,0.768822375
0.25,0.875,0.8125,0.284822625,0.86359475,0.818519625
0.25,0.875,0.875,0.28247725,0.8660224999999999,0.8682168749999999
0.25,0.875,0.9375,0.280131875,0.86845025,0.9179141249999999
0.25,0.875,1.0,0.2777865,0.8708779999999999,0.9676113749999999
0.25,0.9375,0.0,0.32090562499999997,0.8912085,0.1845798125
0.25,0.9375,0.0625,0.31856025,0.8936362499999999,0.2342770625
0.25,0.9375,0.125,0.31621487499999995,0.896064,0.2839743125
0.25,0.9375,0.1875,0.31386949999999997,0.8984917499999999,0.33367156249999996
0.25,0.9375,0.25,0.311524125,0.9009195,0.3833688125
0.25,0.9375,0.3125,0.30917874999999995,0.9033472499999999,0.4330660625
0.25,0.9375,0.375,0.30683337499999996,0.905775,0.4827633125
0.25,0.9375,0.4375,0.304488,0.90820275,0.5324605625
0.25,0.9375,0.5,0.302142625,0.9106305,0.5821578125
0.25,0.9375,0.5625,0.29979724999999996,0.91305825,0.6318550625
0.25,0.9375,0.625,0.297451875,0.9154859999999999,0.6815523125
0.25,0.9375,0.6875,0.2951065,0.91791375,0.7312495625
0.25,0.9375,0.75,0.29276112499999996,0.9203414999999999,0.7809468125
0.25,0.9375,0.8125,0.29041575,0.92276925,0.8306440625
0.25,0.9375,0.875,0.288070375,0.9251969999999999,0.8803413124999999
0.25,0.9375,0.9375,0.28572499999999995,0.92762475,0.9300385624999999
0.25,0.9375,1.0,0.28337962499999997,0.9300525,0.9797358125
0.25,1.0,0.0,0.32649875,0.950383,0.19670425
0.25,1.0,0.0625,0.324153375,0.9528107499999999,0.2464015
0.25,1.0,0.125,0.321808,0.9552385,0.29609874999999997
0.25,1.0,0.1875,0.319462625,0.9576662499999999,0.345796
0.25,1.0,0.25,0.31711725,0.960094,0.39549325
0.25,1.0,0.3125,0.314771875,0.96252175,0.4451905
0.25,1.0,0.375,0.3124265,0.9649495,0.49488774999999996
0.25,1.0,0.4375,0.310081125,0.96737725,0.544585
0.25,1.0,0.5,0.30773575000000003,0.969805,0.59428225
0.25,1.0,0.5625,0.305390375,0.97223275,0.6439795
0.25,1.0,0.625,0.303045,0.9746604999999999,0.69367675
0.25,1.0,0.6875,0.300699625,0.97708825,0.743374
0.25,1.0,0.75,0.29835425,0.9795159999999999,0.79307125
0.25,1.0,0.8125,0.296008875,0.98194375,0.8427685
0.25,1.0,0.875,0.2936635,0.9843715,0.89246575
0.25,1.0,0.9375,0.291318125,0.98679925,0.942163
0.25,1.0,1.0,0.28897275,0.989227,0.99186025
0.3125,0.0,0.0,0.2962609375,0.00448875,0.0033915625
0.3125,0.0,0.0625,0.2939155625,0.006916499999999999,0.0530888125
0.3125,0.0,0.125,0.29157018749999997,0.009344249999999998,0.1027860625
0.3125,0.0,0.1875,0.2892248125,0.011772,0.1524833125
0.3125,0.0,0.25,0.2868794375,0.014199749999999999,0.2021805625
0.3125,0.0,0.3125,0.28453406249999996,0.016627499999999996,0.25187781249999996
0.3125,0.0,0.375,0.2821886875,0.01905525,0.3015750625
0.3125,0.0,0.4375,0.2798433125,0.021483,0.35127231249999996
0.3125,0.0,0.5,0.2774979375,0.023910749999999998,0.4009695625
0.3125,0.0,0.5625,0.2751525625,0.026338499999999997,0.4506668125
0.3125,0.0,0.625,0.2728071875,0.028766249999999997,0.5003640625
0.3125,0.0,0.6875,0.2704618125,0.031193999999999996,0.5500613124999999
0.3125,0.0,0.75,0.26811643749999997,0.03362175,0.5997585624999999
0.3125,0.0,0.8125,0.2657710625,0.0360495,0.6494558125
0.3125,0.0,0.875,0.2634256875,0.03847725,0.6991530624999999
0.3125,0.0,0.9375,0.26108031249999997,0.040905,0.7488503124999999
0.3125,0.0,1.0,0.2587349375,0.043332749999999996,0.7985475624999999
0.3125,0.0625,0.0,0.30185406249999996,0.06366325,0.015516
0.3125,0.0625,0.0625,0.2995086875,0.06609100000000001,0.06521325
0.3125,0.0625,0.125,0.29716331249999994,0.06851875,0.1149105
0.3125,0.0625,0.1875,0.29481793749999996,0.07094650000000001,0.16460775
0.3125,0.0625,0.25,0.2924725625,0.07337425,0.214305
0.3125,0.0625,0.3125,0.29012718749999994,0.07580200000000001,0.26400225
0.3125,0.0625,0.375,0.28778181249999996,0.07822975,0.31369949999999996
0.3125,0.0625,0.4375,0.2854364375,0.08065750000000001,0.36339674999999994
0.3125,0.0625,0.5,0.2830910625,0.08308525,0.41309399999999996
0.3125,0.0625,0.5625,0.28074568749999995,0.085513,0.46279125
0.3125,0.0625,0.625,0.27840031249999997,0.08794075,0.5124885
0.3125,0.0625,0.6875,0.2760549375,0.0903685,0.5621857499999999
0.3125,0.0625,0.75,0.27370956249999995,0.09279625,0.611883
0.3125,0.0625,0.8125,0.27136418749999996,0.095224,0.66158025
0.3125,0.0625,0.875,0.2690188125,0.09765175000000001,0.7112774999999999
0.3125,0.0625,0.9375,0.26667343749999994,0.1000795,0.7609747499999999
0.3125,0.0625,1.0,0.26432806249999996,0.10250725,0.810672
0.3125,0.125,0.0,0.3074471875,0.12283775,0.0276404375
0.3125,0.125,0.0625,0.3051018125,0.1252655,0.0773376875
0.3125,0.125,0.125,0.3027564375,0.12769325,0.1270349375
0.3125,0.125,0.1875,0.3004110625,0.130121,0.1767321875
0.3125,0.125,0.25,0.2980656875,0.13254875,0.2264294375
0.3125,0.125,0.3125,0.29572031249999997,0.1349765,0.27612668749999997
0.3125,0.125,0.375,0.2933749375,0.13740425,0.3258239375
0.3125,0.125,0.4375,0.2910295625,0.13983199999999998,0.37552118749999996
0.3125,0.125,0.5,0.2886841875,0.14225975,0.4252184375
0.3125,0.125,0.5625,0.2863388125,0.1446875,0.4749156875
0.3125,0.125,0.625,0.2839934375,0.14711525,0.5246129374999999
0.3125,0.125,0.6875,0.2816480625,0.14954299999999998,0.5743101875
0.3125,0.125,0.75,0.2793026875,0.15197075,0.6240074375
0.3125,0.125,0.8125,0.2769573125,0.1543985,0.6737046875
0.3125,0.125,0.875,0.2746119375,0.15682625,0.7234019374999999
0.3125,0.125,0.9375,0.2722665625,0.159254,0.7730991875
0.3125,0.125,1.0,0.2699211875,0.16168174999999999,0.8227964375
0.3125,0.1875,0.0,0.3130403125,0.18201225,0.039764875
0.3125,0.1875,0.0625,0.3106949375,0.18444,0.089462125
0.3125,0.1875,0.125,0.30834956249999995,0.18686775,0.139159375
0.3125,0.1875,0.1875,0.30600418749999997,0.18929549999999998,0.188856625
0.3125,0.1875,0.25,0.3036588125,0.19172324999999998,0.238553875
0.3125,0.1875,0.3125,0.30131343749999995,0.194151,0.288251125
0.3125,0.1875,0.375,0.29896806249999996,0.19657875,0.33794837499999997
0.3125,0.1875,0.4375,0.2966226875,0.19900649999999998,0.38764562499999994
0.3125,0.1875,0.5,0.2942773125,0.20143424999999998,0.43734287499999996
0.3125,0.1875,0.5625,0.29193193749999996,0.203862,0.487040125
0.3125,0.1875,0.625,0.2895865625,0.20628975,0.536737375
0.3125,0.1875,0.6875,0.2872411875,0.20871749999999997,0.586434625
0.3125,0.1875,0.75,0.28489581249999996,0.21114524999999998,0.636131875
0.3125,0.1875,0.8125,0.2825504375,0.21357299999999999,0.685829125
0.3125,0.1875,0.875,0.2802050625,0.21600075,0.735526375
0.3125,0.1875,0.9375,0.27785968749999995,0.21842849999999997,0.785223625
0.3125,0.1875,1.0,0.27551431249999997,0.22085624999999998,0.834920875
0.3125,0.25,0.0,0.3186334375,0.24118675,0.0518893125
0.3125,0.25,0.0625,0.3162880625,0.2436145,0.1015865625
0.3125,0.25,0.125,0.3139426875,0.24604225000000002,0.1512838125
0.3125,0.25,0.1875,0.3115973125,0.24847,0.2009810625
0.3125,0.25,0.25,0.3092519375,0.25089775000000003,0.2506783125
0.3125,0.25,0.3125,0.3069065625,0.2533255,0.30037556249999997
0.3125,0.25,0.375,0.3045611875,0.25575325,0.3500728125
0.3125,0.25,0.4375,0.3022158125,0.258181,0.39977006249999997
0.3125,0.25,0.5,0.29987043750000003,0.26060875,0.4494673125
0.3125,0.25,0.5625,0.2975250625,0.2630365,0.4991645625
0.3125,0.25,0.625,0.2951796875,0.26546425,0.5488618125
0.3125,0.25,0.6875,0.2928343125,0.267892,0.5985590624999999
0.3125,0.25,0.75,0.2904889375,0.27031975,0.6482563124999999
0.3125,0.25,0.8125,0.2881435625,0.27274750000000003,0.6979535625
0.3125,0.25,0.875,0.2857981875,0.27517525,0.7476508124999999
0.3125,0.25,0.9375,0.2834528125,0.277603,0.7973480624999999
0.3125,0.25,1.0,0.2811074375,0.28003075,0.8470453124999999
0.3125,0.3125,0.0,0.3242265625,0.30036124999999997,0.06401375
0.3125,0.3125,0.0625,0.3218811875,0.302789,0.11371099999999999
0.3125,0.3125,0.125,0.31953581249999996,0.30521675,0.16340824999999998
0.3125,0.3125,0.1875,0.3171904375,0.3076445,0.2131055
0.3125,0.3125,0.25,0.3148450625,0.31007225,0.26280275
0.3125,0.3125,0.3125,0.31249968749999996,0.31249999999999994,0.3125
0.3125,0.3125,0.375,0.3101543125,0.31492774999999995,0.36219724999999997
0.3125,0.3125,0.4375,0.3078089375,0.31735549999999996,0.41189449999999994
0.3125,0.3125,0.5,0.3054635625,0.31978324999999996,0.46159174999999997
0.3125,0.3125,0.5625,0.30311818749999997,0.32221099999999997,0.511289
0.3125,0.3125,0.625,0.3007728125,0.32463875,0.56098625
0.3125,0.3125,0.6875,0.2984274375,0.3270665,0.6106834999999999
0.3125,0.3125,0.75,0.29608206249999997,0.32949425,0.66038075
0.3125,0.3125,0.8125,0.2937366875,0.33192199999999994,0.710078
0.3125,0.3125,0.875,0.2913913125,0.33434974999999995,0.7597752499999999
0.3125,0.3125,0.9375,0.28904593749999996,0.33677749999999995,0.8094724999999999
0.3125,0.3125,1.0,0.2867005625,0.33920524999999996,0.85916975
0.3125,0.375,0.0,0.3298196875,0.35953575,0.0761381875
0.3125,0.375,0.0625,0.32747431250000003,0.3619635,0.12583543749999998
0.3125,0.375,0.125,0.3251289375,0.36439125,0.1755326875
0.3125,0.375,0.1875,0.3227835625,0.366819,0.22522993749999998
0.3125,0.375,0.25,0.3204381875,0.36924675,0.2749271875
0.3125,0.375,0.3125,0.3180928125,0.37167449999999996,0.3246244375
0.3125,0.375,0.375,0.3157474375,0.37410224999999997,0.3743216875
0.3125,0.375,0.4375,0.3134020625,0.37653,0.42401893749999997
0.3125,0.375,0.5,0.31105668750000004,0.37895775,0.4737161875
0.3125,0.375,0.5625,0.3087113125,0.3813855,0.5234134375
0.3125,0.375,0.625,0.3063659375,0.38381325,0.5731106874999999
0.3125,0.375,0.6875,0.30402056250000004,0.386241,0.6228079375
0.3125,0.375,0.75,0.3016751875,0.38866875,0.6725051875
0.3125,0.375,0.8125,0.2993298125,0.39109649999999996,0.7222024375
0.3125,0.375,0.875,0.29698443750000003,0.39352424999999996,0.7718996874999999
0.3125,0.375,0.9375,0.2946390625,0.39595199999999997,0.8215969375
0.3125,0.375,1.0,0.2922936875,0.39837975,0.8712941875
0.3125,0.4375,0.0,0.3354128125,0.41871024999999995,0.088262625
0.3125,0.4375,0.0625,0.3330674375,0.42113799999999996,0.137959875
0.3125,0.4375,0.125,0.33072206249999997,0.42356574999999996,0.18765712499999998
0.3125,0.4375,0.1875,0.3283766875,0.42599349999999997,0.237354375
0.3125,0.4375,0.25,0.3260313125,0.42842125,0.287051625
0.3125,0.4375,0.3125,0.32368593749999997,0.4308489999999999,0.336748875
0.3125,0.4375,0.375,0.3213405625,0.43327674999999993,0.386446125
0.3125,0.4375,0.4375,0.3189951875,0.43570449999999994,0.43614337499999994
0.3125,0.4375,0.5,0.3166498125,0.43813224999999995,0.48584062499999997
0.3125,0.4375,0.5625,0.3143044375,0.44055999999999995,0.535537875
0.3125,0.4375,0.625,0.3119590625,0.44298774999999996,0.585235125
0.3125,0.4375,0.6875,0.3096136875,0.44541549999999996,0.634932375
0.3125,0.4375,0.75,0.3072683125,0.44784324999999997,0.684629625
0.3125,0.4375,0.8125,0.3049229375,0.450271,0.734326875
0.3125,0.4375,0.875,0.3025775625,0.4526987499999999,0.784024125
0.3125,0.4375,0.9375,0.30023218749999997,0.45512649999999993,0.833721375
0.3125,0.4375,1.0,0.2978868125,0.45755424999999994,0.883418625
0.3125,0.5,0.0,0.34100593749999997,0.47788474999999997,0.1003870625
0.3125,0.5,0.0625,0.3386605625,0.4803125,0.15008431249999998
0.3125,0.5,0.125,0.33631518749999995,0.48274025,0.1997815625
0.3125,0.5,0.1875,0.33396981249999996,0.485168,0.24947881249999998
0.3125,0.5,0.25,0.3316244375,0.48759575,0.2991760625
0.3125,0.5,0.3125,0.32927906249999994,0.49002349999999995,0.3488733125
0.3125,0.5,0.375,0.32693368749999996,0.49245124999999995,0.3985705625
0.3125,0.5,0.4375,0.3245883125,0.49487899999999996,0.4482678125
0.3125,0.5,0.5,0.3222429375,0.49730674999999996,0.4979650625
0.3125,0.5,0.5625,0.31989756249999995,0.49973449999999997,0.5476623125
0.3125,0.5,0.625,0.31755218749999997,0.5021622499999999,0.5973595625
0.3125,0.5,0.6875,0.3152068125,0.50459,0.6470568124999999
0.3125,0.5,0.75,0.31286143749999995,0.5070177499999999,0.6967540624999999
0.3125,0.5,0.8125,0.31051606249999997,0.5094455,0.7464513125
0.3125,0.5,0.875,0.3081706875,0.51187325,0.7961485624999999
0.3125,0.5,0.9375,0.30582531249999995,0.514301,0.8458458124999999
0.3125,0.5,1.0,0.30347993749999996,0.51672875,0.8955430624999999
0.3125,0.5625,0.0,0.3465990625,0.53705925,0.1125115
0.3125,0.5625,0.0625,0.3442536875,0.5394869999999999,0.16220875
0.3125,0.5625,0.125,0.3419083125,0.54191475,0.21190599999999998
0.3125,0.5625,0.1875,0.3395629375,0.5443425,0.26160325
0.3125,0.5625,0.25,0.3372175625,0.54677025,0.3113005
0.3125,0.5625,0.3125,0.3348721875,0.549198,0.36099775
0.3125,0.5625,0.375,0.3325268125,0.55162575,0.410695
0.3125,0.5625,0.4375,0.3301814375,0.5540535,0.46039224999999995
0.3125,0.5625,0.5,0.3278360625,0.55648125,0.5100895
0.3125,0.5625,0.5625,0.3254906875,0.558909,0.55978675
0.3125,0.5625,0.625,0.3231453125,0.5613367499999999,0.609484
0.3125,0.5625,0.6875,0.3207999375,0.5637645,0.6591812499999999
0.3125,0.5625,0.75,0.3184545625,0.56619225,0.7088785
0.3125,0.5625,0.8125,0.3161091875,0.56862,0.75857575
0.3125,0.5625,0.875,0.3137638125,0.57104775,0.8082729999999999
0.3125,0.5625,0.9375,0.3114184375,0.5734755,0.8579702499999999
0.3125,0.5625,1.0,0.3090730625,0.57590325,0.9076675
0.3125,0.625,0.0,0.3521921875,0.59623375,0.1246359375
0.3125,0.625,0.0625,0.3498468125,0.5986615,0.1743331875
0.3125,0.625,0.125,0.34750143749999995,0.60108925,0.2240304375
0.3125,0.625,0.1875,0.34515606249999997,0.603517,0.2737276875
0.3125,0.625,0.25,0.3428106875,0.60594475,0.3234249375
0.3125,0.625,0.3125,0.34046531249999995,0.6083725,0.3731221875
0.3125,0.625,0.375,0.33811993749999997,0.61080025,0.4228194375
0.3125,0.625,0.4375,0.3357745625,0.613228,0.4725166875
0.3125,0.625,0.5,0.3334291875,0.6156557500000001,0.5222139375
0.3125,0.625,0.5625,0.33108381249999996,0.6180835,0.5719111875
0.3125,0.625,0.625,0.3287384375,0.62051125,0.6216084374999999
0.3125,0.625,0.6875,0.3263930625,0.622939,0.6713056875
0.3125,0.625,0.75,0.32404768749999996,0.62536675,0.7210029375
0.3125,0.625,0.8125,0.3217023125,0.6277945,0.7707001875
0.3125,0.625,0.875,0.3193569375,0.63022225,0.8203974374999999
0.3125,0.625,0.9375,0.31701156249999995,0.63265,0.8700946875
0.3125,0.625,1.0,0.31466618749999997,0.63507775,0.9197919375
0.3125,0.6875,0.0,0.3577853125,0.65540825,0.136760375
0.3125,0.6875,0.0625,0.3554399375,0.657836,0.186457625
0.3125,0.6875,0.125,0.3530945625,0.66026375,0.236154875
0.3125,0.6875,0.1875,0.3507491875,0.6626915,0.285852125
0.3125,0.6875,0.25,0.3484038125,0.66511925,0.335549375
0.3125,0.6875,0.3125,0.3460584375,0.667547,0.38524662499999995
0.3125,0.6875,0.375,0.3437130625,0.6699747500000001,0.434943875
0.3125,0.6875,0.4375,0.3413676875,0.6724025,0.48464112499999995
0.3125,0.6875,0.5,0.33902231250000003,0.6748302500000001,0.5343383749999999
0.3125,0.6875,0.5625,0.3366769375,0.677258,0.5840356250000001
0.3125,0.6875,0.625,0.3343315625,0.67968575,0.633732875
0.3125,0.6875,0.6875,0.33198618750000003,0.6821135,0.6834301249999999
0.3125,0.6875,0.75,0.3296408125,0.68454125,0.733127375
0.3125,0.6875,0.8125,0.3272954375,0.686969,0.7828246249999999
0.3125,0.6875,0.875,0.3249500625,0.68939675,0.8325218749999999
0.3125,0.6875,0.9375,0.3226046875,0.6918245000000001,0.882219125
0.3125,0.6875,1.0,0.3202593125,0.69425225,0.9319163749999999
0.3125,0.75,0.0,0.3633784375,0.71458275,0.1488848125
0.3125,0.75,0.0625,0.3610330625,0.7170105,0.1985820625
0.3125,0.75,0.125,0.35868768749999996,0.7194382500000001,0.2482793125
0.3125,0.75,0.1875,0.3563423125,0.721866,0.2979765625
0.3125,0.75,0.25,0.3539969375,0.7242937500000001,0.34767381249999996
0.3125,0.75,0.3125,0.35165156249999996,0.7267215,0.3973710625
0.3125,0.75,0.375,0.3493061875,0.7291492500000001,0.4470683125
0.3125,0.75,0.4375,0.3469608125,0.731577,0.4967655624999999
0.3125,0.75,0.5,0.3446154375,0.7340047500000001,0.5464628125
0.3125,0.75,0.5625,0.34227006249999997,0.7364325,0.5961600625
0.3125,0.75,0.625,0.3399246875,0.73886025,0.6458573125
0.3125,0.75,0.6875,0.3375793125,0.7412880000000001,0.6955545624999999
0.3125,0.75,0.75,0.33523393749999997,0.74371575,0.7452518124999999
0.3125,0.75,0.8125,0.3328885625,0.7461435000000001,0.7949490625
0.3125,0.75,0.875,0.3305431875,0.74857125,0.8446463124999999
0.3125,0.75,0.9375,0.32819781249999996,0.7509990000000001,0.8943435624999999
0.3125,0.75,1.0,0.3258524375,0.75342675,0.9440408124999999
0.3125,0.8125,0.0,0.36897156249999996,0.7737572500000001,0.16100925
0.3125,0.8125,0.0625,0.3666261875,0.776185,0.2107065
0.3125,0.8125,0.125,0.36428081249999994,0.7786127500000001,0.26040375
0.3125,0.8125,0.1875,0.36193543749999996,0.7810405,0.31010099999999996
0.3125,0.8125,0.25,0.3595900625,0.7834682500000001,0.35979825
0.3125,0.8125,0.3125,0.35724468749999994,0.785896,0.4094955
0.3125,0.8125,0.375,0.35489931249999995,0.7883237500000001,0.45919275
0.3125,0.8125,0.4375,0.35255393749999997,0.7907515,0.50889
0.3125,0.8125,0.5,0.3502085625,0.7931792500000001,0.55858725
0.3125,0.8125,0.5625,0.34786318749999995,0.7956070000000001,0.6082845
0.3125,0.8125,0.625,0.34551781249999997,0.79803475,0.65798175
0.3125,0.8125,0.6875,0.3431724375,0.8004625000000001,0.707679
0.3125,0.8125,0.75,0.34082706249999994,0.80289025,0.75737625
0.3125,0.8125,0.8125,0.33848168749999996,0.8053180000000001,0.8070735
0.3125,0.8125,0.875,0.3361363125,0.80774575,0.8567707499999999
0.3125,0.8125,0.9375,0.33379093749999994,0.8101735000000001,0.9064679999999999
0.3125,0.8125,1.0,0.33144556249999996,0.81260125,0.95616525
0.3125,0.875,0.0,0.3745646875,0.83293175,0.1731336875
0.3125,0.875,0.0625,0.3722193125,0.8353594999999999,0.2228309375
0.3125,0.875,0.125,0.36987393749999997,0.83778725,0.27252818749999996
0.3125,0.875,0.1875,0.3675285625,0.8402149999999999,0.3222254375
0.3125,0.875,0.25,0.3651831875,0.84264275,0.3719226875
0.3125,0.875,0.3125,0.36283781249999997,0.8450705,0.4216199375
0.3125,0.875,0.375,0.3604924375,0.84749825,0.47131718749999996
0.3125,0.875,0.4375,0.3581470625,0.849926,0.5210144375
0.3125,0.875,0.5,0.3558016875,0.85235375,0.5707116875
0.3125,0.875,0.5625,0.3534563125,0.8547815,0.6204089375
0.3125,0.875,0.625,0.3511109375,0.8572092499999999,0.6701061875
0.3125,0.875,0.6875,0.3487655625,0.859637,0.7198034375
0.3125,0.875,0.75,0.3464201875,0.8620647499999999,0.7695006875
0.3125,0.875,0.8125,0.3440748125,0.8644925,0.8191979375
0.3125,0.875,0.875,0.3417294375,0.86692025,0.8688951874999999
0.3125,0.875,0.9375,0.33938406249999997,0.869348,0.9185924375
0.3125,0.875,1.0,0.3370386875,0.87177575,0.9682896875
0.3125,0.9375,0.0,0.38015781249999997,0.89210625,0.185258125
0.3125,0.9375,0.0625,0.3778124375,0.8945339999999999,0.234955375
0.3125,0.9375,0.125,0.37546706249999995,0.89696175,0.284652625
0.3125,0.9375,0.1875,0.37312168749999997,0.8993895,0.334349875
0.3125,0.9375,0.25,0.3707763125,0.90181725,0.384047125
0.3125,0.9375,0.3125,0.36843093749999994,0.904245,0.43374437499999996
0.3125,0.9375,0.375,0.36608556249999996,0.90667275,0.483441625
0.3125,0.9375,0.4375,0.3637401875,0.9091005,0.5331388749999999
0.3125,0.9375,0.5,0.3613948125,0.91152825,0.582836125
0.3125,0.9375,0.5625,0.35904943749999996,0.913956,0.632533375
0.3125,0.9375,0.625,0.3567040625,0.9163837499999999,0.682230625
0.3125,0.9375,0.6875,0.3543586875,0.9188115,0.731927875
0.3125,0.9375,0.75,0.35201331249999995,0.92123925,0.7816251249999999
0.3125,0.9375,0.8125,0.34966793749999997,0.923667,0.8313223750000001
0.3125,0.9375,0.875,0.3473225625,0.92609475,0.881019625
0.3125,0.9375,0.9375,0.34497718749999995,0.9285225,0.9307168749999999
0.3125,0.9375,1.0,0.34263181249999997,0.93095025,0.980414125
0.3125,1.0,0.0,0.3857509375,0.95128075,0.1973825625
0.3125,1.0,0.0625,0.3834055625,0.9537085,0.2470798125
0.3125,1.0,0.125,0.3810601875,0.95613625,0.2967770625
0.3125,1.0,0.1875,0.3787148125,0.958564,0.3464743125
0.3125,1.0,0.25,0.3763694375,0.96099175,0.39617156249999996
0.3125,1.0,0.3125,0.3740240625,0.9634195,0.4458688125
0.3125,1.0,0.375,0.3716786875,0.96584725,0.4955660625
0.3125,1.0,0.4375,0.3693333125,0.968275,0.5452633124999999
0.3125,1.0,0.5,0.3669879375,0.9707027500000001,0.5949605625
0.3125,1.0,0.5625,0.3646425625,0.9731305,0.6446578125
0.3125,1.0,0.625,0.3622971875,0.97555825,0.6943550625
0.3125,1.0,0.6875,0.3599518125,0.977986,0.7440523124999999
0.3125,1.0,0.75,0.3576064375,0.98041375,0.7937495625
0.3125,1.0,0.8125,0.3552610625,0.9828415,0.8434468125
0.3125,1.0,0.875,0.3529156875,0.98526925,0.8931440624999999
0.3125,1.0,0.9375,0.3505703125,0.987697,0.9428413124999999
0.3125,1.0,1.0,0.3482249375,0.99012475,0.9925385624999999
0.375,0.0,0.0,0.355513125,0.0053865,0.004069875
0.375,0.0,0.0625,0.35316775,0.00781425,0.053767125
0.375,0.0,0.125,0.35082237499999996,0.010242,0.103464375
0.375,0.0,0.1875,0.348477,0.01266975,0.153161625
0.375,0.0,0.25,0.346131625,0.0150975,0.202858875
0.375,0.0,0.3125,0.34378624999999996,0.01752525,0.25255612499999996
0.375,0.0,0.375,0.341440875,0.019953,0.302253375
0.375,0.0,0.4375,0.3390955,0.022380749999999998,0.35195062499999996
0.375,0.0,0.5,0.336750125,0.024808499999999997,0.401647875
0.375,0.0,0.5625,0.33440475,0.027236249999999997,0.451345125
0.375,0.0,0.625,0.332059375,0.029663999999999996,0.5010423749999999
0.375,0.0,0.6875,0.329714,0.032091749999999995,0.550739625
0.375,0.0,0.75,0.32736862499999997,0.0345195,0.600436875
0.375,0.0,0.8125,0.32502325,0.03694725,0.650134125
0.375,0.0,0.875,0.322677875,0.039375,0.6998313749999999
0.375,0.0,0.9375,0.32033249999999996,0.04180275,0.749528625
0.375,0.0,1.0,0.317987125,0.0442305,0.799225875
0.375,0.0625,0.0,0.36110624999999996,0.064561,0.0161943125
0.375,0.0625,0.0625,0.358760875,0.06698875,0.0658915625
0.375,0.0625,0.125,0.35641549999999994,0.06941649999999999,0.1155888125
0.375,0.0625,0.1875,0.35407012499999996,0.07184425,0.1652860625
0.375,0.0625,0.25,0.35172475,0.07427199999999999,0.2149833125
0.375,0.0625,0.3125,0.34937937499999994,0.07669975,0.2646805625
0.375,0.0625,0.375,0.34703399999999995,0.07912749999999999,0.31437781249999996
0.375,0.0625,0.4375,0.34468862499999997,0.08155525,0.36407506249999994
0.375,0.0625,0.5,0.34234325,0.08398299999999999,0.41377231249999996
0.375,0.0625,0.5625,0.33999787499999995,0.08641075,0.4634695625
0.375,0.0625,0.625,0.33765249999999997,0.08883849999999999,0.5131668125
0.375,0.0625,0.6875,0.335307125,0.09126625,0.5628640625
0.375,0.0625,0.75,0.33296174999999995,0.093694,0.6125613125
0.375,0.0625,0.8125,0.33061637499999996,0.09612174999999999,0.6622585625
0.375,0.0625,0.875,0.328271,0.09854949999999998,0.7119558125
0.375,0.0625,0.9375,0.32592562499999994,0.10097724999999999,0.7616530625
0.375,0.0625,1.0,0.32358024999999996,0.103405,0.8113503125
0.375,0.125,0.0,0.366699375,0.1237355,0.02831875
0.375,0.125,0.0625,0.364354,0.12616325,0.078016
0.375,0.125,0.125,0.362008625,0.128591,0.12771325
0.375,0.125,0.1875,0.35966325,0.13101875,0.1774105
0.375,0.125,0.25,0.357317875,0.1334465,0.22710775
0.375,0.125,0.3125,0.35497249999999997,0.13587425,0.27680499999999997
0.375,0.125,0.375,0.352627125,0.138302,0.32650225
0.375,0.125,0.4375,0.35028175,0.14072975,0.37619949999999996
0.375,0.125,0.5,0.347936375,0.1431575,0.42589675
0.375,0.125,0.5625,0.345591,0.14558525,0.475594
0.375,0.125,0.625,0.343245625,0.148013,0.52529125
0.375,0.125,0.6875,0.34090025,0.15044074999999998,0.5749884999999999
0.375,0.125,0.75,0.338554875,0.1528685,0.6246857499999999
0.375,0.125,0.8125,0.3362095,0.15529625,0.674383
0.375,0.125,0.875,0.333864125,0.157724,0.7240802499999999
0.375,0.125,0.9375,0.33151875,0.16015174999999998,0.7737774999999999
0.375,0.125,1.0,0.329173375,0.1625795,0.8234747499999999
0.375,0.1875,0.0,0.37229249999999997,0.18291,0.0404431875
0.375,0.1875,0.0625,0.369947125,0.18533775,0.0901404375
0.375,0.1875,0.125,0.36760174999999995,0.1877655,0.1398376875
0.375,0.1875,0.1875,0.36525637499999997,0.19019324999999998,0.1895349375
0.375,0.1875,0.25,0.362911,0.192621,0.2392321875
0.375,0.1875,0.3125,0.36056562499999995,0.19504875,0.2889294375
0.375,0.1875,0.375,0.35822024999999996,0.1974765,0.33862668749999997
0.375,0.1875,0.4375,0.355874875,0.19990424999999998,0.38832393749999994
0.375,0.1875,0.5,0.3535295,0.20233199999999998,0.43802118749999996
0.375,0.1875,0.5625,0.35118412499999996,0.20475975,0.4877184375
0.375,0.1875,0.625,0.34883875,0.2071875,0.5374156875
0.375,0.1875,0.6875,0.346493375,0.20961524999999998,0.5871129374999999
0.375,0.1875,0.75,0.34414799999999995,0.21204299999999998,0.6368101875
0.375,0.1875,0.8125,0.34180262499999997,0.21447075,0.6865074375
0.375,0.1875,0.875,0.33945725,0.2168985,0.7362046874999999
0.375,0.1875,0.9375,0.33711187499999995,0.21932625,0.7859019374999999
0.375,0.1875,1.0,0.33476649999999997,0.22175399999999998,0.8355991875
0.375,0.25,0.0,0.377885625,0.24208449999999998,0.052567625
0.375,0.25,0.0625,0.37554025,0.24451225,0.102264875
0.375,0.25,0.125,0.373194875,0.24694,0.151962125
0.375,0.25,0.1875,0.3708495,0.24936774999999997,0.201659375
0.375,0.25,0.25,0.368504125,0.2517955,0.251356625
0.375,0.25,0.3125,0.36615875,0.25422324999999996,0.30105387499999997
0.375,0.25,0.375,0.363813375,0.25665099999999996,0.350751125
0.375,0.25,0.4375,0.361468,0.25907874999999997,0.40044837499999997
0.375,0.25,0.5,0.35912262500000003,0.2615065,0.450145625
0.375,0.25,0.5625,0.35677725,0.26393425,0.499842875
0.375,0.25,0.625,0.354431875,0.266362,0.5495401249999999
0.375,0.25,0.6875,0.3520865,0.26878975,0.599237375
0.375,0.25,0.75,0.349741125,0.2712175,0.648934625
0.375,0.25,0.8125,0.34739575,0.27364524999999995,0.698631875
0.375,0.25,0.875,0.345050375,0.27607299999999996,0.7483291249999999
0.375,0.25,0.9375,0.342705,0.27850074999999996,0.798026375
0.375,0.25,1.0,0.340359625,0.28092849999999997,0.847723625
0.375,0.3125,0.0,0.38347875,0.301259,0.0646920625
0.375,0.3125,0.0625,0.381133375,0.30368675,0.11438931249999999
0.375,0.3125,0.125,0.37878799999999996,0.3061145,0.16408656249999998
0.375,0.3125,0.1875,0.376442625,0.30854225,0.2137838125
0.375,0.3125,0.25,0.37409725,0.31097,0.2634810625
0.375,0.3125,0.3125,0.37175187499999995,0.31339775,0.3131783125
0.375,0.3125,0.375,0.36940649999999997,0.3158255,0.36287556249999997
0.375,0.3125,0.4375,0.367061125,0.31825325,0.41257281249999994
0.375,0.3125,0.5,0.36471575,0.320681,0.46227006249999997
0.375,0.3125,0.5625,0.36237037499999997,0.32310875,0.5119673125
0.375,0.3125,0.625,0.360025,0.3255365,0.5616645625
0.375,0.3125,0.6875,0.357679625,0.32796425,0.6113618125
0.375,0.3125,0.75,0.35533424999999996,0.330392,0.6610590625
0.375,0.3125,0.8125,0.352988875,0.33281974999999997,0.7107563125
0.375,0.3125,0.875,0.3506435,0.3352475,0.7604535625
0.375,0.3125,0.9375,0.34829812499999996,0.33767525,0.8101508125
0.375,0.3125,1.0,0.34595275,0.340103,0.8598480625
0.375,0.375,0.0,0.38907187499999996,0.3604335,0.0768165
0.375,0.375,0.0625,0.3867265,0.36286125,0.12651374999999998
0.375,0.375,0.125,0.38438112499999993,0.36528900000000003,0.176211
0.375,0.375,0.1875,0.38203574999999995,0.36771675000000004,0.22590824999999998
0.375,0.375,0.25,0.37969037499999997,0.37014450000000004,0.2756055
0.375,0.375,0.3125,0.37734499999999993,0.37257225,0.32530275
0.375,0.375,0.375,0.37499962499999995,0.375,0.375
0.375,0.375,0.4375,0.37265424999999996,0.37742775,0.42469724999999997
0.375,0.375,0.5,0.370308875,0.3798555,0.4743945
0.375,0.375,0.5625,0.36796349999999994,0.38228325,0.52409175
0.375,0.375,0.625,0.36561812499999996,0.384711,0.573789
0.375,0.375,0.6875,0.36327275,0.38713875000000003,0.6234862499999999
0.375,0.375,0.75,0.36092737499999994,0.38956650000000004,0.6731834999999999
0.375,0.375,0.8125,0.35858199999999996,0.39199425,0.72288075
0.375,0.375,0.875,0.356236625,0.394422,0.7725779999999999
0.375,0.375,0.9375,0.35389124999999994,0.39684975,0.8222752499999999
0.375,0.375,1.0,0.35154587499999995,0.3992775,0.8719724999999999
0.375,0.4375,0.0,0.394665,0.419608,0.0889409375
0.375,0.4375,0.0625,0.392319625,0.42203575,0.1386381875
0.375,0.4375,0.125,0.38997424999999997,0.4244635,0.18833543749999998
0.375,0.4375,0.1875,0.387628875,0.42689125,0.2380326875
0.375,0.4375,0.25,0.3852835,0.429319,0.2877299375
0.375,0.4375,0.3125,0.38293812499999996,0.43174674999999996,0.3374271875
0.375,0.4375,0.375,0.38059275,0.43417449999999996,0.3871244375
0.375,0.4375,0.4375,0.378247375,0.43660224999999997,0.43682168749999994
0.375,0.4375,0.5,0.375902,0.43903,0.48651893749999997
0.375,0.4375,0.5625,0.373556625,0.44145775,0.5362161875
0.375,0.4375,0.625,0.37121125,0.4438855,0.5859134375
0.375,0.4375,0.6875,0.368865875,0.44631325,0.6356106874999999
0.375,0.4375,0.75,0.36652049999999997,0.448741,0.6853079375
0.375,0.4375,0.8125,0.364175125,0.45116875,0.7350051875
0.375,0.4375,0.875,0.36182975,0.45359649999999996,0.7847024374999999
0.375,0.4375,0.9375,0.35948437499999997,0.45602424999999996,0.8343996874999999
0.375,0.4375,1.0,0.357139,0.45845199999999997,0.8840969375
0.375,0.5,0.0,0.40025812499999996,0.4787825,0.101065375
0.375,0.5,0.0625,0.39791275,0.48121025,0.15076262499999998
0.375,0.5,0.125,0.39556737499999994,0.483638,0.200459875
0.375,0.5,0.1875,0.39322199999999996,0.48606575,0.250157125
0.375,0.5,0.25,0.390876625,0.4884935,0.299854375
0.375,0.5,0.3125,0.38853124999999994,0.49092125,0.349551625
0.375,0.5,0.375,0.38618587499999996,0.493349,0.399248875
0.375,0.5,0.4375,0.3838405,0.49577675,0.448946125
0.375,0.5,0.5,0.381495125,0.4982045,0.498643375
0.375,0.5,0.5625,0.37914974999999995,0.50063225,0.548340625
0.375,0.5,0.625,0.37680437499999997,0.50306,0.5980378749999999
0.375,0.5,0.6875,0.374459,0.50548775,0.647735125
0.375,0.5,0.75,0.37211362499999995,0.5079155,0.697432375
0.375,0.5,0.8125,0.36976824999999997,0.51034325,0.747129625
0.375,0.5,0.875,0.367422875,0.512771,0.7968268749999999
0.375,0.5,0.9375,0.36507749999999994,0.51519875,0.846524125
0.375,0.5,1.0,0.36273212499999996,0.5176265,0.896221375
0.375,0.5625,0.0,0.40585125,0.5379569999999999,0.1131898125
0.375,0.5625,0.0625,0.403505875,0.5403847499999999,0.1628870625
0.375,0.5625,0.125,0.4011605,0.5428124999999999,0.21258431249999998
0.375,0.5625,0.1875,0.398815125,0.5452402499999999,0.2622815625
0.375,0.5625,0.25,0.39646975,0.5476679999999999,0.3119788125
0.375,0.5625,0.3125,0.39412437499999997,0.5500957499999999,0.3616760625
0.375,0.5625,0.375,0.391779,0.5525235,0.4113733125
0.375,0.5625,0.4375,0.389433625,0.5549512499999999,0.46107056249999995
0.375,0.5625,0.5,0.38708825,0.557379,0.5107678125
0.375,0.5625,0.5625,0.384742875,0.5598067499999999,0.5604650625
0.375,0.5625,0.625,0.3823975,0.5622344999999999,0.6101623125
0.375,0.5625,0.6875,0.380052125,0.5646622499999999,0.6598595625
0.375,0.5625,0.75,0.37770675,0.5670899999999999,0.7095568125
0.375,0.5625,0.8125,0.375361375,0.5695177499999999,0.7592540625
0.375,0.5625,0.875,0.373016,0.5719454999999999,0.8089513125
0.375,0.5625,0.9375,0.370670625,0.57437325,0.8586485625
0.375,0.5625,1.0,0.36832525,0.5768009999999999,0.9083458125
0.375,0.625,0.0,0.411444375,0.5971314999999999,0.12531425
0.375,0.625,0.0625,0.409099,0.5995592499999999,0.1750115
0.375,0.625,0.125,0.40675362499999995,0.6019869999999999,0.22470874999999998
0.375,0.625,0.1875,0.40440824999999997,0.6044147499999999,0.274406
0.375,0.625,0.25,0.402062875,0.6068425,0.32410324999999995
0.375,0.625,0.3125,0.39971749999999995,0.6092702499999999,0.3738005
0.375,0.625,0.375,0.39737212499999996,0.611698,0.42349775
0.375,0.625,0.4375,0.39502675,0.6141257499999999,0.4731949999999999
0.375,0.625,0.5,0.392681375,0.6165535,0.52289225
0.375,0.625,0.5625,0.39033599999999996,0.6189812499999999,0.5725895
0.375,0.625,0.625,0.387990625,0.6214089999999999,0.62228675
0.375,0.625,0.6875,0.38564525,0.6238367499999999,0.6719839999999999
0.375,0.625,0.75,0.38329987499999996,0.6262644999999999,0.7216812499999999
0.375,0.625,0.8125,0.3809545,0.62869225,0.7713785
0.375,0.625,0.875,0.378609125,0.6311199999999999,0.8210757499999999
0.375,0.625,0.9375,0.37626374999999995,0.63354775,0.8707729999999999
0.375,0.625,1.0,0.37391837499999997,0.6359754999999999,0.9204702499999999
0.375,0.6875,0.0,0.4170375,0.656306,0.1374386875
0.375,0.6875,0.0625,0.414692125,0.6587337499999999,0.1871359375
0.375,0.6875,0.125,0.41234675,0.6611615,0.2368331875
0.375,0.6875,0.1875,0.410001375,0.6635892499999999,0.28653043749999996
0.375,0.6875,0.25,0.407656,0.666017,0.3362276875
0.375,0.6875,0.3125,0.405310625,0.6684447499999999,0.3859249375
0.375,0.6875,0.375,0.40296525,0.6708725,0.4356221875
0.375,0.6875,0.4375,0.400619875,0.6733002499999999,0.48531943749999995
0.375,0.6875,0.5,0.39827450000000003,0.675728,0.5350166875
0.375,0.6875,0.5625,0.395929125,0.67815575,0.5847139375
0.375,0.6875,0.625,0.39358375,0.6805834999999999,0.6344111875
0.375,0.6875,0.6875,0.391238375,0.68301125,0.6841084374999999
0.375,0.6875,0.75,0.388893,0.6854389999999999,0.7338056875
0.375,0.6875,0.8125,0.386547625,0.68786675,0.7835029375
0.375,0.6875,0.875,0.38420225,0.6902944999999999,0.8332001874999999
0.375,0.6875,0.9375,0.381856875,0.69272225,0.8828974374999999
0.375,0.6875,1.0,0.3795115,0.6951499999999999,0.9325946875
0.375,0.75,0.0,0.422630625,0.7154805,0.149563125
0.375,0.75,0.0625,0.42028525,0.7179082499999999,0.199260375
0.375,0.75,0.125,0.41793987499999996,0.720336,0.248957625
0.375,0.75,0.1875,0.4155945,0.7227637499999999,0.298654875
0.375,0.75,0.25,0.413249125,0.7251915,0.348352125
0.375,0.75,0.3125,0.41090374999999996,0.7276192499999999,0.398049375
0.375,0.75,0.375,0.408558375,0.730047,0.44774662499999995
0.375,0.75,0.4375,0.406213,0.73247475,0.497443875
0.375,0.75,0.5,0.403867625,0.7349025,0.547141125
0.375,0.75,0.5625,0.40152224999999997,0.73733025,0.596838375
0.375,0.75,0.625,0.399176875,0.7397579999999999,0.646535625
0.375,0.75,0.6875,0.3968315,0.74218575,0.696232875
0.375,0.75,0.75,0.39448612499999997,0.7446134999999999,0.745930125
0.375,0.75,0.8125,0.39214075,0.74704125,0.795627375
0.375,0.75,0.875,0.389795375,0.7494689999999999,0.8453246249999999
0.375,0.75,0.9375,0.38744999999999996,0.75189675,0.895021875
0.375,0.75,1.0,0.385104625,0.7543245,0.944719125
0.375,0.8125,0.0,0.42822375,0.774655,0.1616875625
0.375,0.8125,0.0625,0.42587837500000003,0.7770827499999999,0.2113848125
0.375,0.8125,0.125,0.423533,0.7795105,0.2610820625
0.375,0.8125,0.1875,0.421187625,0.78193825,0.3107793125
0.375,0.8125,0.25,0.41884225,0.784366,0.3604765625
0.375,0.8125,0.3125,0.416496875,0.78679375,0.41017381249999996
0.375,0.8125,0.375,0.4141515,0.7892215,0.4598710625
0.375,0.8125,0.4375,0.411806125,0.79164925,0.5095683124999999
0.375,0.8125,0.5,0.40946075000000004,0.794077,0.5592655625
0.375,0.8125,0.5625,0.407115375,0.79650475,0.6089628125
0.375,0.8125,0.625,0.40477,0.7989324999999999,0.6586600625
0.375,0.8125,0.6875,0.40242462500000004,0.80136025,0.7083573125
0.375,0.8125,0.75,0.40007925,0.803788,0.7580545624999999
0.375,0.8125,0.8125,0.397733875,0.80621575,0.8077518125
0.375,0.8125,0.875,0.39538850000000003,0.8086435,0.8574490625
0.375,0.8125,0.9375,0.393043125,0.81107125,0.9071463124999999
0.375,0.8125,1.0,0.39069775,0.813499,0.9568435625
0.375,0.875,0.0,0.433816875,0.8338294999999999,0.173812
0.375,0.875,0.0625,0.4314715,0.8362572499999998,0.22350925
0.375,0.875,0.125,0.42912612499999997,0.8386849999999999,0.2732065
0.375,0.875,0.1875,0.42678075,0.8411127499999999,0.32290375
0.375,0.875,0.25,0.424435375,0.8435404999999999,0.37260099999999996
0.375,0.875,0.3125,0.42208999999999997,0.8459682499999999,0.42229825
0.375,0.875,0.375,0.419744625,0.8483959999999999,0.4719955
0.375,0.875,0.4375,0.41739925,0.8508237499999999,0.5216927499999999
0.375,0.875,0.5,0.415053875,0.8532514999999999,0.57139
0.375,0.875,0.5625,0.4127085,0.8556792499999999,0.62108725
0.375,0.875,0.625,0.410363125,0.8581069999999998,0.6707845
0.375,0.875,0.6875,0.40801775,0.8605347499999999,0.7204817499999999
0.375,0.875,0.75,0.405672375,0.8629624999999999,0.770179
0.375,0.875,0.8125,0.403327,0.8653902499999999,0.81987625
0.375,0.875,0.875,0.400981625,0.8678179999999999,0.8695734999999999
0.375,0.875,0.9375,0.39863624999999997,0.8702457499999999,0.9192707499999999
0.375,0.875,1.0,0.396290875,0.8726734999999999,0.9689679999999999
0.375,0.9375,0.0,0.43940999999999997,0.8930039999999999,0.1859364375
0.375,0.9375,0.0625,0.437064625,0.8954317499999999,0.2356336875
0.375,0.9375,0.125,0.43471924999999995,0.8978594999999999,0.2853309375
0.375,0.9375,0.1875,0.43237387499999996,0.9002872499999999,0.33502818749999996
0.375,0.9375,0.25,0.4300285,0.9027149999999999,0.3847254375
0.375,0.9375,0.3125,0.42768312499999994,0.9051427499999999,0.4344226875
0.375,0.9375,0.375,0.42533774999999996,0.9075705,0.4841199375
0.375,0.9375,0.4375,0.422992375,0.9099982499999999,0.5338171875
0.375,0.9375,0.5,0.420647,0.912426,0.5835144375
0.375,0.9375,0.5625,0.41830162499999995,0.9148537499999999,0.6332116875
0.375,0.9375,0.625,0.41595624999999997,0.9172814999999999,0.6829089374999999
0.375,0.9375,0.6875,0.413610875,0.9197092499999999,0.7326061875
0.375,0.9375,0.75,0.41126549999999995,0.9221369999999999,0.7823034375
0.375,0.9375,0.8125,0.40892012499999997,0.9245647499999999,0.8320006875
0.375,0.9375,0.875,0.40657475,0.9269924999999999,0.8816979374999999
0.375,0.9375,0.9375,0.40422937499999995,0.92942025,0.9313951874999999
0.375,0.9375,1.0,0.40188399999999996,0.9318479999999999,0.9810924375
0.375,1.0,0.0,0.445003125,0.9521784999999999,0.198060875
0.375,1.0,0.0625,0.44265775,0.9546062499999999,0.247758125
0.375,1.0,0.125,0.440312375,0.9570339999999999,0.29745537499999997
0.375,1.0,0.1875,0.437967,0.9594617499999999,0.347152625
0.375,1.0,0.25,0.435621625,0.9618895,0.396849875
0.375,1.0,0.3125,0.43327625,0.9643172499999999,0.446547125
0.375,1.0,0.375,0.430930875,0.966745,0.49624437499999996
0.375,1.0,0.4375,0.4285855,0.9691727499999999,0.545941625
0.375,1.0,0.5,0.426240125,0.9716005,0.595638875
0.375,1.0,0.5625,0.42389475,0.9740282499999999,0.645336125
0.375,1.0,0.625,0.421549375,0.9764559999999999,0.695033375
0.375,1.0,0.6875,0.419204,0.9788837499999999,0.744730625
0.375,1.0,0.75,0.416858625,0.9813114999999999,0.794427875
0.375,1.0,0.8125,0.41451325,0.98373925,0.844125125
0.375,1.0,0.875,0.412167875,0.9861669999999999,0.893822375
0.375,1.0,0.9375,0.4098225,0.98859475,0.943519625
0.375,1.0,1.0,0.407477125,0.9910224999999999,0.993216875
0.4375,0.0,0.0,0.4147653125,0.00628425,0.0047481875
0.4375,0.0,0.0625,0.4124199375,0.008712,0.0544454375
0.4375,0.0,0.125,0.41007456249999996,0.01113975,0.1041426875
0.4375,0.0,0.1875,0.4077291875,0.0135675,0.1538399375
0.4375,0.0,0.25,0.4053838125,0.01599525,0.2035371875
0.4375,0.0,0.3125,0.40303843749999996,0.018423,0.25323443749999996
0.4375,0.0,0.375,0.4006930625,0.02085075,0.3029316875
0.4375,0.0,0.4375,0.3983476875,0.0232785,0.35262893749999996
0.4375,0.0,0.5,0.3960023125,0.02570625,0.4023261875
0.4375,0.0,0.5625,0.39365693749999997,0.028134,0.4520234375
0.4375,0.0,0.625,0.3913115625,0.03056175,0.5017206875
0.4375,0.0,0.6875,0.3889661875,0.0329895,0.5514179374999999
0.4375,0.0,0.75,0.38662081249999997,0.03541725,0.6011151874999999
0.4375,0.0,0.8125,0.3842754375,0.037845,0.6508124375
0.4375,0.0,0.875,0.3819300625,0.040272749999999996,0.7005096874999999
0.4375,0.0,0.9375,0.37958468749999996,0.042700499999999995,0.7502069374999999
0.4375,0.0,1.0,0.3772393125,0.045128249999999995,0.7999041874999999
0.4375,0.0625,0.0,0.42035843749999996,0.06545875,0.016872625
0.4375,0.0625,0.0625,0.4180130625,0.0678865,0.066569875
0.4375,0.0625,0.125,0.41566768749999994,0.07031425,0.116267125
0.4375,0.0625,0.1875,0.41332231249999996,0.072742,0.165964375
0.4375,0.0625,0.25,0.4109769375,0.07516975,0.215661625
0.4375,0.0625,0.3125,0.40863156249999993,0.0775975,0.265358875
0.4375,0.0625,0.375,0.40628618749999995,0.08002524999999999,0.31505612499999996
0.4375,0.0625,0.4375,0.40394081249999997,0.082453,0.36475337499999994
0.4375,0.0625,0.5,0.4015954375,0.08488074999999999,0.41445062499999996
0.4375,0.0625,0.5625,0.39925006249999995,0.0873085,0.464147875
0.4375,0.0625,0.625,0.39690468749999996,0.08973624999999999,0.513845125
0.4375,0.0625,0.6875,0.3945593125,0.092164,0.5635423749999999
0.4375,0.0625,0.75,0.39221393749999994,0.09459175,0.613239625
0.4375,0.0625,0.8125,0.38986856249999996,0.0970195,0.662936875
0.4375,0.0625,0.875,0.3875231875,0.09944724999999999,0.7126341249999999
0.4375,0.0625,0.9375,0.38517781249999994,0.101875,0.7623313749999999
0.4375,0.0625,1.0,0.38283243749999996,0.10430275,0.812028625
0.4375,0.125,0.0,0.4259515625,0.12463325,0.0289970625
0.4375,0.125,0.0625,0.4236061875,0.127061,0.0786943125
0.4375,0.125,0.125,0.42126081249999997,0.12948875,0.1283915625
0.4375,0.125,0.1875,0.4189154375,0.1319165,0.1780888125
0.4375,0.125,0.25,0.4165700625,0.13434425,0.2277860625
0.4375,0.125,0.3125,0.41422468749999997,0.136772,0.27748331249999997
0.4375,0.125,0.375,0.4118793125,0.13919975,0.3271805625
0.4375,0.125,0.4375,0.4095339375,0.1416275,0.37687781249999996
0.4375,0.125,0.5,0.4071885625,0.14405525,0.4265750625
0.4375,0.125,0.5625,0.4048431875,0.146483,0.4762723125
0.4375,0.125,0.625,0.4024978125,0.14891075,0.5259695624999999
0.4375,0.125,0.6875,0.4001524375,0.1513385,0.5756668125
0.4375,0.125,0.75,0.3978070625,0.15376625,0.6253640625
0.4375,0.125,0.8125,0.3954616875,0.156194,0.6750613125
0.4375,0.125,0.875,0.3931163125,0.15862175,0.7247585624999999
0.4375,0.125,0.9375,0.39077093749999997,0.1610495,0.7744558125
0.4375,0.125,1.0,0.3884255625,0.16347725,0.8241530625
0.4375,0.1875,0.0,0.43154468749999997,0.18380775,0.0411215
0.4375,0.1875,0.0625,0.4291993125,0.1862355,0.09081875
0.4375,0.1875,0.125,0.42685393749999995,0.18866325,0.140516
0.4375,0.1875,0.1875,0.42450856249999996,0.19109099999999998,0.19021325
0.4375,0.1875,0.25,0.4221631875,0.19351875,0.2399105
0.4375,0.1875,0.3125,0.41981781249999994,0.1959465,0.28960775
0.4375,0.1875,0.375,0.41747243749999996,0.19837425,0.33930499999999997
0.4375,0.1875,0.4375,0.4151270625,0.20080199999999998,0.38900224999999994
0.4375,0.1875,0.5,0.4127816875,0.20322975,0.43869949999999996
0.4375,0.1875,0.5625,0.41043631249999996,0.2056575,0.48839675
0.4375,0.1875,0.625,0.4080909375,0.20808525,0.538094
0.4375,0.1875,0.6875,0.4057455625,0.21051299999999998,0.58779125
0.4375,0.1875,0.75,0.40340018749999995,0.21294074999999998,0.6374885
0.4375,0.1875,0.8125,0.40105481249999997,0.2153685,0.68718575
0.4375,0.1875,0.875,0.3987094375,0.21779625,0.736883
0.4375,0.1875,0.9375,0.39636406249999995,0.22022399999999998,0.78658025
0.4375,0.1875,1.0,0.39401868749999996,0.22265174999999998,0.8362775
0.4375,0.25,0.0,0.4371378125,0.24298224999999998,0.0532459375
0.4375,0.25,0.0625,0.4347924375,0.24541,0.1029431875
0.4375,0.25,0.125,0.4324470625,0.24783775,0.1526404375
0.4375,0.25,0.1875,0.4301016875,0.2502655,0.2023376875
0.4375,0.25,0.25,0.4277563125,0.25269325,0.2520349375
0.4375,0.25,0.3125,0.4254109375,0.255121,0.30173218749999997
0.4375,0.25,0.375,0.4230655625,0.25754875,0.3514294375
0.4375,0.25,0.4375,0.4207201875,0.2599765,0.40112668749999997
0.4375,0.25,0.5,0.4183748125,0.26240425,0.4508239375
0.4375,0.25,0.5625,0.4160294375,0.26483199999999996,0.5005211875
0.4375,0.25,0.625,0.4136840625,0.26725974999999996,0.5502184375
0.4375,0.25,0.6875,0.4113386875,0.26968749999999997,0.5999156874999999
0.4375,0.25,0.75,0.4089933125,0.27211525,0.6496129374999999
0.4375,0.25,0.8125,0.4066479375,0.274543,0.6993101875
0.4375,0.25,0.875,0.4043025625,0.27697075,0.7490074374999999
0.4375,0.25,0.9375,0.4019571875,0.2793985,0.7987046874999999
0.4375,0.25,1.0,0.3996118125,0.28182625,0.8484019374999999
0.4375,0.3125,0.0,0.4427309375,0.30215675,0.065370375
0.4375,0.3125,0.0625,0.4403855625,0.3045845,0.11506762499999999
0.4375,0.3125,0.125,0.43804018749999996,0.30701225,0.16476487499999998
0.4375,0.3125,0.1875,0.4356948125,0.30944,0.214462125
0.4375,0.3125,0.25,0.4333494375,0.31186775,0.264159375
0.4375,0.3125,0.3125,0.43100406249999995,0.31429549999999995,0.313856625
0.4375,0.3125,0.375,0.42865868749999997,0.31672324999999996,0.36355387499999997
0.4375,0.3125,0.4375,0.4263133125,0.31915099999999996,0.41325112499999994
0.4375,0.3125,0.5,0.4239679375,0.32157874999999997,0.46294837499999997
0.4375,0.3125,0.5625,0.42162256249999996,0.3240065,0.512645625
0.4375,0.3125,0.625,0.4192771875,0.32643425,0.562342875
0.4375,0.3125,0.6875,0.4169318125,0.328862,0.6120401249999999
0.4375,0.3125,0.75,0.41458643749999996,0.33128975,0.661737375
0.4375,0.3125,0.8125,0.4122410625,0.3337175,0.711434625
0.4375,0.3125,0.875,0.4098956875,0.33614524999999995,0.7611318749999999
0.4375,0.3125,0.9375,0.40755031249999996,0.33857299999999996,0.8108291249999999
0.4375,0.3125,1.0,0.4052049375,0.34100074999999996,0.860526375
0.4375,0.375,0.0,0.4483240625,0.36133125,0.0774948125
0.4375,0.375,0.0625,0.4459786875,0.363759,0.12719206249999998
0.4375,0.375,0.125,0.4436333125,0.36618675,0.1768893125
0.4375,0.375,0.1875,0.4412879375,0.3686145,0.22658656249999998
0.4375,0.375,0.25,0.4389425625,0.37104225,0.2762838125
0.4375,0.375,0.3125,0.4365971875,0.37346999999999997,0.3259810625
0.4375,0.375,0.375,0.4342518125,0.37589775,0.3756783125
0.4375,0.375,0.4375,0.4319064375,0.3783255,0.42537556249999997
0.4375,0.375,0.5,0.42956106250000003,0.38075325,0.4750728125
0.4375,0.375,0.5625,0.4272156875,0.383181,0.5247700625
0.4375,0.375,0.625,0.4248703125,0.38560875,0.5744673124999999
0.4375,0.375,0.6875,0.42252493750000003,0.3880365,0.6241645625
0.4375,0.375,0.75,0.4201795625,0.39046425,0.6738618125
0.4375,0.375,0.8125,0.4178341875,0.392892,0.7235590625
0.4375,0.375,0.875,0.4154888125,0.39531974999999997,0.7732563124999999
0.4375,0.375,0.9375,0.4131434375,0.3977475,0.8229535625
0.4375,0.375,1.0,0.4107980625,0.40017525,0.8726508125
0.4375,0.4375,0.0,0.4539171875,0.42050574999999996,0.08961925
0.4375,0.4375,0.0625,0.4515718125,0.42293349999999996,0.1393165
0.4375,0.4375,0.125,0.44922643749999996,0.42536124999999997,0.18901374999999998
0.4375,0.4375,0.1875,0.4468810625,0.427789,0.238711
0.4375,0.4375,0.25,0.4445356875,0.43021675,0.28840825
0.4375,0.4375,0.3125,0.44219031249999996,0.43264449999999993,0.3381055
0.4375,0.4375,0.375,0.4398449375,0.43507224999999994,0.38780275
0.4375,0.4375,0.4375,0.4374995625,0.43749999999999994,0.43749999999999994
0.4375,0.4375,0.5,0.4351541875,0.43992774999999995,0.48719724999999997
0.4375,0.4375,0.5625,0.4328088125,0.44235549999999996,0.5368945
0.4375,0.4375,0.625,0.4304634375,0.44478324999999996,0.58659175
0.4375,0.4375,0.6875,0.4281180625,0.44721099999999997,0.636289
0.4375,0.4375,0.75,0.42577268749999997,0.44963875,0.68598625
0.4375,0.4375,0.8125,0.4234273125,0.4520664999999999,0.7356835
0.4375,0.4375,0.875,0.4210819375,0.45449424999999993,0.78538075
0.4375,0.4375,0.9375,0.41873656249999996,0.45692199999999994,0.835078
0.4375,0.4375,1.0,0.4163911875,0.45934974999999995,0.88477525
0.4375,0.5,0.0,0.45951031249999996,0.47968025,0.1017436875
0.4375,0.5,0.0625,0.4571649375,0.482108,0.15144093749999998
0.4375,0.5,0.125,0.45481956249999994,0.48453575,0.2011381875
0.4375,0.5,0.1875,0.45247418749999996,0.4869635,0.2508354375
0.4375,0.5,0.25,0.4501288125,0.48939125,0.3005326875
0.4375,0.5,0.3125,0.44778343749999994,0.49181899999999995,0.3502299375
0.4375,0.5,0.375,0.44543806249999995,0.49424674999999996,0.3999271875
0.4375,0.5,0.4375,0.44309268749999997,0.49667449999999996,0.4496244375
0.4375,0.5,0.5,0.4407473125,0.49910224999999997,0.4993216875
0.4375,0.5,0.5625,0.43840193749999995,0.5015299999999999,0.5490189375
0.4375,0.5,0.625,0.43605656249999997,0.50395775,0.5987161875
0.4375,0.5,0.6875,0.4337111875,0.5063854999999999,0.6484134374999999
0.4375,0.5,0.75,0.43136581249999995,0.50881325,0.6981106874999999
0.4375,0.5,0.8125,0.42902043749999996,0.511241,0.7478079375
0.4375,0.5,0.875,0.4266750625,0.51366875,0.7975051874999999
0.4375,0.5,0.9375,0.42432968749999994,0.5160965,0.8472024374999999
0.4375,0.5,1.0,0.42198431249999996,0.51852425,0.8968996874999999
0.4375,0.5625,0.0,0.4651034375,0.5388547499999999,0.113868125
0.4375,0.5625,0.0625,0.4627580625,0.5412824999999999,0.163565375
0.4375,0.5625,0.125,0.4604126875,0.54371025,0.21326262499999998
0.4375,0.5625,0.1875,0.4580673125,0.5461379999999999,0.262959875
0.4375,0.5625,0.25,0.4557219375,0.54856575,0.312657125
0.4375,0.5625,0.3125,0.45337656249999997,0.5509934999999999,0.362354375
0.4375,0.5625,0.375,0.4510311875,0.55342125,0.412051625
0.4375,0.5625,0.4375,0.4486858125,0.5558489999999999,0.46174887499999995
0.4375,0.5625,0.5,0.4463404375,0.55827675,0.511446125
0.4375,0.5625,0.5625,0.4439950625,0.5607044999999999,0.561143375
0.4375,0.5625,0.625,0.4416496875,0.5631322499999999,0.610840625
0.4375,0.5625,0.6875,0.4393043125,0.56556,0.6605378749999999
0.4375,0.5625,0.75,0.4369589375,0.5679877499999999,0.710235125
0.4375,0.5625,0.8125,0.4346135625,0.5704155,0.759932375
0.4375,0.5625,0.875,0.4322681875,0.5728432499999999,0.8096296249999999
0.4375,0.5625,0.9375,0.4299228125,0.575271,0.8593268749999999
0.4375,0.5625,1.0,0.4275774375,0.5776987499999999,0.909024125
0.4375,0.625,0.0,0.47069656249999997,0.59802925,0.1259925625
0.4375,0.625,0.0625,0.4683511875,0.6004569999999999,0.1756898125
0.4375,0.625,0.125,0.46600581249999995,0.60288475,0.22538706249999998
0.4375,0.625,0.1875,0.46366043749999997,0.6053124999999999,0.2750843125
0.4375,0.625,0.25,0.4613150625,0.60774025,0.3247815625
0.4375,0.625,0.3125,0.45896968749999995,0.6101679999999999,0.3744788125
0.4375,0.625,0.375,0.45662431249999996,0.61259575,0.42417606249999995
0.4375,0.625,0.4375,0.4542789375,0.6150235,0.4738733125
0.4375,0.625,0.5,0.4519335625,0.61745125,0.5235705625
0.4375,0.625,0.5625,0.44958818749999996,0.619879,0.5732678125
0.4375,0.625,0.625,0.4472428125,0.6223067499999999,0.6229650624999999
0.4375,0.625,0.6875,0.4448974375,0.6247345,0.6726623125
0.4375,0.625,0.75,0.44255206249999995,0.6271622499999999,0.7223595625
0.4375,0.625,0.8125,0.44020668749999997,0.62959,0.7720568125
0.4375,0.625,0.875,0.4378613125,0.6320177499999999,0.8217540624999999
0.4375,0.625,0.9375,0.43551593749999995,0.6344455,0.8714513125
0.4375,0.625,1.0,0.43317056249999997,0.63687325,0.9211485625
0.4375,0.6875,0.0,0.4762896875,0.65720375,0.138117
0.4375,0.6875,0.0625,0.4739443125,0.6596314999999999,0.18781425
0.4375,0.6875,0.125,0.4715989375,0.66205925,0.2375115
0.4375,0.6875,0.1875,0.4692535625,0.6644869999999999,0.28720875
0.4375,0.6875,0.25,0.4669081875,0.66691475,0.336906
0.4375,0.6875,0.3125,0.4645628125,0.6693425,0.38660324999999995
0.4375,0.6875,0.375,0.4622174375,0.67177025,0.4363005
0.4375,0.6875,0.4375,0.4598720625,0.674198,0.48599774999999995
0.4375,0.6875,0.5,0.45752668750000003,0.67662575,0.535695
0.4375,0.6875,0.5625,0.4551813125,0.6790535,0.58539225
0.4375,0.6875,0.625,0.4528359375,0.6814812499999999,0.6350895
0.4375,0.6875,0.6875,0.4504905625,0.683909,0.68478675
0.4375,0.6875,0.75,0.4481451875,0.6863367499999999,0.7344839999999999
0.4375,0.6875,0.8125,0.4457998125,0.6887645,0.78418125
0.4375,0.6875,0.875,0.4434544375,0.69119225,0.8338785
0.4375,0.6875,0.9375,0.4411090625,0.69362,0.8835757499999999
0.4375,0.6875,1.0,0.4387636875,0.69604775,0.933273
0.4375,0.75,0.0,0.4818828125,0.71637825,0.1502414375
0.4375,0.75,0.0625,0.4795374375,0.718806,0.1999386875
0.4375,0.75,0.125,0.47719206249999996,0.72123375,0.2496359375
0.4375,0.75,0.1875,0.4748466875,0.7236615,0.2993331875
0.4375,0.75,0.25,0.4725013125,0.72608925,0.34903043749999996
0.4375,0.75,0.3125,0.47015593749999995,0.728517,0.3987276875
0.4375,0.75,0.375,0.46781056249999997,0.73094475,0.4484249375
0.4375,0.75,0.4375,0.4654651875,0.7333725,0.4981221874999999
0.4375,0.75,0.5,0.4631198125,0.73580025,0.5478194375
0.4375,0.75,0.5625,0.46077443749999997,0.738228,0.5975166875
0.4375,0.75,0.625,0.4584290625,0.74065575,0.6472139375
0.4375,0.75,0.6875,0.4560836875,0.7430835,0.6969111874999999
0.4375,0.75,0.75,0.45373831249999996,0.74551125,0.7466084374999999
0.4375,0.75,0.8125,0.4513929375,0.747939,0.7963056875
0.4375,0.75,0.875,0.4490475625,0.75036675,0.8460029374999999
0.4375,0.75,0.9375,0.44670218749999996,0.7527945,0.8957001874999999
0.4375,0.75,1.0,0.4443568125,0.75522225,0.9453974374999999
0.4375,0.8125,0.0,0.48747593749999996,0.77555275,0.162365875
0.4375,0.8125,0.0625,0.4851305625,0.7779805,0.212063125
0.4375,0.8125,0.125,0.48278518749999993,0.78040825,0.261760375
0.4375,0.8125,0.1875,0.48043981249999995,0.782836,0.31145762499999996
0.4375,0.8125,0.25,0.47809443749999997,0.78526375,0.361154875
0.4375,0.8125,0.3125,0.47574906249999993,0.7876915,0.410852125
0.4375,0.8125,0.375,0.47340368749999995,0.79011925,0.460549375
0.4375,0.8125,0.4375,0.47105831249999996,0.792547,0.510246625
0.4375,0.8125,0.5,0.4687129375,0.7949747500000001,0.559943875
0.4375,0.8125,0.5625,0.46636756249999994,0.7974025,0.609641125
0.4375,0.8125,0.625,0.46402218749999996,0.79983025,0.6593383749999999
0.4375,0.8125,0.6875,0.4616768125,0.802258,0.709035625
0.4375,0.8125,0.75,0.45933143749999994,0.80468575,0.758732875
0.4375,0.8125,0.8125,0.45698606249999996,0.8071135,0.808430125
0.4375,0.8125,0.875,0.4546406875,0.80954125,0.8581273749999999
0.4375,0.8125,0.9375,0.45229531249999994,0.811969,0.9078246249999999
0.4375,0.8125,1.0,0.44994993749999995,0.81439675,0.957521875
0.4375,0.875,0.0,0.4930690625,0.8347272499999999,0.1744903125
0.4375,0.875,0.0625,0.4907236875,0.8371549999999999,0.2241875625
0.4375,0.875,0.125,0.48837831249999997,0.8395827499999999,0.27388481249999996
0.4375,0.875,0.1875,0.4860329375,0.8420104999999999,0.3235820625
0.4375,0.875,0.25,0.4836875625,0.84443825,0.3732793125
0.4375,0.875,0.3125,0.48134218749999996,0.8468659999999999,0.4229765625
0.4375,0.875,0.375,0.4789968125,0.84929375,0.47267381249999996
0.4375,0.875,0.4375,0.4766514375,0.8517214999999999,0.5223710625
0.4375,0.875,0.5,0.4743060625,0.85414925,0.5720683125
0.4375,0.875,0.5625,0.4719606875,0.8565769999999999,0.6217655625
0.4375,0.875,0.625,0.4696153125,0.8590047499999999,0.6714628125
0.4375,0.875,0.6875,0.4672699375,0.8614324999999999,0.7211600625
0.4375,0.875,0.75,0.46492456249999997,0.8638602499999999,0.7708573125
0.4375,0.875,0.8125,0.4625791875,0.866288,0.8205545625
0.4375,0.875,0.875,0.4602338125,0.8687157499999999,0.8702518124999999
0.4375,0.875,0.9375,0.45788843749999997,0.8711435,0.9199490625
0.4375,0.875,1.0,0.4555430625,0.8735712499999999,0.9696463125
0.4375,0.9375,0.0,0.49866218749999996,0.8939017499999999,0.18661475
0.4375,0.9375,0.0625,0.4963168125,0.8963294999999999,0.236312
0.4375,0.9375,0.125,0.49397143749999994,0.89875725,0.28600925
0.4375,0.9375,0.1875,0.49162606249999996,0.9011849999999999,0.3357065
0.4375,0.9375,0.25,0.4892806875,0.90361275,0.38540375
0.4375,0.9375,0.3125,0.48693531249999994,0.9060404999999999,0.43510099999999996
0.4375,0.9375,0.375,0.48458993749999996,0.90846825,0.48479825
0.4375,0.9375,0.4375,0.4822445625,0.9108959999999999,0.5344955
0.4375,0.9375,0.5,0.4798991875,0.91332375,0.5841927499999999
0.4375,0.9375,0.5625,0.47755381249999995,0.9157514999999999,0.6338900000000001
0.4375,0.9375,0.625,0.47520843749999997,0.9181792499999999,0.68358725
0.4375,0.9375,0.6875,0.4728630625,0.920607,0.7332844999999999
0.4375,0.9375,0.75,0.47051768749999995,0.9230347499999999,0.78298175
0.4375,0.9375,0.8125,0.46817231249999997,0.9254625,0.832679
0.4375,0.9375,0.875,0.4658269375,0.9278902499999999,0.8823762499999999
0.4375,0.9375,0.9375,0.46348156249999994,0.930318,0.9320735
0.4375,0.9375,1.0,0.46113618749999996,0.9327457499999999,0.9817707499999999
0.4375,1.0,0.0,0.5042553125,0.95307625,0.1987391875
0.4375,1.0,0.0625,0.5019099375,0.9555039999999999,0.2484364375
0.4375,1.0,0.125,0.4995645625,0.95793175,0.2981336875
0.4375,1.0,0.1875,0.4972191875,0.9603594999999999,0.3478309375
0.4375,1.0,0.25,0.4948738125,0.96278725,0.39752818749999996
0.4375,1.0,0.3125,0.49252843749999997,0.9652149999999999,0.4472254375
0.4375,1.0,0.375,0.4901830625,0.96764275,0.4969226875
0.4375,1.0,0.4375,0.4878376875,0.9700705,0.5466199374999999
0.4375,1.0,0.5,0.4854923125,0.97249825,0.5963171875
0.4375,1.0,0.5625,0.4831469375,0.974926,0.6460144375
0.4375,1.0,0.625,0.4808015625,0.9773537499999999,0.6957116875
0.4375,1.0,0.6875,0.4784561875,0.9797815,0.7454089374999999
0.4375,1.0,0.75,0.4761108125,0.9822092499999999,0.7951061875
0.4375,1.0,0.8125,0.4737654375,0.984637,0.8448034375
0.4375,1.0,0.875,0.4714200625,0.9870647499999999,0.8945006874999999
0.4375,1.0,0.9375,0.4690746875,0.9894925,0.9441979374999999
0.4375,1.0,1.0,0.4667293125,0.99192025,0.9938951874999999
0.5,0.0,0.0,0.4740175,0.007182,0.0054265
0.5,0.0,0.0625,0.471672125,0.00960975,0.05512375
0.5,0.0,0.125,0.46932674999999996,0.0120375,0.104821
0.5,0.0,0.1875,0.466981375,0.014465249999999999,0.15451825
0.5,0.0,0.25,0.464636,0.016893,0.2042155
0.5,0.0,0.3125,0.46229062499999996,0.019320749999999998,0.25391274999999996
0.5,0.0,0.375,0.45994524999999997,0.0217485,0.30361
0.5,0.0,0.4375,0.457599875,0.02417625,0.35330724999999996
0.5,0.0,0.5,0.4552545,0.026604,0.4030045
0.5,0.0,0.5625,0.45290912499999997,0.02903175,0.45270175
0.5,0.0,0.625,0.45056375,0.031459499999999994,0.5023989999999999
0.5,0.0,0.6875,0.448218375,0.033887249999999994,0.55209625
0.5,0.0,0.75,0.44587299999999996,0.036315,0.6017935
0.5,0.0,0.8125,0.443527625,0.03874275,0.65149075
0.5,0.0,0.875,0.44118225,0.0411705,0.7011879999999999
0.5,0.0,0.9375,0.43883687499999996,0.04359825,0.75088525
0.5,0.0,1.0,0.4364915,0.046026,0.8005825
0.5,0.0625,0.0,0.47961062499999996,0.0663565,0.0175509375
0.5,0.0625,0.0625,0.47726525,0.06878425,0.0672481875
0.5,0.0625,0.125,0.47491987499999994,0.071212,0.1169454375
0.5,0.0625,0.1875,0.47257449999999995,0.07363975,0.1666426875
0.5,0.0625,0.25,0.47022912499999997,0.0760675,0.2163399375
0.5,0.0625,0.3125,0.46788374999999993,0.07849525,0.2660371875
0.5,0.0625,0.375,0.46553837499999995,0.080923,0.31573443749999996
0.5,0.0625,0.4375,0.46319299999999997,0.08335075,0.36543168749999994
0.5,0.0625,0.5,0.460847625,0.0857785,0.41512893749999996
0.5,0.0625,0.5625,0.45850224999999994,0.08820625,0.4648261875
0.5,0.0625,0.625,0.45615687499999996,0.09063399999999999,0.5145234375
0.5,0.0625,0.6875,0.4538115,0.09306175,0.5642206875
0.5,0.0625,0.75,0.45146612499999994,0.0954895,0.6139179375
0.5,0.0625,0.8125,0.44912074999999996,0.09791725,0.6636151875
0.5,0.0625,0.875,0.446775375,0.10034499999999999,0.7133124375
0.5,0.0625,0.9375,0.44442999999999994,0.10277275,0.7630096875
0.5,0.0625,1.0,0.44208462499999995,0.1052005,0.8127069375
0.5,0.125,0.0,0.48520375,0.125531,0.029675375
0.5,0.125,0.0625,0.482858375,0.12795875,0.079372625
0.5,0.125,0.125,0.48051299999999997,0.13038650000000002,0.129069875
0.5,0.125,0.1875,0.478167625,0.13281425,0.178767125
0.5,0.125,0.25,0.47582225,0.135242,0.228464375
0.5,0.125,0.3125,0.47347687499999996,0.13766975,0.27816162499999997
0.5,0.125,0.375,0.4711315,0.1400975,0.327858875
0.5,0.125,0.4375,0.468786125,0.14252525,0.37755612499999996
0.5,0.125,0.5,0.46644075,0.144953,0.427253375
0.5,0.125,0.5625,0.464095375,0.14738075,0.476950625
0.5,0.125,0.625,0.46175,0.1498085,0.526647875
0.5,0.125,0.6875,0.459404625,0.15223625,0.5763451249999999
0.5,0.125,0.75,0.45705925,0.154664,0.6260423749999999
0.5,0.125,0.8125,0.454713875,0.15709175,0.675739625
0.5,0.125,0.875,0.4523685,0.1595195,0.7254368749999999
0.5,0.125,0.9375,0.45002312499999997,0.16194725,0.7751341249999999
0.5,0.125,1.0,0.44767775,0.164375,0.8248313749999999
0.5,0.1875,0.0,0.49079687499999997,0.1847055,0.0417998125
0.5,0.1875,0.0625,0.4884515,0.18713325,0.0914970625
0.5,0.1875,0.125,0.48610612499999994,0.189561,0.1411943125
0.5,0.1875,0.1875,0.48376074999999996,0.19198874999999999,0.1908915625
0.5,0.1875,0.25,0.481415375,0.1944165,0.2405888125
0.5,0.1875,0.3125,0.47906999999999994,0.19684425,0.2902860625
0.5,0.1875,0.375,0.47672462499999996,0.199272,0.33998331249999997
0.5,0.1875,0.4375,0.47437925,0.20169974999999998,0.38968056249999994
0.5,0.1875,0.5,0.472033875,0.2041275,0.43937781249999996
0.5,0.1875,0.5625,0.46968849999999995,0.20655525,0.4890750625
0.5,0.1875,0.625,0.46734312499999997,0.208983,0.5387723125
0.5,0.1875,0.6875,0.46499775,0.21141074999999998,0.5884695624999999
0.5,0.1875,0.75,0.46265237499999995,0.2138385,0.6381668125
0.5,0.1875,0.8125,0.46030699999999997,0.21626625,0.6878640625
0.5,0.1875,0.875,0.457961625,0.218694,0.7375613124999999
0.5,0.1875,0.9375,0.45561624999999994,0.22112175,0.7872585624999999
0.5,0.1875,1.0,0.45327087499999996,0.22354949999999998,0.8369558125
0.5,0.25,0.0,0.49639,0.24387999999999999,0.05392425
0.5,0.25,0.0625,0.494044625,0.24630775,0.1036215
0.5,0.25,0.125,0.49169925,0.2487355,0.15331875
0.5,0.25,0.1875,0.489353875,0.25116325,0.203016
0.5,0.25,0.25,0.4870085,0.253591,0.25271325
0.5,0.25,0.3125,0.484663125,0.25601874999999996,0.30241049999999997
0.5,0.25,0.375,0.48231775,0.25844649999999997,0.35210775
0.5,0.25,0.4375,0.479972375,0.26087425,0.40180499999999997
0.5,0.25,0.5,0.477627,0.263302,0.45150225
0.5,0.25,0.5625,0.475281625,0.26572975,0.5011995
0.5,0.25,0.625,0.47293625,0.2681575,0.5508967499999999
0.5,0.25,0.6875,0.470590875,0.27058525,0.600594
0.5,0.25,0.75,0.4682455,0.273013,0.65029125
0.5,0.25,0.8125,0.465900125,0.27544075,0.6999885
0.5,0.25,0.875,0.46355475,0.27786849999999996,0.7496857499999999
0.5,0.25,0.9375,0.461209375,0.28029624999999997,0.799383
0.5,0.25,1.0,0.458864,0.282724,0.84908025
0.5,0.3125,0.0,0.501983125,0.3030545,0.0660486875
0.5,0.3125,0.0625,0.49963775,0.30548225,0.11574593749999999
0.5,0.3125,0.125,0.49729237499999995,0.30791,0.16544318749999998
0.5,0.3125,0.1875,0.49494699999999997,0.31033775,0.2151404375
0.5,0.3125,0.25,0.492601625,0.31276550000000003,0.2648376875
0.5,0.3125,0.3125,0.49025624999999995,0.31519325,0.3145349375
0.5,0.3125,0.375,0.48791087499999997,0.317621,0.36423218749999997
0.5,0.3125,0.4375,0.4855655,0.32004875,0.41392943749999994
0.5,0.3125,0.5,0.483220125,0.3224765,0.46362668749999997
0.5,0.3125,0.5625,0.48087474999999996,0.32490425,0.5133239375
0.5,0.3125,0.625,0.478529375,0.327332,0.5630211875
0.5,0.3125,0.6875,0.476184,0.32975975,0.6127184375
0.5,0.3125,0.75,0.47383862499999996,0.3321875,0.6624156875
0.5,0.3125,0.8125,0.47149325,0.33461525000000003,0.7121129375
0.5,0.3125,0.875,0.469147875,0.337043,0.7618101875
0.5,0.3125,0.9375,0.46680249999999995,0.33947075,0.8115074375
0.5,0.3125,1.0,0.46445712499999997,0.3418985,0.8612046875
0.5,0.375,0.0,0.50757625,0.362229,0.078173125
0.5,0.375,0.0625,0.505230875,0.36465675000000003,0.12787037499999998
0.5,0.375,0.125,0.5028855,0.36708450000000004,0.177567625
0.5,0.375,0.1875,0.500540125,0.36951225000000004,0.22726487499999998
0.5,0.375,0.25,0.49819474999999996,0.37194000000000005,0.276962125
0.5,0.375,0.3125,0.4958493749999999,0.37436775,0.326659375
0.5,0.375,0.375,0.49350399999999994,0.3767955,0.376356625
0.5,0.375,0.4375,0.49115862499999996,0.37922325,0.42605387499999997
0.5,0.375,0.5,0.48881325,0.381651,0.475751125
0.5,0.375,0.5625,0.48646787499999994,0.38407875,0.525448375
0.5,0.375,0.625,0.48412249999999996,0.38650650000000003,0.575145625
0.5,0.375,0.6875,0.481777125,0.38893425000000004,0.6248428749999999
0.5,0.375,0.75,0.47943174999999993,0.39136200000000004,0.6745401249999999
0.5,0.375,0.8125,0.47708637499999995,0.39378975000000005,0.724237375
0.5,0.375,0.875,0.47474099999999997,0.3962175,0.7739346249999999
0.5,0.375,0.9375,0.47239562499999993,0.39864525,0.8236318749999999
0.5,0.375,1.0,0.47005024999999995,0.401073,0.8733291249999999
0.5,0.4375,0.0,0.5131693749999999,0.4214035,0.0902975625
0.5,0.4375,0.0625,0.510824,0.42383125,0.1399948125
0.5,0.4375,0.125,0.508478625,0.426259,0.18969206249999998
0.5,0.4375,0.1875,0.50613325,0.42868675,0.2393893125
0.5,0.4375,0.25,0.5037878749999999,0.4311145,0.2890865625
0.5,0.4375,0.3125,0.5014424999999999,0.43354224999999996,0.3387838125
0.5,0.4375,0.375,0.4990971249999999,0.43596999999999997,0.3884810625
0.5,0.4375,0.4375,0.49675174999999994,0.43839775,0.43817831249999994
0.5,0.4375,0.5,0.49440637499999995,0.4408255,0.48787556249999997
0.5,0.4375,0.5625,0.4920609999999999,0.44325325,0.5375728125
0.5,0.4375,0.625,0.48971562499999993,0.445681,0.5872700625
0.5,0.4375,0.6875,0.48737024999999995,0.44810875,0.6369673124999999
0.5,0.4375,0.75,0.4850248749999999,0.4505365,0.6866645625
0.5,0.4375,0.8125,0.48267949999999993,0.45296424999999996,0.7363618125
0.5,0.4375,0.875,0.48033412499999995,0.45539199999999996,0.7860590624999999
0.5,0.4375,0.9375,0.4779887499999999,0.45781974999999997,0.8357563124999999
0.5,0.4375,1.0,0.4756433749999999,0.4602475,0.8854535625
0.5,0.5,0.0,0.5187625,0.480578,0.102422
0.5,0.5,0.0625,0.516417125,0.48300575,0.15211924999999998
0.5,0.5,0.125,0.51407175,0.4854335,0.2018165
0.5,0.5,0.1875,0.5117263750000001,0.48786125,0.25151375
0.5,0.5,0.25,0.509381,0.49028900000000003,0.301211
0.5,0.5,0.3125,0.507035625,0.49271675,0.35090825
0.5,0.5,0.375,0.50469025,0.4951445,0.4006055
0.5,0.5,0.4375,0.502344875,0.49757225,0.45030275
0.5,0.5,0.5,0.49999950000000004,0.5,0.5
0.5,0.5,0.5625,0.497654125,0.50242775,0.54969725
0.5,0.5,0.625,0.49530875,0.5048555,0.5993944999999999
0.5,0.5,0.6875,0.49296337500000004,0.50728325,0.64909175
0.5,0.5,0.75,0.490618,0.509711,0.698789
0.5,0.5,0.8125,0.488272625,0.51213875,0.74848625
0.5,0.5,0.875,0.48592725000000003,0.5145665,0.7981834999999999
0.5,0.5,0.9375,0.483581875,0.51699425,0.84788075
0.5,0.5,1.0,0.4812365,0.519422,0.897578
0.5,0.5625,0.0,0.524355625,0.5397525,0.1145464375
0.5,0.5625,0.0625,0.52201025,0.5421802499999999,0.1642436875
0.5,0.5625,0.125,0.519664875,0.544608,0.21394093749999998
0.5,0.5625,0.1875,0.5173195,0.5470357499999999,0.2636381875
0.5,0.5625,0.25,0.514974125,0.5494635,0.3133354375
0.5,0.5625,0.3125,0.51262875,0.5518912499999999,0.3630326875
0.5,0.5625,0.375,0.510283375,0.554319,0.4127299375
0.5,0.5625,0.4375,0.507938,0.55674675,0.46242718749999995
0.5,0.5625,0.5,0.505592625,0.5591745,0.5121244375
0.5,0.5625,0.5625,0.50324725,0.56160225,0.5618216875
0.5,0.5625,0.625,0.5009018749999999,0.5640299999999999,0.6115189375
0.5,0.5625,0.6875,0.4985565,0.56645775,0.6612161875
0.5,0.5625,0.75,0.496211125,0.5688854999999999,0.7109134375
0.5,0.5625,0.8125,0.49386575,0.57131325,0.7606106875
0.5,0.5625,0.875,0.491520375,0.573741,0.8103079375
0.5,0.5625,0.9375,0.48917499999999997,0.57616875,0.8600051875
0.5,0.5625,1.0,0.486829625,0.5785965,0.9097024375
0.5,0.625,0.0,0.52994875,0.598927,0.126670875
0.5,0.625,0.0625,0.527603375,0.6013547499999999,0.176368125
0.5,0.625,0.125,0.525258,0.6037825,0.22606537499999999
0.5,0.625,0.1875,0.522912625,0.60621025,0.275762625
0.5,0.625,0.25,0.5205672499999999,0.608638,0.32545987499999995
0.5,0.625,0.3125,0.5182218749999999,0.61106575,0.375157125
0.5,0.625,0.375,0.5158765,0.6134935,0.424854375
0.5,0.625,0.4375,0.513531125,0.61592125,0.4745516249999999
0.5,0.625,0.5,0.51118575,0.618349,0.524248875
0.5,0.625,0.5625,0.508840375,0.62077675,0.573946125
0.5,0.625,0.625,0.5064949999999999,0.6232044999999999,0.623643375
0.5,0.625,0.6875,0.5041496249999999,0.62563225,0.6733406249999999
0.5,0.625,0.75,0.50180425,0.62806,0.7230378749999999
0.5,0.625,0.8125,0.49945887499999997,0.63048775,0.772735125
0.5,0.625,0.875,0.4971135,0.6329155,0.8224323749999999
0.5,0.625,0.9375,0.49476812499999995,0.63534325,0.8721296249999999
0.5,0.625,1.0,0.49242274999999996,0.637771,0.9218268749999999
0.5,0.6875,0.0,0.535541875,0.6581015,0.1387953125
0.5,0.6875,0.0625,0.5331965,0.66052925,0.1884925625
0.5,0.6875,0.125,0.530851125,0.662957,0.2381898125
0.5,0.6875,0.1875,0.52850575,0.66538475,0.28788706249999996
0.5,0.6875,0.25,0.5261603749999999,0.6678125,0.3375843125
0.5,0.6875,0.3125,0.5238149999999999,0.67024025,0.3872815625
0.5,0.6875,0.375,0.5214696249999999,0.672668,0.4369788125
0.5,0.6875,0.4375,0.51912425,0.67509575,0.48667606249999995
0.5,0.6875,0.5,0.516778875,0.6775235000000001,0.5363733125
0.5,0.6875,0.5625,0.5144335,0.67995125,0.5860705625
0.5,0.6875,0.625,0.5120881249999999,0.682379,0.6357678124999999
0.5,0.6875,0.6875,0.5097427499999999,0.68480675,0.6854650624999999
0.5,0.6875,0.75,0.5073973749999999,0.6872345,0.7351623125
0.5,0.6875,0.8125,0.505052,0.68966225,0.7848595625
0.5,0.6875,0.875,0.502706625,0.69209,0.8345568124999999
0.5,0.6875,0.9375,0.50036125,0.69451775,0.8842540624999999
0.5,0.6875,1.0,0.49801587499999994,0.6969455,0.9339513125
0.5,0.75,0.0,0.5411349999999999,0.717276,0.15091975
0.5,0.75,0.0625,0.5387896249999999,0.71970375,0.200617
0.5,0.75,0.125,0.53644425,0.7221315,0.25031424999999996
0.5,0.75,0.1875,0.534098875,0.72455925,0.3000115
0.5,0.75,0.25,0.5317534999999999,0.726987,0.34970875
0.5,0.75,0.3125,0.5294081249999999,0.72941475,0.399406
0.5,0.75,0.375,0.5270627499999999,0.7318425000000001,0.44910324999999995
0.5,0.75,0.4375,0.5247173749999999,0.73427025,0.4988005
0.5,0.75,0.5,0.522372,0.7366980000000001,0.54849775
0.5,0.75,0.5625,0.520026625,0.73912575,0.598195
0.5,0.75,0.625,0.5176812499999999,0.7415535,0.64789225
0.5,0.75,0.6875,0.5153358749999999,0.74398125,0.6975895
0.5,0.75,0.75,0.5129904999999999,0.746409,0.74728675
0.5,0.75,0.8125,0.5106451249999999,0.74883675,0.796984
0.5,0.75,0.875,0.5082997499999999,0.7512645,0.8466812499999999
0.5,0.75,0.9375,0.505954375,0.7536922500000001,0.8963785
0.5,0.75,1.0,0.503609,0.75612,0.94607575
0.5,0.8125,0.0,0.546728125,0.7764505,0.1630441875
0.5,0.8125,0.0625,0.54438275,0.77887825,0.2127414375
0.5,0.8125,0.125,0.542037375,0.7813060000000001,0.2624386875
0.5,0.8125,0.1875,0.5396920000000001,0.78373375,0.3121359375
0.5,0.8125,0.25,0.537346625,0.7861615000000001,0.3618331875
0.5,0.8125,0.3125,0.53500125,0.78858925,0.41153043749999996
0.5,0.8125,0.375,0.532655875,0.7910170000000001,0.4612276875
0.5,0.8125,0.4375,0.5303105,0.79344475,0.5109249375
0.5,0.8125,0.5,0.527965125,0.7958725000000001,0.5606221874999999
0.5,0.8125,0.5625,0.52561975,0.79830025,0.6103194375000001
0.5,0.8125,0.625,0.523274375,0.800728,0.6600166875
0.5,0.8125,0.6875,0.520929,0.8031557500000001,0.7097139374999999
0.5,0.8125,0.75,0.518583625,0.8055835,0.7594111875
0.5,0.8125,0.8125,0.51623825,0.8080112500000001,0.8091084374999999
0.5,0.8125,0.875,0.513892875,0.810439,0.8588056874999999
0.5,0.8125,0.9375,0.5115475,0.8128667500000001,0.9085029375
0.5,0.8125,1.0,0.5092021250000001,0.8152945,0.9582001874999999
0.5,0.875,0.0,0.55232125,0.835625,0.175168625
0.5,0.875,0.0625,0.549975875,0.8380527499999999,0.224865875
0.5,0.875,0.125,0.5476305,0.8404805,0.274563125
0.5,0.875,0.1875,0.545285125,0.8429082499999999,0.324260375
0.5,0.875,0.25,0.5429397499999999,0.845336,0.37395762499999996
0.5,0.875,0.3125,0.540594375,0.8477637499999999,0.423654875
0.5,0.875,0.375,0.538249,0.8501915,0.473352125
0.5,0.875,0.4375,0.535903625,0.8526192499999999,0.5230493749999999
0.5,0.875,0.5,0.53355825,0.855047,0.572746625
0.5,0.875,0.5625,0.531212875,0.85747475,0.622443875
0.5,0.875,0.625,0.5288674999999999,0.8599024999999999,0.672141125
0.5,0.875,0.6875,0.526522125,0.86233025,0.7218383749999999
0.5,0.875,0.75,0.52417675,0.8647579999999999,0.771535625
0.5,0.875,0.8125,0.521831375,0.86718575,0.821232875
0.5,0.875,0.875,0.519486,0.8696134999999999,0.8709301249999999
0.5,0.875,0.9375,0.517140625,0.87204125,0.9206273749999999
0.5,0.875,1.0,0.51479525,0.8744689999999999,0.9703246249999999
0.5,0.9375,0.0,0.557914375,0.8947995,0.1872930625
0.5,0.9375,0.0625,0.555569,0.8972272499999999,0.2369903125
0.5,0.9375,0.125,0.553223625,0.899655,0.2866875625
0.5,0.9375,0.1875,0.55087825,0.9020827499999999,0.33638481249999996
0.5,0.9375,0.25,0.5485328749999999,0.9045105,0.3860820625
0.5,0.9375,0.3125,0.5461874999999999,0.90693825,0.4357793125
0.5,0.9375,0.375,0.543842125,0.909366,0.4854765625
0.5,0.9375,0.4375,0.54149675,0.91179375,0.5351738125
0.5,0.9375,0.5,0.539151375,0.9142215,0.5848710625
0.5,0.9375,0.5625,0.536806,0.91664925,0.6345683125
0.5,0.9375,0.625,0.5344606249999999,0.9190769999999999,0.6842655625
0.5,0.9375,0.6875,0.5321152499999999,0.92150475,0.7339628125
0.5,0.9375,0.75,0.529769875,0.9239324999999999,0.7836600625
0.5,0.9375,0.8125,0.5274245,0.92636025,0.8333573125
0.5,0.9375,0.875,0.525079125,0.928788,0.8830545624999999
0.5,0.9375,0.9375,0.52273375,0.93121575,0.9327518124999999
0.5,0.9375,1.0,0.520388375,0.9336435,0.9824490625
0.5,1.0,0.0,0.5635074999999999,0.953974,0.1994175
0.5,1.0,0.0625,0.561162125,0.9564017499999999,0.24911475
0.5,1.0,0.125,0.55881675,0.9588295,0.29881199999999997
0.5,1.0,0.1875,0.556471375,0.96125725,0.34850925
0.5,1.0,0.25,0.5541259999999999,0.963685,0.3982065
0.5,1.0,0.3125,0.5517806249999999,0.96611275,0.44790375
0.5,1.0,0.375,0.5494352499999999,0.9685405,0.49760099999999996
0.5,1.0,0.4375,0.547089875,0.97096825,0.54729825
0.5,1.0,0.5,0.5447445,0.973396,0.5969955
0.5,1.0,0.5625,0.542399125,0.97582375,0.64669275
0.5,1.0,0.625,0.5400537499999999,0.9782514999999999,0.69639
0.5,1.0,0.6875,0.5377083749999999,0.98067925,0.74608725
0.5,1.0,0.75,0.5353629999999999,0.983107,0.7957845
0.5,1.0,0.8125,0.5330176249999999,0.98553475,0.84548175
0.5,1.0,0.875,0.53067225,0.9879625,0.895179
0.5,1.0,0.9375,0.528326875,0.99039025,0.94487625
0.5,1.0,1.0,0.5259815,0.992818,0.9945735
0.5625,0.0,0.0,0.5332696875,0.00807975,0.0061048125
0.5625,0.0,0.0625,0.5309243125,0.0105075,0.0558020625
0.5625,0.0,0.125,0.5285789375000001,0.012935249999999999,0.1054993125
0.5625,0.0,0.1875,0.5262335625000001,0.015363,0.1551965625
0.5625,0.0,0.25,0.5238881875,0.01779075,0.2048938125
0.5625,0.0,0.3125,0.5215428125,0.0202185,0.25459106249999996
0.5625,0.0,0.375,0.5191974375,0.02264625,0.3042883125
0.5625,0.0,0.4375,0.5168520625,0.025074,0.35398556249999996
0.5625,0.0,0.5,0.5145066875000001,0.02750175,0.4036828125
0.5625,0.0,0.5625,0.5121613125000001,0.029929499999999998,0.4533800625
0.5625,0.0,0.625,0.5098159375,0.03235725,0.5030773125
0.5625,0.0,0.6875,0.5074705625,0.034784999999999996,0.5527745624999999
0.5625,0.0,0.75,0.5051251875,0.03721275,0.6024718124999999
0.5625,0.0,0.8125,0.5027798125,0.039640499999999995,0.6521690625
0.5625,0.0,0.875,0.5004344375,0.04206825,0.7018663124999999
0.5625,0.0,0.9375,0.4980890625,0.044495999999999994,0.7515635624999999
0.5625,0.0,1.0,0.49574368750000003,0.04692375,0.8012608124999999
0.5625,0.0625,0.0,0.5388628125,0.06725425,0.01822925
0.5625,0.0625,0.0625,0.5365174375,0.06968200000000001,0.0679265
0.5625,0.0625,0.125,0.5341720625,0.07210975,0.11762375
0.5625,0.0625,0.1875,0.5318266875000001,0.0745375,0.167321
0.5625,0.0625,0.25,0.5294813125,0.07696525,0.21701825
0.5625,0.0625,0.3125,0.5271359375,0.079393,0.2667155
0.5625,0.0625,0.375,0.5247905625,0.08182075,0.31641274999999996
0.5625,0.0625,0.4375,0.5224451875,0.0842485,0.36610999999999994
0.5625,0.0625,0.5,0.5200998125,0.08667625,0.41580724999999996
0.5625,0.0625,0.5625,0.5177544375,0.089104,0.4655045
0.5625,0.0625,0.625,0.5154090625,0.09153175,0.51520175
0.5625,0.0625,0.6875,0.5130636875,0.0939595,0.5648989999999999
0.5625,0.0625,0.75,0.5107183125,0.09638725000000001,0.61459625
0.5625,0.0625,0.8125,0.5083729375,0.098815,0.6642935
0.5625,0.0625,0.875,0.5060275625,0.10124274999999999,0.7139907499999999
0.5625,0.0625,0.9375,0.5036821875,0.1036705,0.7636879999999999
0.5625,0.0625,1.0,0.5013368125000001,0.10609825,0.81338525
0.5625,0.125,0.0,0.5444559375,0.12642875,0.0303536875
0.5625,0.125,0.0625,0.5421105625,0.1288565,0.0800509375
0.5625,0.125,0.125,0.5397651875,0.13128425000000002,0.1297481875
0.5625,0.125,0.1875,0.5374198125,0.133712,0.1794454375
0.5625,0.125,0.25,0.5350744374999999,0.13613975,0.2291426875
0.5625,0.125,0.3125,0.5327290625,0.1385675,0.27883993749999997
0.5625,0.125,0.375,0.5303836875,0.14099525000000002,0.3285371875
0.5625,0.125,0.4375,0.5280383125,0.143423,0.37823443749999996
0.5625,0.125,0.5,0.5256929375,0.14585075,0.4279316875
0.5625,0.125,0.5625,0.5233475625,0.1482785,0.4776289375
0.5625,0.125,0.625,0.5210021874999999,0.15070625,0.5273261874999999
0.5625,0.125,0.6875,0.5186568125,0.153134,0.5770234375
0.5625,0.125,0.75,0.5163114375,0.15556175,0.6267206875
0.5625,0.125,0.8125,0.5139660625,0.1579895,0.6764179375
0.5625,0.125,0.875,0.5116206875,0.16041725,0.7261151874999999
0.5625,0.125,0.9375,0.5092753125,0.16284500000000002,0.7758124375
0.5625,0.125,1.0,0.5069299375,0.16527275,0.8255096875
0.5625,0.1875,0.0,0.5500490625000001,0.18560325,0.042478125
0.5625,0.1875,0.0625,0.5477036875000001,0.188031,0.092175375
0.5625,0.1875,0.125,0.5453583125000001,0.19045875,0.141872625
0.5625,0.1875,0.1875,0.5430129375000001,0.1928865,0.191569875
0.5625,0.1875,0.25,0.5406675625,0.19531425,0.241267125
0.5625,0.1875,0.3125,0.5383221875,0.197742,0.290964375
0.5625,0.1875,0.375,0.5359768125000001,0.20016975,0.34066162499999997
0.5625,0.1875,0.4375,0.5336314375000001,0.20259749999999999,0.39035887499999994
0.5625,0.1875,0.5,0.5312860625000001,0.20502525,0.44005612499999996
0.5625,0.1875,0.5625,0.5289406875000001,0.207453,0.489753375
0.5625,0.1875,0.625,0.5265953125,0.20988075,0.539450625
0.5625,0.1875,0.6875,0.5242499375,0.21230849999999998,0.589147875
0.5625,0.1875,0.75,0.5219045625000001,0.21473625,0.638845125
0.5625,0.1875,0.8125,0.5195591875000001,0.217164,0.688542375
0.5625,0.1875,0.875,0.5172138125000001,0.21959175,0.738239625
0.5625,0.1875,0.9375,0.5148684375000001,0.22201949999999998,0.787936875
0.5625,0.1875,1.0,0.5125230625000001,0.22444725,0.837634125
0.5625,0.25,0.0,0.5556421875,0.24477775,0.0546025625
0.5625,0.25,0.0625,0.5532968125000001,0.2472055,0.1042998125
0.5625,0.25,0.125,0.5509514375000001,0.24963325,0.1539970625
0.5625,0.25,0.1875,0.5486060625000001,0.252061,0.2036943125
0.5625,0.25,0.25,0.5462606875,0.25448875,0.2533915625
0.5625,0.25,0.3125,0.5439153125,0.2569165,0.30308881249999997
0.5625,0.25,0.375,0.5415699375,0.25934425,0.3527860625
0.5625,0.25,0.4375,0.5392245625000001,0.261772,0.40248331249999997
0.5625,0.25,0.5,0.5368791875000001,0.26419975,0.4521805625
0.5625,0.25,0.5625,0.5345338125000001,0.26662749999999996,0.5018778125
0.5625,0.25,0.625,0.5321884375,0.26905524999999997,0.5515750625
0.5625,0.25,0.6875,0.5298430625,0.271483,0.6012723124999999
0.5625,0.25,0.75,0.5274976875,0.27391075,0.6509695624999999
0.5625,0.25,0.8125,0.5251523125,0.2763385,0.7006668125
0.5625,0.25,0.875,0.5228069375000001,0.27876625,0.7503640624999999
0.5625,0.25,0.9375,0.5204615625000001,0.281194,0.8000613124999999
0.5625,0.25,1.0,0.5181161875000001,0.28362175,0.8497585624999999
0.5625,0.3125,0.0,0.5612353125,0.30395225,0.066727
0.5625,0.3125,0.0625,0.5588899375,0.30638,0.11642424999999999
0.5625,0.3125,0.125,0.5565445625000001,0.30880775,0.16612149999999998
0.5625,0.3125,0.1875,0.5541991875000001,0.3112355,0.21581875
0.5625,0.3125,0.25,0.5518538125,0.31366325,0.265516
0.5625,0.3125,0.3125,0.5495084375,0.31609099999999996,0.31521325
0.5625,0.3125,0.375,0.5471630625,0.31851874999999996,0.36491049999999997
0.5625,0.3125,0.4375,0.5448176875,0.32094649999999997,0.41460774999999994
0.5625,0.3125,0.5,0.5424723125,0.32337425,0.46430499999999997
0.5625,0.3125,0.5625,0.5401269375000001,0.325802,0.51400225
0.5625,0.3125,0.625,0.5377815625,0.32822975,0.5636995
0.5625,0.3125,0.6875,0.5354361875,0.3306575,0.6133967499999999
0.5625,0.3125,0.75,0.5330908125,0.33308525,0.663094
0.5625,0.3125,0.8125,0.5307454375,0.33551299999999995,0.71279125
0.5625,0.3125,0.875,0.5284000625,0.33794074999999996,0.7624884999999999
0.5625,0.3125,0.9375,0.5260546875000001,0.34036849999999996,0.8121857499999999
0.5625,0.3125,1.0,0.5237093125000001,0.34279624999999997,0.861883
0.5625,0.375,0.0,0.5668284375,0.36312675,0.0788514375
0.5625,0.375,0.0625,0.5644830625,0.3655545,0.12854868749999998
0.5625,0.375,0.125,0.5621376875,0.36798225,0.1782459375
0.5625,0.375,0.1875,0.5597923125,0.37041,0.22794318749999998
0.5625,0.375,0.25,0.5574469375,0.37283775,0.2776404375
0.5625,0.375,0.3125,0.5551015625,0.3752655,0.3273376875
0.5625,0.375,0.375,0.5527561875,0.37769325,0.3770349375
0.5625,0.375,0.4375,0.5504108125,0.380121,0.42673218749999997
0.5625,0.375,0.5,0.5480654375,0.38254875,0.4764294375
0.5625,0.375,0.5625,0.5457200625,0.3849765,0.5261266875
0.5625,0.375,0.625,0.5433746875,0.38740425,0.5758239374999999
0.5625,0.375,0.6875,0.5410293125,0.389832,0.6255211875
0.5625,0.375,0.75,0.5386839375,0.39225975,0.6752184375
0.5625,0.375,0.8125,0.5363385625,0.39468749999999997,0.7249156875
0.5625,0.375,0.875,0.5339931875,0.39711525,0.7746129374999999
0.5625,0.375,0.9375,0.5316478125,0.399543,0.8243101875
0.5625,0.375,1.0,0.5293024375000001,0.40197075,0.8740074375
0.5625,0.4375,0.0,0.5724215625,0.42230124999999996,0.090975875
0.5625,0.4375,0.0625,0.5700761875,0.42472899999999997,0.140673125
0.5625,0.4375,0.125,0.5677308125,0.42715675,0.19037037499999998
0.5625,0.4375,0.1875,0.5653854375,0.4295845,0.240067625
0.5625,0.4375,0.25,0.5630400624999999,0.43201225,0.289764875
0.5625,0.4375,0.3125,0.5606946875,0.43443999999999994,0.339462125
0.5625,0.4375,0.375,0.5583493125,0.43686774999999994,0.389159375
0.5625,0.4375,0.4375,0.5560039375,0.43929549999999995,0.43885662499999994
0.5625,0.4375,0.5,0.5536585625,0.44172324999999996,0.48855387499999997
0.5625,0.4375,0.5625,0.5513131875,0.44415099999999996,0.538251125
0.5625,0.4375,0.625,0.5489678124999999,0.44657874999999997,0.587948375
0.5625,0.4375,0.6875,0.5466224375,0.4490065,0.637645625
0.5625,0.4375,0.75,0.5442770625,0.45143425,0.687342875
0.5625,0.4375,0.8125,0.5419316875,0.453862,0.737040125
0.5625,0.4375,0.875,0.5395863125,0.45628974999999994,0.786737375
0.5625,0.4375,0.9375,0.5372409375,0.45871749999999994,0.836434625
0.5625,0.4375,1.0,0.5348955625,0.46114524999999995,0.886131875
0.5625,0.5,0.0,0.5780146875000001,0.48147575,0.1031003125
0.5625,0.5,0.0625,0.5756693125000001,0.4839035,0.15279756249999998
0.5625,0.5,0.125,0.5733239375000001,0.48633125,0.2024948125
0.5625,0.5,0.1875,0.5709785625000001,0.488759,0.2521920625
0.5625,0.5,0.25,0.5686331875,0.49118675,0.3018893125
0.5625,0.5,0.3125,0.5662878125,0.49361449999999996,0.3515865625
0.5625,0.5,0.375,0.5639424375000001,0.49604224999999996,0.4012838125
0.5625,0.5,0.4375,0.5615970625000001,0.49846999999999997,0.4509810625
0.5625,0.5,0.5,0.5592516875000001,0.50089775,0.5006783125
0.5625,0.5,0.5625,0.5569063125000001,0.5033255,0.5503755625
0.5625,0.5,0.625,0.5545609375,0.5057532499999999,0.6000728125
0.5625,0.5,0.6875,0.5522155625,0.508181,0.6497700624999999
0.5625,0.5,0.75,0.5498701875,0.51060875,0.6994673124999999
0.5625,0.5,0.8125,0.5475248125000001,0.5130365,0.7491645625
0.5625,0.5,0.875,0.5451794375000001,0.51546425,0.7988618124999999
0.5625,0.5,0.9375,0.5428340625000001,0.517892,0.8485590624999999
0.5625,0.5,1.0,0.5404886875000001,0.52031975,0.8982563124999999
0.5625,0.5625,0.0,0.5836078125,0.54065025,0.11522475
0.5625,0.5625,0.0625,0.5812624375000001,0.543078,0.164922
0.5625,0.5625,0.125,0.5789170625000001,0.54550575,0.21461924999999998
0.5625,0.5625,0.1875,0.5765716875000001,0.5479335,0.2643165
0.5625,0.5625,0.25,0.5742263125,0.55036125,0.31401375
0.5625,0.5625,0.3125,0.5718809375,0.552789,0.363711
0.5625,0.5625,0.375,0.5695355625,0.55521675,0.41340825
0.5625,0.5625,0.4375,0.5671901875,0.5576445,0.46310549999999995
0.5625,0.5625,0.5,0.5648448125000001,0.56007225,0.51280275
0.5625,0.5625,0.5625,0.5624994375000001,0.5625,0.5625
0.5625,0.5625,0.625,0.5601540625,0.56492775,0.61219725
0.5625,0.5625,0.6875,0.5578086875,0.5673555,0.6618944999999999
0.5625,0.5625,0.75,0.5554633125,0.56978325,0.71159175
0.5625,0.5625,0.8125,0.5531179375,0.572211,0.761289
0.5625,0.5625,0.875,0.5507725625000001,0.57463875,0.8109862499999999
0.5625,0.5625,0.9375,0.5484271875000001,0.5770665,0.8606834999999999
0.5625,0.5625,1.0,0.5460818125000001,0.57949425,0.91038075
0.5625,0.625,0.0,0.5892009375,0.59982475,0.1273491875
0.5625,0.625,0.0625,0.5868555625,0.6022525,0.1770464375
0.5625,0.625,0.125,0.5845101875000001,0.60468025,0.22674368749999999
0.5625,0.625,0.1875,0.5821648125000001,0.607108,0.2764409375
0.5625,0.625,0.25,0.5798194375,0.60953575,0.3261381875
0.5625,0.625,0.3125,0.5774740625,0.6119635,0.3758354375
0.5625,0.625,0.375,0.5751286875,0.61439125,0.42553268749999995
0.5625,0.625,0.4375,0.5727833125,0.616819,0.4752299375
0.5625,0.625,0.5,0.5704379375,0.6192467500000001,0.5249271875
0.5625,0.625,0.5625,0.5680925625000001,0.6216745,0.5746244375
0.5625,0.625,0.625,0.5657471875,0.62410225,0.6243216874999999
0.5625,0.625,0.6875,0.5634018125,0.62653,0.6740189375
0.5625,0.625,0.75,0.5610564375,0.62895775,0.7237161875
0.5625,0.625,0.8125,0.5587110625,0.6313855,0.7734134375
0.5625,0.625,0.875,0.5563656875,0.63381325,0.8231106874999999
0.5625,0.625,0.9375,0.5540203125000001,0.6362410000000001,0.8728079375
0.5625,0.625,1.0,0.5516749375000001,0.63866875,0.9225051875
0.5625,0.6875,0.0,0.5947940625,0.65899925,0.139473625
0.5625,0.6875,0.0625,0.5924486875,0.661427,0.189170875
0.5625,0.6875,0.125,0.5901033125,0.66385475,0.238868125
0.5625,0.6875,0.1875,0.5877579375,0.6662825,0.288565375
0.5625,0.6875,0.25,0.5854125625,0.6687102500000001,0.338262625
0.5625,0.6875,0.3125,0.5830671875,0.671138,0.38795987499999995
0.5625,0.6875,0.375,0.5807218125,0.6735657500000001,0.437657125
0.5625,0.6875,0.4375,0.5783764375,0.6759935,0.48735437499999995
0.5625,0.6875,0.5,0.5760310625,0.6784212500000001,0.5370516249999999
0.5625,0.6875,0.5625,0.5736856875,0.680849,0.5867488750000001
0.5625,0.6875,0.625,0.5713403125,0.68327675,0.636446125
0.5625,0.6875,0.6875,0.5689949375,0.6857045,0.6861433749999999
0.5625,0.6875,0.75,0.5666495625,0.68813225,0.735840625
0.5625,0.6875,0.8125,0.5643041875,0.6905600000000001,0.7855378749999999
0.5625,0.6875,0.875,0.5619588125,0.69298775,0.8352351249999999
0.5625,0.6875,0.9375,0.5596134375,0.6954155000000001,0.884932375
0.5625,0.6875,1.0,0.5572680625,0.69784325,0.9346296249999999
0.5625,0.75,0.0,0.6003871875,0.71817375,0.1515980625
0.5625,0.75,0.0625,0.5980418125,0.7206015,0.2012953125
0.5625,0.75,0.125,0.5956964375,0.7230292500000001,0.2509925625
0.5625,0.75,0.1875,0.5933510625,0.725457,0.3006898125
0.5625,0.75,0.25,0.5910056874999999,0.7278847500000001,0.35038706249999996
0.5625,0.75,0.3125,0.5886603125,0.7303125,0.4000843125
0.5625,0.75,0.375,0.5863149375,0.7327402500000001,0.4497815625
0.5625,0.75,0.4375,0.5839695625,0.735168,0.4994788124999999
0.5625,0.75,0.5,0.5816241875,0.7375957500000001,0.5491760625
0.5625,0.75,0.5625,0.5792788125,0.7400235000000001,0.5988733125
0.5625,0.75,0.625,0.5769334374999999,0.74245125,0.6485705625
0.5625,0.75,0.6875,0.5745880624999999,0.7448790000000001,0.6982678124999999
0.5625,0.75,0.75,0.5722426875,0.74730675,0.7479650624999999
0.5625,0.75,0.8125,0.5698973125,0.7497345000000001,0.7976623125
0.5625,0.75,0.875,0.5675519375,0.75216225,0.8473595624999999
0.5625,0.75,0.9375,0.5652065625,0.7545900000000001,0.8970568124999999
0.5625,0.75,1.0,0.5628611875,0.75701775,0.9467540624999999
0.5625,0.8125,0.0,0.6059803125000001,0.7773482500000001,0.1637225
0.5625,0.8125,0.0625,0.6036349375000001,0.779776,0.21341975
0.5625,0.8125,0.125,0.6012895625000001,0.7822037500000001,0.263117
0.5625,0.8125,0.1875,0.5989441875000001,0.7846315,0.31281424999999996
0.5625,0.8125,0.25,0.5965988125,0.7870592500000001,0.3625115
0.5625,0.8125,0.3125,0.5942534375,0.789487,0.41220875
0.5625,0.8125,0.375,0.5919080625,0.7919147500000001,0.461906
0.5625,0.8125,0.4375,0.5895626875000001,0.7943425000000001,0.51160325
0.5625,0.8125,0.5,0.5872173125000001,0.7967702500000001,0.5613005
0.5625,0.8125,0.5625,0.5848719375000001,0.7991980000000001,0.61099775
0.5625,0.8125,0.625,0.5825265625,0.80162575,0.660695
0.5625,0.8125,0.6875,0.5801811875,0.8040535000000001,0.71039225
0.5625,0.8125,0.75,0.5778358125,0.80648125,0.7600895
0.5625,0.8125,0.8125,0.5754904375000001,0.8089090000000001,0.80978675
0.5625,0.8125,0.875,0.5731450625000001,0.81133675,0.8594839999999999
0.5625,0.8125,0.9375,0.5707996875000001,0.8137645000000001,0.9091812499999999
0.5625,0.8125,1.0,0.5684543125000001,0.8161922500000001,0.9588785
0.5625,0.875,0.0,0.6115734375,0.83652275,0.1758469375
0.5625,0.875,0.0625,0.6092280625000001,0.8389504999999999,0.2255441875
0.5625,0.875,0.125,0.6068826875000001,0.84137825,0.27524143749999996
0.5625,0.875,0.1875,0.6045373125000001,0.843806,0.3249386875
0.5625,0.875,0.25,0.6021919375,0.84623375,0.3746359375
0.5625,0.875,0.3125,0.5998465625,0.8486615,0.4243331875
0.5625,0.875,0.375,0.5975011875,0.85108925,0.47403043749999996
0.5625,0.875,0.4375,0.5951558125,0.853517,0.5237276875
0.5625,0.875,0.5,0.5928104375000001,0.85594475,0.5734249375
0.5625,0.875,0.5625,0.5904650625000001,0.8583725,0.6231221875
0.5625,0.875,0.625,0.5881196875,0.8608002499999999,0.6728194375
0.5625,0.875,0.6875,0.5857743125,0.863228,0.7225166875
0.5625,0.875,0.75,0.5834289375,0.86565575,0.7722139375
0.5625,0.875,0.8125,0.5810835625,0.8680835,0.8219111875
0.5625,0.875,0.875,0.5787381875000001,0.87051125,0.8716084374999999
0.5625,0.875,0.9375,0.5763928125000001,0.872939,0.9213056875
0.5625,0.875,1.0,0.5740474375000001,0.87536675,0.9710029375
0.5625,0.9375,0.0,0.6171665625,0.89569725,0.187971375
0.5625,0.9375,0.0625,0.6148211875,0.898125,0.237668625
0.5625,0.9375,0.125,0.6124758125,0.90055275,0.287365875
0.5625,0.9375,0.1875,0.6101304375000001,0.9029805,0.337063125
0.5625,0.9375,0.25,0.6077850625,0.90540825,0.386760375
0.5625,0.9375,0.3125,0.6054396875,0.907836,0.43645762499999996
0.5625,0.9375,0.375,0.6030943125,0.91026375,0.486154875
0.5625,0.9375,0.4375,0.6007489375,0.9126915,0.5358521249999999
0.5625,0.9375,0.5,0.5984035625,0.91511925,0.585549375
0.5625,0.9375,0.5625,0.5960581875000001,0.917547,0.635246625
0.5625,0.9375,0.625,0.5937128125,0.91997475,0.684943875
0.5625,0.9375,0.6875,0.5913674375,0.9224025,0.734641125
0.5625,0.9375,0.75,0.5890220625,0.92483025,0.7843383749999999
0.5625,0.9375,0.8125,0.5866766875,0.927258,0.8340356250000001
0.5625,0.9375,0.875,0.5843313125,0.92968575,0.883732875
0.5625,0.9375,0.9375,0.5819859375,0.9321135,0.9334301249999999
0.5625,0.9375,1.0,0.5796405625000001,0.93454125,0.983127375
0.5625,1.0,0.0,0.6227596875,0.95487175,0.2000958125
0.5625,1.0,0.0625,0.6204143125,0.9572995,0.2497930625
0.5625,1.0,0.125,0.6180689375,0.95972725,0.2994903125
0.5625,1.0,0.1875,0.6157235625,0.962155,0.3491875625
0.5625,1.0,0.25,0.6133781875,0.96458275,0.39888481249999996
0.5625,1.0,0.3125,0.6110328125,0.9670105,0.4485820625
0.5625,1.0,0.375,0.6086874375,0.9694382500000001,0.4982793125
0.5625,1.0,0.4375,0.6063420625,0.971866,0.5479765624999999
0.5625,1.0,0.5,0.6039966875,0.9742937500000001,0.5976738125
0.5625,1.0,0.5625,0.6016513125,0.9767215,0.6473710625
0.5625,1.0,0.625,0.5993059374999999,0.97914925,0.6970683125
0.5625,1.0,0.6875,0.5969605625,0.981577,0.7467655624999999
0.5625,1.0,0.75,0.5946151875,0.98400475,0.7964628125
0.5625,1.0,0.8125,0.5922698125,0.9864325,0.8461600625
0.5625,1.0,0.875,0.5899244375,0.98886025,0.8958573124999999
0.5625,1.0,0.9375,0.5875790625,0.9912880000000001,0.9455545624999999
0.5625,1.0,1.0,0.5852336875,0.99371575,0.9952518124999999
0.625,0.0,0.0,0.592521875,0.0089775,0.006783125
0.625,0.0,0.0625,0.5901765,0.011405249999999999,0.056480375
0.625,0.0,0.125,0.587831125,0.013832999999999998,0.106177625
0.625,0.0,0.1875,0.58548575,0.016260749999999997,0.155874875
0.625,0.0,0.25,0.5831403749999999,0.018688499999999997,0.205572125
0.625,0.0,0.3125,0.580795,0.021116249999999996,0.25526937499999997
0.625,0.0,0.375,0.578449625,0.023544,0.304966625
0.625,0.0,0.4375,0.57610425,0.02597175,0.35466387499999996
0.625,0.0,0.5,0.573758875,0.028399499999999998,0.404361125
0.625,0.0,0.5625,0.5714135,0.030827249999999997,0.454058375
0.625,0.0,0.625,0.5690681249999999,0.03325499999999999,0.5037556249999999
0.625,0.0,0.6875,0.5667227499999999,0.03568275,0.553452875
0.625,0.0,0.75,0.564377375,0.0381105,0.603150125
0.625,0.0,0.8125,0.562032,0.04053825,0.652847375
0.625,0.0,0.875,0.559686625,0.042966,0.7025446249999999
0.625,0.0,0.9375,0.55734125,0.04539375,0.752241875
0.625,0.0,1.0,0.554995875,0.047821499999999996,0.801939125
0.625,0.0625,0.0,0.598115,0.06815199999999999,0.0189075625
0.625,0.0625,0.0625,0.595769625,0.07057975,0.0686048125
0.625,0.0625,0.125,0.59342425,0.07300749999999999,0.1183020625
0.625,0.0625,0.1875,0.591078875,0.07543525,0.1679993125
0.625,0.0625,0.25,0.5887334999999999,0.07786299999999999,0.2176965625
0.625,0.0625,0.3125,0.5863881249999999,0.08029075,0.2673938125
0.625,0.0625,0.375,0.5840427499999999,0.08271849999999999,0.31709106249999996
0.625,0.0625,0.4375,0.581697375,0.08514624999999999,0.36678831249999994
0.625,0.0625,0.5,0.579352,0.08757399999999999,0.41648556249999996
0.625,0.0625,0.5625,0.577006625,0.09000174999999999,0.4661828125
0.625,0.0625,0.625,0.5746612499999999,0.09242949999999998,0.5158800625
0.625,0.0625,0.6875,0.5723158749999999,0.09485724999999999,0.5655773125
0.625,0.0625,0.75,0.5699704999999999,0.09728499999999998,0.6152745625
0.625,0.0625,0.8125,0.567625125,0.09971274999999999,0.6649718125
0.625,0.0625,0.875,0.56527975,0.1021405,0.7146690625
0.625,0.0625,0.9375,0.562934375,0.10456824999999999,0.7643663125
0.625,0.0625,1.0,0.560589,0.10699599999999998,0.8140635625
0.625,0.125,0.0,0.6037081249999999,0.1273265,0.031032
0.625,0.125,0.0625,0.60136275,0.12975425000000002,0.08072925
0.625,0.125,0.125,0.599017375,0.13218200000000002,0.1304265
0.625,0.125,0.1875,0.596672,0.13460975,0.18012375
0.625,0.125,0.25,0.5943266249999999,0.1370375,0.229821
0.625,0.125,0.3125,0.5919812499999999,0.13946525,0.27951824999999997
0.625,0.125,0.375,0.5896358749999999,0.14189300000000002,0.3292155
0.625,0.125,0.4375,0.5872904999999999,0.14432075,0.37891274999999996
0.625,0.125,0.5,0.584945125,0.1467485,0.42861
0.625,0.125,0.5625,0.58259975,0.14917625,0.47830725
0.625,0.125,0.625,0.5802543749999999,0.15160400000000002,0.5280045
0.625,0.125,0.6875,0.5779089999999999,0.15403175,0.5777017499999999
0.625,0.125,0.75,0.5755636249999999,0.1564595,0.6273989999999999
0.625,0.125,0.8125,0.5732182499999999,0.15888725,0.67709625
0.625,0.125,0.875,0.570872875,0.16131500000000001,0.7267934999999999
0.625,0.125,0.9375,0.5685275,0.16374275,0.7764907499999999
0.625,0.125,1.0,0.566182125,0.1661705,0.8261879999999999
0.625,0.1875,0.0,0.60930125,0.186501,0.0431564375
0.625,0.1875,0.0625,0.606955875,0.18892875,0.0928536875
0.625,0.1875,0.125,0.6046105,0.1913565,0.1425509375
0.625,0.1875,0.1875,0.6022651250000001,0.19378425,0.1922481875
0.625,0.1875,0.25,0.59991975,0.196212,0.2419454375
0.625,0.1875,0.3125,0.597574375,0.19863975,0.2916426875
0.625,0.1875,0.375,0.595229,0.2010675,0.34133993749999997
0.625,0.1875,0.4375,0.592883625,0.20349525,0.39103718749999994
0.625,0.1875,0.5,0.59053825,0.205923,0.44073443749999996
0.625,0.1875,0.5625,0.5881928750000001,0.20835075,0.4904316875
0.625,0.1875,0.625,0.5858475,0.2107785,0.5401289375
0.625,0.1875,0.6875,0.583502125,0.21320624999999999,0.5898261874999999
0.625,0.1875,0.75,0.58115675,0.215634,0.6395234375
0.625,0.1875,0.8125,0.578811375,0.21806175,0.6892206875
0.625,0.1875,0.875,0.576466,0.2204895,0.7389179374999999
0.625,0.1875,0.9375,0.574120625,0.22291725,0.7886151874999999
0.625,0.1875,1.0,0.5717752500000001,0.225345,0.8383124375
0.625,0.25,0.0,0.614894375,0.2456755,0.055280875
0.625,0.25,0.0625,0.612549,0.24810325,0.104978125
0.625,0.25,0.125,0.610203625,0.250531,0.154675375
0.625,0.25,0.1875,0.60785825,0.25295875,0.204372625
0.625,0.25,0.25,0.605512875,0.2553865,0.254069875
0.625,0.25,0.3125,0.6031675,0.25781424999999997,0.30376712499999997
0.625,0.25,0.375,0.600822125,0.260242,0.353464375
0.625,0.25,0.4375,0.59847675,0.26266975,0.40316162499999997
0.625,0.25,0.5,0.596131375,0.2650975,0.452858875
0.625,0.25,0.5625,0.593786,0.26752525,0.502556125
0.625,0.25,0.625,0.5914406249999999,0.269953,0.5522533749999999
0.625,0.25,0.6875,0.58909525,0.27238075,0.601950625
0.625,0.25,0.75,0.586749875,0.2748085,0.651647875
0.625,0.25,0.8125,0.5844045,0.27723624999999996,0.701345125
0.625,0.25,0.875,0.582059125,0.27966399999999997,0.7510423749999999
0.625,0.25,0.9375,0.57971375,0.28209175,0.800739625
0.625,0.25,1.0,0.577368375,0.2845195,0.850436875
0.625,0.3125,0.0,0.6204875,0.30484999999999995,0.0674053125
0.625,0.3125,0.0625,0.618142125,0.30727774999999996,0.1171025625
0.625,0.3125,0.125,0.61579675,0.30970549999999997,0.16679981249999998
0.625,0.3125,0.1875,0.613451375,0.31213325,0.2164970625
0.625,0.3125,0.25,0.6111059999999999,0.314561,0.2661943125
0.625,0.3125,0.3125,0.6087606249999999,0.31698874999999993,0.3158915625
0.625,0.3125,0.375,0.60641525,0.31941649999999994,0.36558881249999997
0.625,0.3125,0.4375,0.604069875,0.32184424999999994,0.41528606249999994
0.625,0.3125,0.5,0.6017245,0.32427199999999995,0.46498331249999997
0.625,0.3125,0.5625,0.599379125,0.32669974999999996,0.5146805625
0.625,0.3125,0.625,0.5970337499999999,0.32912749999999996,0.5643778125
0.625,0.3125,0.6875,0.5946883749999999,0.33155524999999997,0.6140750625
0.625,0.3125,0.75,0.592343,0.333983,0.6637723125
0.625,0.3125,0.8125,0.589997625,0.33641075,0.7134695625
0.625,0.3125,0.875,0.58765225,0.33883849999999993,0.7631668125
0.625,0.3125,0.9375,0.585306875,0.34126624999999994,0.8128640625
0.625,0.3125,1.0,0.5829615,0.34369399999999994,0.8625613125
0.625,0.375,0.0,0.626080625,0.3640245,0.07952975
0.625,0.375,0.0625,0.62373525,0.36645225,0.12922699999999998
0.625,0.375,0.125,0.621389875,0.36888,0.17892425
0.625,0.375,0.1875,0.6190445,0.37130775,0.22862149999999998
0.625,0.375,0.25,0.6166991249999999,0.3737355,0.27831875
0.625,0.375,0.3125,0.6143537499999999,0.37616324999999995,0.328016
0.625,0.375,0.375,0.6120083749999999,0.37859099999999996,0.37771325
0.625,0.375,0.4375,0.609663,0.38101874999999996,0.42741049999999997
0.625,0.375,0.5,0.607317625,0.38344649999999997,0.47710775
0.625,0.375,0.5625,0.60497225,0.38587425,0.526805
0.625,0.375,0.625,0.6026268749999999,0.388302,0.57650225
0.625,0.375,0.6875,0.6002814999999999,0.39072975,0.6261994999999999
0.625,0.375,0.75,0.5979361249999999,0.3931575,0.6758967499999999
0.625,0.375,0.8125,0.59559075,0.39558525,0.725594
0.625,0.375,0.875,0.593245375,0.39801299999999995,0.7752912499999999
0.625,0.375,0.9375,0.5909,0.40044074999999996,0.8249884999999999
0.625,0.375,1.0,0.588554625,0.40286849999999996,0.8746857499999999
0.625,0.4375,0.0,0.63167375,0.423199,0.0916541875
0.625,0.4375,0.0625,0.629328375,0.42562675,0.1413514375
0.625,0.4375,0.125,0.6269830000000001,0.4280545,0.19104868749999998
0.625,0.4375,0.1875,0.6246376250000001,0.43048225,0.2407459375
0.625,0.4375,0.25,0.62229225,0.43291,0.2904431875
0.625,0.4375,0.3125,0.619946875,0.43533774999999997,0.3401404375
0.625,0.4375,0.375,0.6176015,0.4377655,0.3898376875
0.625,0.4375,0.4375,0.615256125,0.44019325,0.43953493749999994
0.625,0.4375,0.5,0.6129107500000001,0.442621,0.48923218749999997
0.625,0.4375,0.5625,0.6105653750000001,0.44504875,0.5389294375
0.625,0.4375,0.625,0.60822,0.4474765,0.5886266875
0.625,0.4375,0.6875,0.605874625,0.44990425,0.6383239374999999
0.625,0.4375,0.75,0.60352925,0.452332,0.6880211875
0.625,0.4375,0.8125,0.601183875,0.45475975,0.7377184375
0.625,0.4375,0.875,0.5988385,0.45718749999999997,0.7874156874999999
0.625,0.4375,0.9375,0.5964931250000001,0.45961525,0.8371129374999999
0.625,0.4375,1.0,0.5941477500000001,0.462043,0.8868101875
0.625,0.5,0.0,0.637266875,0.4823735,0.103778625
0.625,0.5,0.0625,0.6349215,0.48480125,0.15347587499999998
0.625,0.5,0.125,0.632576125,0.487229,0.203173125
0.625,0.5,0.1875,0.6302307500000001,0.48965675000000003,0.252870375
0.625,0.5,0.25,0.627885375,0.49208450000000004,0.302567625
0.625,0.5,0.3125,0.62554,0.49451225,0.352264875
0.625,0.5,0.375,0.623194625,0.49694,0.401962125
0.625,0.5,0.4375,0.62084925,0.49936775,0.451659375
0.625,0.5,0.5,0.618503875,0.5017955000000001,0.501356625
0.625,0.5,0.5625,0.6161585,0.50422325,0.551053875
0.625,0.5,0.625,0.613813125,0.506651,0.6007511249999999
0.625,0.5,0.6875,0.61146775,0.50907875,0.650448375
0.625,0.5,0.75,0.609122375,0.5115065,0.700145625
0.625,0.5,0.8125,0.606777,0.51393425,0.749842875
0.625,0.5,0.875,0.604431625,0.516362,0.7995401249999999
0.625,0.5,0.9375,0.60208625,0.51878975,0.849237375
0.625,0.5,1.0,0.5997408750000001,0.5212175,0.898934625
0.625,0.5625,0.0,0.64286,0.5415479999999999,0.1159030625
0.625,0.5625,0.0625,0.640514625,0.5439757499999999,0.1656003125
0.625,0.5625,0.125,0.63816925,0.5464034999999999,0.21529756249999998
0.625,0.5625,0.1875,0.635823875,0.5488312499999999,0.2649948125
0.625,0.5625,0.25,0.6334784999999999,0.5512589999999999,0.3146920625
0.625,0.5625,0.3125,0.631133125,0.5536867499999999,0.3643893125
0.625,0.5625,0.375,0.62878775,0.5561145,0.4140865625
0.625,0.5625,0.4375,0.626442375,0.5585422499999999,0.46378381249999995
0.625,0.5625,0.5,0.624097,0.56097,0.5134810625
0.625,0.5625,0.5625,0.621751625,0.5633977499999999,0.5631783125000001
0.625,0.5625,0.625,0.6194062499999999,0.5658254999999999,0.6128755625
0.625,0.5625,0.6875,0.617060875,0.5682532499999999,0.6625728125
0.625,0.5625,0.75,0.6147155,0.5706809999999999,0.7122700625
0.625,0.5625,0.8125,0.612370125,0.57310875,0.7619673125
0.625,0.5625,0.875,0.61002475,0.5755364999999999,0.8116645625
0.625,0.5625,0.9375,0.607679375,0.57796425,0.8613618125
0.625,0.5625,1.0,0.605334,0.5803919999999999,0.9110590625
0.625,0.625,0.0,0.648453125,0.6007224999999999,0.1280275
0.625,0.625,0.0625,0.64610775,0.6031502499999999,0.17772475
0.625,0.625,0.125,0.643762375,0.605578,0.22742199999999999
0.625,0.625,0.1875,0.641417,0.6080057499999999,0.27711925
0.625,0.625,0.25,0.6390716249999999,0.6104335,0.32681649999999995
0.625,0.625,0.3125,0.6367262499999999,0.6128612499999999,0.37651375
0.625,0.625,0.375,0.634380875,0.615289,0.426211
0.625,0.625,0.4375,0.6320355,0.6177167499999999,0.4759082499999999
0.625,0.625,0.5,0.629690125,0.6201445,0.5256055
0.625,0.625,0.5625,0.62734475,0.6225722499999999,0.57530275
0.625,0.625,0.625,0.6249993749999999,0.6249999999999999,0.625
0.625,0.625,0.6875,0.6226539999999999,0.62742775,0.6746972499999999
0.625,0.625,0.75,0.620308625,0.6298554999999999,0.7243944999999999
0.625,0.625,0.8125,0.61796325,0.63228325,0.77409175
0.625,0.625,0.875,0.615617875,0.6347109999999999,0.8237889999999999
0.625,0.625,0.9375,0.6132725,0.63713875,0.8734862499999999
0.625,0.625,1.0,0.610927125,0.6395664999999999,0.9231834999999999
0.625,0.6875,0.0,0.6540462499999999,0.659897,0.1401519375
0.625,0.6875,0.0625,0.651700875,0.6623247499999999,0.1898491875
0.625,0.6875,0.125,0.6493555,0.6647525,0.2395464375
0.625,0.6875,0.1875,0.647010125,0.6671802499999999,0.28924368749999996
0.625,0.6875,0.25,0.6446647499999999,0.669608,0.3389409375
0.625,0.6875,0.3125,0.6423193749999999,0.6720357499999999,0.3886381875
0.625,0.6875,0.375,0.6399739999999999,0.6744635,0.4383354375
0.625,0.6875,0.4375,0.637628625,0.6768912499999999,0.48803268749999995
0.625,0.6875,0.5,0.63528325,0.679319,0.5377299375
0.625,0.6875,0.5625,0.632937875,0.68174675,0.5874271875
0.625,0.6875,0.625,0.6305924999999999,0.6841744999999999,0.6371244375
0.625,0.6875,0.6875,0.6282471249999999,0.68660225,0.6868216874999999
0.625,0.6875,0.75,0.6259017499999999,0.6890299999999999,0.7365189375
0.625,0.6875,0.8125,0.6235563749999999,0.69145775,0.7862161875
0.625,0.6875,0.875,0.621211,0.6938854999999999,0.8359134374999999
0.625,0.6875,0.9375,0.618865625,0.69631325,0.8856106874999999
0.625,0.6875,1.0,0.61652025,0.698741,0.9353079375
0.625,0.75,0.0,0.659639375,0.7190715,0.152276375
0.625,0.75,0.0625,0.657294,0.7214992499999999,0.201973625
0.625,0.75,0.125,0.6549486250000001,0.723927,0.25167087499999996
0.625,0.75,0.1875,0.6526032500000001,0.7263547499999999,0.301368125
0.625,0.75,0.25,0.650257875,0.7287825,0.351065375
0.625,0.75,0.3125,0.6479125,0.73121025,0.400762625
0.625,0.75,0.375,0.645567125,0.733638,0.45045987499999995
0.625,0.75,0.4375,0.64322175,0.73606575,0.500157125
0.625,0.75,0.5,0.640876375,0.7384935,0.549854375
0.625,0.75,0.5625,0.6385310000000001,0.74092125,0.599551625
0.625,0.75,0.625,0.636185625,0.7433489999999999,0.649248875
0.625,0.75,0.6875,0.63384025,0.74577675,0.698946125
0.625,0.75,0.75,0.631494875,0.7482044999999999,0.748643375
0.625,0.75,0.8125,0.6291495,0.75063225,0.798340625
0.625,0.75,0.875,0.626804125,0.75306,0.8480378749999999
0.625,0.75,0.9375,0.6244587500000001,0.75548775,0.897735125
0.625,0.75,1.0,0.6221133750000001,0.7579155,0.947432375
0.625,0.8125,0.0,0.6652325,0.778246,0.1644008125
0.625,0.8125,0.0625,0.662887125,0.7806737499999999,0.2140980625
0.625,0.8125,0.125,0.66054175,0.7831015,0.2637953125
0.625,0.8125,0.1875,0.6581963750000001,0.78552925,0.3134925625
0.625,0.8125,0.25,0.655851,0.787957,0.3631898125
0.625,0.8125,0.3125,0.653505625,0.79038475,0.41288706249999996
0.625,0.8125,0.375,0.65116025,0.7928125,0.4625843125
0.625,0.8125,0.4375,0.648814875,0.79524025,0.5122815624999999
0.625,0.8125,0.5,0.6464695,0.797668,0.5619788125
0.625,0.8125,0.5625,0.644124125,0.80009575,0.6116760625
0.625,0.8125,0.625,0.64177875,0.8025235,0.6613733125
0.625,0.8125,0.6875,0.639433375,0.80495125,0.7110705625
0.625,0.8125,0.75,0.637088,0.807379,0.7607678124999999
0.625,0.8125,0.8125,0.634742625,0.80980675,0.8104650625
0.625,0.8125,0.875,0.63239725,0.8122345,0.8601623125
0.625,0.8125,0.9375,0.630051875,0.81466225,0.9098595624999999
0.625,0.8125,1.0,0.6277065000000001,0.81709,0.9595568125
0.625,0.875,0.0,0.670825625,0.8374204999999999,0.17652525
0.625,0.875,0.0625,0.66848025,0.8398482499999999,0.2262225
0.625,0.875,0.125,0.666134875,0.8422759999999999,0.27591975
0.625,0.875,0.1875,0.6637895,0.8447037499999999,0.325617
0.625,0.875,0.25,0.6614441249999999,0.8471314999999999,0.37531424999999996
0.625,0.875,0.3125,0.65909875,0.8495592499999999,0.4250115
0.625,0.875,0.375,0.656753375,0.8519869999999999,0.47470875
0.625,0.875,0.4375,0.654408,0.8544147499999999,0.5244059999999999
0.625,0.875,0.5,0.652062625,0.8568425,0.57410325
0.625,0.875,0.5625,0.64971725,0.8592702499999999,0.6238005
0.625,0.875,0.625,0.6473718749999999,0.8616979999999999,0.67349775
0.625,0.875,0.6875,0.6450265,0.8641257499999999,0.7231949999999999
0.625,0.875,0.75,0.642681125,0.8665534999999999,0.77289225
0.625,0.875,0.8125,0.64033575,0.8689812499999999,0.8225895
0.625,0.875,0.875,0.637990375,0.8714089999999999,0.8722867499999999
0.625,0.875,0.9375,0.635645,0.8738367499999999,0.9219839999999999
0.625,0.875,1.0,0.633299625,0.8762644999999999,0.9716812499999999
0.625,0.9375,0.0,0.67641875,0.8965949999999999,0.1886496875
0.625,0.9375,0.0625,0.674073375,0.8990227499999999,0.2383469375
0.625,0.9375,0.125,0.671728,0.9014504999999999,0.2880441875
0.625,0.9375,0.1875,0.669382625,0.9038782499999999,0.33774143749999996
0.625,0.9375,0.25,0.6670372499999999,0.906306,0.3874386875
0.625,0.9375,0.3125,0.6646918749999999,0.9087337499999999,0.4371359375
0.625,0.9375,0.375,0.6623465,0.9111615,0.4868331875
0.625,0.9375,0.4375,0.660001125,0.9135892499999999,0.5365304375
0.625,0.9375,0.5,0.65765575,0.916017,0.5862276875
0.625,0.9375,0.5625,0.655310375,0.9184447499999999,0.6359249375
0.625,0.9375,0.625,0.6529649999999999,0.9208724999999999,0.6856221874999999
0.625,0.9375,0.6875,0.6506196249999999,0.9233002499999999,0.7353194375
0.625,0.9375,0.75,0.6482742499999999,0.9257279999999999,0.7850166875
0.625,0.9375,0.8125,0.645928875,0.92815575,0.8347139375
0.625,0.9375,0.875,0.6435835,0.9305834999999999,0.8844111874999999
0.625,0.9375,0.9375,0.641238125,0.93301125,0.9341084374999999
0.625,0.9375,1.0,0.63889275,0.9354389999999999,0.9838056875
0.625,1.0,0.0,0.6820118749999999,0.9557694999999999,0.200774125
0.625,1.0,0.0625,0.6796665,0.9581972499999999,0.250471375
0.625,1.0,0.125,0.677321125,0.960625,0.30016862499999997
0.625,1.0,0.1875,0.67497575,0.9630527499999999,0.349865875
0.625,1.0,0.25,0.6726303749999999,0.9654805,0.399563125
0.625,1.0,0.3125,0.6702849999999999,0.9679082499999999,0.449260375
0.625,1.0,0.375,0.6679396249999999,0.970336,0.49895762499999996
0.625,1.0,0.4375,0.6655942499999999,0.9727637499999999,0.548654875
0.625,1.0,0.5,0.663248875,0.9751915,0.598352125
0.625,1.0,0.5625,0.6609035,0.9776192499999999,0.648049375
0.625,1.0,0.625,0.6585581249999999,0.9800469999999999,0.697746625
0.625,1.0,0.6875,0.6562127499999999,0.98247475,0.747443875
0.625,1.0,0.75,0.6538673749999999,0.9849024999999999,0.797141125
0.625,1.0,0.8125,0.6515219999999999,0.98733025,0.846838375
0.625,1.0,0.875,0.649176625,0.9897579999999999,0.896535625
0.625,1.0,0.9375,0.64683125,0.99218575,0.946232875
0.625,1.0,1.0,0.644485875,0.9946134999999999,0.995930125
0.6875,0.0,0.0,0.6517740624999999,0.00987525,0.0074614375
0.6875,0.0,0.0625,0.6494286874999999,0.012303,0.0571586875
0.6875,0.0,0.125,0.6470833125,0.01473075,0.1068559375
0.6875,0.0,0.1875,0.6447379375,0.0171585,0.1565531875
0.6875,0.0,0.25,0.6423925624999999,0.01958625,0.2062504375
0.6875,0.0,0.3125,0.6400471874999999,0.022014,0.25594768749999997
0.6875,0.0,0.375,0.6377018124999999,0.024441749999999998,0.3056449375
0.6875,0.0,0.4375,0.6353564374999999,0.026869499999999998,0.35534218749999996
0.6875,0.0,0.5,0.6330110624999999,0.029297249999999997,0.4050394375
0.6875,0.0,0.5625,0.6306656875,0.031724999999999996,0.4547366875
0.6875,0.0,0.625,0.6283203124999999,0.034152749999999996,0.5044339375
0.6875,0.0,0.6875,0.6259749374999999,0.036580499999999995,0.5541311874999999
0.6875,0.0,0.75,0.6236295624999999,0.03900825,0.6038284374999999
0.6875,0.0,0.8125,0.6212841874999999,0.041436,0.6535256875
0.6875,0.0,0.875,0.6189388124999999,0.04386375,0.7032229374999999
0.6875,0.0,0.9375,0.6165934375,0.0462915,0.7529201874999999
0.6875,0.0,1.0,0.6142480625,0.04871925,0.8026174374999999
0.6875,0.0625,0.0,0.6573671874999999,0.06904975,0.019585875
0.6875,0.0625,0.0625,0.6550218124999999,0.0714775,0.069283125
0.6875,0.0625,0.125,0.6526764374999999,0.07390524999999999,0.118980375
0.6875,0.0625,0.1875,0.6503310625,0.076333,0.168677625
0.6875,0.0625,0.25,0.6479856874999999,0.07876074999999999,0.218374875
0.6875,0.0625,0.3125,0.6456403124999999,0.0811885,0.268072125
0.6875,0.0625,0.375,0.6432949374999999,0.08361624999999999,0.31776937499999997
0.6875,0.0625,0.4375,0.6409495624999999,0.086044,0.36746662499999994
0.6875,0.0625,0.5,0.6386041874999999,0.08847174999999999,0.41716387499999996
0.6875,0.0625,0.5625,0.6362588124999999,0.0908995,0.466861125
0.6875,0.0625,0.625,0.6339134374999998,0.09332724999999999,0.516558375
0.6875,0.0625,0.6875,0.6315680624999999,0.09575499999999999,0.5662556249999999
0.6875,0.0625,0.75,0.6292226874999999,0.09818274999999999,0.615952875
0.6875,0.0625,0.8125,0.6268773124999999,0.10061049999999999,0.665650125
0.6875,0.0625,0.875,0.6245319374999999,0.10303825,0.7153473749999999
0.6875,0.0625,0.9375,0.6221865624999999,0.10546599999999999,0.7650446249999999
0.6875,0.0625,1.0,0.6198411875,0.10789374999999998,0.814741875
0.6875,0.125,0.0,0.6629603124999999,0.12822424999999998,0.0317103125
0.6875,0.125,0.0625,0.6606149374999999,0.130652,0.0814075625
0.6875,0.125,0.125,0.6582695624999999,0.13307975,0.1311048125
0.6875,0.125,0.1875,0.6559241874999999,0.13550749999999998,0.1808020625
0.6875,0.125,0.25,0.6535788124999998,0.13793524999999998,0.2304993125
0.6875,0.125,0.3125,0.6512334374999998,0.140363,0.28019656249999997
0.6875,0.125,0.375,0.6488880624999999,0.14279075,0.3298938125
0.6875,0.125,0.4375,0.6465426874999999,0.14521849999999997,0.37959106249999996
0.6875,0.125,0.5,0.6441973124999999,0.14764624999999998,0.4292883125
0.6875,0.125,0.5625,0.6418519374999999,0.15007399999999999,0.4789855625
0.6875,0.125,0.625,0.6395065624999998,0.15250175,0.5286828124999999
0.6875,0.125,0.6875,0.6371611874999998,0.15492949999999997,0.5783800625
0.6875,0.125,0.75,0.6348158124999999,0.15735724999999998,0.6280773125
0.6875,0.125,0.8125,0.6324704374999999,0.15978499999999998,0.6777745625
0.6875,0.125,0.875,0.6301250624999999,0.16221275,0.7274718124999999
0.6875,0.125,0.9375,0.6277796874999999,0.16464049999999997,0.7771690625
0.6875,0.125,1.0,0.6254343124999999,0.16706824999999997,0.8268663125
0.6875,0.1875,0.0,0.6685534375,0.18739875,0.04383475
0.6875,0.1875,0.0625,0.6662080625,0.1898265,0.093532
0.6875,0.1875,0.125,0.6638626875,0.19225425000000002,0.14322925
0.6875,0.1875,0.1875,0.6615173125,0.194682,0.1929265
0.6875,0.1875,0.25,0.6591719374999999,0.19710975,0.24262375
0.6875,0.1875,0.3125,0.6568265624999999,0.1995375,0.292321
0.6875,0.1875,0.375,0.6544811875,0.20196525,0.34201824999999997
0.6875,0.1875,0.4375,0.6521358125,0.204393,0.39171549999999994
0.6875,0.1875,0.5,0.6497904375,0.20682075,0.44141274999999996
0.6875,0.1875,0.5625,0.6474450625,0.2092485,0.49111
0.6875,0.1875,0.625,0.6450996874999999,0.21167625,0.54080725
0.6875,0.1875,0.6875,0.6427543124999999,0.214104,0.5905045
0.6875,0.1875,0.75,0.6404089374999999,0.21653175,0.64020175
0.6875,0.1875,0.8125,0.6380635625,0.2189595,0.689899
0.6875,0.1875,0.875,0.6357181875,0.22138725,0.73959625
0.6875,0.1875,0.9375,0.6333728125,0.223815,0.7892935
0.6875,0.1875,1.0,0.6310274375,0.22624275,0.83899075
0.6875,0.25,0.0,0.6741465624999999,0.24657325,0.0559591875
0.6875,0.25,0.0625,0.6718011875,0.249001,0.1056564375
0.6875,0.25,0.125,0.6694558125,0.25142875,0.1553536875
0.6875,0.25,0.1875,0.6671104375,0.2538565,0.2050509375
0.6875,0.25,0.25,0.6647650624999999,0.25628425,0.2547481875
0.6875,0.25,0.3125,0.6624196874999999,0.258712,0.30444543749999997
0.6875,0.25,0.375,0.6600743124999999,0.26113975,0.3541426875
0.6875,0.25,0.4375,0.6577289374999999,0.2635675,0.40383993749999997
0.6875,0.25,0.5,0.6553835625,0.26599525,0.4535371875
0.6875,0.25,0.5625,0.6530381875,0.26842299999999997,0.5032344375
0.6875,0.25,0.625,0.6506928124999999,0.27085075,0.5529316875
0.6875,0.25,0.6875,0.6483474374999999,0.2732785,0.6026289374999999
0.6875,0.25,0.75,0.6460020624999999,0.27570625,0.6523261874999999
0.6875,0.25,0.8125,0.6436566874999999,0.278134,0.7020234375
0.6875,0.25,0.875,0.6413113125,0.28056175,0.7517206874999999
0.6875,0.25,0.9375,0.6389659375,0.2829895,0.8014179374999999
0.6875,0.25,1.0,0.6366205625,0.28541725,0.8511151874999999
0.6875,0.3125,0.0,0.6797396874999999,0.30574775,0.068083625
0.6875,0.3125,0.0625,0.6773943124999999,0.3081755,0.117780875
0.6875,0.3125,0.125,0.6750489375,0.31060325,0.16747812499999998
0.6875,0.3125,0.1875,0.6727035625,0.313031,0.217175375
0.6875,0.3125,0.25,0.6703581874999999,0.31545875,0.266872625
0.6875,0.3125,0.3125,0.6680128124999999,0.31788649999999996,0.316569875
0.6875,0.3125,0.375,0.6656674374999999,0.32031424999999997,0.36626712499999997
0.6875,0.3125,0.4375,0.6633220624999999,0.322742,0.41596437499999994
0.6875,0.3125,0.5,0.6609766874999999,0.32516975,0.46566162499999997
0.6875,0.3125,0.5625,0.6586313125,0.3275975,0.515358875
0.6875,0.3125,0.625,0.6562859374999999,0.33002525,0.565056125
0.6875,0.3125,0.6875,0.6539405624999999,0.332453,0.6147533749999999
0.6875,0.3125,0.75,0.6515951874999999,0.33488075,0.664450625
0.6875,0.3125,0.8125,0.6492498124999999,0.3373085,0.714147875
0.6875,0.3125,0.875,0.6469044374999999,0.33973624999999996,0.7638451249999999
0.6875,0.3125,0.9375,0.6445590625,0.34216399999999997,0.8135423749999999
0.6875,0.3125,1.0,0.6422136875,0.34459175,0.863239625
0.6875,0.375,0.0,0.6853328124999999,0.36492225,0.0802080625
0.6875,0.375,0.0625,0.6829874374999999,0.36735,0.12990531249999998
0.6875,0.375,0.125,0.6806420624999999,0.36977775,0.1796025625
0.6875,0.375,0.1875,0.6782966874999999,0.3722055,0.22929981249999998
0.6875,0.375,0.25,0.6759513124999998,0.37463325000000003,0.2789970625
0.6875,0.375,0.3125,0.6736059374999999,0.377061,0.3286943125
0.6875,0.375,0.375,0.6712605624999999,0.37948875,0.3783915625
0.6875,0.375,0.4375,0.6689151874999999,0.3819165,0.42808881249999997
0.6875,0.375,0.5,0.6665698124999999,0.38434425,0.4777860625
0.6875,0.375,0.5625,0.6642244374999999,0.386772,0.5274833125
0.6875,0.375,0.625,0.6618790624999998,0.38919975,0.5771805624999999
0.6875,0.375,0.6875,0.6595336874999999,0.3916275,0.6268778125
0.6875,0.375,0.75,0.6571883124999999,0.39405525,0.6765750625
0.6875,0.375,0.8125,0.6548429374999999,0.39648300000000003,0.7262723125
0.6875,0.375,0.875,0.6524975624999999,0.39891075,0.7759695624999999
0.6875,0.375,0.9375,0.6501521874999999,0.4013385,0.8256668125
0.6875,0.375,1.0,0.6478068124999999,0.40376625,0.8753640625
0.6875,0.4375,0.0,0.6909259374999999,0.42409674999999997,0.0923325
0.6875,0.4375,0.0625,0.6885805624999999,0.4265245,0.14202975
0.6875,0.4375,0.125,0.6862351874999999,0.42895225,0.19172699999999998
0.6875,0.4375,0.1875,0.6838898124999999,0.43138,0.24142425
0.6875,0.4375,0.25,0.6815444374999998,0.43380775,0.2911215
0.6875,0.4375,0.3125,0.6791990624999998,0.43623549999999994,0.34081875
0.6875,0.4375,0.375,0.6768536874999999,0.43866324999999995,0.390516
0.6875,0.4375,0.4375,0.6745083124999999,0.44109099999999996,0.44021324999999994
0.6875,0.4375,0.5,0.6721629374999999,0.44351874999999996,0.48991049999999997
0.6875,0.4375,0.5625,0.6698175624999999,0.44594649999999997,0.53960775
0.6875,0.4375,0.625,0.6674721874999998,0.44837425,0.589305
0.6875,0.4375,0.6875,0.6651268124999998,0.450802,0.63900225
0.6875,0.4375,0.75,0.6627814374999998,0.45322975,0.6886995
0.6875,0.4375,0.8125,0.6604360624999999,0.45565749999999994,0.73839675
0.6875,0.4375,0.875,0.6580906874999999,0.45808524999999994,0.788094
0.6875,0.4375,0.9375,0.6557453124999999,0.46051299999999995,0.83779125
0.6875,0.4375,1.0,0.6533999374999999,0.46294074999999996,0.8874885
0.6875,0.5,0.0,0.6965190625,0.48327125,0.1044569375
0.6875,0.5,0.0625,0.6941736875,0.485699,0.15415418749999998
0.6875,0.5,0.125,0.6918283125,0.48812675,0.2038514375
0.6875,0.5,0.1875,0.6894829375,0.4905545,0.2535486875
0.6875,0.5,0.25,0.6871375624999999,0.49298225,0.3032459375
0.6875,0.5,0.3125,0.6847921874999999,0.49540999999999996,0.3529431875
0.6875,0.5,0.375,0.6824468124999999,0.49783774999999997,0.4026404375
0.6875,0.5,0.4375,0.6801014375,0.5002655,0.4523376875
0.6875,0.5,0.5,0.6777560625,0.50269325,0.5020349375
0.6875,0.5,0.5625,0.6754106875,0.5051209999999999,0.5517321875
0.6875,0.5,0.625,0.6730653124999999,0.50754875,0.6014294375
0.6875,0.5,0.6875,0.6707199374999999,0.5099764999999999,0.6511266874999999
0.6875,0.5,0.75,0.6683745624999999,0.51240425,0.7008239374999999
0.6875,0.5,0.8125,0.6660291875,0.514832,0.7505211875
0.6875,0.5,0.875,0.6636838125,0.51725975,0.8002184374999999
0.6875,0.5,0.9375,0.6613384375,0.5196875,0.8499156874999999
0.6875,0.5,1.0,0.6589930625,0.52211525,0.8996129374999999
0.6875,0.5625,0.0,0.7021121874999999,0.54244575,0.116581375
0.6875,0.5625,0.0625,0.6997668125,0.5448734999999999,0.166278625
0.6875,0.5625,0.125,0.6974214375,0.54730125,0.21597587499999998
0.6875,0.5625,0.1875,0.6950760625,0.5497289999999999,0.265673125
0.6875,0.5625,0.25,0.6927306874999999,0.55215675,0.315370375
0.6875,0.5625,0.3125,0.6903853124999999,0.5545844999999999,0.365067625
0.6875,0.5625,0.375,0.6880399374999999,0.55701225,0.414764875
0.6875,0.5625,0.4375,0.6856945624999999,0.5594399999999999,0.46446212499999995
0.6875,0.5625,0.5,0.6833491875,0.56186775,0.514159375
0.6875,0.5625,0.5625,0.6810038125,0.5642955,0.563856625
0.6875,0.5625,0.625,0.6786584374999999,0.5667232499999999,0.613553875
0.6875,0.5625,0.6875,0.6763130624999999,0.569151,0.6632511249999999
0.6875,0.5625,0.75,0.6739676874999999,0.5715787499999999,0.712948375
0.6875,0.5625,0.8125,0.6716223124999999,0.5740065,0.762645625
0.6875,0.5625,0.875,0.6692769375,0.5764342499999999,0.8123428749999999
0.6875,0.5625,0.9375,0.6669315625,0.578862,0.8620401249999999
0.6875,0.5625,1.0,0.6645861875,0.5812897499999999,0.911737375
0.6875,0.625,0.0,0.7077053124999999,0.60162025,0.1287058125
0.6875,0.625,0.0625,0.7053599374999999,0.6040479999999999,0.1784030625
0.6875,0.625,0.125,0.7030145624999999,0.60647575,0.22810031249999999
0.6875,0.625,0.1875,0.7006691875,0.6089034999999999,0.2777975625
0.6875,0.625,0.25,0.6983238124999999,0.61133125,0.3274948125
0.6875,0.625,0.3125,0.6959784374999999,0.6137589999999999,0.3771920625
0.6875,0.625,0.375,0.6936330624999999,0.61618675,0.42688931249999995
0.6875,0.625,0.4375,0.6912876874999999,0.6186145,0.4765865625
0.6875,0.625,0.5,0.6889423124999999,0.62104225,0.5262838125
0.6875,0.625,0.5625,0.6865969375,0.62347,0.5759810625
0.6875,0.625,0.625,0.6842515624999999,0.6258977499999999,0.6256783125
0.6875,0.625,0.6875,0.6819061874999999,0.6283255,0.6753755625
0.6875,0.625,0.75,0.6795608124999999,0.6307532499999999,0.7250728125
0.6875,0.625,0.8125,0.6772154374999999,0.633181,0.7747700625
0.6875,0.625,0.875,0.6748700624999999,0.63560875,0.8244673124999999
0.6875,0.625,0.9375,0.6725246874999999,0.6380365,0.8741645625
0.6875,0.625,1.0,0.6701793125,0.64046425,0.9238618125
0.6875,0.6875,0.0,0.7132984374999999,0.66079475,0.14083025
0.6875,0.6875,0.0625,0.7109530624999999,0.6632224999999999,0.1905275
0.6875,0.6875,0.125,0.7086076874999999,0.66565025,0.24022475
0.6875,0.6875,0.1875,0.7062623124999999,0.668078,0.289922
0.6875,0.6875,0.25,0.7039169374999998,0.67050575,0.33961925
0.6875,0.6875,0.3125,0.7015715624999999,0.6729335,0.38931649999999995
0.6875,0.6875,0.375,0.6992261874999999,0.67536125,0.43901375
0.6875,0.6875,0.4375,0.6968808124999999,0.677789,0.48871099999999995
0.6875,0.6875,0.5,0.6945354374999999,0.68021675,0.53840825
0.6875,0.6875,0.5625,0.6921900624999999,0.6826445,0.5881055
0.6875,0.6875,0.625,0.6898446874999998,0.6850722499999999,0.63780275
0.6875,0.6875,0.6875,0.6874993124999998,0.6875,0.6875
0.6875,0.6875,0.75,0.6851539374999999,0.68992775,0.7371972499999999
0.6875,0.6875,0.8125,0.6828085624999999,0.6923555,0.7868945
0.6875,0.6875,0.875,0.6804631874999999,0.69478325,0.83659175
0.6875,0.6875,0.9375,0.6781178124999999,0.697211,0.8862889999999999
0.6875,0.6875,1.0,0.6757724374999999,0.69963875,0.93598625
0.6875,0.75,0.0,0.7188915624999999,0.71996925,0.1529546875
0.6875,0.75,0.0625,0.7165461874999999,0.722397,0.2026519375
0.6875,0.75,0.125,0.7142008124999999,0.72482475,0.2523491875
0.6875,0.75,0.1875,0.7118554374999999,0.7272525,0.3020464375
0.6875,0.75,0.25,0.7095100624999998,0.72968025,0.35174368749999996
0.6875,0.75,0.3125,0.7071646874999998,0.732108,0.4014409375
0.6875,0.75,0.375,0.7048193124999999,0.73453575,0.4511381875
0.6875,0.75,0.4375,0.7024739374999999,0.7369635,0.5008354374999999
0.6875,0.75,0.5,0.7001285624999999,0.73939125,0.5505326875
0.6875,0.75,0.5625,0.6977831874999999,0.741819,0.6002299375
0.6875,0.75,0.625,0.6954378124999998,0.74424675,0.6499271875
0.6875,0.75,0.6875,0.6930924374999998,0.7466745,0.6996244374999999
0.6875,0.75,0.75,0.6907470624999998,0.74910225,0.7493216874999999
0.6875,0.75,0.8125,0.6884016874999999,0.75153,0.7990189375
0.6875,0.75,0.875,0.6860563124999999,0.75395775,0.8487161874999999
0.6875,0.75,0.9375,0.6837109374999999,0.7563855,0.8984134374999999
0.6875,0.75,1.0,0.6813655624999999,0.75881325,0.9481106874999999
0.6875,0.8125,0.0,0.7244846875,0.77914375,0.165079125
0.6875,0.8125,0.0625,0.7221393125,0.7815715,0.214776375
0.6875,0.8125,0.125,0.7197939375,0.78399925,0.264473625
0.6875,0.8125,0.1875,0.7174485625,0.786427,0.31417087499999996
0.6875,0.8125,0.25,0.7151031874999999,0.78885475,0.363868125
0.6875,0.8125,0.3125,0.7127578124999999,0.7912825,0.413565375
0.6875,0.8125,0.375,0.7104124374999999,0.7937102500000001,0.463262625
0.6875,0.8125,0.4375,0.7080670625,0.796138,0.512959875
0.6875,0.8125,0.5,0.7057216875,0.7985657500000001,0.562657125
0.6875,0.8125,0.5625,0.7033763125,0.8009935,0.612354375
0.6875,0.8125,0.625,0.7010309374999999,0.80342125,0.6620516249999999
0.6875,0.8125,0.6875,0.6986855624999999,0.805849,0.711748875
0.6875,0.8125,0.75,0.6963401874999999,0.80827675,0.761446125
0.6875,0.8125,0.8125,0.6939948125,0.8107045,0.811143375
0.6875,0.8125,0.875,0.6916494375,0.81313225,0.8608406249999999
0.6875,0.8125,0.9375,0.6893040625,0.8155600000000001,0.9105378749999999
0.6875,0.8125,1.0,0.6869586875,0.81798775,0.960235125
0.6875,0.875,0.0,0.7300778124999999,0.8383182499999999,0.1772035625
0.6875,0.875,0.0625,0.7277324374999999,0.8407459999999999,0.2269008125
0.6875,0.875,0.125,0.7253870625,0.8431737499999999,0.27659806249999996
0.6875,0.875,0.1875,0.7230416875,0.8456014999999999,0.3262953125
0.6875,0.875,0.25,0.7206963124999999,0.84802925,0.3759925625
0.6875,0.875,0.3125,0.7183509374999999,0.8504569999999999,0.4256898125
0.6875,0.875,0.375,0.7160055624999999,0.85288475,0.47538706249999996
0.6875,0.875,0.4375,0.7136601874999999,0.8553124999999999,0.5250843125
0.6875,0.875,0.5,0.7113148125,0.85774025,0.5747815625
0.6875,0.875,0.5625,0.7089694375,0.8601679999999999,0.6244788125
0.6875,0.875,0.625,0.7066240624999999,0.8625957499999999,0.6741760625
0.6875,0.875,0.6875,0.7042786874999999,0.8650235,0.7238733125
0.6875,0.875,0.75,0.7019333124999999,0.8674512499999999,0.7735705625
0.6875,0.875,0.8125,0.6995879374999999,0.869879,0.8232678125
0.6875,0.875,0.875,0.6972425624999999,0.8723067499999999,0.8729650624999999
0.6875,0.875,0.9375,0.6948971875,0.8747345,0.9226623125
0.6875,0.875,1.0,0.6925518125,0.8771622499999999,0.9723595625
0.6875,0.9375,0.0,0.7356709374999999,0.89749275,0.189328
0.6875,0.9375,0.0625,0.7333255624999999,0.8999204999999999,0.23902525
0.6875,0.9375,0.125,0.7309801874999999,0.90234825,0.2887225
0.6875,0.9375,0.1875,0.7286348125,0.9047759999999999,0.33841975
0.6875,0.9375,0.25,0.7262894374999999,0.90720375,0.388117
0.6875,0.9375,0.3125,0.7239440624999999,0.9096314999999999,0.43781424999999996
0.6875,0.9375,0.375,0.7215986874999999,0.91205925,0.4875115
0.6875,0.9375,0.4375,0.7192533124999999,0.9144869999999999,0.53720875
0.6875,0.9375,0.5,0.7169079374999999,0.91691475,0.5869059999999999
0.6875,0.9375,0.5625,0.7145625624999999,0.9193425,0.6366032500000001
0.6875,0.9375,0.625,0.7122171874999998,0.9217702499999999,0.6863005
0.6875,0.9375,0.6875,0.7098718124999999,0.924198,0.7359977499999999
0.6875,0.9375,0.75,0.7075264374999999,0.9266257499999999,0.785695
0.6875,0.9375,0.8125,0.7051810624999999,0.9290535,0.83539225
0.6875,0.9375,0.875,0.7028356874999999,0.9314812499999999,0.8850894999999999
0.6875,0.9375,0.9375,0.7004903124999999,0.933909,0.93478675
0.6875,0.9375,1.0,0.6981449375,0.9363367499999999,0.9844839999999999
0.6875,1.0,0.0,0.7412640624999999,0.95666725,0.2014524375
0.6875,1.0,0.0625,0.7389186874999999,0.9590949999999999,0.2511496875
0.6875,1.0,0.125,0.7365733124999999,0.96152275,0.3008469375
0.6875,1.0,0.1875,0.7342279374999999,0.9639504999999999,0.3505441875
0.6875,1.0,0.25,0.7318825624999998,0.96637825,0.40024143749999996
0.6875,1.0,0.3125,0.7295371874999999,0.968806,0.4499386875
0.6875,1.0,0.375,0.7271918124999999,0.97123375,0.4996359375
0.6875,1.0,0.4375,0.7248464374999999,0.9736615,0.5493331874999999
0.6875,1.0,0.5,0.7225010624999999,0.97608925,0.5990304375
0.6875,1.0,0.5625,0.7201556874999999,0.978517,0.6487276875
0.6875,1.0,0.625,0.7178103124999998,0.9809447499999999,0.6984249375
0.6875,1.0,0.6875,0.7154649374999998,0.9833725,0.7481221874999999
0.6875,1.0,0.75,0.7131195624999999,0.9858002499999999,0.7978194375
0.6875,1.0,0.8125,0.7107741874999999,0.988228,0.8475166875
0.6875,1.0,0.875,0.7084288124999999,0.99065575,0.8972139374999999
0.6875,1.0,0.9375,0.7060834374999999,0.9930835,0.9469111874999999
0.6875,1.0,1.0,0.7037380624999999,0.99551125,0.9966084374999999
0.75,0.0,0.0,0.71102625,0.010773,0.00813975
0.75,0.0,0.0625,0.708680875,0.013200749999999999,0.057837
0.75,0.0,0.125,0.7063355,0.0156285,0.10753425
0.75,0.0,0.1875,0.703990125,0.01805625,0.1572315
0.75,0.0,0.25,0.7016447499999999,0.020484,0.20692875
0.75,0.0,0.3125,0.699299375,0.022911749999999998,0.25662599999999997
0.75,0.0,0.375,0.696954,0.0253395,0.30632325
0.75,0.0,0.4375,0.694608625,0.02776725,0.35602049999999996
0.75,0.0,0.5,0.69226325,0.030195,0.40571775
0.75,0.0,0.5625,0.689917875,0.03262275,0.455415
0.75,0.0,0.625,0.6875724999999999,0.0350505,0.5051122499999999
0.75,0.0,0.6875,0.6852271249999999,0.03747825,0.5548095
0.75,0.0,0.75,0.68288175,0.039906,0.60450675
0.75,0.0,0.8125,0.680536375,0.042333749999999996,0.654204
0.75,0.0,0.875,0.678191,0.044761499999999996,0.7039012499999999
0.75,0.0,0.9375,0.675845625,0.047189249999999995,0.7535985
0.75,0.0,1.0,0.67350025,0.049616999999999994,0.80329575
0.75,0.0625,0.0,0.716619375,0.0699475,0.0202641875
0.75,0.0625,0.0625,0.714274,0.07237525,0.0699614375
0.75,0.0625,0.125,0.711928625,0.074803,0.1196586875
0.75,0.0625,0.1875,0.70958325,0.07723075,0.1693559375
0.75,0.0625,0.25,0.7072378749999999,0.0796585,0.2190531875
0.75,0.0625,0.3125,0.7048924999999999,0.08208625,0.2687504375
0.75,0.0625,0.375,0.7025471249999999,0.08451399999999999,0.31844768749999997
0.75,0.0625,0.4375,0.70020175,0.08694175,0.36814493749999994
0.75,0.0625,0.5,0.697856375,0.08936949999999999,0.41784218749999996
0.75,0.0625,0.5625,0.695511,0.09179725,0.4675394375
0.75,0.0625,0.625,0.6931656249999999,0.09422499999999999,0.5172366875
0.75,0.0625,0.6875,0.6908202499999999,0.09665275,0.5669339375
0.75,0.0625,0.75,0.6884748749999999,0.09908049999999999,0.6166311875
0.75,0.0625,0.8125,0.6861295,0.10150825,0.6663284375
0.75,0.0625,0.875,0.683784125,0.103936,0.7160256875
0.75,0.0625,0.9375,0.68143875,0.10636374999999999,0.7657229375
0.75,0.0625,1.0,0.679093375,0.10879149999999999,0.8154201875
0.75,0.125,0.0,0.7222124999999999,0.129122,0.032388625
0.75,0.125,0.0625,0.7198671249999999,0.13154975,0.082085875
0.75,0.125,0.125,0.71752175,0.1339775,0.131783125
0.75,0.125,0.1875,0.715176375,0.13640524999999998,0.181480375
0.75,0.125,0.25,0.7128309999999999,0.13883299999999998,0.231177625
0.75,0.125,0.3125,0.7104856249999999,0.14126075,0.28087487499999997
0.75,0.125,0.375,0.7081402499999999,0.1436885,0.330572125
0.75,0.125,0.4375,0.7057948749999999,0.14611624999999998,0.38026937499999997
0.75,0.125,0.5,0.7034495,0.14854399999999998,0.429966625
0.75,0.125,0.5625,0.701104125,0.15097175,0.479663875
0.75,0.125,0.625,0.6987587499999999,0.1533995,0.529361125
0.75,0.125,0.6875,0.6964133749999999,0.15582724999999997,0.5790583749999999
0.75,0.125,0.75,0.6940679999999999,0.15825499999999998,0.6287556249999999
0.75,0.125,0.8125,0.6917226249999999,0.16068274999999999,0.678452875
0.75,0.125,0.875,0.6893772499999999,0.1631105,0.7281501249999999
0.75,0.125,0.9375,0.687031875,0.16553825,0.7778473749999999
0.75,0.125,1.0,0.6846865,0.16796599999999998,0.8275446249999999
0.75,0.1875,0.0,0.727805625,0.1882965,0.0445130625
0.75,0.1875,0.0625,0.72546025,0.19072425,0.0942103125
0.75,0.1875,0.125,0.723114875,0.19315200000000002,0.1439075625
0.75,0.1875,0.1875,0.7207695000000001,0.19557975,0.1936048125
0.75,0.1875,0.25,0.718424125,0.1980075,0.2433020625
0.75,0.1875,0.3125,0.71607875,0.20043525,0.2929993125
0.75,0.1875,0.375,0.713733375,0.20286300000000002,0.34269656249999997
0.75,0.1875,0.4375,0.711388,0.20529075,0.39239381249999994
0.75,0.1875,0.5,0.709042625,0.2077185,0.44209106249999996
0.75,0.1875,0.5625,0.70669725,0.21014625,0.4917883125
0.75,0.1875,0.625,0.704351875,0.212574,0.5414855625
0.75,0.1875,0.6875,0.7020065,0.21500175,0.5911828124999999
0.75,0.1875,0.75,0.699661125,0.2174295,0.6408800625
0.75,0.1875,0.8125,0.69731575,0.21985725,0.6905773125
0.75,0.1875,0.875,0.694970375,0.222285,0.7402745624999999
0.75,0.1875,0.9375,0.692625,0.22471275000000002,0.7899718124999999
0.75,0.1875,1.0,0.6902796250000001,0.2271405,0.8396690625
0.75,0.25,0.0,0.73339875,0.247471,0.0566375
0.75,0.25,0.0625,0.731053375,0.24989875,0.10633475
0.75,0.25,0.125,0.728708,0.2523265,0.156032
0.75,0.25,0.1875,0.726362625,0.25475425,0.20572925
0.75,0.25,0.25,0.72401725,0.257182,0.2554265
0.75,0.25,0.3125,0.721671875,0.25960975,0.30512374999999997
0.75,0.25,0.375,0.7193265,0.2620375,0.354821
0.75,0.25,0.4375,0.716981125,0.26446525,0.40451824999999997
0.75,0.25,0.5,0.71463575,0.266893,0.4542155
0.75,0.25,0.5625,0.712290375,0.26932075,0.50391275
0.75,0.25,0.625,0.7099449999999999,0.2717485,0.5536099999999999
0.75,0.25,0.6875,0.707599625,0.27417625,0.60330725
0.75,0.25,0.75,0.70525425,0.276604,0.6530045
0.75,0.25,0.8125,0.702908875,0.27903175,0.70270175
0.75,0.25,0.875,0.7005635,0.2814595,0.7523989999999999
0.75,0.25,0.9375,0.698218125,0.28388725,0.80209625
0.75,0.25,1.0,0.69587275,0.286315,0.8517935
0.75,0.3125,0.0,0.738991875,0.30664549999999996,0.0687619375
0.75,0.3125,0.0625,0.7366465,0.30907324999999997,0.1184591875
0.75,0.3125,0.125,0.734301125,0.311501,0.16815643749999998
0.75,0.3125,0.1875,0.73195575,0.31392875,0.2178536875
0.75,0.3125,0.25,0.7296103749999999,0.3163565,0.2675509375
0.75,0.3125,0.3125,0.7272649999999999,0.31878424999999994,0.3172481875
0.75,0.3125,0.375,0.724919625,0.32121199999999994,0.36694543749999997
0.75,0.3125,0.4375,0.72257425,0.32363974999999995,0.41664268749999994
0.75,0.3125,0.5,0.720228875,0.32606749999999995,0.46633993749999997
0.75,0.3125,0.5625,0.7178835,0.32849524999999996,0.5160371875
0.75,0.3125,0.625,0.7155381249999999,0.33092299999999997,0.5657344375
0.75,0.3125,0.6875,0.7131927499999999,0.33335075,0.6154316875
0.75,0.3125,0.75,0.710847375,0.3357785,0.6651289375
0.75,0.3125,0.8125,0.708502,0.33820624999999993,0.7148261875
0.75,0.3125,0.875,0.706156625,0.34063399999999994,0.7645234375
0.75,0.3125,0.9375,0.70381125,0.34306174999999994,0.8142206875
0.75,0.3125,1.0,0.701465875,0.34548949999999995,0.8639179375
0.75,0.375,0.0,0.7445849999999999,0.36582,0.080886375
0.75,0.375,0.0625,0.742239625,0.36824775,0.13058362499999998
0.75,0.375,0.125,0.73989425,0.3706755,0.180280875
0.75,0.375,0.1875,0.737548875,0.37310325,0.22997812499999998
0.75,0.375,0.25,0.7352034999999999,0.375531,0.279675375
0.75,0.375,0.3125,0.7328581249999999,0.37795874999999995,0.329372625
0.75,0.375,0.375,0.7305127499999999,0.38038649999999996,0.379069875
0.75,0.375,0.4375,0.728167375,0.38281424999999997,0.42876712499999997
0.75,0.375,0.5,0.725822,0.385242,0.478464375
0.75,0.375,0.5625,0.723476625,0.38766975,0.528161625
0.75,0.375,0.625,0.7211312499999999,0.3900975,0.577858875
0.75,0.375,0.6875,0.7187858749999999,0.39252525,0.6275561249999999
0.75,0.375,0.75,0.7164404999999999,0.394953,0.6772533749999999
0.75,0.375,0.8125,0.7140951249999999,0.39738074999999995,0.726950625
0.75,0.375,0.875,0.71174975,0.39980849999999996,0.7766478749999999
0.75,0.375,0.9375,0.709404375,0.40223624999999996,0.8263451249999999
0.75,0.375,1.0,0.707059,0.40466399999999997,0.8760423749999999
0.75,0.4375,0.0,0.7501781249999999,0.42499449999999994,0.0930108125
0.75,0.4375,0.0625,0.7478327499999999,0.42742224999999995,0.1427080625
0.75,0.4375,0.125,0.745487375,0.42984999999999995,0.19240531249999998
0.75,0.4375,0.1875,0.743142,0.43227774999999996,0.2421025625
0.75,0.4375,0.25,0.7407966249999999,0.43470549999999997,0.2917998125
0.75,0.4375,0.3125,0.7384512499999999,0.4371332499999999,0.3414970625
0.75,0.4375,0.375,0.7361058749999999,0.4395609999999999,0.3911943125
0.75,0.4375,0.4375,0.7337604999999999,0.44198874999999993,0.44089156249999994
0.75,0.4375,0.5,0.7314151249999999,0.44441649999999994,0.49058881249999997
0.75,0.4375,0.5625,0.72906975,0.44684424999999994,0.5402860625
0.75,0.4375,0.625,0.7267243749999999,0.44927199999999995,0.5899833125
0.75,0.4375,0.6875,0.7243789999999999,0.45169974999999996,0.6396805624999999
0.75,0.4375,0.75,0.7220336249999999,0.45412749999999996,0.6893778125
0.75,0.4375,0.8125,0.7196882499999999,0.45655524999999997,0.7390750625
0.75,0.4375,0.875,0.7173428749999999,0.4589829999999999,0.7887723124999999
0.75,0.4375,0.9375,0.7149975,0.4614107499999999,0.8384695624999999
0.75,0.4375,1.0,0.712652125,0.46383849999999993,0.8881668125
0.75,0.5,0.0,0.75577125,0.48416899999999996,0.10513525
0.75,0.5,0.0625,0.753425875,0.48659674999999997,0.15483249999999998
0.75,0.5,0.125,0.7510805,0.4890245,0.20452975
0.75,0.5,0.1875,0.7487351250000001,0.49145225,0.254227
0.75,0.5,0.25,0.74638975,0.49388,0.30392425
0.75,0.5,0.3125,0.744044375,0.49630774999999994,0.3536215
0.75,0.5,0.375,0.741699,0.49873549999999994,0.40331875
0.75,0.5,0.4375,0.739353625,0.50116325,0.453016
0.75,0.5,0.5,0.73700825,0.503591,0.50271325
0.75,0.5,0.5625,0.734662875,0.50601875,0.5524105
0.75,0.5,0.625,0.7323175,0.5084464999999999,0.6021077499999999
0.75,0.5,0.6875,0.729972125,0.51087425,0.651805
0.75,0.5,0.75,0.72762675,0.5133019999999999,0.70150225
0.75,0.5,0.8125,0.725281375,0.51572975,0.7511995
0.75,0.5,0.875,0.722936,0.5181574999999999,0.8008967499999999
0.75,0.5,0.9375,0.720590625,0.52058525,0.850594
0.75,0.5,1.0,0.7182452500000001,0.523013,0.90029125
0.75,0.5625,0.0,0.761364375,0.5433435,0.1172596875
0.75,0.5625,0.0625,0.759019,0.5457712499999999,0.1669569375
0.75,0.5625,0.125,0.756673625,0.548199,0.21665418749999998
0.75,0.5625,0.1875,0.75432825,0.5506267499999999,0.2663514375
0.75,0.5625,0.25,0.7519828749999999,0.5530545,0.3160486875
0.75,0.5625,0.3125,0.7496375,0.55548225,0.3657459375
0.75,0.5625,0.375,0.747292125,0.55791,0.4154431875
0.75,0.5625,0.4375,0.74494675,0.56033775,0.46514043749999995
0.75,0.5625,0.5,0.742601375,0.5627655,0.5148376875
0.75,0.5625,0.5625,0.740256,0.56519325,0.5645349375000001
0.75,0.5625,0.625,0.7379106249999999,0.5676209999999999,0.6142321875
0.75,0.5625,0.6875,0.73556525,0.57004875,0.6639294375
0.75,0.5625,0.75,0.733219875,0.5724764999999999,0.7136266875
0.75,0.5625,0.8125,0.7308745,0.57490425,0.7633239375
0.75,0.5625,0.875,0.728529125,0.577332,0.8130211875
0.75,0.5625,0.9375,0.72618375,0.57975975,0.8627184375
0.75,0.5625,1.0,0.723838375,0.5821875,0.9124156875
0.75,0.625,0.0,0.7669575,0.602518,0.129384125
0.75,0.625,0.0625,0.764612125,0.60494575,0.179081375
0.75,0.625,0.125,0.76226675,0.6073735,0.22877862499999999
0.75,0.625,0.1875,0.759921375,0.60980125,0.278475875
0.75,0.625,0.25,0.7575759999999999,0.612229,0.32817312499999995
0.75,0.625,0.3125,0.7552306249999999,0.61465675,0.377870375
0.75,0.625,0.375,0.75288525,0.6170845,0.427567625
0.75,0.625,0.4375,0.750539875,0.61951225,0.4772648749999999
0.75,0.625,0.5,0.7481945,0.62194,0.526962125
0.75,0.625,0.5625,0.745849125,0.62436775,0.576659375
0.75,0.625,0.625,0.7435037499999999,0.6267955,0.626356625
0.75,0.625,0.6875,0.7411583749999999,0.62922325,0.6760538749999999
0.75,0.625,0.75,0.7388129999999999,0.631651,0.7257511249999999
0.75,0.625,0.8125,0.736467625,0.63407875,0.775448375
0.75,0.625,0.875,0.73412225,0.6365065,0.8251456249999999
0.75,0.625,0.9375,0.731776875,0.63893425,0.8748428749999999
0.75,0.625,1.0,0.7294315,0.641362,0.9245401249999999
0.75,0.6875,0.0,0.7725506249999999,0.6616925,0.1415085625
0.75,0.6875,0.0625,0.77020525,0.66412025,0.1912058125
0.75,0.6875,0.125,0.767859875,0.666548,0.2409030625
0.75,0.6875,0.1875,0.7655145,0.66897575,0.29060031249999996
0.75,0.6875,0.25,0.7631691249999999,0.6714035,0.3402975625
0.75,0.6875,0.3125,0.7608237499999999,0.67383125,0.3899948125
0.75,0.6875,0.375,0.7584783749999999,0.676259,0.4396920625
0.75,0.6875,0.4375,0.7561329999999999,0.67868675,0.48938931249999995
0.75,0.6875,0.5,0.753787625,0.6811145000000001,0.5390865625
0.75,0.6875,0.5625,0.75144225,0.68354225,0.5887838125
0.75,0.6875,0.625,0.7490968749999999,0.68597,0.6384810624999999
0.75,0.6875,0.6875,0.7467514999999999,0.68839775,0.6881783125
0.75,0.6875,0.75,0.7444061249999999,0.6908255,0.7378755625
0.75,0.6875,0.8125,0.7420607499999999,0.69325325,0.7875728125
0.75,0.6875,0.875,0.739715375,0.695681,0.8372700624999999
0.75,0.6875,0.9375,0.73737,0.6981087500000001,0.8869673124999999
0.75,0.6875,1.0,0.735024625,0.7005365,0.9366645625
0.75,0.75,0.0,0.7781437499999999,0.720867,0.153633
0.75,0.75,0.0625,0.7757983749999999,0.72329475,0.20333025
0.75,0.75,0.125,0.773453,0.7257225,0.25302749999999996
0.75,0.75,0.1875,0.771107625,0.72815025,0.30272475
0.75,0.75,0.25,0.7687622499999999,0.7305780000000001,0.352422
0.75,0.75,0.3125,0.7664168749999999,0.73300575,0.40211925
0.75,0.75,0.375,0.7640714999999999,0.7354335000000001,0.45181649999999995
0.75,0.75,0.4375,0.7617261249999999,0.73786125,0.50151375
0.75,0.75,0.5,0.7593807499999999,0.7402890000000001,0.551211
0.75,0.75,0.5625,0.757035375,0.74271675,0.60090825
0.75,0.75,0.625,0.7546899999999999,0.7451445,0.6506055
0.75,0.75,0.6875,0.7523446249999999,0.74757225,0.70030275
0.75,0.75,0.75,0.7499992499999999,0.75,0.75
0.75,0.75,0.8125,0.7476538749999999,0.7524277500000001,0.79969725
0.75,0.75,0.875,0.7453084999999999,0.7548555,0.8493944999999999
0.75,0.75,0.9375,0.742963125,0.7572832500000001,0.89909175
0.75,0.75,1.0,0.74061775,0.759711,0.948789
0.75,0.8125,0.0,0.783736875,0.7800415,0.1657574375
0.75,0.8125,0.0625,0.7813915,0.78246925,0.2154546875
0.75,0.8125,0.125,0.779046125,0.7848970000000001,0.2651519375
0.75,0.8125,0.1875,0.77670075,0.78732475,0.3148491875
0.75,0.8125,0.25,0.774355375,0.7897525000000001,0.3645464375
0.75,0.8125,0.3125,0.77201,0.79218025,0.41424368749999996
0.75,0.8125,0.375,0.769664625,0.7946080000000001,0.4639409375
0.75,0.8125,0.4375,0.76731925,0.79703575,0.5136381875
0.75,0.8125,0.5,0.764973875,0.7994635000000001,0.5633354374999999
0.75,0.8125,0.5625,0.7626285,0.80189125,0.6130326875000001
0.75,0.8125,0.625,0.760283125,0.804319,0.6627299375
0.75,0.8125,0.6875,0.75793775,0.8067467500000001,0.7124271874999999
0.75,0.8125,0.75,0.755592375,0.8091745,0.7621244375
0.75,0.8125,0.8125,0.753247,0.8116022500000001,0.8118216874999999
0.75,0.8125,0.875,0.750901625,0.81403,0.8615189374999999
0.75,0.8125,0.9375,0.74855625,0.8164577500000001,0.9112161875
0.75,0.8125,1.0,0.746210875,0.8188855,0.9609134374999999
0.75,0.875,0.0,0.78933,0.839216,0.177881875
0.75,0.875,0.0625,0.786984625,0.8416437499999999,0.227579125
0.75,0.875,0.125,0.78463925,0.8440715,0.277276375
0.75,0.875,0.1875,0.782293875,0.8464992499999999,0.326973625
0.75,0.875,0.25,0.7799484999999999,0.848927,0.37667087499999996
0.75,0.875,0.3125,0.777603125,0.8513547499999999,0.426368125
0.75,0.875,0.375,0.77525775,0.8537825,0.476065375
0.75,0.875,0.4375,0.772912375,0.85621025,0.5257626249999999
0.75,0.875,0.5,0.770567,0.858638,0.575459875
0.75,0.875,0.5625,0.768221625,0.86106575,0.625157125
0.75,0.875,0.625,0.7658762499999999,0.8634934999999999,0.674854375
0.75,0.875,0.6875,0.7635308749999999,0.86592125,0.7245516249999999
0.75,0.875,0.75,0.7611855,0.8683489999999999,0.774248875
0.75,0.875,0.8125,0.758840125,0.87077675,0.823946125
0.75,0.875,0.875,0.75649475,0.8732044999999999,0.8736433749999999
0.75,0.875,0.9375,0.754149375,0.87563225,0.9233406249999999
0.75,0.875,1.0,0.751804,0.87806,0.9730378749999999
0.75,0.9375,0.0,0.794923125,0.8983905,0.1900063125
0.75,0.9375,0.0625,0.79257775,0.9008182499999999,0.2397035625
0.75,0.9375,0.125,0.790232375,0.903246,0.2894008125
0.75,0.9375,0.1875,0.787887,0.9056737499999999,0.33909806249999996
0.75,0.9375,0.25,0.7855416249999999,0.9081015,0.3887953125
0.75,0.9375,0.3125,0.7831962499999999,0.91052925,0.4384925625
0.75,0.9375,0.375,0.7808508749999999,0.912957,0.4881898125
0.75,0.9375,0.4375,0.7785055,0.91538475,0.5378870625
0.75,0.9375,0.5,0.776160125,0.9178125,0.5875843125
0.75,0.9375,0.5625,0.77381475,0.92024025,0.6372815625
0.75,0.9375,0.625,0.7714693749999999,0.9226679999999999,0.6869788125
0.75,0.9375,0.6875,0.7691239999999999,0.92509575,0.7366760625
0.75,0.9375,0.75,0.7667786249999999,0.9275235,0.7863733125
0.75,0.9375,0.8125,0.76443325,0.92995125,0.8360705625
0.75,0.9375,0.875,0.762087875,0.932379,0.8857678124999999
0.75,0.9375,0.9375,0.7597425,0.93480675,0.9354650624999999
0.75,0.9375,1.0,0.757397125,0.9372345,0.9851623125
0.75,1.0,0.0,0.8005162499999999,0.957565,0.20213075
0.75,1.0,0.0625,0.798170875,0.95999275,0.251828
0.75,1.0,0.125,0.7958255,0.9624205,0.30152524999999997
0.75,1.0,0.1875,0.793480125,0.96484825,0.3512225
0.75,1.0,0.25,0.7911347499999999,0.967276,0.40091975
0.75,1.0,0.3125,0.7887893749999999,0.96970375,0.450617
0.75,1.0,0.375,0.7864439999999999,0.9721315,0.50031425
0.75,1.0,0.4375,0.7840986249999999,0.97455925,0.5500115
0.75,1.0,0.5,0.78175325,0.976987,0.59970875
0.75,1.0,0.5625,0.779407875,0.97941475,0.649406
0.75,1.0,0.625,0.7770624999999999,0.9818425,0.69910325
0.75,1.0,0.6875,0.7747171249999999,0.98427025,0.7488005
0.75,1.0,0.75,0.7723717499999999,0.986698,0.79849775
0.75,1.0,0.8125,0.7700263749999999,0.98912575,0.848195
0.75,1.0,0.875,0.767681,0.9915535,0.89789225
0.75,1.0,0.9375,0.765335625,0.99398125,0.9475895
0.75,1.0,1.0,0.76299025,0.996409,0.99728675
0.8125,0.0,0.0,0.7702784375,0.01167075,0.0088180625
0.8125,0.0,0.0625,0.7679330625,0.0140985,0.0585153125
0.8125,0.0,0.125,0.7655876875000001,0.01652625,0.1082125625
0.8125,0.0,0.1875,0.7632423125000001,0.018954,0.1579098125
0.8125,0.0,0.25,0.7608969375,0.021381749999999998,0.2076070625
0.8125,0.0,0.3125,0.7585515625,0.023809499999999997,0.25730431249999997
0.8125,0.0,0.375,0.7562061875,0.02623725,0.3070015625
0.8125,0.0,0.4375,0.7538608125,0.028665,0.35669881249999996
0.8125,0.0,0.5,0.7515154375,0.03109275,0.4063960625
0.8125,0.0,0.5625,0.7491700625000001,0.033520499999999995,0.4560933125
0.8125,0.0,0.625,0.7468246875,0.03594825,0.5057905625
0.8125,0.0,0.6875,0.7444793125,0.03837599999999999,0.5554878124999999
0.8125,0.0,0.75,0.7421339375,0.04080375,0.6051850624999999
0.8125,0.0,0.8125,0.7397885625,0.0432315,0.6548823125
0.8125,0.0,0.875,0.7374431875,0.04565925,0.7045795624999999
0.8125,0.0,0.9375,0.7350978125000001,0.048087,0.7542768124999999
0.8125,0.0,1.0,0.7327524375000001,0.05051475,0.8039740624999999
0.8125,0.0625,0.0,0.7758715625,0.07084525,0.0209425
0.8125,0.0625,0.0625,0.7735261875,0.073273,0.07063975
0.8125,0.0625,0.125,0.7711808125,0.07570075,0.120337
0.8125,0.0625,0.1875,0.7688354375,0.0781285,0.17003425
0.8125,0.0625,0.25,0.7664900625,0.08055625,0.2197315
0.8125,0.0625,0.3125,0.7641446875,0.082984,0.26942875
0.8125,0.0625,0.375,0.7617993125,0.08541175,0.31912599999999997
0.8125,0.0625,0.4375,0.7594539375,0.0878395,0.36882324999999994
0.8125,0.0625,0.5,0.7571085625,0.09026725,0.41852049999999996
0.8125,0.0625,0.5625,0.7547631875,0.092695,0.46821775
0.8125,0.0625,0.625,0.7524178125,0.09512274999999999,0.517915
0.8125,0.0625,0.6875,0.7500724375,0.0975505,0.5676122499999999
0.8125,0.0625,0.75,0.7477270625,0.09997824999999999,0.6173095
0.8125,0.0625,0.8125,0.7453816875,0.102406,0.66700675
0.8125,0.0625,0.875,0.7430363125,0.10483375,0.7167039999999999
0.8125,0.0625,0.9375,0.7406909375,0.1072615,0.7664012499999999
0.8125,0.0625,1.0,0.7383455625,0.10968924999999999,0.8160985
0.8125,0.125,0.0,0.7814646875,0.13001975,0.0330669375
0.8125,0.125,0.0625,0.7791193125,0.1324475,0.0827641875
0.8125,0.125,0.125,0.7767739375,0.13487525,0.1324614375
0.8125,0.125,0.1875,0.7744285625,0.13730299999999998,0.1821586875
0.8125,0.125,0.25,0.7720831874999999,0.13973075,0.2318559375
0.8125,0.125,0.3125,0.7697378125,0.1421585,0.28155318749999997
0.8125,0.125,0.375,0.7673924375,0.14458625,0.3312504375
0.8125,0.125,0.4375,0.7650470625,0.14701399999999998,0.38094768749999997
0.8125,0.125,0.5,0.7627016875,0.14944174999999998,0.4306449375
0.8125,0.125,0.5625,0.7603563125,0.1518695,0.4803421875
0.8125,0.125,0.625,0.7580109374999999,0.15429725,0.5300394374999999
0.8125,0.125,0.6875,0.7556655624999999,0.15672499999999998,0.5797366875
0.8125,0.125,0.75,0.7533201875,0.15915274999999998,0.6294339375
0.8125,0.125,0.8125,0.7509748125,0.1615805,0.6791311875
0.8125,0.125,0.875,0.7486294375,0.16400825,0.7288284374999999
0.8125,0.125,0.9375,0.7462840625,0.16643599999999997,0.7785256875
0.8125,0.125,1.0,0.7439386875,0.16886374999999998,0.8282229375
0.8125,0.1875,0.0,0.7870578125000001,0.18919425,0.045191375
0.8125,0.1875,0.0625,0.7847124375000001,0.19162200000000001,0.094888625
0.8125,0.1875,0.125,0.7823670625000001,0.19404975000000002,0.144585875
0.8125,0.1875,0.1875,0.7800216875000001,0.1964775,0.194283125
0.8125,0.1875,0.25,0.7776763125,0.19890525,0.243980375
0.8125,0.1875,0.3125,0.7753309375,0.201333,0.293677625
0.8125,0.1875,0.375,0.7729855625000001,0.20376075000000002,0.34337487499999997
0.8125,0.1875,0.4375,0.7706401875000001,0.2061885,0.39307212499999994
0.8125,0.1875,0.5,0.7682948125000001,0.20861625,0.44276937499999997
0.8125,0.1875,0.5625,0.7659494375000001,0.211044,0.492466625
0.8125,0.1875,0.625,0.7636040625,0.21347175000000002,0.542163875
0.8125,0.1875,0.6875,0.7612586875,0.2158995,0.591861125
0.8125,0.1875,0.75,0.7589133125,0.21832725,0.641558375
0.8125,0.1875,0.8125,0.7565679375000001,0.220755,0.691255625
0.8125,0.1875,0.875,0.7542225625000001,0.22318275,0.740952875
0.8125,0.1875,0.9375,0.7518771875000001,0.2256105,0.790650125
0.8125,0.1875,1.0,0.7495318125000001,0.22803825,0.840347375
0.8125,0.25,0.0,0.7926509375,0.24836875,0.0573158125
0.8125,0.25,0.0625,0.7903055625000001,0.2507965,0.1070130625
0.8125,0.25,0.125,0.7879601875000001,0.25322425,0.1567103125
0.8125,0.25,0.1875,0.7856148125000001,0.255652,0.2064075625
0.8125,0.25,0.25,0.7832694375,0.25807975,0.2561048125
0.8125,0.25,0.3125,0.7809240625,0.2605075,0.30580206249999997
0.8125,0.25,0.375,0.7785786875,0.26293525,0.3554993125
0.8125,0.25,0.4375,0.7762333125,0.265363,0.40519656249999997
0.8125,0.25,0.5,0.7738879375000001,0.26779075,0.4548938125
0.8125,0.25,0.5625,0.7715425625000001,0.2702185,0.5045910625
0.8125,0.25,0.625,0.7691971875,0.27264625,0.5542883125
0.8125,0.25,0.6875,0.7668518125,0.275074,0.6039855624999999
0.8125,0.25,0.75,0.7645064375,0.27750175,0.6536828124999999
0.8125,0.25,0.8125,0.7621610625,0.2799295,0.7033800625
0.8125,0.25,0.875,0.7598156875000001,0.28235725,0.7530773124999999
0.8125,0.25,0.9375,0.7574703125000001,0.284785,0.8027745624999999
0.8125,0.25,1.0,0.7551249375000001,0.28721275,0.8524718124999999
0.8125,0.3125,0.0,0.7982440625,0.30754325,0.06944025
0.8125,0.3125,0.0625,0.7958986875,0.309971,0.1191375
0.8125,0.3125,0.125,0.7935533125,0.31239875,0.16883474999999998
0.8125,0.3125,0.1875,0.7912079375000001,0.3148265,0.218532
0.8125,0.3125,0.25,0.7888625625,0.31725425,0.26822925
0.8125,0.3125,0.3125,0.7865171875,0.31968199999999997,0.3179265
0.8125,0.3125,0.375,0.7841718125,0.32210975,0.36762374999999997
0.8125,0.3125,0.4375,0.7818264375,0.3245375,0.41732099999999994
0.8125,0.3125,0.5,0.7794810625,0.32696525,0.46701824999999997
0.8125,0.3125,0.5625,0.7771356875000001,0.329393,0.5167155
0.8125,0.3125,0.625,0.7747903125,0.33182075,0.56641275
0.8125,0.3125,0.6875,0.7724449375,0.3342485,0.6161099999999999
0.8125,0.3125,0.75,0.7700995625,0.33667625,0.66580725
0.8125,0.3125,0.8125,0.7677541875,0.33910399999999996,0.7155045
0.8125,0.3125,0.875,0.7654088125,0.34153174999999997,0.7652017499999999
0.8125,0.3125,0.9375,0.7630634375,0.3439595,0.8148989999999999
0.8125,0.3125,1.0,0.7607180625000001,0.34638725,0.86459625
0.8125,0.375,0.0,0.8038371875,0.36671775,0.0815646875
0.8125,0.375,0.0625,0.8014918125,0.3691455,0.13126193749999998
0.8125,0.375,0.125,0.7991464375,0.37157325,0.1809591875
0.8125,0.375,0.1875,0.7968010625,0.37400100000000003,0.23065643749999998
0.8125,0.375,0.25,0.7944556875,0.37642875000000003,0.2803536875
0.8125,0.375,0.3125,0.7921103125,0.3788565,0.3300509375
0.8125,0.375,0.375,0.7897649375,0.38128425,0.3797481875
0.8125,0.375,0.4375,0.7874195625,0.383712,0.42944543749999997
0.8125,0.375,0.5,0.7850741875,0.38613975,0.4791426875
0.8125,0.375,0.5625,0.7827288125,0.3885675,0.5288399375
0.8125,0.375,0.625,0.7803834374999999,0.39099525,0.5785371874999999
0.8125,0.375,0.6875,0.7780380625,0.393423,0.6282344375
0.8125,0.375,0.75,0.7756926875,0.39585075000000003,0.6779316875
0.8125,0.375,0.8125,0.7733473125,0.3982785,0.7276289375
0.8125,0.375,0.875,0.7710019375,0.40070625,0.7773261874999999
0.8125,0.375,0.9375,0.7686565625,0.403134,0.8270234375
0.8125,0.375,1.0,0.7663111875,0.40556175,0.8767206875
0.8125,0.4375,0.0,0.8094303125,0.42589224999999997,0.093689125
0.8125,0.4375,0.0625,0.8070849375,0.42832,0.143386375
0.8125,0.4375,0.125,0.8047395625,0.43074775,0.19308362499999998
0.8125,0.4375,0.1875,0.8023941875,0.4331755,0.242780875
0.8125,0.4375,0.25,0.8000488124999999,0.43560325,0.292478125
0.8125,0.4375,0.3125,0.7977034375,0.43803099999999995,0.342175375
0.8125,0.4375,0.375,0.7953580625,0.44045874999999995,0.391872625
0.8125,0.4375,0.4375,0.7930126875,0.44288649999999996,0.44156987499999995
0.8125,0.4375,0.5,0.7906673125,0.44531424999999997,0.49126712499999997
0.8125,0.4375,0.5625,0.7883219375,0.447742,0.540964375
0.8125,0.4375,0.625,0.7859765624999999,0.45016975,0.590661625
0.8125,0.4375,0.6875,0.7836311874999999,0.4525975,0.640358875
0.8125,0.4375,0.75,0.7812858125,0.45502525,0.690056125
0.8125,0.4375,0.8125,0.7789404375,0.457453,0.739753375
0.8125,0.4375,0.875,0.7765950625,0.45988074999999995,0.789450625
0.8125,0.4375,0.9375,0.7742496875,0.46230849999999996,0.839147875
0.8125,0.4375,1.0,0.7719043125,0.46473624999999996,0.888845125
0.8125,0.5,0.0,0.8150234375000001,0.48506675,0.1058135625
0.8125,0.5,0.0625,0.8126780625000001,0.4874945,0.15551081249999998
0.8125,0.5,0.125,0.8103326875000001,0.48992225,0.2052080625
0.8125,0.5,0.1875,0.8079873125000001,0.49235,0.2549053125
0.8125,0.5,0.25,0.8056419375,0.49477775,0.3046025625
0.8125,0.5,0.3125,0.8032965625,0.49720549999999997,0.3542998125
0.8125,0.5,0.375,0.8009511875,0.49963325,0.4039970625
0.8125,0.5,0.4375,0.7986058125000001,0.502061,0.4536943125
0.8125,0.5,0.5,0.7962604375000001,0.50448875,0.5033915625
0.8125,0.5,0.5625,0.7939150625000001,0.5069165,0.5530888125
0.8125,0.5,0.625,0.7915696875,0.5093442499999999,0.6027860625
0.8125,0.5,0.6875,0.7892243125,0.511772,0.6524833124999999
0.8125,0.5,0.75,0.7868789375,0.51419975,0.7021805624999999
0.8125,0.5,0.8125,0.7845335625000001,0.5166275,0.7518778125
0.8125,0.5,0.875,0.7821881875000001,0.51905525,0.8015750624999999
0.8125,0.5,0.9375,0.7798428125000001,0.521483,0.8512723124999999
0.8125,0.5,1.0,0.7774974375000001,0.52391075,0.9009695624999999
0.8125,0.5625,0.0,0.8206165625,0.5442412499999999,0.117938
0.8125,0.5625,0.0625,0.8182711875,0.5466689999999998,0.16763525
0.8125,0.5625,0.125,0.8159258125000001,0.5490967499999999,0.21733249999999998
0.8125,0.5625,0.1875,0.8135804375000001,0.5515244999999999,0.26702975
0.8125,0.5625,0.25,0.8112350625,0.5539522499999999,0.316727
0.8125,0.5625,0.3125,0.8088896875,0.5563799999999999,0.36642425
0.8125,0.5625,0.375,0.8065443125,0.5588077499999999,0.4161215
0.8125,0.5625,0.4375,0.8041989375,0.5612354999999999,0.46581874999999995
0.8125,0.5625,0.5,0.8018535625000001,0.56366325,0.515516
0.8125,0.5625,0.5625,0.7995081875000001,0.5660909999999999,0.56521325
0.8125,0.5625,0.625,0.7971628125,0.5685187499999999,0.6149105
0.8125,0.5625,0.6875,0.7948174375,0.5709464999999999,0.6646077499999999
0.8125,0.5625,0.75,0.7924720625,0.5733742499999999,0.714305
0.8125,0.5625,0.8125,0.7901266875,0.5758019999999999,0.76400225
0.8125,0.5625,0.875,0.7877813125,0.5782297499999999,0.8136994999999999
0.8125,0.5625,0.9375,0.7854359375000001,0.5806574999999999,0.8633967499999999
0.8125,0.5625,1.0,0.7830905625000001,0.5830852499999999,0.913094
0.8125,0.625,0.0,0.8262096875,0.6034157499999999,0.1300624375
0.8125,0.625,0.0625,0.8238643125,0.6058434999999999,0.1797596875
0.8125,0.625,0.125,0.8215189375,0.6082712499999999,0.22945693749999999
0.8125,0.625,0.1875,0.8191735625000001,0.6106989999999999,0.2791541875
0.8125,0.625,0.25,0.8168281875,0.6131267499999999,0.3288514375
0.8125,0.625,0.3125,0.8144828125,0.6155544999999999,0.3785486875
0.8125,0.625,0.375,0.8121374375,0.61798225,0.42824593749999995
0.8125,0.625,0.4375,0.8097920625,0.6204099999999999,0.4779431875
0.8125,0.625,0.5,0.8074466875,0.62283775,0.5276404375
0.8125,0.625,0.5625,0.8051013125,0.6252654999999999,0.5773376875
0.8125,0.625,0.625,0.8027559375,0.6276932499999999,0.6270349375
0.8125,0.625,0.6875,0.8004105625,0.6301209999999999,0.6767321875
0.8125,0.625,0.75,0.7980651875,0.6325487499999999,0.7264294375
0.8125,0.625,0.8125,0.7957198125,0.6349764999999999,0.7761266875
0.8125,0.625,0.875,0.7933744375,0.6374042499999999,0.8258239374999999
0.8125,0.625,0.9375,0.7910290625,0.639832,0.8755211875
0.8125,0.625,1.0,0.7886836875000001,0.6422597499999999,0.9252184375
0.8125,0.6875,0.0,0.8318028125,0.6625902499999999,0.142186875
0.8125,0.6875,0.0625,0.8294574375,0.6650179999999999,0.191884125
0.8125,0.6875,0.125,0.8271120625,0.66744575,0.241581375
0.8125,0.6875,0.1875,0.8247666875,0.6698734999999999,0.291278625
0.8125,0.6875,0.25,0.8224213125,0.67230125,0.340975875
0.8125,0.6875,0.3125,0.8200759375,0.6747289999999999,0.39067312499999995
0.8125,0.6875,0.375,0.8177305625,0.67715675,0.440370375
0.8125,0.6875,0.4375,0.8153851875,0.6795844999999999,0.49006762499999995
0.8125,0.6875,0.5,0.8130398125,0.68201225,0.5397648749999999
0.8125,0.6875,0.5625,0.8106944375,0.6844399999999999,0.5894621250000001
0.8125,0.6875,0.625,0.8083490624999999,0.6868677499999999,0.639159375
0.8125,0.6875,0.6875,0.8060036875,0.6892955,0.6888566249999999
0.8125,0.6875,0.75,0.8036583125,0.6917232499999999,0.738553875
0.8125,0.6875,0.8125,0.8013129375,0.694151,0.7882511249999999
0.8125,0.6875,0.875,0.7989675625,0.6965787499999999,0.8379483749999999
0.8125,0.6875,0.9375,0.7966221875,0.6990065,0.887645625
0.8125,0.6875,1.0,0.7942768125,0.7014342499999999,0.9373428749999999
0.8125,0.75,0.0,0.8373959375,0.72176475,0.1543113125
0.8125,0.75,0.0625,0.8350505625,0.7241924999999999,0.2040085625
0.8125,0.75,0.125,0.8327051875,0.72662025,0.2537058125
0.8125,0.75,0.1875,0.8303598125,0.7290479999999999,0.3034030625
0.8125,0.75,0.25,0.8280144374999999,0.73147575,0.35310031249999996
0.8125,0.75,0.3125,0.8256690624999999,0.7339034999999999,0.4027975625
0.8125,0.75,0.375,0.8233236875,0.73633125,0.4524948125
0.8125,0.75,0.4375,0.8209783125,0.7387589999999999,0.5021920624999999
0.8125,0.75,0.5,0.8186329375,0.74118675,0.5518893125
0.8125,0.75,0.5625,0.8162875625,0.7436145,0.6015865625
0.8125,0.75,0.625,0.8139421874999999,0.7460422499999999,0.6512838125
0.8125,0.75,0.6875,0.8115968124999999,0.74847,0.7009810624999999
0.8125,0.75,0.75,0.8092514375,0.7508977499999999,0.7506783125
0.8125,0.75,0.8125,0.8069060625,0.7533255,0.8003755625
0.8125,0.75,0.875,0.8045606875,0.7557532499999999,0.8500728124999999
0.8125,0.75,0.9375,0.8022153125,0.758181,0.8997700624999999
0.8125,0.75,1.0,0.7998699375,0.76060875,0.9494673124999999
0.8125,0.8125,0.0,0.8429890625,0.78093925,0.16643575
0.8125,0.8125,0.0625,0.8406436875000001,0.7833669999999999,0.216133
0.8125,0.8125,0.125,0.8382983125000001,0.78579475,0.26583025
0.8125,0.8125,0.1875,0.8359529375000001,0.7882224999999999,0.31552749999999996
0.8125,0.8125,0.25,0.8336075625,0.79065025,0.36522475
0.8125,0.8125,0.3125,0.8312621875,0.793078,0.414922
0.8125,0.8125,0.375,0.8289168125,0.79550575,0.46461925
0.8125,0.8125,0.4375,0.8265714375000001,0.7979335,0.5143165
0.8125,0.8125,0.5,0.8242260625000001,0.80036125,0.56401375
0.8125,0.8125,0.5625,0.8218806875000001,0.802789,0.613711
0.8125,0.8125,0.625,0.8195353125,0.8052167499999999,0.66340825
0.8125,0.8125,0.6875,0.8171899375,0.8076445,0.7131055
0.8125,0.8125,0.75,0.8148445625,0.8100722499999999,0.76280275
0.8125,0.8125,0.8125,0.8124991875,0.8125,0.8125
0.8125,0.8125,0.875,0.8101538125000001,0.81492775,0.8621972499999999
0.8125,0.8125,0.9375,0.8078084375000001,0.8173555,0.9118944999999999
0.8125,0.8125,1.0,0.8054630625000001,0.81978325,0.96159175
0.8125,0.875,0.0,0.8485821875,0.8401137499999999,0.1785601875
0.8125,0.875,0.0625,0.8462368125,0.8425414999999998,0.2282574375
0.8125,0.875,0.125,0.8438914375000001,0.8449692499999999,0.27795468749999996
0.8125,0.875,0.1875,0.8415460625000001,0.8473969999999998,0.3276519375
0.8125,0.875,0.25,0.8392006875,0.8498247499999999,0.3773491875
0.8125,0.875,0.3125,0.8368553125,0.8522524999999999,0.4270464375
0.8125,0.875,0.375,0.8345099375,0.8546802499999999,0.47674368749999996
0.8125,0.875,0.4375,0.8321645625,0.8571079999999999,0.5264409375
0.8125,0.875,0.5,0.8298191875,0.8595357499999999,0.5761381875
0.8125,0.875,0.5625,0.8274738125000001,0.8619634999999999,0.6258354375
0.8125,0.875,0.625,0.8251284375,0.8643912499999998,0.6755326875
0.8125,0.875,0.6875,0.8227830625,0.8668189999999999,0.7252299375
0.8125,0.875,0.75,0.8204376875,0.8692467499999998,0.7749271875
0.8125,0.875,0.8125,0.8180923125,0.8716744999999999,0.8246244375
0.8125,0.875,0.875,0.8157469375,0.8741022499999999,0.8743216874999999
0.8125,0.875,0.9375,0.8134015625000001,0.8765299999999999,0.9240189375
0.8125,0.875,1.0,0.8110561875000001,0.8789577499999999,0.9737161875
0.8125,0.9375,0.0,0.8541753125,0.8992882499999999,0.190684625
0.8125,0.9375,0.0625,0.8518299375,0.9017159999999999,0.240381875
0.8125,0.9375,0.125,0.8494845625,0.9041437499999999,0.290079125
0.8125,0.9375,0.1875,0.8471391875000001,0.9065714999999999,0.339776375
0.8125,0.9375,0.25,0.8447938125,0.9089992499999999,0.389473625
0.8125,0.9375,0.3125,0.8424484375,0.9114269999999999,0.43917087499999996
0.8125,0.9375,0.375,0.8401030625,0.9138547499999999,0.488868125
0.8125,0.9375,0.4375,0.8377576875,0.9162824999999999,0.5385653749999999
0.8125,0.9375,0.5,0.8354123125,0.91871025,0.588262625
0.8125,0.9375,0.5625,0.8330669375,0.9211379999999999,0.637959875
0.8125,0.9375,0.625,0.8307215625,0.9235657499999999,0.687657125
0.8125,0.9375,0.6875,0.8283761875,0.9259934999999999,0.737354375
0.8125,0.9375,0.75,0.8260308125,0.9284212499999999,0.7870516249999999
0.8125,0.9375,0.8125,0.8236854375,0.9308489999999999,0.8367488750000001
0.8125,0.9375,0.875,0.8213400625,0.9332767499999999,0.886446125
0.8125,0.9375,0.9375,0.8189946875,0.9357044999999999,0.9361433749999999
0.8125,0.9375,1.0,0.8166493125000001,0.9381322499999999,0.985840625
0.8125,1.0,0.0,0.8597684375,0.9584627499999999,0.2028090625
0.8125,1.0,0.0625,0.8574230625,0.9608904999999999,0.2525063125
0.8125,1.0,0.125,0.8550776875,0.9633182499999999,0.3022035625
0.8125,1.0,0.1875,0.8527323125,0.9657459999999999,0.3519008125
0.8125,1.0,0.25,0.8503869374999999,0.9681737499999999,0.40159806249999996
0.8125,1.0,0.3125,0.8480415625,0.9706014999999999,0.4512953125
0.8125,1.0,0.375,0.8456961875,0.97302925,0.5009925625
0.8125,1.0,0.4375,0.8433508125,0.9754569999999999,0.5506898124999999
0.8125,1.0,0.5,0.8410054375,0.97788475,0.6003870625
0.8125,1.0,0.5625,0.8386600625,0.9803124999999999,0.6500843125
0.8125,1.0,0.625,0.8363146874999999,0.9827402499999999,0.6997815625
0.8125,1.0,0.6875,0.8339693125,0.9851679999999999,0.7494788124999999
0.8125,1.0,0.75,0.8316239375,0.9875957499999999,0.7991760625
0.8125,1.0,0.8125,0.8292785625,0.9900235,0.8488733125
0.8125,1.0,0.875,0.8269331875,0.9924512499999999,0.8985705624999999
0.8125,1.0,0.9375,0.8245878125,0.994879,0.9482678124999999
0.8125,1.0,1.0,0.8222424375,0.9973067499999999,0.9979650624999999
0.875,0.0,0.0,0.829530625,0.0125685,0.009496375
0.875,0.0,0.0625,0.82718525,0.01499625,0.059193625
0.875,0.0,0.125,0.824839875,0.017424,0.108890875
0.875,0.0,0.1875,0.8224945,0.01985175,0.158588125
0.875,0.0,0.25,0.8201491249999999,0.0222795,0.208285375
0.875,0.0,0.3125,0.8178037499999999,0.02470725,0.25798262499999997
0.875,0.0,0.375,0.815458375,0.027135,0.307679875
0.875,0.0,0.4375,0.813113,0.02956275,0.35737712499999996
0.875,0.0,0.5,0.810767625,0.0319905,0.407074375
0.875,0.0,0.5625,0.80842225,0.03441825,0.456771625
0.875,0.0,0.625,0.8060768749999999,0.036846,0.5064688749999999
0.875,0.0,0.6875,0.8037314999999999,0.039273749999999996,0.556166125
0.875,0.0,0.75,0.801386125,0.0417015,0.605863375
0.875,0.0,0.8125,0.79904075,0.044129249999999995,0.655560625
0.875,0.0,0.875,0.796695375,0.046557,0.7052578749999999
0.875,0.0,0.9375,0.79435,0.048984749999999994,0.754955125
0.875,0.0,1.0,0.792004625,0.0514125,0.804652375
0.875,0.0625,0.0,0.8351237499999999,0.071743,0.0216208125
0.875,0.0625,0.0625,0.832778375,0.07417075000000001,0.0713180625
0.875,0.0625,0.125,0.830433,0.0765985,0.1210153125
0.875,0.0625,0.1875,0.828087625,0.07902625,0.1707125625
0.875,0.0625,0.25,0.8257422499999999,0.081454,0.2204098125
0.875,0.0625,0.3125,0.8233968749999999,0.08388175,0.2701070625
0.875,0.0625,0.375,0.8210514999999999,0.0863095,0.31980431249999997
0.875,0.0625,0.4375,0.818706125,0.08873725,0.36950156249999994
0.875,0.0625,0.5,0.81636075,0.091165,0.41919881249999996
0.875,0.0625,0.5625,0.814015375,0.09359275,0.4688960625
0.875,0.0625,0.625,0.8116699999999999,0.0960205,0.5185933125
0.875,0.0625,0.6875,0.8093246249999999,0.09844825,0.5682905625
0.875,0.0625,0.75,0.8069792499999999,0.100876,0.6179878125
0.875,0.0625,0.8125,0.8046338749999999,0.10330375,0.6676850625
0.875,0.0625,0.875,0.8022885,0.1057315,0.7173823125
0.875,0.0625,0.9375,0.799943125,0.10815925,0.7670795625
0.875,0.0625,1.0,0.79759775,0.11058699999999999,0.8167768125
0.875,0.125,0.0,0.8407168749999999,0.1309175,0.03374525
0.875,0.125,0.0625,0.8383714999999999,0.13334525,0.0834425
0.875,0.125,0.125,0.836026125,0.135773,0.13313975
0.875,0.125,0.1875,0.83368075,0.13820074999999998,0.182837
0.875,0.125,0.25,0.8313353749999999,0.1406285,0.23253425
0.875,0.125,0.3125,0.8289899999999999,0.14305625,0.28223149999999997
0.875,0.125,0.375,0.8266446249999999,0.145484,0.33192875
0.875,0.125,0.4375,0.8242992499999999,0.14791174999999998,0.38162599999999997
0.875,0.125,0.5,0.821953875,0.1503395,0.43132325
0.875,0.125,0.5625,0.8196085,0.15276725,0.4810205
0.875,0.125,0.625,0.8172631249999999,0.155195,0.53071775
0.875,0.125,0.6875,0.8149177499999999,0.15762274999999998,0.5804149999999999
0.875,0.125,0.75,0.8125723749999999,0.16005049999999998,0.6301122499999999
0.875,0.125,0.8125,0.8102269999999999,0.16247825,0.6798095
0.875,0.125,0.875,0.8078816249999999,0.164906,0.7295067499999999
0.875,0.125,0.9375,0.80553625,0.16733375,0.7792039999999999
0.875,0.125,1.0,0.803190875,0.16976149999999998,0.8289012499999999
0.875,0.1875,0.0,0.84631,0.190092,0.0458696875
0.875,0.1875,0.0625,0.843964625,0.19251975000000002,0.0955669375
0.875,0.1875,0.125,0.84161925,0.19494750000000002,0.1452641875
0.875,0.1875,0.1875,0.8392738750000001,0.19737525,0.1949614375
0.875,0.1875,0.25,0.8369285,0.199803,0.2446586875
0.875,0.1875,0.3125,0.834583125,0.20223075000000001,0.2943559375
0.875,0.1875,0.375,0.83223775,0.20465850000000002,0.34405318749999997
0.875,0.1875,0.4375,0.829892375,0.20708625,0.39375043749999994
0.875,0.1875,0.5,0.827547,0.209514,0.44344768749999997
0.875,0.1875,0.5625,0.825201625,0.21194175,0.4931449375
0.875,0.1875,0.625,0.82285625,0.21436950000000002,0.5428421875
0.875,0.1875,0.6875,0.820510875,0.21679725,0.5925394374999999
0.875,0.1875,0.75,0.8181655,0.219225,0.6422366875
0.875,0.1875,0.8125,0.815820125,0.22165275,0.6919339375
0.875,0.1875,0.875,0.81347475,0.22408050000000002,0.7416311874999999
0.875,0.1875,0.9375,0.811129375,0.22650825000000002,0.7913284374999999
0.875,0.1875,1.0,0.8087840000000001,0.228936,0.8410256875
0.875,0.25,0.0,0.851903125,0.2492665,0.057994125
0.875,0.25,0.0625,0.84955775,0.25169425,0.107691375
0.875,0.25,0.125,0.847212375,0.254122,0.157388625
0.875,0.25,0.1875,0.844867,0.25654975,0.207085875
0.875,0.25,0.25,0.8425216249999999,0.2589775,0.256783125
0.875,0.25,0.3125,0.84017625,0.26140525,0.30648037499999997
0.875,0.25,0.375,0.837830875,0.263833,0.356177625
0.875,0.25,0.4375,0.8354855,0.26626075,0.40587487499999997
0.875,0.25,0.5,0.833140125,0.2686885,0.455572125
0.875,0.25,0.5625,0.83079475,0.27111625,0.505269375
0.875,0.25,0.625,0.8284493749999999,0.273544,0.5549666249999999
0.875,0.25,0.6875,0.826104,0.27597175,0.604663875
0.875,0.25,0.75,0.823758625,0.2783995,0.654361125
0.875,0.25,0.8125,0.82141325,0.28082725,0.704058375
0.875,0.25,0.875,0.819067875,0.283255,0.7537556249999999
0.875,0.25,0.9375,0.8167225,0.28568275,0.803452875
0.875,0.25,1.0,0.814377125,0.2881105,0.853150125
0.875,0.3125,0.0,0.85749625,0.30844099999999997,0.0701185625
0.875,0.3125,0.0625,0.855150875,0.31086874999999997,0.1198158125
0.875,0.3125,0.125,0.8528055,0.3132965,0.16951306249999998
0.875,0.3125,0.1875,0.850460125,0.31572425,0.2192103125
0.875,0.3125,0.25,0.8481147499999999,0.318152,0.2689075625
0.875,0.3125,0.3125,0.8457693749999999,0.32057974999999994,0.3186048125
0.875,0.3125,0.375,0.843424,0.32300749999999995,0.36830206249999997
0.875,0.3125,0.4375,0.841078625,0.32543524999999995,0.41799931249999994
0.875,0.3125,0.5,0.83873325,0.32786299999999996,0.46769656249999997
0.875,0.3125,0.5625,0.836387875,0.33029074999999997,0.5173938125
0.875,0.3125,0.625,0.8340424999999999,0.3327185,0.5670910625
0.875,0.3125,0.6875,0.8316971249999999,0.33514625,0.6167883125
0.875,0.3125,0.75,0.8293517499999999,0.337574,0.6664855625
0.875,0.3125,0.8125,0.827006375,0.34000175,0.7161828125
0.875,0.3125,0.875,0.824661,0.34242949999999994,0.7658800625
0.875,0.3125,0.9375,0.822315625,0.34485724999999995,0.8155773125
0.875,0.3125,1.0,0.81997025,0.34728499999999995,0.8652745625
0.875,0.375,0.0,0.8630893749999999,0.3676155,0.082243
0.875,0.375,0.0625,0.860744,0.37004325,0.13194024999999998
0.875,0.375,0.125,0.858398625,0.372471,0.1816375
0.875,0.375,0.1875,0.85605325,0.37489875,0.23133474999999998
0.875,0.375,0.25,0.8537078749999999,0.3773265,0.281032
0.875,0.375,0.3125,0.8513624999999999,0.37975424999999996,0.33072925
0.875,0.375,0.375,0.8490171249999999,0.38218199999999997,0.3804265
0.875,0.375,0.4375,0.84667175,0.38460975,0.43012374999999997
0.875,0.375,0.5,0.844326375,0.3870375,0.479821
0.875,0.375,0.5625,0.841981,0.38946525,0.52951825
0.875,0.375,0.625,0.8396356249999999,0.391893,0.5792155
0.875,0.375,0.6875,0.8372902499999999,0.39432075,0.6289127499999999
0.875,0.375,0.75,0.8349448749999999,0.3967485,0.6786099999999999
0.875,0.375,0.8125,0.8325994999999999,0.39917625,0.72830725
0.875,0.375,0.875,0.830254125,0.40160399999999996,0.7780044999999999
0.875,0.375,0.9375,0.82790875,0.40403174999999997,0.8277017499999999
0.875,0.375,1.0,0.825563375,0.4064595,0.8773989999999999
0.875,0.4375,0.0,0.8686825,0.42678999999999995,0.0943674375
0.875,0.4375,0.0625,0.866337125,0.42921774999999995,0.1440646875
0.875,0.4375,0.125,0.8639917500000001,0.43164549999999996,0.19376193749999998
0.875,0.4375,0.1875,0.8616463750000001,0.43407324999999997,0.2434591875
0.875,0.4375,0.25,0.859301,0.436501,0.2931564375
0.875,0.4375,0.3125,0.856955625,0.4389287499999999,0.3428536875
0.875,0.4375,0.375,0.85461025,0.44135649999999993,0.3925509375
0.875,0.4375,0.4375,0.852264875,0.44378424999999994,0.44224818749999995
0.875,0.4375,0.5,0.8499195,0.44621199999999994,0.49194543749999997
0.875,0.4375,0.5625,0.8475741250000001,0.44863974999999995,0.5416426875
0.875,0.4375,0.625,0.84522875,0.45106749999999995,0.5913399375
0.875,0.4375,0.6875,0.842883375,0.45349524999999996,0.6410371874999999
0.875,0.4375,0.75,0.840538,0.45592299999999997,0.6907344375
0.875,0.4375,0.8125,0.838192625,0.4583507499999999,0.7404316875
0.875,0.4375,0.875,0.83584725,0.4607784999999999,0.7901289374999999
0.875,0.4375,0.9375,0.8335018750000001,0.46320624999999993,0.8398261874999999
0.875,0.4375,1.0,0.8311565000000001,0.46563399999999994,0.8895234375
0.875,0.5,0.0,0.874275625,0.48596449999999997,0.106491875
0.875,0.5,0.0625,0.87193025,0.48839224999999997,0.15618912499999998
0.875,0.5,0.125,0.869584875,0.49082,0.205886375
0.875,0.5,0.1875,0.8672395,0.49324775,0.255583625
0.875,0.5,0.25,0.864894125,0.4956755,0.305280875
0.875,0.5,0.3125,0.86254875,0.49810324999999994,0.354978125
0.875,0.5,0.375,0.860203375,0.500531,0.404675375
0.875,0.5,0.4375,0.857858,0.50295875,0.454372625
0.875,0.5,0.5,0.855512625,0.5053865,0.504069875
0.875,0.5,0.5625,0.85316725,0.5078142499999999,0.553767125
0.875,0.5,0.625,0.850821875,0.510242,0.6034643749999999
0.875,0.5,0.6875,0.8484765,0.5126697499999999,0.653161625
0.875,0.5,0.75,0.846131125,0.5150975,0.702858875
0.875,0.5,0.8125,0.84378575,0.5175252499999999,0.752556125
0.875,0.5,0.875,0.841440375,0.519953,0.8022533749999999
0.875,0.5,0.9375,0.839095,0.52238075,0.851950625
0.875,0.5,1.0,0.836749625,0.5248085,0.901647875
0.875,0.5625,0.0,0.87986875,0.5451389999999999,0.1186163125
0.875,0.5625,0.0625,0.877523375,0.5475667499999999,0.1683135625
0.875,0.5625,0.125,0.875178,0.5499944999999999,0.21801081249999998
0.875,0.5625,0.1875,0.872832625,0.5524222499999999,0.2677080625
0.875,0.5625,0.25,0.8704872499999999,0.55485,0.3174053125
0.875,0.5625,0.3125,0.868141875,0.5572777499999999,0.3671025625
0.875,0.5625,0.375,0.8657965,0.5597055,0.4167998125
0.875,0.5625,0.4375,0.863451125,0.5621332499999999,0.46649706249999995
0.875,0.5625,0.5,0.86110575,0.564561,0.5161943125
0.875,0.5625,0.5625,0.858760375,0.5669887499999999,0.5658915625000001
0.875,0.5625,0.625,0.8564149999999999,0.5694164999999999,0.6155888125
0.875,0.5625,0.6875,0.8540696249999999,0.5718442499999999,0.6652860625
0.875,0.5625,0.75,0.85172425,0.5742719999999999,0.7149833125
0.875,0.5625,0.8125,0.849378875,0.57669975,0.7646805625
0.875,0.5625,0.875,0.8470335,0.5791274999999999,0.8143778125
0.875,0.5625,0.9375,0.844688125,0.58155525,0.8640750625
0.875,0.5625,1.0,0.84234275,0.5839829999999999,0.9137723125
0.875,0.625,0.0,0.885461875,0.6043135,0.13074075
0.875,0.625,0.0625,0.8831165,0.6067412499999999,0.180438
0.875,0.625,0.125,0.880771125,0.609169,0.23013524999999999
0.875,0.625,0.1875,0.87842575,0.6115967499999999,0.2798325
0.875,0.625,0.25,0.8760803749999999,0.6140245,0.32952974999999995
0.875,0.625,0.3125,0.8737349999999999,0.6164522499999999,0.379227
0.875,0.625,0.375,0.871389625,0.61888,0.42892425
0.875,0.625,0.4375,0.86904425,0.6213077499999999,0.4786214999999999
0.875,0.625,0.5,0.866698875,0.6237355,0.52831875
0.875,0.625,0.5625,0.8643535,0.62616325,0.578016
0.875,0.625,0.625,0.8620081249999999,0.6285909999999999,0.62771325
0.875,0.625,0.6875,0.8596627499999999,0.63101875,0.6774104999999999
0.875,0.625,0.75,0.8573173749999999,0.6334464999999999,0.7271077499999999
0.875,0.625,0.8125,0.854972,0.63587425,0.776805
0.875,0.625,0.875,0.852626625,0.6383019999999999,0.8265022499999999
0.875,0.625,0.9375,0.85028125,0.64072975,0.8761994999999999
0.875,0.625,1.0,0.847935875,0.6431574999999999,0.9258967499999999
0.875,0.6875,0.0,0.8910549999999999,0.663488,0.1428651875
0.875,0.6875,0.0625,0.888709625,0.6659157499999999,0.1925624375
0.875,0.6875,0.125,0.88636425,0.6683435,0.2422596875
0.875,0.6875,0.1875,0.884018875,0.6707712499999999,0.29195693749999996
0.875,0.6875,0.25,0.8816734999999999,0.673199,0.3416541875
0.875,0.6875,0.3125,0.8793281249999999,0.6756267499999999,0.3913514375
0.875,0.6875,0.375,0.8769827499999999,0.6780545,0.4410486875
0.875,0.6875,0.4375,0.8746373749999999,0.68048225,0.49074593749999995
0.875,0.6875,0.5,0.872292,0.68291,0.5404431875
0.875,0.6875,0.5625,0.869946625,0.68533775,0.5901404375
0.875,0.6875,0.625,0.8676012499999999,0.6877654999999999,0.6398376875
0.875,0.6875,0.6875,0.8652558749999999,0.69019325,0.6895349375
0.875,0.6875,0.75,0.8629104999999999,0.6926209999999999,0.7392321875
0.875,0.6875,0.8125,0.8605651249999999,0.69504875,0.7889294375
0.875,0.6875,0.875,0.85821975,0.6974764999999999,0.8386266874999999
0.875,0.6875,0.9375,0.855874375,0.69990425,0.8883239374999999
0.875,0.6875,1.0,0.853529,0.702332,0.9380211875
0.875,0.75,0.0,0.896648125,0.7226625,0.154989625
0.875,0.75,0.0625,0.89430275,0.7250902499999999,0.204686875
0.875,0.75,0.125,0.891957375,0.727518,0.25438412499999996
0.875,0.75,0.1875,0.8896120000000001,0.72994575,0.304081375
0.875,0.75,0.25,0.887266625,0.7323735,0.353778625
0.875,0.75,0.3125,0.88492125,0.73480125,0.403475875
0.875,0.75,0.375,0.882575875,0.737229,0.45317312499999995
0.875,0.75,0.4375,0.8802305,0.73965675,0.502870375
0.875,0.75,0.5,0.877885125,0.7420845,0.552567625
0.875,0.75,0.5625,0.8755397500000001,0.74451225,0.602264875
0.875,0.75,0.625,0.873194375,0.7469399999999999,0.651962125
0.875,0.75,0.6875,0.870849,0.74936775,0.701659375
0.875,0.75,0.75,0.868503625,0.7517955,0.751356625
0.875,0.75,0.8125,0.86615825,0.75422325,0.801053875
0.875,0.75,0.875,0.863812875,0.756651,0.8507511249999999
0.875,0.75,0.9375,0.8614675,0.75907875,0.900448375
0.875,0.75,1.0,0.8591221250000001,0.7615065,0.950145625
0.875,0.8125,0.0,0.90224125,0.781837,0.1671140625
0.875,0.8125,0.0625,0.899895875,0.78426475,0.2168113125
0.875,0.8125,0.125,0.8975505,0.7866925,0.2665085625
0.875,0.8125,0.1875,0.895205125,0.78912025,0.3162058125
0.875,0.8125,0.25,0.89285975,0.791548,0.3659030625
0.875,0.8125,0.3125,0.890514375,0.79397575,0.41560031249999996
0.875,0.8125,0.375,0.888169,0.7964035,0.4652975625
0.875,0.8125,0.4375,0.885823625,0.79883125,0.5149948124999999
0.875,0.8125,0.5,0.88347825,0.801259,0.5646920625
0.875,0.8125,0.5625,0.881132875,0.80368675,0.6143893125
0.875,0.8125,0.625,0.8787874999999999,0.8061145,0.6640865625
0.875,0.8125,0.6875,0.876442125,0.80854225,0.7137838125
0.875,0.8125,0.75,0.87409675,0.81097,0.7634810624999999
0.875,0.8125,0.8125,0.871751375,0.81339775,0.8131783125000001
0.875,0.8125,0.875,0.869406,0.8158255,0.8628755625
0.875,0.8125,0.9375,0.867060625,0.81825325,0.9125728124999999
0.875,0.8125,1.0,0.86471525,0.820681,0.9622700625
0.875,0.875,0.0,0.907834375,0.8410114999999999,0.1792385
0.875,0.875,0.0625,0.905489,0.8434392499999999,0.22893575
0.875,0.875,0.125,0.903143625,0.8458669999999999,0.278633
0.875,0.875,0.1875,0.90079825,0.8482947499999999,0.32833025
0.875,0.875,0.25,0.8984528749999999,0.8507224999999999,0.37802749999999996
0.875,0.875,0.3125,0.8961075,0.8531502499999999,0.42772475
0.875,0.875,0.375,0.893762125,0.855578,0.477422
0.875,0.875,0.4375,0.89141675,0.8580057499999999,0.5271192499999999
0.875,0.875,0.5,0.889071375,0.8604335,0.5768165
0.875,0.875,0.5625,0.886726,0.8628612499999999,0.62651375
0.875,0.875,0.625,0.8843806249999999,0.8652889999999999,0.676211
0.875,0.875,0.6875,0.8820352499999999,0.8677167499999999,0.7259082499999999
0.875,0.875,0.75,0.879689875,0.8701444999999999,0.7756055
0.875,0.875,0.8125,0.8773445,0.8725722499999999,0.82530275
0.875,0.875,0.875,0.874999125,0.8749999999999999,0.8749999999999999
0.875,0.875,0.9375,0.87265375,0.87742775,0.9246972499999999
0.875,0.875,1.0,0.870308375,0.8798554999999999,0.9743944999999999
0.875,0.9375,0.0,0.9134275,0.9001859999999999,0.1913629375
0.875,0.9375,0.0625,0.911082125,0.9026137499999999,0.2410601875
0.875,0.9375,0.125,0.90873675,0.9050414999999999,0.2907574375
0.875,0.9375,0.1875,0.906391375,0.9074692499999999,0.34045468749999996
0.875,0.9375,0.25,0.9040459999999999,0.909897,0.3901519375
0.875,0.9375,0.3125,0.9017006249999999,0.9123247499999999,0.4398491875
0.875,0.9375,0.375,0.8993552499999999,0.9147525,0.4895464375
0.875,0.9375,0.4375,0.897009875,0.9171802499999999,0.5392436875
0.875,0.9375,0.5,0.8946645,0.919608,0.5889409375
0.875,0.9375,0.5625,0.892319125,0.9220357499999999,0.6386381875
0.875,0.9375,0.625,0.8899737499999999,0.9244634999999999,0.6883354374999999
0.875,0.9375,0.6875,0.8876283749999999,0.9268912499999999,0.7380326875
0.875,0.9375,0.75,0.8852829999999999,0.9293189999999999,0.7877299375
0.875,0.9375,0.8125,0.882937625,0.93174675,0.8374271875
0.875,0.9375,0.875,0.88059225,0.9341744999999999,0.8871244374999999
0.875,0.9375,0.9375,0.878246875,0.93660225,0.9368216874999999
0.875,0.9375,1.0,0.8759015,0.9390299999999999,0.9865189375
0.875,1.0,0.0,0.9190206249999999,0.9593605,0.203487375
0.875,1.0,0.0625,0.9166752499999999,0.9617882499999999,0.253184625
0.875,1.0,0.125,0.914329875,0.964216,0.30288187499999997
0.875,1.0,0.1875,0.9119845,0.9666437499999999,0.352579125
0.875,1.0,0.25,0.9096391249999999,0.9690715,0.402276375
0.875,1.0,0.3125,0.9072937499999999,0.9714992499999999,0.451973625
0.875,1.0,0.375,0.9049483749999999,0.973927,0.501670875
0.875,1.0,0.4375,0.9026029999999999,0.9763547499999999,0.551368125
0.875,1.0,0.5,0.900257625,0.9787825,0.601065375
0.875,1.0,0.5625,0.89791225,0.98121025,0.650762625
0.875,1.0,0.625,0.8955668749999999,0.9836379999999999,0.700459875
0.875,1.0,0.6875,0.8932214999999999,0.98606575,0.750157125
0.875,1.0,0.75,0.8908761249999999,0.9884934999999999,0.799854375
0.875,1.0,0.8125,0.8885307499999999,0.99092125,0.849551625
0.875,1.0,0.875,0.8861853749999999,0.9933489999999999,0.899248875
0.875,1.0,0.9375,0.88384,0.99577675,0.948946125
0.875,1.0,1.0,0.881494625,0.9982044999999999,0.998643375
0.9375,0.0,0.0,0.8887828124999999,0.01346625,0.0101746875
0.9375,0.0,0.0625,0.8864374374999999,0.015894000000000002,0.0598719375
0.9375,0.0,0.125,0.8840920624999999,0.01832175,0.1095691875
0.9375,0.0,0.1875,0.8817466875,0.0207495,0.1592664375
0.9375,0.0,0.25,0.8794013124999999,0.02317725,0.2089636875
0.9375,0.0,0.3125,0.8770559374999999,0.025605,0.25866093749999997
0.9375,0.0,0.375,0.8747105624999999,0.028032750000000002,0.3083581875
0.9375,0.0,0.4375,0.8723651874999999,0.0304605,0.35805543749999996
0.9375,0.0,0.5,0.8700198124999999,0.03288825,0.4077526875
0.9375,0.0,0.5625,0.8676744375,0.035316,0.4574499375
0.9375,0.0,0.625,0.8653290624999999,0.03774375,0.5071471875
0.9375,0.0,0.6875,0.8629836874999999,0.0401715,0.5568444374999999
0.9375,0.0,0.75,0.8606383124999999,0.04259925,0.6065416874999999
0.9375,0.0,0.8125,0.8582929374999999,0.045027,0.6562389375
0.9375,0.0,0.875,0.8559475624999999,0.04745475,0.7059361874999999
0.9375,0.0,0.9375,0.8536021874999999,0.049882499999999996,0.7556334374999999
0.9375,0.0,1.0,0.8512568125,0.052310249999999996,0.8053306874999999
0.9375,0.0625,0.0,0.8943759374999999,0.07264075,0.022299125
0.9375,0.0625,0.0625,0.8920305624999999,0.07506850000000001,0.071996375
0.9375,0.0625,0.125,0.8896851874999999,0.07749625,0.121693625
0.9375,0.0625,0.1875,0.8873398124999999,0.07992400000000001,0.171390875
0.9375,0.0625,0.25,0.8849944374999998,0.08235175,0.221088125
0.9375,0.0625,0.3125,0.8826490624999999,0.08477950000000001,0.270785375
0.9375,0.0625,0.375,0.8803036874999999,0.08720725,0.32048262499999997
0.9375,0.0625,0.4375,0.8779583124999999,0.089635,0.37017987499999994
0.9375,0.0625,0.5,0.8756129374999999,0.09206275,0.41987712499999996
0.9375,0.0625,0.5625,0.8732675624999999,0.0944905,0.469574375
0.9375,0.0625,0.625,0.8709221874999998,0.09691825,0.519271625
0.9375,0.0625,0.6875,0.8685768124999999,0.099346,0.5689688749999999
0.9375,0.0625,0.75,0.8662314374999999,0.10177375,0.618666125
0.9375,0.0625,0.8125,0.8638860624999999,0.1042015,0.668363375
0.9375,0.0625,0.875,0.8615406874999999,0.10662925000000001,0.7180606249999999
0.9375,0.0625,0.9375,0.8591953124999999,0.109057,0.7677578749999999
0.9375,0.0625,1.0,0.8568499374999999,0.11148475,0.817455125
0.9375,0.125,0.0,0.8999690624999999,0.13181525,0.0344235625
0.9375,0.125,0.0625,0.8976236874999999,0.134243,0.0841208125
0.9375,0.125,0.125,0.8952783124999999,0.13667075,0.1338180625
0.9375,0.125,0.1875,0.8929329374999999,0.13909849999999999,0.1835153125
0.9375,0.125,0.25,0.8905875624999998,0.14152625,0.2332125625
0.9375,0.125,0.3125,0.8882421874999998,0.143954,0.28290981249999997
0.9375,0.125,0.375,0.8858968124999999,0.14638175,0.3326070625
0.9375,0.125,0.4375,0.8835514374999999,0.14880949999999998,0.38230431249999997
0.9375,0.125,0.5,0.8812060624999999,0.15123725,0.4320015625
0.9375,0.125,0.5625,0.8788606874999999,0.153665,0.4816988125
0.9375,0.125,0.625,0.8765153124999998,0.15609275,0.5313960624999999
0.9375,0.125,0.6875,0.8741699374999998,0.15852049999999998,0.5810933125
0.9375,0.125,0.75,0.8718245624999998,0.16094825,0.6307905625
0.9375,0.125,0.8125,0.8694791874999999,0.163376,0.6804878125
0.9375,0.125,0.875,0.8671338124999999,0.16580375,0.7301850624999999
0.9375,0.125,0.9375,0.8647884374999999,0.16823149999999998,0.7798823125
0.9375,0.125,1.0,0.8624430624999999,0.17065924999999998,0.8295795625
0.9375,0.1875,0.0,0.9055621875,0.19098975,0.046548
0.9375,0.1875,0.0625,0.9032168125,0.19341750000000002,0.09624525
0.9375,0.1875,0.125,0.9008714375,0.19584525000000003,0.1459425
0.9375,0.1875,0.1875,0.8985260625,0.198273,0.19563975
0.9375,0.1875,0.25,0.8961806874999999,0.20070075,0.245337
0.9375,0.1875,0.3125,0.8938353124999999,0.20312850000000002,0.29503425
0.9375,0.1875,0.375,0.8914899374999999,0.20555625000000002,0.34473149999999997
0.9375,0.1875,0.4375,0.8891445625,0.207984,0.39442874999999994
0.9375,0.1875,0.5,0.8867991875,0.21041175,0.44412599999999997
0.9375,0.1875,0.5625,0.8844538125,0.21283950000000001,0.49382325
0.9375,0.1875,0.625,0.8821084374999999,0.21526725000000002,0.5435205
0.9375,0.1875,0.6875,0.8797630624999999,0.217695,0.59321775
0.9375,0.1875,0.75,0.8774176874999999,0.22012275,0.642915
0.9375,0.1875,0.8125,0.8750723125,0.2225505,0.69261225
0.9375,0.1875,0.875,0.8727269375,0.22497825000000002,0.7423095
0.9375,0.1875,0.9375,0.8703815625,0.227406,0.79200675
0.9375,0.1875,1.0,0.8680361875,0.22983375,0.841704
0.9375,0.25,0.0,0.9111553124999999,0.25016425,0.0586724375
0.9375,0.25,0.0625,0.9088099374999999,0.252592,0.1083696875
0.9375,0.25,0.125,0.9064645625,0.25501975,0.1580669375
0.9375,0.25,0.1875,0.9041191875,0.2574475,0.2077641875
0.9375,0.25,0.25,0.9017738124999999,0.25987525,0.2574614375
0.9375,0.25,0.3125,0.8994284374999999,0.26230299999999995,0.30715868749999997
0.9375,0.25,0.375,0.8970830624999999,0.26473074999999996,0.3568559375
0.9375,0.25,0.4375,0.8947376874999999,0.26715849999999997,0.40655318749999997
0.9375,0.25,0.5,0.8923923125,0.26958624999999997,0.4562504375
0.9375,0.25,0.5625,0.8900469375,0.272014,0.5059476875
0.9375,0.25,0.625,0.8877015624999999,0.27444175,0.5556449375
0.9375,0.25,0.6875,0.8853561874999999,0.2768695,0.6053421874999999
0.9375,0.25,0.75,0.8830108124999999,0.27929725,0.6550394374999999
0.9375,0.25,0.8125,0.8806654374999999,0.281725,0.7047366875
0.9375,0.25,0.875,0.8783200624999999,0.28415274999999995,0.7544339374999999
0.9375,0.25,0.9375,0.8759746875,0.28658049999999996,0.8041311874999999
0.9375,0.25,1.0,0.8736293125,0.28900824999999997,0.8538284374999999
0.9375,0.3125,0.0,0.9167484374999999,0.30933875,0.070796875
0.9375,0.3125,0.0625,0.9144030624999999,0.3117665,0.120494125
0.9375,0.3125,0.125,0.9120576874999999,0.31419425,0.17019137499999998
0.9375,0.3125,0.1875,0.9097123125,0.316622,0.219888625
0.9375,0.3125,0.25,0.9073669374999999,0.31904975,0.269585875
0.9375,0.3125,0.3125,0.9050215624999999,0.32147749999999997,0.319283125
0.9375,0.3125,0.375,0.9026761874999999,0.32390525,0.36898037499999997
0.9375,0.3125,0.4375,0.9003308124999999,0.326333,0.41867762499999994
0.9375,0.3125,0.5,0.8979854374999999,0.32876075,0.46837487499999997
0.9375,0.3125,0.5625,0.8956400625,0.3311885,0.518072125
0.9375,0.3125,0.625,0.8932946874999999,0.33361625,0.567769375
0.9375,0.3125,0.6875,0.8909493124999999,0.336044,0.6174666249999999
0.9375,0.3125,0.75,0.8886039374999999,0.33847175,0.667163875
0.9375,0.3125,0.8125,0.8862585624999999,0.3408995,0.716861125
0.9375,0.3125,0.875,0.8839131874999999,0.34332725,0.7665583749999999
0.9375,0.3125,0.9375,0.8815678124999999,0.345755,0.8162556249999999
0.9375,0.3125,1.0,0.8792224375,0.34818275,0.865952875
0.9375,0.375,0.0,0.9223415624999999,0.36851325,0.0829213125
0.9375,0.375,0.0625,0.9199961874999999,0.370941,0.13261856249999998
0.9375,0.375,0.125,0.9176508124999999,0.37336875,0.1823158125
0.9375,0.375,0.1875,0.9153054374999999,0.37579650000000003,0.23201306249999998
0.9375,0.375,0.25,0.9129600624999998,0.37822425000000004,0.2817103125
0.9375,0.375,0.3125,0.9106146874999999,0.380652,0.3314075625
0.9375,0.375,0.375,0.9082693124999999,0.38307975,0.3811048125
0.9375,0.375,0.4375,0.9059239374999999,0.3855075,0.43080206249999997
0.9375,0.375,0.5,0.9035785624999999,0.38793525,0.4804993125
0.9375,0.375,0.5625,0.9012331874999999,0.390363,0.5301965625
0.9375,0.375,0.625,0.8988878124999998,0.39279075,0.5798938124999999
0.9375,0.375,0.6875,0.8965424374999998,0.39521850000000003,0.6295910625
0.9375,0.375,0.75,0.8941970624999999,0.39764625000000003,0.6792883125
0.9375,0.375,0.8125,0.8918516874999999,0.40007400000000004,0.7289855625
0.9375,0.375,0.875,0.8895063124999999,0.40250175,0.7786828124999999
0.9375,0.375,0.9375,0.8871609374999999,0.4049295,0.8283800625
0.9375,0.375,1.0,0.8848155624999999,0.40735725,0.8780773125
0.9375,0.4375,0.0,0.9279346874999999,0.42768775,0.09504575
0.9375,0.4375,0.0625,0.9255893124999999,0.4301155,0.144743
0.9375,0.4375,0.125,0.9232439374999999,0.43254325,0.19444024999999998
0.9375,0.4375,0.1875,0.9208985624999999,0.434971,0.2441375
0.9375,0.4375,0.25,0.9185531874999998,0.43739875,0.29383475
0.9375,0.4375,0.3125,0.9162078124999998,0.43982649999999995,0.343532
0.9375,0.4375,0.375,0.9138624374999998,0.44225424999999996,0.39322925
0.9375,0.4375,0.4375,0.9115170624999999,0.44468199999999997,0.44292649999999995
0.9375,0.4375,0.5,0.9091716874999999,0.44710975,0.49262374999999997
0.9375,0.4375,0.5625,0.9068263124999999,0.4495375,0.542321
0.9375,0.4375,0.625,0.9044809374999998,0.45196525,0.59201825
0.9375,0.4375,0.6875,0.9021355624999998,0.454393,0.6417155
0.9375,0.4375,0.75,0.8997901874999998,0.45682075,0.69141275
0.9375,0.4375,0.8125,0.8974448124999999,0.45924849999999995,0.74111
0.9375,0.4375,0.875,0.8950994374999999,0.46167624999999995,0.79080725
0.9375,0.4375,0.9375,0.8927540624999999,0.46410399999999996,0.8405045
0.9375,0.4375,1.0,0.8904086874999999,0.46653174999999997,0.89020175
0.9375,0.5,0.0,0.9335278124999999,0.48686225,0.1071701875
0.9375,0.5,0.0625,0.9311824375,0.48929,0.15686743749999998
0.9375,0.5,0.125,0.9288370625,0.49171775,0.2065646875
0.9375,0.5,0.1875,0.9264916875,0.4941455,0.2562619375
0.9375,0.5,0.25,0.9241463124999999,0.49657325,0.3059591875
0.9375,0.5,0.3125,0.9218009374999999,0.499001,0.3556564375
0.9375,0.5,0.375,0.9194555624999999,0.50142875,0.4053536875
0.9375,0.5,0.4375,0.9171101875,0.5038565,0.4550509375
0.9375,0.5,0.5,0.9147648125,0.50628425,0.5047481875
0.9375,0.5,0.5625,0.9124194375,0.5087119999999999,0.5544454375
0.9375,0.5,0.625,0.9100740624999999,0.51113975,0.6041426875
0.9375,0.5,0.6875,0.9077286874999999,0.5135675,0.6538399374999999
0.9375,0.5,0.75,0.9053833124999999,0.51599525,0.7035371874999999
0.9375,0.5,0.8125,0.9030379374999999,0.518423,0.7532344375
0.9375,0.5,0.875,0.9006925625,0.52085075,0.8029316874999999
0.9375,0.5,0.9375,0.8983471875,0.5232785,0.8526289374999999
0.9375,0.5,1.0,0.8960018125,0.52570625,0.9023261874999999
0.9375,0.5625,0.0,0.9391209374999999,0.54603675,0.119294625
0.9375,0.5625,0.0625,0.9367755624999999,0.5484644999999999,0.168991875
0.9375,0.5625,0.125,0.9344301875,0.55089225,0.21868912499999998
0.9375,0.5625,0.1875,0.9320848125,0.5533199999999999,0.268386375
0.9375,0.5625,0.25,0.9297394374999999,0.55574775,0.318083625
0.9375,0.5625,0.3125,0.9273940624999999,0.5581754999999999,0.367780875
0.9375,0.5625,0.375,0.9250486874999999,0.56060325,0.417478125
0.9375,0.5625,0.4375,0.9227033124999999,0.563031,0.46717537499999995
0.9375,0.5625,0.5,0.9203579375,0.56545875,0.516872625
0.9375,0.5625,0.5625,0.9180125625,0.5678865,0.566569875
0.9375,0.5625,0.625,0.9156671874999999,0.5703142499999999,0.616267125
0.9375,0.5625,0.6875,0.9133218124999999,0.572742,0.6659643749999999
0.9375,0.5625,0.75,0.9109764374999999,0.5751697499999999,0.715661625
0.9375,0.5625,0.8125,0.9086310624999999,0.5775975,0.765358875
0.9375,0.5625,0.875,0.9062856874999999,0.5800252499999999,0.8150561249999999
0.9375,0.5625,0.9375,0.9039403125,0.582453,0.8647533749999999
0.9375,0.5625,1.0,0.9015949375,0.58488075,0.914450625
0.9375,0.625,0.0,0.9447140624999999,0.60521125,0.1314190625
0.9375,0.625,0.0625,0.9423686874999999,0.6076389999999999,0.1811163125
0.9375,0.625,0.125,0.9400233124999999,0.61006675,0.23081356249999999
0.9375,0.625,0.1875,0.9376779375,0.6124944999999999,0.2805108125
0.9375,0.625,0.25,0.9353325624999999,0.61492225,0.3302080625
0.9375,0.625,0.3125,0.9329871874999999,0.61735,0.3799053125
0.9375,0.625,0.375,0.9306418124999999,0.61977775,0.42960256249999995
0.9375,0.625,0.4375,0.9282964374999999,0.6222055,0.4792998125
0.9375,0.625,0.5,0.9259510624999999,0.62463325,0.5289970625
0.9375,0.625,0.5625,0.9236056874999999,0.627061,0.5786943125
0.9375,0.625,0.625,0.9212603124999998,0.6294887499999999,0.6283915625
0.9375,0.625,0.6875,0.9189149374999999,0.6319165,0.6780888125
0.9375,0.625,0.75,0.9165695624999999,0.6343442499999999,0.7277860625
0.9375,0.625,0.8125,0.9142241874999999,0.636772,0.7774833125
0.9375,0.625,0.875,0.9118788124999999,0.63919975,0.8271805624999999
0.9375,0.625,0.9375,0.9095334374999999,0.6416275,0.8768778125
0.9375,0.625,1.0,0.9071880625,0.64405525,0.9265750625
0.9375,0.6875,0.0,0.9503071874999999,0.66438575,0.1435435
0.9375,0.6875,0.0625,0.9479618124999999,0.6668135,0.19324075
0.9375,0.6875,0.125,0.9456164374999999,0.66924125,0.242938
0.9375,0.6875,0.1875,0.9432710624999999,0.671669,0.29263525
0.9375,0.6875,0.25,0.9409256874999998,0.67409675,0.3423325
0.9375,0.6875,0.3125,0.9385803124999998,0.6765245,0.39202974999999995
0.9375,0.6875,0.375,0.9362349374999999,0.67895225,0.441727
0.9375,0.6875,0.4375,0.9338895624999999,0.68138,0.49142424999999995
0.9375,0.6875,0.5,0.9315441874999999,0.68380775,0.5411215
0.9375,0.6875,0.5625,0.9291988124999999,0.6862355,0.59081875
0.9375,0.6875,0.625,0.9268534374999998,0.68866325,0.640516
0.9375,0.6875,0.6875,0.9245080624999998,0.691091,0.69021325
0.9375,0.6875,0.75,0.9221626874999999,0.69351875,0.7399104999999999
0.9375,0.6875,0.8125,0.9198173124999999,0.6959465,0.78960775
0.9375,0.6875,0.875,0.9174719374999999,0.69837425,0.839305
0.9375,0.6875,0.9375,0.9151265624999999,0.700802,0.8890022499999999
0.9375,0.6875,1.0,0.9127811874999999,0.70322975,0.9386995
0.9375,0.75,0.0,0.9559003124999998,0.72356025,0.1556679375
0.9375,0.75,0.0625,0.9535549374999999,0.725988,0.2053651875
0.9375,0.75,0.125,0.9512095624999999,0.72841575,0.2550624375
0.9375,0.75,0.1875,0.9488641874999999,0.7308435,0.3047596875
0.9375,0.75,0.25,0.9465188124999998,0.73327125,0.35445693749999996
0.9375,0.75,0.3125,0.9441734374999998,0.735699,0.4041541875
0.9375,0.75,0.375,0.9418280624999998,0.73812675,0.4538514375
0.9375,0.75,0.4375,0.9394826874999999,0.7405545,0.5035486874999999
0.9375,0.75,0.5,0.9371373124999999,0.7429822500000001,0.5532459375
0.9375,0.75,0.5625,0.9347919374999999,0.74541,0.6029431875
0.9375,0.75,0.625,0.9324465624999998,0.74783775,0.6526404375
0.9375,0.75,0.6875,0.9301011874999998,0.7502655,0.7023376874999999
0.9375,0.75,0.75,0.9277558124999998,0.75269325,0.7520349375
0.9375,0.75,0.8125,0.9254104374999998,0.755121,0.8017321875
0.9375,0.75,0.875,0.9230650624999999,0.75754875,0.8514294374999999
0.9375,0.75,0.9375,0.9207196874999999,0.7599765,0.9011266874999999
0.9375,0.75,1.0,0.9183743124999999,0.76240425,0.9508239374999999
0.9375,0.8125,0.0,0.9614934374999999,0.78273475,0.167792375
0.9375,0.8125,0.0625,0.9591480625,0.7851625,0.217489625
0.9375,0.8125,0.125,0.9568026875,0.78759025,0.267186875
0.9375,0.8125,0.1875,0.9544573125,0.790018,0.31688412499999996
0.9375,0.8125,0.25,0.9521119374999999,0.7924457500000001,0.366581375
0.9375,0.8125,0.3125,0.9497665624999999,0.7948735,0.416278625
0.9375,0.8125,0.375,0.9474211874999999,0.7973012500000001,0.465975875
0.9375,0.8125,0.4375,0.9450758125,0.799729,0.515673125
0.9375,0.8125,0.5,0.9427304375,0.8021567500000001,0.565370375
0.9375,0.8125,0.5625,0.9403850625,0.8045845,0.615067625
0.9375,0.8125,0.625,0.9380396874999999,0.80701225,0.6647648749999999
0.9375,0.8125,0.6875,0.9356943124999999,0.80944,0.714462125
0.9375,0.8125,0.75,0.9333489374999999,0.81186775,0.764159375
0.9375,0.8125,0.8125,0.9310035624999999,0.8142955000000001,0.813856625
0.9375,0.8125,0.875,0.9286581875,0.81672325,0.8635538749999999
0.9375,0.8125,0.9375,0.9263128125,0.8191510000000001,0.9132511249999999
0.9375,0.8125,1.0,0.9239674375,0.82157875,0.962948375
0.9375,0.875,0.0,0.9670865624999999,0.8419092499999999,0.1799168125
0.9375,0.875,0.0625,0.9647411874999999,0.8443369999999999,0.2296140625
0.9375,0.875,0.125,0.9623958125,0.84676475,0.27931131249999996
0.9375,0.875,0.1875,0.9600504375,0.8491924999999999,0.3290085625
0.9375,0.875,0.25,0.9577050624999999,0.85162025,0.3787058125
0.9375,0.875,0.3125,0.9553596874999999,0.8540479999999999,0.4284030625
0.9375,0.875,0.375,0.9530143124999999,0.85647575,0.47810031249999996
0.9375,0.875,0.4375,0.9506689374999999,0.8589034999999999,0.5277975625
0.9375,0.875,0.5,0.9483235624999999,0.86133125,0.5774948125
0.9375,0.875,0.5625,0.9459781875,0.8637589999999999,0.6271920625
0.9375,0.875,0.625,0.9436328124999999,0.8661867499999999,0.6768893125
0.9375,0.875,0.6875,0.9412874374999999,0.8686145,0.7265865625
0.9375,0.875,0.75,0.9389420624999999,0.8710422499999999,0.7762838125
0.9375,0.875,0.8125,0.9365966874999999,0.87347,0.8259810625
0.9375,0.875,0.875,0.9342513124999999,0.8758977499999999,0.8756783125
0.9375,0.875,0.9375,0.9319059375,0.8783255,0.9253755625
0.9375,0.875,1.0,0.9295605625,0.8807532499999999,0.9750728125
0.9375,0.9375,0.0,0.9726796874999999,0.90108375,0.19204125
0.9375,0.9375,0.0625,0.9703343124999999,0.9035114999999999,0.2417385
0.9375,0.9375,0.125,0.9679889374999999,0.90593925,0.29143575
0.9375,0.9375,0.1875,0.9656435624999999,0.9083669999999999,0.341133
0.9375,0.9375,0.25,0.9632981874999998,0.91079475,0.39083025
0.9375,0.9375,0.3125,0.9609528124999999,0.9132224999999999,0.44052749999999996
0.9375,0.9375,0.375,0.9586074374999999,0.91565025,0.49022475
0.9375,0.9375,0.4375,0.9562620624999999,0.918078,0.539922
0.9375,0.9375,0.5,0.9539166874999999,0.92050575,0.5896192499999999
0.9375,0.9375,0.5625,0.9515713124999999,0.9229335,0.6393165000000001
0.9375,0.9375,0.625,0.9492259374999998,0.9253612499999999,0.68901375
0.9375,0.9375,0.6875,0.9468805624999999,0.927789,0.7387109999999999
0.9375,0.9375,0.75,0.9445351874999999,0.9302167499999999,0.78840825
0.9375,0.9375,0.8125,0.9421898124999999,0.9326445,0.8381055
0.9375,0.9375,0.875,0.9398444374999999,0.9350722499999999,0.8878027499999999
0.9375,0.9375,0.9375,0.9374990624999999,0.9375,0.9375
0.9375,0.9375,1.0,0.9351536874999999,0.93992775,0.9871972499999999
0.9375,1.0,0.0,0.9782728124999999,0.96025825,0.2041656875
0.9375,1.0,0.0625,0.9759274374999999,0.9626859999999999,0.2538629375
0.9375,1.0,0.125,0.9735820624999999,0.96511375,0.3035601875
0.9375,1.0,0.1875,0.9712366874999999,0.9675414999999999,0.3532574375
0.9375,1.0,0.25,0.9688913124999998,0.96996925,0.40295468749999996
0.9375,1.0,0.3125,0.9665459374999998,0.972397,0.4526519375
0.9375,1.0,0.375,0.9642005624999999,0.97482475,0.5023491875
0.9375,1.0,0.4375,0.9618551874999999,0.9772525,0.5520464374999999
0.9375,1.0,0.5,0.9595098124999999,0.97968025,0.6017436875
0.9375,1.0,0.5625,0.9571644374999999,0.982108,0.6514409375
0.9375,1.0,0.625,0.9548190624999998,0.9845357499999999,0.7011381875
0.9375,1.0,0.6875,0.9524736874999998,0.9869635,0.7508354374999999
0.9375,1.0,0.75,0.9501283124999998,0.9893912499999999,0.8005326875
0.9375,1.0,0.8125,0.9477829374999999,0.991819,0.8502299375
0.9375,1.0,0.875,0.9454375624999999,0.99424675,0.8999271874999999
0.9375,1.0,0.9375,0.9430921874999999,0.9966745,0.9496244374999999
0.9375,1.0,1.0,0.9407468124999999,0.99910225,0.9993216874999999
1.0,0.0,0.0,0.948035,0.014364,0.010853
1.0,0.0,0.0625,0.945689625,0.01679175,0.06055025
1.0,0.0,0.125,0.94334425,0.0192195,0.1102475
1.0,0.0,0.1875,0.940998875,0.02164725,0.15994475
1.0,0.0,0.25,0.9386534999999999,0.024075,0.209642
1.0,0.0,0.3125,0.9363081249999999,0.02650275,0.25933924999999997
1.0,0.0,0.375,0.93396275,0.028930499999999998,0.3090365
1.0,0.0,0.4375,0.931617375,0.03135825,0.35873374999999996
1.0,0.0,0.5,0.929272,0.033786,0.408431
1.0,0.0,0.5625,0.926926625,0.036213749999999996,0.45812825
1.0,0.0,0.625,0.9245812499999999,0.038641499999999995,0.5078254999999999
1.0,0.0,0.6875,0.9222358749999999,0.041069249999999995,0.55752275
1.0,0.0,0.75,0.9198904999999999,0.043497,0.60722
1.0,0.0,0.8125,0.917545125,0.04592475,0.65691725
1.0,0.0,0.875,0.91519975,0.0483525,0.7066144999999999
1.0,0.0,0.9375,0.912854375,0.05078025,0.75631175
1.0,0.0,1.0,0.910509,0.053208,0.806009
1.0,0.0625,0.0,0.9536281249999999,0.07353849999999999,0.0229774375
1.0,0.0625,0.0625,0.95128275,0.07596625,0.0726746875
1.0,0.0625,0.125,0.948937375,0.07839399999999999,0.1223719375
1.0,0.0625,0.1875,0.946592,0.08082175,0.1720691875
1.0,0.0625,0.25,0.9442466249999999,0.08324949999999999,0.2217664375
1.0,0.0625,0.3125,0.9419012499999999,0.08567725,0.2714636875
1.0,0.0625,0.375,0.9395558749999999,0.08810499999999999,0.32116093749999997
1.0,0.0625,0.4375,0.9372105,0.09053275,0.37085818749999994
1.0,0.0625,0.5,0.934865125,0.09296049999999999,0.42055543749999996
1.0,0.0625,0.5625,0.93251975,0.09538825,0.4702526875
1.0,0.0625,0.625,0.9301743749999999,0.09781599999999999,0.5199499375
1.0,0.0625,0.6875,0.9278289999999999,0.10024374999999999,0.5696471875
1.0,0.0625,0.75,0.9254836249999999,0.1026715,0.6193444375
1.0,0.0625,0.8125,0.9231382499999999,0.10509924999999999,0.6690416875
1.0,0.0625,0.875,0.920792875,0.10752699999999998,0.7187389375
1.0,0.0625,0.9375,0.9184475,0.10995474999999999,0.7684361875
1.0,0.0625,1.0,0.916102125,0.1123825,0.8181334375
1.0,0.125,0.0,0.9592212499999999,0.132713,0.035101875
1.0,0.125,0.0625,0.9568758749999999,0.13514075,0.084799125
1.0,0.125,0.125,0.9545305,0.1375685,0.134496375
1.0,0.125,0.1875,0.952185125,0.13999625,0.184193625
1.0,0.125,0.25,0.9498397499999999,0.142424,0.233890875
1.0,0.125,0.3125,0.9474943749999999,0.14485175,0.28358812499999997
1.0,0.125,0.375,0.9451489999999999,0.1472795,0.333285375
1.0,0.125,0.4375,0.9428036249999999,0.14970725,0.38298262499999997
1.0,0.125,0.5,0.9404582499999999,0.152135,0.432679875
1.0,0.125,0.5625,0.938112875,0.15456275,0.482377125
1.0,0.125,0.625,0.9357674999999999,0.1569905,0.532074375
1.0,0.125,0.6875,0.9334221249999999,0.15941824999999998,0.5817716249999999
1.0,0.125,0.75,0.9310767499999999,0.161846,0.6314688749999999
1.0,0.125,0.8125,0.9287313749999999,0.16427375,0.681166125
1.0,0.125,0.875,0.9263859999999999,0.1667015,0.7308633749999999
1.0,0.125,0.9375,0.924040625,0.16912925,0.7805606249999999
1.0,0.125,1.0,0.92169525,0.171557,0.8302578749999999
1.0,0.1875,0.0,0.964814375,0.1918875,0.0472263125
1.0,0.1875,0.0625,0.962469,0.19431525,0.0969235625
1.0,0.1875,0.125,0.960123625,0.196743,0.1466208125
1.0,0.1875,0.1875,0.95777825,0.19917074999999998,0.1963180625
1.0,0.1875,0.25,0.955432875,0.20159849999999999,0.2460153125
1.0,0.1875,0.3125,0.9530875,0.20402625,0.2957125625
1.0,0.1875,0.375,0.950742125,0.206454,0.34540981249999997
1.0,0.1875,0.4375,0.94839675,0.20888174999999998,0.39510706249999994
1.0,0.1875,0.5,0.946051375,0.21130949999999998,0.44480431249999997
1.0,0.1875,0.5625,0.943706,0.21373725,0.4945015625
1.0,0.1875,0.625,0.941360625,0.216165,0.5441988125
1.0,0.1875,0.6875,0.93901525,0.21859274999999997,0.5938960624999999
1.0,0.1875,0.75,0.936669875,0.22102049999999998,0.6435933125
1.0,0.1875,0.8125,0.9343245,0.22344825,0.6932905625
1.0,0.1875,0.875,0.931979125,0.225876,0.7429878124999999
1.0,0.1875,0.9375,0.92963375,0.22830374999999997,0.7926850624999999
1.0,0.1875,1.0,0.927288375,0.23073149999999998,0.8423823125
1.0,0.25,0.0,0.9704075,0.251062,0.05935075
1.0,0.25,0.0625,0.968062125,0.25348975,0.109048
1.0,0.25,0.125,0.96571675,0.2559175,0.15874525
1.0,0.25,0.1875,0.963371375,0.25834525,0.2084425
1.0,0.25,0.25,0.9610259999999999,0.26077300000000003,0.25813975
1.0,0.25,0.3125,0.958680625,0.26320075,0.30783699999999997
1.0,0.25,0.375,0.95633525,0.2656285,0.35753425
1.0,0.25,0.4375,0.953989875,0.26805625,0.40723149999999997
1.0,0.25,0.5,0.9516445,0.270484,0.45692875
1.0,0.25,0.5625,0.949299125,0.27291175,0.506626
1.0,0.25,0.625,0.9469537499999999,0.2753395,0.5563232499999999
1.0,0.25,0.6875,0.944608375,0.27776725,0.6060205
1.0,0.25,0.75,0.942263,0.280195,0.65571775
1.0,0.25,0.8125,0.939917625,0.28262275000000003,0.705415
1.0,0.25,0.875,0.93757225,0.2850505,0.7551122499999999
1.0,0.25,0.9375,0.935226875,0.28747825,0.8048095
1.0,0.25,1.0,0.9328815,0.289906,0.85450675
1.0,0.3125,0.0,0.976000625,0.31023649999999997,0.0714751875
1.0,0.3125,0.0625,0.97365525,0.31266425,0.1211724375
1.0,0.3125,0.125,0.971309875,0.315092,0.17086968749999998
1.0,0.3125,0.1875,0.9689645,0.31751975,0.2205669375
1.0,0.3125,0.25,0.9666191249999999,0.3199475,0.2702641875
1.0,0.3125,0.3125,0.9642737499999999,0.32237524999999995,0.3199614375
1.0,0.3125,0.375,0.961928375,0.32480299999999995,0.36965868749999997
1.0,0.3125,0.4375,0.959583,0.32723074999999996,0.41935593749999994
1.0,0.3125,0.5,0.957237625,0.32965849999999997,0.46905318749999997
1.0,0.3125,0.5625,0.95489225,0.33208624999999997,0.5187504375
1.0,0.3125,0.625,0.9525468749999999,0.334514,0.5684476875
1.0,0.3125,0.6875,0.9502014999999999,0.33694175,0.6181449375
1.0,0.3125,0.75,0.9478561249999999,0.3393695,0.6678421875
1.0,0.3125,0.8125,0.94551075,0.34179724999999994,0.7175394375
1.0,0.3125,0.875,0.943165375,0.34422499999999995,0.7672366875
1.0,0.3125,0.9375,0.94082,0.34665274999999995,0.8169339375
1.0,0.3125,1.0,0.938474625,0.34908049999999996,0.8666311875
1.0,0.375,0.0,0.9815937499999999,0.369411,0.083599625
1.0,0.375,0.0625,0.979248375,0.37183875,0.13329687499999998
1.0,0.375,0.125,0.976903,0.3742665,0.182994125
1.0,0.375,0.1875,0.974557625,0.37669425,0.23269137499999998
1.0,0.375,0.25,0.9722122499999999,0.379122,0.282388625
1.0,0.375,0.3125,0.9698668749999999,0.38154974999999997,0.332085875
1.0,0.375,0.375,0.9675214999999999,0.38397749999999997,0.381783125
1.0,0.375,0.4375,0.9651761249999999,0.38640525,0.43148037499999997
1.0,0.375,0.5,0.96283075,0.388833,0.481177625
1.0,0.375,0.5625,0.960485375,0.39126075,0.530874875
1.0,0.375,0.625,0.9581399999999999,0.3936885,0.580572125
1.0,0.375,0.6875,0.9557946249999999,0.39611625,0.6302693749999999
1.0,0.375,0.75,0.9534492499999999,0.398544,0.6799666249999999
1.0,0.375,0.8125,0.9511038749999999,0.40097174999999996,0.729663875
1.0,0.375,0.875,0.9487585,0.40339949999999997,0.7793611249999999
1.0,0.375,0.9375,0.946413125,0.40582725,0.8290583749999999
1.0,0.375,1.0,0.94406775,0.408255,0.8787556249999999
1.0,0.4375,0.0,0.9871868749999999,0.42858549999999995,0.0957240625
1.0,0.4375,0.0625,0.9848414999999999,0.43101324999999996,0.1454213125
1.0,0.4375,0.125,0.9824961249999999,0.43344099999999997,0.19511856249999998
1.0,0.4375,0.1875,0.98015075,0.43586874999999997,0.2448158125
1.0,0.4375,0.25,0.9778053749999999,0.4382965,0.2945130625
1.0,0.4375,0.3125,0.9754599999999999,0.44072424999999993,0.3442103125
1.0,0.4375,0.375,0.9731146249999999,0.44315199999999993,0.3939075625
1.0,0.4375,0.4375,0.9707692499999999,0.44557974999999994,0.44360481249999995
1.0,0.4375,0.5,0.9684238749999999,0.44800749999999995,0.49330206249999997
1.0,0.4375,0.5625,0.9660785,0.45043524999999995,0.5429993125
1.0,0.4375,0.625,0.9637331249999999,0.45286299999999996,0.5926965625
1.0,0.4375,0.6875,0.9613877499999999,0.45529074999999997,0.6423938124999999
1.0,0.4375,0.75,0.9590423749999999,0.4577185,0.6920910625
1.0,0.4375,0.8125,0.9566969999999999,0.46014625,0.7417883125
1.0,0.4375,0.875,0.9543516249999999,0.46257399999999993,0.7914855624999999
1.0,0.4375,0.9375,0.9520062499999999,0.46500174999999994,0.8411828124999999
1.0,0.4375,1.0,0.949660875,0.46742949999999994,0.8908800625
1.0,0.5,0.0,0.99278,0.48775999999999997,0.1078485
1.0,0.5,0.0625,0.990434625,0.49018775,0.15754574999999998
1.0,0.5,0.125,0.98808925,0.4926155,0.207243
1.0,0.5,0.1875,0.985743875,0.49504325,0.25694025
1.0,0.5,0.25,0.9833985,0.497471,0.3066375
1.0,0.5,0.3125,0.981053125,0.49989874999999995,0.35633475
1.0,0.5,0.375,0.97870775,0.5023265,0.406032
1.0,0.5,0.4375,0.976362375,0.50475425,0.45572925
1.0,0.5,0.5,0.974017,0.507182,0.5054265
1.0,0.5,0.5625,0.971671625,0.50960975,0.55512375
1.0,0.5,0.625,0.96932625,0.5120374999999999,0.6048209999999999
1.0,0.5,0.6875,0.966980875,0.51446525,0.65451825
1.0,0.5,0.75,0.9646355,0.5168929999999999,0.7042155
1.0,0.5,0.8125,0.962290125,0.51932075,0.75391275
1.0,0.5,0.875,0.95994475,0.5217485,0.8036099999999999
1.0,0.5,0.9375,0.957599375,0.52417625,0.85330725
1.0,0.5,1.0,0.955254,0.526604,0.9030045
1.0,0.5625,0.0,0.998373125,0.5469345,0.1199729375
1.0,0.5625,0.0625,0.99602775,0.5493622499999999,0.1696701875
1.0,0.5625,0.125,0.993682375,0.55179,0.21936743749999998
1.0,0.5625,0.1875,0.991337,0.55421775,0.2690646875
1.0,0.5625,0.25,0.9889916249999999,0.5566455,0.3187619375
1.0,0.5625,0.3125,0.98664625,0.55907325,0.3684591875
1.0,0.5625,0.375,0.984300875,0.561501,0.4181564375
1.0,0.5625,0.4375,0.9819555,0.56392875,0.46785368749999995
1.0,0.5625,0.5,0.979610125,0.5663565,0.5175509375
1.0,0.5625,0.5625,0.97726475,0.56878425,0.5672481875000001
1.0,0.5625,0.625,0.9749193749999999,0.5712119999999999,0.6169454375
1.0,0.5625,0.6875,0.9725739999999999,0.57363975,0.6666426875
1.0,0.5625,0.75,0.970228625,0.5760675,0.7163399375
1.0,0.5625,0.8125,0.96788325,0.57849525,0.7660371875
1.0,0.5625,0.875,0.965537875,0.580923,0.8157344375
1.0,0.5625,0.9375,0.9631925,0.58335075,0.8654316875
1.0,0.5625,1.0,0.960847125,0.5857785,0.9151289375
1.0,0.625,0.0,1.00396625,0.606109,0.132097375
1.0,0.625,0.0625,1.001620875,0.60853675,0.181794625
1.0,0.625,0.125,0.9992755,0.6109645,0.23149187499999999
1.0,0.625,0.1875,0.996930125,0.61339225,0.281189125
1.0,0.625,0.25,0.9945847499999999,0.61582,0.33088637499999995
1.0,0.625,0.3125,0.9922393749999999,0.61824775,0.380583625
1.0,0.625,0.375,0.9898939999999999,0.6206755,0.430280875
1.0,0.625,0.4375,0.987548625,0.62310325,0.4799781249999999
1.0,0.625,0.5,0.98520325,0.6255310000000001,0.529675375
1.0,0.625,0.5625,0.982857875,0.62795875,0.579372625
1.0,0.625,0.625,0.9805124999999999,0.6303865,0.629069875
1.0,0.625,0.6875,0.9781671249999999,0.63281425,0.6787671249999999
1.0,0.625,0.75,0.9758217499999999,0.635242,0.7284643749999999
1.0,0.625,0.8125,0.973476375,0.63766975,0.778161625
1.0,0.625,0.875,0.971131,0.6400975,0.8278588749999999
1.0,0.625,0.9375,0.968785625,0.64252525,0.8775561249999999
1.0,0.625,1.0,0.96644025,0.644953,0.9272533749999999
1.0,0.6875,0.0,1.009559375,0.6652835,0.1442218125
1.0,0.6875,0.0625,1.007214,0.66771125,0.1939190625
1.0,0.6875,0.125,1.004868625,0.670139,0.2436163125
1.0,0.6875,0.1875,1.00252325,0.67256675,0.29331356249999996
1.0,0.6875,0.25,1.000177875,0.6749945,0.3430108125
1.0,0.6875,0.3125,0.9978325,0.67742225,0.3927080625
1.0,0.6875,0.375,0.995487125,0.6798500000000001,0.4424053125
1.0,0.6875,0.4375,0.99314175,0.68227775,0.49210256249999995
1.0,0.6875,0.5,0.9907963750000001,0.6847055000000001,0.5417998125
1.0,0.6875,0.5625,0.9884510000000001,0.68713325,0.5914970625
1.0,0.6875,0.625,0.986105625,0.689561,0.6411943124999999
1.0,0.6875,0.6875,0.98376025,0.69198875,0.6908915625
1.0,0.6875,0.75,0.981414875,0.6944165,0.7405888125
1.0,0.6875,0.8125,0.9790695,0.69684425,0.7902860625
1.0,0.6875,0.875,0.976724125,0.699272,0.8399833124999999
1.0,0.6875,0.9375,0.9743787500000001,0.7016997500000001,0.8896805624999999
1.0,0.6875,1.0,0.9720333750000001,0.7041275,0.9393778125
1.0,0.75,0.0,1.0151525,0.724458,0.15634625
1.0,0.75,0.0625,1.012807125,0.72688575,0.2060435
1.0,0.75,0.125,1.01046175,0.7293135000000001,0.25574074999999996
1.0,0.75,0.1875,1.008116375,0.73174125,0.305438
1.0,0.75,0.25,1.005771,0.7341690000000001,0.35513525
1.0,0.75,0.3125,1.003425625,0.73659675,0.4048325
1.0,0.75,0.375,1.00108025,0.7390245000000001,0.45452974999999995
1.0,0.75,0.4375,0.9987348749999999,0.74145225,0.504227
1.0,0.75,0.5,0.9963894999999999,0.7438800000000001,0.55392425
1.0,0.75,0.5625,0.994044125,0.74630775,0.6036215
1.0,0.75,0.625,0.9916987499999999,0.7487355,0.65331875
1.0,0.75,0.6875,0.9893533749999999,0.7511632500000001,0.703016
1.0,0.75,0.75,0.9870079999999999,0.753591,0.75271325
1.0,0.75,0.8125,0.9846626249999999,0.7560187500000001,0.8024105
1.0,0.75,0.875,0.9823172499999999,0.7584465,0.8521077499999999
1.0,0.75,0.9375,0.9799718749999999,0.7608742500000001,0.901805
1.0,0.75,1.0,0.9776265,0.763302,0.95150225
1.0,0.8125,0.0,1.020745625,0.7836325000000001,0.1684706875
1.0,0.8125,0.0625,1.01840025,0.78606025,0.2181679375
1.0,0.8125,0.125,1.016054875,0.7884880000000001,0.2678651875
1.0,0.8125,0.1875,1.0137095,0.79091575,0.3175624375
1.0,0.8125,0.25,1.011364125,0.7933435000000001,0.3672596875
1.0,0.8125,0.3125,1.00901875,0.79577125,0.41695693749999996
1.0,0.8125,0.375,1.006673375,0.7981990000000001,0.4666541875
1.0,0.8125,0.4375,1.0043279999999999,0.80062675,0.5163514375
1.0,0.8125,0.5,1.001982625,0.8030545000000001,0.5660486874999999
1.0,0.8125,0.5625,0.99963725,0.8054822500000001,0.6157459375000001
1.0,0.8125,0.625,0.9972918749999999,0.80791,0.6654431875
1.0,0.8125,0.6875,0.9949465,0.8103377500000001,0.7151404374999999
1.0,0.8125,0.75,0.992601125,0.8127655,0.7648376875
1.0,0.8125,0.8125,0.99025575,0.8151932500000001,0.8145349375
1.0,0.8125,0.875,0.987910375,0.817621,0.8642321874999999
1.0,0.8125,0.9375,0.985565,0.8200487500000001,0.9139294375
1.0,0.8125,1.0,0.983219625,0.8224765,0.9636266874999999
1.0,0.875,0.0,1.0263387499999999,0.842807,0.180595125
1.0,0.875,0.0625,1.0239933749999999,0.8452347499999999,0.230292375
1.0,0.875,0.125,1.021648,0.8476625,0.279989625
1.0,0.875,0.1875,1.019302625,0.8500902499999999,0.329686875
1.0,0.875,0.25,1.01695725,0.852518,0.37938412499999996
1.0,0.875,0.3125,1.014611875,0.85494575,0.429081375
1.0,0.875,0.375,1.0122665,0.8573735,0.478778625
1.0,0.875,0.4375,1.0099211249999998,0.85980125,0.5284758749999999
1.0,0.875,0.5,1.0075757499999998,0.862229,0.578173125
1.0,0.875,0.5625,1.0052303749999998,0.86465675,0.627870375
1.0,0.875,0.625,1.0028849999999998,0.8670844999999999,0.677567625
1.0,0.875,0.6875,1.0005396249999998,0.86951225,0.7272648749999999
1.0,0.875,0.75,0.9981942499999998,0.8719399999999999,0.776962125
1.0,0.875,0.8125,0.9958488749999999,0.87436775,0.826659375
1.0,0.875,0.875,0.9935034999999999,0.8767955,0.8763566249999999
1.0,0.875,0.9375,0.9911581249999999,0.87922325,0.9260538749999999
1.0,0.875,1.0,0.9888127499999999,0.881651,0.9757511249999999
1.0,0.9375,0.0,1.031931875,0.9019815,0.1927195625
1.0,0.9375,0.0625,1.0295865,0.9044092499999999,0.2424168125
1.0,0.9375,0.125,1.027241125,0.906837,0.2921140625
1.0,0.9375,0.1875,1.02489575,0.90926475,0.34181131249999996
1.0,0.9375,0.25,1.022550375,0.9116925,0.3915085625
1.0,0.9375,0.3125,1.020205,0.91412025,0.4412058125
1.0,0.9375,0.375,1.017859625,0.916548,0.4909030625
1.0,0.9375,0.4375,1.0155142499999998,0.91897575,0.5406003125
1.0,0.9375,0.5,1.0131688749999999,0.9214035,0.5902975625
1.0,0.9375,0.5625,1.0108234999999999,0.92383125,0.6399948125
1.0,0.9375,0.625,1.008478125,0.9262589999999999,0.6896920625
1.0,0.9375,0.6875,1.00613275,0.92868675,0.7393893125
1.0,0.9375,0.75,1.003787375,0.9311145,0.7890865625
1.0,0.9375,0.8125,1.001442,0.93354225,0.8387838125
1.0,0.9375,0.875,0.999096625,0.93597,0.8884810624999999
1.0,0.9375,0.9375,0.99675125,0.93839775,0.9381783125
1.0,0.9375,1.0,0.994405875,0.9408255,0.9878755625
1.0,1.0,0.0,1.037525,0.961156,0.204844
1.0,1.0,0.0625,1.035179625,0.96358375,0.25454125
1.0,1.0,0.125,1.03283425,0.9660115,0.30423849999999997
1.0,1.0,0.1875,1.030488875,0.96843925,0.35393575
1.0,1.0,0.25,1.0281435,0.970867,0.403633
1.0,1.0,0.3125,1.0257981250000001,0.97329475,0.45333025
1.0,1.0,0.375,1.0234527500000001,0.9757225,0.5030275
1.0,1.0,0.4375,1.021107375,0.97815025,0.55272475
1.0,1.0,0.5,1.018762,0.9805780000000001,0.602422
1.0,1.0,0.5625,1.016416625,0.98300575,0.65211925
1.0,1.0,0.625,1.01407125,0.9854335,0.7018165
1.0,1.0,0.6875,1.011725875,0.98786125,0.75151375
1.0,1.0,0.75,1.0093805,0.990289,0.801211
1.0,1.0,0.8125,1.007035125,0.99271675,0.85090825
1.0,1.0,0.875,1.00468975,0.9951445,0.9006055
1.0,1.0,0.9375,1.002344375,0.99757225,0.95030275
1.0,1.0,1.0,0.9999990000000001,1.0,1.0
