R,G,B,R_out,G_out,B_out
0.0,0.0,0.0,0.0,0.0,0.0
0.0,0.0,0.0625,-0.001199,0.000894125,0.058546875
0.0,0.0,0.125,-0.002398,0.00178825,0.11709375
0.0,0.0,0.1875,-0.003597,0.002682375,0.175640625
0.0,0.0,0.25,-0.004796,0.0035765,0.2341875
0.0,0.0,0.3125,-0.005995,0.004470625,0.292734375
0.0,0.0,0.375,-0.007194,0.00536475,0.35128125
0.0,0.0,0.4375,-0.008393,0.006258875,0.409828125
0.0,0.0,0.5,-0.009592,0.007153,0.468375
0.0,0.0,0.5625,-0.010791,0.008047124999999999,0.526921875
0.0,0.0,0.625,-0.01199,0.00894125,0.58546875
0.0,0.0,0.6875,-0.013189,0.009835375,0.644015625
0.0,0.0,0.75,-0.014388,0.0107295,0.7025625
0.0,0.0,0.8125,-0.015587,0.011623624999999999,0.761109375
0.0,0.0,0.875,-0.016786,0.01251775,0.81965625
0.0,0.0,0.9375,-0.017985,0.013411875,0.878203125
0.0,0.0,1.0,-0.019184,0.014306,0.93675
0.0,0.0625,0.0,0.005782125,0.0602814375,0.0034258125
0.0,0.0625,0.0625,0.004583125,0.0611755625,0.0619726875
0.0,0.0625,0.125,0.003384125,0.0620696875,0.1205195625
0.0,0.0625,0.1875,0.002185125,0.0629638125,0.1790664375
0.0,0.0625,0.25,0.000986125,0.0638579375,0.2376133125
0.0,0.0625,0.3125,-0.0002128750000000004,0.0647520625,0.2961601875
0.0,0.0625,0.375,-0.001411875,0.0656461875,0.3547070625
0.0,0.0625,0.4375,-0.0026108749999999995,0.0665403125,0.4132539375
0.0,0.0625,0.5,-0.003809875,0.0674344375,0.4718008125
0.0,0.0625,0.5625,-0.005008875,0.0683285625,0.5303476874999999
0.0,0.0625,0.625,-0.006207875000000001,0.0692226875,0.5888945624999999
0.0,0.0625,0.6875,-0.007406874999999999,0.0701168125,0.6474414374999999
0.0,0.0625,0.75,-0.008605874999999999,0.0710109375,0.7059883124999999
0.0,0.0625,0.8125,-0.009804875000000001,0.0719050625,0.7645351874999999
0.0,0.0625,0.875,-0.011003875,0.0727991875,0.8230820624999999
0.0,0.0625,0.9375,-0.012202875000000002,0.0736933125,0.8816289374999999
0.0,0.0625,1.0,-0.013401875,0.07458743749999999,0.9401758124999999
0.0,0.125,0.0,0.01156425,0.120562875,0.006851625
0.0,0.125,0.0625,0.01036525,0.121457,0.0653985
0.0,0.125,0.125,0.00916625,0.122351125,0.123945375
0.0,0.125,0.1875,0.00796725,0.12324525,0.18249225
0.0,0.125,0.25,0.00676825,0.124139375,0.241039125
0.0,0.125,0.3125,0.0055692499999999995,0.1250335,0.299586
0.0,0.125,0.375,0.00437025,0.125927625,0.358132875
0.0,0.125,0.4375,0.0031712500000000005,0.12682175,0.41667975
0.0,0.125,0.5,0.00197225,0.127715875,0.475226625
0.0,0.125,0.5625,0.0007732499999999996,0.12861,0.5337735
0.0,0.125,0.625,-0.0004257500000000008,0.129504125,0.592320375
0.0,0.125,0.6875,-0.0016247499999999995,0.13039825,0.65086725
0.0,0.125,0.75,-0.00282375,0.131292375,0.709414125
0.0,0.125,0.8125,-0.00402275,0.13218649999999998,0.767961
0.0,0.125,0.875,-0.005221749999999999,0.133080625,0.826507875
0.0,0.125,0.9375,-0.006420750000000001,0.13397475,0.88505475
0.0,0.125,1.0,-0.00761975,0.134868875,0.943601625
0.0,0.1875,0.0,0.017346375,0.1808443125,0.0102774375
0.0,0.1875,0.0625,0.016147375000000002,0.1817384375,0.0688243125
0.0,0.1875,0.125,0.014948375,0.18263256249999998,0.12737118749999998
0.0,0.1875,0.1875,0.013749375000000001,0.18352668749999998,0.18591806249999998
0.0,0.1875,0.25,0.012550375,0.1844208125,0.24446493749999998
0.0,0.1875,0.3125,0.011351375,0.1853149375,0.3030118125
0.0,0.1875,0.375,0.010152375000000002,0.1862090625,0.3615586875
0.0,0.1875,0.4375,0.008953375000000001,0.1871031875,0.4201055625
0.0,0.1875,0.5,0.007754375000000001,0.18799731249999999,0.47865243749999997
0.0,0.1875,0.5625,0.0065553750000000004,0.18889143749999998,0.5371993125
0.0,0.1875,0.625,0.005356375,0.1897855625,0.5957461875
0.0,0.1875,0.6875,0.004157375000000001,0.1906796875,0.6542930625
0.0,0.1875,0.75,0.002958375000000001,0.1915738125,0.7128399375
0.0,0.1875,0.8125,0.0017593750000000005,0.1924679375,0.7713868125
0.0,0.1875,0.875,0.0005603750000000018,0.1933620625,0.8299336875
0.0,0.1875,0.9375,-0.0006386250000000003,0.19425618749999998,0.8884805625
0.0,0.1875,1.0,-0.001837624999999999,0.19515031249999998,0.9470274375
0.0,0.25,0.0,0.0231285,0.24112575,0.01370325
0.0,0.25,0.0625,0.0219295,0.242019875,0.072250125
0.0,0.25,0.125,0.0207305,0.242914,0.130797
0.0,0.25,0.1875,0.0195315,0.243808125,0.189343875
0.0,0.25,0.25,0.0183325,0.24470225,0.24789075
0.0,0.25,0.3125,0.0171335,0.245596375,0.306437625
0.0,0.25,0.375,0.0159345,0.2464905,0.3649845
0.0,0.25,0.4375,0.0147355,0.247384625,0.423531375
0.0,0.25,0.5,0.0135365,0.24827875,0.48207825
0.0,0.25,0.5625,0.0123375,0.249172875,0.540625125
0.0,0.25,0.625,0.011138499999999999,0.250067,0.599172
0.0,0.25,0.6875,0.0099395,0.250961125,0.657718875
0.0,0.25,0.75,0.0087405,0.25185525,0.71626575
0.0,0.25,0.8125,0.0075415,0.252749375,0.774812625
0.0,0.25,0.875,0.006342500000000001,0.2536435,0.8333595
0.0,0.25,0.9375,0.005143499999999999,0.254537625,0.891906375
0.0,0.25,1.0,0.0039445,0.25543175,0.95045325
0.0,0.3125,0.0,0.028910625,0.3014071875,0.0171290625
0.0,0.3125,0.0625,0.027711625,0.30230131250000003,0.0756759375
0.0,0.3125,0.125,0.026512624999999998,0.3031954375,0.1342228125
0.0,0.3125,0.1875,0.025313625,0.3040895625,0.1927696875
0.0,0.3125,0.25,0.024114625,0.3049836875,0.2513165625
0.0,0.3125,0.3125,0.022915625,0.3058778125,0.3098634375
0.0,0.3125,0.375,0.021716625,0.3067719375,0.3684103125
0.0,0.3125,0.4375,0.020517624999999998,0.3076660625,0.4269571875
0.0,0.3125,0.5,0.019318625,0.3085601875,0.4855040625
0.0,0.3125,0.5625,0.018119625,0.3094543125,0.5440509375
0.0,0.3125,0.625,0.016920624999999998,0.3103484375,0.6025978125
0.0,0.3125,0.6875,0.015721625,0.3112425625,0.6611446875
0.0,0.3125,0.75,0.014522624999999999,0.3121366875,0.7196915625
0.0,0.3125,0.8125,0.013323624999999999,0.3130308125,0.7782384375
0.0,0.3125,0.875,0.012124625,0.3139249375,0.8367853125
0.0,0.3125,0.9375,0.010925624999999998,0.3148190625,0.8953321875
0.0,0.3125,1.0,0.009726625,0.3157131875,0.9538790625
0.0,0.375,0.0,0.03469275,0.361688625,0.020554875
0.0,0.375,0.0625,0.03349375,0.36258275,0.07910175
0.0,0.375,0.125,0.032294750000000004,0.363476875,0.137648625
0.0,0.375,0.1875,0.031095750000000002,0.364371,0.1961955
0.0,0.375,0.25,0.02989675,0.36526512499999997,0.25474237499999997
0.0,0.375,0.3125,0.02869775,0.36615925,0.31328924999999996
0.0,0.375,0.375,0.027498750000000002,0.36705337499999996,0.37183612499999996
0.0,0.375,0.4375,0.026299750000000004,0.3679475,0.43038299999999996
0.0,0.375,0.5,0.02510075,0.368841625,0.48892987499999996
0.0,0.375,0.5625,0.02390175,0.36973575,0.54747675
0.0,0.375,0.625,0.02270275,0.370629875,0.606023625
0.0,0.375,0.6875,0.021503750000000002,0.37152399999999997,0.6645705
0.0,0.375,0.75,0.020304750000000003,0.372418125,0.723117375
0.0,0.375,0.8125,0.01910575,0.37331225,0.78166425
0.0,0.375,0.875,0.017906750000000003,0.374206375,0.840211125
0.0,0.375,0.9375,0.01670775,0.3751005,0.898758
0.0,0.375,1.0,0.015508750000000002,0.37599462499999997,0.9573048749999999
0.0,0.4375,0.0,0.040474875,0.4219700625,0.0239806875
0.0,0.4375,0.0625,0.039275875,0.42286418750000004,0.0825275625
0.0,0.4375,0.125,0.038076875,0.4237583125,0.14107443749999998
0.0,0.4375,0.1875,0.036877875,0.42465243750000004,0.19962131249999998
0.0,0.4375,0.25,0.035678875,0.4255465625,0.2581681875
0.0,0.4375,0.3125,0.034479875,0.4264406875,0.3167150625
0.0,0.4375,0.375,0.033280875,0.4273348125,0.3752619375
0.0,0.4375,0.4375,0.032081875,0.4282289375,0.4338088125
0.0,0.4375,0.5,0.030882875,0.42912306250000004,0.49235568749999997
0.0,0.4375,0.5625,0.029683875,0.4300171875,0.5509025625
0.0,0.4375,0.625,0.028484875,0.43091131250000003,0.6094494375
0.0,0.4375,0.6875,0.027285875,0.4318054375,0.6679963125
0.0,0.4375,0.75,0.026086875000000002,0.4326995625,0.7265431875
0.0,0.4375,0.8125,0.024887875,0.43359368750000005,0.7850900625
0.0,0.4375,0.875,0.023688875,0.4344878125,0.8436369375
0.0,0.4375,0.9375,0.022489875,0.43538193750000004,0.9021838125
0.0,0.4375,1.0,0.021290875,0.4362760625,0.9607306875
0.0,0.5,0.0,0.046257,0.4822515,0.0274065
0.0,0.5,0.0625,0.045058,0.483145625,0.085953375
0.0,0.5,0.125,0.043859,0.48403975,0.14450025
0.0,0.5,0.1875,0.04266,0.484933875,0.203047125
0.0,0.5,0.25,0.041461,0.485828,0.261594
0.0,0.5,0.3125,0.040262,0.486722125,0.320140875
0.0,0.5,0.375,0.039063,0.48761625,0.37868775
0.0,0.5,0.4375,0.037864,0.488510375,0.437234625
0.0,0.5,0.5,0.036665,0.4894045,0.4957815
0.0,0.5,0.5625,0.035466,0.490298625,0.554328375
0.0,0.5,0.625,0.034267,0.49119275,0.61287525
0.0,0.5,0.6875,0.033068,0.492086875,0.671422125
0.0,0.5,0.75,0.031869,0.492981,0.729969
0.0,0.5,0.8125,0.03067,0.49387512499999997,0.788515875
0.0,0.5,0.875,0.029471,0.49476925,0.84706275
0.0,0.5,0.9375,0.028272,0.495663375,0.905609625
0.0,0.5,1.0,0.027073,0.4965575,0.9641565
0.0,0.5625,0.0,0.052039125,0.5425329375,0.0308323125
0.0,0.5625,0.0625,0.050840125,0.5434270625,0.0893791875
0.0,0.5625,0.125,0.049641125,0.5443211875,0.1479260625
0.0,0.5625,0.1875,0.048442124999999996,0.5452153125,0.2064729375
0.0,0.5625,0.25,0.047243125,0.5461094375,0.2650198125
0.0,0.5625,0.3125,0.046044125,0.5470035624999999,0.3235666875
0.0,0.5625,0.375,0.044845125,0.5478976875,0.3821135625
0.0,0.5625,0.4375,0.043646125,0.5487918125,0.4406604375
0.0,0.5625,0.5,0.042447125,0.5496859374999999,0.4992073125
0.0,0.5625,0.5625,0.041248125,0.5505800625,0.5577541874999999
0.0,0.5625,0.625,0.040049125,0.5514741875,0.6163010624999999
0.0,0.5625,0.6875,0.038850125,0.5523683125,0.6748479374999999
0.0,0.5625,0.75,0.037651125,0.5532624374999999,0.7333948124999999
0.0,0.5625,0.8125,0.036452125,0.5541565625,0.7919416874999999
0.0,0.5625,0.875,0.035253124999999996,0.5550506875,0.8504885624999999
0.0,0.5625,0.9375,0.034054125,0.5559448124999999,0.9090354374999999
0.0,0.5625,1.0,0.032855125,0.5568389375,0.9675823124999999
0.0,0.625,0.0,0.05782125,0.602814375,0.034258125
0.0,0.625,0.0625,0.05662225,0.6037085,0.092805
0.0,0.625,0.125,0.05542325,0.6046026250000001,0.151351875
0.0,0.625,0.1875,0.054224249999999995,0.60549675,0.20989875
0.0,0.625,0.25,0.053025249999999996,0.606390875,0.268445625
0.0,0.625,0.3125,0.05182625,0.607285,0.3269925
0.0,0.625,0.375,0.05062725,0.608179125,0.385539375
0.0,0.625,0.4375,0.04942825,0.60907325,0.44408625
0.0,0.625,0.5,0.04822925,0.609967375,0.502633125
0.0,0.625,0.5625,0.047030249999999996,0.6108615000000001,0.56118
0.0,0.625,0.625,0.04583125,0.611755625,0.619726875
0.0,0.625,0.6875,0.04463225,0.61264975,0.67827375
0.0,0.625,0.75,0.04343325,0.613543875,0.736820625
0.0,0.625,0.8125,0.04223425,0.614438,0.7953675
0.0,0.625,0.875,0.041035249999999995,0.615332125,0.853914375
0.0,0.625,0.9375,0.03983625,0.61622625,0.91246125
0.0,0.625,1.0,0.03863725,0.617120375,0.971008125
0.0,0.6875,0.0,0.063603375,0.6630958125,0.0376839375
0.0,0.6875,0.0625,0.062404375000000005,0.6639899375,0.0962308125
0.0,0.6875,0.125,0.061205375000000006,0.6648840625000001,0.15477768749999998
0.0,0.6875,0.1875,0.060006375,0.6657781875000001,0.21332456249999998
0.0,0.6875,0.25,0.058807375,0.6666723125,0.2718714375
0.0,0.6875,0.3125,0.057608375,0.6675664375,0.3304183125
0.0,0.6875,0.375,0.056409375000000005,0.6684605625000001,0.3889651875
0.0,0.6875,0.4375,0.055210375000000006,0.6693546875,0.4475120625
0.0,0.6875,0.5,0.054011375,0.6702488125,0.5060589375
0.0,0.6875,0.5625,0.052812375,0.6711429375000001,0.5646058125
0.0,0.6875,0.625,0.051613375,0.6720370625000001,0.6231526875
0.0,0.6875,0.6875,0.050414375000000004,0.6729311875,0.6816995625
0.0,0.6875,0.75,0.049215375000000006,0.6738253125,0.7402464375
0.0,0.6875,0.8125,0.048016375,0.6747194375000001,0.7987933125
0.0,0.6875,0.875,0.04681737500000001,0.6756135625,0.8573401875
0.0,0.6875,0.9375,0.045618375,0.6765076875,0.9158870625
0.0,0.6875,1.0,0.044419375000000004,0.6774018125000001,0.9744339375
0.0,0.75,0.0,0.0693855,0.72337725,0.04110975
0.0,0.75,0.0625,0.0681865,0.7242713749999999,0.099656625
0.0,0.75,0.125,0.0669875,0.7251655,0.1582035
0.0,0.75,0.1875,0.0657885,0.726059625,0.216750375
0.0,0.75,0.25,0.06458950000000001,0.72695375,0.27529725
0.0,0.75,0.3125,0.0633905,0.7278478749999999,0.333844125
0.0,0.75,0.375,0.062191500000000004,0.728742,0.392391
0.0,0.75,0.4375,0.060992500000000005,0.729636125,0.450937875
0.0,0.75,0.5,0.0597935,0.7305302499999999,0.5094847499999999
0.0,0.75,0.5625,0.0585945,0.731424375,0.5680316249999999
0.0,0.75,0.625,0.0573955,0.7323185,0.6265784999999999
0.0,0.75,0.6875,0.0561965,0.733212625,0.6851253749999999
0.0,0.75,0.75,0.054997500000000005,0.7341067499999999,0.7436722499999999
0.0,0.75,0.8125,0.0537985,0.735000875,0.8022191249999999
0.0,0.75,0.875,0.05259950000000001,0.735895,0.8607659999999999
0.0,0.75,0.9375,0.0514005,0.7367891249999999,0.9193128749999999
0.0,0.75,1.0,0.0502015,0.73768325,0.9778597499999999
0.0,0.8125,0.0,0.075167625,0.7836586875,0.0445355625
0.0,0.8125,0.0625,0.073968625,0.7845528125,0.1030824375
0.0,0.8125,0.125,0.072769625,0.7854469375,0.1616293125
0.0,0.8125,0.1875,0.071570625,0.7863410625,0.2201761875
0.0,0.8125,0.25,0.07037162500000001,0.7872351875,0.2787230625
0.0,0.8125,0.3125,0.069172625,0.7881293125,0.3372699375
0.0,0.8125,0.375,0.067973625,0.7890234375,0.3958168125
0.0,0.8125,0.4375,0.066774625,0.7899175625,0.4543636875
0.0,0.8125,0.5,0.065575625,0.7908116875,0.5129105625
0.0,0.8125,0.5625,0.064376625,0.7917058125,0.5714574375
0.0,0.8125,0.625,0.063177625,0.7925999375,0.6300043125
0.0,0.8125,0.6875,0.061978625,0.7934940625,0.6885511875
0.0,0.8125,0.75,0.060779625000000004,0.7943881875,0.7470980625
0.0,0.8125,0.8125,0.059580625,0.7952823125,0.8056449375
0.0,0.8125,0.875,0.058381625000000006,0.7961764375,0.8641918125
0.0,0.8125,0.9375,0.057182625,0.7970705625,0.9227386875
0.0,0.8125,1.0,0.055983625,0.7979646875,0.9812855625
0.0,0.875,0.0,0.08094975,0.843940125,0.047961375
0.0,0.875,0.0625,0.07975075,0.84483425,0.10650825
0.0,0.875,0.125,0.07855175,0.8457283750000001,0.165055125
0.0,0.875,0.1875,0.07735275,0.8466225000000001,0.223602
0.0,0.875,0.25,0.07615375,0.847516625,0.28214887499999997
0.0,0.875,0.3125,0.07495475,0.84841075,0.34069574999999996
0.0,0.875,0.375,0.07375575,0.8493048750000001,0.39924262499999996
0.0,0.875,0.4375,0.07255675,0.850199,0.45778949999999996
0.0,0.875,0.5,0.07135775,0.851093125,0.516336375
0.0,0.875,0.5625,0.07015875,0.8519872500000001,0.57488325
0.0,0.875,0.625,0.06895975,0.852881375,0.633430125
0.0,0.875,0.6875,0.06776075000000001,0.8537755,0.691977
0.0,0.875,0.75,0.06656175,0.854669625,0.750523875
0.0,0.875,0.8125,0.06536275,0.8555637500000001,0.80907075
0.0,0.875,0.875,0.06416375,0.856457875,0.867617625
0.0,0.875,0.9375,0.06296475,0.857352,0.9261645
0.0,0.875,1.0,0.06176575,0.8582461250000001,0.9847113749999999
0.0,0.9375,0.0,0.086731875,0.9042215625,0.0513871875
0.0,0.9375,0.0625,0.085532875,0.9051156874999999,0.1099340625
0.0,0.9375,0.125,0.084333875,0.9060098125,0.16848093749999998
0.0,0.9375,0.1875,0.083134875,0.9069039375,0.22702781249999998
0.0,0.9375,0.25,0.081935875,0.9077980625,0.2855746875
0.0,0.9375,0.3125,0.080736875,0.9086921874999999,0.3441215625
0.0,0.9375,0.375,0.079537875,0.9095863125,0.4026684375
0.0,0.9375,0.4375,0.078338875,0.9104804375,0.4612153125
0.0,0.9375,0.5,0.077139875,0.9113745624999999,0.5197621875
0.0,0.9375,0.5625,0.075940875,0.9122686875,0.5783090625
0.0,0.9375,0.625,0.074741875,0.9131628125,0.6368559375
0.0,0.9375,0.6875,0.07354287500000001,0.9140569374999999,0.6954028125
0.0,0.9375,0.75,0.072343875,0.9149510624999999,0.7539496875
0.0,0.9375,0.8125,0.071144875,0.9158451875,0.8124965625
0.0,0.9375,0.875,0.069945875,0.9167393125,0.8710434375
0.0,0.9375,0.9375,0.068746875,0.9176334374999999,0.9295903125
0.0,0.9375,1.0,0.06754787500000001,0.9185275625,0.9881371875
0.0,1.0,0.0,0.092514,0.964503,0.054813
0.0,1.0,0.0625,0.091315,0.965397125,0.113359875
0.0,1.0,0.125,0.090116,0.96629125,0.17190675
0.0,1.0,0.1875,0.088917,0.967185375,0.230453625
0.0,1.0,0.25,0.087718,0.9680795,0.2890005
0.0,1.0,0.3125,0.086519,0.968973625,0.347547375
0.0,1.0,0.375,0.08532,0.96986775,0.40609425
0.0,1.0,0.4375,0.084121,0.970761875,0.464641125
0.0,1.0,0.5,0.082922,0.971656,0.523188
0.0,1.0,0.5625,0.081723,0.972550125,0.581734875
0.0,1.0,0.625,0.080524,0.97344425,0.64028175
0.0,1.0,0.6875,0.079325,0.974338375,0.698828625
0.0,1.0,0.75,0.078126,0.9752325,0.7573755
0.0,1.0,0.8125,0.076927,0.976126625,0.815922375
0.0,1.0,0.875,0.075728,0.97702075,0.87446925
0.0,1.0,0.9375,0.074529,0.977914875,0.933016125
0.0,1.0,1.0,0.07333,0.978809,0.991563
0.0625,0.0,0.0,0.057916875,0.0013244375,0.0005273125
0.0625,0.0,0.0625,0.056717875,0.0022185625,0.0590741875
0.0625,0.0,0.125,0.055518875,0.0031126875,0.1176210625
0.0625,0.0,0.1875,0.054319875,0.0040068125,0.17616793749999998
0.0625,0.0,0.25,0.053120875,0.0049009375,0.23471481249999998
0.0625,0.0,0.3125,0.051921875,0.0057950625,0.2932616875
0.0625,0.0,0.375,0.050722875,0.0066891875,0.3518085625
0.0625,0.0,0.4375,0.049523875,0.0075833125,0.4103554375
0.0625,0.0,0.5,0.048324875,0.0084774375,0.4689023125
0.0625,0.0,0.5625,0.047125875,0.0093715625,0.5274491875
0.0625,0.0,0.625,0.045926875,0.010265687499999999,0.5859960625
0.0625,0.0,0.6875,0.044727875,0.011159812500000001,0.6445429375
0.0625,0.0,0.75,0.043528875,0.0120539375,0.7030898125
0.0625,0.0,0.8125,0.042329875,0.0129480625,0.7616366875
0.0625,0.0,0.875,0.041130875,0.013842187499999999,0.8201835625
0.0625,0.0,0.9375,0.039931875,0.014736312500000001,0.8787304375
0.0625,0.0,1.0,0.038732875,0.0156304375,0.9372773125
0.0625,0.0625,0.0,0.063699,0.061605875,0.003953125
0.0625,0.0625,0.0625,0.0625,0.0625,0.0625
0.0625,0.0625,0.125,0.06130100000000001,0.063394125,0.121046875
0.0625,0.0625,0.1875,0.060102,0.06428824999999999,0.17959375
0.0625,0.0625,0.25,0.058903000000000004,0.065182375,0.238140625
0.0625,0.0625,0.3125,0.057704000000000005,0.0660765,0.2966875
0.0625,0.0625,0.375,0.05650500000000001,0.06697062499999999,0.355234375
0.0625,0.0625,0.4375,0.05530600000000001,0.06786475,0.41378125
0.0625,0.0625,0.5,0.054107,0.068758875,0.472328125
0.0625,0.0625,0.5625,0.052908000000000004,0.06965299999999999,0.530875
0.0625,0.0625,0.625,0.051709000000000005,0.070547125,0.589421875
0.0625,0.0625,0.6875,0.050510000000000006,0.07144125,0.64796875
0.0625,0.0625,0.75,0.04931100000000001,0.072335375,0.706515625
0.0625,0.0625,0.8125,0.048112,0.0732295,0.7650625
0.0625,0.0625,0.875,0.04691300000000001,0.074123625,0.823609375
0.0625,0.0625,0.9375,0.045714000000000005,0.07501775,0.88215625
0.0625,0.0625,1.0,0.044515000000000006,0.07591187499999999,0.940703125
0.0625,0.125,0.0,0.069481125,0.1218873125,0.0073789375
0.0625,0.125,0.0625,0.068282125,0.12278143749999999,0.0659258125
0.0625,0.125,0.125,0.06708312500000001,0.1236755625,0.1244726875
0.0625,0.125,0.1875,0.065884125,0.1245696875,0.18301956249999998
0.0625,0.125,0.25,0.06468512500000001,0.1254638125,0.24156643749999998
0.0625,0.125,0.3125,0.063486125,0.1263579375,0.3001133125
0.0625,0.125,0.375,0.062287125000000006,0.12725206249999998,0.3586601875
0.0625,0.125,0.4375,0.06108812500000001,0.1281461875,0.4172070625
0.0625,0.125,0.5,0.059889125,0.1290403125,0.4757539375
0.0625,0.125,0.5625,0.058690125,0.1299344375,0.5343008124999999
0.0625,0.125,0.625,0.057491125000000004,0.1308285625,0.5928476874999999
0.0625,0.125,0.6875,0.056292125000000005,0.1317226875,0.6513945624999999
0.0625,0.125,0.75,0.05509312500000001,0.1326168125,0.7099414374999999
0.0625,0.125,0.8125,0.053894125,0.13351093749999998,0.7684883124999999
0.0625,0.125,0.875,0.05269512500000001,0.1344050625,0.8270351874999999
0.0625,0.125,0.9375,0.051496125000000004,0.1352991875,0.8855820624999999
0.0625,0.125,1.0,0.050297125000000005,0.1361933125,0.9441289374999999
0.0625,0.1875,0.0,0.07526325,0.18216875,0.01080475
0.0625,0.1875,0.0625,0.07406425,0.18306287499999999,0.069351625
0.0625,0.1875,0.125,0.07286525,0.18395699999999998,0.1278985
0.0625,0.1875,0.1875,0.07166625,0.18485112499999998,0.186445375
0.0625,0.1875,0.25,0.07046725000000001,0.18574525,0.24499225
0.0625,0.1875,0.3125,0.06926825,0.186639375,0.30353912499999997
0.0625,0.1875,0.375,0.06806925,0.1875335,0.36208599999999996
0.0625,0.1875,0.4375,0.06687025,0.188427625,0.42063287499999996
0.0625,0.1875,0.5,0.06567125,0.18932174999999998,0.47917974999999996
0.0625,0.1875,0.5625,0.06447225000000001,0.19021587499999998,0.537726625
0.0625,0.1875,0.625,0.06327325,0.19111,0.5962735
0.0625,0.1875,0.6875,0.062074250000000004,0.192004125,0.654820375
0.0625,0.1875,0.75,0.060875250000000006,0.19289825,0.71336725
0.0625,0.1875,0.8125,0.05967625,0.193792375,0.771914125
0.0625,0.1875,0.875,0.05847725000000001,0.19468649999999998,0.830461
0.0625,0.1875,0.9375,0.05727825,0.19558062499999998,0.889007875
0.0625,0.1875,1.0,0.056079250000000004,0.19647474999999998,0.94755475
0.0625,0.25,0.0,0.081045375,0.2424501875,0.0142305625
0.0625,0.25,0.0625,0.079846375,0.2433443125,0.0727774375
0.0625,0.25,0.125,0.078647375,0.2442384375,0.13132431249999998
0.0625,0.25,0.1875,0.077448375,0.24513256249999998,0.18987118749999998
0.0625,0.25,0.25,0.07624937500000001,0.2460266875,0.24841806249999998
0.0625,0.25,0.3125,0.075050375,0.2469208125,0.3069649375
0.0625,0.25,0.375,0.073851375,0.2478149375,0.3655118125
0.0625,0.25,0.4375,0.072652375,0.2487090625,0.4240586875
0.0625,0.25,0.5,0.071453375,0.2496031875,0.4826055625
0.0625,0.25,0.5625,0.07025437500000001,0.2504973125,0.5411524375
0.0625,0.25,0.625,0.069055375,0.2513914375,0.5996993125
0.0625,0.25,0.6875,0.067856375,0.2522855625,0.6582461875
0.0625,0.25,0.75,0.066657375,0.2531796875,0.7167930625
0.0625,0.25,0.8125,0.065458375,0.2540738125,0.7753399375
0.0625,0.25,0.875,0.06425937500000001,0.2549679375,0.8338868125
0.0625,0.25,0.9375,0.063060375,0.2558620625,0.8924336875
0.0625,0.25,1.0,0.061861375,0.2567561875,0.9509805625
0.0625,0.3125,0.0,0.0868275,0.302731625,0.017656375000000002
0.0625,0.3125,0.0625,0.0856285,0.30362575,0.07620325
0.0625,0.3125,0.125,0.0844295,0.304519875,0.134750125
0.0625,0.3125,0.1875,0.0832305,0.305414,0.193297
0.0625,0.3125,0.25,0.08203150000000001,0.306308125,0.251843875
0.0625,0.3125,0.3125,0.0808325,0.30720225,0.31039075
0.0625,0.3125,0.375,0.0796335,0.308096375,0.368937625
0.0625,0.3125,0.4375,0.0784345,0.3089905,0.4274845
0.0625,0.3125,0.5,0.0772355,0.309884625,0.486031375
0.0625,0.3125,0.5625,0.0760365,0.31077875,0.54457825
0.0625,0.3125,0.625,0.0748375,0.311672875,0.603125125
0.0625,0.3125,0.6875,0.0736385,0.312567,0.661672
0.0625,0.3125,0.75,0.0724395,0.313461125,0.720218875
0.0625,0.3125,0.8125,0.0712405,0.31435525,0.77876575
0.0625,0.3125,0.875,0.0700415,0.315249375,0.837312625
0.0625,0.3125,0.9375,0.0688425,0.3161435,0.8958595
0.0625,0.3125,1.0,0.0676435,0.317037625,0.954406375
0.0625,0.375,0.0,0.092609625,0.3630130625,0.021082187500000002
0.0625,0.375,0.0625,0.091410625,0.3639071875,0.0796290625
0.0625,0.375,0.125,0.090211625,0.3648013125,0.1381759375
0.0625,0.375,0.1875,0.089012625,0.3656954375,0.1967228125
0.0625,0.375,0.25,0.087813625,0.36658956249999997,0.2552696875
0.0625,0.375,0.3125,0.086614625,0.3674836875,0.3138165625
0.0625,0.375,0.375,0.085415625,0.36837781249999996,0.3723634375
0.0625,0.375,0.4375,0.084216625,0.3692719375,0.4309103125
0.0625,0.375,0.5,0.083017625,0.3701660625,0.4894571875
0.0625,0.375,0.5625,0.081818625,0.37106018749999997,0.5480040625
0.0625,0.375,0.625,0.080619625,0.3719543125,0.6065509375
0.0625,0.375,0.6875,0.079420625,0.37284843749999996,0.6650978125
0.0625,0.375,0.75,0.078221625,0.3737425625,0.7236446875
0.0625,0.375,0.8125,0.077022625,0.3746366875,0.7821915625
0.0625,0.375,0.875,0.075823625,0.3755308125,0.8407384375
0.0625,0.375,0.9375,0.074624625,0.3764249375,0.8992853125
0.0625,0.375,1.0,0.073425625,0.37731906249999997,0.9578321875
0.0625,0.4375,0.0,0.09839175,0.4232945,0.024508000000000002
0.0625,0.4375,0.0625,0.09719275,0.42418862500000004,0.083054875
0.0625,0.4375,0.125,0.09599375,0.42508275,0.14160175
0.0625,0.4375,0.1875,0.09479475,0.42597687500000003,0.200148625
0.0625,0.4375,0.25,0.09359575,0.426871,0.25869549999999997
0.0625,0.4375,0.3125,0.09239675,0.427765125,0.31724237499999997
0.0625,0.4375,0.375,0.09119775,0.42865925,0.37578924999999996
0.0625,0.4375,0.4375,0.08999875,0.429553375,0.43433612499999996
0.0625,0.4375,0.5,0.08879975,0.43044750000000004,0.49288299999999996
0.0625,0.4375,0.5625,0.08760075,0.431341625,0.551429875
0.0625,0.4375,0.625,0.08640175,0.43223575000000003,0.60997675
0.0625,0.4375,0.6875,0.08520275,0.433129875,0.668523625
0.0625,0.4375,0.75,0.08400375,0.434024,0.7270705
0.0625,0.4375,0.8125,0.08280475,0.43491812500000004,0.785617375
0.0625,0.4375,0.875,0.08160575,0.43581225,0.84416425
0.0625,0.4375,0.9375,0.08040675,0.43670637500000004,0.902711125
0.0625,0.4375,1.0,0.07920775,0.4376005,0.961258
0.0625,0.5,0.0,0.104173875,0.4835759375,0.027933812500000002
0.0625,0.5,0.0625,0.102974875,0.4844700625,0.0864806875
0.0625,0.5,0.125,0.101775875,0.4853641875,0.14502756249999998
0.0625,0.5,0.1875,0.100576875,0.4862583125,0.20357443749999998
0.0625,0.5,0.25,0.099377875,0.4871524375,0.2621213125
0.0625,0.5,0.3125,0.098178875,0.4880465625,0.3206681875
0.0625,0.5,0.375,0.096979875,0.48894068749999997,0.3792150625
0.0625,0.5,0.4375,0.095780875,0.4898348125,0.4377619375
0.0625,0.5,0.5,0.094581875,0.4907289375,0.4963088125
0.0625,0.5,0.5625,0.093382875,0.4916230625,0.5548556875
0.0625,0.5,0.625,0.092183875,0.4925171875,0.6134025625
0.0625,0.5,0.6875,0.09098487499999999,0.4934113125,0.6719494375
0.0625,0.5,0.75,0.089785875,0.4943054375,0.7304963125
0.0625,0.5,0.8125,0.088586875,0.49519956249999997,0.7890431875
0.0625,0.5,0.875,0.087387875,0.4960936875,0.8475900625
0.0625,0.5,0.9375,0.086188875,0.4969878125,0.9061369375
0.0625,0.5,1.0,0.08498987499999999,0.4978819375,0.9646838125
0.0625,0.5625,0.0,0.109956,0.543857375,0.031359625
0.0625,0.5625,0.0625,0.10875699999999999,0.5447514999999999,0.0899065
0.0625,0.5625,0.125,0.107558,0.545645625,0.148453375
0.0625,0.5625,0.1875,0.106359,0.54653975,0.20700025
0.0625,0.5625,0.25,0.10516,0.547433875,0.265547125
0.0625,0.5625,0.3125,0.103961,0.5483279999999999,0.324094
0.0625,0.5625,0.375,0.10276199999999999,0.549222125,0.382640875
0.0625,0.5625,0.4375,0.101563,0.55011625,0.44118775
0.0625,0.5625,0.5,0.100364,0.5510103749999999,0.499734625
0.0625,0.5625,0.5625,0.099165,0.5519045,0.5582815
0.0625,0.5625,0.625,0.097966,0.552798625,0.616828375
0.0625,0.5625,0.6875,0.09676699999999999,0.55369275,0.67537525
0.0625,0.5625,0.75,0.095568,0.5545868749999999,0.733922125
0.0625,0.5625,0.8125,0.094369,0.555481,0.792469
0.0625,0.5625,0.875,0.09317,0.556375125,0.851015875
0.0625,0.5625,0.9375,0.091971,0.5572692499999999,0.90956275
0.0625,0.5625,1.0,0.09077199999999999,0.558163375,0.968109625
0.0625,0.625,0.0,0.115738125,0.6041388125,0.0347854375
0.0625,0.625,0.0625,0.11453912499999999,0.6050329375,0.0933323125
0.0625,0.625,0.125,0.113340125,0.6059270625000001,0.1518791875
0.0625,0.625,0.1875,0.112141125,0.6068211875,0.2104260625
0.0625,0.625,0.25,0.110942125,0.6077153125,0.2689729375
0.0625,0.625,0.3125,0.109743125,0.6086094375,0.3275198125
0.0625,0.625,0.375,0.10854412499999999,0.6095035625,0.3860666875
0.0625,0.625,0.4375,0.107345125,0.6103976875,0.4446135625
0.0625,0.625,0.5,0.106146125,0.6112918125,0.5031604375
0.0625,0.625,0.5625,0.104947125,0.6121859375,0.5617073125
0.0625,0.625,0.625,0.103748125,0.6130800625,0.6202541874999999
0.0625,0.625,0.6875,0.10254912499999999,0.6139741875,0.6788010624999999
0.0625,0.625,0.75,0.101350125,0.6148683125,0.7373479374999999
0.0625,0.625,0.8125,0.100151125,0.6157624375,0.7958948124999999
0.0625,0.625,0.875,0.098952125,0.6166565625,0.8544416874999999
0.0625,0.625,0.9375,0.097753125,0.6175506875,0.9129885624999999
0.0625,0.625,1.0,0.09655412499999999,0.6184448125,0.9715354374999999
0.0625,0.6875,0.0,0.12152025,0.66442025,0.03821125
0.0625,0.6875,0.0625,0.12032124999999999,0.665314375,0.096758125
0.0625,0.6875,0.125,0.11912225,0.6662085000000001,0.155305
0.0625,0.6875,0.1875,0.11792325,0.6671026250000001,0.213851875
0.0625,0.6875,0.25,0.11672425,0.66799675,0.27239875
0.0625,0.6875,0.3125,0.11552525,0.668890875,0.330945625
0.0625,0.6875,0.375,0.11432624999999999,0.6697850000000001,0.3894925
0.0625,0.6875,0.4375,0.11312725,0.670679125,0.448039375
0.0625,0.6875,0.5,0.11192824999999999,0.67157325,0.50658625
0.0625,0.6875,0.5625,0.11072925,0.6724673750000001,0.565133125
0.0625,0.6875,0.625,0.10953025,0.6733615000000001,0.62368
0.0625,0.6875,0.6875,0.10833124999999999,0.674255625,0.682226875
0.0625,0.6875,0.75,0.10713225,0.67514975,0.74077375
0.0625,0.6875,0.8125,0.10593324999999999,0.6760438750000001,0.799320625
0.0625,0.6875,0.875,0.10473425,0.676938,0.8578675
0.0625,0.6875,0.9375,0.10353525,0.677832125,0.916414375
0.0625,0.6875,1.0,0.10233624999999999,0.6787262500000001,0.97496125
0.0625,0.75,0.0,0.127302375,0.7247016875,0.0416370625
0.0625,0.75,0.0625,0.126103375,0.7255958124999999,0.1001839375
0.0625,0.75,0.125,0.124904375,0.7264899375,0.15873081249999998
0.0625,0.75,0.1875,0.12370537499999999,0.7273840625,0.21727768749999998
0.0625,0.75,0.25,0.122506375,0.7282781875,0.2758245625
0.0625,0.75,0.3125,0.121307375,0.7291723124999999,0.3343714375
0.0625,0.75,0.375,0.12010837499999999,0.7300664375,0.3929183125
0.0625,0.75,0.4375,0.118909375,0.7309605625,0.4514651875
0.0625,0.75,0.5,0.11771037499999999,0.7318546874999999,0.5100120625
0.0625,0.75,0.5625,0.116511375,0.7327488125,0.5685589375
0.0625,0.75,0.625,0.115312375,0.7336429375,0.6271058125
0.0625,0.75,0.6875,0.11411337499999999,0.7345370625,0.6856526875
0.0625,0.75,0.75,0.112914375,0.7354311874999999,0.7441995625
0.0625,0.75,0.8125,0.11171537499999999,0.7363253125,0.8027464375
0.0625,0.75,0.875,0.110516375,0.7372194375,0.8612933125
0.0625,0.75,0.9375,0.109317375,0.7381135624999999,0.9198401875
0.0625,0.75,1.0,0.10811837499999999,0.7390076875,0.9783870625
0.0625,0.8125,0.0,0.1330845,0.784983125,0.045062875
0.0625,0.8125,0.0625,0.1318855,0.78587725,0.10360975
0.0625,0.8125,0.125,0.13068649999999998,0.786771375,0.162156625
0.0625,0.8125,0.1875,0.1294875,0.7876655,0.2207035
0.0625,0.8125,0.25,0.1282885,0.788559625,0.279250375
0.0625,0.8125,0.3125,0.1270895,0.78945375,0.33779725
0.0625,0.8125,0.375,0.1258905,0.790347875,0.396344125
0.0625,0.8125,0.4375,0.1246915,0.791242,0.454891
0.0625,0.8125,0.5,0.12349249999999999,0.792136125,0.5134378749999999
0.0625,0.8125,0.5625,0.1222935,0.79303025,0.5719847499999999
0.0625,0.8125,0.625,0.1210945,0.793924375,0.6305316249999999
0.0625,0.8125,0.6875,0.11989549999999999,0.7948185,0.6890784999999999
0.0625,0.8125,0.75,0.1186965,0.795712625,0.7476253749999999
0.0625,0.8125,0.8125,0.11749749999999999,0.79660675,0.8061722499999999
0.0625,0.8125,0.875,0.1162985,0.797500875,0.8647191249999999
0.0625,0.8125,0.9375,0.1150995,0.798395,0.9232659999999999
0.0625,0.8125,1.0,0.11390049999999999,0.799289125,0.9818128749999999
0.0625,0.875,0.0,0.138866625,0.8452645625,0.0484886875
0.0625,0.875,0.0625,0.137667625,0.8461586875,0.1070355625
0.0625,0.875,0.125,0.13646862499999998,0.8470528125000001,0.1655824375
0.0625,0.875,0.1875,0.135269625,0.8479469375,0.2241293125
0.0625,0.875,0.25,0.134070625,0.8488410625,0.2826761875
0.0625,0.875,0.3125,0.132871625,0.8497351875,0.3412230625
0.0625,0.875,0.375,0.131672625,0.8506293125000001,0.3997699375
0.0625,0.875,0.4375,0.13047362499999998,0.8515234375,0.4583168125
0.0625,0.875,0.5,0.129274625,0.8524175625,0.5168636875
0.0625,0.875,0.5625,0.128075625,0.8533116875000001,0.5754105625
0.0625,0.875,0.625,0.126876625,0.8542058125,0.6339574375
0.0625,0.875,0.6875,0.125677625,0.8550999375,0.6925043125
0.0625,0.875,0.75,0.124478625,0.8559940625,0.7510511875
0.0625,0.875,0.8125,0.12327962499999999,0.8568881875000001,0.8095980625
0.0625,0.875,0.875,0.122080625,0.8577823125,0.8681449375
0.0625,0.875,0.9375,0.12088162499999999,0.8586764375,0.9266918125
0.0625,0.875,1.0,0.11968262499999999,0.8595705625000001,0.9852386875
0.0625,0.9375,0.0,0.14464875,0.905546,0.0519145
0.0625,0.9375,0.0625,0.14344975,0.9064401249999999,0.110461375
0.0625,0.9375,0.125,0.14225074999999998,0.90733425,0.16900825
0.0625,0.9375,0.1875,0.14105175,0.908228375,0.227555125
0.0625,0.9375,0.25,0.13985275,0.9091225,0.28610199999999997
0.0625,0.9375,0.3125,0.13865375,0.9100166249999999,0.34464887499999997
0.0625,0.9375,0.375,0.13745475,0.91091075,0.40319574999999996
0.0625,0.9375,0.4375,0.13625574999999998,0.911804875,0.46174262499999996
0.0625,0.9375,0.5,0.13505675,0.9126989999999999,0.5202895
0.0625,0.9375,0.5625,0.13385775,0.913593125,0.578836375
0.0625,0.9375,0.625,0.13265875,0.91448725,0.63738325
0.0625,0.9375,0.6875,0.13145975,0.9153813749999999,0.695930125
0.0625,0.9375,0.75,0.13026074999999998,0.9162754999999999,0.754477
0.0625,0.9375,0.8125,0.12906175,0.917169625,0.813023875
0.0625,0.9375,0.875,0.12786275,0.91806375,0.87157075
0.0625,0.9375,0.9375,0.12666375,0.9189578749999999,0.930117625
0.0625,0.9375,1.0,0.12546474999999999,0.919852,0.9886645
0.0625,1.0,0.0,0.150430875,0.9658274375,0.0553403125
0.0625,1.0,0.0625,0.14923187499999999,0.9667215625,0.1138871875
0.0625,1.0,0.125,0.14803287499999998,0.9676156875,0.17243406249999998
0.0625,1.0,0.1875,0.146833875,0.9685098125,0.23098093749999998
0.0625,1.0,0.25,0.145634875,0.9694039375,0.2895278125
0.0625,1.0,0.3125,0.144435875,0.9702980625,0.3480746875
0.0625,1.0,0.375,0.14323687499999999,0.9711921875,0.4066215625
0.0625,1.0,0.4375,0.14203787499999998,0.9720863125,0.4651684375
0.0625,1.0,0.5,0.140838875,0.9729804375,0.5237153125
0.0625,1.0,0.5625,0.139639875,0.9738745625,0.5822621875
0.0625,1.0,0.625,0.138440875,0.9747686875,0.6408090625
0.0625,1.0,0.6875,0.13724187499999999,0.9756628125,0.6993559375
0.0625,1.0,0.75,0.13604287499999998,0.9765569374999999,0.7579028125
0.0625,1.0,0.8125,0.134843875,0.9774510625,0.8164496875
0.0625,1.0,0.875,0.133644875,0.9783451875,0.8749965625
0.0625,1.0,0.9375,0.132445875,0.9792393125,0.9335434375
0.0625,1.0,1.0,0.13124687499999999,0.9801334375,0.9920903125
0.125,0.0,0.0,0.11583375,0.002648875,0.001054625
0.125,0.0,0.0625,0.11463475,0.003543,0.0596015
0.125,0.0,0.125,0.11343575,0.004437125,0.118148375
0.125,0.0,0.1875,0.11223675,0.00533125,0.17669525
0.125,0.0,0.25,0.11103775,0.006225375,0.235242125
0.125,0.0,0.3125,0.10983875,0.0071195,0.29378899999999997
0.125,0.0,0.375,0.10863975,0.008013625,0.35233587499999997
0.125,0.0,0.4375,0.10744075,0.008907749999999999,0.41088274999999996
0.125,0.0,0.5,0.10624175,0.009801875,0.46942962499999996
0.125,0.0,0.5625,0.10504275,0.010695999999999999,0.5279765
0.125,0.0,0.625,0.10384375,0.011590125,0.586523375
0.125,0.0,0.6875,0.10264475,0.01248425,0.64507025
0.125,0.0,0.75,0.10144575,0.013378375,0.703617125
0.125,0.0,0.8125,0.10024675,0.014272499999999999,0.762164
0.125,0.0,0.875,0.09904775,0.015166625,0.820710875
0.125,0.0,0.9375,0.09784875,0.01606075,0.87925775
0.125,0.0,1.0,0.09664975,0.016954875,0.937804625
0.125,0.0625,0.0,0.121615875,0.0629303125,0.0044804375
0.125,0.0625,0.0625,0.12041687499999999,0.0638244375,0.0630273125
0.125,0.0625,0.125,0.119217875,0.06471856250000001,0.1215741875
0.125,0.0625,0.1875,0.118018875,0.0656126875,0.18012106249999998
0.125,0.0625,0.25,0.116819875,0.0665068125,0.23866793749999998
0.125,0.0625,0.3125,0.115620875,0.06740093750000001,0.2972148125
0.125,0.0625,0.375,0.11442187499999999,0.0682950625,0.3557616875
0.125,0.0625,0.4375,0.113222875,0.0691891875,0.4143085625
0.125,0.0625,0.5,0.112023875,0.0700833125,0.4728554375
0.125,0.0625,0.5625,0.110824875,0.0709774375,0.5314023125
0.125,0.0625,0.625,0.109625875,0.0718715625,0.5899491875
0.125,0.0625,0.6875,0.108426875,0.07276568750000001,0.6484960625
0.125,0.0625,0.75,0.107227875,0.0736598125,0.7070429375
0.125,0.0625,0.8125,0.106028875,0.0745539375,0.7655898125
0.125,0.0625,0.875,0.104829875,0.0754480625,0.8241366875
0.125,0.0625,0.9375,0.103630875,0.0763421875,0.8826835625
0.125,0.0625,1.0,0.102431875,0.0772363125,0.9412304375
0.125,0.125,0.0,0.127398,0.12321175,0.00790625
0.125,0.125,0.0625,0.126199,0.12410587499999999,0.066453125
0.125,0.125,0.125,0.125,0.125,0.125
0.125,0.125,0.1875,0.12380100000000001,0.125894125,0.183546875
0.125,0.125,0.25,0.12260200000000002,0.12678825,0.24209375
0.125,0.125,0.3125,0.12140300000000001,0.127682375,0.300640625
0.125,0.125,0.375,0.120204,0.12857649999999998,0.3591875
0.125,0.125,0.4375,0.11900500000000001,0.129470625,0.417734375
0.125,0.125,0.5,0.11780600000000001,0.13036475,0.47628125
0.125,0.125,0.5625,0.11660700000000002,0.131258875,0.534828125
0.125,0.125,0.625,0.11540800000000001,0.132153,0.593375
0.125,0.125,0.6875,0.114209,0.133047125,0.651921875
0.125,0.125,0.75,0.11301000000000001,0.13394124999999998,0.71046875
0.125,0.125,0.8125,0.11181100000000001,0.13483537499999998,0.769015625
0.125,0.125,0.875,0.11061200000000002,0.1357295,0.8275625
0.125,0.125,0.9375,0.10941300000000001,0.136623625,0.886109375
0.125,0.125,1.0,0.108214,0.13751775,0.94465625
0.125,0.1875,0.0,0.133180125,0.1834931875,0.0113320625
0.125,0.1875,0.0625,0.131981125,0.18438731249999998,0.0698789375
0.125,0.1875,0.125,0.130782125,0.18528143749999998,0.1284258125
0.125,0.1875,0.1875,0.12958312500000002,0.18617556249999997,0.18697268749999998
0.125,0.1875,0.25,0.12838412500000002,0.1870696875,0.24551956249999998
0.125,0.1875,0.3125,0.127185125,0.1879638125,0.3040664375
0.125,0.1875,0.375,0.125986125,0.1888579375,0.3626133125
0.125,0.1875,0.4375,0.12478712500000001,0.18975206249999998,0.4211601875
0.125,0.1875,0.5,0.12358812500000001,0.19064618749999998,0.4797070625
0.125,0.1875,0.5625,0.12238912500000002,0.19154031249999998,0.5382539375
0.125,0.1875,0.625,0.12119012500000001,0.1924344375,0.5968008124999999
0.125,0.1875,0.6875,0.119991125,0.1933285625,0.6553476874999999
0.125,0.1875,0.75,0.11879212500000001,0.1942226875,0.7138945624999999
0.125,0.1875,0.8125,0.117593125,0.1951168125,0.7724414374999999
0.125,0.1875,0.875,0.11639412500000001,0.19601093749999998,0.8309883124999999
0.125,0.1875,0.9375,0.11519512500000001,0.19690506249999998,0.8895351874999999
0.125,0.1875,1.0,0.113996125,0.19779918749999997,0.9480820624999999
0.125,0.25,0.0,0.13896225,0.243774625,0.014757875
0.125,0.25,0.0625,0.13776325,0.24466875,0.07330475
0.125,0.25,0.125,0.13656425,0.24556287499999999,0.131851625
0.125,0.25,0.1875,0.13536525000000002,0.24645699999999998,0.1903985
0.125,0.25,0.25,0.13416625000000001,0.247351125,0.248945375
0.125,0.25,0.3125,0.13296725,0.24824525,0.30749224999999997
0.125,0.25,0.375,0.13176825,0.249139375,0.36603912499999997
0.125,0.25,0.4375,0.13056925,0.2500335,0.42458599999999996
0.125,0.25,0.5,0.12937025000000002,0.250927625,0.48313287499999996
0.125,0.25,0.5625,0.12817125000000001,0.25182175,0.54167975
0.125,0.25,0.625,0.12697225,0.252715875,0.600226625
0.125,0.25,0.6875,0.12577325,0.25361,0.6587735
0.125,0.25,0.75,0.12457425000000001,0.25450412499999997,0.717320375
0.125,0.25,0.8125,0.12337525,0.25539825,0.77586725
0.125,0.25,0.875,0.12217625000000001,0.256292375,0.834414125
0.125,0.25,0.9375,0.12097725000000001,0.2571865,0.892961
0.125,0.25,1.0,0.11977825,0.258080625,0.951507875
0.125,0.3125,0.0,0.144744375,0.3040560625,0.0181836875
0.125,0.3125,0.0625,0.143545375,0.3049501875,0.0767305625
0.125,0.3125,0.125,0.142346375,0.3058443125,0.1352774375
0.125,0.3125,0.1875,0.14114737500000002,0.3067384375,0.19382431249999998
0.125,0.3125,0.25,0.139948375,0.3076325625,0.2523711875
0.125,0.3125,0.3125,0.138749375,0.3085266875,0.3109180625
0.125,0.3125,0.375,0.137550375,0.3094208125,0.3694649375
0.125,0.3125,0.4375,0.136351375,0.3103149375,0.4280118125
0.125,0.3125,0.5,0.13515237500000002,0.3112090625,0.4865586875
0.125,0.3125,0.5625,0.133953375,0.3121031875,0.5451055625
0.125,0.3125,0.625,0.132754375,0.3129973125,0.6036524375
0.125,0.3125,0.6875,0.131555375,0.3138914375,0.6621993125
0.125,0.3125,0.75,0.130356375,0.3147855625,0.7207461875
0.125,0.3125,0.8125,0.12915737500000002,0.3156796875,0.7792930625
0.125,0.3125,0.875,0.127958375,0.3165738125,0.8378399375
0.125,0.3125,0.9375,0.126759375,0.3174679375,0.8963868125
0.125,0.3125,1.0,0.125560375,0.3183620625,0.9549336875
0.125,0.375,0.0,0.1505265,0.3643375,0.0216095
0.125,0.375,0.0625,0.1493275,0.365231625,0.080156375
0.125,0.375,0.125,0.1481285,0.36612574999999997,0.13870325
0.125,0.375,0.1875,0.14692950000000002,0.367019875,0.197250125
0.125,0.375,0.25,0.1457305,0.36791399999999996,0.255797
0.125,0.375,0.3125,0.1445315,0.368808125,0.314343875
0.125,0.375,0.375,0.1433325,0.36970224999999995,0.37289075
0.125,0.375,0.4375,0.1421335,0.370596375,0.431437625
0.125,0.375,0.5,0.14093450000000002,0.3714905,0.4899845
0.125,0.375,0.5625,0.1397355,0.37238462499999997,0.5485313749999999
0.125,0.375,0.625,0.1385365,0.37327875,0.6070782499999999
0.125,0.375,0.6875,0.1373375,0.37417287499999996,0.6656251249999999
0.125,0.375,0.75,0.1361385,0.375067,0.7241719999999999
0.125,0.375,0.8125,0.13493950000000002,0.375961125,0.7827188749999999
0.125,0.375,0.875,0.1337405,0.37685525,0.8412657499999999
0.125,0.375,0.9375,0.1325415,0.377749375,0.8998126249999999
0.125,0.375,1.0,0.1313425,0.37864349999999997,0.9583594999999999
0.125,0.4375,0.0,0.156308625,0.4246189375,0.0250353125
0.125,0.4375,0.0625,0.155109625,0.42551306250000004,0.0835821875
0.125,0.4375,0.125,0.153910625,0.4264071875,0.1421290625
0.125,0.4375,0.1875,0.15271162500000002,0.42730131250000003,0.20067593749999998
0.125,0.4375,0.25,0.151512625,0.4281954375,0.2592228125
0.125,0.4375,0.3125,0.150313625,0.4290895625,0.3177696875
0.125,0.4375,0.375,0.149114625,0.4299836875,0.3763165625
0.125,0.4375,0.4375,0.147915625,0.4308778125,0.4348634375
0.125,0.4375,0.5,0.14671662500000002,0.43177193750000004,0.4934103125
0.125,0.4375,0.5625,0.145517625,0.4326660625,0.5519571875
0.125,0.4375,0.625,0.144318625,0.4335601875,0.6105040625
0.125,0.4375,0.6875,0.143119625,0.4344543125,0.6690509375
0.125,0.4375,0.75,0.141920625,0.4353484375,0.7275978125
0.125,0.4375,0.8125,0.14072162500000002,0.43624256250000004,0.7861446875
0.125,0.4375,0.875,0.139522625,0.4371366875,0.8446915625
0.125,0.4375,0.9375,0.138323625,0.43803081250000003,0.9032384375
0.125,0.4375,1.0,0.137124625,0.4389249375,0.9617853125
0.125,0.5,0.0,0.16209075,0.484900375,0.028461125
0.125,0.5,0.0625,0.16089175,0.4857945,0.087008
0.125,0.5,0.125,0.15969275,0.486688625,0.145554875
0.125,0.5,0.1875,0.15849375000000002,0.48758275,0.20410175
0.125,0.5,0.25,0.15729475,0.488476875,0.26264862499999997
0.125,0.5,0.3125,0.15609575,0.489371,0.32119549999999997
0.125,0.5,0.375,0.15489675,0.49026512499999997,0.37974237499999997
0.125,0.5,0.4375,0.15369775,0.49115925,0.43828924999999996
0.125,0.5,0.5,0.15249875000000002,0.492053375,0.49683612499999996
0.125,0.5,0.5625,0.15129975,0.4929475,0.555383
0.125,0.5,0.625,0.15010075,0.493841625,0.613929875
0.125,0.5,0.6875,0.14890175,0.49473575,0.67247675
0.125,0.5,0.75,0.14770275,0.495629875,0.731023625
0.125,0.5,0.8125,0.14650375000000002,0.49652399999999997,0.7895705
0.125,0.5,0.875,0.14530475,0.497418125,0.848117375
0.125,0.5,0.9375,0.14410575,0.49831225,0.90666425
0.125,0.5,1.0,0.14290675,0.499206375,0.965211125
0.125,0.5625,0.0,0.167872875,0.5451818125,0.031886937500000004
0.125,0.5625,0.0625,0.166673875,0.5460759374999999,0.0904338125
0.125,0.5625,0.125,0.165474875,0.5469700625,0.1489806875
0.125,0.5625,0.1875,0.16427587500000002,0.5478641875,0.20752756249999998
0.125,0.5625,0.25,0.163076875,0.5487583125,0.2660744375
0.125,0.5625,0.3125,0.161877875,0.5496524374999999,0.3246213125
0.125,0.5625,0.375,0.160678875,0.5505465625,0.3831681875
0.125,0.5625,0.4375,0.159479875,0.5514406875,0.4417150625
0.125,0.5625,0.5,0.15828087500000002,0.5523348124999999,0.5002619375
0.125,0.5625,0.5625,0.157081875,0.5532289375,0.5588088125
0.125,0.5625,0.625,0.155882875,0.5541230625,0.6173556875
0.125,0.5625,0.6875,0.154683875,0.5550171875,0.6759025625
0.125,0.5625,0.75,0.153484875,0.5559113124999999,0.7344494375
0.125,0.5625,0.8125,0.15228587500000001,0.5568054375,0.7929963125
0.125,0.5625,0.875,0.151086875,0.5576995625,0.8515431875
0.125,0.5625,0.9375,0.149887875,0.5585936874999999,0.9100900625
0.125,0.5625,1.0,0.148688875,0.5594878125,0.9686369375
0.125,0.625,0.0,0.173655,0.60546325,0.035312750000000004
0.125,0.625,0.0625,0.172456,0.606357375,0.093859625
0.125,0.625,0.125,0.171257,0.6072515,0.1524065
0.125,0.625,0.1875,0.17005800000000001,0.608145625,0.210953375
0.125,0.625,0.25,0.168859,0.60903975,0.26950025
0.125,0.625,0.3125,0.16766,0.609933875,0.328047125
0.125,0.625,0.375,0.166461,0.610828,0.386594
0.125,0.625,0.4375,0.165262,0.611722125,0.445140875
0.125,0.625,0.5,0.16406300000000001,0.61261625,0.50368775
0.125,0.625,0.5625,0.162864,0.613510375,0.562234625
0.125,0.625,0.625,0.161665,0.6144045,0.6207815
0.125,0.625,0.6875,0.160466,0.615298625,0.679328375
0.125,0.625,0.75,0.159267,0.61619275,0.73787525
0.125,0.625,0.8125,0.15806800000000001,0.617086875,0.796422125
0.125,0.625,0.875,0.156869,0.617981,0.854969
0.125,0.625,0.9375,0.15567,0.618875125,0.913515875
0.125,0.625,1.0,0.154471,0.61976925,0.97206275
0.125,0.6875,0.0,0.179437125,0.6657446875,0.038738562500000004
0.125,0.6875,0.0625,0.178238125,0.6666388125,0.0972854375
0.125,0.6875,0.125,0.177039125,0.6675329375000001,0.15583231250000001
0.125,0.6875,0.1875,0.175840125,0.6684270625000001,0.2143791875
0.125,0.6875,0.25,0.174641125,0.6693211875,0.2729260625
0.125,0.6875,0.3125,0.173442125,0.6702153125,0.3314729375
0.125,0.6875,0.375,0.172243125,0.6711094375000001,0.3900198125
0.125,0.6875,0.4375,0.171044125,0.6720035625,0.4485666875
0.125,0.6875,0.5,0.169845125,0.6728976875,0.5071135625
0.125,0.6875,0.5625,0.168646125,0.6737918125000001,0.5656604375
0.125,0.6875,0.625,0.167447125,0.6746859375,0.6242073125
0.125,0.6875,0.6875,0.166248125,0.6755800625,0.6827541874999999
0.125,0.6875,0.75,0.165049125,0.6764741875,0.7413010624999999
0.125,0.6875,0.8125,0.163850125,0.6773683125000001,0.7998479374999999
0.125,0.6875,0.875,0.162651125,0.6782624375,0.8583948124999999
0.125,0.6875,0.9375,0.161452125,0.6791565625,0.9169416874999999
0.125,0.6875,1.0,0.160253125,0.6800506875000001,0.9754885624999999
0.125,0.75,0.0,0.18521925,0.726026125,0.042164375000000004
0.125,0.75,0.0625,0.18402025,0.7269202499999999,0.10071125
0.125,0.75,0.125,0.18282125,0.727814375,0.159258125
0.125,0.75,0.1875,0.18162225,0.7287085,0.217805
0.125,0.75,0.25,0.18042325,0.729602625,0.276351875
0.125,0.75,0.3125,0.17922425,0.7304967499999999,0.33489875
0.125,0.75,0.375,0.17802525,0.731390875,0.393445625
0.125,0.75,0.4375,0.17682625,0.732285,0.4519925
0.125,0.75,0.5,0.17562725,0.7331791249999999,0.510539375
0.125,0.75,0.5625,0.17442825,0.73407325,0.56908625
0.125,0.75,0.625,0.17322925,0.734967375,0.627633125
0.125,0.75,0.6875,0.17203025,0.7358615,0.68618
0.125,0.75,0.75,0.17083125,0.7367556249999999,0.744726875
0.125,0.75,0.8125,0.16963225,0.73764975,0.80327375
0.125,0.75,0.875,0.16843325,0.738543875,0.861820625
0.125,0.75,0.9375,0.16723425,0.7394379999999999,0.9203675
0.125,0.75,1.0,0.16603525,0.740332125,0.978914375
0.125,0.8125,0.0,0.191001375,0.7863075625,0.045590187500000004
0.125,0.8125,0.0625,0.189802375,0.7872016875,0.1041370625
0.125,0.8125,0.125,0.188603375,0.7880958125,0.1626839375
0.125,0.8125,0.1875,0.187404375,0.7889899375,0.22123081249999998
0.125,0.8125,0.25,0.186205375,0.7898840625,0.2797776875
0.125,0.8125,0.3125,0.185006375,0.7907781875,0.3383245625
0.125,0.8125,0.375,0.183807375,0.7916723125,0.3968714375
0.125,0.8125,0.4375,0.182608375,0.7925664375,0.4554183125
0.125,0.8125,0.5,0.181409375,0.7934605625,0.5139651875
0.125,0.8125,0.5625,0.180210375,0.7943546875,0.5725120625
0.125,0.8125,0.625,0.179011375,0.7952488125,0.6310589375
0.125,0.8125,0.6875,0.177812375,0.7961429375,0.6896058125
0.125,0.8125,0.75,0.176613375,0.7970370625,0.7481526875
0.125,0.8125,0.8125,0.175414375,0.7979311875,0.8066995625
0.125,0.8125,0.875,0.174215375,0.7988253125,0.8652464375
0.125,0.8125,0.9375,0.173016375,0.7997194375,0.9237933125
0.125,0.8125,1.0,0.171817375,0.8006135625,0.9823401875
0.125,0.875,0.0,0.1967835,0.846589,0.049016000000000004
0.125,0.875,0.0625,0.1955845,0.847483125,0.107562875
0.125,0.875,0.125,0.1943855,0.8483772500000001,0.16610975
0.125,0.875,0.1875,0.1931865,0.849271375,0.224656625
0.125,0.875,0.25,0.1919875,0.8501655,0.2832035
0.125,0.875,0.3125,0.1907885,0.851059625,0.341750375
0.125,0.875,0.375,0.1895895,0.8519537500000001,0.40029725
0.125,0.875,0.4375,0.1883905,0.852847875,0.458844125
0.125,0.875,0.5,0.1871915,0.853742,0.5173909999999999
0.125,0.875,0.5625,0.1859925,0.8546361250000001,0.5759378749999999
0.125,0.875,0.625,0.1847935,0.85553025,0.6344847499999999
0.125,0.875,0.6875,0.1835945,0.856424375,0.6930316249999999
0.125,0.875,0.75,0.1823955,0.8573185,0.7515784999999999
0.125,0.875,0.8125,0.1811965,0.8582126250000001,0.8101253749999999
0.125,0.875,0.875,0.1799975,0.85910675,0.8686722499999999
0.125,0.875,0.9375,0.1787985,0.860000875,0.9272191249999999
0.125,0.875,1.0,0.1775995,0.8608950000000001,0.9857659999999999
0.125,0.9375,0.0,0.202565625,0.9068704375,0.052441812500000004
0.125,0.9375,0.0625,0.201366625,0.9077645624999999,0.1109886875
0.125,0.9375,0.125,0.200167625,0.9086586875,0.16953556250000001
0.125,0.9375,0.1875,0.198968625,0.9095528125,0.2280824375
0.125,0.9375,0.25,0.197769625,0.9104469374999999,0.2866293125
0.125,0.9375,0.3125,0.196570625,0.9113410624999999,0.3451761875
0.125,0.9375,0.375,0.195371625,0.9122351875,0.4037230625
0.125,0.9375,0.4375,0.194172625,0.9131293125,0.4622699375
0.125,0.9375,0.5,0.192973625,0.9140234374999999,0.5208168125
0.125,0.9375,0.5625,0.191774625,0.9149175625,0.5793636875
0.125,0.9375,0.625,0.190575625,0.9158116875,0.6379105625
0.125,0.9375,0.6875,0.189376625,0.9167058124999999,0.6964574375
0.125,0.9375,0.75,0.188177625,0.9175999374999999,0.7550043125
0.125,0.9375,0.8125,0.186978625,0.9184940625,0.8135511875
0.125,0.9375,0.875,0.185779625,0.9193881875,0.8720980625
0.125,0.9375,0.9375,0.184580625,0.9202823124999999,0.9306449375
0.125,0.9375,1.0,0.183381625,0.9211764375,0.9891918125
0.125,1.0,0.0,0.20834775,0.967151875,0.055867625000000004
0.125,1.0,0.0625,0.20714875,0.968046,0.1144145
0.125,1.0,0.125,0.20594975,0.968940125,0.172961375
0.125,1.0,0.1875,0.20475075,0.96983425,0.23150825
0.125,1.0,0.25,0.20355175,0.970728375,0.29005512499999997
0.125,1.0,0.3125,0.20235275,0.9716225,0.34860199999999997
0.125,1.0,0.375,0.20115375,0.972516625,0.40714887499999997
0.125,1.0,0.4375,0.19995475,0.97341075,0.46569574999999996
0.125,1.0,0.5,0.19875575,0.974304875,0.524242625
0.125,1.0,0.5625,0.19755675,0.975199,0.5827895
0.125,1.0,0.625,0.19635775,0.976093125,0.641336375
0.125,1.0,0.6875,0.19515875,0.97698725,0.69988325
0.125,1.0,0.75,0.19395975,0.9778813749999999,0.758430125
0.125,1.0,0.8125,0.19276075,0.9787755,0.816977
0.125,1.0,0.875,0.19156175,0.979669625,0.875523875
0.125,1.0,0.9375,0.19036275,0.98056375,0.93407075
0.125,1.0,1.0,0.18916375,0.981457875,0.992617625
0.1875,0.0,0.0,0.173750625,0.0039733125,0.0015819375
0.1875,0.0,0.0625,0.172551625,0.0048674375,0.060128812499999996
0.1875,0.0,0.125,0.17135262499999998,0.0057615625,0.1186756875
0.1875,0.0,0.1875,0.170153625,0.0066556875,0.17722256249999999
0.1875,0.0,0.25,0.168954625,0.0075498125,0.23576943749999998
0.1875,0.0,0.3125,0.167755625,0.0084439375,0.2943163125
0.1875,0.0,0.375,0.16655662499999999,0.009338062500000001,0.3528631875
0.1875,0.0,0.4375,0.16535762499999998,0.0102321875,0.4114100625
0.1875,0.0,0.5,0.164158625,0.011126312499999999,0.4699569375
0.1875,0.0,0.5625,0.162959625,0.012020437499999998,0.5285038125
0.1875,0.0,0.625,0.161760625,0.0129145625,0.5870506875
0.1875,0.0,0.6875,0.16056162499999999,0.0138086875,0.6455975625
0.1875,0.0,0.75,0.15936262499999998,0.014702812499999999,0.7041444375
0.1875,0.0,0.8125,0.158163625,0.015596937499999998,0.7626913125
0.1875,0.0,0.875,0.156964625,0.0164910625,0.8212381875
0.1875,0.0,0.9375,0.155765625,0.0173851875,0.8797850625
0.1875,0.0,1.0,0.15456662499999999,0.0182793125,0.9383319375
0.1875,0.0625,0.0,0.17953275,0.06425475,0.00500775
0.1875,0.0625,0.0625,0.17833374999999999,0.065148875,0.063554625
0.1875,0.0625,0.125,0.17713474999999998,0.066043,0.1221015
0.1875,0.0625,0.1875,0.17593575,0.066937125,0.180648375
0.1875,0.0625,0.25,0.17473675,0.06783125,0.23919525
0.1875,0.0625,0.3125,0.17353775,0.068725375,0.29774212499999997
0.1875,0.0625,0.375,0.17233874999999999,0.0696195,0.35628899999999997
0.1875,0.0625,0.4375,0.17113974999999998,0.070513625,0.41483587499999997
0.1875,0.0625,0.5,0.16994075,0.07140774999999999,0.47338274999999996
0.1875,0.0625,0.5625,0.16874175,0.072301875,0.531929625
0.1875,0.0625,0.625,0.16754275,0.073196,0.5904765
0.1875,0.0625,0.6875,0.16634374999999998,0.074090125,0.649023375
0.1875,0.0625,0.75,0.16514474999999998,0.07498425,0.70757025
0.1875,0.0625,0.8125,0.16394575,0.075878375,0.766117125
0.1875,0.0625,0.875,0.16274675,0.0767725,0.824664
0.1875,0.0625,0.9375,0.16154775,0.077666625,0.883210875
0.1875,0.0625,1.0,0.16034874999999998,0.07856075,0.94175775
0.1875,0.125,0.0,0.185314875,0.1245361875,0.0084335625
0.1875,0.125,0.0625,0.18411587499999998,0.1254303125,0.0669804375
0.1875,0.125,0.125,0.18291687499999998,0.1263244375,0.1255273125
0.1875,0.125,0.1875,0.181717875,0.1272185625,0.18407418749999999
0.1875,0.125,0.25,0.180518875,0.12811268750000002,0.24262106249999998
0.1875,0.125,0.3125,0.179319875,0.1290068125,0.3011679375
0.1875,0.125,0.375,0.17812087499999998,0.1299009375,0.3597148125
0.1875,0.125,0.4375,0.17692187499999998,0.1307950625,0.4182616875
0.1875,0.125,0.5,0.175722875,0.1316891875,0.4768085625
0.1875,0.125,0.5625,0.174523875,0.1325833125,0.5353554375
0.1875,0.125,0.625,0.173324875,0.13347743750000002,0.5939023125
0.1875,0.125,0.6875,0.17212587499999998,0.1343715625,0.6524491875
0.1875,0.125,0.75,0.17092687499999998,0.1352656875,0.7109960625
0.1875,0.125,0.8125,0.169727875,0.1361598125,0.7695429375
0.1875,0.125,0.875,0.168528875,0.1370539375,0.8280898125
0.1875,0.125,0.9375,0.167329875,0.1379480625,0.8866366875
0.1875,0.125,1.0,0.16613087499999998,0.1388421875,0.9451835625
0.1875,0.1875,0.0,0.191097,0.18481762499999999,0.011859375
0.1875,0.1875,0.0625,0.18989799999999998,0.18571174999999998,0.07040625
0.1875,0.1875,0.125,0.18869899999999998,0.18660587499999998,0.128953125
0.1875,0.1875,0.1875,0.1875,0.18749999999999997,0.1875
0.1875,0.1875,0.25,0.186301,0.188394125,0.246046875
0.1875,0.1875,0.3125,0.185102,0.18928825,0.30459375
0.1875,0.1875,0.375,0.18390299999999998,0.190182375,0.363140625
0.1875,0.1875,0.4375,0.18270399999999998,0.19107649999999998,0.4216875
0.1875,0.1875,0.5,0.181505,0.19197062499999998,0.480234375
0.1875,0.1875,0.5625,0.180306,0.19286474999999997,0.53878125
0.1875,0.1875,0.625,0.179107,0.193758875,0.597328125
0.1875,0.1875,0.6875,0.17790799999999998,0.194653,0.655875
0.1875,0.1875,0.75,0.17670899999999998,0.195547125,0.714421875
0.1875,0.1875,0.8125,0.17551,0.19644124999999998,0.77296875
0.1875,0.1875,0.875,0.174311,0.19733537499999998,0.831515625
0.1875,0.1875,0.9375,0.173112,0.19822949999999998,0.8900625
0.1875,0.1875,1.0,0.17191299999999998,0.19912362499999997,0.948609375
0.1875,0.25,0.0,0.196879125,0.2450990625,0.0152851875
0.1875,0.25,0.0625,0.19568012499999998,0.2459931875,0.0738320625
0.1875,0.25,0.125,0.19448112499999998,0.24688731249999998,0.1323789375
0.1875,0.25,0.1875,0.193282125,0.24778143749999998,0.1909258125
0.1875,0.25,0.25,0.192083125,0.2486755625,0.24947268749999998
0.1875,0.25,0.3125,0.190884125,0.2495696875,0.3080195625
0.1875,0.25,0.375,0.18968512499999998,0.2504638125,0.3665664375
0.1875,0.25,0.4375,0.18848612499999998,0.2513579375,0.4251133125
0.1875,0.25,0.5,0.187287125,0.2522520625,0.4836601875
0.1875,0.25,0.5625,0.186088125,0.2531461875,0.5422070625
0.1875,0.25,0.625,0.184889125,0.2540403125,0.6007539375
0.1875,0.25,0.6875,0.18369012499999998,0.2549344375,0.6593008124999999
0.1875,0.25,0.75,0.18249112499999998,0.25582856249999997,0.7178476874999999
0.1875,0.25,0.8125,0.181292125,0.2567226875,0.7763945624999999
0.1875,0.25,0.875,0.180093125,0.2576168125,0.8349414374999999
0.1875,0.25,0.9375,0.178894125,0.2585109375,0.8934883124999999
0.1875,0.25,1.0,0.17769512499999998,0.2594050625,0.9520351874999999
0.1875,0.3125,0.0,0.20266125,0.3053805,0.018711
0.1875,0.3125,0.0625,0.20146224999999998,0.306274625,0.077257875
0.1875,0.3125,0.125,0.20026324999999998,0.30716875,0.13580475
0.1875,0.3125,0.1875,0.19906425,0.308062875,0.194351625
0.1875,0.3125,0.25,0.19786525,0.308957,0.25289849999999997
0.1875,0.3125,0.3125,0.19666625,0.309851125,0.31144537499999997
0.1875,0.3125,0.375,0.19546724999999998,0.31074525,0.36999224999999997
0.1875,0.3125,0.4375,0.19426824999999998,0.311639375,0.42853912499999997
0.1875,0.3125,0.5,0.19306925,0.3125335,0.48708599999999996
0.1875,0.3125,0.5625,0.19187025,0.313427625,0.545632875
0.1875,0.3125,0.625,0.19067125,0.31432175,0.60417975
0.1875,0.3125,0.6875,0.18947224999999998,0.315215875,0.662726625
0.1875,0.3125,0.75,0.18827324999999998,0.31611,0.7212735
0.1875,0.3125,0.8125,0.18707425,0.31700412499999997,0.779820375
0.1875,0.3125,0.875,0.18587525,0.31789825,0.83836725
0.1875,0.3125,0.9375,0.18467625,0.318792375,0.896914125
0.1875,0.3125,1.0,0.18347724999999998,0.3196865,0.955461
0.1875,0.375,0.0,0.208443375,0.3656619375,0.0221368125
0.1875,0.375,0.0625,0.20724437499999998,0.3665560625,0.08068368749999999
0.1875,0.375,0.125,0.20604537499999998,0.36745018749999997,0.1392305625
0.1875,0.375,0.1875,0.204846375,0.3683443125,0.1977774375
0.1875,0.375,0.25,0.203647375,0.36923843749999996,0.2563243125
0.1875,0.375,0.3125,0.20244837499999999,0.3701325625,0.3148711875
0.1875,0.375,0.375,0.20124937499999998,0.37102668749999995,0.3734180625
0.1875,0.375,0.4375,0.20005037499999997,0.3719208125,0.4319649375
0.1875,0.375,0.5,0.198851375,0.3728149375,0.4905118125
0.1875,0.375,0.5625,0.197652375,0.37370906249999997,0.5490586875
0.1875,0.375,0.625,0.19645337499999999,0.3746031875,0.6076055625
0.1875,0.375,0.6875,0.19525437499999998,0.37549731249999996,0.6661524375
0.1875,0.375,0.75,0.19405537499999997,0.3763914375,0.7246993125
0.1875,0.375,0.8125,0.192856375,0.3772855625,0.7832461875
0.1875,0.375,0.875,0.191657375,0.3781796875,0.8417930625
0.1875,0.375,0.9375,0.19045837499999999,0.3790738125,0.9003399375
0.1875,0.375,1.0,0.18925937499999998,0.37996793749999996,0.9588868125
0.1875,0.4375,0.0,0.21422549999999999,0.425943375,0.025562625
0.1875,0.4375,0.0625,0.21302649999999998,0.42683750000000004,0.0841095
0.1875,0.4375,0.125,0.21182749999999997,0.427731625,0.142656375
0.1875,0.4375,0.1875,0.2106285,0.42862575,0.20120325
0.1875,0.4375,0.25,0.2094295,0.429519875,0.259750125
0.1875,0.4375,0.3125,0.20823049999999999,0.430414,0.318297
0.1875,0.4375,0.375,0.20703149999999998,0.431308125,0.376843875
0.1875,0.4375,0.4375,0.20583249999999997,0.43220225,0.43539075
0.1875,0.4375,0.5,0.2046335,0.43309637500000003,0.493937625
0.1875,0.4375,0.5625,0.2034345,0.4339905,0.5524844999999999
0.1875,0.4375,0.625,0.20223549999999998,0.434884625,0.6110313749999999
0.1875,0.4375,0.6875,0.20103649999999998,0.43577875,0.6695782499999999
0.1875,0.4375,0.75,0.19983749999999997,0.436672875,0.7281251249999999
0.1875,0.4375,0.8125,0.1986385,0.43756700000000004,0.7866719999999999
0.1875,0.4375,0.875,0.1974395,0.438461125,0.8452188749999999
0.1875,0.4375,0.9375,0.19624049999999998,0.43935525000000003,0.9037657499999999
0.1875,0.4375,1.0,0.19504149999999998,0.440249375,0.9623126249999999
0.1875,0.5,0.0,0.22000762499999998,0.4862248125,0.0289884375
0.1875,0.5,0.0625,0.21880862499999998,0.4871189375,0.08753531249999999
0.1875,0.5,0.125,0.21760962499999997,0.4880130625,0.1460821875
0.1875,0.5,0.1875,0.216410625,0.4889071875,0.2046290625
0.1875,0.5,0.25,0.215211625,0.4898013125,0.2631759375
0.1875,0.5,0.3125,0.21401262499999998,0.4906954375,0.3217228125
0.1875,0.5,0.375,0.21281362499999998,0.49158956249999997,0.3802696875
0.1875,0.5,0.4375,0.21161462499999997,0.4924836875,0.4388165625
0.1875,0.5,0.5,0.210415625,0.4933778125,0.4973634375
0.1875,0.5,0.5625,0.209216625,0.4942719375,0.5559103125
0.1875,0.5,0.625,0.20801762499999998,0.4951660625,0.6144571875
0.1875,0.5,0.6875,0.20681862499999998,0.49606018749999997,0.6730040625
0.1875,0.5,0.75,0.20561962499999997,0.4969543125,0.7315509375
0.1875,0.5,0.8125,0.204420625,0.49784843749999996,0.7900978125
0.1875,0.5,0.875,0.203221625,0.4987425625,0.8486446875
0.1875,0.5,0.9375,0.20202262499999998,0.4996366875,0.9071915625
0.1875,0.5,1.0,0.20082362499999998,0.5005308125,0.9657384375
0.1875,0.5625,0.0,0.22578974999999998,0.54650625,0.03241425
0.1875,0.5625,0.0625,0.22459074999999998,0.5474003749999999,0.090961125
0.1875,0.5625,0.125,0.22339174999999997,0.5482945,0.149508
0.1875,0.5625,0.1875,0.22219275,0.549188625,0.208054875
0.1875,0.5625,0.25,0.22099375,0.55008275,0.26660174999999997
0.1875,0.5625,0.3125,0.21979474999999998,0.5509768749999999,0.32514862499999997
0.1875,0.5625,0.375,0.21859574999999998,0.551871,0.38369549999999997
0.1875,0.5625,0.4375,0.21739674999999997,0.552765125,0.44224237499999997
0.1875,0.5625,0.5,0.21619775,0.5536592499999999,0.50078925
0.1875,0.5625,0.5625,0.21499875,0.554553375,0.559336125
0.1875,0.5625,0.625,0.21379974999999998,0.5554475,0.617883
0.1875,0.5625,0.6875,0.21260074999999998,0.556341625,0.676429875
0.1875,0.5625,0.75,0.21140174999999997,0.5572357499999999,0.73497675
0.1875,0.5625,0.8125,0.21020275,0.558129875,0.793523625
0.1875,0.5625,0.875,0.20900375,0.559024,0.8520705
0.1875,0.5625,0.9375,0.20780474999999998,0.5599181249999999,0.910617375
0.1875,0.5625,1.0,0.20660574999999998,0.56081225,0.96916425
0.1875,0.625,0.0,0.23157187499999998,0.6067876875,0.0358400625
0.1875,0.625,0.0625,0.23037287499999998,0.6076818125,0.09438693749999999
0.1875,0.625,0.125,0.22917387499999997,0.6085759375,0.1529338125
0.1875,0.625,0.1875,0.227974875,0.6094700625,0.2114806875
0.1875,0.625,0.25,0.226775875,0.6103641875,0.2700275625
0.1875,0.625,0.3125,0.22557687499999998,0.6112583125,0.3285744375
0.1875,0.625,0.375,0.22437787499999998,0.6121524375,0.3871213125
0.1875,0.625,0.4375,0.22317887499999997,0.6130465625,0.4456681875
0.1875,0.625,0.5,0.221979875,0.6139406875,0.5042150625
0.1875,0.625,0.5625,0.220780875,0.6148348125,0.5627619375
0.1875,0.625,0.625,0.21958187499999998,0.6157289375,0.6213088125
0.1875,0.625,0.6875,0.21838287499999998,0.6166230625,0.6798556875
0.1875,0.625,0.75,0.21718387499999997,0.6175171875,0.7384025625
0.1875,0.625,0.8125,0.215984875,0.6184113125,0.7969494375
0.1875,0.625,0.875,0.214785875,0.6193054375,0.8554963125
0.1875,0.625,0.9375,0.21358687499999998,0.6201995625,0.9140431875
0.1875,0.625,1.0,0.21238787499999998,0.6210936875,0.9725900625
0.1875,0.6875,0.0,0.237354,0.667069125,0.039265875
0.1875,0.6875,0.0625,0.236155,0.66796325,0.09781275
0.1875,0.6875,0.125,0.234956,0.6688573750000001,0.156359625
0.1875,0.6875,0.1875,0.23375700000000002,0.6697515,0.2149065
0.1875,0.6875,0.25,0.23255800000000001,0.670645625,0.273453375
0.1875,0.6875,0.3125,0.231359,0.67153975,0.33200025
0.1875,0.6875,0.375,0.23016,0.6724338750000001,0.390547125
0.1875,0.6875,0.4375,0.228961,0.673328,0.449094
0.1875,0.6875,0.5,0.22776200000000002,0.674222125,0.507640875
0.1875,0.6875,0.5625,0.22656300000000001,0.6751162500000001,0.56618775
0.1875,0.6875,0.625,0.225364,0.676010375,0.624734625
0.1875,0.6875,0.6875,0.224165,0.6769045,0.6832815
0.1875,0.6875,0.75,0.222966,0.677798625,0.741828375
0.1875,0.6875,0.8125,0.22176700000000002,0.6786927500000001,0.80037525
0.1875,0.6875,0.875,0.22056800000000001,0.679586875,0.858922125
0.1875,0.6875,0.9375,0.219369,0.680481,0.917469
0.1875,0.6875,1.0,0.21817,0.6813751250000001,0.976015875
0.1875,0.75,0.0,0.24313612499999998,0.7273505625,0.0426916875
0.1875,0.75,0.0625,0.24193712499999998,0.7282446874999999,0.10123856249999999
0.1875,0.75,0.125,0.24073812499999997,0.7291388125,0.1597854375
0.1875,0.75,0.1875,0.239539125,0.7300329375,0.2183323125
0.1875,0.75,0.25,0.23834012499999999,0.7309270625,0.2768791875
0.1875,0.75,0.3125,0.23714112499999998,0.7318211874999999,0.3354260625
0.1875,0.75,0.375,0.23594212499999997,0.7327153125,0.3939729375
0.1875,0.75,0.4375,0.23474312499999997,0.7336094375,0.4525198125
0.1875,0.75,0.5,0.233544125,0.7345035624999999,0.5110666875
0.1875,0.75,0.5625,0.23234512499999999,0.7353976875,0.5696135625
0.1875,0.75,0.625,0.23114612499999998,0.7362918125,0.6281604375
0.1875,0.75,0.6875,0.22994712499999997,0.7371859374999999,0.6867073125
0.1875,0.75,0.75,0.22874812499999997,0.7380800624999999,0.7452541874999999
0.1875,0.75,0.8125,0.227549125,0.7389741875,0.8038010624999999
0.1875,0.75,0.875,0.22635012499999999,0.7398683125,0.8623479374999999
0.1875,0.75,0.9375,0.22515112499999998,0.7407624374999999,0.9208948124999999
0.1875,0.75,1.0,0.22395212499999997,0.7416565625,0.9794416874999999
0.1875,0.8125,0.0,0.24891825,0.787632,0.0461175
0.1875,0.8125,0.0625,0.24771925,0.788526125,0.104664375
0.1875,0.8125,0.125,0.24652025,0.78942025,0.16321125
0.1875,0.8125,0.1875,0.24532125000000002,0.790314375,0.221758125
0.1875,0.8125,0.25,0.24412225,0.7912085,0.28030499999999997
0.1875,0.8125,0.3125,0.24292325,0.792102625,0.33885187499999997
0.1875,0.8125,0.375,0.24172425,0.79299675,0.39739874999999997
0.1875,0.8125,0.4375,0.24052525,0.793890875,0.45594562499999997
0.1875,0.8125,0.5,0.23932625000000002,0.794785,0.5144925
0.1875,0.8125,0.5625,0.23812725,0.795679125,0.573039375
0.1875,0.8125,0.625,0.23692825,0.79657325,0.63158625
0.1875,0.8125,0.6875,0.23572925,0.797467375,0.690133125
0.1875,0.8125,0.75,0.23453025,0.7983615,0.74868
0.1875,0.8125,0.8125,0.23333125000000002,0.799255625,0.807226875
0.1875,0.8125,0.875,0.23213225,0.80014975,0.86577375
0.1875,0.8125,0.9375,0.23093325,0.801043875,0.924320625
0.1875,0.8125,1.0,0.22973425,0.801938,0.9828675
0.1875,0.875,0.0,0.254700375,0.8479134375,0.0495433125
0.1875,0.875,0.0625,0.253501375,0.8488075625,0.10809018749999999
0.1875,0.875,0.125,0.25230237499999997,0.8497016875000001,0.1666370625
0.1875,0.875,0.1875,0.25110337499999996,0.8505958125,0.2251839375
0.1875,0.875,0.25,0.24990437499999998,0.8514899375,0.2837308125
0.1875,0.875,0.3125,0.24870537499999998,0.8523840625,0.3422776875
0.1875,0.875,0.375,0.24750637499999997,0.8532781875000001,0.4008245625
0.1875,0.875,0.4375,0.24630737499999997,0.8541723125,0.4593714375
0.1875,0.875,0.5,0.245108375,0.8550664375,0.5179183125
0.1875,0.875,0.5625,0.24390937499999998,0.8559605625000001,0.5764651875
0.1875,0.875,0.625,0.24271037499999998,0.8568546875,0.6350120625
0.1875,0.875,0.6875,0.24151137499999997,0.8577488125,0.6935589375
0.1875,0.875,0.75,0.24031237499999997,0.8586429375,0.7521058125
0.1875,0.875,0.8125,0.239113375,0.8595370625000001,0.8106526875
0.1875,0.875,0.875,0.23791437499999998,0.8604311875,0.8691995625
0.1875,0.875,0.9375,0.23671537499999998,0.8613253125,0.9277464375
0.1875,0.875,1.0,0.23551637499999997,0.8622194375000001,0.9862933125
0.1875,0.9375,0.0,0.2604825,0.908194875,0.052969125
0.1875,0.9375,0.0625,0.2592835,0.9090889999999999,0.111516
0.1875,0.9375,0.125,0.2580845,0.909983125,0.170062875
0.1875,0.9375,0.1875,0.2568855,0.91087725,0.22860975
0.1875,0.9375,0.25,0.2556865,0.9117713749999999,0.287156625
0.1875,0.9375,0.3125,0.2544875,0.9126654999999999,0.3457035
0.1875,0.9375,0.375,0.2532885,0.913559625,0.404250375
0.1875,0.9375,0.4375,0.2520895,0.91445375,0.46279725
0.1875,0.9375,0.5,0.2508905,0.9153478749999999,0.5213441249999999
0.1875,0.9375,0.5625,0.2496915,0.916242,0.5798909999999999
0.1875,0.9375,0.625,0.2484925,0.917136125,0.6384378749999999
0.1875,0.9375,0.6875,0.2472935,0.9180302499999999,0.6969847499999999
0.1875,0.9375,0.75,0.2460945,0.9189243749999999,0.7555316249999999
0.1875,0.9375,0.8125,0.24489550000000002,0.9198185,0.8140784999999999
0.1875,0.9375,0.875,0.2436965,0.920712625,0.8726253749999999
0.1875,0.9375,0.9375,0.2424975,0.9216067499999999,0.9311722499999999
0.1875,0.9375,1.0,0.2412985,0.922500875,0.9897191249999999
0.1875,1.0,0.0,0.266264625,0.9684763125,0.0563949375
0.1875,1.0,0.0625,0.26506562499999997,0.9693704375,0.11494181249999999
0.1875,1.0,0.125,0.26386662499999997,0.9702645625,0.1734886875
0.1875,1.0,0.1875,0.26266762499999996,0.9711586875,0.2320355625
0.1875,1.0,0.25,0.26146862499999995,0.9720528125,0.2905824375
0.1875,1.0,0.3125,0.26026962499999995,0.9729469374999999,0.3491293125
0.1875,1.0,0.375,0.259070625,0.9738410625,0.4076761875
0.1875,1.0,0.4375,0.257871625,0.9747351875,0.4662230625
0.1875,1.0,0.5,0.256672625,0.9756293125,0.5247699375
0.1875,1.0,0.5625,0.255473625,0.9765234375,0.5833168125
0.1875,1.0,0.625,0.254274625,0.9774175625,0.6418636875
0.1875,1.0,0.6875,0.25307562499999997,0.9783116875,0.7004105625
0.1875,1.0,0.75,0.25187662499999997,0.9792058124999999,0.7589574375
0.1875,1.0,0.8125,0.25067762499999996,0.9800999375,0.8175043125
0.1875,1.0,0.875,0.24947862499999998,0.9809940625,0.8760511875
0.1875,1.0,0.9375,0.24827962499999998,0.9818881875,0.9345980625
0.1875,1.0,1.0,0.24708062499999997,0.9827823125,0.9931449375
0.25,0.0,0.0,0.2316675,0.00529775,0.00210925
0.25,0.0,0.0625,0.2304685,0.006191875,0.060656125
0.25,0.0,0.125,0.2292695,0.007086,0.119203
0.25,0.0,0.1875,0.2280705,0.007980125000000001,0.177749875
0.25,0.0,0.25,0.2268715,0.00887425,0.23629675
0.25,0.0,0.3125,0.2256725,0.009768375,0.294843625
0.25,0.0,0.375,0.2244735,0.0106625,0.3533905
0.25,0.0,0.4375,0.2232745,0.011556625000000001,0.411937375
0.25,0.0,0.5,0.2220755,0.01245075,0.47048425
0.25,0.0,0.5625,0.2208765,0.013344874999999999,0.5290311249999999
0.25,0.0,0.625,0.2196775,0.014239,0.5875779999999999
0.25,0.0,0.6875,0.2184785,0.015133125,0.6461248749999999
0.25,0.0,0.75,0.2172795,0.01602725,0.7046717499999999
0.25,0.0,0.8125,0.2160805,0.016921375,0.7632186249999999
0.25,0.0,0.875,0.2148815,0.017815499999999998,0.8217654999999999
0.25,0.0,0.9375,0.2136825,0.018709625,0.8803123749999999
0.25,0.0,1.0,0.2124835,0.01960375,0.9388592499999999
0.25,0.0625,0.0,0.237449625,0.0655791875,0.0055350625
0.25,0.0625,0.0625,0.236250625,0.06647331249999999,0.06408193749999999
0.25,0.0625,0.125,0.235051625,0.0673674375,0.12262881249999999
0.25,0.0625,0.1875,0.233852625,0.0682615625,0.1811756875
0.25,0.0625,0.25,0.232653625,0.0691556875,0.23972256249999999
0.25,0.0625,0.3125,0.231454625,0.0700498125,0.2982694375
0.25,0.0625,0.375,0.230255625,0.0709439375,0.3568163125
0.25,0.0625,0.4375,0.22905662499999999,0.0718380625,0.4153631875
0.25,0.0625,0.5,0.227857625,0.07273218749999999,0.4739100625
0.25,0.0625,0.5625,0.226658625,0.0736263125,0.5324569375
0.25,0.0625,0.625,0.225459625,0.0745204375,0.5910038125
0.25,0.0625,0.6875,0.224260625,0.0754145625,0.6495506875
0.25,0.0625,0.75,0.22306162499999999,0.0763086875,0.7080975625
0.25,0.0625,0.8125,0.221862625,0.0772028125,0.7666444375
0.25,0.0625,0.875,0.220663625,0.07809693749999999,0.8251913125
0.25,0.0625,0.9375,0.219464625,0.0789910625,0.8837381875
0.25,0.0625,1.0,0.218265625,0.0798851875,0.9422850625
0.25,0.125,0.0,0.24323175,0.125860625,0.008960875
0.25,0.125,0.0625,0.24203275,0.12675475,0.06750775
0.25,0.125,0.125,0.24083374999999999,0.127648875,0.126054625
0.25,0.125,0.1875,0.23963475,0.128543,0.1846015
0.25,0.125,0.25,0.23843575,0.12943712500000001,0.243148375
0.25,0.125,0.3125,0.23723675,0.13033125,0.30169524999999997
0.25,0.125,0.375,0.23603775,0.131225375,0.36024212499999997
0.25,0.125,0.4375,0.23483874999999999,0.1321195,0.41878899999999997
0.25,0.125,0.5,0.23363975,0.133013625,0.47733587499999997
0.25,0.125,0.5625,0.23244075,0.13390775,0.53588275
0.25,0.125,0.625,0.23124175,0.13480187500000002,0.594429625
0.25,0.125,0.6875,0.23004275,0.135696,0.6529765
0.25,0.125,0.75,0.22884374999999998,0.136590125,0.711523375
0.25,0.125,0.8125,0.22764475,0.13748425,0.77007025
0.25,0.125,0.875,0.22644575,0.138378375,0.828617125
0.25,0.125,0.9375,0.22524675,0.1392725,0.887164
0.25,0.125,1.0,0.22404775,0.140166625,0.945710875
0.25,0.1875,0.0,0.249013875,0.18614206249999998,0.0123866875
0.25,0.1875,0.0625,0.247814875,0.18703618749999998,0.07093356249999999
0.25,0.1875,0.125,0.24661587499999998,0.18793031249999997,0.1294804375
0.25,0.1875,0.1875,0.245416875,0.18882443749999997,0.1880273125
0.25,0.1875,0.25,0.244217875,0.1897185625,0.24657418749999999
0.25,0.1875,0.3125,0.243018875,0.1906126875,0.3051210625
0.25,0.1875,0.375,0.241819875,0.19150681249999998,0.3636679375
0.25,0.1875,0.4375,0.24062087499999998,0.19240093749999998,0.4222148125
0.25,0.1875,0.5,0.239421875,0.19329506249999998,0.4807616875
0.25,0.1875,0.5625,0.238222875,0.19418918749999997,0.5393085625
0.25,0.1875,0.625,0.237023875,0.1950833125,0.5978554375
0.25,0.1875,0.6875,0.235824875,0.1959774375,0.6564023125
0.25,0.1875,0.75,0.23462587499999998,0.19687156249999999,0.7149491875
0.25,0.1875,0.8125,0.233426875,0.19776568749999998,0.7734960625
0.25,0.1875,0.875,0.232227875,0.19865981249999998,0.8320429375
0.25,0.1875,0.9375,0.231028875,0.19955393749999997,0.8905898125
0.25,0.1875,1.0,0.229829875,0.20044806249999997,0.9491366875
0.25,0.25,0.0,0.254796,0.2464235,0.0158125
0.25,0.25,0.0625,0.253597,0.24731762499999999,0.074359375
0.25,0.25,0.125,0.252398,0.24821174999999998,0.13290625
0.25,0.25,0.1875,0.251199,0.24910587499999998,0.191453125
0.25,0.25,0.25,0.25,0.25,0.25
0.25,0.25,0.3125,0.24880100000000002,0.25089412499999997,0.308546875
0.25,0.25,0.375,0.24760200000000002,0.25178825,0.36709375
0.25,0.25,0.4375,0.246403,0.252682375,0.425640625
0.25,0.25,0.5,0.24520400000000003,0.2535765,0.4841875
0.25,0.25,0.5625,0.24400500000000003,0.254470625,0.542734375
0.25,0.25,0.625,0.24280600000000002,0.25536475,0.60128125
0.25,0.25,0.6875,0.24160700000000002,0.256258875,0.659828125
0.25,0.25,0.75,0.240408,0.25715299999999996,0.718375
0.25,0.25,0.8125,0.23920900000000003,0.258047125,0.776921875
0.25,0.25,0.875,0.23801000000000003,0.25894125,0.83546875
0.25,0.25,0.9375,0.23681100000000002,0.259835375,0.894015625
0.25,0.25,1.0,0.23561200000000002,0.2607295,0.9525625
0.25,0.3125,0.0,0.260578125,0.3067049375,0.0192383125
0.25,0.3125,0.0625,0.259379125,0.3075990625,0.07778518749999999
0.25,0.3125,0.125,0.258180125,0.3084931875,0.1363320625
0.25,0.3125,0.1875,0.256981125,0.3093873125,0.1948789375
0.25,0.3125,0.25,0.25578212499999997,0.3102814375,0.2534258125
0.25,0.3125,0.3125,0.254583125,0.3111755625,0.3119726875
0.25,0.3125,0.375,0.253384125,0.31206968749999997,0.3705195625
0.25,0.3125,0.4375,0.252185125,0.3129638125,0.4290664375
0.25,0.3125,0.5,0.250986125,0.3138579375,0.4876133125
0.25,0.3125,0.5625,0.249787125,0.3147520625,0.5461601875
0.25,0.3125,0.625,0.248588125,0.3156461875,0.6047070625
0.25,0.3125,0.6875,0.247389125,0.3165403125,0.6632539375
0.25,0.3125,0.75,0.24619012499999998,0.3174344375,0.7218008124999999
0.25,0.3125,0.8125,0.244991125,0.31832856249999997,0.7803476874999999
0.25,0.3125,0.875,0.243792125,0.3192226875,0.8388945624999999
0.25,0.3125,0.9375,0.242593125,0.3201168125,0.8974414374999999
0.25,0.3125,1.0,0.241394125,0.3210109375,0.9559883124999999
0.25,0.375,0.0,0.26636025,0.366986375,0.022664125
0.25,0.375,0.0625,0.26516125,0.3678805,0.081211
0.25,0.375,0.125,0.26396225,0.36877462499999997,0.139757875
0.25,0.375,0.1875,0.26276325,0.36966875,0.19830475
0.25,0.375,0.25,0.26156425,0.37056287499999996,0.256851625
0.25,0.375,0.3125,0.26036525,0.371457,0.31539849999999997
0.25,0.375,0.375,0.25916625000000004,0.37235112499999995,0.37394537499999997
0.25,0.375,0.4375,0.25796725000000004,0.37324525,0.43249224999999997
0.25,0.375,0.5,0.25676825000000003,0.374139375,0.49103912499999997
0.25,0.375,0.5625,0.25556925,0.37503349999999996,0.549586
0.25,0.375,0.625,0.25437025,0.375927625,0.608132875
0.25,0.375,0.6875,0.25317125,0.37682174999999996,0.66667975
0.25,0.375,0.75,0.25197225,0.377715875,0.725226625
0.25,0.375,0.8125,0.25077325,0.37861,0.7837735
0.25,0.375,0.875,0.24957425000000003,0.37950412499999997,0.842320375
0.25,0.375,0.9375,0.24837525000000002,0.38039825,0.90086725
0.25,0.375,1.0,0.24717625000000001,0.38129237499999996,0.959414125
0.25,0.4375,0.0,0.272142375,0.4272678125,0.0260899375
0.25,0.4375,0.0625,0.270943375,0.42816193750000003,0.08463681249999999
0.25,0.4375,0.125,0.269744375,0.4290560625,0.1431836875
0.25,0.4375,0.1875,0.268545375,0.4299501875,0.2017305625
0.25,0.4375,0.25,0.26734637499999997,0.4308443125,0.2602774375
0.25,0.4375,0.3125,0.26614737499999996,0.4317384375,0.3188243125
0.25,0.4375,0.375,0.264948375,0.4326325625,0.3773711875
0.25,0.4375,0.4375,0.263749375,0.4335266875,0.4359180625
0.25,0.4375,0.5,0.262550375,0.43442081250000003,0.4944649375
0.25,0.4375,0.5625,0.261351375,0.4353149375,0.5530118125
0.25,0.4375,0.625,0.260152375,0.4362090625,0.6115586875
0.25,0.4375,0.6875,0.258953375,0.4371031875,0.6701055625
0.25,0.4375,0.75,0.257754375,0.4379973125,0.7286524375
0.25,0.4375,0.8125,0.256555375,0.43889143750000004,0.7871993125
0.25,0.4375,0.875,0.25535637499999997,0.4397855625,0.8457461875
0.25,0.4375,0.9375,0.254157375,0.44067968750000003,0.9042930625
0.25,0.4375,1.0,0.252958375,0.4415738125,0.9628399375
0.25,0.5,0.0,0.2779245,0.48754925,0.02951575
0.25,0.5,0.0625,0.2767255,0.488443375,0.088062625
0.25,0.5,0.125,0.2755265,0.4893375,0.1466095
0.25,0.5,0.1875,0.2743275,0.490231625,0.205156375
0.25,0.5,0.25,0.2731285,0.49112574999999997,0.26370325
0.25,0.5,0.3125,0.27192950000000005,0.492019875,0.322250125
0.25,0.5,0.375,0.27073050000000004,0.49291399999999996,0.380797
0.25,0.5,0.4375,0.26953150000000003,0.493808125,0.439343875
0.25,0.5,0.5,0.26833250000000003,0.49470225,0.49789075
0.25,0.5,0.5625,0.2671335,0.495596375,0.5564376249999999
0.25,0.5,0.625,0.2659345,0.4964905,0.6149844999999999
0.25,0.5,0.6875,0.2647355,0.49738462499999997,0.6735313749999999
0.25,0.5,0.75,0.2635365,0.49827875,0.7320782499999999
0.25,0.5,0.8125,0.2623375,0.49917287499999996,0.7906251249999999
0.25,0.5,0.875,0.2611385,0.500067,0.8491719999999999
0.25,0.5,0.9375,0.2599395,0.500961125,0.9077188749999999
0.25,0.5,1.0,0.25874050000000004,0.50185525,0.9662657499999999
0.25,0.5625,0.0,0.283706625,0.5478306875,0.0329415625
0.25,0.5625,0.0625,0.282507625,0.5487248124999999,0.09148843749999999
0.25,0.5625,0.125,0.281308625,0.5496189375,0.1500353125
0.25,0.5625,0.1875,0.280109625,0.5505130625,0.2085821875
0.25,0.5625,0.25,0.27891062499999997,0.5514071875,0.2671290625
0.25,0.5625,0.3125,0.277711625,0.5523013124999999,0.3256759375
0.25,0.5625,0.375,0.276512625,0.5531954375,0.3842228125
0.25,0.5625,0.4375,0.275313625,0.5540895625,0.4427696875
0.25,0.5625,0.5,0.274114625,0.5549836874999999,0.5013165625
0.25,0.5625,0.5625,0.272915625,0.5558778125,0.5598634375
0.25,0.5625,0.625,0.271716625,0.5567719375,0.6184103125
0.25,0.5625,0.6875,0.270517625,0.5576660625,0.6769571875
0.25,0.5625,0.75,0.269318625,0.5585601874999999,0.7355040625
0.25,0.5625,0.8125,0.268119625,0.5594543125,0.7940509375
0.25,0.5625,0.875,0.26692062499999997,0.5603484375,0.8525978125
0.25,0.5625,0.9375,0.26572162499999996,0.5612425624999999,0.9111446875
0.25,0.5625,1.0,0.264522625,0.5621366875,0.9696915625
0.25,0.625,0.0,0.28948875,0.608112125,0.036367375
0.25,0.625,0.0625,0.28828975,0.60900625,0.09491425
0.25,0.625,0.125,0.28709075,0.609900375,0.153461125
0.25,0.625,0.1875,0.28589175,0.6107945,0.212008
0.25,0.625,0.25,0.28469275,0.611688625,0.270554875
0.25,0.625,0.3125,0.28349375,0.61258275,0.32910174999999997
0.25,0.625,0.375,0.28229475000000004,0.613476875,0.38764862499999997
0.25,0.625,0.4375,0.28109575000000003,0.614371,0.44619549999999997
0.25,0.625,0.5,0.27989675,0.615265125,0.504742375
0.25,0.625,0.5625,0.27869775,0.61615925,0.56328925
0.25,0.625,0.625,0.27749875,0.617053375,0.621836125
0.25,0.625,0.6875,0.27629975,0.6179475,0.680383
0.25,0.625,0.75,0.27510075,0.618841625,0.738929875
0.25,0.625,0.8125,0.27390175,0.61973575,0.79747675
0.25,0.625,0.875,0.27270275,0.620629875,0.856023625
0.25,0.625,0.9375,0.27150375000000004,0.621524,0.9145705
0.25,0.625,1.0,0.27030475000000004,0.622418125,0.973117375
0.25,0.6875,0.0,0.295270875,0.6683935625,0.0397931875
0.25,0.6875,0.0625,0.294071875,0.6692876875,0.09834006249999999
0.25,0.6875,0.125,0.292872875,0.6701818125000001,0.1568869375
0.25,0.6875,0.1875,0.29167387499999997,0.6710759375,0.2154338125
0.25,0.6875,0.25,0.29047487499999997,0.6719700625,0.2739806875
0.25,0.6875,0.3125,0.28927587499999996,0.6728641875,0.3325275625
0.25,0.6875,0.375,0.288076875,0.6737583125000001,0.3910744375
0.25,0.6875,0.4375,0.286877875,0.6746524375,0.4496213125
0.25,0.6875,0.5,0.285678875,0.6755465625,0.5081681875
0.25,0.6875,0.5625,0.284479875,0.6764406875000001,0.5667150625
0.25,0.6875,0.625,0.283280875,0.6773348125,0.6252619375
0.25,0.6875,0.6875,0.282081875,0.6782289375,0.6838088125
0.25,0.6875,0.75,0.280882875,0.6791230625,0.7423556875
0.25,0.6875,0.8125,0.27968387499999997,0.6800171875000001,0.8009025625
0.25,0.6875,0.875,0.27848487499999997,0.6809113125,0.8594494375
0.25,0.6875,0.9375,0.277285875,0.6818054375,0.9179963125
0.25,0.6875,1.0,0.276086875,0.6826995625000001,0.9765431875
0.25,0.75,0.0,0.301053,0.728675,0.043219
0.25,0.75,0.0625,0.299854,0.7295691249999999,0.101765875
0.25,0.75,0.125,0.298655,0.73046325,0.16031275
0.25,0.75,0.1875,0.297456,0.731357375,0.218859625
0.25,0.75,0.25,0.296257,0.7322514999999999,0.2774065
0.25,0.75,0.3125,0.29505800000000004,0.7331456249999999,0.335953375
0.25,0.75,0.375,0.29385900000000004,0.73403975,0.39450025
0.25,0.75,0.4375,0.29266000000000003,0.734933875,0.453047125
0.25,0.75,0.5,0.291461,0.7358279999999999,0.511594
0.25,0.75,0.5625,0.290262,0.736722125,0.570140875
0.25,0.75,0.625,0.289063,0.73761625,0.62868775
0.25,0.75,0.6875,0.287864,0.7385103749999999,0.687234625
0.25,0.75,0.75,0.286665,0.7394044999999999,0.7457815
0.25,0.75,0.8125,0.285466,0.740298625,0.804328375
0.25,0.75,0.875,0.284267,0.74119275,0.86287525
0.25,0.75,0.9375,0.283068,0.7420868749999999,0.921422125
0.25,0.75,1.0,0.28186900000000004,0.742981,0.979969
0.25,0.8125,0.0,0.306835125,0.7889564375,0.0466448125
0.25,0.8125,0.0625,0.305636125,0.7898505625,0.10519168749999999
0.25,0.8125,0.125,0.304437125,0.7907446875,0.1637385625
0.25,0.8125,0.1875,0.30323812499999997,0.7916388125,0.2222854375
0.25,0.8125,0.25,0.30203912499999996,0.7925329375,0.2808323125
0.25,0.8125,0.3125,0.300840125,0.7934270625,0.3393791875
0.25,0.8125,0.375,0.299641125,0.7943211875,0.3979260625
0.25,0.8125,0.4375,0.298442125,0.7952153125,0.4564729375
0.25,0.8125,0.5,0.297243125,0.7961094375,0.5150198125
0.25,0.8125,0.5625,0.296044125,0.7970035625,0.5735666875
0.25,0.8125,0.625,0.294845125,0.7978976875,0.6321135625
0.25,0.8125,0.6875,0.293646125,0.7987918125,0.6906604375
0.25,0.8125,0.75,0.292447125,0.7996859374999999,0.7492073125
0.25,0.8125,0.8125,0.29124812499999997,0.8005800625,0.8077541874999999
0.25,0.8125,0.875,0.29004912499999996,0.8014741875,0.8663010624999999
0.25,0.8125,0.9375,0.28885012499999996,0.8023683125,0.9248479374999999
0.25,0.8125,1.0,0.287651125,0.8032624375,0.9833948124999999
0.25,0.875,0.0,0.31261725,0.849237875,0.050070625
0.25,0.875,0.0625,0.31141825,0.850132,0.1086175
0.25,0.875,0.125,0.31021925,0.8510261250000001,0.167164375
0.25,0.875,0.1875,0.30902025,0.85192025,0.22571125
0.25,0.875,0.25,0.30782125,0.852814375,0.284258125
0.25,0.875,0.3125,0.30662225,0.8537085,0.34280499999999997
0.25,0.875,0.375,0.30542325000000003,0.8546026250000001,0.40135187499999997
0.25,0.875,0.4375,0.30422425000000003,0.85549675,0.45989874999999997
0.25,0.875,0.5,0.30302525,0.856390875,0.518445625
0.25,0.875,0.5625,0.30182625,0.8572850000000001,0.5769925
0.25,0.875,0.625,0.30062725,0.858179125,0.635539375
0.25,0.875,0.6875,0.29942825,0.85907325,0.69408625
0.25,0.875,0.75,0.29822925,0.859967375,0.752633125
0.25,0.875,0.8125,0.29703025,0.8608615000000001,0.81118
0.25,0.875,0.875,0.29583125,0.861755625,0.869726875
0.25,0.875,0.9375,0.29463225000000004,0.86264975,0.92827375
0.25,0.875,1.0,0.29343325000000003,0.8635438750000001,0.986820625
0.25,0.9375,0.0,0.318399375,0.9095193125,0.0534964375
0.25,0.9375,0.0625,0.317200375,0.9104134374999999,0.11204331249999999
0.25,0.9375,0.125,0.316001375,0.9113075625,0.1705901875
0.25,0.9375,0.1875,0.31480237499999997,0.9122016875,0.2291370625
0.25,0.9375,0.25,0.31360337499999996,0.9130958124999999,0.2876839375
0.25,0.9375,0.3125,0.31240437499999996,0.9139899374999999,0.3462308125
0.25,0.9375,0.375,0.311205375,0.9148840625,0.4047776875
0.25,0.9375,0.4375,0.310006375,0.9157781875,0.4633245625
0.25,0.9375,0.5,0.308807375,0.9166723124999999,0.5218714375
0.25,0.9375,0.5625,0.307608375,0.9175664375,0.5804183125
0.25,0.9375,0.625,0.306409375,0.9184605625,0.6389651875
0.25,0.9375,0.6875,0.305210375,0.9193546874999999,0.6975120625
0.25,0.9375,0.75,0.304011375,0.9202488124999999,0.7560589375
0.25,0.9375,0.8125,0.30281237499999997,0.9211429375,0.8146058125
0.25,0.9375,0.875,0.30161337499999996,0.9220370625,0.8731526875
0.25,0.9375,0.9375,0.300414375,0.9229311874999999,0.9316995625
0.25,0.9375,1.0,0.299215375,0.9238253125,0.9902464375
0.25,1.0,0.0,0.3241815,0.96980075,0.05692225
0.25,1.0,0.0625,0.3229825,0.970694875,0.115469125
0.25,1.0,0.125,0.3217835,0.971589,0.174016
0.25,1.0,0.1875,0.3205845,0.972483125,0.232562875
0.25,1.0,0.25,0.3193855,0.97337725,0.29110975
0.25,1.0,0.3125,0.31818650000000004,0.9742713749999999,0.349656625
0.25,1.0,0.375,0.31698750000000003,0.9751655,0.4082035
0.25,1.0,0.4375,0.3157885,0.976059625,0.466750375
0.25,1.0,0.5,0.3145895,0.97695375,0.5252972499999999
0.25,1.0,0.5625,0.3133905,0.977847875,0.5838441249999999
0.25,1.0,0.625,0.3121915,0.978742,0.6423909999999999
0.25,1.0,0.6875,0.3109925,0.979636125,0.7009378749999999
0.25,1.0,0.75,0.3097935,0.9805302499999999,0.7594847499999999
0.25,1.0,0.8125,0.3085945,0.981424375,0.8180316249999999
0.25,1.0,0.875,0.3073955,0.9823185,0.8765784999999999
0.25,1.0,0.9375,0.3061965,0.983212625,0.9351253749999999
0.25,1.0,1.0,0.30499750000000003,0.98410675,0.9936722499999999
0.3125,0.0,0.0,0.289584375,0.0066221875000000005,0.0026365625
0.3125,0.0,0.0625,0.288385375,0.0075163125,0.0611834375
0.3125,0.0,0.125,0.287186375,0.0084104375,0.11973031249999999
0.3125,0.0,0.1875,0.285987375,0.0093045625,0.1782771875
0.3125,0.0,0.25,0.284788375,0.010198687500000001,0.2368240625
0.3125,0.0,0.3125,0.28358937500000003,0.0110928125,0.2953709375
0.3125,0.0,0.375,0.282390375,0.0119869375,0.3539178125
0.3125,0.0,0.4375,0.281191375,0.0128810625,0.4124646875
0.3125,0.0,0.5,0.279992375,0.013775187500000001,0.4710115625
0.3125,0.0,0.5625,0.278793375,0.0146693125,0.5295584375
0.3125,0.0,0.625,0.277594375,0.0155634375,0.5881053125
0.3125,0.0,0.6875,0.276395375,0.0164575625,0.6466521875
0.3125,0.0,0.75,0.275196375,0.0173516875,0.7051990625
0.3125,0.0,0.8125,0.273997375,0.0182458125,0.7637459375
0.3125,0.0,0.875,0.272798375,0.0191399375,0.8222928125
0.3125,0.0,0.9375,0.271599375,0.0200340625,0.8808396875
0.3125,0.0,1.0,0.270400375,0.0209281875,0.9393865625
0.3125,0.0625,0.0,0.29536650000000003,0.066903625,0.006062375
0.3125,0.0625,0.0625,0.2941675,0.06779774999999999,0.06460925
0.3125,0.0625,0.125,0.2929685,0.068691875,0.12315612499999999
0.3125,0.0625,0.1875,0.2917695,0.069586,0.181703
0.3125,0.0625,0.25,0.2905705,0.07048012499999999,0.240249875
0.3125,0.0625,0.3125,0.2893715,0.07137425,0.29879675
0.3125,0.0625,0.375,0.28817250000000005,0.072268375,0.357343625
0.3125,0.0625,0.4375,0.28697350000000005,0.07316249999999999,0.4158905
0.3125,0.0625,0.5,0.28577450000000004,0.07405662499999999,0.474437375
0.3125,0.0625,0.5625,0.28457550000000004,0.07495075,0.5329842499999999
0.3125,0.0625,0.625,0.28337650000000003,0.07584487499999999,0.5915311249999999
0.3125,0.0625,0.6875,0.2821775,0.076739,0.6500779999999999
0.3125,0.0625,0.75,0.2809785,0.077633125,0.7086248749999999
0.3125,0.0625,0.8125,0.2797795,0.07852724999999999,0.7671717499999999
0.3125,0.0625,0.875,0.2785805,0.07942137499999999,0.8257186249999999
0.3125,0.0625,0.9375,0.27738150000000006,0.0803155,0.8842654999999999
0.3125,0.0625,1.0,0.27618250000000005,0.081209625,0.9428123749999999
0.3125,0.125,0.0,0.301148625,0.1271850625,0.0094881875
0.3125,0.125,0.0625,0.299949625,0.1280791875,0.0680350625
0.3125,0.125,0.125,0.298750625,0.1289733125,0.1265819375
0.3125,0.125,0.1875,0.297551625,0.1298674375,0.1851288125
0.3125,0.125,0.25,0.296352625,0.1307615625,0.2436756875
0.3125,0.125,0.3125,0.295153625,0.1316556875,0.3022225625
0.3125,0.125,0.375,0.293954625,0.1325498125,0.3607694375
0.3125,0.125,0.4375,0.292755625,0.1334439375,0.4193163125
0.3125,0.125,0.5,0.291556625,0.1343380625,0.4778631875
0.3125,0.125,0.5625,0.290357625,0.1352321875,0.5364100625
0.3125,0.125,0.625,0.289158625,0.1361263125,0.5949569375
0.3125,0.125,0.6875,0.287959625,0.1370204375,0.6535038125
0.3125,0.125,0.75,0.286760625,0.1379145625,0.7120506875
0.3125,0.125,0.8125,0.285561625,0.1388086875,0.7705975625
0.3125,0.125,0.875,0.284362625,0.1397028125,0.8291444375
0.3125,0.125,0.9375,0.28316362500000003,0.1405969375,0.8876913125
0.3125,0.125,1.0,0.281964625,0.1414910625,0.9462381875
0.3125,0.1875,0.0,0.30693075000000003,0.18746649999999998,0.012914
0.3125,0.1875,0.0625,0.30573175,0.18836062499999998,0.071460875
0.3125,0.1875,0.125,0.30453275,0.18925474999999997,0.13000775
0.3125,0.1875,0.1875,0.30333375,0.19014887499999997,0.188554625
0.3125,0.1875,0.25,0.30213475,0.191043,0.2471015
0.3125,0.1875,0.3125,0.30093575000000006,0.191937125,0.30564837499999997
0.3125,0.1875,0.375,0.29973675000000005,0.19283124999999998,0.36419524999999997
0.3125,0.1875,0.4375,0.29853775000000005,0.19372537499999998,0.42274212499999997
0.3125,0.1875,0.5,0.29733875000000004,0.19461949999999997,0.48128899999999997
0.3125,0.1875,0.5625,0.29613975000000003,0.19551362499999997,0.539835875
0.3125,0.1875,0.625,0.29494075000000003,0.19640775,0.59838275
0.3125,0.1875,0.6875,0.29374175,0.197301875,0.656929625
0.3125,0.1875,0.75,0.29254275,0.19819599999999998,0.7154765
0.3125,0.1875,0.8125,0.29134375,0.19909012499999998,0.774023375
0.3125,0.1875,0.875,0.29014475,0.19998424999999997,0.83257025
0.3125,0.1875,0.9375,0.28894575,0.20087837499999997,0.891117125
0.3125,0.1875,1.0,0.28774675000000005,0.20177249999999997,0.949664
0.3125,0.25,0.0,0.312712875,0.2477479375,0.016339812500000002
0.3125,0.25,0.0625,0.311513875,0.24864206249999998,0.0748866875
0.3125,0.25,0.125,0.310314875,0.24953618749999998,0.1334335625
0.3125,0.25,0.1875,0.309115875,0.2504303125,0.1919804375
0.3125,0.25,0.25,0.307916875,0.2513244375,0.2505273125
0.3125,0.25,0.3125,0.30671787500000003,0.25221856249999997,0.3090741875
0.3125,0.25,0.375,0.305518875,0.2531126875,0.3676210625
0.3125,0.25,0.4375,0.304319875,0.2540068125,0.4261679375
0.3125,0.25,0.5,0.303120875,0.2549009375,0.4847148125
0.3125,0.25,0.5625,0.301921875,0.2557950625,0.5432616875
0.3125,0.25,0.625,0.300722875,0.25668918749999997,0.6018085625
0.3125,0.25,0.6875,0.299523875,0.2575833125,0.6603554375
0.3125,0.25,0.75,0.298324875,0.25847743749999996,0.7189023125
0.3125,0.25,0.8125,0.297125875,0.2593715625,0.7774491875
0.3125,0.25,0.875,0.295926875,0.2602656875,0.8359960625
0.3125,0.25,0.9375,0.294727875,0.2611598125,0.8945429375
0.3125,0.25,1.0,0.293528875,0.2620539375,0.9530898125
0.3125,0.3125,0.0,0.31849500000000003,0.308029375,0.019765625000000002
0.3125,0.3125,0.0625,0.317296,0.3089235,0.07831250000000001
0.3125,0.3125,0.125,0.316097,0.309817625,0.136859375
0.3125,0.3125,0.1875,0.314898,0.31071175,0.19540625
0.3125,0.3125,0.25,0.313699,0.311605875,0.253953125
0.3125,0.3125,0.3125,0.3125,0.3125,0.3125
0.3125,0.3125,0.375,0.31130100000000005,0.31339412499999997,0.371046875
0.3125,0.3125,0.4375,0.31010200000000004,0.31428825,0.42959375
0.3125,0.3125,0.5,0.30890300000000004,0.315182375,0.488140625
0.3125,0.3125,0.5625,0.30770400000000003,0.3160765,0.5466875
0.3125,0.3125,0.625,0.306505,0.316970625,0.605234375
0.3125,0.3125,0.6875,0.305306,0.31786475,0.66378125
0.3125,0.3125,0.75,0.304107,0.318758875,0.722328125
0.3125,0.3125,0.8125,0.302908,0.31965299999999996,0.780875
0.3125,0.3125,0.875,0.301709,0.320547125,0.839421875
0.3125,0.3125,0.9375,0.30051000000000005,0.32144125,0.89796875
0.3125,0.3125,1.0,0.29931100000000005,0.322335375,0.956515625
0.3125,0.375,0.0,0.324277125,0.3683108125,0.023191437500000002
0.3125,0.375,0.0625,0.323078125,0.3692049375,0.0817383125
0.3125,0.375,0.125,0.321879125,0.37009906249999996,0.1402851875
0.3125,0.375,0.1875,0.320680125,0.3709931875,0.1988320625
0.3125,0.375,0.25,0.319481125,0.37188731249999996,0.2573789375
0.3125,0.375,0.3125,0.31828212499999997,0.3727814375,0.3159258125
0.3125,0.375,0.375,0.317083125,0.37367556249999995,0.3744726875
0.3125,0.375,0.4375,0.315884125,0.37456968749999997,0.4330195625
0.3125,0.375,0.5,0.314685125,0.3754638125,0.4915664375
0.3125,0.375,0.5625,0.313486125,0.37635793749999996,0.5501133125
0.3125,0.375,0.625,0.312287125,0.3772520625,0.6086601875
0.3125,0.375,0.6875,0.311088125,0.37814618749999995,0.6672070625
0.3125,0.375,0.75,0.309889125,0.3790403125,0.7257539375
0.3125,0.375,0.8125,0.308690125,0.3799344375,0.7843008124999999
0.3125,0.375,0.875,0.307491125,0.38082856249999997,0.8428476874999999
0.3125,0.375,0.9375,0.306292125,0.3817226875,0.9013945624999999
0.3125,0.375,1.0,0.305093125,0.38261681249999996,0.9599414374999999
0.3125,0.4375,0.0,0.33005925,0.42859225,0.026617250000000002
0.3125,0.4375,0.0625,0.32886025,0.42948637500000003,0.08516412500000001
0.3125,0.4375,0.125,0.32766125,0.4303805,0.143711
0.3125,0.4375,0.1875,0.32646225,0.431274625,0.202257875
0.3125,0.4375,0.25,0.32526325,0.43216875,0.26080475
0.3125,0.4375,0.3125,0.32406425000000005,0.433062875,0.319351625
0.3125,0.4375,0.375,0.32286525000000005,0.433957,0.37789849999999997
0.3125,0.4375,0.4375,0.32166625000000004,0.434851125,0.43644537499999997
0.3125,0.4375,0.5,0.32046725000000004,0.43574525000000003,0.49499224999999997
0.3125,0.4375,0.5625,0.31926825000000003,0.436639375,0.553539125
0.3125,0.4375,0.625,0.31806925,0.4375335,0.612086
0.3125,0.4375,0.6875,0.31687025,0.438427625,0.670632875
0.3125,0.4375,0.75,0.31567125,0.43932175,0.72917975
0.3125,0.4375,0.8125,0.31447225,0.44021587500000003,0.787726625
0.3125,0.4375,0.875,0.31327325,0.44111,0.8462735
0.3125,0.4375,0.9375,0.31207425,0.442004125,0.904820375
0.3125,0.4375,1.0,0.31087525000000005,0.44289825,0.96336725
0.3125,0.5,0.0,0.335841375,0.4888736875,0.030043062500000002
0.3125,0.5,0.0625,0.334642375,0.4897678125,0.0885899375
0.3125,0.5,0.125,0.333443375,0.4906619375,0.1471368125
0.3125,0.5,0.1875,0.332244375,0.4915560625,0.2056836875
0.3125,0.5,0.25,0.331045375,0.49245018749999997,0.2642305625
0.3125,0.5,0.3125,0.329846375,0.4933443125,0.3227774375
0.3125,0.5,0.375,0.328647375,0.49423843749999996,0.3813243125
0.3125,0.5,0.4375,0.327448375,0.4951325625,0.4398711875
0.3125,0.5,0.5,0.326249375,0.4960266875,0.4984180625
0.3125,0.5,0.5625,0.325050375,0.4969208125,0.5569649375
0.3125,0.5,0.625,0.323851375,0.4978149375,0.6155118125
0.3125,0.5,0.6875,0.322652375,0.49870906249999997,0.6740586875
0.3125,0.5,0.75,0.321453375,0.4996031875,0.7326055625
0.3125,0.5,0.8125,0.320254375,0.5004973125,0.7911524375
0.3125,0.5,0.875,0.319055375,0.5013914375,0.8496993125
0.3125,0.5,0.9375,0.31785637499999997,0.5022855625,0.9082461875
0.3125,0.5,1.0,0.316657375,0.5031796875,0.9667930625
0.3125,0.5625,0.0,0.3416235,0.549155125,0.033468875
0.3125,0.5625,0.0625,0.3404245,0.5500492499999999,0.09201575000000001
0.3125,0.5625,0.125,0.3392255,0.550943375,0.150562625
0.3125,0.5625,0.1875,0.3380265,0.5518375,0.2091095
0.3125,0.5625,0.25,0.3368275,0.552731625,0.267656375
0.3125,0.5625,0.3125,0.3356285,0.5536257499999999,0.32620325
0.3125,0.5625,0.375,0.33442950000000005,0.554519875,0.384750125
0.3125,0.5625,0.4375,0.33323050000000004,0.555414,0.443297
0.3125,0.5625,0.5,0.33203150000000003,0.5563081249999999,0.5018438749999999
0.3125,0.5625,0.5625,0.33083250000000003,0.55720225,0.5603907499999999
0.3125,0.5625,0.625,0.3296335,0.558096375,0.6189376249999999
0.3125,0.5625,0.6875,0.3284345,0.5589905,0.6774844999999999
0.3125,0.5625,0.75,0.3272355,0.5598846249999999,0.7360313749999999
0.3125,0.5625,0.8125,0.3260365,0.56077875,0.7945782499999999
0.3125,0.5625,0.875,0.3248375,0.561672875,0.8531251249999999
0.3125,0.5625,0.9375,0.32363850000000005,0.5625669999999999,0.9116719999999999
0.3125,0.5625,1.0,0.32243950000000005,0.563461125,0.9702188749999999
0.3125,0.625,0.0,0.347405625,0.6094365625,0.0368946875
0.3125,0.625,0.0625,0.346206625,0.6103306875,0.0954415625
0.3125,0.625,0.125,0.345007625,0.6112248125,0.1539884375
0.3125,0.625,0.1875,0.343808625,0.6121189375,0.2125353125
0.3125,0.625,0.25,0.342609625,0.6130130625,0.2710821875
0.3125,0.625,0.3125,0.34141062499999997,0.6139071875,0.3296290625
0.3125,0.625,0.375,0.340211625,0.6148013125,0.3881759375
0.3125,0.625,0.4375,0.339012625,0.6156954375,0.4467228125
0.3125,0.625,0.5,0.337813625,0.6165895625,0.5052696875
0.3125,0.625,0.5625,0.336614625,0.6174836875,0.5638165625
0.3125,0.625,0.625,0.335415625,0.6183778125,0.6223634375
0.3125,0.625,0.6875,0.334216625,0.6192719375,0.6809103125
0.3125,0.625,0.75,0.333017625,0.6201660625,0.7394571875
0.3125,0.625,0.8125,0.331818625,0.6210601875,0.7980040625
0.3125,0.625,0.875,0.330619625,0.6219543125,0.8565509375
0.3125,0.625,0.9375,0.329420625,0.6228484375,0.9150978125
0.3125,0.625,1.0,0.328221625,0.6237425625,0.9736446875
0.3125,0.6875,0.0,0.35318775,0.669718,0.0403205
0.3125,0.6875,0.0625,0.35198875,0.670612125,0.09886737500000001
0.3125,0.6875,0.125,0.35078975,0.6715062500000001,0.15741425
0.3125,0.6875,0.1875,0.34959075,0.672400375,0.215961125
0.3125,0.6875,0.25,0.34839175,0.6732945,0.274508
0.3125,0.6875,0.3125,0.34719275000000005,0.674188625,0.333054875
0.3125,0.6875,0.375,0.34599375000000004,0.6750827500000001,0.39160174999999997
0.3125,0.6875,0.4375,0.34479475000000004,0.675976875,0.45014862499999997
0.3125,0.6875,0.5,0.34359575000000003,0.676871,0.5086955
0.3125,0.6875,0.5625,0.34239675,0.6777651250000001,0.567242375
0.3125,0.6875,0.625,0.34119775,0.67865925,0.62578925
0.3125,0.6875,0.6875,0.33999875,0.679553375,0.684336125
0.3125,0.6875,0.75,0.33879975,0.6804475,0.742883
0.3125,0.6875,0.8125,0.33760075,0.6813416250000001,0.801429875
0.3125,0.6875,0.875,0.33640175,0.68223575,0.85997675
0.3125,0.6875,0.9375,0.33520275,0.683129875,0.918523625
0.3125,0.6875,1.0,0.33400375000000004,0.6840240000000001,0.9770705
0.3125,0.75,0.0,0.358969875,0.7299994375,0.0437463125
0.3125,0.75,0.0625,0.357770875,0.7308935624999999,0.1022931875
0.3125,0.75,0.125,0.356571875,0.7317876875,0.1608400625
0.3125,0.75,0.1875,0.355372875,0.7326818125,0.2193869375
0.3125,0.75,0.25,0.35417387499999997,0.7335759374999999,0.2779338125
0.3125,0.75,0.3125,0.352974875,0.7344700624999999,0.3364806875
0.3125,0.75,0.375,0.351775875,0.7353641875,0.3950275625
0.3125,0.75,0.4375,0.350576875,0.7362583125,0.4535744375
0.3125,0.75,0.5,0.349377875,0.7371524374999999,0.5121213125
0.3125,0.75,0.5625,0.348178875,0.7380465625,0.5706681875
0.3125,0.75,0.625,0.346979875,0.7389406875,0.6292150625
0.3125,0.75,0.6875,0.345780875,0.7398348124999999,0.6877619375
0.3125,0.75,0.75,0.344581875,0.7407289374999999,0.7463088125
0.3125,0.75,0.8125,0.343382875,0.7416230625,0.8048556875
0.3125,0.75,0.875,0.34218387499999997,0.7425171875,0.8634025625
0.3125,0.75,0.9375,0.34098487499999997,0.7434113124999999,0.9219494375
0.3125,0.75,1.0,0.339785875,0.7443054375,0.9804963125
0.3125,0.8125,0.0,0.364752,0.790280875,0.047172125
0.3125,0.8125,0.0625,0.363553,0.791175,0.10571900000000001
0.3125,0.8125,0.125,0.362354,0.792069125,0.164265875
0.3125,0.8125,0.1875,0.361155,0.79296325,0.22281275
0.3125,0.8125,0.25,0.359956,0.793857375,0.281359625
0.3125,0.8125,0.3125,0.358757,0.7947514999999999,0.3399065
0.3125,0.8125,0.375,0.35755800000000004,0.795645625,0.398453375
0.3125,0.8125,0.4375,0.35635900000000004,0.79653975,0.45700025
0.3125,0.8125,0.5,0.35516000000000003,0.797433875,0.515547125
0.3125,0.8125,0.5625,0.353961,0.798328,0.574094
0.3125,0.8125,0.625,0.352762,0.799222125,0.632640875
0.3125,0.8125,0.6875,0.351563,0.80011625,0.69118775
0.3125,0.8125,0.75,0.350364,0.8010103749999999,0.749734625
0.3125,0.8125,0.8125,0.349165,0.8019045,0.8082815
0.3125,0.8125,0.875,0.347966,0.802798625,0.866828375
0.3125,0.8125,0.9375,0.34676700000000005,0.80369275,0.92537525
0.3125,0.8125,1.0,0.34556800000000004,0.804586875,0.983922125
0.3125,0.875,0.0,0.370534125,0.8505623125,0.0505979375
0.3125,0.875,0.0625,0.369335125,0.8514564375,0.1091448125
0.3125,0.875,0.125,0.368136125,0.8523505625000001,0.1676916875
0.3125,0.875,0.1875,0.366937125,0.8532446875,0.2262385625
0.3125,0.875,0.25,0.36573812499999997,0.8541388125,0.2847854375
0.3125,0.875,0.3125,0.36453912499999996,0.8550329375,0.3433323125
0.3125,0.875,0.375,0.363340125,0.8559270625000001,0.4018791875
0.3125,0.875,0.4375,0.362141125,0.8568211875,0.4604260625
0.3125,0.875,0.5,0.360942125,0.8577153125,0.5189729375
0.3125,0.875,0.5625,0.359743125,0.8586094375000001,0.5775198125
0.3125,0.875,0.625,0.358544125,0.8595035625,0.6360666875
0.3125,0.875,0.6875,0.357345125,0.8603976875,0.6946135625
0.3125,0.875,0.75,0.356146125,0.8612918125,0.7531604375
0.3125,0.875,0.8125,0.354947125,0.8621859375,0.8117073125
0.3125,0.875,0.875,0.35374812499999997,0.8630800625,0.8702541874999999
0.3125,0.875,0.9375,0.352549125,0.8639741875,0.9288010624999999
0.3125,0.875,1.0,0.351350125,0.8648683125000001,0.9873479374999999
0.3125,0.9375,0.0,0.37631625,0.91084375,0.05402375
0.3125,0.9375,0.0625,0.37511725,0.9117378749999999,0.11257062500000001
0.3125,0.9375,0.125,0.37391825,0.912632,0.1711175
0.3125,0.9375,0.1875,0.37271925,0.913526125,0.229664375
0.3125,0.9375,0.25,0.37152025,0.9144202499999999,0.28821125
0.3125,0.9375,0.3125,0.37032125000000005,0.9153143749999999,0.346758125
0.3125,0.9375,0.375,0.36912225000000004,0.9162085,0.40530499999999997
0.3125,0.9375,0.4375,0.36792325000000003,0.917102625,0.46385187499999997
0.3125,0.9375,0.5,0.36672425000000003,0.9179967499999999,0.52239875
0.3125,0.9375,0.5625,0.36552525,0.918890875,0.580945625
0.3125,0.9375,0.625,0.36432625,0.919785,0.6394925
0.3125,0.9375,0.6875,0.36312725,0.9206791249999999,0.698039375
0.3125,0.9375,0.75,0.36192825,0.9215732499999999,0.75658625
0.3125,0.9375,0.8125,0.36072925,0.922467375,0.815133125
0.3125,0.9375,0.875,0.35953025,0.9233615,0.87368
0.3125,0.9375,0.9375,0.35833125,0.9242556249999999,0.932226875
0.3125,0.9375,1.0,0.35713225000000004,0.92514975,0.99077375
0.3125,1.0,0.0,0.382098375,0.9711251875,0.0574495625
0.3125,1.0,0.0625,0.380899375,0.9720193125,0.1159964375
0.3125,1.0,0.125,0.379700375,0.9729134375,0.1745433125
0.3125,1.0,0.1875,0.378501375,0.9738075625,0.2330901875
0.3125,1.0,0.25,0.37730237499999997,0.9747016875,0.2916370625
0.3125,1.0,0.3125,0.376103375,0.9755958124999999,0.3501839375
0.3125,1.0,0.375,0.374904375,0.9764899375,0.4087308125
0.3125,1.0,0.4375,0.373705375,0.9773840625,0.4672776875
0.3125,1.0,0.5,0.372506375,0.9782781875,0.5258245625
0.3125,1.0,0.5625,0.371307375,0.9791723125,0.5843714375
0.3125,1.0,0.625,0.370108375,0.9800664375,0.6429183125
0.3125,1.0,0.6875,0.368909375,0.9809605625,0.7014651875
0.3125,1.0,0.75,0.367710375,0.9818546874999999,0.7600120625
0.3125,1.0,0.8125,0.366511375,0.9827488125,0.8185589375
0.3125,1.0,0.875,0.36531237499999997,0.9836429375,0.8771058125
0.3125,1.0,0.9375,0.36411337499999996,0.9845370625,0.9356526875
0.3125,1.0,1.0,0.362914375,0.9854311875,0.9941995625
0.375,0.0,0.0,0.34750125,0.007946625,0.003163875
0.375,0.0,0.0625,0.34630225,0.008840750000000001,0.061710749999999995
0.375,0.0,0.125,0.34510325,0.009734875,0.12025762499999999
0.375,0.0,0.1875,0.34390424999999997,0.010629,0.1788045
0.375,0.0,0.25,0.34270524999999996,0.011523125,0.237351375
0.375,0.0,0.3125,0.34150625,0.012417250000000001,0.29589825
0.375,0.0,0.375,0.34030725,0.013311375,0.35444512499999997
0.375,0.0,0.4375,0.33910825,0.0142055,0.41299199999999997
0.375,0.0,0.5,0.33790925,0.015099625,0.47153887499999997
0.375,0.0,0.5625,0.33671025,0.01599375,0.53008575
0.375,0.0,0.625,0.33551125,0.016887875,0.588632625
0.375,0.0,0.6875,0.33431225,0.017782,0.6471795
0.375,0.0,0.75,0.33311324999999997,0.018676125000000002,0.705726375
0.375,0.0,0.8125,0.33191424999999997,0.019570249999999997,0.76427325
0.375,0.0,0.875,0.33071524999999996,0.020464375,0.822820125
0.375,0.0,0.9375,0.32951624999999996,0.021358500000000002,0.881367
0.375,0.0,1.0,0.32831725,0.022252624999999998,0.939913875
0.375,0.0625,0.0,0.353283375,0.0682280625,0.0065896875
0.375,0.0625,0.0625,0.352084375,0.0691221875,0.0651365625
0.375,0.0625,0.125,0.350885375,0.07001631250000001,0.12368343749999999
0.375,0.0625,0.1875,0.349686375,0.0709104375,0.1822303125
0.375,0.0625,0.25,0.348487375,0.0718045625,0.2407771875
0.375,0.0625,0.3125,0.347288375,0.07269868750000001,0.2993240625
0.375,0.0625,0.375,0.34608937500000003,0.07359281250000001,0.3578709375
0.375,0.0625,0.4375,0.344890375,0.0744869375,0.4164178125
0.375,0.0625,0.5,0.343691375,0.07538106250000001,0.4749646875
0.375,0.0625,0.5625,0.342492375,0.07627518750000001,0.5335115625
0.375,0.0625,0.625,0.341293375,0.0771693125,0.5920584375
0.375,0.0625,0.6875,0.340094375,0.0780634375,0.6506053125
0.375,0.0625,0.75,0.338895375,0.07895756250000001,0.7091521875
0.375,0.0625,0.8125,0.337696375,0.0798516875,0.7676990625
0.375,0.0625,0.875,0.336497375,0.0807458125,0.8262459375
0.375,0.0625,0.9375,0.33529837500000004,0.08163993750000001,0.8847928125
0.375,0.0625,1.0,0.33409937500000003,0.0825340625,0.9433396875
0.375,0.125,0.0,0.3590655,0.1285095,0.0100155
0.375,0.125,0.0625,0.3578665,0.129403625,0.068562375
0.375,0.125,0.125,0.35666749999999997,0.13029775,0.12710925
0.375,0.125,0.1875,0.35546849999999997,0.13119187499999999,0.185656125
0.375,0.125,0.25,0.35426949999999996,0.132086,0.244203
0.375,0.125,0.3125,0.35307049999999995,0.132980125,0.302749875
0.375,0.125,0.375,0.3518715,0.13387425,0.36129675
0.375,0.125,0.4375,0.3506725,0.134768375,0.419843625
0.375,0.125,0.5,0.3494735,0.1356625,0.4783905
0.375,0.125,0.5625,0.3482745,0.136556625,0.5369373749999999
0.375,0.125,0.625,0.3470755,0.13745075,0.5954842499999999
0.375,0.125,0.6875,0.3458765,0.138344875,0.6540311249999999
0.375,0.125,0.75,0.34467749999999997,0.139239,0.7125779999999999
0.375,0.125,0.8125,0.34347849999999996,0.140133125,0.7711248749999999
0.375,0.125,0.875,0.34227949999999996,0.14102725,0.8296717499999999
0.375,0.125,0.9375,0.3410805,0.141921375,0.8882186249999999
0.375,0.125,1.0,0.3398815,0.14281549999999998,0.9467654999999999
0.375,0.1875,0.0,0.364847625,0.1887909375,0.0134413125
0.375,0.1875,0.0625,0.363648625,0.1896850625,0.0719881875
0.375,0.1875,0.125,0.362449625,0.1905791875,0.1305350625
0.375,0.1875,0.1875,0.361250625,0.1914733125,0.1890819375
0.375,0.1875,0.25,0.360051625,0.19236743750000002,0.2476288125
0.375,0.1875,0.3125,0.35885262500000004,0.1932615625,0.3061756875
0.375,0.1875,0.375,0.35765362500000003,0.1941556875,0.3647225625
0.375,0.1875,0.4375,0.356454625,0.1950498125,0.4232694375
0.375,0.1875,0.5,0.355255625,0.1959439375,0.4818163125
0.375,0.1875,0.5625,0.354056625,0.1968380625,0.5403631875
0.375,0.1875,0.625,0.352857625,0.19773218750000002,0.5989100625
0.375,0.1875,0.6875,0.351658625,0.1986263125,0.6574569375
0.375,0.1875,0.75,0.350459625,0.1995204375,0.7160038125
0.375,0.1875,0.8125,0.349260625,0.2004145625,0.7745506875
0.375,0.1875,0.875,0.348061625,0.2013086875,0.8330975625
0.375,0.1875,0.9375,0.346862625,0.2022028125,0.8916444375
0.375,0.1875,1.0,0.34566362500000003,0.20309693750000002,0.9501913125
0.375,0.25,0.0,0.37062975,0.249072375,0.016867125
0.375,0.25,0.0625,0.36943075,0.2499665,0.075414
0.375,0.25,0.125,0.36823174999999997,0.250860625,0.133960875
0.375,0.25,0.1875,0.36703274999999996,0.25175475,0.19250775
0.375,0.25,0.25,0.36583374999999996,0.252648875,0.251054625
0.375,0.25,0.3125,0.36463475,0.253543,0.3096015
0.375,0.25,0.375,0.36343575,0.254437125,0.36814837499999997
0.375,0.25,0.4375,0.36223675,0.25533125,0.42669524999999997
0.375,0.25,0.5,0.36103775,0.25622537500000003,0.48524212499999997
0.375,0.25,0.5625,0.35983875,0.2571195,0.543789
0.375,0.25,0.625,0.35863975,0.258013625,0.602335875
0.375,0.25,0.6875,0.35744075,0.25890775,0.66088275
0.375,0.25,0.75,0.35624174999999997,0.259801875,0.719429625
0.375,0.25,0.8125,0.35504274999999996,0.26069600000000004,0.7779765
0.375,0.25,0.875,0.35384374999999996,0.261590125,0.836523375
0.375,0.25,0.9375,0.35264474999999995,0.26248425000000003,0.89507025
0.375,0.25,1.0,0.35144575,0.263378375,0.953617125
0.375,0.3125,0.0,0.376411875,0.3093538125,0.0202929375
0.375,0.3125,0.0625,0.375212875,0.3102479375,0.0788398125
0.375,0.3125,0.125,0.374013875,0.3111420625,0.1373866875
0.375,0.3125,0.1875,0.372814875,0.3120361875,0.1959335625
0.375,0.3125,0.25,0.371615875,0.3129303125,0.2544804375
0.375,0.3125,0.3125,0.370416875,0.3138244375,0.3130273125
0.375,0.3125,0.375,0.36921787500000003,0.31471856249999997,0.3715741875
0.375,0.3125,0.4375,0.368018875,0.3156126875,0.4301210625
0.375,0.3125,0.5,0.366819875,0.3165068125,0.4886679375
0.375,0.3125,0.5625,0.365620875,0.3174009375,0.5472148125
0.375,0.3125,0.625,0.364421875,0.3182950625,0.6057616875
0.375,0.3125,0.6875,0.363222875,0.31918918749999997,0.6643085625
0.375,0.3125,0.75,0.362023875,0.3200833125,0.7228554375
0.375,0.3125,0.8125,0.360824875,0.32097743749999996,0.7814023125
0.375,0.3125,0.875,0.359625875,0.3218715625,0.8399491875
0.375,0.3125,0.9375,0.35842687500000003,0.3227656875,0.8984960625
0.375,0.3125,1.0,0.35722787500000003,0.3236598125,0.9570429375
0.375,0.375,0.0,0.382194,0.36963524999999997,0.02371875
0.375,0.375,0.0625,0.380995,0.370529375,0.082265625
0.375,0.375,0.125,0.37979599999999997,0.37142349999999996,0.1408125
0.375,0.375,0.1875,0.37859699999999996,0.372317625,0.199359375
0.375,0.375,0.25,0.37739799999999996,0.37321174999999995,0.25790625
0.375,0.375,0.3125,0.37619899999999995,0.374105875,0.316453125
0.375,0.375,0.375,0.375,0.37499999999999994,0.375
0.375,0.375,0.4375,0.373801,0.37589412499999997,0.433546875
0.375,0.375,0.5,0.372602,0.37678825,0.49209375
0.375,0.375,0.5625,0.371403,0.37768237499999996,0.550640625
0.375,0.375,0.625,0.370204,0.3785765,0.6091875
0.375,0.375,0.6875,0.36900499999999997,0.37947062499999995,0.667734375
0.375,0.375,0.75,0.36780599999999997,0.38036475,0.72628125
0.375,0.375,0.8125,0.36660699999999996,0.381258875,0.784828125
0.375,0.375,0.875,0.36540799999999996,0.38215299999999996,0.843375
0.375,0.375,0.9375,0.364209,0.383047125,0.901921875
0.375,0.375,1.0,0.36301,0.38394124999999996,0.96046875
0.375,0.4375,0.0,0.387976125,0.4299166875,0.0271445625
0.375,0.4375,0.0625,0.386777125,0.43081081250000003,0.0856914375
0.375,0.4375,0.125,0.385578125,0.4317049375,0.1442383125
0.375,0.4375,0.1875,0.384379125,0.4325990625,0.2027851875
0.375,0.4375,0.25,0.383180125,0.4334931875,0.2613320625
0.375,0.4375,0.3125,0.38198112500000003,0.4343873125,0.3198789375
0.375,0.4375,0.375,0.380782125,0.4352814375,0.3784258125
0.375,0.4375,0.4375,0.379583125,0.4361755625,0.4369726875
0.375,0.4375,0.5,0.378384125,0.4370696875,0.4955195625
0.375,0.4375,0.5625,0.377185125,0.4379638125,0.5540664375
0.375,0.4375,0.625,0.375986125,0.4388579375,0.6126133125
0.375,0.4375,0.6875,0.374787125,0.4397520625,0.6711601875
0.375,0.4375,0.75,0.373588125,0.4406461875,0.7297070625
0.375,0.4375,0.8125,0.372389125,0.44154031250000003,0.7882539375
0.375,0.4375,0.875,0.371190125,0.4424344375,0.8468008124999999
0.375,0.4375,0.9375,0.369991125,0.4433285625,0.9053476874999999
0.375,0.4375,1.0,0.368792125,0.4442226875,0.9638945624999999
0.375,0.5,0.0,0.39375825,0.490198125,0.030570375
0.375,0.5,0.0625,0.39255924999999997,0.49109225,0.08911725
0.375,0.5,0.125,0.39136024999999997,0.491986375,0.147664125
0.375,0.5,0.1875,0.39016124999999996,0.4928805,0.206211
0.375,0.5,0.25,0.38896224999999995,0.49377462499999997,0.264757875
0.375,0.5,0.3125,0.38776325,0.49466875,0.32330475
0.375,0.5,0.375,0.38656425,0.49556287499999996,0.381851625
0.375,0.5,0.4375,0.38536525,0.496457,0.44039849999999997
0.375,0.5,0.5,0.38416625,0.497351125,0.49894537499999997
0.375,0.5,0.5625,0.38296725,0.49824525,0.55749225
0.375,0.5,0.625,0.38176825,0.499139375,0.616039125
0.375,0.5,0.6875,0.38056924999999997,0.5000335,0.674586
0.375,0.5,0.75,0.37937024999999996,0.500927625,0.733132875
0.375,0.5,0.8125,0.37817124999999996,0.50182175,0.79167975
0.375,0.5,0.875,0.37697224999999995,0.502715875,0.850226625
0.375,0.5,0.9375,0.37577324999999995,0.50361,0.9087735
0.375,0.5,1.0,0.37457425,0.504504125,0.967320375
0.375,0.5625,0.0,0.399540375,0.5504795625,0.0339961875
0.375,0.5625,0.0625,0.398341375,0.5513736874999999,0.0925430625
0.375,0.5625,0.125,0.397142375,0.5522678125,0.1510899375
0.375,0.5625,0.1875,0.395943375,0.5531619375,0.2096368125
0.375,0.5625,0.25,0.394744375,0.5540560625,0.2681836875
0.375,0.5625,0.3125,0.393545375,0.5549501874999999,0.3267305625
0.375,0.5625,0.375,0.392346375,0.5558443125,0.3852774375
0.375,0.5625,0.4375,0.391147375,0.5567384375,0.4438243125
0.375,0.5625,0.5,0.389948375,0.5576325624999999,0.5023711875
0.375,0.5625,0.5625,0.388749375,0.5585266875,0.5609180625
0.375,0.5625,0.625,0.387550375,0.5594208125,0.6194649375
0.375,0.5625,0.6875,0.386351375,0.5603149374999999,0.6780118125
0.375,0.5625,0.75,0.385152375,0.5612090624999999,0.7365586875
0.375,0.5625,0.8125,0.383953375,0.5621031875,0.7951055625
0.375,0.5625,0.875,0.382754375,0.5629973125,0.8536524375
0.375,0.5625,0.9375,0.38155537500000003,0.5638914374999999,0.9121993125
0.375,0.5625,1.0,0.380356375,0.5647855625,0.9707461875
0.375,0.625,0.0,0.4053225,0.610761,0.037422
0.375,0.625,0.0625,0.40412349999999997,0.611655125,0.095968875
0.375,0.625,0.125,0.40292449999999996,0.61254925,0.15451575
0.375,0.625,0.1875,0.40172549999999996,0.613443375,0.213062625
0.375,0.625,0.25,0.40052649999999995,0.6143375,0.2716095
0.375,0.625,0.3125,0.39932749999999995,0.615231625,0.330156375
0.375,0.625,0.375,0.3981285,0.61612575,0.38870325
0.375,0.625,0.4375,0.3969295,0.617019875,0.447250125
0.375,0.625,0.5,0.3957305,0.617914,0.5057969999999999
0.375,0.625,0.5625,0.3945315,0.618808125,0.5643438749999999
0.375,0.625,0.625,0.3933325,0.61970225,0.6228907499999999
0.375,0.625,0.6875,0.39213349999999997,0.620596375,0.6814376249999999
0.375,0.625,0.75,0.39093449999999996,0.6214905,0.7399844999999999
0.375,0.625,0.8125,0.38973549999999996,0.622384625,0.7985313749999999
0.375,0.625,0.875,0.38853649999999995,0.62327875,0.8570782499999999
0.375,0.625,0.9375,0.3873375,0.624172875,0.9156251249999999
0.375,0.625,1.0,0.3861385,0.625067,0.9741719999999999
0.375,0.6875,0.0,0.411104625,0.6710424375,0.0408478125
0.375,0.6875,0.0625,0.409905625,0.6719365625,0.0993946875
0.375,0.6875,0.125,0.408706625,0.6728306875000001,0.1579415625
0.375,0.6875,0.1875,0.407507625,0.6737248125,0.2164884375
0.375,0.6875,0.25,0.406308625,0.6746189375,0.2750353125
0.375,0.6875,0.3125,0.40510962500000003,0.6755130625,0.3335821875
0.375,0.6875,0.375,0.403910625,0.6764071875000001,0.3921290625
0.375,0.6875,0.4375,0.402711625,0.6773013125,0.4506759375
0.375,0.6875,0.5,0.401512625,0.6781954375,0.5092228125
0.375,0.6875,0.5625,0.400313625,0.6790895625000001,0.5677696875
0.375,0.6875,0.625,0.399114625,0.6799836875,0.6263165625
0.375,0.6875,0.6875,0.397915625,0.6808778125,0.6848634375
0.375,0.6875,0.75,0.396716625,0.6817719375,0.7434103125
0.375,0.6875,0.8125,0.395517625,0.6826660625000001,0.8019571875
0.375,0.6875,0.875,0.394318625,0.6835601875,0.8605040625
0.375,0.6875,0.9375,0.393119625,0.6844543125,0.9190509375
0.375,0.6875,1.0,0.391920625,0.6853484375000001,0.9775978125
0.375,0.75,0.0,0.41688675,0.731323875,0.044273625
0.375,0.75,0.0625,0.41568774999999997,0.7322179999999999,0.1028205
0.375,0.75,0.125,0.41448874999999996,0.733112125,0.16136737499999998
0.375,0.75,0.1875,0.41328974999999996,0.73400625,0.21991424999999998
0.375,0.75,0.25,0.41209074999999995,0.7349003749999999,0.278461125
0.375,0.75,0.3125,0.41089175,0.7357944999999999,0.337008
0.375,0.75,0.375,0.40969275,0.736688625,0.395554875
0.375,0.75,0.4375,0.40849375,0.73758275,0.45410174999999997
0.375,0.75,0.5,0.40729475,0.7384768749999999,0.512648625
0.375,0.75,0.5625,0.40609575,0.739371,0.5711955
0.375,0.75,0.625,0.40489674999999997,0.740265125,0.629742375
0.375,0.75,0.6875,0.40369774999999997,0.7411592499999999,0.68828925
0.375,0.75,0.75,0.40249874999999996,0.7420533749999999,0.746836125
0.375,0.75,0.8125,0.40129974999999996,0.7429475,0.805383
0.375,0.75,0.875,0.40010074999999995,0.743841625,0.863929875
0.375,0.75,0.9375,0.39890174999999994,0.7447357499999999,0.92247675
0.375,0.75,1.0,0.39770275,0.745629875,0.981023625
0.375,0.8125,0.0,0.422668875,0.7916053125,0.0476994375
0.375,0.8125,0.0625,0.421469875,0.7924994375,0.1062463125
0.375,0.8125,0.125,0.420270875,0.7933935625,0.1647931875
0.375,0.8125,0.1875,0.419071875,0.7942876875,0.2233400625
0.375,0.8125,0.25,0.417872875,0.7951818125,0.2818869375
0.375,0.8125,0.3125,0.41667387499999997,0.7960759374999999,0.3404338125
0.375,0.8125,0.375,0.415474875,0.7969700625,0.3989806875
0.375,0.8125,0.4375,0.414275875,0.7978641875,0.4575275625
0.375,0.8125,0.5,0.413076875,0.7987583125,0.5160744374999999
0.375,0.8125,0.5625,0.411877875,0.7996524375,0.5746213124999999
0.375,0.8125,0.625,0.410678875,0.8005465625,0.6331681874999999
0.375,0.8125,0.6875,0.409479875,0.8014406875,0.6917150624999999
0.375,0.8125,0.75,0.408280875,0.8023348124999999,0.7502619374999999
0.375,0.8125,0.8125,0.407081875,0.8032289375,0.8088088124999999
0.375,0.8125,0.875,0.405882875,0.8041230625,0.8673556874999999
0.375,0.8125,0.9375,0.404683875,0.8050171875,0.9259025624999999
0.375,0.8125,1.0,0.403484875,0.8059113125,0.9844494374999999
0.375,0.875,0.0,0.42845099999999997,0.85188675,0.05112525
0.375,0.875,0.0625,0.42725199999999997,0.852780875,0.109672125
0.375,0.875,0.125,0.42605299999999996,0.8536750000000001,0.168219
0.375,0.875,0.1875,0.42485399999999995,0.854569125,0.226765875
0.375,0.875,0.25,0.42365499999999995,0.85546325,0.28531275
0.375,0.875,0.3125,0.42245599999999994,0.856357375,0.343859625
0.375,0.875,0.375,0.421257,0.8572515,0.4024065
0.375,0.875,0.4375,0.420058,0.858145625,0.460953375
0.375,0.875,0.5,0.418859,0.85903975,0.51950025
0.375,0.875,0.5625,0.41766,0.8599338750000001,0.578047125
0.375,0.875,0.625,0.41646099999999997,0.860828,0.636594
0.375,0.875,0.6875,0.41526199999999996,0.861722125,0.695140875
0.375,0.875,0.75,0.41406299999999996,0.86261625,0.75368775
0.375,0.875,0.8125,0.41286399999999995,0.863510375,0.812234625
0.375,0.875,0.875,0.41166499999999995,0.8644045,0.8707815
0.375,0.875,0.9375,0.410466,0.865298625,0.929328375
0.375,0.875,1.0,0.409267,0.8661927500000001,0.98787525
0.375,0.9375,0.0,0.434233125,0.9121681875,0.0545510625
0.375,0.9375,0.0625,0.433034125,0.9130623124999999,0.1130979375
0.375,0.9375,0.125,0.431835125,0.9139564375,0.1716448125
0.375,0.9375,0.1875,0.430636125,0.9148505625,0.2301916875
0.375,0.9375,0.25,0.429437125,0.9157446874999999,0.28873856249999996
0.375,0.9375,0.3125,0.428238125,0.9166388124999999,0.34728543749999996
0.375,0.9375,0.375,0.427039125,0.9175329375,0.40583231249999996
0.375,0.9375,0.4375,0.425840125,0.9184270625,0.46437918749999996
0.375,0.9375,0.5,0.424641125,0.9193211874999999,0.5229260625
0.375,0.9375,0.5625,0.423442125,0.9202153125,0.5814729375
0.375,0.9375,0.625,0.422243125,0.9211094375,0.6400198125
0.375,0.9375,0.6875,0.421044125,0.9220035624999999,0.6985666875
0.375,0.9375,0.75,0.419845125,0.9228976874999999,0.7571135625
0.375,0.9375,0.8125,0.418646125,0.9237918125,0.8156604375
0.375,0.9375,0.875,0.417447125,0.9246859374999999,0.8742073125
0.375,0.9375,0.9375,0.41624812499999997,0.9255800624999999,0.9327541874999999
0.375,0.9375,1.0,0.415049125,0.9264741875,0.9913010624999999
0.375,1.0,0.0,0.44001524999999997,0.972449625,0.057976875
0.375,1.0,0.0625,0.43881624999999996,0.97334375,0.11652375
0.375,1.0,0.125,0.43761724999999996,0.974237875,0.17507062499999998
0.375,1.0,0.1875,0.43641824999999995,0.975132,0.23361749999999998
0.375,1.0,0.25,0.43521924999999995,0.976026125,0.292164375
0.375,1.0,0.3125,0.43402025,0.9769202499999999,0.35071125
0.375,1.0,0.375,0.43282125,0.977814375,0.409258125
0.375,1.0,0.4375,0.43162225,0.9787085,0.46780499999999997
0.375,1.0,0.5,0.43042325,0.979602625,0.526351875
0.375,1.0,0.5625,0.42922425,0.98049675,0.58489875
0.375,1.0,0.625,0.42802524999999997,0.981390875,0.643445625
0.375,1.0,0.6875,0.42682624999999996,0.982285,0.7019925
0.375,1.0,0.75,0.42562724999999996,0.9831791249999999,0.760539375
0.375,1.0,0.8125,0.42442824999999995,0.98407325,0.81908625
0.375,1.0,0.875,0.42322924999999995,0.984967375,0.877633125
0.375,1.0,0.9375,0.42203024999999994,0.9858615,0.93618
0.375,1.0,1.0,0.42083125,0.986755625,0.994726875
0.4375,0.0,0.0,0.405418125,0.0092710625,0.0036911875
0.4375,0.0,0.0625,0.404219125,0.010165187499999999,0.062238062499999997
0.4375,0.0,0.125,0.403020125,0.0110593125,0.1207849375
0.4375,0.0,0.1875,0.401821125,0.0119534375,0.1793318125
0.4375,0.0,0.25,0.400622125,0.0128475625,0.2378786875
0.4375,0.0,0.3125,0.399423125,0.013741687499999999,0.2964255625
0.4375,0.0,0.375,0.39822412500000004,0.0146358125,0.3549724375
0.4375,0.0,0.4375,0.39702512500000003,0.0155299375,0.4135193125
0.4375,0.0,0.5,0.39582612500000003,0.0164240625,0.4720661875
0.4375,0.0,0.5625,0.394627125,0.0173181875,0.5306130625
0.4375,0.0,0.625,0.393428125,0.0182123125,0.5891599375
0.4375,0.0,0.6875,0.392229125,0.0191064375,0.6477068125
0.4375,0.0,0.75,0.391030125,0.0200005625,0.7062536875
0.4375,0.0,0.8125,0.389831125,0.0208946875,0.7648005625
0.4375,0.0,0.875,0.388632125,0.021788812499999997,0.8233474375
0.4375,0.0,0.9375,0.38743312500000004,0.0226829375,0.8818943124999999
0.4375,0.0,1.0,0.38623412500000004,0.0235770625,0.9404411874999999
0.4375,0.0625,0.0,0.41120025000000004,0.0695525,0.007117
0.4375,0.0625,0.0625,0.41000125000000004,0.070446625,0.065663875
0.4375,0.0625,0.125,0.40880225000000003,0.07134075000000001,0.12421075
0.4375,0.0625,0.1875,0.40760325000000003,0.072234875,0.182757625
0.4375,0.0625,0.25,0.40640425,0.073129,0.2413045
0.4375,0.0625,0.3125,0.4052052500000001,0.07402312500000001,0.299851375
0.4375,0.0625,0.375,0.40400625000000007,0.07491725,0.35839825
0.4375,0.0625,0.4375,0.40280725000000006,0.075811375,0.41694512499999997
0.4375,0.0625,0.5,0.40160825000000006,0.07670550000000001,0.47549199999999997
0.4375,0.0625,0.5625,0.40040925000000005,0.077599625,0.534038875
0.4375,0.0625,0.625,0.39921025000000004,0.07849375,0.59258575
0.4375,0.0625,0.6875,0.39801125000000004,0.079387875,0.651132625
0.4375,0.0625,0.75,0.39681225000000003,0.080282,0.7096795
0.4375,0.0625,0.8125,0.39561325,0.081176125,0.768226375
0.4375,0.0625,0.875,0.39441425,0.08207025,0.82677325
0.4375,0.0625,0.9375,0.39321525,0.082964375,0.885320125
0.4375,0.0625,1.0,0.39201625000000007,0.0838585,0.943867
0.4375,0.125,0.0,0.416982375,0.1298339375,0.0105428125
0.4375,0.125,0.0625,0.415783375,0.1307280625,0.0690896875
0.4375,0.125,0.125,0.414584375,0.1316221875,0.1276365625
0.4375,0.125,0.1875,0.413385375,0.13251631249999998,0.1861834375
0.4375,0.125,0.25,0.412186375,0.1334104375,0.2447303125
0.4375,0.125,0.3125,0.41098737500000004,0.1343045625,0.3032771875
0.4375,0.125,0.375,0.40978837500000004,0.1351986875,0.3618240625
0.4375,0.125,0.4375,0.40858937500000003,0.1360928125,0.4203709375
0.4375,0.125,0.5,0.407390375,0.1369869375,0.4789178125
0.4375,0.125,0.5625,0.406191375,0.13788106249999998,0.5374646875
0.4375,0.125,0.625,0.404992375,0.1387751875,0.5960115625
0.4375,0.125,0.6875,0.403793375,0.1396693125,0.6545584375
0.4375,0.125,0.75,0.402594375,0.1405634375,0.7131053125
0.4375,0.125,0.8125,0.401395375,0.1414575625,0.7716521875
0.4375,0.125,0.875,0.400196375,0.1423516875,0.8301990625
0.4375,0.125,0.9375,0.398997375,0.14324581249999999,0.8887459375
0.4375,0.125,1.0,0.39779837500000004,0.14413993749999998,0.9472928125
0.4375,0.1875,0.0,0.42276450000000004,0.190115375,0.013968625
0.4375,0.1875,0.0625,0.42156550000000004,0.1910095,0.0725155
0.4375,0.1875,0.125,0.42036650000000003,0.191903625,0.131062375
0.4375,0.1875,0.1875,0.4191675,0.19279775,0.18960925
0.4375,0.1875,0.25,0.4179685,0.193691875,0.248156125
0.4375,0.1875,0.3125,0.4167695,0.194586,0.306703
0.4375,0.1875,0.375,0.41557050000000006,0.195480125,0.365249875
0.4375,0.1875,0.4375,0.41437150000000006,0.19637425,0.42379675
0.4375,0.1875,0.5,0.41317250000000005,0.197268375,0.482343625
0.4375,0.1875,0.5625,0.41197350000000005,0.1981625,0.5408904999999999
0.4375,0.1875,0.625,0.41077450000000004,0.19905662500000001,0.5994373749999999
0.4375,0.1875,0.6875,0.40957550000000004,0.19995075,0.6579842499999999
0.4375,0.1875,0.75,0.40837650000000003,0.200844875,0.7165311249999999
0.4375,0.1875,0.8125,0.4071775,0.201739,0.7750779999999999
0.4375,0.1875,0.875,0.4059785,0.202633125,0.8336248749999999
0.4375,0.1875,0.9375,0.40477950000000007,0.20352725,0.8921717499999999
0.4375,0.1875,1.0,0.40358050000000006,0.20442137500000002,0.9507186249999999
0.4375,0.25,0.0,0.428546625,0.2503968125,0.0173944375
0.4375,0.25,0.0625,0.427347625,0.25129093750000003,0.0759413125
0.4375,0.25,0.125,0.426148625,0.2521850625,0.1344881875
0.4375,0.25,0.1875,0.424949625,0.2530791875,0.1930350625
0.4375,0.25,0.25,0.423750625,0.2539733125,0.2515819375
0.4375,0.25,0.3125,0.422551625,0.2548674375,0.3101288125
0.4375,0.25,0.375,0.42135262500000004,0.2557615625,0.3686756875
0.4375,0.25,0.4375,0.42015362500000003,0.2566556875,0.4272225625
0.4375,0.25,0.5,0.418954625,0.25754981250000003,0.4857694375
0.4375,0.25,0.5625,0.417755625,0.2584439375,0.5443163125
0.4375,0.25,0.625,0.416556625,0.2593380625,0.6028631875
0.4375,0.25,0.6875,0.415357625,0.2602321875,0.6614100625
0.4375,0.25,0.75,0.414158625,0.2611263125,0.7199569375
0.4375,0.25,0.8125,0.412959625,0.26202043750000004,0.7785038125
0.4375,0.25,0.875,0.411760625,0.2629145625,0.8370506875
0.4375,0.25,0.9375,0.41056162500000004,0.2638086875,0.8955975625
0.4375,0.25,1.0,0.40936262500000004,0.2647028125,0.9541444375
0.4375,0.3125,0.0,0.43432875000000004,0.31067825,0.02082025
0.4375,0.3125,0.0625,0.43312975000000004,0.311572375,0.079367125
0.4375,0.3125,0.125,0.43193075000000003,0.3124665,0.13791399999999998
0.4375,0.3125,0.1875,0.43073175,0.313360625,0.19646087499999998
0.4375,0.3125,0.25,0.42953275,0.31425474999999997,0.25500775
0.4375,0.3125,0.3125,0.42833375000000007,0.315148875,0.313554625
0.4375,0.3125,0.375,0.42713475000000006,0.31604299999999996,0.3721015
0.4375,0.3125,0.4375,0.42593575000000006,0.316937125,0.43064837499999997
0.4375,0.3125,0.5,0.42473675000000005,0.31783125,0.48919524999999997
0.4375,0.3125,0.5625,0.42353775000000005,0.318725375,0.547742125
0.4375,0.3125,0.625,0.42233875000000004,0.3196195,0.606289
0.4375,0.3125,0.6875,0.42113975000000003,0.32051362499999997,0.664835875
0.4375,0.3125,0.75,0.41994075000000003,0.32140775,0.72338275
0.4375,0.3125,0.8125,0.41874175,0.32230187499999996,0.781929625
0.4375,0.3125,0.875,0.41754275,0.323196,0.8404765
0.4375,0.3125,0.9375,0.41634375,0.324090125,0.899023375
0.4375,0.3125,1.0,0.41514475000000006,0.32498425,0.95757025
0.4375,0.375,0.0,0.440110875,0.37095968749999997,0.0242460625
0.4375,0.375,0.0625,0.438911875,0.3718538125,0.0827929375
0.4375,0.375,0.125,0.437712875,0.37274793749999996,0.1413398125
0.4375,0.375,0.1875,0.436513875,0.3736420625,0.1998866875
0.4375,0.375,0.25,0.435314875,0.37453618749999995,0.2584335625
0.4375,0.375,0.3125,0.43411587500000004,0.3754303125,0.3169804375
0.4375,0.375,0.375,0.43291687500000003,0.37632443749999994,0.3755273125
0.4375,0.375,0.4375,0.43171787500000003,0.37721856249999997,0.4340741875
0.4375,0.375,0.5,0.430518875,0.3781126875,0.4926210625
0.4375,0.375,0.5625,0.429319875,0.37900681249999996,0.5511679375
0.4375,0.375,0.625,0.428120875,0.3799009375,0.6097148125
0.4375,0.375,0.6875,0.426921875,0.38079506249999995,0.6682616875
0.4375,0.375,0.75,0.425722875,0.38168918749999997,0.7268085625
0.4375,0.375,0.8125,0.424523875,0.3825833125,0.7853554375
0.4375,0.375,0.875,0.423324875,0.38347743749999996,0.8439023125
0.4375,0.375,0.9375,0.422125875,0.3843715625,0.9024491875
0.4375,0.375,1.0,0.42092687500000003,0.38526568749999995,0.9609960625
0.4375,0.4375,0.0,0.44589300000000004,0.431241125,0.027671875
0.4375,0.4375,0.0625,0.44469400000000003,0.43213525,0.08621875
0.4375,0.4375,0.125,0.44349500000000003,0.433029375,0.144765625
0.4375,0.4375,0.1875,0.442296,0.4339235,0.2033125
0.4375,0.4375,0.25,0.441097,0.434817625,0.261859375
0.4375,0.4375,0.3125,0.439898,0.43571175,0.32040625
0.4375,0.4375,0.375,0.43869900000000006,0.436605875,0.378953125
0.4375,0.4375,0.4375,0.43750000000000006,0.4375,0.4375
0.4375,0.4375,0.5,0.43630100000000005,0.438394125,0.496046875
0.4375,0.4375,0.5625,0.43510200000000004,0.43928825,0.55459375
0.4375,0.4375,0.625,0.43390300000000004,0.440182375,0.613140625
0.4375,0.4375,0.6875,0.43270400000000003,0.4410765,0.6716875
0.4375,0.4375,0.75,0.431505,0.441970625,0.730234375
0.4375,0.4375,0.8125,0.430306,0.44286475000000003,0.78878125
0.4375,0.4375,0.875,0.429107,0.443758875,0.847328125
0.4375,0.4375,0.9375,0.42790800000000007,0.444653,0.905875
0.4375,0.4375,1.0,0.42670900000000006,0.445547125,0.964421875
0.4375,0.5,0.0,0.451675125,0.4915225625,0.0310976875
0.4375,0.5,0.0625,0.450476125,0.4924166875,0.0896445625
0.4375,0.5,0.125,0.449277125,0.4933108125,0.1481914375
0.4375,0.5,0.1875,0.448078125,0.4942049375,0.2067383125
0.4375,0.5,0.25,0.446879125,0.49509906249999996,0.26528518749999996
0.4375,0.5,0.3125,0.445680125,0.4959931875,0.32383206249999996
0.4375,0.5,0.375,0.44448112500000003,0.49688731249999996,0.38237893749999996
0.4375,0.5,0.4375,0.443282125,0.4977814375,0.44092581249999996
0.4375,0.5,0.5,0.442083125,0.4986755625,0.49947268749999996
0.4375,0.5,0.5625,0.440884125,0.49956968749999997,0.5580195625
0.4375,0.5,0.625,0.439685125,0.5004638124999999,0.6165664375
0.4375,0.5,0.6875,0.438486125,0.5013579375,0.6751133125
0.4375,0.5,0.75,0.437287125,0.5022520625,0.7336601875
0.4375,0.5,0.8125,0.436088125,0.5031461875,0.7922070625
0.4375,0.5,0.875,0.434889125,0.5040403125,0.8507539375
0.4375,0.5,0.9375,0.43369012500000004,0.5049344375,0.9093008124999999
0.4375,0.5,1.0,0.43249112500000003,0.5058285625,0.9678476874999999
0.4375,0.5625,0.0,0.45745725000000004,0.551804,0.0345235
0.4375,0.5625,0.0625,0.45625825000000003,0.5526981249999999,0.093070375
0.4375,0.5625,0.125,0.45505925,0.55359225,0.15161724999999998
0.4375,0.5625,0.1875,0.45386025,0.554486375,0.21016412499999998
0.4375,0.5625,0.25,0.45266125,0.5553804999999999,0.268711
0.4375,0.5625,0.3125,0.45146225000000006,0.5562746249999999,0.327257875
0.4375,0.5625,0.375,0.45026325000000006,0.55716875,0.38580475
0.4375,0.5625,0.4375,0.44906425000000005,0.558062875,0.444351625
0.4375,0.5625,0.5,0.44786525000000005,0.5589569999999999,0.5028985
0.4375,0.5625,0.5625,0.44666625000000004,0.559851125,0.561445375
0.4375,0.5625,0.625,0.44546725000000004,0.56074525,0.61999225
0.4375,0.5625,0.6875,0.44426825000000003,0.5616393749999999,0.678539125
0.4375,0.5625,0.75,0.44306925,0.5625334999999999,0.737086
0.4375,0.5625,0.8125,0.44187025,0.563427625,0.795632875
0.4375,0.5625,0.875,0.44067125,0.56432175,0.85417975
0.4375,0.5625,0.9375,0.43947225,0.5652158749999999,0.912726625
0.4375,0.5625,1.0,0.43827325000000006,0.56611,0.9712735
0.4375,0.625,0.0,0.463239375,0.6120854375,0.0379493125
0.4375,0.625,0.0625,0.462040375,0.6129795625,0.0964961875
0.4375,0.625,0.125,0.460841375,0.6138736875,0.1550430625
0.4375,0.625,0.1875,0.459642375,0.6147678125,0.2135899375
0.4375,0.625,0.25,0.458443375,0.6156619375,0.2721368125
0.4375,0.625,0.3125,0.45724437500000004,0.6165560625,0.3306836875
0.4375,0.625,0.375,0.45604537500000003,0.6174501875,0.3892305625
0.4375,0.625,0.4375,0.454846375,0.6183443125,0.4477774375
0.4375,0.625,0.5,0.453647375,0.6192384375,0.5063243125
0.4375,0.625,0.5625,0.452448375,0.6201325625,0.5648711875
0.4375,0.625,0.625,0.451249375,0.6210266875,0.6234180625
0.4375,0.625,0.6875,0.450050375,0.6219208125,0.6819649375
0.4375,0.625,0.75,0.448851375,0.6228149374999999,0.7405118125
0.4375,0.625,0.8125,0.447652375,0.6237090625,0.7990586875
0.4375,0.625,0.875,0.446453375,0.6246031875,0.8576055625
0.4375,0.625,0.9375,0.445254375,0.6254973125,0.9161524375
0.4375,0.625,1.0,0.44405537500000003,0.6263914375,0.9746993125
0.4375,0.6875,0.0,0.46902150000000004,0.672366875,0.041375125
0.4375,0.6875,0.0625,0.46782250000000003,0.673261,0.099922
0.4375,0.6875,0.125,0.4666235,0.6741551250000001,0.158468875
0.4375,0.6875,0.1875,0.4654245,0.67504925,0.21701575
0.4375,0.6875,0.25,0.4642255,0.675943375,0.275562625
0.4375,0.6875,0.3125,0.4630265,0.6768375,0.3341095
0.4375,0.6875,0.375,0.46182750000000006,0.6777316250000001,0.392656375
0.4375,0.6875,0.4375,0.46062850000000005,0.67862575,0.45120325
0.4375,0.6875,0.5,0.45942950000000005,0.679519875,0.5097501249999999
0.4375,0.6875,0.5625,0.45823050000000004,0.6804140000000001,0.5682969999999999
0.4375,0.6875,0.625,0.45703150000000003,0.681308125,0.6268438749999999
0.4375,0.6875,0.6875,0.45583250000000003,0.68220225,0.6853907499999999
0.4375,0.6875,0.75,0.4546335,0.683096375,0.7439376249999999
0.4375,0.6875,0.8125,0.4534345,0.6839905000000001,0.8024844999999999
0.4375,0.6875,0.875,0.4522355,0.684884625,0.8610313749999999
0.4375,0.6875,0.9375,0.45103650000000006,0.68577875,0.9195782499999999
0.4375,0.6875,1.0,0.44983750000000006,0.6866728750000001,0.9781251249999999
0.4375,0.75,0.0,0.474803625,0.7326483125,0.0448009375
0.4375,0.75,0.0625,0.473604625,0.7335424374999999,0.1033478125
0.4375,0.75,0.125,0.472405625,0.7344365625,0.1618946875
0.4375,0.75,0.1875,0.471206625,0.7353306875,0.2204415625
0.4375,0.75,0.25,0.470007625,0.7362248124999999,0.2789884375
0.4375,0.75,0.3125,0.468808625,0.7371189374999999,0.3375353125
0.4375,0.75,0.375,0.46760962500000003,0.7380130625,0.3960821875
0.4375,0.75,0.4375,0.466410625,0.7389071875,0.4546290625
0.4375,0.75,0.5,0.465211625,0.7398013124999999,0.5131759375
0.4375,0.75,0.5625,0.464012625,0.7406954375,0.5717228125
0.4375,0.75,0.625,0.462813625,0.7415895625,0.6302696875
0.4375,0.75,0.6875,0.461614625,0.7424836874999999,0.6888165625
0.4375,0.75,0.75,0.460415625,0.7433778124999999,0.7473634375
0.4375,0.75,0.8125,0.459216625,0.7442719375,0.8059103125
0.4375,0.75,0.875,0.458017625,0.7451660625,0.8644571875
0.4375,0.75,0.9375,0.45681862500000003,0.7460601874999999,0.9230040625
0.4375,0.75,1.0,0.45561962500000003,0.7469543125,0.9815509375
0.4375,0.8125,0.0,0.48058575000000003,0.79292975,0.04822675
0.4375,0.8125,0.0625,0.47938675000000003,0.793823875,0.106773625
0.4375,0.8125,0.125,0.47818775,0.794718,0.16532049999999998
0.4375,0.8125,0.1875,0.47698875,0.795612125,0.22386737499999998
0.4375,0.8125,0.25,0.47578975,0.79650625,0.28241425
0.4375,0.8125,0.3125,0.47459075000000006,0.7974003749999999,0.340961125
0.4375,0.8125,0.375,0.47339175000000006,0.7982945,0.399508
0.4375,0.8125,0.4375,0.47219275000000005,0.799188625,0.458054875
0.4375,0.8125,0.5,0.47099375000000004,0.80008275,0.51660175
0.4375,0.8125,0.5625,0.46979475000000004,0.800976875,0.575148625
0.4375,0.8125,0.625,0.46859575000000003,0.801871,0.6336955
0.4375,0.8125,0.6875,0.46739675,0.802765125,0.692242375
0.4375,0.8125,0.75,0.46619775,0.8036592499999999,0.75078925
0.4375,0.8125,0.8125,0.46499875,0.804553375,0.809336125
0.4375,0.8125,0.875,0.46379975,0.8054475,0.867883
0.4375,0.8125,0.9375,0.46260075,0.806341625,0.926429875
0.4375,0.8125,1.0,0.46140175000000005,0.80723575,0.98497675
0.4375,0.875,0.0,0.486367875,0.8532111875,0.0516525625
0.4375,0.875,0.0625,0.485168875,0.8541053125,0.1101994375
0.4375,0.875,0.125,0.483969875,0.8549994375000001,0.1687463125
0.4375,0.875,0.1875,0.482770875,0.8558935625,0.2272931875
0.4375,0.875,0.25,0.481571875,0.8567876875,0.2858400625
0.4375,0.875,0.3125,0.48037287500000003,0.8576818125,0.3443869375
0.4375,0.875,0.375,0.479173875,0.8585759375,0.4029338125
0.4375,0.875,0.4375,0.477974875,0.8594700625,0.4614806875
0.4375,0.875,0.5,0.476775875,0.8603641875,0.5200275624999999
0.4375,0.875,0.5625,0.475576875,0.8612583125000001,0.5785744374999999
0.4375,0.875,0.625,0.474377875,0.8621524375,0.6371213124999999
0.4375,0.875,0.6875,0.473178875,0.8630465625,0.6956681874999999
0.4375,0.875,0.75,0.471979875,0.8639406875,0.7542150624999999
0.4375,0.875,0.8125,0.470780875,0.8648348125,0.8127619374999999
0.4375,0.875,0.875,0.469581875,0.8657289375,0.8713088124999999
0.4375,0.875,0.9375,0.468382875,0.8666230625,0.9298556874999999
0.4375,0.875,1.0,0.467183875,0.8675171875000001,0.9884025624999999
0.4375,0.9375,0.0,0.49215000000000003,0.913492625,0.055078375
0.4375,0.9375,0.0625,0.490951,0.9143867499999999,0.11362525
0.4375,0.9375,0.125,0.489752,0.915280875,0.172172125
0.4375,0.9375,0.1875,0.488553,0.916175,0.230719
0.4375,0.9375,0.25,0.487354,0.9170691249999999,0.289265875
0.4375,0.9375,0.3125,0.486155,0.9179632499999999,0.34781275
0.4375,0.9375,0.375,0.48495600000000005,0.918857375,0.406359625
0.4375,0.9375,0.4375,0.48375700000000005,0.9197514999999999,0.4649065
0.4375,0.9375,0.5,0.48255800000000004,0.9206456249999999,0.523453375
0.4375,0.9375,0.5625,0.48135900000000004,0.92153975,0.58200025
0.4375,0.9375,0.625,0.48016000000000003,0.922433875,0.640547125
0.4375,0.9375,0.6875,0.478961,0.9233279999999999,0.699094
0.4375,0.9375,0.75,0.477762,0.9242221249999999,0.757640875
0.4375,0.9375,0.8125,0.476563,0.92511625,0.81618775
0.4375,0.9375,0.875,0.475364,0.9260103749999999,0.874734625
0.4375,0.9375,0.9375,0.47416500000000006,0.9269044999999999,0.9332815
0.4375,0.9375,1.0,0.47296600000000005,0.927798625,0.991828375
0.4375,1.0,0.0,0.497932125,0.9737740625,0.0585041875
0.4375,1.0,0.0625,0.496733125,0.9746681875,0.1170510625
0.4375,1.0,0.125,0.495534125,0.9755623125,0.1755979375
0.4375,1.0,0.1875,0.494335125,0.9764564375,0.2341448125
0.4375,1.0,0.25,0.493136125,0.9773505625,0.29269168749999996
0.4375,1.0,0.3125,0.491937125,0.9782446874999999,0.35123856249999996
0.4375,1.0,0.375,0.490738125,0.9791388125,0.40978543749999996
0.4375,1.0,0.4375,0.489539125,0.9800329375,0.46833231249999996
0.4375,1.0,0.5,0.488340125,0.9809270625,0.5268791875
0.4375,1.0,0.5625,0.487141125,0.9818211875,0.5854260625
0.4375,1.0,0.625,0.485942125,0.9827153125,0.6439729375
0.4375,1.0,0.6875,0.484743125,0.9836094375,0.7025198125
0.4375,1.0,0.75,0.483544125,0.9845035624999999,0.7610666875
0.4375,1.0,0.8125,0.482345125,0.9853976875,0.8196135625
0.4375,1.0,0.875,0.481146125,0.9862918125,0.8781604375
0.4375,1.0,0.9375,0.47994712500000003,0.9871859374999999,0.9367073125
0.4375,1.0,1.0,0.478748125,0.9880800625,0.9952541874999999
0.5,0.0,0.0,0.463335,0.0105955,0.0042185
0.5,0.0,0.0625,0.462136,0.011489625,0.062765375
0.5,0.0,0.125,0.460937,0.01238375,0.12131225
0.5,0.0,0.1875,0.459738,0.013277875000000001,0.179859125
0.5,0.0,0.25,0.458539,0.014172,0.238406
0.5,0.0,0.3125,0.45733999999999997,0.015066125,0.296952875
0.5,0.0,0.375,0.456141,0.015960250000000002,0.35549975
0.5,0.0,0.4375,0.454942,0.016854375,0.414046625
0.5,0.0,0.5,0.453743,0.0177485,0.4725935
0.5,0.0,0.5625,0.452544,0.018642625,0.531140375
0.5,0.0,0.625,0.451345,0.01953675,0.58968725
0.5,0.0,0.6875,0.450146,0.020430875,0.648234125
0.5,0.0,0.75,0.448947,0.021325,0.706781
0.5,0.0,0.8125,0.447748,0.022219125,0.765327875
0.5,0.0,0.875,0.446549,0.023113250000000002,0.82387475
0.5,0.0,0.9375,0.44535,0.024007375,0.882421625
0.5,0.0,1.0,0.444151,0.0249015,0.9409685
0.5,0.0625,0.0,0.469117125,0.0708769375,0.0076443125
0.5,0.0625,0.0625,0.467918125,0.0717710625,0.0661911875
0.5,0.0625,0.125,0.466719125,0.0726651875,0.1247380625
0.5,0.0625,0.1875,0.465520125,0.0735593125,0.1832849375
0.5,0.0625,0.25,0.464321125,0.0744534375,0.2418318125
0.5,0.0625,0.3125,0.46312212500000005,0.0753475625,0.30037868749999996
0.5,0.0625,0.375,0.46192312500000005,0.0762416875,0.35892556249999996
0.5,0.0625,0.4375,0.46072412500000004,0.0771358125,0.41747243749999996
0.5,0.0625,0.5,0.45952512500000003,0.07802993750000001,0.47601931249999996
0.5,0.0625,0.5625,0.45832612500000003,0.0789240625,0.5345661875
0.5,0.0625,0.625,0.457127125,0.0798181875,0.5931130625
0.5,0.0625,0.6875,0.455928125,0.0807123125,0.6516599375
0.5,0.0625,0.75,0.454729125,0.0816064375,0.7102068125
0.5,0.0625,0.8125,0.453530125,0.0825005625,0.7687536875
0.5,0.0625,0.875,0.452331125,0.0833946875,0.8273005625
0.5,0.0625,0.9375,0.451132125,0.0842888125,0.8858474375
0.5,0.0625,1.0,0.44993312500000004,0.0851829375,0.9443943124999999
0.5,0.125,0.0,0.47489925,0.131158375,0.011070125
0.5,0.125,0.0625,0.47370025,0.1320525,0.069617
0.5,0.125,0.125,0.47250125,0.13294662499999998,0.12816387499999998
0.5,0.125,0.1875,0.47130225,0.13384074999999998,0.18671074999999998
0.5,0.125,0.25,0.47010325,0.134734875,0.24525762499999998
0.5,0.125,0.3125,0.46890425,0.135629,0.3038045
0.5,0.125,0.375,0.46770525,0.136523125,0.362351375
0.5,0.125,0.4375,0.46650625,0.13741725,0.42089825
0.5,0.125,0.5,0.46530725,0.138311375,0.47944512499999997
0.5,0.125,0.5625,0.46410825,0.13920549999999998,0.537992
0.5,0.125,0.625,0.46290925,0.140099625,0.596538875
0.5,0.125,0.6875,0.46171025,0.14099375,0.65508575
0.5,0.125,0.75,0.46051125,0.141887875,0.713632625
0.5,0.125,0.8125,0.45931225,0.142782,0.7721795
0.5,0.125,0.875,0.45811324999999997,0.143676125,0.830726375
0.5,0.125,0.9375,0.45691424999999997,0.14457024999999998,0.88927325
0.5,0.125,1.0,0.45571525,0.14546437499999998,0.947820125
0.5,0.1875,0.0,0.480681375,0.1914398125,0.0144959375
0.5,0.1875,0.0625,0.479482375,0.1923339375,0.0730428125
0.5,0.1875,0.125,0.478283375,0.1932280625,0.1315896875
0.5,0.1875,0.1875,0.477084375,0.1941221875,0.1901365625
0.5,0.1875,0.25,0.475885375,0.1950163125,0.2486834375
0.5,0.1875,0.3125,0.474686375,0.1959104375,0.3072303125
0.5,0.1875,0.375,0.47348737500000004,0.1968045625,0.3657771875
0.5,0.1875,0.4375,0.47228837500000004,0.1976986875,0.4243240625
0.5,0.1875,0.5,0.47108937500000003,0.1985928125,0.4828709375
0.5,0.1875,0.5625,0.469890375,0.1994869375,0.5414178125
0.5,0.1875,0.625,0.468691375,0.2003810625,0.5999646875
0.5,0.1875,0.6875,0.467492375,0.2012751875,0.6585115625
0.5,0.1875,0.75,0.466293375,0.2021693125,0.7170584375
0.5,0.1875,0.8125,0.465094375,0.2030634375,0.7756053125
0.5,0.1875,0.875,0.463895375,0.2039575625,0.8341521875
0.5,0.1875,0.9375,0.46269637500000005,0.2048516875,0.8926990625
0.5,0.1875,1.0,0.46149737500000004,0.2057458125,0.9512459375
0.5,0.25,0.0,0.4864635,0.25172125,0.01792175
0.5,0.25,0.0625,0.4852645,0.25261537500000003,0.076468625
0.5,0.25,0.125,0.4840655,0.2535095,0.1350155
0.5,0.25,0.1875,0.4828665,0.254403625,0.193562375
0.5,0.25,0.25,0.48166749999999997,0.25529775,0.25210925
0.5,0.25,0.3125,0.48046849999999997,0.256191875,0.310656125
0.5,0.25,0.375,0.4792695,0.257086,0.369203
0.5,0.25,0.4375,0.4780705,0.257980125,0.427749875
0.5,0.25,0.5,0.4768715,0.25887425000000003,0.48629675
0.5,0.25,0.5625,0.4756725,0.259768375,0.5448436249999999
0.5,0.25,0.625,0.4744735,0.2606625,0.6033904999999999
0.5,0.25,0.6875,0.4732745,0.261556625,0.6619373749999999
0.5,0.25,0.75,0.4720755,0.26245075,0.7204842499999999
0.5,0.25,0.8125,0.4708765,0.26334487500000003,0.7790311249999999
0.5,0.25,0.875,0.46967749999999997,0.264239,0.8375779999999999
0.5,0.25,0.9375,0.4684785,0.265133125,0.8961248749999999
0.5,0.25,1.0,0.4672795,0.26602725,0.9546717499999999
0.5,0.3125,0.0,0.492245625,0.3120026875,0.0213475625
0.5,0.3125,0.0625,0.491046625,0.3128968125,0.0798944375
0.5,0.3125,0.125,0.489847625,0.3137909375,0.1384413125
0.5,0.3125,0.1875,0.488648625,0.3146850625,0.1969881875
0.5,0.3125,0.25,0.487449625,0.31557918749999997,0.2555350625
0.5,0.3125,0.3125,0.48625062500000005,0.3164733125,0.3140819375
0.5,0.3125,0.375,0.48505162500000004,0.31736743749999996,0.3726288125
0.5,0.3125,0.4375,0.48385262500000004,0.3182615625,0.4311756875
0.5,0.3125,0.5,0.48265362500000003,0.3191556875,0.4897225625
0.5,0.3125,0.5625,0.481454625,0.3200498125,0.5482694375
0.5,0.3125,0.625,0.480255625,0.3209439375,0.6068163125
0.5,0.3125,0.6875,0.479056625,0.32183806249999997,0.6653631875
0.5,0.3125,0.75,0.477857625,0.3227321875,0.7239100625
0.5,0.3125,0.8125,0.476658625,0.32362631249999996,0.7824569375
0.5,0.3125,0.875,0.475459625,0.3245204375,0.8410038125
0.5,0.3125,0.9375,0.474260625,0.3254145625,0.8995506875
0.5,0.3125,1.0,0.47306162500000004,0.32630868749999997,0.9580975625
0.5,0.375,0.0,0.49802775,0.37228412499999997,0.024773375
0.5,0.375,0.0625,0.49682875,0.37317825,0.08332025
0.5,0.375,0.125,0.49562975,0.37407237499999996,0.14186712499999998
0.5,0.375,0.1875,0.49443075,0.3749665,0.20041399999999998
0.5,0.375,0.25,0.49323174999999997,0.37586062499999995,0.258960875
0.5,0.375,0.3125,0.49203275,0.37675474999999997,0.31750775
0.5,0.375,0.375,0.49083375,0.37764887499999994,0.376054625
0.5,0.375,0.4375,0.48963475,0.37854299999999996,0.4346015
0.5,0.375,0.5,0.48843575,0.379437125,0.49314837499999997
0.5,0.375,0.5625,0.48723675,0.38033124999999995,0.55169525
0.5,0.375,0.625,0.48603775,0.381225375,0.610242125
0.5,0.375,0.6875,0.48483875,0.38211949999999995,0.668789
0.5,0.375,0.75,0.48363975,0.38301362499999997,0.727335875
0.5,0.375,0.8125,0.48244075,0.38390775,0.78588275
0.5,0.375,0.875,0.48124174999999997,0.38480187499999996,0.844429625
0.5,0.375,0.9375,0.48004274999999996,0.385696,0.9029765
0.5,0.375,1.0,0.47884375,0.38659012499999995,0.961523375
0.5,0.4375,0.0,0.503809875,0.4325655625,0.0281991875
0.5,0.4375,0.0625,0.502610875,0.4334596875,0.0867460625
0.5,0.4375,0.125,0.501411875,0.4343538125,0.1452929375
0.5,0.4375,0.1875,0.500212875,0.4352479375,0.2038398125
0.5,0.4375,0.25,0.49901387499999994,0.4361420625,0.2623866875
0.5,0.4375,0.3125,0.497814875,0.4370361875,0.3209335625
0.5,0.4375,0.375,0.496615875,0.4379303125,0.3794804375
0.5,0.4375,0.4375,0.495416875,0.4388244375,0.4380273125
0.5,0.4375,0.5,0.494217875,0.4397185625,0.4965741875
0.5,0.4375,0.5625,0.49301887499999997,0.4406126875,0.5551210625
0.5,0.4375,0.625,0.49181987499999996,0.4415068125,0.6136679375
0.5,0.4375,0.6875,0.49062087499999996,0.4424009375,0.6722148125
0.5,0.4375,0.75,0.48942187499999995,0.4432950625,0.7307616875
0.5,0.4375,0.8125,0.48822287499999995,0.4441891875,0.7893085625
0.5,0.4375,0.875,0.48702387499999994,0.4450833125,0.8478554375
0.5,0.4375,0.9375,0.48582487499999993,0.4459774375,0.9064023125
0.5,0.4375,1.0,0.484625875,0.4468715625,0.9649491875
0.5,0.5,0.0,0.509592,0.492847,0.031625
0.5,0.5,0.0625,0.5083930000000001,0.493741125,0.090171875
0.5,0.5,0.125,0.507194,0.49463524999999997,0.14871875
0.5,0.5,0.1875,0.5059950000000001,0.495529375,0.207265625
0.5,0.5,0.25,0.504796,0.49642349999999996,0.2658125
0.5,0.5,0.3125,0.5035970000000001,0.497317625,0.324359375
0.5,0.5,0.375,0.502398,0.49821174999999995,0.38290625
0.5,0.5,0.4375,0.5011990000000001,0.499105875,0.441453125
0.5,0.5,0.5,0.5,0.5,0.5
0.5,0.5,0.5625,0.49880100000000005,0.500894125,0.558546875
0.5,0.5,0.625,0.49760200000000004,0.5017882499999999,0.61709375
0.5,0.5,0.6875,0.49640300000000004,0.502682375,0.675640625
0.5,0.5,0.75,0.49520400000000003,0.5035765,0.7341875
0.5,0.5,0.8125,0.494005,0.504470625,0.792734375
0.5,0.5,0.875,0.492806,0.50536475,0.85128125
0.5,0.5,0.9375,0.491607,0.506258875,0.909828125
0.5,0.5,1.0,0.49040800000000007,0.507153,0.968375
0.5,0.5625,0.0,0.515374125,0.5531284375,0.0350508125
0.5,0.5625,0.0625,0.5141751250000001,0.5540225624999999,0.0935976875
0.5,0.5625,0.125,0.512976125,0.5549166875,0.1521445625
0.5,0.5625,0.1875,0.511777125,0.5558108125,0.2106914375
0.5,0.5625,0.25,0.510578125,0.5567049374999999,0.26923831249999997
0.5,0.5625,0.3125,0.509379125,0.5575990624999999,0.32778518749999996
0.5,0.5625,0.375,0.508180125,0.5584931875,0.38633206249999996
0.5,0.5625,0.4375,0.506981125,0.5593873125,0.44487893749999996
0.5,0.5625,0.5,0.505782125,0.5602814374999999,0.5034258125
0.5,0.5625,0.5625,0.504583125,0.5611755625,0.5619726875
0.5,0.5625,0.625,0.503384125,0.5620696875,0.6205195625
0.5,0.5625,0.6875,0.502185125,0.5629638124999999,0.6790664375
0.5,0.5625,0.75,0.5009861250000001,0.5638579374999999,0.7376133125
0.5,0.5625,0.8125,0.499787125,0.5647520625,0.7961601875
0.5,0.5625,0.875,0.498588125,0.5656461875,0.8547070625
0.5,0.5625,0.9375,0.497389125,0.5665403124999999,0.9132539375
0.5,0.5625,1.0,0.49619012500000004,0.5674344375,0.9718008124999999
0.5,0.625,0.0,0.52115625,0.613409875,0.038476625
0.5,0.625,0.0625,0.51995725,0.614304,0.0970235
0.5,0.625,0.125,0.51875825,0.615198125,0.15557037499999998
0.5,0.625,0.1875,0.51755925,0.61609225,0.21411724999999998
0.5,0.625,0.25,0.51636025,0.616986375,0.272664125
0.5,0.625,0.3125,0.51516125,0.6178804999999999,0.331211
0.5,0.625,0.375,0.51396225,0.618774625,0.389757875
0.5,0.625,0.4375,0.51276325,0.61966875,0.44830475
0.5,0.625,0.5,0.5115642499999999,0.620562875,0.506851625
0.5,0.625,0.5625,0.51036525,0.621457,0.5653985
0.5,0.625,0.625,0.50916625,0.622351125,0.623945375
0.5,0.625,0.6875,0.50796725,0.62324525,0.68249225
0.5,0.625,0.75,0.50676825,0.6241393749999999,0.741039125
0.5,0.625,0.8125,0.50556925,0.6250335,0.799586
0.5,0.625,0.875,0.50437025,0.625927625,0.858132875
0.5,0.625,0.9375,0.50317125,0.62682175,0.91667975
0.5,0.625,1.0,0.50197225,0.627715875,0.975226625
0.5,0.6875,0.0,0.526938375,0.6736913125,0.0419024375
0.5,0.6875,0.0625,0.525739375,0.6745854375,0.1004493125
0.5,0.6875,0.125,0.524540375,0.6754795625000001,0.1589961875
0.5,0.6875,0.1875,0.523341375,0.6763736875,0.2175430625
0.5,0.6875,0.25,0.5221423749999999,0.6772678125,0.2760899375
0.5,0.6875,0.3125,0.520943375,0.6781619375,0.3346368125
0.5,0.6875,0.375,0.5197443749999999,0.6790560625000001,0.3931836875
0.5,0.6875,0.4375,0.518545375,0.6799501875,0.4517305625
0.5,0.6875,0.5,0.5173463749999999,0.6808443125,0.5102774375
0.5,0.6875,0.5625,0.516147375,0.6817384375000001,0.5688243125
0.5,0.6875,0.625,0.5149483749999999,0.6826325625,0.6273711875
0.5,0.6875,0.6875,0.513749375,0.6835266875,0.6859180625
0.5,0.6875,0.75,0.512550375,0.6844208125,0.7444649375
0.5,0.6875,0.8125,0.5113513749999999,0.6853149375,0.8030118125
0.5,0.6875,0.875,0.510152375,0.6862090625,0.8615586875
0.5,0.6875,0.9375,0.5089533749999999,0.6871031875,0.9201055625
0.5,0.6875,1.0,0.507754375,0.6879973125000001,0.9786524375
0.5,0.75,0.0,0.5327205,0.73397275,0.04532825
0.5,0.75,0.0625,0.5315215000000001,0.7348668749999999,0.103875125
0.5,0.75,0.125,0.5303225,0.735761,0.162422
0.5,0.75,0.1875,0.5291235000000001,0.736655125,0.220968875
0.5,0.75,0.25,0.5279245,0.7375492499999999,0.27951575
0.5,0.75,0.3125,0.5267255000000001,0.7384433749999999,0.338062625
0.5,0.75,0.375,0.5255265,0.7393375,0.3966095
0.5,0.75,0.4375,0.5243275000000001,0.740231625,0.455156375
0.5,0.75,0.5,0.5231285,0.7411257499999999,0.51370325
0.5,0.75,0.5625,0.5219295,0.742019875,0.5722501249999999
0.5,0.75,0.625,0.5207305,0.742914,0.6307969999999999
0.5,0.75,0.6875,0.5195315,0.7438081249999999,0.6893438749999999
0.5,0.75,0.75,0.5183325000000001,0.7447022499999999,0.7478907499999999
0.5,0.75,0.8125,0.5171335,0.745596375,0.8064376249999999
0.5,0.75,0.875,0.5159345000000001,0.7464905,0.8649844999999999
0.5,0.75,0.9375,0.5147355,0.7473846249999999,0.9235313749999999
0.5,0.75,1.0,0.5135365000000001,0.74827875,0.9820782499999999
0.5,0.8125,0.0,0.538502625,0.7942541875,0.0487540625
0.5,0.8125,0.0625,0.5373036250000001,0.7951483125,0.1073009375
0.5,0.8125,0.125,0.536104625,0.7960424375,0.1658478125
0.5,0.8125,0.1875,0.534905625,0.7969365625,0.2243946875
0.5,0.8125,0.25,0.533706625,0.7978306875,0.2829415625
0.5,0.8125,0.3125,0.532507625,0.7987248124999999,0.3414884375
0.5,0.8125,0.375,0.531308625,0.7996189375,0.4000353125
0.5,0.8125,0.4375,0.530109625,0.8005130625,0.4585821875
0.5,0.8125,0.5,0.528910625,0.8014071875,0.5171290625
0.5,0.8125,0.5625,0.527711625,0.8023013125,0.5756759375
0.5,0.8125,0.625,0.5265126250000001,0.8031954375,0.6342228125
0.5,0.8125,0.6875,0.525313625,0.8040895625,0.6927696875
0.5,0.8125,0.75,0.5241146250000001,0.8049836874999999,0.7513165625
0.5,0.8125,0.8125,0.522915625,0.8058778125,0.8098634375
0.5,0.8125,0.875,0.521716625,0.8067719375,0.8684103125
0.5,0.8125,0.9375,0.520517625,0.8076660625,0.9269571875
0.5,0.8125,1.0,0.519318625,0.8085601875,0.9855040625
0.5,0.875,0.0,0.54428475,0.854535625,0.052179875
0.5,0.875,0.0625,0.54308575,0.85542975,0.11072675
0.5,0.875,0.125,0.54188675,0.8563238750000001,0.16927362499999998
0.5,0.875,0.1875,0.54068775,0.857218,0.22782049999999998
0.5,0.875,0.25,0.53948875,0.858112125,0.286367375
0.5,0.875,0.3125,0.53828975,0.85900625,0.34491425
0.5,0.875,0.375,0.53709075,0.859900375,0.403461125
0.5,0.875,0.4375,0.53589175,0.8607945,0.462008
0.5,0.875,0.5,0.5346927499999999,0.861688625,0.520554875
0.5,0.875,0.5625,0.53349375,0.8625827500000001,0.57910175
0.5,0.875,0.625,0.5322947499999999,0.863476875,0.637648625
0.5,0.875,0.6875,0.53109575,0.864371,0.6961955
0.5,0.875,0.75,0.52989675,0.865265125,0.754742375
0.5,0.875,0.8125,0.52869775,0.86615925,0.81328925
0.5,0.875,0.875,0.52749875,0.867053375,0.871836125
0.5,0.875,0.9375,0.52629975,0.8679475,0.930383
0.5,0.875,1.0,0.52510075,0.8688416250000001,0.988929875
0.5,0.9375,0.0,0.550066875,0.9148170625,0.0556056875
0.5,0.9375,0.0625,0.548867875,0.9157111874999999,0.1141525625
0.5,0.9375,0.125,0.5476688749999999,0.9166053125,0.1726994375
0.5,0.9375,0.1875,0.546469875,0.9174994375,0.2312463125
0.5,0.9375,0.25,0.5452708749999999,0.9183935624999999,0.2897931875
0.5,0.9375,0.3125,0.544071875,0.9192876874999999,0.3483400625
0.5,0.9375,0.375,0.5428728749999999,0.9201818125,0.4068869375
0.5,0.9375,0.4375,0.541673875,0.9210759374999999,0.4654338125
0.5,0.9375,0.5,0.5404748749999999,0.9219700624999999,0.5239806874999999
0.5,0.9375,0.5625,0.539275875,0.9228641875,0.5825275624999999
0.5,0.9375,0.625,0.538076875,0.9237583125,0.6410744374999999
0.5,0.9375,0.6875,0.536877875,0.9246524374999999,0.6996213124999999
0.5,0.9375,0.75,0.535678875,0.9255465624999999,0.7581681874999999
0.5,0.9375,0.8125,0.5344798749999999,0.9264406875,0.8167150624999999
0.5,0.9375,0.875,0.533280875,0.9273348124999999,0.8752619374999999
0.5,0.9375,0.9375,0.5320818749999999,0.9282289374999999,0.9338088124999999
0.5,0.9375,1.0,0.530882875,0.9291230625,0.9923556874999999
0.5,1.0,0.0,0.555849,0.9750985,0.0590315
0.5,1.0,0.0625,0.5546500000000001,0.975992625,0.117578375
0.5,1.0,0.125,0.553451,0.97688675,0.17612525
0.5,1.0,0.1875,0.5522520000000001,0.977780875,0.234672125
0.5,1.0,0.25,0.551053,0.978675,0.293219
0.5,1.0,0.3125,0.5498540000000001,0.9795691249999999,0.351765875
0.5,1.0,0.375,0.548655,0.98046325,0.41031275
0.5,1.0,0.4375,0.547456,0.981357375,0.468859625
0.5,1.0,0.5,0.546257,0.9822514999999999,0.5274065
0.5,1.0,0.5625,0.545058,0.983145625,0.585953375
0.5,1.0,0.625,0.5438590000000001,0.98403975,0.64450025
0.5,1.0,0.6875,0.54266,0.984933875,0.703047125
0.5,1.0,0.75,0.5414610000000001,0.9858279999999999,0.761594
0.5,1.0,0.8125,0.540262,0.986722125,0.820140875
0.5,1.0,0.875,0.5390630000000001,0.98761625,0.87868775
0.5,1.0,0.9375,0.537864,0.9885103749999999,0.937234625
0.5,1.0,1.0,0.5366650000000001,0.9894045,0.9957815
0.5625,0.0,0.0,0.521251875,0.011919937500000002,0.0047458125
0.5625,0.0,0.0625,0.5200528750000001,0.0128140625,0.0632926875
0.5625,0.0,0.125,0.518853875,0.013708187500000002,0.1218395625
0.5625,0.0,0.1875,0.5176548750000001,0.014602312500000002,0.1803864375
0.5625,0.0,0.25,0.516455875,0.015496437500000002,0.2389333125
0.5625,0.0,0.3125,0.5152568750000001,0.0163905625,0.2974801875
0.5625,0.0,0.375,0.514057875,0.0172846875,0.3560270625
0.5625,0.0,0.4375,0.512858875,0.018178812500000002,0.4145739375
0.5625,0.0,0.5,0.511659875,0.0190729375,0.4731208125
0.5625,0.0,0.5625,0.510460875,0.0199670625,0.5316676874999999
0.5625,0.0,0.625,0.509261875,0.020861187500000003,0.5902145624999999
0.5625,0.0,0.6875,0.508062875,0.021755312500000002,0.6487614374999999
0.5625,0.0,0.75,0.5068638750000001,0.0226494375,0.7073083124999999
0.5625,0.0,0.8125,0.505664875,0.0235435625,0.7658551874999999
0.5625,0.0,0.875,0.5044658750000001,0.0244376875,0.8244020624999999
0.5625,0.0,0.9375,0.503266875,0.025331812500000002,0.8829489374999999
0.5625,0.0,1.0,0.502067875,0.0262259375,0.9414958124999999
0.5625,0.0625,0.0,0.527034,0.072201375,0.008171625
0.5625,0.0625,0.0625,0.525835,0.0730955,0.0667185
0.5625,0.0625,0.125,0.524636,0.073989625,0.12526537499999998
0.5625,0.0625,0.1875,0.523437,0.07488375,0.18381224999999998
0.5625,0.0625,0.25,0.522238,0.075777875,0.24235912499999998
0.5625,0.0625,0.3125,0.521039,0.076672,0.300906
0.5625,0.0625,0.375,0.51984,0.077566125,0.359452875
0.5625,0.0625,0.4375,0.518641,0.07846025,0.41799975
0.5625,0.0625,0.5,0.517442,0.079354375,0.476546625
0.5625,0.0625,0.5625,0.516243,0.0802485,0.5350935
0.5625,0.0625,0.625,0.5150440000000001,0.081142625,0.593640375
0.5625,0.0625,0.6875,0.513845,0.08203674999999999,0.65218725
0.5625,0.0625,0.75,0.512646,0.082930875,0.710734125
0.5625,0.0625,0.8125,0.511447,0.083825,0.769281
0.5625,0.0625,0.875,0.510248,0.08471912499999999,0.827827875
0.5625,0.0625,0.9375,0.509049,0.08561325,0.88637475
0.5625,0.0625,1.0,0.50785,0.086507375,0.944921625
0.5625,0.125,0.0,0.5328161250000001,0.1324828125,0.0115974375
0.5625,0.125,0.0625,0.5316171250000001,0.1333769375,0.0701443125
0.5625,0.125,0.125,0.5304181250000001,0.13427106249999998,0.1286911875
0.5625,0.125,0.1875,0.5292191250000001,0.13516518749999998,0.1872380625
0.5625,0.125,0.25,0.5280201250000001,0.1360593125,0.2457849375
0.5625,0.125,0.3125,0.5268211250000001,0.1369534375,0.30433181249999997
0.5625,0.125,0.375,0.525622125,0.1378475625,0.36287868749999996
0.5625,0.125,0.4375,0.5244231250000001,0.1387416875,0.42142556249999996
0.5625,0.125,0.5,0.523224125,0.13963581249999998,0.47997243749999996
0.5625,0.125,0.5625,0.5220251250000001,0.14052993749999998,0.5385193125
0.5625,0.125,0.625,0.5208261250000001,0.1414240625,0.5970661875
0.5625,0.125,0.6875,0.5196271250000001,0.1423181875,0.6556130625
0.5625,0.125,0.75,0.5184281250000001,0.1432123125,0.7141599375
0.5625,0.125,0.8125,0.5172291250000001,0.1441064375,0.7727068125
0.5625,0.125,0.875,0.5160301250000001,0.14500056249999999,0.8312536875
0.5625,0.125,0.9375,0.5148311250000001,0.14589468749999998,0.8898005625
0.5625,0.125,1.0,0.5136321250000001,0.14678881249999998,0.9483474375
0.5625,0.1875,0.0,0.5385982500000001,0.19276425,0.01502325
0.5625,0.1875,0.0625,0.5373992500000001,0.193658375,0.073570125
0.5625,0.1875,0.125,0.53620025,0.1945525,0.13211699999999998
0.5625,0.1875,0.1875,0.5350012500000001,0.19544662499999998,0.19066387499999998
0.5625,0.1875,0.25,0.53380225,0.19634075,0.24921074999999998
0.5625,0.1875,0.3125,0.5326032500000001,0.197234875,0.307757625
0.5625,0.1875,0.375,0.53140425,0.198129,0.3663045
0.5625,0.1875,0.4375,0.5302052500000001,0.199023125,0.424851375
0.5625,0.1875,0.5,0.52900625,0.19991725,0.48339825
0.5625,0.1875,0.5625,0.5278072500000001,0.200811375,0.541945125
0.5625,0.1875,0.625,0.52660825,0.2017055,0.600492
0.5625,0.1875,0.6875,0.52540925,0.202599625,0.659038875
0.5625,0.1875,0.75,0.5242102500000001,0.20349375,0.71758575
0.5625,0.1875,0.8125,0.52301125,0.204387875,0.776132625
0.5625,0.1875,0.875,0.5218122500000001,0.205282,0.8346795
0.5625,0.1875,0.9375,0.52061325,0.206176125,0.893226375
0.5625,0.1875,1.0,0.5194142500000001,0.20707025,0.95177325
0.5625,0.25,0.0,0.544380375,0.2530456875,0.018449062500000002
0.5625,0.25,0.0625,0.5431813750000001,0.25393981250000003,0.0769959375
0.5625,0.25,0.125,0.541982375,0.2548339375,0.1355428125
0.5625,0.25,0.1875,0.5407833750000001,0.2557280625,0.1940896875
0.5625,0.25,0.25,0.539584375,0.2566221875,0.2526365625
0.5625,0.25,0.3125,0.538385375,0.2575163125,0.3111834375
0.5625,0.25,0.375,0.537186375,0.2584104375,0.3697303125
0.5625,0.25,0.4375,0.535987375,0.2593045625,0.4282771875
0.5625,0.25,0.5,0.534788375,0.2601986875,0.4868240625
0.5625,0.25,0.5625,0.533589375,0.2610928125,0.5453709375
0.5625,0.25,0.625,0.5323903750000001,0.2619869375,0.6039178125
0.5625,0.25,0.6875,0.531191375,0.2628810625,0.6624646875
0.5625,0.25,0.75,0.5299923750000001,0.2637751875,0.7210115625
0.5625,0.25,0.8125,0.528793375,0.26466931250000003,0.7795584375
0.5625,0.25,0.875,0.5275943750000001,0.2655634375,0.8381053125
0.5625,0.25,0.9375,0.526395375,0.2664575625,0.8966521875
0.5625,0.25,1.0,0.525196375,0.2673516875,0.9551990625
0.5625,0.3125,0.0,0.5501625,0.313327125,0.021874875000000002
0.5625,0.3125,0.0625,0.5489635,0.31422125,0.08042175
0.5625,0.3125,0.125,0.5477645,0.315115375,0.138968625
0.5625,0.3125,0.1875,0.5465655,0.3160095,0.1975155
0.5625,0.3125,0.25,0.5453665,0.31690362499999997,0.256062375
0.5625,0.3125,0.3125,0.5441675,0.31779775,0.31460925
0.5625,0.3125,0.375,0.5429685,0.31869187499999996,0.373156125
0.5625,0.3125,0.4375,0.5417695,0.319586,0.431703
0.5625,0.3125,0.5,0.5405705,0.320480125,0.490249875
0.5625,0.3125,0.5625,0.5393715,0.32137425,0.5487967499999999
0.5625,0.3125,0.625,0.5381724999999999,0.322268375,0.6073436249999999
0.5625,0.3125,0.6875,0.5369735,0.32316249999999996,0.6658904999999999
0.5625,0.3125,0.75,0.5357745,0.324056625,0.7244373749999999
0.5625,0.3125,0.8125,0.5345755,0.32495074999999995,0.7829842499999999
0.5625,0.3125,0.875,0.5333765,0.325844875,0.8415311249999999
0.5625,0.3125,0.9375,0.5321775,0.326739,0.9000779999999999
0.5625,0.3125,1.0,0.5309785,0.32763312499999997,0.9586248749999999
0.5625,0.375,0.0,0.5559446250000001,0.37360856249999996,0.025300687500000002
0.5625,0.375,0.0625,0.5547456250000001,0.3745026875,0.0838475625
0.5625,0.375,0.125,0.5535466250000001,0.37539681249999995,0.1423944375
0.5625,0.375,0.1875,0.5523476250000001,0.3762909375,0.2009413125
0.5625,0.375,0.25,0.5511486250000001,0.37718506249999995,0.2594881875
0.5625,0.375,0.3125,0.5499496250000001,0.37807918749999997,0.3180350625
0.5625,0.375,0.375,0.548750625,0.37897331249999994,0.3765819375
0.5625,0.375,0.4375,0.5475516250000001,0.37986743749999996,0.4351288125
0.5625,0.375,0.5,0.546352625,0.3807615625,0.4936756875
0.5625,0.375,0.5625,0.5451536250000001,0.38165568749999995,0.5522225625
0.5625,0.375,0.625,0.543954625,0.3825498125,0.6107694375
0.5625,0.375,0.6875,0.5427556250000001,0.38344393749999994,0.6693163125
0.5625,0.375,0.75,0.5415566250000001,0.38433806249999997,0.7278631875
0.5625,0.375,0.8125,0.5403576250000001,0.3852321875,0.7864100625
0.5625,0.375,0.875,0.5391586250000001,0.38612631249999996,0.8449569375
0.5625,0.375,0.9375,0.537959625,0.3870204375,0.9035038125
0.5625,0.375,1.0,0.5367606250000001,0.38791456249999995,0.9620506875
0.5625,0.4375,0.0,0.56172675,0.43389,0.028726500000000002
0.5625,0.4375,0.0625,0.5605277500000001,0.434784125,0.087273375
0.5625,0.4375,0.125,0.55932875,0.43567825,0.14582024999999998
0.5625,0.4375,0.1875,0.5581297500000001,0.436572375,0.20436712499999998
0.5625,0.4375,0.25,0.55693075,0.4374665,0.262914
0.5625,0.4375,0.3125,0.5557317500000001,0.438360625,0.321460875
0.5625,0.4375,0.375,0.55453275,0.43925474999999997,0.38000775
0.5625,0.4375,0.4375,0.5533337500000001,0.440148875,0.438554625
0.5625,0.4375,0.5,0.55213475,0.441043,0.4971015
0.5625,0.4375,0.5625,0.5509357500000001,0.441937125,0.555648375
0.5625,0.4375,0.625,0.5497367500000001,0.44283125,0.61419525
0.5625,0.4375,0.6875,0.54853775,0.443725375,0.672742125
0.5625,0.4375,0.75,0.5473387500000001,0.4446195,0.731289
0.5625,0.4375,0.8125,0.54613975,0.445513625,0.789835875
0.5625,0.4375,0.875,0.5449407500000001,0.44640775,0.84838275
0.5625,0.4375,0.9375,0.54374175,0.447301875,0.906929625
0.5625,0.4375,1.0,0.5425427500000001,0.448196,0.9654765
0.5625,0.5,0.0,0.567508875,0.4941714375,0.0321523125
0.5625,0.5,0.0625,0.5663098750000001,0.4950655625,0.0906991875
0.5625,0.5,0.125,0.565110875,0.49595968749999997,0.1492460625
0.5625,0.5,0.1875,0.5639118750000001,0.4968538125,0.2077929375
0.5625,0.5,0.25,0.562712875,0.49774793749999996,0.2663398125
0.5625,0.5,0.3125,0.561513875,0.4986420625,0.3248866875
0.5625,0.5,0.375,0.560314875,0.49953618749999995,0.3834335625
0.5625,0.5,0.4375,0.559115875,0.5004303125,0.4419804375
0.5625,0.5,0.5,0.557916875,0.5013244375,0.5005273125
0.5625,0.5,0.5625,0.556717875,0.5022185625,0.5590741875
0.5625,0.5,0.625,0.555518875,0.5031126874999999,0.6176210625
0.5625,0.5,0.6875,0.554319875,0.5040068125,0.6761679375
0.5625,0.5,0.75,0.5531208750000001,0.5049009375,0.7347148125
0.5625,0.5,0.8125,0.551921875,0.5057950625,0.7932616875
0.5625,0.5,0.875,0.5507228750000001,0.5066891875,0.8518085625
0.5625,0.5,0.9375,0.549523875,0.5075833125,0.9103554375
0.5625,0.5,1.0,0.548324875,0.5084774375,0.9689023125
0.5625,0.5625,0.0,0.573291,0.554452875,0.035578125
0.5625,0.5625,0.0625,0.572092,0.5553469999999999,0.094125
0.5625,0.5625,0.125,0.570893,0.556241125,0.152671875
0.5625,0.5625,0.1875,0.569694,0.55713525,0.21121875
0.5625,0.5625,0.25,0.568495,0.5580293749999999,0.269765625
0.5625,0.5625,0.3125,0.567296,0.5589234999999999,0.3283125
0.5625,0.5625,0.375,0.566097,0.559817625,0.386859375
0.5625,0.5625,0.4375,0.564898,0.56071175,0.44540625
0.5625,0.5625,0.5,0.563699,0.5616058749999999,0.503953125
0.5625,0.5625,0.5625,0.5625,0.5625,0.5625
0.5625,0.5625,0.625,0.561301,0.563394125,0.621046875
0.5625,0.5625,0.6875,0.560102,0.5642882499999999,0.67959375
0.5625,0.5625,0.75,0.558903,0.5651823749999999,0.738140625
0.5625,0.5625,0.8125,0.557704,0.5660765,0.7966875
0.5625,0.5625,0.875,0.556505,0.566970625,0.855234375
0.5625,0.5625,0.9375,0.555306,0.5678647499999999,0.91378125
0.5625,0.5625,1.0,0.554107,0.568758875,0.972328125
0.5625,0.625,0.0,0.5790731250000001,0.6147343125,0.0390039375
0.5625,0.625,0.0625,0.5778741250000001,0.6156284375,0.0975508125
0.5625,0.625,0.125,0.5766751250000001,0.6165225625,0.1560976875
0.5625,0.625,0.1875,0.5754761250000001,0.6174166875,0.2146445625
0.5625,0.625,0.25,0.574277125,0.6183108125,0.27319143749999997
0.5625,0.625,0.3125,0.5730781250000001,0.6192049374999999,0.33173831249999997
0.5625,0.625,0.375,0.571879125,0.6200990625,0.39028518749999996
0.5625,0.625,0.4375,0.5706801250000001,0.6209931875,0.44883206249999996
0.5625,0.625,0.5,0.569481125,0.6218873125,0.5073789375
0.5625,0.625,0.5625,0.5682821250000001,0.6227814375,0.5659258125
0.5625,0.625,0.625,0.5670831250000001,0.6236755625,0.6244726875
0.5625,0.625,0.6875,0.5658841250000001,0.6245696875,0.6830195625
0.5625,0.625,0.75,0.5646851250000001,0.6254638124999999,0.7415664375
0.5625,0.625,0.8125,0.5634861250000001,0.6263579375,0.8001133125
0.5625,0.625,0.875,0.5622871250000001,0.6272520625,0.8586601875
0.5625,0.625,0.9375,0.561088125,0.6281461875,0.9172070625
0.5625,0.625,1.0,0.5598891250000001,0.6290403125,0.9757539375
0.5625,0.6875,0.0,0.58485525,0.67501575,0.04242975
0.5625,0.6875,0.0625,0.5836562500000001,0.675909875,0.100976625
0.5625,0.6875,0.125,0.58245725,0.6768040000000001,0.15952349999999998
0.5625,0.6875,0.1875,0.5812582500000001,0.677698125,0.21807037499999998
0.5625,0.6875,0.25,0.58005925,0.67859225,0.27661725
0.5625,0.6875,0.3125,0.5788602500000001,0.679486375,0.335164125
0.5625,0.6875,0.375,0.57766125,0.6803805,0.393711
0.5625,0.6875,0.4375,0.5764622500000001,0.681274625,0.452257875
0.5625,0.6875,0.5,0.57526325,0.68216875,0.51080475
0.5625,0.6875,0.5625,0.57406425,0.6830628750000001,0.569351625
0.5625,0.6875,0.625,0.57286525,0.683957,0.6278985
0.5625,0.6875,0.6875,0.57166625,0.684851125,0.686445375
0.5625,0.6875,0.75,0.5704672500000001,0.68574525,0.74499225
0.5625,0.6875,0.8125,0.56926825,0.686639375,0.803539125
0.5625,0.6875,0.875,0.5680692500000001,0.6875335,0.862086
0.5625,0.6875,0.9375,0.56687025,0.688427625,0.920632875
0.5625,0.6875,1.0,0.5656712500000001,0.6893217500000001,0.97917975
0.5625,0.75,0.0,0.590637375,0.7352971875,0.0458555625
0.5625,0.75,0.0625,0.5894383750000001,0.7361913124999999,0.1044024375
0.5625,0.75,0.125,0.588239375,0.7370854375,0.1629493125
0.5625,0.75,0.1875,0.5870403750000001,0.7379795625,0.2214961875
0.5625,0.75,0.25,0.585841375,0.7388736874999999,0.2800430625
0.5625,0.75,0.3125,0.584642375,0.7397678124999999,0.3385899375
0.5625,0.75,0.375,0.583443375,0.7406619375,0.3971368125
0.5625,0.75,0.4375,0.582244375,0.7415560625,0.4556836875
0.5625,0.75,0.5,0.581045375,0.7424501874999999,0.5142305625
0.5625,0.75,0.5625,0.579846375,0.7433443125,0.5727774375
0.5625,0.75,0.625,0.5786473750000001,0.7442384375,0.6313243125
0.5625,0.75,0.6875,0.577448375,0.7451325624999999,0.6898711875
0.5625,0.75,0.75,0.5762493750000001,0.7460266874999999,0.7484180625
0.5625,0.75,0.8125,0.575050375,0.7469208125,0.8069649375
0.5625,0.75,0.875,0.573851375,0.7478149374999999,0.8655118125
0.5625,0.75,0.9375,0.572652375,0.7487090624999999,0.9240586875
0.5625,0.75,1.0,0.571453375,0.7496031875,0.9826055625
0.5625,0.8125,0.0,0.5964195,0.795578625,0.049281375
0.5625,0.8125,0.0625,0.5952205,0.79647275,0.10782825
0.5625,0.8125,0.125,0.5940215,0.797366875,0.166375125
0.5625,0.8125,0.1875,0.5928225,0.798261,0.224922
0.5625,0.8125,0.25,0.5916235,0.799155125,0.283468875
0.5625,0.8125,0.3125,0.5904245,0.8000492499999999,0.34201575
0.5625,0.8125,0.375,0.5892255,0.800943375,0.400562625
0.5625,0.8125,0.4375,0.5880265,0.8018375,0.4591095
0.5625,0.8125,0.5,0.5868275,0.802731625,0.517656375
0.5625,0.8125,0.5625,0.5856285,0.80362575,0.57620325
0.5625,0.8125,0.625,0.5844294999999999,0.804519875,0.6347501249999999
0.5625,0.8125,0.6875,0.5832305,0.805414,0.6932969999999999
0.5625,0.8125,0.75,0.5820315,0.8063081249999999,0.7518438749999999
0.5625,0.8125,0.8125,0.5808325,0.80720225,0.8103907499999999
0.5625,0.8125,0.875,0.5796335,0.808096375,0.8689376249999999
0.5625,0.8125,0.9375,0.5784345,0.8089905,0.9274844999999999
0.5625,0.8125,1.0,0.5772355,0.809884625,0.9860313749999999
0.5625,0.875,0.0,0.6022016250000001,0.8558600625,0.0527071875
0.5625,0.875,0.0625,0.6010026250000001,0.8567541875,0.1112540625
0.5625,0.875,0.125,0.5998036250000001,0.8576483125000001,0.1698009375
0.5625,0.875,0.1875,0.5986046250000001,0.8585424375,0.2283478125
0.5625,0.875,0.25,0.597405625,0.8594365625,0.2868946875
0.5625,0.875,0.3125,0.5962066250000001,0.8603306875,0.3454415625
0.5625,0.875,0.375,0.595007625,0.8612248125,0.4039884375
0.5625,0.875,0.4375,0.5938086250000001,0.8621189375,0.4625353125
0.5625,0.875,0.5,0.592609625,0.8630130625,0.5210821875
0.5625,0.875,0.5625,0.5914106250000001,0.8639071875000001,0.5796290625
0.5625,0.875,0.625,0.590211625,0.8648013125,0.6381759375
0.5625,0.875,0.6875,0.5890126250000001,0.8656954375,0.6967228125
0.5625,0.875,0.75,0.5878136250000001,0.8665895625,0.7552696875
0.5625,0.875,0.8125,0.5866146250000001,0.8674836875,0.8138165625
0.5625,0.875,0.875,0.5854156250000001,0.8683778125,0.8723634375
0.5625,0.875,0.9375,0.584216625,0.8692719375,0.9309103125
0.5625,0.875,1.0,0.5830176250000001,0.8701660625000001,0.9894571875
0.5625,0.9375,0.0,0.60798375,0.9161414999999999,0.056133
0.5625,0.9375,0.0625,0.6067847500000001,0.9170356249999999,0.114679875
0.5625,0.9375,0.125,0.60558575,0.91792975,0.17322674999999998
0.5625,0.9375,0.1875,0.6043867500000001,0.918823875,0.23177362499999998
0.5625,0.9375,0.25,0.60318775,0.9197179999999999,0.2903205
0.5625,0.9375,0.3125,0.6019887500000001,0.9206121249999999,0.348867375
0.5625,0.9375,0.375,0.60078975,0.92150625,0.40741425
0.5625,0.9375,0.4375,0.5995907500000001,0.9224003749999999,0.465961125
0.5625,0.9375,0.5,0.59839175,0.9232944999999999,0.524508
0.5625,0.9375,0.5625,0.59719275,0.924188625,0.583054875
0.5625,0.9375,0.625,0.5959937500000001,0.92508275,0.64160175
0.5625,0.9375,0.6875,0.59479475,0.9259768749999999,0.700148625
0.5625,0.9375,0.75,0.5935957500000001,0.9268709999999999,0.7586955
0.5625,0.9375,0.8125,0.59239675,0.927765125,0.817242375
0.5625,0.9375,0.875,0.5911977500000001,0.9286592499999999,0.87578925
0.5625,0.9375,0.9375,0.58999875,0.9295533749999999,0.934336125
0.5625,0.9375,1.0,0.5887997500000001,0.9304475,0.992883
0.5625,1.0,0.0,0.613765875,0.9764229375,0.0595588125
0.5625,1.0,0.0625,0.6125668750000001,0.9773170625,0.1181056875
0.5625,1.0,0.125,0.611367875,0.9782111875,0.1766525625
0.5625,1.0,0.1875,0.610168875,0.9791053125,0.2351994375
0.5625,1.0,0.25,0.608969875,0.9799994375,0.2937463125
0.5625,1.0,0.3125,0.607770875,0.9808935624999999,0.3522931875
0.5625,1.0,0.375,0.606571875,0.9817876875,0.4108400625
0.5625,1.0,0.4375,0.605372875,0.9826818125,0.4693869375
0.5625,1.0,0.5,0.604173875,0.9835759374999999,0.5279338124999999
0.5625,1.0,0.5625,0.602974875,0.9844700625,0.5864806874999999
0.5625,1.0,0.625,0.601775875,0.9853641875,0.6450275624999999
0.5625,1.0,0.6875,0.600576875,0.9862583125,0.7035744374999999
0.5625,1.0,0.75,0.5993778750000001,0.9871524374999999,0.7621213124999999
0.5625,1.0,0.8125,0.598178875,0.9880465625,0.8206681874999999
0.5625,1.0,0.875,0.596979875,0.9889406875,0.8792150624999999
0.5625,1.0,0.9375,0.595780875,0.9898348124999999,0.9377619374999999
0.5625,1.0,1.0,0.594581875,0.9907289375,0.9963088124999999
0.625,0.0,0.0,0.57916875,0.013244375000000001,0.005273125
0.625,0.0,0.0625,0.5779697500000001,0.014138500000000002,0.06382
0.625,0.0,0.125,0.57677075,0.015032625,0.122366875
0.625,0.0,0.1875,0.57557175,0.01592675,0.18091374999999998
0.625,0.0,0.25,0.57437275,0.016820875,0.23946062499999998
0.625,0.0,0.3125,0.57317375,0.017715,0.2980075
0.625,0.0,0.375,0.57197475,0.018609125,0.356554375
0.625,0.0,0.4375,0.57077575,0.01950325,0.41510125
0.625,0.0,0.5,0.56957675,0.020397375000000002,0.473648125
0.625,0.0,0.5625,0.56837775,0.021291499999999998,0.532195
0.625,0.0,0.625,0.5671787500000001,0.022185625,0.590741875
0.625,0.0,0.6875,0.56597975,0.023079750000000003,0.64928875
0.625,0.0,0.75,0.56478075,0.023973875,0.707835625
0.625,0.0,0.8125,0.56358175,0.024868,0.7663825
0.625,0.0,0.875,0.56238275,0.025762125,0.824929375
0.625,0.0,0.9375,0.56118375,0.02665625,0.88347625
0.625,0.0,1.0,0.55998475,0.027550375000000002,0.942023125
0.625,0.0625,0.0,0.584950875,0.0735258125,0.0086989375
0.625,0.0625,0.0625,0.583751875,0.07441993749999999,0.0672458125
0.625,0.0625,0.125,0.582552875,0.0753140625,0.1257926875
0.625,0.0625,0.1875,0.581353875,0.0762081875,0.1843395625
0.625,0.0625,0.25,0.580154875,0.07710231249999999,0.2428864375
0.625,0.0625,0.3125,0.578955875,0.0779964375,0.3014333125
0.625,0.0625,0.375,0.577756875,0.0788905625,0.3599801875
0.625,0.0625,0.4375,0.576557875,0.07978468749999999,0.4185270625
0.625,0.0625,0.5,0.5753588749999999,0.0806788125,0.4770739375
0.625,0.0625,0.5625,0.574159875,0.0815729375,0.5356208124999999
0.625,0.0625,0.625,0.5729608749999999,0.0824670625,0.5941676874999999
0.625,0.0625,0.6875,0.571761875,0.08336118749999999,0.6527145624999999
0.625,0.0625,0.75,0.570562875,0.0842553125,0.7112614374999999
0.625,0.0625,0.8125,0.569363875,0.0851494375,0.7698083124999999
0.625,0.0625,0.875,0.568164875,0.08604356249999999,0.8283551874999999
0.625,0.0625,0.9375,0.566965875,0.0869376875,0.8869020624999999
0.625,0.0625,1.0,0.565766875,0.0878318125,0.9454489374999999
0.625,0.125,0.0,0.5907330000000001,0.13380725,0.01212475
0.625,0.125,0.0625,0.5895340000000001,0.13470137499999998,0.070671625
0.625,0.125,0.125,0.588335,0.13559549999999998,0.1292185
0.625,0.125,0.1875,0.5871360000000001,0.13648962499999998,0.18776537499999998
0.625,0.125,0.25,0.585937,0.13738375,0.24631224999999998
0.625,0.125,0.3125,0.5847380000000001,0.138277875,0.304859125
0.625,0.125,0.375,0.583539,0.139172,0.363406
0.625,0.125,0.4375,0.5823400000000001,0.14006612499999999,0.421952875
0.625,0.125,0.5,0.581141,0.14096024999999998,0.48049975
0.625,0.125,0.5625,0.5799420000000001,0.14185437499999998,0.539046625
0.625,0.125,0.625,0.578743,0.1427485,0.5975935
0.625,0.125,0.6875,0.5775440000000001,0.143642625,0.656140375
0.625,0.125,0.75,0.5763450000000001,0.14453675,0.71468725
0.625,0.125,0.8125,0.575146,0.145430875,0.773234125
0.625,0.125,0.875,0.5739470000000001,0.14632499999999998,0.831781
0.625,0.125,0.9375,0.572748,0.14721912499999998,0.890327875
0.625,0.125,1.0,0.5715490000000001,0.14811324999999997,0.94887475
0.625,0.1875,0.0,0.596515125,0.1940886875,0.0155505625
0.625,0.1875,0.0625,0.5953161250000001,0.1949828125,0.0740974375
0.625,0.1875,0.125,0.594117125,0.1958769375,0.1326443125
0.625,0.1875,0.1875,0.5929181250000001,0.19677106249999998,0.1911911875
0.625,0.1875,0.25,0.591719125,0.1976651875,0.2497380625
0.625,0.1875,0.3125,0.5905201250000001,0.1985593125,0.30828493749999997
0.625,0.1875,0.375,0.589321125,0.1994534375,0.36683181249999997
0.625,0.1875,0.4375,0.588122125,0.2003475625,0.42537868749999996
0.625,0.1875,0.5,0.586923125,0.2012416875,0.48392556249999996
0.625,0.1875,0.5625,0.585724125,0.20213581249999998,0.5424724375
0.625,0.1875,0.625,0.5845251250000001,0.2030299375,0.6010193125
0.625,0.1875,0.6875,0.583326125,0.2039240625,0.6595661875
0.625,0.1875,0.75,0.5821271250000001,0.2048181875,0.7181130625
0.625,0.1875,0.8125,0.580928125,0.2057123125,0.7766599375
0.625,0.1875,0.875,0.5797291250000001,0.2066064375,0.8352068125
0.625,0.1875,0.9375,0.578530125,0.20750056249999999,0.8937536875
0.625,0.1875,1.0,0.5773311250000001,0.2083946875,0.9523005625
0.625,0.25,0.0,0.60229725,0.254370125,0.018976375
0.625,0.25,0.0625,0.6010982500000001,0.25526425,0.07752325
0.625,0.25,0.125,0.59989925,0.256158375,0.136070125
0.625,0.25,0.1875,0.59870025,0.2570525,0.19461699999999998
0.625,0.25,0.25,0.59750125,0.257946625,0.253163875
0.625,0.25,0.3125,0.59630225,0.25884075,0.31171075
0.625,0.25,0.375,0.59510325,0.259734875,0.370257625
0.625,0.25,0.4375,0.59390425,0.260629,0.4288045
0.625,0.25,0.5,0.59270525,0.261523125,0.487351375
0.625,0.25,0.5625,0.59150625,0.26241725,0.54589825
0.625,0.25,0.625,0.59030725,0.263311375,0.604445125
0.625,0.25,0.6875,0.58910825,0.2642055,0.662992
0.625,0.25,0.75,0.58790925,0.265099625,0.721538875
0.625,0.25,0.8125,0.58671025,0.26599375000000003,0.78008575
0.625,0.25,0.875,0.58551125,0.266887875,0.838632625
0.625,0.25,0.9375,0.58431225,0.267782,0.8971795
0.625,0.25,1.0,0.58311325,0.268676125,0.955726375
0.625,0.3125,0.0,0.608079375,0.3146515625,0.0224021875
0.625,0.3125,0.0625,0.606880375,0.3155456875,0.0809490625
0.625,0.3125,0.125,0.605681375,0.3164398125,0.1394959375
0.625,0.3125,0.1875,0.604482375,0.3173339375,0.1980428125
0.625,0.3125,0.25,0.603283375,0.31822806249999996,0.2565896875
0.625,0.3125,0.3125,0.602084375,0.3191221875,0.3151365625
0.625,0.3125,0.375,0.6008853749999999,0.32001631249999996,0.3736834375
0.625,0.3125,0.4375,0.599686375,0.3209104375,0.4322303125
0.625,0.3125,0.5,0.5984873749999999,0.3218045625,0.4907771875
0.625,0.3125,0.5625,0.597288375,0.32269868749999997,0.5493240625
0.625,0.3125,0.625,0.596089375,0.3235928125,0.6078709375
0.625,0.3125,0.6875,0.594890375,0.32448693749999996,0.6664178125
0.625,0.3125,0.75,0.593691375,0.3253810625,0.7249646875
0.625,0.3125,0.8125,0.592492375,0.32627518749999995,0.7835115625
0.625,0.3125,0.875,0.591293375,0.3271693125,0.8420584375
0.625,0.3125,0.9375,0.590094375,0.3280634375,0.9006053125
0.625,0.3125,1.0,0.588895375,0.32895756249999997,0.9591521875
0.625,0.375,0.0,0.6138615000000001,0.37493299999999996,0.025828
0.625,0.375,0.0625,0.6126625000000001,0.375827125,0.084374875
0.625,0.375,0.125,0.6114635,0.37672124999999995,0.14292175
0.625,0.375,0.1875,0.6102645000000001,0.377615375,0.20146862499999998
0.625,0.375,0.25,0.6090655,0.37850949999999994,0.2600155
0.625,0.375,0.3125,0.6078665000000001,0.37940362499999997,0.318562375
0.625,0.375,0.375,0.6066675,0.38029774999999993,0.37710925
0.625,0.375,0.4375,0.6054685000000001,0.38119187499999996,0.435656125
0.625,0.375,0.5,0.6042695,0.382086,0.494203
0.625,0.375,0.5625,0.6030705000000001,0.38298012499999995,0.552749875
0.625,0.375,0.625,0.6018715000000001,0.38387425,0.6112967499999999
0.625,0.375,0.6875,0.6006725,0.38476837499999994,0.6698436249999999
0.625,0.375,0.75,0.5994735000000001,0.38566249999999996,0.7283904999999999
0.625,0.375,0.8125,0.5982745,0.386556625,0.7869373749999999
0.625,0.375,0.875,0.5970755000000001,0.38745074999999995,0.8454842499999999
0.625,0.375,0.9375,0.5958765,0.388344875,0.9040311249999999
0.625,0.375,1.0,0.5946775000000001,0.38923899999999995,0.9625779999999999
0.625,0.4375,0.0,0.619643625,0.4352144375,0.0292538125
0.625,0.4375,0.0625,0.6184446250000001,0.4361085625,0.0878006875
0.625,0.4375,0.125,0.617245625,0.4370026875,0.1463475625
0.625,0.4375,0.1875,0.6160466250000001,0.4378968125,0.2048944375
0.625,0.4375,0.25,0.614847625,0.4387909375,0.26344131249999997
0.625,0.4375,0.3125,0.6136486250000001,0.4396850625,0.32198818749999997
0.625,0.4375,0.375,0.612449625,0.44057918749999997,0.38053506249999997
0.625,0.4375,0.4375,0.611250625,0.4414733125,0.43908193749999996
0.625,0.4375,0.5,0.610051625,0.4423674375,0.49762881249999996
0.625,0.4375,0.5625,0.608852625,0.4432615625,0.5561756875
0.625,0.4375,0.625,0.607653625,0.4441556875,0.6147225625
0.625,0.4375,0.6875,0.606454625,0.4450498125,0.6732694375
0.625,0.4375,0.75,0.6052556250000001,0.4459439375,0.7318163125
0.625,0.4375,0.8125,0.604056625,0.4468380625,0.7903631875
0.625,0.4375,0.875,0.6028576250000001,0.4477321875,0.8489100625
0.625,0.4375,0.9375,0.601658625,0.4486263125,0.9074569375
0.625,0.4375,1.0,0.600459625,0.4495204375,0.9660038125
0.625,0.5,0.0,0.62542575,0.495495875,0.032679625000000004
0.625,0.5,0.0625,0.62422675,0.49639,0.0912265
0.625,0.5,0.125,0.62302775,0.49728412499999997,0.149773375
0.625,0.5,0.1875,0.62182875,0.49817825,0.20832024999999998
0.625,0.5,0.25,0.62062975,0.49907237499999996,0.266867125
0.625,0.5,0.3125,0.61943075,0.4999665,0.325414
0.625,0.5,0.375,0.61823175,0.500860625,0.383960875
0.625,0.5,0.4375,0.61703275,0.50175475,0.44250775
0.625,0.5,0.5,0.61583375,0.502648875,0.501054625
0.625,0.5,0.5625,0.61463475,0.503543,0.5596015
0.625,0.5,0.625,0.6134357500000001,0.5044371249999999,0.618148375
0.625,0.5,0.6875,0.61223675,0.50533125,0.67669525
0.625,0.5,0.75,0.61103775,0.506225375,0.735242125
0.625,0.5,0.8125,0.60983875,0.5071195,0.793789
0.625,0.5,0.875,0.60863975,0.508013625,0.852335875
0.625,0.5,0.9375,0.60744075,0.50890775,0.91088275
0.625,0.5,1.0,0.60624175,0.509801875,0.969429625
0.625,0.5625,0.0,0.631207875,0.5557773125,0.036105437500000004
0.625,0.5625,0.0625,0.630008875,0.5566714374999999,0.0946523125
0.625,0.5625,0.125,0.628809875,0.5575655625,0.1531991875
0.625,0.5625,0.1875,0.627610875,0.5584596875,0.2117460625
0.625,0.5625,0.25,0.626411875,0.5593538124999999,0.2702929375
0.625,0.5625,0.3125,0.625212875,0.5602479374999999,0.3288398125
0.625,0.5625,0.375,0.6240138749999999,0.5611420625,0.3873866875
0.625,0.5625,0.4375,0.622814875,0.5620361875,0.4459335625
0.625,0.5625,0.5,0.6216158749999999,0.5629303124999999,0.5044804375
0.625,0.5625,0.5625,0.620416875,0.5638244375,0.5630273125
0.625,0.5625,0.625,0.6192178749999999,0.5647185625,0.6215741875
0.625,0.5625,0.6875,0.618018875,0.5656126874999999,0.6801210625
0.625,0.5625,0.75,0.616819875,0.5665068124999999,0.7386679375
0.625,0.5625,0.8125,0.615620875,0.5674009375,0.7972148125
0.625,0.5625,0.875,0.614421875,0.5682950625,0.8557616875
0.625,0.5625,0.9375,0.613222875,0.5691891874999999,0.9143085625
0.625,0.5625,1.0,0.612023875,0.5700833125,0.9728554375
0.625,0.625,0.0,0.6369900000000001,0.61605875,0.039531250000000004
0.625,0.625,0.0625,0.6357910000000001,0.616952875,0.098078125
0.625,0.625,0.125,0.634592,0.617847,0.15662500000000001
0.625,0.625,0.1875,0.6333930000000001,0.618741125,0.215171875
0.625,0.625,0.25,0.632194,0.61963525,0.27371875
0.625,0.625,0.3125,0.6309950000000001,0.6205293749999999,0.332265625
0.625,0.625,0.375,0.629796,0.6214235,0.3908125
0.625,0.625,0.4375,0.6285970000000001,0.622317625,0.449359375
0.625,0.625,0.5,0.627398,0.62321175,0.50790625
0.625,0.625,0.5625,0.6261990000000001,0.624105875,0.566453125
0.625,0.625,0.625,0.625,0.625,0.625
0.625,0.625,0.6875,0.623801,0.625894125,0.683546875
0.625,0.625,0.75,0.6226020000000001,0.6267882499999999,0.74209375
0.625,0.625,0.8125,0.621403,0.627682375,0.800640625
0.625,0.625,0.875,0.6202040000000001,0.6285765,0.8591875
0.625,0.625,0.9375,0.619005,0.629470625,0.917734375
0.625,0.625,1.0,0.6178060000000001,0.63036475,0.97628125
0.625,0.6875,0.0,0.642772125,0.6763401875,0.042957062500000004
0.625,0.6875,0.0625,0.6415731250000001,0.6772343125,0.1015039375
0.625,0.6875,0.125,0.640374125,0.6781284375000001,0.1600508125
0.625,0.6875,0.1875,0.6391751250000001,0.6790225625,0.2185976875
0.625,0.6875,0.25,0.637976125,0.6799166875,0.27714456249999997
0.625,0.6875,0.3125,0.636777125,0.6808108125,0.33569143749999997
0.625,0.6875,0.375,0.635578125,0.6817049375,0.39423831249999997
0.625,0.6875,0.4375,0.634379125,0.6825990625,0.45278518749999996
0.625,0.6875,0.5,0.633180125,0.6834931875,0.5113320625
0.625,0.6875,0.5625,0.631981125,0.6843873125000001,0.5698789375
0.625,0.6875,0.625,0.6307821250000001,0.6852814375,0.6284258125
0.625,0.6875,0.6875,0.629583125,0.6861755625,0.6869726875
0.625,0.6875,0.75,0.6283841250000001,0.6870696875,0.7455195625
0.625,0.6875,0.8125,0.627185125,0.6879638125,0.8040664375
0.625,0.6875,0.875,0.6259861250000001,0.6888579375,0.8626133125
0.625,0.6875,0.9375,0.624787125,0.6897520625,0.9211601875
0.625,0.6875,1.0,0.623588125,0.6906461875000001,0.9797070625
0.625,0.75,0.0,0.64855425,0.736621625,0.046382875000000004
0.625,0.75,0.0625,0.64735525,0.7375157499999999,0.10492975
0.625,0.75,0.125,0.64615625,0.738409875,0.163476625
0.625,0.75,0.1875,0.64495725,0.739304,0.22202349999999998
0.625,0.75,0.25,0.64375825,0.7401981249999999,0.280570375
0.625,0.75,0.3125,0.64255925,0.7410922499999999,0.33911725
0.625,0.75,0.375,0.64136025,0.741986375,0.397664125
0.625,0.75,0.4375,0.64016125,0.7428804999999999,0.456211
0.625,0.75,0.5,0.63896225,0.7437746249999999,0.514757875
0.625,0.75,0.5625,0.63776325,0.74466875,0.57330475
0.625,0.75,0.625,0.6365642499999999,0.745562875,0.631851625
0.625,0.75,0.6875,0.63536525,0.7464569999999999,0.6903985
0.625,0.75,0.75,0.63416625,0.7473511249999999,0.748945375
0.625,0.75,0.8125,0.63296725,0.74824525,0.80749225
0.625,0.75,0.875,0.63176825,0.7491393749999999,0.866039125
0.625,0.75,0.9375,0.63056925,0.7500334999999999,0.924586
0.625,0.75,1.0,0.62937025,0.750927625,0.983132875
0.625,0.8125,0.0,0.654336375,0.7969030625,0.049808687500000004
0.625,0.8125,0.0625,0.653137375,0.7977971875,0.1083555625
0.625,0.8125,0.125,0.651938375,0.7986913125,0.1669024375
0.625,0.8125,0.1875,0.650739375,0.7995854375,0.2254493125
0.625,0.8125,0.25,0.649540375,0.8004795625,0.2839961875
0.625,0.8125,0.3125,0.648341375,0.8013736874999999,0.3425430625
0.625,0.8125,0.375,0.6471423749999999,0.8022678125,0.4010899375
0.625,0.8125,0.4375,0.645943375,0.8031619375,0.4596368125
0.625,0.8125,0.5,0.6447443749999999,0.8040560625,0.5181836875
0.625,0.8125,0.5625,0.643545375,0.8049501875,0.5767305625
0.625,0.8125,0.625,0.642346375,0.8058443125,0.6352774375
0.625,0.8125,0.6875,0.641147375,0.8067384375,0.6938243125
0.625,0.8125,0.75,0.639948375,0.8076325624999999,0.7523711875
0.625,0.8125,0.8125,0.638749375,0.8085266875,0.8109180625
0.625,0.8125,0.875,0.637550375,0.8094208125,0.8694649375
0.625,0.8125,0.9375,0.6363513749999999,0.8103149374999999,0.9280118125
0.625,0.8125,1.0,0.635152375,0.8112090625,0.9865586875
0.625,0.875,0.0,0.6601185,0.8571845,0.053234500000000004
0.625,0.875,0.0625,0.6589195000000001,0.858078625,0.111781375
0.625,0.875,0.125,0.6577205,0.8589727500000001,0.17032825000000001
0.625,0.875,0.1875,0.6565215000000001,0.859866875,0.228875125
0.625,0.875,0.25,0.6553225,0.860761,0.287422
0.625,0.875,0.3125,0.6541235000000001,0.861655125,0.345968875
0.625,0.875,0.375,0.6529245,0.86254925,0.40451575
0.625,0.875,0.4375,0.6517255000000001,0.863443375,0.463062625
0.625,0.875,0.5,0.6505265,0.8643375,0.5216095
0.625,0.875,0.5625,0.6493275000000001,0.8652316250000001,0.580156375
0.625,0.875,0.625,0.6481285000000001,0.86612575,0.63870325
0.625,0.875,0.6875,0.6469295,0.867019875,0.6972501249999999
0.625,0.875,0.75,0.6457305000000001,0.867914,0.7557969999999999
0.625,0.875,0.8125,0.6445315,0.868808125,0.8143438749999999
0.625,0.875,0.875,0.6433325000000001,0.86970225,0.8728907499999999
0.625,0.875,0.9375,0.6421335,0.870596375,0.9314376249999999
0.625,0.875,1.0,0.6409345000000001,0.8714905000000001,0.9899844999999999
0.625,0.9375,0.0,0.665900625,0.9174659374999999,0.056660312500000004
0.625,0.9375,0.0625,0.6647016250000001,0.9183600624999999,0.1152071875
0.625,0.9375,0.125,0.663502625,0.9192541875,0.1737540625
0.625,0.9375,0.1875,0.6623036250000001,0.9201483125,0.2323009375
0.625,0.9375,0.25,0.661104625,0.9210424374999999,0.2908478125
0.625,0.9375,0.3125,0.659905625,0.9219365624999999,0.3493946875
0.625,0.9375,0.375,0.658706625,0.9228306875,0.4079415625
0.625,0.9375,0.4375,0.657507625,0.9237248124999999,0.4664884375
0.625,0.9375,0.5,0.656308625,0.9246189374999999,0.5250353125
0.625,0.9375,0.5625,0.655109625,0.9255130625,0.5835821875
0.625,0.9375,0.625,0.653910625,0.9264071875,0.6421290625
0.625,0.9375,0.6875,0.652711625,0.9273013124999999,0.7006759375
0.625,0.9375,0.75,0.6515126250000001,0.9281954374999999,0.7592228125
0.625,0.9375,0.8125,0.650313625,0.9290895625,0.8177696875
0.625,0.9375,0.875,0.6491146250000001,0.9299836874999999,0.8763165625
0.625,0.9375,0.9375,0.647915625,0.9308778124999999,0.9348634375
0.625,0.9375,1.0,0.646716625,0.9317719375,0.9934103125
0.625,1.0,0.0,0.67168275,0.977747375,0.060086125000000004
0.625,1.0,0.0625,0.67048375,0.9786414999999999,0.118633
0.625,1.0,0.125,0.66928475,0.979535625,0.177179875
0.625,1.0,0.1875,0.66808575,0.98042975,0.23572674999999998
0.625,1.0,0.25,0.66688675,0.981323875,0.294273625
0.625,1.0,0.3125,0.66568775,0.9822179999999999,0.3528205
0.625,1.0,0.375,0.66448875,0.983112125,0.411367375
0.625,1.0,0.4375,0.66328975,0.98400625,0.46991425
0.625,1.0,0.5,0.66209075,0.9849003749999999,0.528461125
0.625,1.0,0.5625,0.66089175,0.9857945,0.587008
0.625,1.0,0.625,0.65969275,0.986688625,0.645554875
0.625,1.0,0.6875,0.65849375,0.98758275,0.70410175
0.625,1.0,0.75,0.65729475,0.9884768749999999,0.762648625
0.625,1.0,0.8125,0.65609575,0.989371,0.8211955
0.625,1.0,0.875,0.65489675,0.990265125,0.879742375
0.625,1.0,0.9375,0.65369775,0.9911592499999999,0.93828925
0.625,1.0,1.0,0.65249875,0.992053375,0.996836125
0.6875,0.0,0.0,0.637085625,0.0145688125,0.0058004375
0.6875,0.0,0.0625,0.635886625,0.0154629375,0.0643473125
0.6875,0.0,0.125,0.634687625,0.0163570625,0.1228941875
0.6875,0.0,0.1875,0.633488625,0.0172511875,0.1814410625
0.6875,0.0,0.25,0.632289625,0.0181453125,0.2399879375
0.6875,0.0,0.3125,0.631090625,0.0190394375,0.29853481249999997
0.6875,0.0,0.375,0.629891625,0.0199335625,0.35708168749999997
0.6875,0.0,0.4375,0.628692625,0.0208276875,0.41562856249999997
0.6875,0.0,0.5,0.6274936249999999,0.0217218125,0.47417543749999996
0.6875,0.0,0.5625,0.626294625,0.0226159375,0.5327223125
0.6875,0.0,0.625,0.6250956249999999,0.023510062499999998,0.5912691875
0.6875,0.0,0.6875,0.623896625,0.0244041875,0.6498160625
0.6875,0.0,0.75,0.622697625,0.0252983125,0.7083629375
0.6875,0.0,0.8125,0.621498625,0.0261924375,0.7669098125
0.6875,0.0,0.875,0.620299625,0.0270865625,0.8254566875
0.6875,0.0,0.9375,0.619100625,0.0279806875,0.8840035625
0.6875,0.0,1.0,0.617901625,0.0288748125,0.9425504375
0.6875,0.0625,0.0,0.64286775,0.07485025000000001,0.00922625
0.6875,0.0625,0.0625,0.64166875,0.075744375,0.067773125
0.6875,0.0625,0.125,0.64046975,0.07663850000000001,0.12632
0.6875,0.0625,0.1875,0.63927075,0.07753262500000001,0.18486687499999999
0.6875,0.0625,0.25,0.6380717499999999,0.07842675,0.24341374999999998
0.6875,0.0625,0.3125,0.63687275,0.07932087500000001,0.301960625
0.6875,0.0625,0.375,0.6356737499999999,0.08021500000000001,0.3605075
0.6875,0.0625,0.4375,0.63447475,0.081109125,0.419054375
0.6875,0.0625,0.5,0.6332757499999999,0.08200325,0.47760125
0.6875,0.0625,0.5625,0.63207675,0.08289737500000001,0.536148125
0.6875,0.0625,0.625,0.63087775,0.0837915,0.594695
0.6875,0.0625,0.6875,0.62967875,0.08468562500000001,0.653241875
0.6875,0.0625,0.75,0.62847975,0.08557975000000001,0.71178875
0.6875,0.0625,0.8125,0.6272807499999999,0.086473875,0.770335625
0.6875,0.0625,0.875,0.62608175,0.087368,0.8288825
0.6875,0.0625,0.9375,0.6248827499999999,0.08826212500000001,0.887429375
0.6875,0.0625,1.0,0.62368375,0.08915625,0.94597625
0.6875,0.125,0.0,0.648649875,0.1351316875,0.0126520625
0.6875,0.125,0.0625,0.6474508750000001,0.13602581249999998,0.0711989375
0.6875,0.125,0.125,0.646251875,0.13691993749999998,0.1297458125
0.6875,0.125,0.1875,0.6450528750000001,0.13781406249999997,0.1882926875
0.6875,0.125,0.25,0.643853875,0.1387081875,0.2468395625
0.6875,0.125,0.3125,0.6426548750000001,0.1396023125,0.3053864375
0.6875,0.125,0.375,0.641455875,0.1404964375,0.3639333125
0.6875,0.125,0.4375,0.6402568750000001,0.14139056249999998,0.4224801875
0.6875,0.125,0.5,0.639057875,0.14228468749999998,0.4810270625
0.6875,0.125,0.5625,0.637858875,0.14317881249999997,0.5395739374999999
0.6875,0.125,0.625,0.6366598750000001,0.1440729375,0.5981208124999999
0.6875,0.125,0.6875,0.635460875,0.1449670625,0.6566676874999999
0.6875,0.125,0.75,0.6342618750000001,0.1458611875,0.7152145624999999
0.6875,0.125,0.8125,0.633062875,0.14675531249999998,0.7737614374999999
0.6875,0.125,0.875,0.6318638750000001,0.14764943749999998,0.8323083124999999
0.6875,0.125,0.9375,0.630664875,0.14854356249999998,0.8908551874999999
0.6875,0.125,1.0,0.6294658750000001,0.14943768749999997,0.9494020624999999
0.6875,0.1875,0.0,0.654432,0.195413125,0.016077875
0.6875,0.1875,0.0625,0.6532330000000001,0.19630725,0.07462474999999999
0.6875,0.1875,0.125,0.652034,0.19720137499999998,0.133171625
0.6875,0.1875,0.1875,0.650835,0.19809549999999998,0.1917185
0.6875,0.1875,0.25,0.649636,0.198989625,0.250265375
0.6875,0.1875,0.3125,0.648437,0.19988375,0.30881225
0.6875,0.1875,0.375,0.647238,0.200777875,0.367359125
0.6875,0.1875,0.4375,0.646039,0.201672,0.425906
0.6875,0.1875,0.5,0.64484,0.20256612499999999,0.484452875
0.6875,0.1875,0.5625,0.643641,0.20346024999999998,0.54299975
0.6875,0.1875,0.625,0.642442,0.204354375,0.601546625
0.6875,0.1875,0.6875,0.641243,0.2052485,0.6600935
0.6875,0.1875,0.75,0.6400440000000001,0.206142625,0.718640375
0.6875,0.1875,0.8125,0.638845,0.20703675,0.77718725
0.6875,0.1875,0.875,0.637646,0.207930875,0.835734125
0.6875,0.1875,0.9375,0.636447,0.20882499999999998,0.894281
0.6875,0.1875,1.0,0.635248,0.209719125,0.952827875
0.6875,0.25,0.0,0.660214125,0.2556945625,0.0195036875
0.6875,0.25,0.0625,0.659015125,0.2565886875,0.0780505625
0.6875,0.25,0.125,0.657816125,0.2574828125,0.1365974375
0.6875,0.25,0.1875,0.656617125,0.2583769375,0.1951443125
0.6875,0.25,0.25,0.655418125,0.2592710625,0.25369118749999997
0.6875,0.25,0.3125,0.654219125,0.2601651875,0.31223806249999997
0.6875,0.25,0.375,0.653020125,0.2610593125,0.37078493749999997
0.6875,0.25,0.4375,0.651821125,0.2619534375,0.42933181249999997
0.6875,0.25,0.5,0.6506221249999999,0.2628475625,0.48787868749999996
0.6875,0.25,0.5625,0.649423125,0.2637416875,0.5464255625
0.6875,0.25,0.625,0.648224125,0.2646358125,0.6049724375
0.6875,0.25,0.6875,0.647025125,0.2655299375,0.6635193125
0.6875,0.25,0.75,0.645826125,0.2664240625,0.7220661875
0.6875,0.25,0.8125,0.644627125,0.2673181875,0.7806130625
0.6875,0.25,0.875,0.643428125,0.2682123125,0.8391599375
0.6875,0.25,0.9375,0.642229125,0.2691064375,0.8977068125
0.6875,0.25,1.0,0.641030125,0.2700005625,0.9562536875
0.6875,0.3125,0.0,0.66599625,0.31597600000000003,0.0229295
0.6875,0.3125,0.0625,0.66479725,0.31687012500000006,0.08147637499999999
0.6875,0.3125,0.125,0.66359825,0.31776425,0.14002325
0.6875,0.3125,0.1875,0.66239925,0.31865837500000005,0.198570125
0.6875,0.3125,0.25,0.6612002499999999,0.3195525,0.257117
0.6875,0.3125,0.3125,0.66000125,0.32044662500000004,0.315663875
0.6875,0.3125,0.375,0.6588022499999999,0.32134075,0.37421075
0.6875,0.3125,0.4375,0.65760325,0.32223487500000003,0.432757625
0.6875,0.3125,0.5,0.6564042499999999,0.32312900000000006,0.4913045
0.6875,0.3125,0.5625,0.65520525,0.324023125,0.549851375
0.6875,0.3125,0.625,0.6540062499999999,0.32491725000000005,0.60839825
0.6875,0.3125,0.6875,0.65280725,0.325811375,0.666945125
0.6875,0.3125,0.75,0.65160825,0.32670550000000004,0.725492
0.6875,0.3125,0.8125,0.6504092499999999,0.32759962500000006,0.784038875
0.6875,0.3125,0.875,0.64921025,0.32849375000000003,0.84258575
0.6875,0.3125,0.9375,0.6480112499999999,0.32938787500000005,0.901132625
0.6875,0.3125,1.0,0.64681225,0.330282,0.9596795
0.6875,0.375,0.0,0.671778375,0.37625743749999996,0.0263553125
0.6875,0.375,0.0625,0.6705793750000001,0.3771515625,0.0849021875
0.6875,0.375,0.125,0.669380375,0.37804568749999995,0.1434490625
0.6875,0.375,0.1875,0.6681813750000001,0.3789398125,0.2019959375
0.6875,0.375,0.25,0.666982375,0.37983393749999994,0.2605428125
0.6875,0.375,0.3125,0.6657833750000001,0.38072806249999996,0.3190896875
0.6875,0.375,0.375,0.664584375,0.38162218749999993,0.3776365625
0.6875,0.375,0.4375,0.663385375,0.38251631249999996,0.4361834375
0.6875,0.375,0.5,0.662186375,0.3834104375,0.4947303125
0.6875,0.375,0.5625,0.660987375,0.38430456249999995,0.5532771875
0.6875,0.375,0.625,0.659788375,0.38519868749999997,0.6118240625
0.6875,0.375,0.6875,0.658589375,0.38609281249999994,0.6703709375
0.6875,0.375,0.75,0.6573903750000001,0.38698693749999996,0.7289178125
0.6875,0.375,0.8125,0.656191375,0.3878810625,0.7874646875
0.6875,0.375,0.875,0.6549923750000001,0.38877518749999995,0.8460115625
0.6875,0.375,0.9375,0.653793375,0.3896693125,0.9045584375
0.6875,0.375,1.0,0.6525943750000001,0.39056343749999994,0.9631053125
0.6875,0.4375,0.0,0.6775605,0.436538875,0.029781125
0.6875,0.4375,0.0625,0.6763615000000001,0.437433,0.08832799999999999
0.6875,0.4375,0.125,0.6751625,0.438327125,0.146874875
0.6875,0.4375,0.1875,0.6739635,0.43922125,0.20542175
0.6875,0.4375,0.25,0.6727645,0.440115375,0.263968625
0.6875,0.4375,0.3125,0.6715655,0.4410095,0.3225155
0.6875,0.4375,0.375,0.6703665,0.44190362499999997,0.381062375
0.6875,0.4375,0.4375,0.6691675,0.44279775,0.43960925
0.6875,0.4375,0.5,0.6679685,0.443691875,0.498156125
0.6875,0.4375,0.5625,0.6667695,0.444586,0.556703
0.6875,0.4375,0.625,0.6655705000000001,0.445480125,0.615249875
0.6875,0.4375,0.6875,0.6643715,0.44637425,0.6737967499999999
0.6875,0.4375,0.75,0.6631725,0.447268375,0.7323436249999999
0.6875,0.4375,0.8125,0.6619735,0.4481625,0.7908904999999999
0.6875,0.4375,0.875,0.6607745,0.449056625,0.8494373749999999
0.6875,0.4375,0.9375,0.6595755,0.44995075,0.9079842499999999
0.6875,0.4375,1.0,0.6583765,0.450844875,0.9665311249999999
0.6875,0.5,0.0,0.683342625,0.4968203125,0.0332069375
0.6875,0.5,0.0625,0.682143625,0.49771443750000005,0.0917538125
0.6875,0.5,0.125,0.680944625,0.4986085625,0.1503006875
0.6875,0.5,0.1875,0.679745625,0.49950268750000004,0.2088475625
0.6875,0.5,0.25,0.678546625,0.5003968125,0.26739443749999997
0.6875,0.5,0.3125,0.677347625,0.5012909375,0.32594131249999997
0.6875,0.5,0.375,0.676148625,0.5021850625000001,0.38448818749999997
0.6875,0.5,0.4375,0.674949625,0.5030791875,0.44303506249999997
0.6875,0.5,0.5,0.6737506249999999,0.5039733125,0.5015819375
0.6875,0.5,0.5625,0.672551625,0.5048674375000001,0.5601288125
0.6875,0.5,0.625,0.6713526249999999,0.5057615625,0.6186756875
0.6875,0.5,0.6875,0.670153625,0.5066556875,0.6772225625
0.6875,0.5,0.75,0.668954625,0.5075498125,0.7357694375
0.6875,0.5,0.8125,0.667755625,0.5084439375,0.7943163125
0.6875,0.5,0.875,0.666556625,0.5093380625,0.8528631875
0.6875,0.5,0.9375,0.665357625,0.5102321875,0.9114100625
0.6875,0.5,1.0,0.664158625,0.5111263125000001,0.9699569375
0.6875,0.5625,0.0,0.68912475,0.55710175,0.03663275
0.6875,0.5625,0.0625,0.68792575,0.5579958749999999,0.09517962499999999
0.6875,0.5625,0.125,0.6867267499999999,0.55889,0.1537265
0.6875,0.5625,0.1875,0.68552775,0.559784125,0.212273375
0.6875,0.5625,0.25,0.6843287499999999,0.5606782499999999,0.27082025
0.6875,0.5625,0.3125,0.68312975,0.5615723749999999,0.329367125
0.6875,0.5625,0.375,0.6819307499999999,0.5624665,0.387914
0.6875,0.5625,0.4375,0.68073175,0.563360625,0.446460875
0.6875,0.5625,0.5,0.6795327499999999,0.5642547499999999,0.50500775
0.6875,0.5625,0.5625,0.67833375,0.565148875,0.563554625
0.6875,0.5625,0.625,0.67713475,0.566043,0.6221015
0.6875,0.5625,0.6875,0.67593575,0.5669371249999999,0.680648375
0.6875,0.5625,0.75,0.67473675,0.5678312499999999,0.73919525
0.6875,0.5625,0.8125,0.6735377499999999,0.568725375,0.797742125
0.6875,0.5625,0.875,0.67233875,0.5696195,0.856289
0.6875,0.5625,0.9375,0.6711397499999999,0.5705136249999999,0.914835875
0.6875,0.5625,1.0,0.66994075,0.57140775,0.97338275
0.6875,0.625,0.0,0.694906875,0.6173831875,0.0400585625
0.6875,0.625,0.0625,0.6937078750000001,0.6182773125,0.0986054375
0.6875,0.625,0.125,0.692508875,0.6191714375,0.1571523125
0.6875,0.625,0.1875,0.6913098750000001,0.6200655625,0.2156991875
0.6875,0.625,0.25,0.690110875,0.6209596875,0.2742460625
0.6875,0.625,0.3125,0.6889118750000001,0.6218538124999999,0.3327929375
0.6875,0.625,0.375,0.687712875,0.6227479375,0.3913398125
0.6875,0.625,0.4375,0.686513875,0.6236420625,0.4498866875
0.6875,0.625,0.5,0.685314875,0.6245361875,0.5084335624999999
0.6875,0.625,0.5625,0.684115875,0.6254303125,0.5669804374999999
0.6875,0.625,0.625,0.6829168750000001,0.6263244375,0.6255273124999999
0.6875,0.625,0.6875,0.681717875,0.6272185625,0.6840741874999999
0.6875,0.625,0.75,0.6805188750000001,0.6281126874999999,0.7426210624999999
0.6875,0.625,0.8125,0.679319875,0.6290068125,0.8011679374999999
0.6875,0.625,0.875,0.6781208750000001,0.6299009375,0.8597148124999999
0.6875,0.625,0.9375,0.676921875,0.6307950625,0.9182616874999999
0.6875,0.625,1.0,0.6757228750000001,0.6316891875,0.9768085624999999
0.6875,0.6875,0.0,0.700689,0.677664625,0.043484375
0.6875,0.6875,0.0625,0.6994900000000001,0.67855875,0.10203124999999999
0.6875,0.6875,0.125,0.698291,0.6794528750000001,0.160578125
0.6875,0.6875,0.1875,0.697092,0.680347,0.219125
0.6875,0.6875,0.25,0.695893,0.681241125,0.277671875
0.6875,0.6875,0.3125,0.694694,0.68213525,0.33621875
0.6875,0.6875,0.375,0.693495,0.683029375,0.394765625
0.6875,0.6875,0.4375,0.692296,0.6839235,0.4533125
0.6875,0.6875,0.5,0.691097,0.684817625,0.511859375
0.6875,0.6875,0.5625,0.689898,0.6857117500000001,0.57040625
0.6875,0.6875,0.625,0.688699,0.686605875,0.628953125
0.6875,0.6875,0.6875,0.6875,0.6875,0.6875
0.6875,0.6875,0.75,0.686301,0.688394125,0.746046875
0.6875,0.6875,0.8125,0.685102,0.68928825,0.80459375
0.6875,0.6875,0.875,0.683903,0.690182375,0.863140625
0.6875,0.6875,0.9375,0.682704,0.6910765,0.9216875
0.6875,0.6875,1.0,0.681505,0.6919706250000001,0.980234375
0.6875,0.75,0.0,0.706471125,0.7379460624999999,0.0469101875
0.6875,0.75,0.0625,0.705272125,0.7388401874999999,0.1054570625
0.6875,0.75,0.125,0.704073125,0.7397343125,0.1640039375
0.6875,0.75,0.1875,0.702874125,0.7406284375,0.2225508125
0.6875,0.75,0.25,0.701675125,0.7415225624999999,0.28109768749999997
0.6875,0.75,0.3125,0.700476125,0.7424166874999999,0.33964456249999997
0.6875,0.75,0.375,0.6992771249999999,0.7433108125,0.39819143749999997
0.6875,0.75,0.4375,0.698078125,0.7442049374999999,0.45673831249999997
0.6875,0.75,0.5,0.6968791249999999,0.7450990624999999,0.5152851875
0.6875,0.75,0.5625,0.695680125,0.7459931875,0.5738320625
0.6875,0.75,0.625,0.694481125,0.7468873125,0.6323789375
0.6875,0.75,0.6875,0.693282125,0.7477814374999999,0.6909258125
0.6875,0.75,0.75,0.692083125,0.7486755624999999,0.7494726875
0.6875,0.75,0.8125,0.690884125,0.7495696875,0.8080195625
0.6875,0.75,0.875,0.689685125,0.7504638124999999,0.8665664375
0.6875,0.75,0.9375,0.688486125,0.7513579374999999,0.9251133125
0.6875,0.75,1.0,0.687287125,0.7522520625,0.9836601875
0.6875,0.8125,0.0,0.71225325,0.7982275,0.050336
0.6875,0.8125,0.0625,0.71105425,0.799121625,0.10888287499999999
0.6875,0.8125,0.125,0.7098552499999999,0.80001575,0.16742975
0.6875,0.8125,0.1875,0.70865625,0.800909875,0.225976625
0.6875,0.8125,0.25,0.7074572499999999,0.801804,0.2845235
0.6875,0.8125,0.3125,0.70625825,0.8026981249999999,0.343070375
0.6875,0.8125,0.375,0.7050592499999999,0.80359225,0.40161725
0.6875,0.8125,0.4375,0.70386025,0.804486375,0.460164125
0.6875,0.8125,0.5,0.7026612499999999,0.8053804999999999,0.518711
0.6875,0.8125,0.5625,0.70146225,0.806274625,0.577257875
0.6875,0.8125,0.625,0.7002632499999999,0.80716875,0.63580475
0.6875,0.8125,0.6875,0.6990642499999999,0.808062875,0.694351625
0.6875,0.8125,0.75,0.69786525,0.8089569999999999,0.7528985
0.6875,0.8125,0.8125,0.6966662499999999,0.809851125,0.811445375
0.6875,0.8125,0.875,0.69546725,0.81074525,0.86999225
0.6875,0.8125,0.9375,0.6942682499999999,0.8116393749999999,0.928539125
0.6875,0.8125,1.0,0.69306925,0.8125335,0.987086
0.6875,0.875,0.0,0.718035375,0.8585089375,0.0537618125
0.6875,0.875,0.0625,0.7168363750000001,0.8594030625,0.1123086875
0.6875,0.875,0.125,0.715637375,0.8602971875000001,0.1708555625
0.6875,0.875,0.1875,0.7144383750000001,0.8611913125,0.2294024375
0.6875,0.875,0.25,0.713239375,0.8620854375,0.2879493125
0.6875,0.875,0.3125,0.7120403750000001,0.8629795625,0.3464961875
0.6875,0.875,0.375,0.710841375,0.8638736875,0.4050430625
0.6875,0.875,0.4375,0.709642375,0.8647678125,0.4635899375
0.6875,0.875,0.5,0.708443375,0.8656619375,0.5221368125
0.6875,0.875,0.5625,0.707244375,0.8665560625000001,0.5806836875
0.6875,0.875,0.625,0.706045375,0.8674501875,0.6392305625
0.6875,0.875,0.6875,0.704846375,0.8683443125,0.6977774375
0.6875,0.875,0.75,0.7036473750000001,0.8692384375,0.7563243125
0.6875,0.875,0.8125,0.702448375,0.8701325625,0.8148711875
0.6875,0.875,0.875,0.7012493750000001,0.8710266875,0.8734180625
0.6875,0.875,0.9375,0.700050375,0.8719208125,0.9319649375
0.6875,0.875,1.0,0.698851375,0.8728149375,0.9905118125
0.6875,0.9375,0.0,0.7238175,0.9187903749999999,0.057187625
0.6875,0.9375,0.0625,0.7226185,0.9196844999999999,0.11573449999999999
0.6875,0.9375,0.125,0.7214195,0.920578625,0.174281375
0.6875,0.9375,0.1875,0.7202205,0.92147275,0.23282825
0.6875,0.9375,0.25,0.7190215,0.9223668749999999,0.291375125
0.6875,0.9375,0.3125,0.7178225,0.9232609999999999,0.349922
0.6875,0.9375,0.375,0.7166235,0.924155125,0.408468875
0.6875,0.9375,0.4375,0.7154245,0.9250492499999999,0.46701575
0.6875,0.9375,0.5,0.7142255,0.9259433749999999,0.525562625
0.6875,0.9375,0.5625,0.7130265,0.9268375,0.5841095
0.6875,0.9375,0.625,0.7118275000000001,0.927731625,0.642656375
0.6875,0.9375,0.6875,0.7106285,0.9286257499999999,0.70120325
0.6875,0.9375,0.75,0.7094295,0.9295198749999999,0.7597501249999999
0.6875,0.9375,0.8125,0.7082305,0.930414,0.8182969999999999
0.6875,0.9375,0.875,0.7070315,0.9313081249999999,0.8768438749999999
0.6875,0.9375,0.9375,0.7058325,0.9322022499999999,0.9353907499999999
0.6875,0.9375,1.0,0.7046335,0.933096375,0.9939376249999999
0.6875,1.0,0.0,0.729599625,0.9790718125,0.0606134375
0.6875,1.0,0.0625,0.728400625,0.9799659374999999,0.1191603125
0.6875,1.0,0.125,0.727201625,0.9808600625,0.1777071875
0.6875,1.0,0.1875,0.726002625,0.9817541875,0.2362540625
0.6875,1.0,0.25,0.724803625,0.9826483125,0.29480093749999997
0.6875,1.0,0.3125,0.723604625,0.9835424374999999,0.35334781249999997
0.6875,1.0,0.375,0.7224056249999999,0.9844365625,0.41189468749999997
0.6875,1.0,0.4375,0.721206625,0.9853306875,0.47044156249999997
0.6875,1.0,0.5,0.7200076249999999,0.9862248124999999,0.5289884375
0.6875,1.0,0.5625,0.718808625,0.9871189375,0.5875353125
0.6875,1.0,0.625,0.7176096249999999,0.9880130625,0.6460821875
0.6875,1.0,0.6875,0.716410625,0.9889071875,0.7046290625
0.6875,1.0,0.75,0.715211625,0.9898013124999999,0.7631759375
0.6875,1.0,0.8125,0.714012625,0.9906954375,0.8217228125
0.6875,1.0,0.875,0.712813625,0.9915895625,0.8802696875
0.6875,1.0,0.9375,0.711614625,0.9924836874999999,0.9388165625
0.6875,1.0,1.0,0.710415625,0.9933778125,0.9973634375
0.75,0.0,0.0,0.6950025,0.01589325,0.00632775
0.75,0.0,0.0625,0.6938035,0.016787375,0.06487462499999999
0.75,0.0,0.125,0.6926045,0.017681500000000003,0.12342149999999999
0.75,0.0,0.1875,0.6914055,0.018575625000000002,0.181968375
0.75,0.0,0.25,0.6902065,0.01946975,0.24051524999999999
0.75,0.0,0.3125,0.6890075,0.020363875,0.299062125
0.75,0.0,0.375,0.6878084999999999,0.021258,0.357609
0.75,0.0,0.4375,0.6866095,0.022152125,0.416155875
0.75,0.0,0.5,0.6854104999999999,0.02304625,0.47470275
0.75,0.0,0.5625,0.6842115,0.023940375,0.533249625
0.75,0.0,0.625,0.6830125,0.024834500000000002,0.5917965
0.75,0.0,0.6875,0.6818135,0.025728625,0.650343375
0.75,0.0,0.75,0.6806145,0.02662275,0.7088902499999999
0.75,0.0,0.8125,0.6794155,0.027516875,0.7674371249999999
0.75,0.0,0.875,0.6782165,0.028411,0.8259839999999999
0.75,0.0,0.9375,0.6770174999999999,0.029305125,0.8845308749999999
0.75,0.0,1.0,0.6758185,0.03019925,0.9430777499999999
0.75,0.0625,0.0,0.7007846249999999,0.0761746875,0.0097535625
0.75,0.0625,0.0625,0.699585625,0.0770688125,0.0683004375
0.75,0.0625,0.125,0.6983866249999999,0.07796293750000001,0.1268473125
0.75,0.0625,0.1875,0.697187625,0.0788570625,0.1853941875
0.75,0.0625,0.25,0.6959886249999999,0.0797511875,0.2439410625
0.75,0.0625,0.3125,0.694789625,0.08064531250000001,0.30248793749999997
0.75,0.0625,0.375,0.6935906249999999,0.0815394375,0.36103481249999997
0.75,0.0625,0.4375,0.692391625,0.0824335625,0.41958168749999997
0.75,0.0625,0.5,0.6911926249999999,0.0833276875,0.47812856249999997
0.75,0.0625,0.5625,0.6899936249999999,0.0842218125,0.5366754375
0.75,0.0625,0.625,0.6887946249999999,0.0851159375,0.5952223125
0.75,0.0625,0.6875,0.6875956249999999,0.08601006250000001,0.6537691875
0.75,0.0625,0.75,0.686396625,0.08690418750000001,0.7123160625
0.75,0.0625,0.8125,0.6851976249999999,0.0877983125,0.7708629375
0.75,0.0625,0.875,0.683998625,0.0886924375,0.8294098125
0.75,0.0625,0.9375,0.6827996249999999,0.08958656250000001,0.8879566875
0.75,0.0625,1.0,0.681600625,0.0904806875,0.9465035625
0.75,0.125,0.0,0.70656675,0.136456125,0.013179375
0.75,0.125,0.0625,0.7053677500000001,0.13735025,0.07172624999999999
0.75,0.125,0.125,0.70416875,0.138244375,0.130273125
0.75,0.125,0.1875,0.7029697500000001,0.1391385,0.18882
0.75,0.125,0.25,0.70177075,0.14003262500000002,0.24736687499999999
0.75,0.125,0.3125,0.70057175,0.14092675000000002,0.30591375
0.75,0.125,0.375,0.69937275,0.141820875,0.364460625
0.75,0.125,0.4375,0.69817375,0.142715,0.4230075
0.75,0.125,0.5,0.69697475,0.143609125,0.481554375
0.75,0.125,0.5625,0.69577575,0.14450325,0.54010125
0.75,0.125,0.625,0.69457675,0.14539737500000002,0.598648125
0.75,0.125,0.6875,0.69337775,0.14629150000000002,0.657195
0.75,0.125,0.75,0.6921787500000001,0.14718562500000001,0.715741875
0.75,0.125,0.8125,0.69097975,0.14807975,0.77428875
0.75,0.125,0.875,0.68978075,0.148973875,0.832835625
0.75,0.125,0.9375,0.68858175,0.149868,0.8913825
0.75,0.125,1.0,0.68738275,0.15076212500000002,0.949929375
0.75,0.1875,0.0,0.712348875,0.1967375625,0.0166051875
0.75,0.1875,0.0625,0.711149875,0.1976316875,0.0751520625
0.75,0.1875,0.125,0.709950875,0.19852581249999998,0.1336989375
0.75,0.1875,0.1875,0.708751875,0.19941993749999998,0.1922458125
0.75,0.1875,0.25,0.707552875,0.2003140625,0.2507926875
0.75,0.1875,0.3125,0.706353875,0.2012081875,0.3093395625
0.75,0.1875,0.375,0.705154875,0.2021023125,0.3678864375
0.75,0.1875,0.4375,0.703955875,0.2029964375,0.4264333125
0.75,0.1875,0.5,0.702756875,0.20389056249999998,0.4849801875
0.75,0.1875,0.5625,0.701557875,0.20478468749999998,0.5435270624999999
0.75,0.1875,0.625,0.700358875,0.2056788125,0.6020739374999999
0.75,0.1875,0.6875,0.699159875,0.2065729375,0.6606208124999999
0.75,0.1875,0.75,0.697960875,0.2074670625,0.7191676874999999
0.75,0.1875,0.8125,0.696761875,0.2083611875,0.7777145624999999
0.75,0.1875,0.875,0.695562875,0.20925531249999998,0.8362614374999999
0.75,0.1875,0.9375,0.694363875,0.21014943749999998,0.8948083124999999
0.75,0.1875,1.0,0.693164875,0.2110435625,0.9533551874999999
0.75,0.25,0.0,0.718131,0.257019,0.020031
0.75,0.25,0.0625,0.716932,0.257913125,0.07857787499999999
0.75,0.25,0.125,0.715733,0.25880725,0.13712475
0.75,0.25,0.1875,0.714534,0.259701375,0.195671625
0.75,0.25,0.25,0.7133349999999999,0.2605955,0.2542185
0.75,0.25,0.3125,0.712136,0.261489625,0.312765375
0.75,0.25,0.375,0.7109369999999999,0.26238374999999997,0.37131225
0.75,0.25,0.4375,0.709738,0.263277875,0.429859125
0.75,0.25,0.5,0.7085389999999999,0.264172,0.488406
0.75,0.25,0.5625,0.70734,0.265066125,0.546952875
0.75,0.25,0.625,0.7061409999999999,0.26596025,0.60549975
0.75,0.25,0.6875,0.704942,0.266854375,0.664046625
0.75,0.25,0.75,0.703743,0.2677485,0.7225935
0.75,0.25,0.8125,0.702544,0.268642625,0.781140375
0.75,0.25,0.875,0.701345,0.26953675,0.83968725
0.75,0.25,0.9375,0.7001459999999999,0.270430875,0.898234125
0.75,0.25,1.0,0.698947,0.271325,0.956781
0.75,0.3125,0.0,0.7239131249999999,0.31730043750000003,0.0234568125
0.75,0.3125,0.0625,0.722714125,0.31819456250000006,0.0820036875
0.75,0.3125,0.125,0.7215151249999999,0.3190886875,0.1405505625
0.75,0.3125,0.1875,0.720316125,0.31998281250000005,0.1990974375
0.75,0.3125,0.25,0.7191171249999999,0.3208769375,0.2576443125
0.75,0.3125,0.3125,0.717918125,0.32177106250000004,0.31619118749999997
0.75,0.3125,0.375,0.7167191249999999,0.3226651875,0.37473806249999997
0.75,0.3125,0.4375,0.715520125,0.32355931250000003,0.43328493749999997
0.75,0.3125,0.5,0.7143211249999999,0.32445343750000005,0.49183181249999997
0.75,0.3125,0.5625,0.7131221249999999,0.3253475625,0.5503786875
0.75,0.3125,0.625,0.711923125,0.32624168750000004,0.6089255625
0.75,0.3125,0.6875,0.7107241249999999,0.3271358125,0.6674724375
0.75,0.3125,0.75,0.709525125,0.32802993750000004,0.7260193125
0.75,0.3125,0.8125,0.7083261249999999,0.32892406250000006,0.7845661875
0.75,0.3125,0.875,0.707127125,0.3298181875,0.8431130625
0.75,0.3125,0.9375,0.7059281249999999,0.33071231250000005,0.9016599375
0.75,0.3125,1.0,0.704729125,0.3316064375,0.9602068125
0.75,0.375,0.0,0.72969525,0.377581875,0.026882625
0.75,0.375,0.0625,0.7284962500000001,0.37847600000000003,0.08542949999999999
0.75,0.375,0.125,0.72729725,0.379370125,0.143976375
0.75,0.375,0.1875,0.7260982500000001,0.38026425,0.20252325
0.75,0.375,0.25,0.72489925,0.381158375,0.261070125
0.75,0.375,0.3125,0.72370025,0.3820525,0.319617
0.75,0.375,0.375,0.72250125,0.382946625,0.378163875
0.75,0.375,0.4375,0.72130225,0.38384075,0.43671075
0.75,0.375,0.5,0.72010325,0.38473487500000003,0.495257625
0.75,0.375,0.5625,0.71890425,0.385629,0.5538045
0.75,0.375,0.625,0.7177052500000001,0.386523125,0.612351375
0.75,0.375,0.6875,0.71650625,0.38741725,0.67089825
0.75,0.375,0.75,0.7153072500000001,0.388311375,0.729445125
0.75,0.375,0.8125,0.71410825,0.3892055,0.787992
0.75,0.375,0.875,0.71290925,0.390099625,0.846538875
0.75,0.375,0.9375,0.71171025,0.39099375000000003,0.90508575
0.75,0.375,1.0,0.71051125,0.391887875,0.963632625
0.75,0.4375,0.0,0.735477375,0.43786331250000005,0.0303084375
0.75,0.4375,0.0625,0.734278375,0.43875743750000007,0.0888553125
0.75,0.4375,0.125,0.733079375,0.43965156250000004,0.1474021875
0.75,0.4375,0.1875,0.731880375,0.44054568750000006,0.2059490625
0.75,0.4375,0.25,0.730681375,0.44143981250000003,0.2644959375
0.75,0.4375,0.3125,0.729482375,0.44233393750000005,0.3230428125
0.75,0.4375,0.375,0.728283375,0.4432280625,0.3815896875
0.75,0.4375,0.4375,0.727084375,0.44412218750000004,0.4401365625
0.75,0.4375,0.5,0.7258853749999999,0.44501631250000007,0.4986834375
0.75,0.4375,0.5625,0.724686375,0.44591043750000003,0.5572303125
0.75,0.4375,0.625,0.7234873749999999,0.44680456250000006,0.6157771875
0.75,0.4375,0.6875,0.722288375,0.4476986875,0.6743240625
0.75,0.4375,0.75,0.721089375,0.44859281250000005,0.7328709375
0.75,0.4375,0.8125,0.719890375,0.4494869375,0.7914178125
0.75,0.4375,0.875,0.718691375,0.45038106250000004,0.8499646875
0.75,0.4375,0.9375,0.717492375,0.45127518750000006,0.9085115625
0.75,0.4375,1.0,0.716293375,0.45216931250000003,0.9670584375
0.75,0.5,0.0,0.7412595,0.49814475,0.03373425
0.75,0.5,0.0625,0.7400605,0.49903887500000005,0.09228112499999999
0.75,0.5,0.125,0.7388615,0.499933,0.150828
0.75,0.5,0.1875,0.7376625,0.500827125,0.209374875
0.75,0.5,0.25,0.7364634999999999,0.50172125,0.26792175
0.75,0.5,0.3125,0.7352645,0.502615375,0.326468625
0.75,0.5,0.375,0.7340654999999999,0.5035095,0.3850155
0.75,0.5,0.4375,0.7328665,0.504403625,0.443562375
0.75,0.5,0.5,0.7316674999999999,0.50529775,0.50210925
0.75,0.5,0.5625,0.7304685,0.5061918750000001,0.560656125
0.75,0.5,0.625,0.7292695,0.507086,0.619203
0.75,0.5,0.6875,0.7280705,0.507980125,0.677749875
0.75,0.5,0.75,0.7268715,0.50887425,0.7362967499999999
0.75,0.5,0.8125,0.7256724999999999,0.509768375,0.7948436249999999
0.75,0.5,0.875,0.7244735,0.5106625,0.8533904999999999
0.75,0.5,0.9375,0.7232744999999999,0.511556625,0.9119373749999999
0.75,0.5,1.0,0.7220755,0.5124507500000001,0.9704842499999999
0.75,0.5625,0.0,0.7470416249999999,0.5584261875,0.0371600625
0.75,0.5625,0.0625,0.745842625,0.5593203124999999,0.0957069375
0.75,0.5625,0.125,0.7446436249999999,0.5602144375,0.1542538125
0.75,0.5625,0.1875,0.743444625,0.5611085625,0.2128006875
0.75,0.5625,0.25,0.7422456249999999,0.5620026874999999,0.2713475625
0.75,0.5625,0.3125,0.741046625,0.5628968124999999,0.32989443749999997
0.75,0.5625,0.375,0.7398476249999999,0.5637909375,0.38844131249999997
0.75,0.5625,0.4375,0.738648625,0.5646850625,0.44698818749999997
0.75,0.5625,0.5,0.7374496249999999,0.5655791874999999,0.5055350625
0.75,0.5625,0.5625,0.7362506249999999,0.5664733125,0.5640819375
0.75,0.5625,0.625,0.7350516249999999,0.5673674375,0.6226288125
0.75,0.5625,0.6875,0.7338526249999999,0.5682615624999999,0.6811756875
0.75,0.5625,0.75,0.732653625,0.5691556874999999,0.7397225625
0.75,0.5625,0.8125,0.7314546249999999,0.5700498125,0.7982694375
0.75,0.5625,0.875,0.730255625,0.5709439374999999,0.8568163125
0.75,0.5625,0.9375,0.7290566249999999,0.5718380624999999,0.9153631875
0.75,0.5625,1.0,0.727857625,0.5727321875,0.9739100625
0.75,0.625,0.0,0.75282375,0.618707625,0.040585875
0.75,0.625,0.0625,0.7516247500000001,0.61960175,0.09913274999999999
0.75,0.625,0.125,0.75042575,0.620495875,0.157679625
0.75,0.625,0.1875,0.74922675,0.62139,0.2162265
0.75,0.625,0.25,0.74802775,0.622284125,0.274773375
0.75,0.625,0.3125,0.74682875,0.6231782499999999,0.33332025
0.75,0.625,0.375,0.74562975,0.624072375,0.391867125
0.75,0.625,0.4375,0.74443075,0.6249665,0.450414
0.75,0.625,0.5,0.74323175,0.625860625,0.508960875
0.75,0.625,0.5625,0.74203275,0.62675475,0.56750775
0.75,0.625,0.625,0.74083375,0.627648875,0.626054625
0.75,0.625,0.6875,0.73963475,0.628543,0.6846015
0.75,0.625,0.75,0.7384357500000001,0.6294371249999999,0.743148375
0.75,0.625,0.8125,0.73723675,0.63033125,0.80169525
0.75,0.625,0.875,0.73603775,0.631225375,0.860242125
0.75,0.625,0.9375,0.73483875,0.6321195,0.918789
0.75,0.625,1.0,0.73363975,0.633013625,0.977335875
0.75,0.6875,0.0,0.758605875,0.6789890625,0.0440116875
0.75,0.6875,0.0625,0.757406875,0.6798831875,0.1025585625
0.75,0.6875,0.125,0.756207875,0.6807773125000001,0.1611054375
0.75,0.6875,0.1875,0.755008875,0.6816714375,0.2196523125
0.75,0.6875,0.25,0.753809875,0.6825655625,0.2781991875
0.75,0.6875,0.3125,0.752610875,0.6834596875,0.3367460625
0.75,0.6875,0.375,0.751411875,0.6843538125,0.3952929375
0.75,0.6875,0.4375,0.750212875,0.6852479375,0.4538398125
0.75,0.6875,0.5,0.7490138749999999,0.6861420625,0.5123866874999999
0.75,0.6875,0.5625,0.747814875,0.6870361875000001,0.5709335624999999
0.75,0.6875,0.625,0.746615875,0.6879303125,0.6294804374999999
0.75,0.6875,0.6875,0.745416875,0.6888244375,0.6880273124999999
0.75,0.6875,0.75,0.744217875,0.6897185625,0.7465741874999999
0.75,0.6875,0.8125,0.743018875,0.6906126875,0.8051210624999999
0.75,0.6875,0.875,0.741819875,0.6915068125,0.8636679374999999
0.75,0.6875,0.9375,0.740620875,0.6924009375,0.9222148124999999
0.75,0.6875,1.0,0.739421875,0.6932950625000001,0.9807616874999999
0.75,0.75,0.0,0.764388,0.7392704999999999,0.0474375
0.75,0.75,0.0625,0.763189,0.7401646249999999,0.10598437499999999
0.75,0.75,0.125,0.76199,0.74105875,0.16453125
0.75,0.75,0.1875,0.760791,0.741952875,0.223078125
0.75,0.75,0.25,0.7595919999999999,0.7428469999999999,0.281625
0.75,0.75,0.3125,0.758393,0.7437411249999999,0.340171875
0.75,0.75,0.375,0.7571939999999999,0.74463525,0.39871875
0.75,0.75,0.4375,0.755995,0.7455293749999999,0.457265625
0.75,0.75,0.5,0.7547959999999999,0.7464234999999999,0.5158125
0.75,0.75,0.5625,0.753597,0.747317625,0.574359375
0.75,0.75,0.625,0.7523979999999999,0.74821175,0.63290625
0.75,0.75,0.6875,0.751199,0.7491058749999999,0.691453125
0.75,0.75,0.75,0.75,0.7499999999999999,0.75
0.75,0.75,0.8125,0.7488009999999999,0.750894125,0.808546875
0.75,0.75,0.875,0.747602,0.7517882499999999,0.86709375
0.75,0.75,0.9375,0.7464029999999999,0.7526823749999999,0.925640625
0.75,0.75,1.0,0.745204,0.7535765,0.9841875
0.75,0.8125,0.0,0.7701701249999999,0.7995519375,0.0508633125
0.75,0.8125,0.0625,0.768971125,0.8004460624999999,0.1094101875
0.75,0.8125,0.125,0.7677721249999999,0.8013401875,0.1679570625
0.75,0.8125,0.1875,0.766573125,0.8022343125,0.2265039375
0.75,0.8125,0.25,0.7653741249999999,0.8031284375,0.2850508125
0.75,0.8125,0.3125,0.764175125,0.8040225624999999,0.34359768749999997
0.75,0.8125,0.375,0.7629761249999999,0.8049166875,0.40214456249999997
0.75,0.8125,0.4375,0.7617771249999999,0.8058108125,0.46069143749999997
0.75,0.8125,0.5,0.7605781249999999,0.8067049374999999,0.5192383125
0.75,0.8125,0.5625,0.7593791249999999,0.8075990625,0.5777851875
0.75,0.8125,0.625,0.758180125,0.8084931875,0.6363320625
0.75,0.8125,0.6875,0.7569811249999999,0.8093873125,0.6948789375
0.75,0.8125,0.75,0.755782125,0.8102814374999999,0.7534258125
0.75,0.8125,0.8125,0.7545831249999999,0.8111755625,0.8119726875
0.75,0.8125,0.875,0.753384125,0.8120696875,0.8705195625
0.75,0.8125,0.9375,0.7521851249999999,0.8129638124999999,0.9290664375
0.75,0.8125,1.0,0.750986125,0.8138579375,0.9876133125
0.75,0.875,0.0,0.77595225,0.859833375,0.054289125
0.75,0.875,0.0625,0.7747532500000001,0.8607275,0.11283599999999999
0.75,0.875,0.125,0.77355425,0.8616216250000001,0.171382875
0.75,0.875,0.1875,0.77235525,0.86251575,0.22992975
0.75,0.875,0.25,0.77115625,0.863409875,0.288476625
0.75,0.875,0.3125,0.76995725,0.864304,0.3470235
0.75,0.875,0.375,0.76875825,0.865198125,0.405570375
0.75,0.875,0.4375,0.76755925,0.86609225,0.46411725
0.75,0.875,0.5,0.76636025,0.866986375,0.522664125
0.75,0.875,0.5625,0.76516125,0.8678805,0.581211
0.75,0.875,0.625,0.7639622500000001,0.868774625,0.639757875
0.75,0.875,0.6875,0.76276325,0.86966875,0.69830475
0.75,0.875,0.75,0.76156425,0.870562875,0.756851625
0.75,0.875,0.8125,0.76036525,0.871457,0.8153985
0.75,0.875,0.875,0.75916625,0.872351125,0.873945375
0.75,0.875,0.9375,0.75796725,0.87324525,0.93249225
0.75,0.875,1.0,0.75676825,0.874139375,0.991039125
0.75,0.9375,0.0,0.781734375,0.9201148124999999,0.0577149375
0.75,0.9375,0.0625,0.780535375,0.9210089374999999,0.1162618125
0.75,0.9375,0.125,0.779336375,0.9219030625,0.1748086875
0.75,0.9375,0.1875,0.778137375,0.9227971875,0.2333555625
0.75,0.9375,0.25,0.776938375,0.9236913124999999,0.2919024375
0.75,0.9375,0.3125,0.775739375,0.9245854374999999,0.3504493125
0.75,0.9375,0.375,0.774540375,0.9254795625,0.4089961875
0.75,0.9375,0.4375,0.773341375,0.9263736874999999,0.4675430625
0.75,0.9375,0.5,0.7721423749999999,0.9272678124999999,0.5260899375
0.75,0.9375,0.5625,0.770943375,0.9281619375,0.5846368125
0.75,0.9375,0.625,0.7697443749999999,0.9290560625,0.6431836875
0.75,0.9375,0.6875,0.768545375,0.9299501874999999,0.7017305625
0.75,0.9375,0.75,0.767346375,0.9308443124999999,0.7602774375
0.75,0.9375,0.8125,0.766147375,0.9317384375,0.8188243125
0.75,0.9375,0.875,0.764948375,0.9326325624999999,0.8773711875
0.75,0.9375,0.9375,0.763749375,0.9335266874999999,0.9359180625
0.75,0.9375,1.0,0.762550375,0.9344208125,0.9944649375
0.75,1.0,0.0,0.7875165,0.98039625,0.06114075
0.75,1.0,0.0625,0.7863175,0.9812903749999999,0.11968762499999999
0.75,1.0,0.125,0.7851184999999999,0.9821845,0.1782345
0.75,1.0,0.1875,0.7839195,0.983078625,0.236781375
0.75,1.0,0.25,0.7827204999999999,0.98397275,0.29532825
0.75,1.0,0.3125,0.7815215,0.9848668749999999,0.353875125
0.75,1.0,0.375,0.7803224999999999,0.985761,0.412422
0.75,1.0,0.4375,0.7791235,0.986655125,0.470968875
0.75,1.0,0.5,0.7779244999999999,0.9875492499999999,0.52951575
0.75,1.0,0.5625,0.7767255,0.988443375,0.588062625
0.75,1.0,0.625,0.7755265,0.9893375,0.6466095
0.75,1.0,0.6875,0.7743275,0.990231625,0.705156375
0.75,1.0,0.75,0.7731285,0.9911257499999999,0.76370325
0.75,1.0,0.8125,0.7719294999999999,0.992019875,0.8222501249999999
0.75,1.0,0.875,0.7707305,0.992914,0.8807969999999999
0.75,1.0,0.9375,0.7695314999999999,0.9938081249999999,0.9393438749999999
0.75,1.0,1.0,0.7683325,0.99470225,0.9978907499999999
0.8125,0.0,0.0,0.752919375,0.017217687500000002,0.0068550625
0.8125,0.0,0.0625,0.751720375,0.0181118125,0.0654019375
0.8125,0.0,0.125,0.7505213749999999,0.0190059375,0.12394881249999999
0.8125,0.0,0.1875,0.749322375,0.019900062500000003,0.1824956875
0.8125,0.0,0.25,0.7481233749999999,0.020794187500000002,0.2410425625
0.8125,0.0,0.3125,0.746924375,0.0216883125,0.2995894375
0.8125,0.0,0.375,0.7457253749999999,0.022582437500000004,0.3581363125
0.8125,0.0,0.4375,0.744526375,0.023476562500000003,0.4166831875
0.8125,0.0,0.5,0.7433273749999999,0.0243706875,0.4752300625
0.8125,0.0,0.5625,0.742128375,0.0252648125,0.5337769375
0.8125,0.0,0.625,0.7409293749999999,0.0261589375,0.5923238125
0.8125,0.0,0.6875,0.7397303749999999,0.027053062500000002,0.6508706875
0.8125,0.0,0.75,0.738531375,0.0279471875,0.7094175625
0.8125,0.0,0.8125,0.7373323749999999,0.0288413125,0.7679644375
0.8125,0.0,0.875,0.736133375,0.029735437500000003,0.8265113125
0.8125,0.0,0.9375,0.7349343749999999,0.030629562500000002,0.8850581875
0.8125,0.0,1.0,0.733735375,0.0315236875,0.9436050625
0.8125,0.0625,0.0,0.7587014999999999,0.077499125,0.010280875
0.8125,0.0625,0.0625,0.7575025,0.07839325,0.06882775
0.8125,0.0625,0.125,0.7563034999999999,0.07928737500000001,0.127374625
0.8125,0.0625,0.1875,0.7551045,0.0801815,0.1859215
0.8125,0.0625,0.25,0.7539054999999999,0.081075625,0.244468375
0.8125,0.0625,0.3125,0.7527065,0.08196975000000001,0.30301525
0.8125,0.0625,0.375,0.7515074999999999,0.082863875,0.361562125
0.8125,0.0625,0.4375,0.7503084999999999,0.083758,0.420109
0.8125,0.0625,0.5,0.7491094999999999,0.084652125,0.478655875
0.8125,0.0625,0.5625,0.7479104999999999,0.08554625,0.53720275
0.8125,0.0625,0.625,0.7467115,0.086440375,0.595749625
0.8125,0.0625,0.6875,0.7455124999999999,0.08733450000000001,0.6542965
0.8125,0.0625,0.75,0.7443135,0.088228625,0.712843375
0.8125,0.0625,0.8125,0.7431144999999999,0.08912275,0.7713902499999999
0.8125,0.0625,0.875,0.7419155,0.090016875,0.8299371249999999
0.8125,0.0625,0.9375,0.7407164999999999,0.090911,0.8884839999999999
0.8125,0.0625,1.0,0.7395174999999999,0.091805125,0.9470308749999999
0.8125,0.125,0.0,0.764483625,0.1377805625,0.0137066875
0.8125,0.125,0.0625,0.763284625,0.1386746875,0.0722535625
0.8125,0.125,0.125,0.762085625,0.1395688125,0.1308004375
0.8125,0.125,0.1875,0.760886625,0.1404629375,0.1893473125
0.8125,0.125,0.25,0.759687625,0.14135706250000002,0.2478941875
0.8125,0.125,0.3125,0.758488625,0.14225118750000001,0.30644106249999997
0.8125,0.125,0.375,0.757289625,0.1431453125,0.36498793749999997
0.8125,0.125,0.4375,0.756090625,0.1440394375,0.42353481249999997
0.8125,0.125,0.5,0.754891625,0.1449335625,0.48208168749999997
0.8125,0.125,0.5625,0.753692625,0.1458276875,0.5406285625
0.8125,0.125,0.625,0.752493625,0.14672181250000002,0.5991754375
0.8125,0.125,0.6875,0.751294625,0.14761593750000002,0.6577223125
0.8125,0.125,0.75,0.750095625,0.1485100625,0.7162691875
0.8125,0.125,0.8125,0.748896625,0.1494041875,0.7748160625
0.8125,0.125,0.875,0.747697625,0.1502983125,0.8333629375
0.8125,0.125,0.9375,0.746498625,0.1511924375,0.8919098125
0.8125,0.125,1.0,0.745299625,0.15208656250000002,0.9504566875
0.8125,0.1875,0.0,0.77026575,0.198062,0.017132500000000002
0.8125,0.1875,0.0625,0.76906675,0.19895612499999998,0.075679375
0.8125,0.1875,0.125,0.76786775,0.19985024999999998,0.13422625
0.8125,0.1875,0.1875,0.76666875,0.20074437499999997,0.192773125
0.8125,0.1875,0.25,0.76546975,0.2016385,0.25132
0.8125,0.1875,0.3125,0.76427075,0.202532625,0.309866875
0.8125,0.1875,0.375,0.7630717499999999,0.20342675,0.36841375
0.8125,0.1875,0.4375,0.76187275,0.20432087499999999,0.426960625
0.8125,0.1875,0.5,0.7606737499999999,0.20521499999999998,0.4855075
0.8125,0.1875,0.5625,0.75947475,0.20610912499999998,0.544054375
0.8125,0.1875,0.625,0.7582757499999999,0.20700325,0.60260125
0.8125,0.1875,0.6875,0.75707675,0.207897375,0.661148125
0.8125,0.1875,0.75,0.75587775,0.2087915,0.719695
0.8125,0.1875,0.8125,0.75467875,0.209685625,0.778241875
0.8125,0.1875,0.875,0.75347975,0.21057974999999998,0.83678875
0.8125,0.1875,0.9375,0.7522807499999999,0.21147387499999998,0.895335625
0.8125,0.1875,1.0,0.75108175,0.212368,0.9538825
0.8125,0.25,0.0,0.7760478749999999,0.2583434375,0.020558312500000002
0.8125,0.25,0.0625,0.774848875,0.2592375625,0.07910518750000001
0.8125,0.25,0.125,0.7736498749999999,0.2601316875,0.1376520625
0.8125,0.25,0.1875,0.772450875,0.2610258125,0.1961989375
0.8125,0.25,0.25,0.7712518749999999,0.2619199375,0.2547458125
0.8125,0.25,0.3125,0.770052875,0.2628140625,0.3132926875
0.8125,0.25,0.375,0.7688538749999999,0.26370818749999997,0.3718395625
0.8125,0.25,0.4375,0.767654875,0.2646023125,0.4303864375
0.8125,0.25,0.5,0.7664558749999999,0.2654964375,0.4889333125
0.8125,0.25,0.5625,0.765256875,0.2663905625,0.5474801874999999
0.8125,0.25,0.625,0.764057875,0.2672846875,0.6060270624999999
0.8125,0.25,0.6875,0.7628588749999999,0.2681788125,0.6645739374999999
0.8125,0.25,0.75,0.761659875,0.2690729375,0.7231208124999999
0.8125,0.25,0.8125,0.7604608749999999,0.2699670625,0.7816676874999999
0.8125,0.25,0.875,0.759261875,0.2708611875,0.8402145624999999
0.8125,0.25,0.9375,0.7580628749999999,0.2717553125,0.8987614374999999
0.8125,0.25,1.0,0.756863875,0.2726494375,0.9573083124999999
0.8125,0.3125,0.0,0.7818299999999999,0.31862487500000003,0.023984125000000002
0.8125,0.3125,0.0625,0.780631,0.31951900000000005,0.082531
0.8125,0.3125,0.125,0.7794319999999999,0.320413125,0.141077875
0.8125,0.3125,0.1875,0.778233,0.32130725000000004,0.19962475
0.8125,0.3125,0.25,0.7770339999999999,0.322201375,0.258171625
0.8125,0.3125,0.3125,0.7758349999999999,0.32309550000000004,0.3167185
0.8125,0.3125,0.375,0.7746359999999999,0.323989625,0.375265375
0.8125,0.3125,0.4375,0.7734369999999999,0.32488375,0.43381225
0.8125,0.3125,0.5,0.7722379999999999,0.32577787500000005,0.492359125
0.8125,0.3125,0.5625,0.7710389999999999,0.326672,0.550906
0.8125,0.3125,0.625,0.7698399999999999,0.32756612500000004,0.609452875
0.8125,0.3125,0.6875,0.7686409999999999,0.32846025,0.66799975
0.8125,0.3125,0.75,0.767442,0.32935437500000003,0.726546625
0.8125,0.3125,0.8125,0.7662429999999999,0.33024850000000006,0.7850935
0.8125,0.3125,0.875,0.765044,0.331142625,0.843640375
0.8125,0.3125,0.9375,0.7638449999999999,0.33203675000000005,0.90218725
0.8125,0.3125,1.0,0.7626459999999999,0.332930875,0.960734125
0.8125,0.375,0.0,0.787612125,0.3789063125,0.027409937500000002
0.8125,0.375,0.0625,0.786413125,0.37980043750000003,0.08595681250000001
0.8125,0.375,0.125,0.785214125,0.3806945625,0.1445036875
0.8125,0.375,0.1875,0.784015125,0.3815886875,0.2030505625
0.8125,0.375,0.25,0.782816125,0.3824828125,0.2615974375
0.8125,0.375,0.3125,0.781617125,0.3833769375,0.3201443125
0.8125,0.375,0.375,0.780418125,0.3842710625,0.37869118749999997
0.8125,0.375,0.4375,0.779219125,0.3851651875,0.43723806249999997
0.8125,0.375,0.5,0.778020125,0.38605931250000003,0.49578493749999997
0.8125,0.375,0.5625,0.776821125,0.3869534375,0.5543318125
0.8125,0.375,0.625,0.7756221249999999,0.3878475625,0.6128786875
0.8125,0.375,0.6875,0.774423125,0.3887416875,0.6714255625
0.8125,0.375,0.75,0.773224125,0.3896358125,0.7299724375
0.8125,0.375,0.8125,0.772025125,0.3905299375,0.7885193125
0.8125,0.375,0.875,0.770826125,0.3914240625,0.8470661875
0.8125,0.375,0.9375,0.769627125,0.3923181875,0.9056130625
0.8125,0.375,1.0,0.768428125,0.3932123125,0.9641599375
0.8125,0.4375,0.0,0.79339425,0.43918775000000004,0.030835750000000002
0.8125,0.4375,0.0625,0.79219525,0.44008187500000007,0.089382625
0.8125,0.4375,0.125,0.79099625,0.44097600000000003,0.1479295
0.8125,0.4375,0.1875,0.78979725,0.44187012500000006,0.206476375
0.8125,0.4375,0.25,0.78859825,0.44276425,0.26502325
0.8125,0.4375,0.3125,0.78739925,0.44365837500000005,0.323570125
0.8125,0.4375,0.375,0.7862002499999999,0.4445525,0.382117
0.8125,0.4375,0.4375,0.78500125,0.44544662500000004,0.440663875
0.8125,0.4375,0.5,0.7838022499999999,0.44634075000000006,0.49921075
0.8125,0.4375,0.5625,0.78260325,0.44723487500000003,0.557757625
0.8125,0.4375,0.625,0.78140425,0.44812900000000006,0.6163045
0.8125,0.4375,0.6875,0.78020525,0.449023125,0.674851375
0.8125,0.4375,0.75,0.77900625,0.44991725000000005,0.73339825
0.8125,0.4375,0.8125,0.77780725,0.450811375,0.791945125
0.8125,0.4375,0.875,0.77660825,0.45170550000000004,0.850492
0.8125,0.4375,0.9375,0.7754092499999999,0.45259962500000006,0.909038875
0.8125,0.4375,1.0,0.77421025,0.45349375000000003,0.96758575
0.8125,0.5,0.0,0.7991763749999999,0.4994691875,0.0342615625
0.8125,0.5,0.0625,0.797977375,0.5003633125,0.09280843750000001
0.8125,0.5,0.125,0.7967783749999999,0.5012574375000001,0.1513553125
0.8125,0.5,0.1875,0.795579375,0.5021515625,0.2099021875
0.8125,0.5,0.25,0.7943803749999999,0.5030456875,0.2684490625
0.8125,0.5,0.3125,0.793181375,0.5039398125,0.3269959375
0.8125,0.5,0.375,0.7919823749999999,0.5048339375,0.3855428125
0.8125,0.5,0.4375,0.790783375,0.5057280625,0.4440896875
0.8125,0.5,0.5,0.7895843749999999,0.5066221875,0.5026365625
0.8125,0.5,0.5625,0.7883853749999999,0.5075163125000001,0.5611834375
0.8125,0.5,0.625,0.7871863749999999,0.5084104375,0.6197303125
0.8125,0.5,0.6875,0.7859873749999999,0.5093045625,0.6782771875
0.8125,0.5,0.75,0.784788375,0.5101986875,0.7368240625
0.8125,0.5,0.8125,0.7835893749999999,0.5110928125,0.7953709375
0.8125,0.5,0.875,0.782390375,0.5119869375,0.8539178125
0.8125,0.5,0.9375,0.7811913749999999,0.5128810625,0.9124646875
0.8125,0.5,1.0,0.779992375,0.5137751875000001,0.9710115625
0.8125,0.5625,0.0,0.8049584999999999,0.559750625,0.037687375
0.8125,0.5625,0.0625,0.8037595,0.5606447499999999,0.09623425
0.8125,0.5625,0.125,0.8025604999999999,0.561538875,0.154781125
0.8125,0.5625,0.1875,0.8013615,0.562433,0.213328
0.8125,0.5625,0.25,0.8001624999999999,0.5633271249999999,0.271874875
0.8125,0.5625,0.3125,0.7989634999999999,0.5642212499999999,0.33042175
0.8125,0.5625,0.375,0.7977644999999999,0.565115375,0.388968625
0.8125,0.5625,0.4375,0.7965654999999999,0.5660094999999999,0.4475155
0.8125,0.5625,0.5,0.7953664999999999,0.5669036249999999,0.506062375
0.8125,0.5625,0.5625,0.7941674999999999,0.56779775,0.56460925
0.8125,0.5625,0.625,0.7929685,0.568691875,0.623156125
0.8125,0.5625,0.6875,0.7917694999999999,0.5695859999999999,0.681703
0.8125,0.5625,0.75,0.7905705,0.5704801249999999,0.740249875
0.8125,0.5625,0.8125,0.7893714999999999,0.57137425,0.7987967499999999
0.8125,0.5625,0.875,0.7881724999999999,0.5722683749999999,0.8573436249999999
0.8125,0.5625,0.9375,0.7869734999999999,0.5731624999999999,0.9158904999999999
0.8125,0.5625,1.0,0.7857744999999999,0.574056625,0.9744373749999999
0.8125,0.625,0.0,0.810740625,0.6200320625,0.0411131875
0.8125,0.625,0.0625,0.809541625,0.6209261875,0.09966006250000001
0.8125,0.625,0.125,0.808342625,0.6218203125,0.1582069375
0.8125,0.625,0.1875,0.807143625,0.6227144375,0.2167538125
0.8125,0.625,0.25,0.805944625,0.6236085625,0.2753006875
0.8125,0.625,0.3125,0.804745625,0.6245026874999999,0.3338475625
0.8125,0.625,0.375,0.803546625,0.6253968125,0.39239443749999997
0.8125,0.625,0.4375,0.802347625,0.6262909375,0.45094131249999997
0.8125,0.625,0.5,0.801148625,0.6271850625,0.5094881875
0.8125,0.625,0.5625,0.799949625,0.6280791875,0.5680350625
0.8125,0.625,0.625,0.798750625,0.6289733125,0.6265819375
0.8125,0.625,0.6875,0.797551625,0.6298674375,0.6851288125
0.8125,0.625,0.75,0.796352625,0.6307615624999999,0.7436756875
0.8125,0.625,0.8125,0.795153625,0.6316556875,0.8022225625
0.8125,0.625,0.875,0.793954625,0.6325498125,0.8607694375
0.8125,0.625,0.9375,0.792755625,0.6334439374999999,0.9193163125
0.8125,0.625,1.0,0.791556625,0.6343380625,0.9778631875
0.8125,0.6875,0.0,0.81652275,0.6803135,0.044539
0.8125,0.6875,0.0625,0.81532375,0.681207625,0.103085875
0.8125,0.6875,0.125,0.81412475,0.6821017500000001,0.16163275
0.8125,0.6875,0.1875,0.81292575,0.682995875,0.220179625
0.8125,0.6875,0.25,0.8117267499999999,0.68389,0.2787265
0.8125,0.6875,0.3125,0.81052775,0.684784125,0.337273375
0.8125,0.6875,0.375,0.8093287499999999,0.68567825,0.39582025
0.8125,0.6875,0.4375,0.80812975,0.686572375,0.454367125
0.8125,0.6875,0.5,0.8069307499999999,0.6874665,0.512914
0.8125,0.6875,0.5625,0.80573175,0.6883606250000001,0.571460875
0.8125,0.6875,0.625,0.8045327499999999,0.68925475,0.63000775
0.8125,0.6875,0.6875,0.80333375,0.690148875,0.688554625
0.8125,0.6875,0.75,0.80213475,0.691043,0.7471015
0.8125,0.6875,0.8125,0.80093575,0.691937125,0.805648375
0.8125,0.6875,0.875,0.79973675,0.69283125,0.86419525
0.8125,0.6875,0.9375,0.7985377499999999,0.693725375,0.922742125
0.8125,0.6875,1.0,0.79733875,0.6946195000000001,0.981289
0.8125,0.75,0.0,0.8223048749999999,0.7405949374999999,0.0479648125
0.8125,0.75,0.0625,0.821105875,0.7414890624999999,0.10651168750000001
0.8125,0.75,0.125,0.8199068749999999,0.7423831875,0.1650585625
0.8125,0.75,0.1875,0.818707875,0.7432773125,0.2236054375
0.8125,0.75,0.25,0.8175088749999999,0.7441714374999999,0.2821523125
0.8125,0.75,0.3125,0.816309875,0.7450655624999999,0.3406991875
0.8125,0.75,0.375,0.8151108749999999,0.7459596875,0.3992460625
0.8125,0.75,0.4375,0.813911875,0.7468538124999999,0.4577929375
0.8125,0.75,0.5,0.8127128749999999,0.7477479374999999,0.5163398124999999
0.8125,0.75,0.5625,0.8115138749999999,0.7486420625,0.5748866874999999
0.8125,0.75,0.625,0.810314875,0.7495361875,0.6334335624999999
0.8125,0.75,0.6875,0.8091158749999999,0.7504303124999999,0.6919804374999999
0.8125,0.75,0.75,0.807916875,0.7513244374999999,0.7505273124999999
0.8125,0.75,0.8125,0.8067178749999999,0.7522185625,0.8090741874999999
0.8125,0.75,0.875,0.805518875,0.7531126874999999,0.8676210624999999
0.8125,0.75,0.9375,0.8043198749999999,0.7540068124999999,0.9261679374999999
0.8125,0.75,1.0,0.803120875,0.7549009375,0.9847148124999999
0.8125,0.8125,0.0,0.8280869999999999,0.800876375,0.051390625
0.8125,0.8125,0.0625,0.826888,0.8017704999999999,0.1099375
0.8125,0.8125,0.125,0.8256889999999999,0.802664625,0.168484375
0.8125,0.8125,0.1875,0.82449,0.80355875,0.22703125
0.8125,0.8125,0.25,0.8232909999999999,0.804452875,0.285578125
0.8125,0.8125,0.3125,0.8220919999999999,0.8053469999999999,0.344125
0.8125,0.8125,0.375,0.8208929999999999,0.806241125,0.402671875
0.8125,0.8125,0.4375,0.8196939999999999,0.80713525,0.46121875
0.8125,0.8125,0.5,0.8184949999999999,0.8080293749999999,0.519765625
0.8125,0.8125,0.5625,0.8172959999999999,0.8089235,0.5783125
0.8125,0.8125,0.625,0.8160969999999999,0.809817625,0.636859375
0.8125,0.8125,0.6875,0.8148979999999999,0.81071175,0.69540625
0.8125,0.8125,0.75,0.813699,0.8116058749999999,0.753953125
0.8125,0.8125,0.8125,0.8124999999999999,0.8125,0.8125
0.8125,0.8125,0.875,0.8113009999999999,0.813394125,0.871046875
0.8125,0.8125,0.9375,0.8101019999999999,0.8142882499999999,0.92959375
0.8125,0.8125,1.0,0.8089029999999999,0.815182375,0.988140625
0.8125,0.875,0.0,0.833869125,0.8611578125,0.0548164375
0.8125,0.875,0.0625,0.832670125,0.8620519375,0.11336331250000001
0.8125,0.875,0.125,0.831471125,0.8629460625,0.1719101875
0.8125,0.875,0.1875,0.830272125,0.8638401875,0.2304570625
0.8125,0.875,0.25,0.829073125,0.8647343125,0.2890039375
0.8125,0.875,0.3125,0.827874125,0.8656284375,0.3475508125
0.8125,0.875,0.375,0.826675125,0.8665225625,0.40609768749999997
0.8125,0.875,0.4375,0.825476125,0.8674166875,0.46464456249999997
0.8125,0.875,0.5,0.8242771249999999,0.8683108125,0.5231914375
0.8125,0.875,0.5625,0.823078125,0.8692049375,0.5817383125
0.8125,0.875,0.625,0.8218791249999999,0.8700990625,0.6402851875
0.8125,0.875,0.6875,0.820680125,0.8709931875,0.6988320625
0.8125,0.875,0.75,0.819481125,0.8718873125,0.7573789375
0.8125,0.875,0.8125,0.818282125,0.8727814375,0.8159258125
0.8125,0.875,0.875,0.817083125,0.8736755625,0.8744726875
0.8125,0.875,0.9375,0.815884125,0.8745696875,0.9330195625
0.8125,0.875,1.0,0.814685125,0.8754638125,0.9915664375
0.8125,0.9375,0.0,0.83965125,0.9214392499999999,0.05824225
0.8125,0.9375,0.0625,0.83845225,0.9223333749999999,0.116789125
0.8125,0.9375,0.125,0.83725325,0.9232275,0.175336
0.8125,0.9375,0.1875,0.83605425,0.924121625,0.233882875
0.8125,0.9375,0.25,0.8348552499999999,0.9250157499999999,0.29242975
0.8125,0.9375,0.3125,0.83365625,0.9259098749999999,0.350976625
0.8125,0.9375,0.375,0.8324572499999999,0.926804,0.4095235
0.8125,0.9375,0.4375,0.83125825,0.9276981249999999,0.468070375
0.8125,0.9375,0.5,0.8300592499999999,0.9285922499999999,0.52661725
0.8125,0.9375,0.5625,0.82886025,0.929486375,0.585164125
0.8125,0.9375,0.625,0.82766125,0.9303804999999999,0.643711
0.8125,0.9375,0.6875,0.82646225,0.9312746249999999,0.702257875
0.8125,0.9375,0.75,0.82526325,0.9321687499999999,0.76080475
0.8125,0.9375,0.8125,0.8240642499999999,0.933062875,0.819351625
0.8125,0.9375,0.875,0.82286525,0.9339569999999999,0.8778985
0.8125,0.9375,0.9375,0.8216662499999999,0.9348511249999999,0.936445375
0.8125,0.9375,1.0,0.82046725,0.93574525,0.99499225
0.8125,1.0,0.0,0.8454333749999999,0.9817206875,0.0616680625
0.8125,1.0,0.0625,0.844234375,0.9826148124999999,0.12021493750000001
0.8125,1.0,0.125,0.8430353749999999,0.9835089375,0.1787618125
0.8125,1.0,0.1875,0.841836375,0.9844030625,0.2373086875
0.8125,1.0,0.25,0.8406373749999999,0.9852971875,0.2958555625
0.8125,1.0,0.3125,0.839438375,0.9861913124999999,0.3544024375
0.8125,1.0,0.375,0.8382393749999999,0.9870854375,0.4129493125
0.8125,1.0,0.4375,0.837040375,0.9879795625,0.4714961875
0.8125,1.0,0.5,0.8358413749999999,0.9888736874999999,0.5300430625
0.8125,1.0,0.5625,0.8346423749999999,0.9897678125,0.5885899375
0.8125,1.0,0.625,0.8334433749999999,0.9906619375,0.6471368125
0.8125,1.0,0.6875,0.8322443749999999,0.9915560625,0.7056836875
0.8125,1.0,0.75,0.831045375,0.9924501874999999,0.7642305625
0.8125,1.0,0.8125,0.8298463749999999,0.9933443125,0.8227774375
0.8125,1.0,0.875,0.828647375,0.9942384375,0.8813243125
0.8125,1.0,0.9375,0.8274483749999999,0.9951325624999999,0.9398711875
0.8125,1.0,1.0,0.826249375,0.9960266875,0.9984180625
0.875,0.0,0.0,0.81083625,0.018542125,0.007382375
0.875,0.0,0.0625,0.8096372500000001,0.01943625,0.06592925
0.875,0.0,0.125,0.80843825,0.020330374999999998,0.12447612499999999
0.875,0.0,0.1875,0.8072392500000001,0.0212245,0.183023
0.875,0.0,0.25,0.80604025,0.022118625,0.241569875
0.875,0.0,0.3125,0.8048412500000001,0.02301275,0.30011675
0.875,0.0,0.375,0.80364225,0.023906875,0.358663625
0.875,0.0,0.4375,0.80244325,0.024801,0.4172105
0.875,0.0,0.5,0.80124425,0.025695125,0.475757375
0.875,0.0,0.5625,0.80004525,0.02658925,0.53430425
0.875,0.0,0.625,0.79884625,0.027483374999999997,0.592851125
0.875,0.0,0.6875,0.79764725,0.0283775,0.651398
0.875,0.0,0.75,0.7964482500000001,0.029271625,0.709944875
0.875,0.0,0.8125,0.79524925,0.030165749999999998,0.76849175
0.875,0.0,0.875,0.7940502500000001,0.031059875,0.827038625
0.875,0.0,0.9375,0.79285125,0.031953999999999996,0.8855855
0.875,0.0,1.0,0.7916522500000001,0.032848125,0.944132375
0.875,0.0625,0.0,0.816618375,0.0788235625,0.0108081875
0.875,0.0625,0.0625,0.8154193750000001,0.0797176875,0.0693550625
0.875,0.0625,0.125,0.814220375,0.0806118125,0.1279019375
0.875,0.0625,0.1875,0.813021375,0.0815059375,0.1864488125
0.875,0.0625,0.25,0.811822375,0.0824000625,0.2449956875
0.875,0.0625,0.3125,0.810623375,0.0832941875,0.3035425625
0.875,0.0625,0.375,0.809424375,0.0841883125,0.3620894375
0.875,0.0625,0.4375,0.808225375,0.0850824375,0.4206363125
0.875,0.0625,0.5,0.807026375,0.08597656249999999,0.4791831875
0.875,0.0625,0.5625,0.805827375,0.0868706875,0.5377300625
0.875,0.0625,0.625,0.8046283750000001,0.0877648125,0.5962769375
0.875,0.0625,0.6875,0.803429375,0.0886589375,0.6548238125
0.875,0.0625,0.75,0.802230375,0.0895530625,0.7133706875
0.875,0.0625,0.8125,0.801031375,0.0904471875,0.7719175625
0.875,0.0625,0.875,0.799832375,0.0913413125,0.8304644375
0.875,0.0625,0.9375,0.798633375,0.0922354375,0.8890113125
0.875,0.0625,1.0,0.797434375,0.0931295625,0.9475581875
0.875,0.125,0.0,0.8224005000000001,0.139105,0.014234
0.875,0.125,0.0625,0.8212015000000001,0.139999125,0.072780875
0.875,0.125,0.125,0.8200025000000001,0.14089325,0.13132775
0.875,0.125,0.1875,0.8188035000000001,0.141787375,0.189874625
0.875,0.125,0.25,0.8176045000000001,0.14268150000000002,0.2484215
0.875,0.125,0.3125,0.8164055000000001,0.143575625,0.306968375
0.875,0.125,0.375,0.8152065000000001,0.14446975,0.36551525
0.875,0.125,0.4375,0.8140075000000001,0.145363875,0.424062125
0.875,0.125,0.5,0.8128085,0.146258,0.482609
0.875,0.125,0.5625,0.8116095000000001,0.147152125,0.541155875
0.875,0.125,0.625,0.8104105000000001,0.14804625000000002,0.59970275
0.875,0.125,0.6875,0.8092115000000001,0.148940375,0.658249625
0.875,0.125,0.75,0.8080125000000001,0.1498345,0.7167965
0.875,0.125,0.8125,0.8068135000000001,0.150728625,0.775343375
0.875,0.125,0.875,0.8056145000000001,0.15162275,0.8338902499999999
0.875,0.125,0.9375,0.8044155000000001,0.152516875,0.8924371249999999
0.875,0.125,1.0,0.8032165000000001,0.15341100000000002,0.9509839999999999
0.875,0.1875,0.0,0.8281826250000001,0.19938643749999999,0.0176598125
0.875,0.1875,0.0625,0.8269836250000001,0.20028056249999998,0.0762066875
0.875,0.1875,0.125,0.825784625,0.20117468749999998,0.1347535625
0.875,0.1875,0.1875,0.8245856250000001,0.20206881249999997,0.1933004375
0.875,0.1875,0.25,0.823386625,0.2029629375,0.2518473125
0.875,0.1875,0.3125,0.8221876250000001,0.2038570625,0.3103941875
0.875,0.1875,0.375,0.820988625,0.2047511875,0.36894106249999997
0.875,0.1875,0.4375,0.8197896250000001,0.20564531249999998,0.42748793749999997
0.875,0.1875,0.5,0.818590625,0.20653943749999998,0.48603481249999997
0.875,0.1875,0.5625,0.8173916250000001,0.20743356249999997,0.5445816875
0.875,0.1875,0.625,0.816192625,0.2083276875,0.6031285625
0.875,0.1875,0.6875,0.814993625,0.2092218125,0.6616754375
0.875,0.1875,0.75,0.8137946250000001,0.2101159375,0.7202223125
0.875,0.1875,0.8125,0.812595625,0.21101006249999998,0.7787691875
0.875,0.1875,0.875,0.8113966250000001,0.21190418749999998,0.8373160625
0.875,0.1875,0.9375,0.810197625,0.21279831249999998,0.8958629375
0.875,0.1875,1.0,0.8089986250000001,0.2136924375,0.9544098125
0.875,0.25,0.0,0.83396475,0.259667875,0.021085625
0.875,0.25,0.0625,0.8327657500000001,0.260562,0.0796325
0.875,0.25,0.125,0.83156675,0.261456125,0.138179375
0.875,0.25,0.1875,0.8303677500000001,0.26235025,0.19672625
0.875,0.25,0.25,0.82916875,0.263244375,0.255273125
0.875,0.25,0.3125,0.8279697500000001,0.2641385,0.31382
0.875,0.25,0.375,0.82677075,0.26503262499999997,0.372366875
0.875,0.25,0.4375,0.82557175,0.26592675,0.43091375
0.875,0.25,0.5,0.82437275,0.266820875,0.489460625
0.875,0.25,0.5625,0.82317375,0.267715,0.5480075
0.875,0.25,0.625,0.8219747500000001,0.268609125,0.606554375
0.875,0.25,0.6875,0.82077575,0.26950324999999997,0.66510125
0.875,0.25,0.75,0.8195767500000001,0.270397375,0.723648125
0.875,0.25,0.8125,0.81837775,0.2712915,0.782195
0.875,0.25,0.875,0.8171787500000001,0.272185625,0.840741875
0.875,0.25,0.9375,0.81597975,0.27307975,0.89928875
0.875,0.25,1.0,0.81478075,0.273973875,0.957835625
0.875,0.3125,0.0,0.839746875,0.3199493125,0.0245114375
0.875,0.3125,0.0625,0.838547875,0.32084343750000005,0.0830583125
0.875,0.3125,0.125,0.837348875,0.3217375625,0.1416051875
0.875,0.3125,0.1875,0.836149875,0.32263168750000004,0.2001520625
0.875,0.3125,0.25,0.834950875,0.3235258125,0.2586989375
0.875,0.3125,0.3125,0.833751875,0.32441993750000003,0.3172458125
0.875,0.3125,0.375,0.832552875,0.3253140625,0.3757926875
0.875,0.3125,0.4375,0.831353875,0.3262081875,0.4343395625
0.875,0.3125,0.5,0.830154875,0.32710231250000005,0.4928864375
0.875,0.3125,0.5625,0.828955875,0.3279964375,0.5514333124999999
0.875,0.3125,0.625,0.827756875,0.32889056250000004,0.6099801874999999
0.875,0.3125,0.6875,0.826557875,0.3297846875,0.6685270624999999
0.875,0.3125,0.75,0.825358875,0.33067881250000003,0.7270739374999999
0.875,0.3125,0.8125,0.824159875,0.33157293750000005,0.7856208124999999
0.875,0.3125,0.875,0.822960875,0.3324670625,0.8441676874999999
0.875,0.3125,0.9375,0.821761875,0.33336118750000004,0.9027145624999999
0.875,0.3125,1.0,0.820562875,0.3342553125,0.9612614374999999
0.875,0.375,0.0,0.8455290000000001,0.38023075,0.02793725
0.875,0.375,0.0625,0.8443300000000001,0.38112487500000003,0.086484125
0.875,0.375,0.125,0.8431310000000001,0.382019,0.145031
0.875,0.375,0.1875,0.8419320000000001,0.382913125,0.203577875
0.875,0.375,0.25,0.8407330000000001,0.38380725,0.26212475
0.875,0.375,0.3125,0.8395340000000001,0.384701375,0.320671625
0.875,0.375,0.375,0.838335,0.3855955,0.3792185
0.875,0.375,0.4375,0.8371360000000001,0.386489625,0.437765375
0.875,0.375,0.5,0.835937,0.38738375,0.49631225
0.875,0.375,0.5625,0.8347380000000001,0.388277875,0.554859125
0.875,0.375,0.625,0.833539,0.389172,0.613406
0.875,0.375,0.6875,0.8323400000000001,0.390066125,0.671952875
0.875,0.375,0.75,0.8311410000000001,0.39096025,0.73049975
0.875,0.375,0.8125,0.8299420000000001,0.391854375,0.789046625
0.875,0.375,0.875,0.8287430000000001,0.3927485,0.8475935
0.875,0.375,0.9375,0.8275440000000001,0.393642625,0.906140375
0.875,0.375,1.0,0.8263450000000001,0.39453675,0.96468725
0.875,0.4375,0.0,0.8513111250000001,0.44051218750000004,0.0313630625
0.875,0.4375,0.0625,0.8501121250000001,0.44140631250000006,0.0899099375
0.875,0.4375,0.125,0.848913125,0.44230043750000003,0.14845681249999998
0.875,0.4375,0.1875,0.8477141250000001,0.44319456250000006,0.20700368749999998
0.875,0.4375,0.25,0.846515125,0.4440886875,0.2655505625
0.875,0.4375,0.3125,0.8453161250000001,0.44498281250000005,0.3240974375
0.875,0.4375,0.375,0.844117125,0.4458769375,0.3826443125
0.875,0.4375,0.4375,0.8429181250000001,0.44677106250000004,0.44119118749999997
0.875,0.4375,0.5,0.841719125,0.44766518750000006,0.49973806249999997
0.875,0.4375,0.5625,0.8405201250000001,0.44855931250000003,0.5582849375
0.875,0.4375,0.625,0.8393211250000001,0.44945343750000005,0.6168318125
0.875,0.4375,0.6875,0.838122125,0.4503475625,0.6753786875
0.875,0.4375,0.75,0.8369231250000001,0.45124168750000004,0.7339255625
0.875,0.4375,0.8125,0.835724125,0.4521358125,0.7924724375
0.875,0.4375,0.875,0.8345251250000001,0.45302993750000004,0.8510193125
0.875,0.4375,0.9375,0.833326125,0.45392406250000006,0.9095661875
0.875,0.4375,1.0,0.8321271250000001,0.4548181875,0.9681130625
0.875,0.5,0.0,0.85709325,0.500793625,0.034788875
0.875,0.5,0.0625,0.8558942500000001,0.50168775,0.09333575
0.875,0.5,0.125,0.85469525,0.5025818750000001,0.151882625
0.875,0.5,0.1875,0.8534962500000001,0.503476,0.2104295
0.875,0.5,0.25,0.85229725,0.504370125,0.268976375
0.875,0.5,0.3125,0.8510982500000001,0.50526425,0.32752325
0.875,0.5,0.375,0.84989925,0.506158375,0.386070125
0.875,0.5,0.4375,0.84870025,0.5070525,0.444617
0.875,0.5,0.5,0.84750125,0.507946625,0.503163875
0.875,0.5,0.5625,0.84630225,0.5088407500000001,0.56171075
0.875,0.5,0.625,0.84510325,0.509734875,0.620257625
0.875,0.5,0.6875,0.84390425,0.510629,0.6788045
0.875,0.5,0.75,0.8427052500000001,0.511523125,0.737351375
0.875,0.5,0.8125,0.84150625,0.51241725,0.79589825
0.875,0.5,0.875,0.8403072500000001,0.513311375,0.854445125
0.875,0.5,0.9375,0.83910825,0.5142055,0.912992
0.875,0.5,1.0,0.83790925,0.5150996250000001,0.971538875
0.875,0.5625,0.0,0.862875375,0.5610750624999999,0.0382146875
0.875,0.5625,0.0625,0.861676375,0.5619691874999999,0.0967615625
0.875,0.5625,0.125,0.860477375,0.5628633125,0.1553084375
0.875,0.5625,0.1875,0.859278375,0.5637574375,0.2138553125
0.875,0.5625,0.25,0.858079375,0.5646515624999999,0.2724021875
0.875,0.5625,0.3125,0.856880375,0.5655456874999999,0.3309490625
0.875,0.5625,0.375,0.855681375,0.5664398125,0.3894959375
0.875,0.5625,0.4375,0.854482375,0.5673339374999999,0.4480428125
0.875,0.5625,0.5,0.853283375,0.5682280624999999,0.5065896875
0.875,0.5625,0.5625,0.852084375,0.5691221875,0.5651365625
0.875,0.5625,0.625,0.850885375,0.5700163125,0.6236834375
0.875,0.5625,0.6875,0.849686375,0.5709104374999999,0.6822303125
0.875,0.5625,0.75,0.848487375,0.5718045624999999,0.7407771875
0.875,0.5625,0.8125,0.847288375,0.5726986875,0.7993240625
0.875,0.5625,0.875,0.846089375,0.5735928124999999,0.8578709375
0.875,0.5625,0.9375,0.844890375,0.5744869374999999,0.9164178125
0.875,0.5625,1.0,0.843691375,0.5753810625,0.9749646875
0.875,0.625,0.0,0.8686575000000001,0.6213565,0.0416405
0.875,0.625,0.0625,0.8674585000000001,0.622250625,0.100187375
0.875,0.625,0.125,0.8662595000000001,0.62314475,0.15873425
0.875,0.625,0.1875,0.8650605000000001,0.624038875,0.217281125
0.875,0.625,0.25,0.8638615000000001,0.624933,0.27582799999999996
0.875,0.625,0.3125,0.8626625000000001,0.6258271249999999,0.33437487499999996
0.875,0.625,0.375,0.8614635,0.62672125,0.39292174999999996
0.875,0.625,0.4375,0.8602645000000001,0.627615375,0.45146862499999996
0.875,0.625,0.5,0.8590655,0.6285094999999999,0.5100155
0.875,0.625,0.5625,0.8578665000000001,0.629403625,0.568562375
0.875,0.625,0.625,0.8566675000000001,0.63029775,0.62710925
0.875,0.625,0.6875,0.8554685000000001,0.631191875,0.685656125
0.875,0.625,0.75,0.8542695000000001,0.6320859999999999,0.744203
0.875,0.625,0.8125,0.8530705000000001,0.632980125,0.802749875
0.875,0.625,0.875,0.8518715000000001,0.63387425,0.8612967499999999
0.875,0.625,0.9375,0.8506725,0.6347683749999999,0.9198436249999999
0.875,0.625,1.0,0.8494735000000001,0.6356625,0.9783904999999999
0.875,0.6875,0.0,0.874439625,0.6816379375,0.0450663125
0.875,0.6875,0.0625,0.8732406250000001,0.6825320625,0.1036131875
0.875,0.6875,0.125,0.872041625,0.6834261875000001,0.16216006249999998
0.875,0.6875,0.1875,0.8708426250000001,0.6843203125,0.22070693749999998
0.875,0.6875,0.25,0.869643625,0.6852144375,0.2792538125
0.875,0.6875,0.3125,0.8684446250000001,0.6861085625,0.3378006875
0.875,0.6875,0.375,0.867245625,0.6870026875,0.3963475625
0.875,0.6875,0.4375,0.8660466250000001,0.6878968125,0.45489443749999997
0.875,0.6875,0.5,0.864847625,0.6887909375,0.5134413125
0.875,0.6875,0.5625,0.8636486250000001,0.6896850625000001,0.5719881875
0.875,0.6875,0.625,0.862449625,0.6905791875,0.6305350625
0.875,0.6875,0.6875,0.861250625,0.6914733125,0.6890819375
0.875,0.6875,0.75,0.8600516250000001,0.6923674375,0.7476288125
0.875,0.6875,0.8125,0.858852625,0.6932615625,0.8061756875
0.875,0.6875,0.875,0.8576536250000001,0.6941556875,0.8647225625
0.875,0.6875,0.9375,0.856454625,0.6950498125,0.9232694375
0.875,0.6875,1.0,0.8552556250000001,0.6959439375,0.9818163125
0.875,0.75,0.0,0.88022175,0.7419193749999999,0.048492125
0.875,0.75,0.0625,0.8790227500000001,0.7428134999999999,0.107039
0.875,0.75,0.125,0.87782375,0.743707625,0.165585875
0.875,0.75,0.1875,0.8766247500000001,0.74460175,0.22413275
0.875,0.75,0.25,0.87542575,0.7454958749999999,0.282679625
0.875,0.75,0.3125,0.87422675,0.7463899999999999,0.3412265
0.875,0.75,0.375,0.87302775,0.747284125,0.399773375
0.875,0.75,0.4375,0.87182875,0.7481782499999999,0.45832025
0.875,0.75,0.5,0.87062975,0.7490723749999999,0.516867125
0.875,0.75,0.5625,0.86943075,0.7499665,0.575414
0.875,0.75,0.625,0.8682317500000001,0.750860625,0.633960875
0.875,0.75,0.6875,0.86703275,0.7517547499999999,0.69250775
0.875,0.75,0.75,0.8658337500000001,0.7526488749999999,0.751054625
0.875,0.75,0.8125,0.86463475,0.753543,0.8096015
0.875,0.75,0.875,0.8634357500000001,0.7544371249999999,0.868148375
0.875,0.75,0.9375,0.86223675,0.7553312499999999,0.92669525
0.875,0.75,1.0,0.86103775,0.756225375,0.985242125
0.875,0.8125,0.0,0.886003875,0.8022008125,0.0519179375
0.875,0.8125,0.0625,0.884804875,0.8030949374999999,0.1104648125
0.875,0.8125,0.125,0.883605875,0.8039890625,0.1690116875
0.875,0.8125,0.1875,0.882406875,0.8048831875,0.2275585625
0.875,0.8125,0.25,0.881207875,0.8057773125,0.2861054375
0.875,0.8125,0.3125,0.880008875,0.8066714374999999,0.3446523125
0.875,0.8125,0.375,0.878809875,0.8075655625,0.4031991875
0.875,0.8125,0.4375,0.877610875,0.8084596875,0.4617460625
0.875,0.8125,0.5,0.876411875,0.8093538124999999,0.5202929374999999
0.875,0.8125,0.5625,0.875212875,0.8102479375,0.5788398124999999
0.875,0.8125,0.625,0.8740138749999999,0.8111420625,0.6373866874999999
0.875,0.8125,0.6875,0.872814875,0.8120361875,0.6959335624999999
0.875,0.8125,0.75,0.871615875,0.8129303124999999,0.7544804374999999
0.875,0.8125,0.8125,0.870416875,0.8138244375,0.8130273124999999
0.875,0.8125,0.875,0.869217875,0.8147185625,0.8715741874999999
0.875,0.8125,0.9375,0.868018875,0.8156126874999999,0.9301210624999999
0.875,0.8125,1.0,0.866819875,0.8165068125,0.9886679374999999
0.875,0.875,0.0,0.8917860000000001,0.86248225,0.05534375
0.875,0.875,0.0625,0.8905870000000001,0.863376375,0.113890625
0.875,0.875,0.125,0.8893880000000001,0.8642705,0.1724375
0.875,0.875,0.1875,0.8881890000000001,0.865164625,0.230984375
0.875,0.875,0.25,0.8869900000000001,0.86605875,0.28953125
0.875,0.875,0.3125,0.8857910000000001,0.866952875,0.348078125
0.875,0.875,0.375,0.884592,0.867847,0.406625
0.875,0.875,0.4375,0.8833930000000001,0.868741125,0.465171875
0.875,0.875,0.5,0.882194,0.86963525,0.52371875
0.875,0.875,0.5625,0.8809950000000001,0.870529375,0.582265625
0.875,0.875,0.625,0.879796,0.8714235,0.6408125
0.875,0.875,0.6875,0.8785970000000001,0.872317625,0.699359375
0.875,0.875,0.75,0.8773980000000001,0.87321175,0.75790625
0.875,0.875,0.8125,0.8761990000000001,0.874105875,0.816453125
0.875,0.875,0.875,0.8750000000000001,0.875,0.875
0.875,0.875,0.9375,0.873801,0.875894125,0.933546875
0.875,0.875,1.0,0.8726020000000001,0.87678825,0.99209375
0.875,0.9375,0.0,0.897568125,0.9227636874999999,0.0587695625
0.875,0.9375,0.0625,0.8963691250000001,0.9236578124999999,0.1173164375
0.875,0.9375,0.125,0.895170125,0.9245519375,0.17586331249999998
0.875,0.9375,0.1875,0.8939711250000001,0.9254460624999999,0.23441018749999998
0.875,0.9375,0.25,0.892772125,0.9263401874999999,0.2929570625
0.875,0.9375,0.3125,0.8915731250000001,0.9272343124999999,0.3515039375
0.875,0.9375,0.375,0.890374125,0.9281284375,0.4100508125
0.875,0.9375,0.4375,0.8891751250000001,0.9290225624999999,0.46859768749999997
0.875,0.9375,0.5,0.887976125,0.9299166874999999,0.5271445625
0.875,0.9375,0.5625,0.886777125,0.9308108125,0.5856914375
0.875,0.9375,0.625,0.8855781250000001,0.9317049374999999,0.6442383125
0.875,0.9375,0.6875,0.884379125,0.9325990624999999,0.7027851875
0.875,0.9375,0.75,0.8831801250000001,0.9334931874999999,0.7613320625
0.875,0.9375,0.8125,0.881981125,0.9343873125,0.8198789375
0.875,0.9375,0.875,0.8807821250000001,0.9352814374999999,0.8784258125
0.875,0.9375,0.9375,0.879583125,0.9361755624999999,0.9369726875
0.875,0.9375,1.0,0.8783841250000001,0.9370696875,0.9955195625
0.875,1.0,0.0,0.90335025,0.983045125,0.062195375
0.875,1.0,0.0625,0.9021512500000001,0.9839392499999999,0.12074225
0.875,1.0,0.125,0.90095225,0.984833375,0.179289125
0.875,1.0,0.1875,0.8997532500000001,0.9857275,0.237836
0.875,1.0,0.25,0.89855425,0.986621625,0.296382875
0.875,1.0,0.3125,0.89735525,0.9875157499999999,0.35492975
0.875,1.0,0.375,0.89615625,0.988409875,0.413476625
0.875,1.0,0.4375,0.89495725,0.989304,0.4720235
0.875,1.0,0.5,0.89375825,0.9901981249999999,0.5305703749999999
0.875,1.0,0.5625,0.89255925,0.99109225,0.5891172499999999
0.875,1.0,0.625,0.89136025,0.991986375,0.6476641249999999
0.875,1.0,0.6875,0.89016125,0.9928804999999999,0.7062109999999999
0.875,1.0,0.75,0.8889622500000001,0.9937746249999999,0.7647578749999999
0.875,1.0,0.8125,0.88776325,0.99466875,0.8233047499999999
0.875,1.0,0.875,0.88656425,0.995562875,0.8818516249999999
0.875,1.0,0.9375,0.88536525,0.9964569999999999,0.9403984999999999
0.875,1.0,1.0,0.88416625,0.997351125,0.9989453749999999
0.9375,0.0,0.0,0.868753125,0.0198665625,0.0079096875
0.9375,0.0,0.0625,0.8675541250000001,0.0207606875,0.0664565625
0.9375,0.0,0.125,0.866355125,0.021654812500000002,0.1250034375
0.9375,0.0,0.1875,0.865156125,0.0225489375,0.1835503125
0.9375,0.0,0.25,0.863957125,0.0234430625,0.2420971875
0.9375,0.0,0.3125,0.862758125,0.0243371875,0.3006440625
0.9375,0.0,0.375,0.861559125,0.0252313125,0.3591909375
0.9375,0.0,0.4375,0.860360125,0.0261254375,0.41773781249999997
0.9375,0.0,0.5,0.859161125,0.0270195625,0.47628468749999997
0.9375,0.0,0.5625,0.857962125,0.0279136875,0.5348315625
0.9375,0.0,0.625,0.8567631250000001,0.028807812500000002,0.5933784375
0.9375,0.0,0.6875,0.855564125,0.0297019375,0.6519253125
0.9375,0.0,0.75,0.8543651250000001,0.0305960625,0.7104721875
0.9375,0.0,0.8125,0.853166125,0.0314901875,0.7690190625
0.9375,0.0,0.875,0.851967125,0.0323843125,0.8275659375
0.9375,0.0,0.9375,0.850768125,0.0332784375,0.8861128125
0.9375,0.0,1.0,0.849569125,0.0341725625,0.9446596875
0.9375,0.0625,0.0,0.87453525,0.080148,0.0113355
0.9375,0.0625,0.0625,0.87333625,0.08104212499999999,0.069882375
0.9375,0.0625,0.125,0.87213725,0.08193625,0.12842925
0.9375,0.0625,0.1875,0.87093825,0.082830375,0.186976125
0.9375,0.0625,0.25,0.86973925,0.0837245,0.245523
0.9375,0.0625,0.3125,0.86854025,0.084618625,0.304069875
0.9375,0.0625,0.375,0.86734125,0.08551275,0.36261675
0.9375,0.0625,0.4375,0.86614225,0.086406875,0.421163625
0.9375,0.0625,0.5,0.8649432499999999,0.08730099999999999,0.4797105
0.9375,0.0625,0.5625,0.86374425,0.088195125,0.538257375
0.9375,0.0625,0.625,0.8625452499999999,0.08908925,0.59680425
0.9375,0.0625,0.6875,0.86134625,0.089983375,0.655351125
0.9375,0.0625,0.75,0.86014725,0.0908775,0.713898
0.9375,0.0625,0.8125,0.85894825,0.091771625,0.772444875
0.9375,0.0625,0.875,0.85774925,0.09266574999999999,0.83099175
0.9375,0.0625,0.9375,0.85655025,0.093559875,0.889538625
0.9375,0.0625,1.0,0.85535125,0.094454,0.9480855
0.9375,0.125,0.0,0.8803173750000001,0.1404294375,0.0147613125
0.9375,0.125,0.0625,0.8791183750000001,0.1413235625,0.0733081875
0.9375,0.125,0.125,0.8779193750000001,0.1422176875,0.1318550625
0.9375,0.125,0.1875,0.8767203750000001,0.1431118125,0.1904019375
0.9375,0.125,0.25,0.875521375,0.14400593750000001,0.2489488125
0.9375,0.125,0.3125,0.8743223750000001,0.1449000625,0.3074956875
0.9375,0.125,0.375,0.873123375,0.1457941875,0.3660425625
0.9375,0.125,0.4375,0.8719243750000001,0.1466883125,0.4245894375
0.9375,0.125,0.5,0.870725375,0.1475824375,0.4831363125
0.9375,0.125,0.5625,0.8695263750000001,0.1484765625,0.5416831875
0.9375,0.125,0.625,0.868327375,0.14937068750000002,0.6002300625
0.9375,0.125,0.6875,0.8671283750000001,0.1502648125,0.6587769375
0.9375,0.125,0.75,0.8659293750000001,0.1511589375,0.7173238125
0.9375,0.125,0.8125,0.864730375,0.1520530625,0.7758706875
0.9375,0.125,0.875,0.8635313750000001,0.1529471875,0.8344175625
0.9375,0.125,0.9375,0.862332375,0.1538413125,0.8929644375
0.9375,0.125,1.0,0.8611333750000001,0.15473543750000002,0.9515113125
0.9375,0.1875,0.0,0.8860995,0.20071087499999998,0.018187125
0.9375,0.1875,0.0625,0.8849005000000001,0.20160499999999998,0.076734
0.9375,0.1875,0.125,0.8837015,0.20249912499999997,0.135280875
0.9375,0.1875,0.1875,0.8825025000000001,0.20339324999999997,0.19382775
0.9375,0.1875,0.25,0.8813035,0.204287375,0.25237462499999996
0.9375,0.1875,0.3125,0.8801045000000001,0.2051815,0.31092149999999996
0.9375,0.1875,0.375,0.8789055,0.20607562499999998,0.36946837499999996
0.9375,0.1875,0.4375,0.8777065000000001,0.20696974999999998,0.42801524999999996
0.9375,0.1875,0.5,0.8765075,0.20786387499999998,0.48656212499999996
0.9375,0.1875,0.5625,0.8753085,0.20875799999999997,0.545109
0.9375,0.1875,0.625,0.8741095000000001,0.209652125,0.603655875
0.9375,0.1875,0.6875,0.8729105,0.21054625,0.66220275
0.9375,0.1875,0.75,0.8717115000000001,0.21144037499999999,0.720749625
0.9375,0.1875,0.8125,0.8705125,0.21233449999999998,0.7792965
0.9375,0.1875,0.875,0.8693135000000001,0.21322862499999998,0.837843375
0.9375,0.1875,0.9375,0.8681145,0.21412274999999997,0.8963902499999999
0.9375,0.1875,1.0,0.8669155000000001,0.215016875,0.9549371249999999
0.9375,0.25,0.0,0.891881625,0.2609923125,0.0216129375
0.9375,0.25,0.0625,0.8906826250000001,0.2618864375,0.0801598125
0.9375,0.25,0.125,0.889483625,0.2627805625,0.13870668749999998
0.9375,0.25,0.1875,0.888284625,0.2636746875,0.19725356249999998
0.9375,0.25,0.25,0.887085625,0.2645688125,0.2558004375
0.9375,0.25,0.3125,0.885886625,0.2654629375,0.3143473125
0.9375,0.25,0.375,0.884687625,0.26635706249999996,0.3728941875
0.9375,0.25,0.4375,0.883488625,0.2672511875,0.43144106249999997
0.9375,0.25,0.5,0.882289625,0.2681453125,0.48998793749999997
0.9375,0.25,0.5625,0.881090625,0.2690394375,0.5485348125
0.9375,0.25,0.625,0.879891625,0.2699335625,0.6070816875
0.9375,0.25,0.6875,0.878692625,0.27082768749999997,0.6656285625
0.9375,0.25,0.75,0.877493625,0.2717218125,0.7241754375
0.9375,0.25,0.8125,0.876294625,0.2726159375,0.7827223125
0.9375,0.25,0.875,0.875095625,0.2735100625,0.8412691875
0.9375,0.25,0.9375,0.873896625,0.2744041875,0.8998160625
0.9375,0.25,1.0,0.872697625,0.2752983125,0.9583629375
0.9375,0.3125,0.0,0.89766375,0.32127375,0.02503875
0.9375,0.3125,0.0625,0.89646475,0.32216787500000005,0.083585625
0.9375,0.3125,0.125,0.89526575,0.323062,0.1421325
0.9375,0.3125,0.1875,0.89406675,0.32395612500000004,0.200679375
0.9375,0.3125,0.25,0.89286775,0.32485025,0.25922625
0.9375,0.3125,0.3125,0.89166875,0.32574437500000003,0.317773125
0.9375,0.3125,0.375,0.89046975,0.3266385,0.37632
0.9375,0.3125,0.4375,0.88927075,0.327532625,0.434866875
0.9375,0.3125,0.5,0.8880717499999999,0.32842675000000005,0.49341375
0.9375,0.3125,0.5625,0.88687275,0.329320875,0.551960625
0.9375,0.3125,0.625,0.88567375,0.33021500000000004,0.6105075
0.9375,0.3125,0.6875,0.88447475,0.331109125,0.669054375
0.9375,0.3125,0.75,0.88327575,0.33200325,0.72760125
0.9375,0.3125,0.8125,0.88207675,0.33289737500000005,0.786148125
0.9375,0.3125,0.875,0.88087775,0.3337915,0.844695
0.9375,0.3125,0.9375,0.87967875,0.33468562500000004,0.903241875
0.9375,0.3125,1.0,0.87847975,0.33557975,0.96178875
0.9375,0.375,0.0,0.9034458750000001,0.3815551875,0.0284645625
0.9375,0.375,0.0625,0.9022468750000001,0.3824493125,0.0870114375
0.9375,0.375,0.125,0.901047875,0.3833434375,0.1455583125
0.9375,0.375,0.1875,0.8998488750000001,0.3842375625,0.2041051875
0.9375,0.375,0.25,0.898649875,0.3851316875,0.2626520625
0.9375,0.375,0.3125,0.8974508750000001,0.3860258125,0.3211989375
0.9375,0.375,0.375,0.896251875,0.3869199375,0.3797458125
0.9375,0.375,0.4375,0.8950528750000001,0.3878140625,0.4382926875
0.9375,0.375,0.5,0.893853875,0.3887081875,0.4968395625
0.9375,0.375,0.5625,0.8926548750000001,0.3896023125,0.5553864374999999
0.9375,0.375,0.625,0.8914558750000001,0.3904964375,0.6139333124999999
0.9375,0.375,0.6875,0.8902568750000001,0.3913905625,0.6724801874999999
0.9375,0.375,0.75,0.8890578750000001,0.3922846875,0.7310270624999999
0.9375,0.375,0.8125,0.887858875,0.3931788125,0.7895739374999999
0.9375,0.375,0.875,0.8866598750000001,0.3940729375,0.8481208124999999
0.9375,0.375,0.9375,0.885460875,0.3949670625,0.9066676874999999
0.9375,0.375,1.0,0.8842618750000001,0.3958611875,0.9652145624999999
0.9375,0.4375,0.0,0.909228,0.44183662500000004,0.031890375
0.9375,0.4375,0.0625,0.9080290000000001,0.44273075000000006,0.09043725
0.9375,0.4375,0.125,0.90683,0.44362487500000003,0.148984125
0.9375,0.4375,0.1875,0.9056310000000001,0.44451900000000005,0.207531
0.9375,0.4375,0.25,0.904432,0.445413125,0.266077875
0.9375,0.4375,0.3125,0.9032330000000001,0.44630725000000004,0.32462475
0.9375,0.4375,0.375,0.902034,0.447201375,0.383171625
0.9375,0.4375,0.4375,0.900835,0.44809550000000004,0.4417185
0.9375,0.4375,0.5,0.899636,0.44898962500000006,0.500265375
0.9375,0.4375,0.5625,0.898437,0.44988375,0.55881225
0.9375,0.4375,0.625,0.897238,0.45077787500000005,0.617359125
0.9375,0.4375,0.6875,0.896039,0.451672,0.675906
0.9375,0.4375,0.75,0.8948400000000001,0.45256612500000004,0.734452875
0.9375,0.4375,0.8125,0.893641,0.45346025,0.79299975
0.9375,0.4375,0.875,0.8924420000000001,0.45435437500000003,0.851546625
0.9375,0.4375,0.9375,0.891243,0.45524850000000006,0.9100935
0.9375,0.4375,1.0,0.8900440000000001,0.456142625,0.968640375
0.9375,0.5,0.0,0.915010125,0.5021180625,0.0353161875
0.9375,0.5,0.0625,0.9138111250000001,0.5030121875,0.0938630625
0.9375,0.5,0.125,0.912612125,0.5039063125000001,0.15240993749999998
0.9375,0.5,0.1875,0.911413125,0.5048004375,0.21095681249999998
0.9375,0.5,0.25,0.910214125,0.5056945625,0.2695036875
0.9375,0.5,0.3125,0.909015125,0.5065886875,0.3280505625
0.9375,0.5,0.375,0.907816125,0.5074828125,0.3865974375
0.9375,0.5,0.4375,0.906617125,0.5083769375,0.4451443125
0.9375,0.5,0.5,0.905418125,0.5092710625,0.5036911875
0.9375,0.5,0.5625,0.904219125,0.5101651875000001,0.5622380625
0.9375,0.5,0.625,0.9030201250000001,0.5110593125,0.6207849375
0.9375,0.5,0.6875,0.901821125,0.5119534375,0.6793318125
0.9375,0.5,0.75,0.900622125,0.5128475625,0.7378786875
0.9375,0.5,0.8125,0.899423125,0.5137416875,0.7964255625
0.9375,0.5,0.875,0.898224125,0.5146358125,0.8549724375
0.9375,0.5,0.9375,0.897025125,0.5155299375,0.9135193125
0.9375,0.5,1.0,0.895826125,0.5164240625000001,0.9720661875
0.9375,0.5625,0.0,0.92079225,0.5623994999999999,0.038742
0.9375,0.5625,0.0625,0.91959325,0.5632936249999999,0.097288875
0.9375,0.5625,0.125,0.91839425,0.56418775,0.15583575
0.9375,0.5625,0.1875,0.91719525,0.565081875,0.214382625
0.9375,0.5625,0.25,0.91599625,0.5659759999999999,0.2729295
0.9375,0.5625,0.3125,0.91479725,0.5668701249999999,0.331476375
0.9375,0.5625,0.375,0.91359825,0.56776425,0.39002325
0.9375,0.5625,0.4375,0.91239925,0.5686583749999999,0.448570125
0.9375,0.5625,0.5,0.9112002499999999,0.5695524999999999,0.507117
0.9375,0.5625,0.5625,0.91000125,0.570446625,0.565663875
0.9375,0.5625,0.625,0.9088022499999999,0.57134075,0.62421075
0.9375,0.5625,0.6875,0.90760325,0.5722348749999999,0.682757625
0.9375,0.5625,0.75,0.90640425,0.5731289999999999,0.7413045
0.9375,0.5625,0.8125,0.90520525,0.574023125,0.799851375
0.9375,0.5625,0.875,0.90400625,0.5749172499999999,0.85839825
0.9375,0.5625,0.9375,0.90280725,0.5758113749999999,0.916945125
0.9375,0.5625,1.0,0.90160825,0.5767055,0.975492
0.9375,0.625,0.0,0.9265743750000001,0.6226809375,0.0421678125
0.9375,0.625,0.0625,0.9253753750000001,0.6235750624999999,0.1007146875
0.9375,0.625,0.125,0.924176375,0.6244691875,0.1592615625
0.9375,0.625,0.1875,0.9229773750000001,0.6253633125,0.2178084375
0.9375,0.625,0.25,0.921778375,0.6262574375,0.2763553125
0.9375,0.625,0.3125,0.9205793750000001,0.6271515624999999,0.3349021875
0.9375,0.625,0.375,0.919380375,0.6280456875,0.3934490625
0.9375,0.625,0.4375,0.9181813750000001,0.6289398125,0.4519959375
0.9375,0.625,0.5,0.916982375,0.6298339374999999,0.5105428125
0.9375,0.625,0.5625,0.9157833750000001,0.6307280625,0.5690896875
0.9375,0.625,0.625,0.914584375,0.6316221875,0.6276365625
0.9375,0.625,0.6875,0.913385375,0.6325163125,0.6861834375
0.9375,0.625,0.75,0.9121863750000001,0.6334104374999999,0.7447303125
0.9375,0.625,0.8125,0.910987375,0.6343045625,0.8032771875
0.9375,0.625,0.875,0.9097883750000001,0.6351986875,0.8618240625
0.9375,0.625,0.9375,0.908589375,0.6360928124999999,0.9203709375
0.9375,0.625,1.0,0.9073903750000001,0.6369869375,0.9789178125
0.9375,0.6875,0.0,0.9323565,0.682962375,0.045593625
0.9375,0.6875,0.0625,0.9311575000000001,0.6838565,0.1041405
0.9375,0.6875,0.125,0.9299585,0.6847506250000001,0.162687375
0.9375,0.6875,0.1875,0.9287595000000001,0.68564475,0.22123425
0.9375,0.6875,0.25,0.9275605,0.686538875,0.27978112499999996
0.9375,0.6875,0.3125,0.9263615000000001,0.687433,0.33832799999999996
0.9375,0.6875,0.375,0.9251625,0.688327125,0.39687487499999996
0.9375,0.6875,0.4375,0.9239635,0.68922125,0.45542174999999996
0.9375,0.6875,0.5,0.9227645,0.690115375,0.513968625
0.9375,0.6875,0.5625,0.9215655,0.6910095,0.5725155
0.9375,0.6875,0.625,0.9203665000000001,0.691903625,0.631062375
0.9375,0.6875,0.6875,0.9191675,0.69279775,0.68960925
0.9375,0.6875,0.75,0.9179685000000001,0.693691875,0.748156125
0.9375,0.6875,0.8125,0.9167695,0.694586,0.806703
0.9375,0.6875,0.875,0.9155705000000001,0.695480125,0.865249875
0.9375,0.6875,0.9375,0.9143715,0.69637425,0.9237967499999999
0.9375,0.6875,1.0,0.9131725,0.697268375,0.9823436249999999
0.9375,0.75,0.0,0.938138625,0.7432438124999999,0.0490194375
0.9375,0.75,0.0625,0.936939625,0.7441379374999999,0.1075663125
0.9375,0.75,0.125,0.935740625,0.7450320625,0.16611318749999998
0.9375,0.75,0.1875,0.934541625,0.7459261875,0.22466006249999998
0.9375,0.75,0.25,0.933342625,0.7468203124999999,0.2832069375
0.9375,0.75,0.3125,0.932143625,0.7477144374999999,0.3417538125
0.9375,0.75,0.375,0.930944625,0.7486085625,0.4003006875
0.9375,0.75,0.4375,0.929745625,0.7495026874999999,0.4588475625
0.9375,0.75,0.5,0.928546625,0.7503968124999999,0.5173944375
0.9375,0.75,0.5625,0.927347625,0.7512909375,0.5759413125
0.9375,0.75,0.625,0.926148625,0.7521850625,0.6344881875
0.9375,0.75,0.6875,0.924949625,0.7530791874999999,0.6930350625
0.9375,0.75,0.75,0.923750625,0.7539733124999999,0.7515819375
0.9375,0.75,0.8125,0.922551625,0.7548674375,0.8101288125
0.9375,0.75,0.875,0.921352625,0.7557615624999999,0.8686756875
0.9375,0.75,0.9375,0.920153625,0.7566556874999999,0.9272225625
0.9375,0.75,1.0,0.918954625,0.7575498125,0.9857694375
0.9375,0.8125,0.0,0.94392075,0.80352525,0.05244525
0.9375,0.8125,0.0625,0.94272175,0.8044193749999999,0.110992125
0.9375,0.8125,0.125,0.94152275,0.8053135,0.169539
0.9375,0.8125,0.1875,0.94032375,0.806207625,0.228085875
0.9375,0.8125,0.25,0.93912475,0.80710175,0.28663275
0.9375,0.8125,0.3125,0.93792575,0.8079958749999999,0.345179625
0.9375,0.8125,0.375,0.9367267499999999,0.80889,0.4037265
0.9375,0.8125,0.4375,0.93552775,0.809784125,0.462273375
0.9375,0.8125,0.5,0.9343287499999999,0.8106782499999999,0.52082025
0.9375,0.8125,0.5625,0.93312975,0.811572375,0.579367125
0.9375,0.8125,0.625,0.93193075,0.8124665,0.637914
0.9375,0.8125,0.6875,0.93073175,0.813360625,0.696460875
0.9375,0.8125,0.75,0.92953275,0.8142547499999999,0.75500775
0.9375,0.8125,0.8125,0.92833375,0.815148875,0.813554625
0.9375,0.8125,0.875,0.92713475,0.816043,0.8721015
0.9375,0.8125,0.9375,0.92593575,0.8169371249999999,0.930648375
0.9375,0.8125,1.0,0.92473675,0.81783125,0.98919525
0.9375,0.875,0.0,0.9497028750000001,0.8638066875,0.0558710625
0.9375,0.875,0.0625,0.9485038750000001,0.8647008125,0.1144179375
0.9375,0.875,0.125,0.947304875,0.8655949375,0.1729648125
0.9375,0.875,0.1875,0.9461058750000001,0.8664890625,0.2315116875
0.9375,0.875,0.25,0.944906875,0.8673831875,0.2900585625
0.9375,0.875,0.3125,0.9437078750000001,0.8682773125,0.3486054375
0.9375,0.875,0.375,0.942508875,0.8691714375,0.4071523125
0.9375,0.875,0.4375,0.9413098750000001,0.8700655625,0.4656991875
0.9375,0.875,0.5,0.940110875,0.8709596875,0.5242460624999999
0.9375,0.875,0.5625,0.9389118750000001,0.8718538125,0.5827929374999999
0.9375,0.875,0.625,0.9377128750000001,0.8727479375,0.6413398124999999
0.9375,0.875,0.6875,0.936513875,0.8736420625,0.6998866874999999
0.9375,0.875,0.75,0.9353148750000001,0.8745361875,0.7584335624999999
0.9375,0.875,0.8125,0.934115875,0.8754303125,0.8169804374999999
0.9375,0.875,0.875,0.9329168750000001,0.8763244375,0.8755273124999999
0.9375,0.875,0.9375,0.931717875,0.8772185625,0.9340741874999999
0.9375,0.875,1.0,0.9305188750000001,0.8781126875,0.9926210624999999
0.9375,0.9375,0.0,0.955485,0.9240881249999999,0.059296875
0.9375,0.9375,0.0625,0.9542860000000001,0.9249822499999999,0.11784375
0.9375,0.9375,0.125,0.953087,0.925876375,0.176390625
0.9375,0.9375,0.1875,0.9518880000000001,0.9267704999999999,0.2349375
0.9375,0.9375,0.25,0.950689,0.9276646249999999,0.293484375
0.9375,0.9375,0.3125,0.9494900000000001,0.9285587499999999,0.35203125
0.9375,0.9375,0.375,0.948291,0.929452875,0.410578125
0.9375,0.9375,0.4375,0.947092,0.9303469999999999,0.469125
0.9375,0.9375,0.5,0.945893,0.9312411249999999,0.527671875
0.9375,0.9375,0.5625,0.944694,0.93213525,0.58621875
0.9375,0.9375,0.625,0.943495,0.9330293749999999,0.644765625
0.9375,0.9375,0.6875,0.942296,0.9339234999999999,0.7033125
0.9375,0.9375,0.75,0.9410970000000001,0.9348176249999999,0.761859375
0.9375,0.9375,0.8125,0.939898,0.93571175,0.82040625
0.9375,0.9375,0.875,0.9386990000000001,0.9366058749999999,0.878953125
0.9375,0.9375,0.9375,0.9375,0.9374999999999999,0.9375
0.9375,0.9375,1.0,0.936301,0.938394125,0.996046875
0.9375,1.0,0.0,0.961267125,0.9843695625,0.0627226875
0.9375,1.0,0.0625,0.960068125,0.9852636874999999,0.1212695625
0.9375,1.0,0.125,0.958869125,0.9861578125,0.17981643749999998
0.9375,1.0,0.1875,0.957670125,0.9870519375,0.23836331249999998
0.9375,1.0,0.25,0.956471125,0.9879460624999999,0.2969101875
0.9375,1.0,0.3125,0.955272125,0.9888401874999999,0.3554570625
0.9375,1.0,0.375,0.954073125,0.9897343125,0.4140039375
0.9375,1.0,0.4375,0.952874125,0.9906284375,0.4725508125
0.9375,1.0,0.5,0.951675125,0.9915225624999999,0.5310976875
0.9375,1.0,0.5625,0.950476125,0.9924166875,0.5896445625
0.9375,1.0,0.625,0.949277125,0.9933108125,0.6481914375
0.9375,1.0,0.6875,0.948078125,0.9942049374999999,0.7067383125
0.9375,1.0,0.75,0.946879125,0.9950990624999999,0.7652851875
0.9375,1.0,0.8125,0.945680125,0.9959931875,0.8238320625
0.9375,1.0,0.875,0.944481125,0.9968873125,0.8823789375
0.9375,1.0,0.9375,0.943282125,0.9977814374999999,0.9409258125
0.9375,1.0,1.0,0.942083125,0.9986755625,0.9994726875
1.0,0.0,0.0,0.92667,0.021191,0.008437
1.0,0.0,0.0625,0.925471,0.022085125,0.066983875
1.0,0.0,0.125,0.924272,0.02297925,0.12553075
1.0,0.0,0.1875,0.923073,0.023873375000000002,0.184077625
1.0,0.0,0.25,0.921874,0.0247675,0.2426245
1.0,0.0,0.3125,0.920675,0.025661625,0.301171375
1.0,0.0,0.375,0.919476,0.026555750000000003,0.35971825
1.0,0.0,0.4375,0.918277,0.027449875000000002,0.418265125
1.0,0.0,0.5,0.917078,0.028344,0.476812
1.0,0.0,0.5625,0.915879,0.029238125,0.535358875
1.0,0.0,0.625,0.9146799999999999,0.03013225,0.59390575
1.0,0.0,0.6875,0.913481,0.031026375000000002,0.652452625
1.0,0.0,0.75,0.912282,0.031920500000000004,0.7109995
1.0,0.0,0.8125,0.911083,0.032814625,0.769546375
1.0,0.0,0.875,0.909884,0.03370875,0.82809325
1.0,0.0,0.9375,0.908685,0.034602875000000005,0.886640125
1.0,0.0,1.0,0.907486,0.035497,0.945187
1.0,0.0625,0.0,0.932452125,0.0814724375,0.0118628125
1.0,0.0625,0.0625,0.931253125,0.08236656249999999,0.0704096875
1.0,0.0625,0.125,0.930054125,0.0832606875,0.12895656249999998
1.0,0.0625,0.1875,0.928855125,0.0841548125,0.18750343749999998
1.0,0.0625,0.25,0.9276561249999999,0.08504893749999999,0.24605031249999998
1.0,0.0625,0.3125,0.926457125,0.0859430625,0.3045971875
1.0,0.0625,0.375,0.9252581249999999,0.0868371875,0.3631440625
1.0,0.0625,0.4375,0.924059125,0.08773131249999999,0.4216909375
1.0,0.0625,0.5,0.9228601249999999,0.08862543749999999,0.48023781249999997
1.0,0.0625,0.5625,0.921661125,0.0895195625,0.5387846875
1.0,0.0625,0.625,0.920462125,0.09041368749999999,0.5973315625
1.0,0.0625,0.6875,0.919263125,0.0913078125,0.6558784375
1.0,0.0625,0.75,0.918064125,0.0922019375,0.7144253125
1.0,0.0625,0.8125,0.916865125,0.09309606249999999,0.7729721875
1.0,0.0625,0.875,0.915666125,0.09399018749999999,0.8315190625
1.0,0.0625,0.9375,0.9144671249999999,0.0948843125,0.8900659375
1.0,0.0625,1.0,0.913268125,0.0957784375,0.9486128125
1.0,0.125,0.0,0.93823425,0.141753875,0.015288625
1.0,0.125,0.0625,0.9370352500000001,0.142648,0.0738355
1.0,0.125,0.125,0.93583625,0.143542125,0.132382375
1.0,0.125,0.1875,0.9346372500000001,0.14443625,0.19092925
1.0,0.125,0.25,0.93343825,0.145330375,0.249476125
1.0,0.125,0.3125,0.9322392500000001,0.1462245,0.308023
1.0,0.125,0.375,0.93104025,0.147118625,0.366569875
1.0,0.125,0.4375,0.9298412500000001,0.14801275,0.42511675
1.0,0.125,0.5,0.92864225,0.148906875,0.483663625
1.0,0.125,0.5625,0.92744325,0.149801,0.5422104999999999
1.0,0.125,0.625,0.9262442500000001,0.150695125,0.6007573749999999
1.0,0.125,0.6875,0.92504525,0.15158925,0.6593042499999999
1.0,0.125,0.75,0.9238462500000001,0.152483375,0.7178511249999999
1.0,0.125,0.8125,0.92264725,0.1533775,0.7763979999999999
1.0,0.125,0.875,0.9214482500000001,0.154271625,0.8349448749999999
1.0,0.125,0.9375,0.92024925,0.15516575,0.8934917499999999
1.0,0.125,1.0,0.9190502500000001,0.15605987500000001,0.9520386249999999
1.0,0.1875,0.0,0.944016375,0.2020353125,0.0187144375
1.0,0.1875,0.0625,0.9428173750000001,0.2029294375,0.0772613125
1.0,0.1875,0.125,0.941618375,0.2038235625,0.1358081875
1.0,0.1875,0.1875,0.9404193750000001,0.2047176875,0.1943550625
1.0,0.1875,0.25,0.939220375,0.20561181250000002,0.2529019375
1.0,0.1875,0.3125,0.938021375,0.20650593750000001,0.3114488125
1.0,0.1875,0.375,0.936822375,0.2074000625,0.3699956875
1.0,0.1875,0.4375,0.935623375,0.2082941875,0.4285425625
1.0,0.1875,0.5,0.934424375,0.2091883125,0.4870894375
1.0,0.1875,0.5625,0.933225375,0.2100824375,0.5456363125
1.0,0.1875,0.625,0.932026375,0.21097656250000002,0.6041831875
1.0,0.1875,0.6875,0.930827375,0.21187068750000002,0.6627300625
1.0,0.1875,0.75,0.9296283750000001,0.2127648125,0.7212769375
1.0,0.1875,0.8125,0.928429375,0.2136589375,0.7798238125
1.0,0.1875,0.875,0.927230375,0.2145530625,0.8383706875
1.0,0.1875,0.9375,0.926031375,0.2154471875,0.8969175625
1.0,0.1875,1.0,0.924832375,0.2163413125,0.9554644375
1.0,0.25,0.0,0.9497985,0.26231675,0.02214025
1.0,0.25,0.0625,0.9485995,0.263210875,0.080687125
1.0,0.25,0.125,0.9474005,0.264105,0.139234
1.0,0.25,0.1875,0.9462015,0.264999125,0.197780875
1.0,0.25,0.25,0.9450025,0.26589324999999997,0.25632774999999997
1.0,0.25,0.3125,0.9438035,0.266787375,0.31487462499999996
1.0,0.25,0.375,0.9426045,0.26768149999999996,0.37342149999999996
1.0,0.25,0.4375,0.9414055,0.268575625,0.43196837499999996
1.0,0.25,0.5,0.9402065,0.26946975,0.49051524999999996
1.0,0.25,0.5625,0.9390075,0.270363875,0.549062125
1.0,0.25,0.625,0.9378085,0.271258,0.607609
1.0,0.25,0.6875,0.9366095,0.27215212499999997,0.666155875
1.0,0.25,0.75,0.9354105,0.27304625,0.72470275
1.0,0.25,0.8125,0.9342115,0.273940375,0.783249625
1.0,0.25,0.875,0.9330125,0.2748345,0.8417965
1.0,0.25,0.9375,0.9318135,0.275728625,0.900343375
1.0,0.25,1.0,0.9306145,0.27662275,0.9588902499999999
1.0,0.3125,0.0,0.955580625,0.3225981875,0.0255660625
1.0,0.3125,0.0625,0.954381625,0.32349231250000005,0.0841129375
1.0,0.3125,0.125,0.953182625,0.3243864375,0.14265981249999998
1.0,0.3125,0.1875,0.951983625,0.32528056250000004,0.20120668749999998
1.0,0.3125,0.25,0.9507846249999999,0.3261746875,0.2597535625
1.0,0.3125,0.3125,0.949585625,0.32706881250000003,0.3183004375
1.0,0.3125,0.375,0.9483866249999999,0.3279629375,0.3768473125
1.0,0.3125,0.4375,0.947187625,0.3288570625,0.4353941875
1.0,0.3125,0.5,0.9459886249999999,0.32975118750000004,0.49394106249999997
1.0,0.3125,0.5625,0.944789625,0.3306453125,0.5524879375
1.0,0.3125,0.625,0.9435906249999999,0.33153943750000003,0.6110348125
1.0,0.3125,0.6875,0.942391625,0.3324335625,0.6695816875
1.0,0.3125,0.75,0.941192625,0.3333276875,0.7281285625
1.0,0.3125,0.8125,0.9399936249999999,0.33422181250000005,0.7866754375
1.0,0.3125,0.875,0.938794625,0.3351159375,0.8452223125
1.0,0.3125,0.9375,0.9375956249999999,0.33601006250000004,0.9037691875
1.0,0.3125,1.0,0.936396625,0.3369041875,0.9623160625
1.0,0.375,0.0,0.96136275,0.382879625,0.028991875
1.0,0.375,0.0625,0.9601637500000001,0.38377375,0.08753875
1.0,0.375,0.125,0.95896475,0.384667875,0.146085625
1.0,0.375,0.1875,0.9577657500000001,0.385562,0.2046325
1.0,0.375,0.25,0.95656675,0.386456125,0.263179375
1.0,0.375,0.3125,0.9553677500000001,0.38735025,0.32172625
1.0,0.375,0.375,0.95416875,0.388244375,0.380273125
1.0,0.375,0.4375,0.9529697500000001,0.3891385,0.43882
1.0,0.375,0.5,0.95177075,0.390032625,0.497366875
1.0,0.375,0.5625,0.95057175,0.39092675,0.55591375
1.0,0.375,0.625,0.94937275,0.391820875,0.614460625
1.0,0.375,0.6875,0.94817375,0.392715,0.6730075
1.0,0.375,0.75,0.9469747500000001,0.393609125,0.731554375
1.0,0.375,0.8125,0.94577575,0.39450324999999997,0.79010125
1.0,0.375,0.875,0.9445767500000001,0.395397375,0.848648125
1.0,0.375,0.9375,0.94337775,0.3962915,0.907195
1.0,0.375,1.0,0.9421787500000001,0.397185625,0.965741875
1.0,0.4375,0.0,0.967144875,0.44316106250000004,0.0324176875
1.0,0.4375,0.0625,0.9659458750000001,0.44405518750000006,0.0909645625
1.0,0.4375,0.125,0.964746875,0.4449493125,0.1495114375
1.0,0.4375,0.1875,0.963547875,0.44584343750000005,0.2080583125
1.0,0.4375,0.25,0.962348875,0.4467375625,0.2666051875
1.0,0.4375,0.3125,0.961149875,0.44763168750000004,0.3251520625
1.0,0.4375,0.375,0.959950875,0.4485258125,0.3836989375
1.0,0.4375,0.4375,0.958751875,0.44941993750000003,0.4422458125
1.0,0.4375,0.5,0.957552875,0.45031406250000006,0.5007926874999999
1.0,0.4375,0.5625,0.956353875,0.4512081875,0.5593395624999999
1.0,0.4375,0.625,0.9551548750000001,0.45210231250000005,0.6178864374999999
1.0,0.4375,0.6875,0.953955875,0.4529964375,0.6764333124999999
1.0,0.4375,0.75,0.9527568750000001,0.45389056250000004,0.7349801874999999
1.0,0.4375,0.8125,0.951557875,0.4547846875,0.7935270624999999
1.0,0.4375,0.875,0.950358875,0.45567881250000003,0.8520739374999999
1.0,0.4375,0.9375,0.949159875,0.45657293750000005,0.9106208124999999
1.0,0.4375,1.0,0.947960875,0.4574670625,0.9691676874999999
1.0,0.5,0.0,0.972927,0.5034425,0.0358435
1.0,0.5,0.0625,0.971728,0.504336625,0.094390375
1.0,0.5,0.125,0.970529,0.5052307500000001,0.15293725
1.0,0.5,0.1875,0.96933,0.506124875,0.211484125
1.0,0.5,0.25,0.968131,0.507019,0.270031
1.0,0.5,0.3125,0.966932,0.507913125,0.328577875
1.0,0.5,0.375,0.965733,0.50880725,0.38712475
1.0,0.5,0.4375,0.964534,0.509701375,0.445671625
1.0,0.5,0.5,0.9633349999999999,0.5105955,0.5042185
1.0,0.5,0.5625,0.962136,0.5114896250000001,0.562765375
1.0,0.5,0.625,0.9609369999999999,0.51238375,0.62131225
1.0,0.5,0.6875,0.959738,0.513277875,0.679859125
1.0,0.5,0.75,0.958539,0.514172,0.738406
1.0,0.5,0.8125,0.95734,0.515066125,0.796952875
1.0,0.5,0.875,0.956141,0.51596025,0.85549975
1.0,0.5,0.9375,0.954942,0.516854375,0.914046625
1.0,0.5,1.0,0.953743,0.5177485000000001,0.9725935
1.0,0.5625,0.0,0.978709125,0.5637239374999999,0.0392693125
1.0,0.5625,0.0625,0.977510125,0.5646180624999999,0.0978161875
1.0,0.5625,0.125,0.976311125,0.5655121875,0.15636306249999998
1.0,0.5625,0.1875,0.975112125,0.5664063125,0.21490993749999998
1.0,0.5625,0.25,0.9739131249999999,0.5673004374999999,0.2734568125
1.0,0.5625,0.3125,0.972714125,0.5681945624999999,0.3320036875
1.0,0.5625,0.375,0.9715151249999999,0.5690886875,0.3905505625
1.0,0.5625,0.4375,0.970316125,0.5699828124999999,0.4490974375
1.0,0.5625,0.5,0.9691171249999999,0.5708769374999999,0.5076443125
1.0,0.5625,0.5625,0.967918125,0.5717710625,0.5661911875
1.0,0.5625,0.625,0.966719125,0.5726651875,0.6247380625
1.0,0.5625,0.6875,0.965520125,0.5735593124999999,0.6832849375
1.0,0.5625,0.75,0.964321125,0.5744534374999999,0.7418318125
1.0,0.5625,0.8125,0.9631221249999999,0.5753475625,0.8003786875
1.0,0.5625,0.875,0.961923125,0.5762416874999999,0.8589255625
1.0,0.5625,0.9375,0.9607241249999999,0.5771358124999999,0.9174724375
1.0,0.5625,1.0,0.959525125,0.5780299375,0.9760193125
1.0,0.625,0.0,0.98449125,0.624005375,0.042695125
1.0,0.625,0.0625,0.9832922500000001,0.6248994999999999,0.101242
1.0,0.625,0.125,0.98209325,0.625793625,0.159788875
1.0,0.625,0.1875,0.9808942500000001,0.62668775,0.21833575
1.0,0.625,0.25,0.97969525,0.627581875,0.276882625
1.0,0.625,0.3125,0.9784962500000001,0.6284759999999999,0.3354295
1.0,0.625,0.375,0.97729725,0.629370125,0.393976375
1.0,0.625,0.4375,0.9760982500000001,0.63026425,0.45252325
1.0,0.625,0.5,0.97489925,0.6311583749999999,0.511070125
1.0,0.625,0.5625,0.97370025,0.6320525,0.569617
1.0,0.625,0.625,0.9725012500000001,0.632946625,0.628163875
1.0,0.625,0.6875,0.97130225,0.63384075,0.68671075
1.0,0.625,0.75,0.9701032500000001,0.6347348749999999,0.745257625
1.0,0.625,0.8125,0.96890425,0.635629,0.8038045
1.0,0.625,0.875,0.9677052500000001,0.636523125,0.862351375
1.0,0.625,0.9375,0.96650625,0.6374172499999999,0.92089825
1.0,0.625,1.0,0.9653072500000001,0.638311375,0.979445125
1.0,0.6875,0.0,0.990273375,0.6842868125,0.0461209375
1.0,0.6875,0.0625,0.9890743750000001,0.6851809375,0.1046678125
1.0,0.6875,0.125,0.987875375,0.6860750625,0.1632146875
1.0,0.6875,0.1875,0.986676375,0.6869691875,0.2217615625
1.0,0.6875,0.25,0.985477375,0.6878633125,0.2803084375
1.0,0.6875,0.3125,0.984278375,0.6887574375,0.3388553125
1.0,0.6875,0.375,0.983079375,0.6896515625,0.3974021875
1.0,0.6875,0.4375,0.981880375,0.6905456875,0.4559490625
1.0,0.6875,0.5,0.980681375,0.6914398125,0.5144959375
1.0,0.6875,0.5625,0.979482375,0.6923339375,0.5730428125
1.0,0.6875,0.625,0.978283375,0.6932280625,0.6315896875
1.0,0.6875,0.6875,0.977084375,0.6941221875,0.6901365625
1.0,0.6875,0.75,0.975885375,0.6950163125,0.7486834375
1.0,0.6875,0.8125,0.974686375,0.6959104375,0.8072303125
1.0,0.6875,0.875,0.973487375,0.6968045625,0.8657771875
1.0,0.6875,0.9375,0.972288375,0.6976986875,0.9243240625
1.0,0.6875,1.0,0.971089375,0.6985928125,0.9828709375
1.0,0.75,0.0,0.9960555,0.7445682499999999,0.04954675
1.0,0.75,0.0625,0.9948565,0.7454623749999999,0.108093625
1.0,0.75,0.125,0.9936575,0.7463565,0.1666405
1.0,0.75,0.1875,0.9924585,0.747250625,0.225187375
1.0,0.75,0.25,0.9912595,0.7481447499999999,0.28373424999999997
1.0,0.75,0.3125,0.9900605,0.7490388749999999,0.34228112499999996
1.0,0.75,0.375,0.9888615,0.749933,0.40082799999999996
1.0,0.75,0.4375,0.9876625,0.7508271249999999,0.45937487499999996
1.0,0.75,0.5,0.9864634999999999,0.7517212499999999,0.51792175
1.0,0.75,0.5625,0.9852645,0.752615375,0.576468625
1.0,0.75,0.625,0.9840655,0.7535094999999999,0.6350155
1.0,0.75,0.6875,0.9828665,0.7544036249999999,0.693562375
1.0,0.75,0.75,0.9816675,0.7552977499999999,0.75210925
1.0,0.75,0.8125,0.9804685,0.756191875,0.810656125
1.0,0.75,0.875,0.9792695,0.7570859999999999,0.869203
1.0,0.75,0.9375,0.9780705,0.7579801249999999,0.927749875
1.0,0.75,1.0,0.9768715,0.75887425,0.9862967499999999
1.0,0.8125,0.0,1.001837625,0.8048496875,0.0529725625
1.0,0.8125,0.0625,1.0006386250000001,0.8057438124999999,0.1115194375
1.0,0.8125,0.125,0.999439625,0.8066379375,0.17006631249999998
1.0,0.8125,0.1875,0.9982406250000001,0.8075320625,0.22861318749999998
1.0,0.8125,0.25,0.997041625,0.8084261875,0.2871600625
1.0,0.8125,0.3125,0.9958426250000001,0.8093203124999999,0.3457069375
1.0,0.8125,0.375,0.994643625,0.8102144375,0.4042538125
1.0,0.8125,0.4375,0.9934446250000001,0.8111085625,0.4628006875
1.0,0.8125,0.5,0.992245625,0.8120026874999999,0.5213475625
1.0,0.8125,0.5625,0.9910466250000001,0.8128968125,0.5798944375
1.0,0.8125,0.625,0.9898476250000001,0.8137909375,0.6384413125
1.0,0.8125,0.6875,0.9886486250000001,0.8146850625,0.6969881875
1.0,0.8125,0.75,0.9874496250000001,0.8155791874999999,0.7555350625
1.0,0.8125,0.8125,0.986250625,0.8164733125,0.8140819375
1.0,0.8125,0.875,0.9850516250000001,0.8173674375,0.8726288125
1.0,0.8125,0.9375,0.983852625,0.8182615624999999,0.9311756875
1.0,0.8125,1.0,0.9826536250000001,0.8191556875,0.9897225625
1.0,0.875,0.0,1.00761975,0.865131125,0.056398375
1.0,0.875,0.0625,1.00642075,0.86602525,0.11494525
1.0,0.875,0.125,1.00522175,0.866919375,0.173492125
1.0,0.875,0.1875,1.0040227499999999,0.8678135,0.232039
1.0,0.875,0.25,1.00282375,0.868707625,0.290585875
1.0,0.875,0.3125,1.00162475,0.86960175,0.34913275
1.0,0.875,0.375,1.00042575,0.870495875,0.407679625
1.0,0.875,0.4375,0.9992267499999999,0.87139,0.4662265
1.0,0.875,0.5,0.9980277499999999,0.872284125,0.524773375
1.0,0.875,0.5625,0.9968287499999999,0.87317825,0.58332025
1.0,0.875,0.625,0.99562975,0.874072375,0.641867125
1.0,0.875,0.6875,0.9944307499999999,0.8749665,0.700414
1.0,0.875,0.75,0.99323175,0.875860625,0.758960875
1.0,0.875,0.8125,0.9920327499999999,0.87675475,0.81750775
1.0,0.875,0.875,0.99083375,0.877648875,0.876054625
1.0,0.875,0.9375,0.9896347499999999,0.878543,0.9346015
1.0,0.875,1.0,0.98843575,0.879437125,0.993148375
1.0,0.9375,0.0,1.013401875,0.9254125624999999,0.0598241875
1.0,0.9375,0.0625,1.012202875,0.9263066874999999,0.1183710625
1.0,0.9375,0.125,1.011003875,0.9272008125,0.1769179375
1.0,0.9375,0.1875,1.009804875,0.9280949374999999,0.2354648125
1.0,0.9375,0.25,1.008605875,0.9289890624999999,0.2940116875
1.0,0.9375,0.3125,1.007406875,0.9298831874999999,0.3525585625
1.0,0.9375,0.375,1.006207875,0.9307773125,0.4111054375
1.0,0.9375,0.4375,1.005008875,0.9316714374999999,0.4696523125
1.0,0.9375,0.5,1.003809875,0.9325655624999999,0.5281991875
1.0,0.9375,0.5625,1.002610875,0.9334596875,0.5867460624999999
1.0,0.9375,0.625,1.001411875,0.9343538124999999,0.6452929374999999
1.0,0.9375,0.6875,1.0002128750000001,0.9352479374999999,0.7038398124999999
1.0,0.9375,0.75,0.999013875,0.9361420624999999,0.7623866874999999
1.0,0.9375,0.8125,0.997814875,0.9370361875,0.8209335624999999
1.0,0.9375,0.875,0.996615875,0.9379303124999999,0.8794804374999999
1.0,0.9375,0.9375,0.995416875,0.9388244374999999,0.9380273124999999
1.0,0.9375,1.0,0.994217875,0.9397185625,0.9965741874999999
1.0,1.0,0.0,1.019184,0.985694,0.06325
1.0,1.0,0.0625,1.0179850000000001,0.9865881249999999,0.121796875
1.0,1.0,0.125,1.0167860000000002,0.98748225,0.18034375
1.0,1.0,0.1875,1.015587,0.988376375,0.238890625
1.0,1.0,0.25,1.014388,0.9892704999999999,0.2974375
1.0,1.0,0.3125,1.0131890000000001,0.9901646249999999,0.355984375
1.0,1.0,0.375,1.0119900000000002,0.99105875,0.41453125
1.0,1.0,0.4375,1.010791,0.991952875,0.473078125
1.0,1.0,0.5,1.009592,0.9928469999999999,0.531625
1.0,1.0,0.5625,1.008393,0.993741125,0.590171875
1.0,1.0,0.625,1.0071940000000001,0.99463525,0.64871875
1.0,1.0,0.6875,1.0059950000000002,0.9955293749999999,0.707265625
1.0,1.0,0.75,1.004796,0.9964234999999999,0.7658125
1.0,1.0,0.8125,1.003597,0.997317625,0.824359375
1.0,1.0,0.875,1.0023980000000001,0.99821175,0.88290625
1.0,1.0,0.9375,1.0011990000000002,0.9991058749999999,0.941453125
1.0,1.0,1.0,1.0,1.0,1.0
