R,G,B,R_out,G_out,B_out
0.0,0.0,0.0,0.0,0.0,0.0
0.0,0.0,0.0625,-0.0052126249999999985,0.004942874999999999,0.03742837500000001
0.0,0.0,0.125,-0.010425249999999997,0.009885749999999999,0.07485675000000001
0.0,0.0,0.1875,-0.015637874999999996,0.014828624999999998,0.11228512500000001
0.0,0.0,0.25,-0.020850499999999994,0.019771499999999997,0.14971350000000003
0.0,0.0,0.3125,-0.026063124999999993,0.024714374999999997,0.18714187500000004
0.0,0.0,0.375,-0.03127574999999999,0.029657249999999996,0.22457025000000003
0.0,0.0,0.4375,-0.03648837499999999,0.034600124999999995,0.26199862500000004
0.0,0.0,0.5,-0.04170099999999999,0.039542999999999995,0.29942700000000005
0.0,0.0,0.5625,-0.04691362499999999,0.044485874999999994,0.33685537500000007
0.0,0.0,0.625,-0.052126249999999985,0.049428749999999994,0.3742837500000001
0.0,0.0,0.6875,-0.057338874999999984,0.05437162499999999,0.4117121250000001
0.0,0.0,0.75,-0.06255149999999998,0.05931449999999999,0.44914050000000005
0.0,0.0,0.8125,-0.06776412499999998,0.06425737499999999,0.48656887500000007
0.0,0.0,0.875,-0.07297674999999998,0.06920024999999999,0.5239972500000001
0.0,0.0,0.9375,-0.07818937499999998,0.07414312499999999,0.5614256250000002
0.0,0.0,1.0,-0.08340199999999998,0.07908599999999999,0.5988540000000001
0.0,0.0625,0.0,-0.006863249999999996,0.061213125,0.025218249999999994
0.0,0.0625,0.0625,-0.012075874999999995,0.06615599999999999,0.062646625
0.0,0.0625,0.125,-0.01728849999999999,0.071098875,0.10007500000000001
0.0,0.0625,0.1875,-0.02250112499999999,0.07604174999999999,0.137503375
0.0,0.0625,0.25,-0.02771374999999999,0.080984625,0.17493175000000002
0.0,0.0625,0.3125,-0.03292637499999999,0.08592749999999999,0.21236012500000004
0.0,0.0625,0.375,-0.038138999999999985,0.090870375,0.24978850000000002
0.0,0.0625,0.4375,-0.043351624999999984,0.09581324999999999,0.28721687500000004
0.0,0.0625,0.5,-0.04856424999999998,0.100756125,0.32464525000000005
0.0,0.0625,0.5625,-0.05377687499999998,0.10569899999999999,0.36207362500000007
0.0,0.0625,0.625,-0.05898949999999998,0.110641875,0.3995020000000001
0.0,0.0625,0.6875,-0.06420212499999998,0.11558474999999999,0.4369303750000001
0.0,0.0625,0.75,-0.06941474999999998,0.120527625,0.47435875000000005
0.0,0.0625,0.8125,-0.07462737499999998,0.12547049999999998,0.511787125
0.0,0.0625,0.875,-0.07983999999999998,0.130413375,0.5492155000000001
0.0,0.0625,0.9375,-0.08505262499999998,0.13535624999999998,0.5866438750000001
0.0,0.0625,1.0,-0.09026524999999998,0.140299125,0.6240722500000001
0.0,0.125,0.0,-0.013726499999999992,0.12242625,0.05043649999999999
0.0,0.125,0.0625,-0.01893912499999999,0.127369125,0.087864875
0.0,0.125,0.125,-0.02415174999999999,0.13231199999999999,0.12529325
0.0,0.125,0.1875,-0.029364374999999988,0.137254875,0.162721625
0.0,0.125,0.25,-0.03457699999999998,0.14219775,0.20015000000000002
0.0,0.125,0.3125,-0.03978962499999998,0.147140625,0.23757837500000004
0.0,0.125,0.375,-0.04500224999999998,0.15208349999999998,0.27500675
0.0,0.125,0.4375,-0.05021487499999998,0.157026375,0.31243512500000004
0.0,0.125,0.5,-0.05542749999999998,0.16196925,0.34986350000000005
0.0,0.125,0.5625,-0.060640124999999975,0.166912125,0.38729187500000006
0.0,0.125,0.625,-0.06585274999999997,0.17185499999999998,0.4247202500000001
0.0,0.125,0.6875,-0.07106537499999997,0.176797875,0.4621486250000001
0.0,0.125,0.75,-0.07627799999999997,0.18174075,0.49957700000000005
0.0,0.125,0.8125,-0.08149062499999997,0.186683625,0.537005375
0.0,0.125,0.875,-0.08670324999999997,0.19162649999999998,0.5744337500000001
0.0,0.125,0.9375,-0.09191587499999997,0.196569375,0.6118621250000001
0.0,0.125,1.0,-0.09712849999999996,0.20151225,0.6492905000000001
0.0,0.1875,0.0,-0.02058974999999999,0.183639375,0.07565474999999998
0.0,0.1875,0.0625,-0.02580237499999999,0.18858225,0.11308312499999998
0.0,0.1875,0.125,-0.031014999999999987,0.193525125,0.1505115
0.0,0.1875,0.1875,-0.036227624999999986,0.19846799999999998,0.18793987499999998
0.0,0.1875,0.25,-0.041440249999999984,0.203410875,0.22536825
0.0,0.1875,0.3125,-0.04665287499999998,0.20835375,0.262796625
0.0,0.1875,0.375,-0.05186549999999998,0.213296625,0.300225
0.0,0.1875,0.4375,-0.05707812499999998,0.21823949999999998,0.33765337500000003
0.0,0.1875,0.5,-0.06229074999999998,0.223182375,0.37508175000000005
0.0,0.1875,0.5625,-0.06750337499999998,0.22812525,0.41251012500000006
0.0,0.1875,0.625,-0.07271599999999998,0.233068125,0.4499385000000001
0.0,0.1875,0.6875,-0.07792862499999997,0.23801099999999997,0.4873668750000001
0.0,0.1875,0.75,-0.08314124999999997,0.24295387499999999,0.52479525
0.0,0.1875,0.8125,-0.08835387499999997,0.24789675,0.562223625
0.0,0.1875,0.875,-0.09356649999999997,0.252839625,0.5996520000000001
0.0,0.1875,0.9375,-0.09877912499999997,0.25778249999999997,0.6370803750000001
0.0,0.1875,1.0,-0.10399174999999997,0.262725375,0.6745087500000001
0.0,0.25,0.0,-0.027452999999999984,0.2448525,0.10087299999999998
0.0,0.25,0.0625,-0.03266562499999998,0.249795375,0.13830137499999998
0.0,0.25,0.125,-0.03787824999999998,0.25473825,0.17572975
0.0,0.25,0.1875,-0.04309087499999998,0.259681125,0.21315812499999998
0.0,0.25,0.25,-0.04830349999999998,0.26462399999999997,0.2505865
0.0,0.25,0.3125,-0.05351612499999998,0.269566875,0.288014875
0.0,0.25,0.375,-0.058728749999999975,0.27450975,0.32544325
0.0,0.25,0.4375,-0.06394137499999997,0.279452625,0.36287162500000003
0.0,0.25,0.5,-0.06915399999999997,0.2843955,0.40030000000000004
0.0,0.25,0.5625,-0.07436662499999996,0.289338375,0.43772837500000006
0.0,0.25,0.625,-0.07957924999999996,0.29428125,0.47515675000000007
0.0,0.25,0.6875,-0.08479187499999996,0.299224125,0.5125851250000001
0.0,0.25,0.75,-0.09000449999999996,0.30416699999999997,0.5500135
0.0,0.25,0.8125,-0.09521712499999996,0.309109875,0.587441875
0.0,0.25,0.875,-0.10042974999999996,0.31405275,0.6248702500000001
0.0,0.25,0.9375,-0.10564237499999996,0.318995625,0.6622986250000001
0.0,0.25,1.0,-0.11085499999999995,0.3239385,0.6997270000000001
0.0,0.3125,0.0,-0.03431624999999998,0.306065625,0.12609124999999996
0.0,0.3125,0.0625,-0.03952887499999998,0.3110085,0.16351962499999997
0.0,0.3125,0.125,-0.044741499999999976,0.31595137500000003,0.20094799999999996
0.0,0.3125,0.1875,-0.049954124999999974,0.32089425,0.23837637499999997
0.0,0.3125,0.25,-0.05516674999999997,0.325837125,0.27580475
0.0,0.3125,0.3125,-0.06037937499999997,0.33078,0.313233125
0.0,0.3125,0.375,-0.06559199999999997,0.335722875,0.35066149999999996
0.0,0.3125,0.4375,-0.07080462499999997,0.34066575,0.38808987500000003
0.0,0.3125,0.5,-0.07601724999999997,0.345608625,0.42551825
0.0,0.3125,0.5625,-0.08122987499999997,0.3505515,0.46294662500000006
0.0,0.3125,0.625,-0.08644249999999996,0.35549437500000003,0.500375
0.0,0.3125,0.6875,-0.09165512499999996,0.36043725,0.5378033750000001
0.0,0.3125,0.75,-0.09686774999999996,0.365380125,0.57523175
0.0,0.3125,0.8125,-0.10208037499999996,0.370323,0.612660125
0.0,0.3125,0.875,-0.10729299999999996,0.37526587499999997,0.6500885000000001
0.0,0.3125,0.9375,-0.11250562499999996,0.38020875,0.6875168750000001
0.0,0.3125,1.0,-0.11771824999999995,0.385151625,0.7249452500000001
0.0,0.375,0.0,-0.04117949999999998,0.36727875,0.15130949999999996
0.0,0.375,0.0625,-0.04639212499999998,0.372221625,0.18873787499999997
0.0,0.375,0.125,-0.05160474999999998,0.3771645,0.22616624999999996
0.0,0.375,0.1875,-0.056817374999999976,0.38210737499999997,0.26359462499999997
0.0,0.375,0.25,-0.062029999999999974,0.38705025,0.301023
0.0,0.375,0.3125,-0.06724262499999997,0.391993125,0.338451375
0.0,0.375,0.375,-0.07245524999999997,0.39693599999999996,0.37587974999999996
0.0,0.375,0.4375,-0.07766787499999997,0.40187887499999997,0.413308125
0.0,0.375,0.5,-0.08288049999999997,0.40682175,0.4507365
0.0,0.375,0.5625,-0.08809312499999997,0.411764625,0.48816487500000005
0.0,0.375,0.625,-0.09330574999999997,0.4167075,0.52559325
0.0,0.375,0.6875,-0.09851837499999996,0.42165037499999997,0.5630216250000001
0.0,0.375,0.75,-0.10373099999999996,0.42659325,0.60045
0.0,0.375,0.8125,-0.10894362499999996,0.431536125,0.637878375
0.0,0.375,0.875,-0.11415624999999996,0.43647899999999995,0.6753067500000001
0.0,0.375,0.9375,-0.11936887499999996,0.44142187499999996,0.7127351250000001
0.0,0.375,1.0,-0.12458149999999996,0.44636475,0.7501635000000001
0.0,0.4375,0.0,-0.048042749999999974,0.428491875,0.17652774999999996
0.0,0.4375,0.0625,-0.05325537499999997,0.43343475000000004,0.21395612499999997
0.0,0.4375,0.125,-0.05846799999999997,0.438377625,0.25138449999999996
0.0,0.4375,0.1875,-0.06368062499999996,0.4433205,0.28881287499999997
0.0,0.4375,0.25,-0.06889324999999996,0.448263375,0.32624125
0.0,0.4375,0.3125,-0.07410587499999996,0.45320625000000003,0.363669625
0.0,0.4375,0.375,-0.07931849999999996,0.45814912500000005,0.40109799999999995
0.0,0.4375,0.4375,-0.08453112499999996,0.463092,0.438526375
0.0,0.4375,0.5,-0.08974374999999996,0.468034875,0.47595475
0.0,0.4375,0.5625,-0.09495637499999995,0.47297775000000003,0.513383125
0.0,0.4375,0.625,-0.10016899999999995,0.477920625,0.5508115
0.0,0.4375,0.6875,-0.10538162499999995,0.4828635,0.5882398750000001
0.0,0.4375,0.75,-0.11059424999999995,0.487806375,0.62566825
0.0,0.4375,0.8125,-0.11580687499999995,0.49274925,0.663096625
0.0,0.4375,0.875,-0.12101949999999995,0.49769212500000004,0.7005250000000001
0.0,0.4375,0.9375,-0.12623212499999995,0.502635,0.7379533750000001
0.0,0.4375,1.0,-0.13144474999999994,0.507577875,0.7753817500000001
0.0,0.5,0.0,-0.05490599999999997,0.489705,0.20174599999999995
0.0,0.5,0.0625,-0.06011862499999997,0.494647875,0.23917437499999997
0.0,0.5,0.125,-0.06533124999999997,0.49959075,0.27660274999999995
0.0,0.5,0.1875,-0.07054387499999996,0.504533625,0.31403112499999997
0.0,0.5,0.25,-0.07575649999999996,0.5094765,0.3514595
0.0,0.5,0.3125,-0.08096912499999996,0.514419375,0.388887875
0.0,0.5,0.375,-0.08618174999999996,0.51936225,0.42631624999999995
0.0,0.5,0.4375,-0.09139437499999996,0.524305125,0.463744625
0.0,0.5,0.5,-0.09660699999999996,0.5292479999999999,0.501173
0.0,0.5,0.5625,-0.10181962499999996,0.534190875,0.538601375
0.0,0.5,0.625,-0.10703224999999995,0.53913375,0.57602975
0.0,0.5,0.6875,-0.11224487499999995,0.544076625,0.6134581250000001
0.0,0.5,0.75,-0.11745749999999995,0.5490195,0.6508865
0.0,0.5,0.8125,-0.12267012499999995,0.553962375,0.688314875
0.0,0.5,0.875,-0.12788274999999993,0.55890525,0.7257432500000001
0.0,0.5,0.9375,-0.13309537499999996,0.563848125,0.7631716250000001
0.0,0.5,1.0,-0.13830799999999993,0.568791,0.8006000000000001
0.0,0.5625,0.0,-0.06176924999999996,0.550918125,0.22696424999999995
0.0,0.5625,0.0625,-0.06698187499999997,0.555861,0.26439262499999994
0.0,0.5625,0.125,-0.07219449999999997,0.5608038750000001,0.30182099999999995
0.0,0.5625,0.1875,-0.07740712499999997,0.5657467500000001,0.33924937499999996
0.0,0.5625,0.25,-0.08261974999999996,0.570689625,0.37667775
0.0,0.5625,0.3125,-0.08783237499999996,0.5756325,0.414106125
0.0,0.5625,0.375,-0.09304499999999996,0.580575375,0.45153449999999995
0.0,0.5625,0.4375,-0.09825762499999996,0.58551825,0.488962875
0.0,0.5625,0.5,-0.10347024999999996,0.590461125,0.52639125
0.0,0.5625,0.5625,-0.10868287499999996,0.595404,0.563819625
0.0,0.5625,0.625,-0.11389549999999996,0.6003468750000001,0.601248
0.0,0.5625,0.6875,-0.11910812499999995,0.6052897500000001,0.6386763750000001
0.0,0.5625,0.75,-0.12432074999999995,0.6102326250000001,0.67610475
0.0,0.5625,0.8125,-0.12953337499999995,0.6151755,0.713533125
0.0,0.5625,0.875,-0.13474599999999995,0.620118375,0.7509615000000001
0.0,0.5625,0.9375,-0.13995862499999995,0.62506125,0.7883898750000001
0.0,0.5625,1.0,-0.14517124999999995,0.630004125,0.8258182500000001
0.0,0.625,0.0,-0.06863249999999996,0.61213125,0.2521824999999999
0.0,0.625,0.0625,-0.07384512499999996,0.617074125,0.28961087499999993
0.0,0.625,0.125,-0.07905774999999995,0.622017,0.32703924999999995
0.0,0.625,0.1875,-0.08427037499999995,0.626959875,0.36446762499999996
0.0,0.625,0.25,-0.08948299999999995,0.6319027500000001,0.4018959999999999
0.0,0.625,0.3125,-0.09469562499999995,0.636845625,0.439324375
0.0,0.625,0.375,-0.09990824999999995,0.6417885,0.47675274999999995
0.0,0.625,0.4375,-0.10512087499999995,0.646731375,0.5141811249999999
0.0,0.625,0.5,-0.11033349999999995,0.65167425,0.5516095
0.0,0.625,0.5625,-0.11554612499999994,0.656617125,0.589037875
0.0,0.625,0.625,-0.12075874999999994,0.66156,0.62646625
0.0,0.625,0.6875,-0.12597137499999994,0.666502875,0.663894625
0.0,0.625,0.75,-0.13118399999999994,0.67144575,0.7013229999999999
0.0,0.625,0.8125,-0.13639662499999994,0.676388625,0.738751375
0.0,0.625,0.875,-0.14160924999999994,0.6813315,0.7761797500000001
0.0,0.625,0.9375,-0.14682187499999994,0.686274375,0.813608125
0.0,0.625,1.0,-0.15203449999999993,0.69121725,0.8510365
0.0,0.6875,0.0,-0.07549574999999996,0.673344375,0.2774007499999999
0.0,0.6875,0.0625,-0.08070837499999996,0.67828725,0.31482912499999993
0.0,0.6875,0.125,-0.08592099999999996,0.683230125,0.35225749999999995
0.0,0.6875,0.1875,-0.09113362499999995,0.688173,0.38968587499999996
0.0,0.6875,0.25,-0.09634624999999995,0.6931158749999999,0.4271142499999999
0.0,0.6875,0.3125,-0.10155887499999995,0.69805875,0.464542625
0.0,0.6875,0.375,-0.10677149999999995,0.703001625,0.501971
0.0,0.6875,0.4375,-0.11198412499999995,0.7079445,0.5393993749999999
0.0,0.6875,0.5,-0.11719674999999995,0.712887375,0.57682775
0.0,0.6875,0.5625,-0.12240937499999995,0.71783025,0.614256125
0.0,0.6875,0.625,-0.12762199999999996,0.722773125,0.6516845
0.0,0.6875,0.6875,-0.13283462499999993,0.727716,0.689112875
0.0,0.6875,0.75,-0.13804724999999995,0.732658875,0.7265412499999999
0.0,0.6875,0.8125,-0.14325987499999993,0.73760175,0.763969625
0.0,0.6875,0.875,-0.14847249999999995,0.742544625,0.801398
0.0,0.6875,0.9375,-0.15368512499999992,0.7474875,0.838826375
0.0,0.6875,1.0,-0.15889774999999995,0.752430375,0.87625475
0.0,0.75,0.0,-0.08235899999999996,0.7345575,0.3026189999999999
0.0,0.75,0.0625,-0.08757162499999996,0.739500375,0.34004737499999993
0.0,0.75,0.125,-0.09278424999999996,0.74444325,0.37747574999999994
0.0,0.75,0.1875,-0.09799687499999996,0.749386125,0.41490412499999996
0.0,0.75,0.25,-0.10320949999999995,0.754329,0.4523324999999999
0.0,0.75,0.3125,-0.10842212499999995,0.7592718749999999,0.489760875
0.0,0.75,0.375,-0.11363474999999995,0.7642147499999999,0.5271892499999999
0.0,0.75,0.4375,-0.11884737499999995,0.769157625,0.5646176249999999
0.0,0.75,0.5,-0.12405999999999995,0.7741005,0.602046
0.0,0.75,0.5625,-0.12927262499999995,0.779043375,0.639474375
0.0,0.75,0.625,-0.13448524999999995,0.78398625,0.67690275
0.0,0.75,0.6875,-0.13969787499999994,0.788929125,0.714331125
0.0,0.75,0.75,-0.14491049999999994,0.7938719999999999,0.7517594999999999
0.0,0.75,0.8125,-0.15012312499999994,0.7988148749999999,0.789187875
0.0,0.75,0.875,-0.15533574999999994,0.8037577499999999,0.82661625
0.0,0.75,0.9375,-0.16054837499999994,0.808700625,0.864044625
0.0,0.75,1.0,-0.16576099999999994,0.8136435,0.901473
0.0,0.8125,0.0,-0.08922224999999995,0.795770625,0.3278372499999999
0.0,0.8125,0.0625,-0.09443487499999995,0.8007135,0.3652656249999999
0.0,0.8125,0.125,-0.09964749999999994,0.805656375,0.40269399999999994
0.0,0.8125,0.1875,-0.10486012499999994,0.81059925,0.44012237499999995
0.0,0.8125,0.25,-0.11007274999999994,0.8155421249999999,0.4775507499999999
0.0,0.8125,0.3125,-0.11528537499999994,0.8204849999999999,0.514979125
0.0,0.8125,0.375,-0.12049799999999994,0.8254278749999999,0.5524074999999999
0.0,0.8125,0.4375,-0.12571062499999994,0.8303707499999999,0.5898358749999999
0.0,0.8125,0.5,-0.13092324999999994,0.835313625,0.62726425
0.0,0.8125,0.5625,-0.13613587499999993,0.8402565,0.664692625
0.0,0.8125,0.625,-0.14134849999999993,0.845199375,0.702121
0.0,0.8125,0.6875,-0.14656112499999993,0.85014225,0.739549375
0.0,0.8125,0.75,-0.15177374999999993,0.855085125,0.7769777499999999
0.0,0.8125,0.8125,-0.15698637499999993,0.8600279999999999,0.814406125
0.0,0.8125,0.875,-0.16219899999999993,0.8649708749999999,0.8518345
0.0,0.8125,0.9375,-0.16741162499999993,0.8699137499999999,0.889262875
0.0,0.8125,1.0,-0.17262424999999992,0.8748566249999999,0.92669125
0.0,0.875,0.0,-0.09608549999999995,0.85698375,0.3530554999999999
0.0,0.875,0.0625,-0.10129812499999995,0.8619266250000001,0.3904838749999999
0.0,0.875,0.125,-0.10651074999999995,0.8668695000000001,0.42791224999999994
0.0,0.875,0.1875,-0.11172337499999994,0.8718123750000001,0.46534062499999995
0.0,0.875,0.25,-0.11693599999999994,0.87675525,0.5027689999999999
0.0,0.875,0.3125,-0.12214862499999994,0.881698125,0.540197375
0.0,0.875,0.375,-0.12736124999999993,0.886641,0.5776257499999999
0.0,0.875,0.4375,-0.13257387499999995,0.891583875,0.6150541249999999
0.0,0.875,0.5,-0.13778649999999992,0.89652675,0.6524825
0.0,0.875,0.5625,-0.14299912499999995,0.901469625,0.689910875
0.0,0.875,0.625,-0.14821174999999992,0.9064125000000001,0.72733925
0.0,0.875,0.6875,-0.15342437499999995,0.9113553750000001,0.764767625
0.0,0.875,0.75,-0.15863699999999992,0.9162982500000001,0.8021959999999999
0.0,0.875,0.8125,-0.16384962499999994,0.921241125,0.839624375
0.0,0.875,0.875,-0.16906224999999991,0.926184,0.87705275
0.0,0.875,0.9375,-0.17427487499999994,0.931126875,0.914481125
0.0,0.875,1.0,-0.1794874999999999,0.93606975,0.9519095
0.0,0.9375,0.0,-0.10294874999999994,0.918196875,0.3782737499999999
0.0,0.9375,0.0625,-0.10816137499999993,0.92313975,0.4157021249999999
0.0,0.9375,0.125,-0.11337399999999993,0.928082625,0.45313049999999994
0.0,0.9375,0.1875,-0.11858662499999993,0.9330255000000001,0.49055887499999995
0.0,0.9375,0.25,-0.12379924999999993,0.9379683750000001,0.5279872499999999
0.0,0.9375,0.3125,-0.12901187499999994,0.94291125,0.565415625
0.0,0.9375,0.375,-0.1342244999999999,0.947854125,0.6028439999999999
0.0,0.9375,0.4375,-0.13943712499999994,0.952797,0.6402723749999999
0.0,0.9375,0.5,-0.1446497499999999,0.957739875,0.67770075
0.0,0.9375,0.5625,-0.14986237499999994,0.96268275,0.715129125
0.0,0.9375,0.625,-0.1550749999999999,0.967625625,0.7525575
0.0,0.9375,0.6875,-0.16028762499999993,0.9725685000000001,0.789985875
0.0,0.9375,0.75,-0.1655002499999999,0.977511375,0.8274142499999999
0.0,0.9375,0.8125,-0.17071287499999993,0.98245425,0.864842625
0.0,0.9375,0.875,-0.1759254999999999,0.987397125,0.902271
0.0,0.9375,0.9375,-0.18113812499999993,0.99234,0.939699375
0.0,0.9375,1.0,-0.1863507499999999,0.997282875,0.97712775
0.0,1.0,0.0,-0.10981199999999994,0.97941,0.4034919999999999
0.0,1.0,0.0625,-0.11502462499999994,0.984352875,0.4409203749999999
0.0,1.0,0.125,-0.12023724999999993,0.98929575,0.47834874999999993
0.0,1.0,0.1875,-0.12544987499999993,0.994238625,0.515777125
0.0,1.0,0.25,-0.13066249999999993,0.9991815,0.5532054999999999
0.0,1.0,0.3125,-0.13587512499999993,1.004124375,0.590633875
0.0,1.0,0.375,-0.14108774999999993,1.00906725,0.6280622499999999
0.0,1.0,0.4375,-0.14630037499999993,1.014010125,0.6654906249999999
0.0,1.0,0.5,-0.15151299999999993,1.018953,0.702919
0.0,1.0,0.5625,-0.15672562499999992,1.023895875,0.740347375
0.0,1.0,0.625,-0.16193824999999992,1.02883875,0.77777575
0.0,1.0,0.6875,-0.16715087499999992,1.033781625,0.815204125
0.0,1.0,0.75,-0.17236349999999992,1.0387245,0.8526324999999999
0.0,1.0,0.8125,-0.17757612499999992,1.043667375,0.890060875
0.0,1.0,0.875,-0.18278874999999992,1.04861025,0.92748925
0.0,1.0,0.9375,-0.18800137499999992,1.053553125,0.964917625
0.0,1.0,1.0,-0.1932139999999999,1.0584959999999999,1.002346
0.0625,0.0,0.0,0.074575875,-0.003655999999999998,-0.00014662499999999973
0.0625,0.0,0.0625,0.06936325,0.0012868750000000016,0.03728175000000001
0.0625,0.0,0.125,0.064150625,0.006229750000000001,0.07471012500000002
0.0625,0.0,0.1875,0.058938000000000004,0.011172625,0.11213850000000002
0.0625,0.0,0.25,0.053725375000000006,0.016115499999999998,0.14956687500000002
0.0625,0.0,0.3125,0.04851275000000001,0.021058374999999997,0.18699525000000003
0.0625,0.0,0.375,0.04330012500000001,0.026001249999999997,0.22442362500000002
0.0625,0.0,0.4375,0.03808750000000001,0.030944124999999996,0.26185200000000003
0.0625,0.0,0.5,0.03287487500000001,0.035886999999999995,0.29928037500000004
0.0625,0.0,0.5625,0.027662250000000013,0.040829874999999995,0.33670875000000006
0.0625,0.0,0.625,0.022449625000000015,0.045772749999999994,0.37413712500000007
0.0625,0.0,0.6875,0.017237000000000016,0.05071562499999999,0.4115655000000001
0.0625,0.0,0.75,0.012024375000000018,0.05565849999999999,0.44899387500000004
0.0625,0.0,0.8125,0.006811750000000019,0.06060137499999999,0.48642225000000006
0.0625,0.0,0.875,0.0015991250000000207,0.06554425,0.5238506250000001
0.0625,0.0,0.9375,-0.003613499999999978,0.070487125,0.5612790000000002
0.0625,0.0,1.0,-0.008826124999999976,0.07543,0.5987073750000002
0.0625,0.0625,0.0,0.067712625,0.057557125,0.025071624999999993
0.0625,0.0625,0.0625,0.0625,0.0625,0.0625
0.0625,0.0625,0.125,0.057287375,0.067442875,0.09992837500000001
0.0625,0.0625,0.1875,0.05207475,0.07238575,0.13735675
0.0625,0.0625,0.25,0.046862125000000004,0.077328625,0.174785125
0.0625,0.0625,0.3125,0.041649500000000006,0.0822715,0.21221350000000003
0.0625,0.0625,0.375,0.03643687500000001,0.087214375,0.249641875
0.0625,0.0625,0.4375,0.03122425000000001,0.09215725,0.28707025
0.0625,0.0625,0.5,0.02601162500000001,0.097100125,0.32449862500000004
0.0625,0.0625,0.5625,0.020799000000000012,0.102043,0.36192700000000005
0.0625,0.0625,0.625,0.015586375000000013,0.106985875,0.39935537500000007
0.0625,0.0625,0.6875,0.010373750000000015,0.11192875,0.4367837500000001
0.0625,0.0625,0.75,0.005161125000000016,0.11687162499999999,0.47421212500000004
0.0625,0.0625,0.8125,-5.1499999999982116e-05,0.12181449999999999,0.5116405
0.0625,0.0625,0.875,-0.005264124999999981,0.126757375,0.5490688750000001
0.0625,0.0625,0.9375,-0.01047674999999998,0.13170025,0.5864972500000002
0.0625,0.0625,1.0,-0.015689374999999978,0.13664312499999998,0.6239256250000002
0.0625,0.125,0.0,0.06084937500000001,0.11877025000000001,0.05028987499999999
0.0625,0.125,0.0625,0.05563675000000001,0.12371312500000001,0.08771825
0.0625,0.125,0.125,0.050424125000000014,0.128656,0.125146625
0.0625,0.125,0.1875,0.045211500000000016,0.133598875,0.162575
0.0625,0.125,0.25,0.03999887500000002,0.13854175000000002,0.200003375
0.0625,0.125,0.3125,0.03478625000000002,0.143484625,0.23743175000000002
0.0625,0.125,0.375,0.02957362500000002,0.1484275,0.274860125
0.0625,0.125,0.4375,0.02436100000000002,0.153370375,0.3122885
0.0625,0.125,0.5,0.019148375000000023,0.15831325000000002,0.34971687500000004
0.0625,0.125,0.5625,0.013935750000000025,0.163256125,0.38714525000000005
0.0625,0.125,0.625,0.008723125000000026,0.168199,0.42457362500000007
0.0625,0.125,0.6875,0.0035105000000000275,0.173141875,0.4620020000000001
0.0625,0.125,0.75,-0.001702124999999971,0.17808475,0.49943037500000004
0.0625,0.125,0.8125,-0.0069147499999999695,0.183027625,0.53685875
0.0625,0.125,0.875,-0.012127374999999968,0.18797049999999998,0.5742871250000001
0.0625,0.125,0.9375,-0.017339999999999967,0.192913375,0.6117155000000002
0.0625,0.125,1.0,-0.022552624999999965,0.19785625,0.6491438750000001
0.0625,0.1875,0.0,0.05398612500000001,0.179983375,0.07550812499999998
0.0625,0.1875,0.0625,0.04877350000000001,0.18492625000000001,0.1129365
0.0625,0.1875,0.125,0.04356087500000001,0.189869125,0.150364875
0.0625,0.1875,0.1875,0.038348250000000014,0.19481199999999999,0.18779325
0.0625,0.1875,0.25,0.033135625000000016,0.199754875,0.225221625
0.0625,0.1875,0.3125,0.027923000000000017,0.20469775,0.26265000000000005
0.0625,0.1875,0.375,0.02271037500000002,0.209640625,0.300078375
0.0625,0.1875,0.4375,0.01749775000000002,0.21458349999999998,0.33750675
0.0625,0.1875,0.5,0.012285125000000022,0.219526375,0.37493512500000004
0.0625,0.1875,0.5625,0.007072500000000023,0.22446925,0.41236350000000005
0.0625,0.1875,0.625,0.0018598750000000247,0.229412125,0.44979187500000006
0.0625,0.1875,0.6875,-0.003352749999999974,0.23435499999999998,0.4872202500000001
0.0625,0.1875,0.75,-0.008565374999999972,0.239297875,0.524648625
0.0625,0.1875,0.8125,-0.01377799999999997,0.24424075,0.562077
0.0625,0.1875,0.875,-0.01899062499999997,0.249183625,0.5995053750000001
0.0625,0.1875,0.9375,-0.024203249999999968,0.2541265,0.6369337500000001
0.0625,0.1875,1.0,-0.029415874999999966,0.259069375,0.674362125
0.0625,0.25,0.0,0.047122875000000015,0.2411965,0.10072637499999998
0.0625,0.25,0.0625,0.04191025000000002,0.246139375,0.13815475
0.0625,0.25,0.125,0.03669762500000002,0.25108225,0.175583125
0.0625,0.25,0.1875,0.03148500000000002,0.256025125,0.2130115
0.0625,0.25,0.25,0.02627237500000002,0.260968,0.250439875
0.0625,0.25,0.3125,0.021059750000000023,0.265910875,0.28786825000000005
0.0625,0.25,0.375,0.015847125000000024,0.27085375,0.325296625
0.0625,0.25,0.4375,0.010634500000000026,0.275796625,0.362725
0.0625,0.25,0.5,0.005421875000000027,0.28073950000000003,0.40015337500000003
0.0625,0.25,0.5625,0.00020925000000002886,0.285682375,0.43758175000000005
0.0625,0.25,0.625,-0.00500337499999997,0.29062525,0.47501012500000006
0.0625,0.25,0.6875,-0.010215999999999968,0.295568125,0.5124385
0.0625,0.25,0.75,-0.015428624999999967,0.300511,0.549866875
0.0625,0.25,0.8125,-0.020641249999999965,0.305453875,0.58729525
0.0625,0.25,0.875,-0.025853874999999964,0.31039675,0.6247236250000001
0.0625,0.25,0.9375,-0.031066499999999962,0.315339625,0.6621520000000001
0.0625,0.25,1.0,-0.03627912499999996,0.3202825,0.699580375
0.0625,0.3125,0.0,0.04025962500000002,0.302409625,0.12594462499999995
0.0625,0.3125,0.0625,0.03504700000000002,0.30735250000000003,0.16337299999999996
0.0625,0.3125,0.125,0.029834375000000024,0.31229537500000004,0.20080137499999995
0.0625,0.3125,0.1875,0.024621750000000026,0.31723825,0.23822974999999996
0.0625,0.3125,0.25,0.019409125000000027,0.322181125,0.275658125
0.0625,0.3125,0.3125,0.014196500000000029,0.327124,0.3130865
0.0625,0.3125,0.375,0.00898387500000003,0.332066875,0.350514875
0.0625,0.3125,0.4375,0.0037712500000000315,0.33700975,0.38794324999999996
0.0625,0.3125,0.5,-0.001441374999999967,0.341952625,0.42537162500000003
0.0625,0.3125,0.5625,-0.0066539999999999655,0.3468955,0.4628
0.0625,0.3125,0.625,-0.011866624999999964,0.35183837500000004,0.5002283750000001
0.0625,0.3125,0.6875,-0.017079249999999963,0.35678125,0.53765675
0.0625,0.3125,0.75,-0.02229187499999996,0.361724125,0.575085125
0.0625,0.3125,0.8125,-0.02750449999999996,0.366667,0.6125135
0.0625,0.3125,0.875,-0.03271712499999996,0.371609875,0.649941875
0.0625,0.3125,0.9375,-0.03792974999999996,0.37655275,0.6873702500000001
0.0625,0.3125,1.0,-0.043142374999999955,0.381495625,0.724798625
0.0625,0.375,0.0,0.03339637500000002,0.36362275,0.15116287499999995
0.0625,0.375,0.0625,0.02818375000000002,0.368565625,0.18859124999999996
0.0625,0.375,0.125,0.022971125000000023,0.3735085,0.22601962499999995
0.0625,0.375,0.1875,0.017758500000000024,0.378451375,0.26344799999999996
0.0625,0.375,0.25,0.012545875000000026,0.38339425,0.300876375
0.0625,0.375,0.3125,0.007333250000000027,0.388337125,0.33830475
0.0625,0.375,0.375,0.0021206250000000287,0.39327999999999996,0.375733125
0.0625,0.375,0.4375,-0.0030919999999999698,0.398222875,0.41316149999999996
0.0625,0.375,0.5,-0.008304624999999968,0.40316575,0.45058987500000003
0.0625,0.375,0.5625,-0.013517249999999967,0.408108625,0.48801825
0.0625,0.375,0.625,-0.018729874999999965,0.4130515,0.5254466250000001
0.0625,0.375,0.6875,-0.023942499999999964,0.417994375,0.562875
0.0625,0.375,0.75,-0.029155124999999962,0.42293725,0.600303375
0.0625,0.375,0.8125,-0.03436774999999996,0.427880125,0.63773175
0.0625,0.375,0.875,-0.03958037499999996,0.43282299999999996,0.675160125
0.0625,0.375,0.9375,-0.04479299999999996,0.43776587499999997,0.7125885000000001
0.0625,0.375,1.0,-0.050005624999999956,0.44270875,0.750016875
0.0625,0.4375,0.0,0.026533125000000025,0.42483587500000003,0.17638112499999994
0.0625,0.4375,0.0625,0.021320500000000027,0.42977875000000004,0.21380949999999996
0.0625,0.4375,0.125,0.01610787500000003,0.434721625,0.25123787499999994
0.0625,0.4375,0.1875,0.01089525000000003,0.4396645,0.28866624999999996
0.0625,0.4375,0.25,0.005682625000000031,0.444607375,0.32609462499999997
0.0625,0.4375,0.3125,0.0004700000000000329,0.44955025000000004,0.363523
0.0625,0.4375,0.375,-0.004742624999999966,0.45449312500000005,0.400951375
0.0625,0.4375,0.4375,-0.009955249999999964,0.459436,0.43837974999999996
0.0625,0.4375,0.5,-0.015167874999999963,0.464378875,0.475808125
0.0625,0.4375,0.5625,-0.02038049999999996,0.46932175000000004,0.5132365
0.0625,0.4375,0.625,-0.02559312499999996,0.474264625,0.550664875
0.0625,0.4375,0.6875,-0.030805749999999958,0.4792075,0.58809325
0.0625,0.4375,0.75,-0.03601837499999996,0.484150375,0.625521625
0.0625,0.4375,0.8125,-0.041230999999999955,0.48909325000000003,0.66295
0.0625,0.4375,0.875,-0.046443624999999954,0.49403612500000005,0.700378375
0.0625,0.4375,0.9375,-0.05165624999999995,0.498979,0.7378067500000001
0.0625,0.4375,1.0,-0.05686887499999995,0.5039218750000001,0.775235125
0.0625,0.5,0.0,0.01966987500000003,0.486049,0.20159937499999994
0.0625,0.5,0.0625,0.014457250000000033,0.490991875,0.23902774999999996
0.0625,0.5,0.125,0.009244625000000034,0.49593475,0.27645612499999994
0.0625,0.5,0.1875,0.0040320000000000356,0.500877625,0.31388449999999996
0.0625,0.5,0.25,-0.001180624999999963,0.5058205,0.35131287499999997
0.0625,0.5,0.3125,-0.0063932499999999615,0.510763375,0.38874125
0.0625,0.5,0.375,-0.01160587499999996,0.51570625,0.426169625
0.0625,0.5,0.4375,-0.01681849999999996,0.520649125,0.46359799999999995
0.0625,0.5,0.5,-0.022031124999999957,0.5255920000000001,0.501026375
0.0625,0.5,0.5625,-0.027243749999999956,0.530534875,0.53845475
0.0625,0.5,0.625,-0.032456374999999954,0.53547775,0.575883125
0.0625,0.5,0.6875,-0.03766899999999995,0.540420625,0.6133115
0.0625,0.5,0.75,-0.04288162499999995,0.5453635,0.650739875
0.0625,0.5,0.8125,-0.04809424999999995,0.550306375,0.68816825
0.0625,0.5,0.875,-0.05330687499999995,0.55524925,0.725596625
0.0625,0.5,0.9375,-0.05851949999999995,0.560192125,0.7630250000000001
0.0625,0.5,1.0,-0.06373212499999995,0.5651349999999999,0.800453375
0.0625,0.5625,0.0,0.012806625000000037,0.547262125,0.22681762499999994
0.0625,0.5625,0.0625,0.007594000000000038,0.5522050000000001,0.2642459999999999
0.0625,0.5625,0.125,0.0023813750000000397,0.5571478750000001,0.30167437499999994
0.0625,0.5625,0.1875,-0.002831249999999959,0.5620907500000001,0.33910274999999995
0.0625,0.5625,0.25,-0.008043874999999957,0.5670336250000001,0.37653112499999997
0.0625,0.5625,0.3125,-0.013256499999999956,0.5719765,0.4139595
0.0625,0.5625,0.375,-0.018469124999999954,0.576919375,0.451387875
0.0625,0.5625,0.4375,-0.023681749999999953,0.58186225,0.48881624999999995
0.0625,0.5625,0.5,-0.02889437499999995,0.586805125,0.526244625
0.0625,0.5625,0.5625,-0.03410699999999995,0.591748,0.563673
0.0625,0.5625,0.625,-0.03931962499999995,0.5966908750000001,0.601101375
0.0625,0.5625,0.6875,-0.04453224999999995,0.6016337500000001,0.63852975
0.0625,0.5625,0.75,-0.049744874999999945,0.606576625,0.675958125
0.0625,0.5625,0.8125,-0.054957499999999944,0.6115195,0.7133865
0.0625,0.5625,0.875,-0.06017012499999994,0.616462375,0.750814875
0.0625,0.5625,0.9375,-0.06538274999999993,0.62140525,0.7882432500000001
0.0625,0.5625,1.0,-0.07059537499999993,0.626348125,0.825671625
0.0625,0.625,0.0,0.005943375000000042,0.60847525,0.2520358749999999
0.0625,0.625,0.0625,0.0007307500000000439,0.613418125,0.2894642499999999
0.0625,0.625,0.125,-0.004481874999999955,0.618361,0.32689262499999994
0.0625,0.625,0.1875,-0.009694499999999953,0.6233038750000001,0.3643209999999999
0.0625,0.625,0.25,-0.014907124999999952,0.62824675,0.40174937499999996
0.0625,0.625,0.3125,-0.02011974999999995,0.633189625,0.4391777499999999
0.0625,0.625,0.375,-0.02533237499999995,0.6381325,0.47660612499999994
0.0625,0.625,0.4375,-0.030544999999999947,0.643075375,0.5140345
0.0625,0.625,0.5,-0.035757624999999946,0.64801825,0.5514628749999999
0.0625,0.625,0.5625,-0.040970249999999944,0.652961125,0.58889125
0.0625,0.625,0.625,-0.04618287499999994,0.657904,0.626319625
0.0625,0.625,0.6875,-0.05139549999999994,0.6628468750000001,0.663748
0.0625,0.625,0.75,-0.05660812499999994,0.6677897500000001,0.701176375
0.0625,0.625,0.8125,-0.06182074999999994,0.672732625,0.7386047499999999
0.0625,0.625,0.875,-0.06703337499999994,0.6776755,0.776033125
0.0625,0.625,0.9375,-0.07224599999999994,0.682618375,0.8134615000000001
0.0625,0.625,1.0,-0.07745862499999993,0.68756125,0.850889875
0.0625,0.6875,0.0,-0.0009198749999999589,0.669688375,0.2772541249999999
0.0625,0.6875,0.0625,-0.006132499999999957,0.67463125,0.3146824999999999
0.0625,0.6875,0.125,-0.011345124999999956,0.679574125,0.35211087499999993
0.0625,0.6875,0.1875,-0.016557749999999954,0.684517,0.3895392499999999
0.0625,0.6875,0.25,-0.021770374999999953,0.689459875,0.42696762499999996
0.0625,0.6875,0.3125,-0.02698299999999995,0.69440275,0.4643959999999999
0.0625,0.6875,0.375,-0.03219562499999995,0.699345625,0.501824375
0.0625,0.6875,0.4375,-0.03740824999999995,0.7042885,0.53925275
0.0625,0.6875,0.5,-0.04262087499999995,0.709231375,0.5766811249999999
0.0625,0.6875,0.5625,-0.047833499999999946,0.71417425,0.6141095
0.0625,0.6875,0.625,-0.053046124999999944,0.719117125,0.651537875
0.0625,0.6875,0.6875,-0.05825874999999994,0.72406,0.68896625
0.0625,0.6875,0.75,-0.06347137499999994,0.7290028749999999,0.726394625
0.0625,0.6875,0.8125,-0.06868399999999994,0.73394575,0.7638229999999999
0.0625,0.6875,0.875,-0.07389662499999994,0.738888625,0.801251375
0.0625,0.6875,0.9375,-0.07910924999999994,0.7438315,0.8386797500000001
0.0625,0.6875,1.0,-0.08432187499999994,0.748774375,0.876108125
0.0625,0.75,0.0,-0.00778312499999996,0.7309015,0.3024723749999999
0.0625,0.75,0.0625,-0.012995749999999959,0.735844375,0.3399007499999999
0.0625,0.75,0.125,-0.018208374999999957,0.74078725,0.37732912499999993
0.0625,0.75,0.1875,-0.023420999999999956,0.745730125,0.4147574999999999
0.0625,0.75,0.25,-0.028633624999999954,0.7506729999999999,0.45218587499999996
0.0625,0.75,0.3125,-0.03384624999999995,0.7556158749999999,0.4896142499999999
0.0625,0.75,0.375,-0.03905887499999995,0.76055875,0.527042625
0.0625,0.75,0.4375,-0.04427149999999995,0.765501625,0.564471
0.0625,0.75,0.5,-0.04948412499999995,0.7704445,0.6018993749999999
0.0625,0.75,0.5625,-0.05469674999999995,0.775387375,0.63932775
0.0625,0.75,0.625,-0.059909374999999945,0.78033025,0.676756125
0.0625,0.75,0.6875,-0.06512199999999994,0.785273125,0.7141845
0.0625,0.75,0.75,-0.07033462499999994,0.790216,0.751612875
0.0625,0.75,0.8125,-0.07554724999999994,0.7951588749999999,0.7890412499999999
0.0625,0.75,0.875,-0.08075987499999994,0.80010175,0.826469625
0.0625,0.75,0.9375,-0.08597249999999994,0.805044625,0.863898
0.0625,0.75,1.0,-0.09118512499999994,0.8099875,0.901326375
0.0625,0.8125,0.0,-0.014646374999999948,0.792114625,0.3276906249999999
0.0625,0.8125,0.0625,-0.019858999999999946,0.7970575,0.3651189999999999
0.0625,0.8125,0.125,-0.025071624999999945,0.802000375,0.40254737499999993
0.0625,0.8125,0.1875,-0.030284249999999943,0.80694325,0.4399757499999999
0.0625,0.8125,0.25,-0.03549687499999994,0.811886125,0.47740412499999996
0.0625,0.8125,0.3125,-0.04070949999999994,0.8168289999999999,0.5148324999999999
0.0625,0.8125,0.375,-0.04592212499999994,0.8217718749999999,0.552260875
0.0625,0.8125,0.4375,-0.05113474999999994,0.8267147499999999,0.5896892499999999
0.0625,0.8125,0.5,-0.056347374999999936,0.831657625,0.6271176249999999
0.0625,0.8125,0.5625,-0.061559999999999934,0.8366005,0.664546
0.0625,0.8125,0.625,-0.06677262499999993,0.841543375,0.701974375
0.0625,0.8125,0.6875,-0.07198524999999993,0.84648625,0.73940275
0.0625,0.8125,0.75,-0.07719787499999993,0.8514291249999999,0.776831125
0.0625,0.8125,0.8125,-0.08241049999999993,0.8563719999999999,0.8142594999999999
0.0625,0.8125,0.875,-0.08762312499999993,0.8613148749999999,0.851687875
0.0625,0.8125,0.9375,-0.09283574999999993,0.8662577499999999,0.88911625
0.0625,0.8125,1.0,-0.09804837499999992,0.871200625,0.926544625
0.0625,0.875,0.0,-0.02150962499999995,0.85332775,0.3529088749999999
0.0625,0.875,0.0625,-0.026722249999999947,0.8582706250000001,0.3903372499999999
0.0625,0.875,0.125,-0.031934874999999946,0.8632135000000001,0.4277656249999999
0.0625,0.875,0.1875,-0.037147499999999944,0.8681563750000001,0.4651939999999999
0.0625,0.875,0.25,-0.04236012499999994,0.8730992500000001,0.502622375
0.0625,0.875,0.3125,-0.04757274999999994,0.878042125,0.5400507499999999
0.0625,0.875,0.375,-0.05278537499999994,0.882985,0.577479125
0.0625,0.875,0.4375,-0.05799799999999994,0.887927875,0.6149074999999999
0.0625,0.875,0.5,-0.06321062499999994,0.89287075,0.6523358749999999
0.0625,0.875,0.5625,-0.06842324999999994,0.8978136250000001,0.68976425
0.0625,0.875,0.625,-0.07363587499999993,0.9027565000000001,0.727192625
0.0625,0.875,0.6875,-0.07884849999999993,0.9076993750000001,0.764621
0.0625,0.875,0.75,-0.08406112499999993,0.91264225,0.802049375
0.0625,0.875,0.8125,-0.08927374999999993,0.917585125,0.8394777499999999
0.0625,0.875,0.875,-0.09448637499999993,0.922528,0.876906125
0.0625,0.875,0.9375,-0.09969899999999993,0.927470875,0.9143345
0.0625,0.875,1.0,-0.10491162499999993,0.93241375,0.951762875
0.0625,0.9375,0.0,-0.028372874999999936,0.914540875,0.3781271249999999
0.0625,0.9375,0.0625,-0.033585499999999935,0.91948375,0.4155554999999999
0.0625,0.9375,0.125,-0.03879812499999993,0.9244266250000001,0.4529838749999999
0.0625,0.9375,0.1875,-0.04401074999999993,0.9293695000000001,0.4904122499999999
0.0625,0.9375,0.25,-0.04922337499999993,0.934312375,0.527840625
0.0625,0.9375,0.3125,-0.05443599999999993,0.93925525,0.5652689999999999
0.0625,0.9375,0.375,-0.05964862499999993,0.944198125,0.602697375
0.0625,0.9375,0.4375,-0.06486124999999993,0.949141,0.6401257499999999
0.0625,0.9375,0.5,-0.07007387499999992,0.954083875,0.6775541249999999
0.0625,0.9375,0.5625,-0.07528649999999992,0.95902675,0.7149825
0.0625,0.9375,0.625,-0.08049912499999992,0.963969625,0.752410875
0.0625,0.9375,0.6875,-0.08571174999999992,0.9689125000000001,0.78983925
0.0625,0.9375,0.75,-0.09092437499999992,0.9738553750000001,0.827267625
0.0625,0.9375,0.8125,-0.09613699999999992,0.97879825,0.8646959999999999
0.0625,0.9375,0.875,-0.10134962499999992,0.983741125,0.902124375
0.0625,0.9375,0.9375,-0.10656224999999991,0.988684,0.93955275
0.0625,0.9375,1.0,-0.11177487499999991,0.993626875,0.976981125
0.0625,1.0,0.0,-0.03523612499999994,0.975754,0.4033453749999999
0.0625,1.0,0.0625,-0.040448749999999936,0.980696875,0.4407737499999999
0.0625,1.0,0.125,-0.045661374999999935,0.98563975,0.4782021249999999
0.0625,1.0,0.1875,-0.05087399999999993,0.990582625,0.5156304999999999
0.0625,1.0,0.25,-0.05608662499999993,0.9955255000000001,0.553058875
0.0625,1.0,0.3125,-0.06129924999999993,1.000468375,0.5904872499999999
0.0625,1.0,0.375,-0.06651187499999993,1.00541125,0.627915625
0.0625,1.0,0.4375,-0.07172449999999993,1.010354125,0.6653439999999999
0.0625,1.0,0.5,-0.07693712499999993,1.015297,0.7027723749999999
0.0625,1.0,0.5625,-0.08214974999999992,1.020239875,0.74020075
0.0625,1.0,0.625,-0.08736237499999992,1.02518275,0.777629125
0.0625,1.0,0.6875,-0.09257499999999992,1.030125625,0.8150575
0.0625,1.0,0.75,-0.09778762499999992,1.0350685,0.852485875
0.0625,1.0,0.8125,-0.10300024999999992,1.040011375,0.8899142499999999
0.0625,1.0,0.875,-0.10821287499999992,1.04495425,0.927342625
0.0625,1.0,0.9375,-0.11342549999999992,1.049897125,0.964771
0.0625,1.0,1.0,-0.11863812499999991,1.05484,1.002199375
0.125,0.0,0.0,0.14915175,-0.007311999999999996,-0.00029324999999999946
0.125,0.0,0.0625,0.143939125,-0.0023691249999999962,0.037135125000000005
0.125,0.0,0.125,0.1387265,0.002573750000000003,0.07456350000000002
0.125,0.0,0.1875,0.133513875,0.0075166250000000025,0.11199187500000002
0.125,0.0,0.25,0.12830125,0.012459500000000002,0.14942025000000003
0.125,0.0,0.3125,0.12308862500000001,0.017402375,0.18684862500000005
0.125,0.0,0.375,0.11787600000000001,0.02234525,0.22427700000000003
0.125,0.0,0.4375,0.11266337500000001,0.027288125,0.261705375
0.125,0.0,0.5,0.10745075000000001,0.032230999999999996,0.29913375000000003
0.125,0.0,0.5625,0.10223812500000001,0.037173874999999995,0.33656212500000005
0.125,0.0,0.625,0.09702550000000001,0.042116749999999994,0.37399050000000006
0.125,0.0,0.6875,0.09181287500000002,0.047059624999999994,0.4114188750000001
0.125,0.0,0.75,0.08660025000000002,0.05200249999999999,0.44884725000000003
0.125,0.0,0.8125,0.08138762500000002,0.05694537499999999,0.48627562500000004
0.125,0.0,0.875,0.07617500000000002,0.06188824999999999,0.5237040000000001
0.125,0.0,0.9375,0.07096237500000002,0.06683112499999999,0.5611323750000001
0.125,0.0,1.0,0.06574975000000002,0.07177399999999999,0.5985607500000001
0.125,0.0625,0.0,0.1422885,0.05390112500000001,0.024924999999999996
0.125,0.0625,0.0625,0.137075875,0.05884400000000001,0.062353375
0.125,0.0625,0.125,0.13186325000000002,0.063786875,0.09978175
0.125,0.0625,0.1875,0.12665062500000002,0.06872975,0.13721012500000002
0.125,0.0625,0.25,0.12143800000000002,0.073672625,0.17463850000000003
0.125,0.0625,0.3125,0.11622537500000002,0.0786155,0.21206687500000004
0.125,0.0625,0.375,0.11101275000000002,0.083558375,0.24949525000000003
0.125,0.0625,0.4375,0.10580012500000002,0.08850125,0.286923625
0.125,0.0625,0.5,0.10058750000000002,0.093444125,0.32435200000000003
0.125,0.0625,0.5625,0.09537487500000003,0.098387,0.36178037500000004
0.125,0.0625,0.625,0.09016225000000003,0.103329875,0.39920875000000006
0.125,0.0625,0.6875,0.08494962500000003,0.10827275,0.43663712500000007
0.125,0.0625,0.75,0.07973700000000003,0.113215625,0.47406550000000003
0.125,0.0625,0.8125,0.07452437500000003,0.1181585,0.5114938750000001
0.125,0.0625,0.875,0.06931175000000003,0.123101375,0.5489222500000001
0.125,0.0625,0.9375,0.06409912500000003,0.12804425,0.5863506250000001
0.125,0.0625,1.0,0.058886500000000036,0.13298712499999998,0.6237790000000001
0.125,0.125,0.0,0.13542525,0.11511425,0.050143249999999986
0.125,0.125,0.0625,0.130212625,0.120057125,0.08757162499999999
0.125,0.125,0.125,0.125,0.125,0.125
0.125,0.125,0.1875,0.119787375,0.129942875,0.162428375
0.125,0.125,0.25,0.11457475,0.13488575,0.19985675000000003
0.125,0.125,0.3125,0.109362125,0.13982862499999998,0.23728512500000004
0.125,0.125,0.375,0.1041495,0.1447715,0.2747135
0.125,0.125,0.4375,0.09893687500000001,0.149714375,0.312141875
0.125,0.125,0.5,0.09372425000000001,0.15465725,0.34957025
0.125,0.125,0.5625,0.08851162500000001,0.15960012499999998,0.38699862500000004
0.125,0.125,0.625,0.08329900000000001,0.164543,0.42442700000000005
0.125,0.125,0.6875,0.07808637500000001,0.169485875,0.46185537500000007
0.125,0.125,0.75,0.07287375000000001,0.17442875,0.49928375
0.125,0.125,0.8125,0.06766112500000002,0.17937162499999998,0.5367121250000001
0.125,0.125,0.875,0.06244850000000002,0.1843145,0.5741405
0.125,0.125,0.9375,0.05723587500000002,0.189257375,0.6115688750000001
0.125,0.125,1.0,0.05202325000000002,0.19420025,0.6489972500000001
0.125,0.1875,0.0,0.128562,0.176327375,0.07536149999999998
0.125,0.1875,0.0625,0.12334937500000001,0.18127025000000002,0.11278987499999998
0.125,0.1875,0.125,0.11813675000000001,0.186213125,0.15021825
0.125,0.1875,0.1875,0.11292412500000001,0.191156,0.187646625
0.125,0.1875,0.25,0.10771150000000002,0.196098875,0.22507500000000003
0.125,0.1875,0.3125,0.10249887500000002,0.20104175000000002,0.26250337500000004
0.125,0.1875,0.375,0.09728625000000002,0.205984625,0.29993175
0.125,0.1875,0.4375,0.09207362500000002,0.2109275,0.337360125
0.125,0.1875,0.5,0.08686100000000002,0.215870375,0.3747885
0.125,0.1875,0.5625,0.08164837500000002,0.22081325000000002,0.41221687500000004
0.125,0.1875,0.625,0.07643575000000002,0.225756125,0.44964525000000005
0.125,0.1875,0.6875,0.07122312500000003,0.230699,0.48707362500000007
0.125,0.1875,0.75,0.06601050000000003,0.235641875,0.524502
0.125,0.1875,0.8125,0.06079787500000003,0.24058475,0.5619303750000001
0.125,0.1875,0.875,0.05558525000000003,0.245527625,0.59935875
0.125,0.1875,0.9375,0.05037262500000003,0.2504705,0.6367871250000001
0.125,0.1875,1.0,0.04516000000000003,0.255413375,0.6742155000000001
0.125,0.25,0.0,0.12169875000000002,0.23754050000000002,0.10057974999999998
0.125,0.25,0.0625,0.11648612500000002,0.242483375,0.13800812499999998
0.125,0.25,0.125,0.11127350000000003,0.24742625000000001,0.1754365
0.125,0.25,0.1875,0.10606087500000003,0.252369125,0.212864875
0.125,0.25,0.25,0.10084825000000003,0.257312,0.25029325
0.125,0.25,0.3125,0.09563562500000003,0.262254875,0.28772162500000004
0.125,0.25,0.375,0.09042300000000003,0.26719775,0.32515
0.125,0.25,0.4375,0.08521037500000003,0.272140625,0.362578375
0.125,0.25,0.5,0.07999775000000003,0.27708350000000004,0.40000675
0.125,0.25,0.5625,0.07478512500000004,0.282026375,0.43743512500000004
0.125,0.25,0.625,0.06957250000000004,0.28696925,0.47486350000000005
0.125,0.25,0.6875,0.06435987500000004,0.291912125,0.5122918750000001
0.125,0.25,0.75,0.05914725000000004,0.296855,0.54972025
0.125,0.25,0.8125,0.05393462500000004,0.301797875,0.5871486250000001
0.125,0.25,0.875,0.04872200000000004,0.30674075,0.624577
0.125,0.25,0.9375,0.043509375000000045,0.311683625,0.6620053750000001
0.125,0.25,1.0,0.038296750000000046,0.31662650000000003,0.6994337500000001
0.125,0.3125,0.0,0.11483550000000002,0.298753625,0.12579799999999997
0.125,0.3125,0.0625,0.10962287500000002,0.30369650000000004,0.16322637499999998
0.125,0.3125,0.125,0.10441025000000002,0.30863937500000005,0.20065475
0.125,0.3125,0.1875,0.09919762500000003,0.31358225,0.23808312499999998
0.125,0.3125,0.25,0.09398500000000003,0.318525125,0.2755115
0.125,0.3125,0.3125,0.08877237500000003,0.32346800000000003,0.312939875
0.125,0.3125,0.375,0.08355975000000003,0.328410875,0.35036825
0.125,0.3125,0.4375,0.07834712500000003,0.33335375,0.387796625
0.125,0.3125,0.5,0.07313450000000003,0.338296625,0.425225
0.125,0.3125,0.5625,0.06792187500000003,0.34323950000000003,0.46265337500000003
0.125,0.3125,0.625,0.06270925000000004,0.34818237500000004,0.5000817500000001
0.125,0.3125,0.6875,0.05749662500000004,0.35312525,0.5375101250000001
0.125,0.3125,0.75,0.05228400000000004,0.358068125,0.5749385
0.125,0.3125,0.8125,0.04707137500000004,0.36301100000000003,0.612366875
0.125,0.3125,0.875,0.04185875000000004,0.367953875,0.64979525
0.125,0.3125,0.9375,0.03664612500000004,0.37289675,0.6872236250000001
0.125,0.3125,1.0,0.031433500000000045,0.377839625,0.7246520000000001
0.125,0.375,0.0,0.10797225000000002,0.35996675,0.15101624999999996
0.125,0.375,0.0625,0.10275962500000002,0.364909625,0.18844462499999998
0.125,0.375,0.125,0.09754700000000002,0.36985250000000003,0.225873
0.125,0.375,0.1875,0.09233437500000002,0.374795375,0.26330137499999995
0.125,0.375,0.25,0.08712175000000003,0.37973825,0.30072975
0.125,0.375,0.3125,0.08190912500000003,0.384681125,0.338158125
0.125,0.375,0.375,0.07669650000000003,0.38962399999999997,0.3755865
0.125,0.375,0.4375,0.07148387500000003,0.394566875,0.413014875
0.125,0.375,0.5,0.06627125000000003,0.39950975,0.45044325
0.125,0.375,0.5625,0.06105862500000003,0.404452625,0.48787162500000003
0.125,0.375,0.625,0.055846000000000035,0.4093955,0.5253000000000001
0.125,0.375,0.6875,0.050633375000000036,0.414338375,0.5627283750000001
0.125,0.375,0.75,0.04542075000000004,0.41928125,0.60015675
0.125,0.375,0.8125,0.04020812500000004,0.424224125,0.637585125
0.125,0.375,0.875,0.03499550000000004,0.42916699999999997,0.6750135
0.125,0.375,0.9375,0.029782875000000042,0.434109875,0.7124418750000001
0.125,0.375,1.0,0.024570250000000043,0.43905275,0.7498702500000001
0.125,0.4375,0.0,0.10110900000000003,0.42117987500000004,0.17623449999999996
0.125,0.4375,0.0625,0.09589637500000003,0.42612275000000005,0.21366287499999997
0.125,0.4375,0.125,0.09068375000000004,0.431065625,0.25109125
0.125,0.4375,0.1875,0.08547112500000004,0.4360085,0.28851962499999995
0.125,0.4375,0.25,0.08025850000000004,0.44095137500000003,0.325948
0.125,0.4375,0.3125,0.07504587500000004,0.44589425000000005,0.363376375
0.125,0.4375,0.375,0.06983325000000004,0.45083712500000006,0.40080475
0.125,0.4375,0.4375,0.06462062500000004,0.45578,0.438233125
0.125,0.4375,0.5,0.059408000000000044,0.46072287500000003,0.4756615
0.125,0.4375,0.5625,0.054195375000000046,0.46566575000000004,0.513089875
0.125,0.4375,0.625,0.04898275000000005,0.470608625,0.5505182500000001
0.125,0.4375,0.6875,0.04377012500000005,0.4755515,0.5879466250000001
0.125,0.4375,0.75,0.03855750000000005,0.48049437500000003,0.625375
0.125,0.4375,0.8125,0.03334487500000005,0.48543725000000004,0.662803375
0.125,0.4375,0.875,0.028132250000000053,0.49038012500000006,0.70023175
0.125,0.4375,0.9375,0.022919625000000055,0.495323,0.7376601250000001
0.125,0.4375,1.0,0.017707000000000056,0.500265875,0.7750885000000001
0.125,0.5,0.0,0.09424575000000003,0.482393,0.20145274999999996
0.125,0.5,0.0625,0.08903312500000003,0.48733587500000003,0.23888112499999997
0.125,0.5,0.125,0.08382050000000003,0.49227875,0.2763095
0.125,0.5,0.1875,0.07860787500000004,0.497221625,0.31373787499999994
0.125,0.5,0.25,0.07339525000000004,0.5021645,0.35116625
0.125,0.5,0.3125,0.06818262500000004,0.507107375,0.38859462499999997
0.125,0.5,0.375,0.06297000000000004,0.51205025,0.426023
0.125,0.5,0.4375,0.05775737500000004,0.516993125,0.463451375
0.125,0.5,0.5,0.05254475000000004,0.521936,0.50087975
0.125,0.5,0.5625,0.047332125000000044,0.526878875,0.538308125
0.125,0.5,0.625,0.042119500000000046,0.53182175,0.5757365000000001
0.125,0.5,0.6875,0.03690687500000005,0.536764625,0.613164875
0.125,0.5,0.75,0.03169425000000005,0.5417075,0.65059325
0.125,0.5,0.8125,0.02648162500000005,0.546650375,0.688021625
0.125,0.5,0.875,0.021269000000000052,0.55159325,0.72545
0.125,0.5,0.9375,0.016056375000000053,0.556536125,0.7628783750000001
0.125,0.5,1.0,0.010843750000000055,0.5614790000000001,0.8003067500000001
0.125,0.5625,0.0,0.08738250000000003,0.543606125,0.22667099999999996
0.125,0.5625,0.0625,0.08216987500000003,0.5485490000000001,0.26409937499999997
0.125,0.5625,0.125,0.07695725000000003,0.5534918750000001,0.30152775
0.125,0.5625,0.1875,0.07174462500000003,0.5584347500000001,0.33895612499999994
0.125,0.5625,0.25,0.06653200000000004,0.563377625,0.3763845
0.125,0.5625,0.3125,0.06131937500000004,0.5683205,0.41381287499999997
0.125,0.5625,0.375,0.05610675000000004,0.573263375,0.45124125
0.125,0.5625,0.4375,0.05089412500000004,0.57820625,0.488669625
0.125,0.5625,0.5,0.04568150000000004,0.583149125,0.526098
0.125,0.5625,0.5625,0.04046887500000004,0.5880920000000001,0.563526375
0.125,0.5625,0.625,0.035256250000000044,0.5930348750000001,0.6009547500000001
0.125,0.5625,0.6875,0.030043625000000046,0.5979777500000001,0.638383125
0.125,0.5625,0.75,0.024831000000000047,0.6029206250000001,0.6758115
0.125,0.5625,0.8125,0.01961837500000005,0.6078635,0.713239875
0.125,0.5625,0.875,0.01440575000000005,0.612806375,0.75066825
0.125,0.5625,0.9375,0.009193125000000052,0.61774925,0.7880966250000001
0.125,0.5625,1.0,0.0039805000000000534,0.622692125,0.8255250000000001
0.125,0.625,0.0,0.08051925000000004,0.60481925,0.2518892499999999
0.125,0.625,0.0625,0.07530662500000004,0.609762125,0.2893176249999999
0.125,0.625,0.125,0.07009400000000005,0.6147050000000001,0.3267459999999999
0.125,0.625,0.1875,0.06488137500000005,0.6196478750000001,0.36417437499999994
0.125,0.625,0.25,0.05966875000000005,0.6245907500000001,0.4016027499999999
0.125,0.625,0.3125,0.05445612500000005,0.629533625,0.43903112499999997
0.125,0.625,0.375,0.04924350000000005,0.6344765,0.4764594999999999
0.125,0.625,0.4375,0.04403087500000005,0.639419375,0.513887875
0.125,0.625,0.5,0.038818250000000054,0.64436225,0.55131625
0.125,0.625,0.5625,0.033605625000000056,0.649305125,0.5887446249999999
0.125,0.625,0.625,0.028393000000000057,0.654248,0.626173
0.125,0.625,0.6875,0.02318037500000006,0.6591908750000001,0.663601375
0.125,0.625,0.75,0.01796775000000006,0.66413375,0.70102975
0.125,0.625,0.8125,0.012755125000000062,0.669076625,0.738458125
0.125,0.625,0.875,0.007542500000000063,0.6740195,0.7758864999999999
0.125,0.625,0.9375,0.0023298750000000645,0.678962375,0.8133148750000001
0.125,0.625,1.0,-0.002882749999999934,0.68390525,0.8507432500000001
0.125,0.6875,0.0,0.07365600000000004,0.666032375,0.2771074999999999
0.125,0.6875,0.0625,0.06844337500000004,0.67097525,0.3145358749999999
0.125,0.6875,0.125,0.06323075000000004,0.675918125,0.3519642499999999
0.125,0.6875,0.1875,0.058018125000000045,0.680861,0.38939262499999994
0.125,0.6875,0.25,0.05280550000000005,0.685803875,0.4268209999999999
0.125,0.6875,0.3125,0.04759287500000005,0.69074675,0.46424937499999996
0.125,0.6875,0.375,0.04238025000000005,0.695689625,0.5016777499999999
0.125,0.6875,0.4375,0.03716762500000005,0.7006325,0.539106125
0.125,0.6875,0.5,0.03195500000000005,0.705575375,0.5765345
0.125,0.6875,0.5625,0.026742375000000054,0.71051825,0.6139628749999999
0.125,0.6875,0.625,0.021529750000000056,0.715461125,0.65139125
0.125,0.6875,0.6875,0.016317125000000057,0.720404,0.688819625
0.125,0.6875,0.75,0.011104500000000059,0.7253468750000001,0.726248
0.125,0.6875,0.8125,0.00589187500000006,0.73028975,0.763676375
0.125,0.6875,0.875,0.0006792500000000617,0.735232625,0.8011047499999999
0.125,0.6875,0.9375,-0.004533374999999937,0.7401755,0.8385331250000001
0.125,0.6875,1.0,-0.009745999999999935,0.745118375,0.8759615000000001
0.125,0.75,0.0,0.06679275000000004,0.7272455,0.3023257499999999
0.125,0.75,0.0625,0.06158012500000004,0.732188375,0.3397541249999999
0.125,0.75,0.125,0.05636750000000004,0.73713125,0.3771824999999999
0.125,0.75,0.1875,0.051154875000000044,0.742074125,0.41461087499999993
0.125,0.75,0.25,0.045942250000000046,0.747017,0.4520392499999999
0.125,0.75,0.3125,0.04072962500000005,0.7519598749999999,0.48946762499999996
0.125,0.75,0.375,0.03551700000000005,0.75690275,0.5268959999999999
0.125,0.75,0.4375,0.03030437500000005,0.761845625,0.564324375
0.125,0.75,0.5,0.02509175000000005,0.7667885,0.60175275
0.125,0.75,0.5625,0.019879125000000053,0.771731375,0.6391811249999999
0.125,0.75,0.625,0.014666500000000054,0.77667425,0.6766095
0.125,0.75,0.6875,0.009453875000000056,0.781617125,0.714037875
0.125,0.75,0.75,0.0042412500000000575,0.7865599999999999,0.75146625
0.125,0.75,0.8125,-0.000971374999999941,0.7915028749999999,0.788894625
0.125,0.75,0.875,-0.0061839999999999395,0.79644575,0.8263229999999999
0.125,0.75,0.9375,-0.011396624999999938,0.801388625,0.8637513750000001
0.125,0.75,1.0,-0.016609249999999937,0.8063315,0.9011797500000001
0.125,0.8125,0.0,0.05992950000000005,0.788458625,0.3275439999999999
0.125,0.8125,0.0625,0.054716875000000054,0.7934015,0.3649723749999999
0.125,0.8125,0.125,0.049504250000000055,0.798344375,0.4024007499999999
0.125,0.8125,0.1875,0.04429162500000006,0.80328725,0.43982912499999993
0.125,0.8125,0.25,0.03907900000000006,0.8082301249999999,0.4772574999999999
0.125,0.8125,0.3125,0.03386637500000006,0.8131729999999999,0.514685875
0.125,0.8125,0.375,0.02865375000000006,0.8181158749999999,0.5521142499999999
0.125,0.8125,0.4375,0.023441125000000063,0.82305875,0.589542625
0.125,0.8125,0.5,0.018228500000000064,0.828001625,0.626971
0.125,0.8125,0.5625,0.013015875000000066,0.8329445,0.6643993749999999
0.125,0.8125,0.625,0.007803250000000067,0.837887375,0.70182775
0.125,0.8125,0.6875,0.0025906250000000686,0.84283025,0.739256125
0.125,0.8125,0.75,-0.00262199999999993,0.847773125,0.7766845
0.125,0.8125,0.8125,-0.007834624999999928,0.8527159999999999,0.814112875
0.125,0.8125,0.875,-0.013047249999999927,0.8576588749999999,0.8515412499999999
0.125,0.8125,0.9375,-0.018259874999999925,0.86260175,0.8889696250000001
0.125,0.8125,1.0,-0.023472499999999924,0.867544625,0.926398
0.125,0.875,0.0,0.05306625000000005,0.8496717500000001,0.3527622499999999
0.125,0.875,0.0625,0.04785362500000005,0.8546146250000001,0.3901906249999999
0.125,0.875,0.125,0.042641000000000054,0.8595575000000001,0.4276189999999999
0.125,0.875,0.1875,0.037428375000000055,0.8645003750000001,0.46504737499999993
0.125,0.875,0.25,0.03221575000000006,0.86944325,0.5024757499999999
0.125,0.875,0.3125,0.02700312500000006,0.874386125,0.539904125
0.125,0.875,0.375,0.02179050000000006,0.879329,0.5773324999999999
0.125,0.875,0.4375,0.01657787500000006,0.884271875,0.614760875
0.125,0.875,0.5,0.011365250000000063,0.88921475,0.6521892499999999
0.125,0.875,0.5625,0.006152625000000064,0.8941576250000001,0.6896176249999999
0.125,0.875,0.625,0.0009400000000000658,0.8991005000000001,0.727046
0.125,0.875,0.6875,-0.004272624999999933,0.9040433750000001,0.764474375
0.125,0.875,0.75,-0.009485249999999931,0.9089862500000001,0.80190275
0.125,0.875,0.8125,-0.01469787499999993,0.913929125,0.839331125
0.125,0.875,0.875,-0.019910499999999928,0.918872,0.8767594999999999
0.125,0.875,0.9375,-0.025123124999999927,0.923814875,0.9141878750000001
0.125,0.875,1.0,-0.030335749999999925,0.92875775,0.95161625
0.125,0.9375,0.0,0.04620300000000006,0.910884875,0.3779804999999999
0.125,0.9375,0.0625,0.040990375000000065,0.91582775,0.4154088749999999
0.125,0.9375,0.125,0.035777750000000066,0.9207706250000001,0.4528372499999999
0.125,0.9375,0.1875,0.030565125000000068,0.9257135000000001,0.4902656249999999
0.125,0.9375,0.25,0.02535250000000007,0.9306563750000001,0.5276939999999999
0.125,0.9375,0.3125,0.02013987500000007,0.93559925,0.565122375
0.125,0.9375,0.375,0.014927250000000072,0.940542125,0.6025507499999999
0.125,0.9375,0.4375,0.009714625000000074,0.945485,0.639979125
0.125,0.9375,0.5,0.004502000000000075,0.950427875,0.6774074999999999
0.125,0.9375,0.5625,-0.0007106249999999231,0.95537075,0.7148358749999999
0.125,0.9375,0.625,-0.005923249999999922,0.9603136250000001,0.75226425
0.125,0.9375,0.6875,-0.01113587499999992,0.9652565000000001,0.789692625
0.125,0.9375,0.75,-0.01634849999999992,0.970199375,0.827121
0.125,0.9375,0.8125,-0.021561124999999917,0.97514225,0.864549375
0.125,0.9375,0.875,-0.026773749999999916,0.980085125,0.9019777499999999
0.125,0.9375,0.9375,-0.031986374999999914,0.985028,0.9394061250000001
0.125,0.9375,1.0,-0.03719899999999991,0.989970875,0.9768345
0.125,1.0,0.0,0.03933975000000006,0.972098,0.4031987499999999
0.125,1.0,0.0625,0.034127125000000064,0.977040875,0.4406271249999999
0.125,1.0,0.125,0.028914500000000065,0.98198375,0.4780554999999999
0.125,1.0,0.1875,0.023701875000000067,0.9869266250000001,0.5154838749999999
0.125,1.0,0.25,0.018489250000000068,0.9918695,0.5529122499999999
0.125,1.0,0.3125,0.01327662500000007,0.996812375,0.590340625
0.125,1.0,0.375,0.008064000000000071,1.00175525,0.6277689999999999
0.125,1.0,0.4375,0.0028513750000000726,1.006698125,0.665197375
0.125,1.0,0.5,-0.002361249999999926,1.011641,0.7026257499999999
0.125,1.0,0.5625,-0.007573874999999924,1.016583875,0.7400541249999999
0.125,1.0,0.625,-0.012786499999999923,1.02152675,0.7774825
0.125,1.0,0.6875,-0.01799912499999992,1.026469625,0.814910875
0.125,1.0,0.75,-0.02321174999999992,1.0314125,0.85233925
0.125,1.0,0.8125,-0.02842437499999992,1.036355375,0.889767625
0.125,1.0,0.875,-0.03363699999999992,1.04129825,0.9271959999999999
0.125,1.0,0.9375,-0.038849624999999915,1.046241125,0.9646243750000001
0.125,1.0,1.0,-0.044062249999999914,1.0511840000000001,1.00205275
0.1875,0.0,0.0,0.22372762499999999,-0.010967999999999993,-0.0004398749999999992
0.1875,0.0,0.0625,0.218515,-0.006025124999999994,0.03698850000000001
0.1875,0.0,0.125,0.213302375,-0.0010822499999999947,0.07441687500000002
0.1875,0.0,0.1875,0.20808975,0.0038606250000000047,0.11184525000000002
0.1875,0.0,0.25,0.202877125,0.008803500000000004,0.14927362500000002
0.1875,0.0,0.3125,0.1976645,0.013746375000000003,0.18670200000000003
0.1875,0.0,0.375,0.192451875,0.018689250000000004,0.22413037500000002
0.1875,0.0,0.4375,0.18723925,0.023632125000000004,0.26155875000000006
0.1875,0.0,0.5,0.182026625,0.028575000000000003,0.2989871250000001
0.1875,0.0,0.5625,0.176814,0.033517875,0.3364155000000001
0.1875,0.0,0.625,0.171601375,0.03846075,0.3738438750000001
0.1875,0.0,0.6875,0.16638875,0.043403625,0.4112722500000001
0.1875,0.0,0.75,0.161176125,0.0483465,0.4487006250000001
0.1875,0.0,0.8125,0.1559635,0.053289375,0.4861290000000001
0.1875,0.0,0.875,0.150750875,0.05823225,0.5235573750000001
0.1875,0.0,0.9375,0.14553825,0.063175125,0.5609857500000002
0.1875,0.0,1.0,0.140325625,0.068118,0.5984141250000001
0.1875,0.0625,0.0,0.216864375,0.05024512500000001,0.024778374999999995
0.1875,0.0625,0.0625,0.21165175,0.05518800000000001,0.062206750000000005
0.1875,0.0625,0.125,0.206439125,0.06013087500000001,0.099635125
0.1875,0.0625,0.1875,0.2012265,0.06507375000000001,0.1370635
0.1875,0.0625,0.25,0.196013875,0.070016625,0.17449187500000002
0.1875,0.0625,0.3125,0.19080125,0.07495950000000001,0.21192025000000003
0.1875,0.0625,0.375,0.185588625,0.079902375,0.24934862500000002
0.1875,0.0625,0.4375,0.180376,0.08484525000000001,0.28677700000000006
0.1875,0.0625,0.5,0.175163375,0.089788125,0.3242053750000001
0.1875,0.0625,0.5625,0.16995075,0.09473100000000001,0.3616337500000001
0.1875,0.0625,0.625,0.164738125,0.099673875,0.3990621250000001
0.1875,0.0625,0.6875,0.15952550000000001,0.10461675000000001,0.4364905000000001
0.1875,0.0625,0.75,0.15431287500000002,0.109559625,0.4739188750000001
0.1875,0.0625,0.8125,0.14910025000000002,0.11450250000000001,0.51134725
0.1875,0.0625,0.875,0.14388762500000002,0.11944537499999999,0.5487756250000001
0.1875,0.0625,0.9375,0.13867500000000002,0.12438825,0.5862040000000002
0.1875,0.0625,1.0,0.13346237500000002,0.129331125,0.6236323750000001
0.1875,0.125,0.0,0.21000112499999998,0.11145825000000001,0.04999662499999999
0.1875,0.125,0.0625,0.20478849999999998,0.11640112500000001,0.087425
0.1875,0.125,0.125,0.19957587499999999,0.12134400000000001,0.124853375
0.1875,0.125,0.1875,0.19436325,0.12628687500000002,0.16228175
0.1875,0.125,0.25,0.189150625,0.13122975,0.19971012500000002
0.1875,0.125,0.3125,0.183938,0.136172625,0.23713850000000003
0.1875,0.125,0.375,0.178725375,0.1411155,0.274566875
0.1875,0.125,0.4375,0.17351275,0.14605837500000002,0.31199525000000006
0.1875,0.125,0.5,0.168300125,0.15100125,0.349423625
0.1875,0.125,0.5625,0.1630875,0.155944125,0.3868520000000001
0.1875,0.125,0.625,0.157874875,0.160887,0.42428037500000004
0.1875,0.125,0.6875,0.15266225,0.16582987500000002,0.4617087500000001
0.1875,0.125,0.75,0.147449625,0.17077275,0.49913712500000007
0.1875,0.125,0.8125,0.142237,0.175715625,0.5365655
0.1875,0.125,0.875,0.137024375,0.1806585,0.5739938750000001
0.1875,0.125,0.9375,0.13181175,0.185601375,0.6114222500000002
0.1875,0.125,1.0,0.126599125,0.19054425,0.6488506250000001
0.1875,0.1875,0.0,0.203137875,0.172671375,0.07521487499999999
0.1875,0.1875,0.0625,0.19792525,0.17761424999999997,0.11264325
0.1875,0.1875,0.125,0.192712625,0.182557125,0.150071625
0.1875,0.1875,0.1875,0.1875,0.1875,0.1875
0.1875,0.1875,0.25,0.182287375,0.19244287499999999,0.224928375
0.1875,0.1875,0.3125,0.17707475,0.19738574999999997,0.26235675
0.1875,0.1875,0.375,0.171862125,0.20232862499999998,0.299785125
0.1875,0.1875,0.4375,0.1666495,0.2072715,0.33721350000000005
0.1875,0.1875,0.5,0.161436875,0.21221437499999998,0.374641875
0.1875,0.1875,0.5625,0.15622425,0.21715724999999997,0.4120702500000001
0.1875,0.1875,0.625,0.151011625,0.22210012499999998,0.44949862500000004
0.1875,0.1875,0.6875,0.145799,0.227043,0.4869270000000001
0.1875,0.1875,0.75,0.140586375,0.23198587499999998,0.5243553750000001
0.1875,0.1875,0.8125,0.13537375000000001,0.23692874999999997,0.56178375
0.1875,0.1875,0.875,0.13016112500000002,0.24187162499999998,0.5992121250000001
0.1875,0.1875,0.9375,0.12494850000000002,0.2468145,0.6366405000000002
0.1875,0.1875,1.0,0.11973587500000002,0.25175737499999995,0.6740688750000001
0.1875,0.25,0.0,0.196274625,0.2338845,0.10043312499999998
0.1875,0.25,0.0625,0.191062,0.238827375,0.1378615
0.1875,0.25,0.125,0.185849375,0.24377025,0.17528987499999998
0.1875,0.25,0.1875,0.18063675,0.24871312499999998,0.21271825
0.1875,0.25,0.25,0.17542412500000001,0.253656,0.250146625
0.1875,0.25,0.3125,0.17021150000000002,0.258598875,0.287575
0.1875,0.25,0.375,0.16499887500000002,0.26354175,0.325003375
0.1875,0.25,0.4375,0.15978625000000002,0.268484625,0.36243175000000005
0.1875,0.25,0.5,0.15457362500000002,0.2734275,0.399860125
0.1875,0.25,0.5625,0.14936100000000002,0.278370375,0.4372885000000001
0.1875,0.25,0.625,0.14414837500000002,0.28331324999999996,0.47471687500000004
0.1875,0.25,0.6875,0.13893575000000002,0.288256125,0.5121452500000001
0.1875,0.25,0.75,0.13372312500000003,0.293199,0.5495736250000001
0.1875,0.25,0.8125,0.12851050000000003,0.298141875,0.587002
0.1875,0.25,0.875,0.12329787500000003,0.30308475,0.6244303750000001
0.1875,0.25,0.9375,0.11808525000000003,0.30802762499999997,0.6618587500000002
0.1875,0.25,1.0,0.11287262500000003,0.3129705,0.6992871250000001
0.1875,0.3125,0.0,0.189411375,0.29509762500000003,0.12565137499999995
0.1875,0.3125,0.0625,0.18419875,0.30004050000000004,0.16307974999999997
0.1875,0.3125,0.125,0.178986125,0.30498337500000006,0.20050812499999998
0.1875,0.3125,0.1875,0.1737735,0.30992625,0.23793649999999997
0.1875,0.3125,0.25,0.168560875,0.314869125,0.27536487499999995
0.1875,0.3125,0.3125,0.16334825,0.31981200000000004,0.31279325
0.1875,0.3125,0.375,0.158135625,0.324754875,0.350221625
0.1875,0.3125,0.4375,0.152923,0.32969775,0.38765
0.1875,0.3125,0.5,0.147710375,0.334640625,0.425078375
0.1875,0.3125,0.5625,0.14249775,0.33958350000000004,0.46250675
0.1875,0.3125,0.625,0.137285125,0.34452637500000005,0.49993512500000004
0.1875,0.3125,0.6875,0.1320725,0.34946925,0.5373635000000001
0.1875,0.3125,0.75,0.126859875,0.354412125,0.5747918750000001
0.1875,0.3125,0.8125,0.12164725000000001,0.35935500000000004,0.61222025
0.1875,0.3125,0.875,0.11643462500000001,0.364297875,0.649648625
0.1875,0.3125,0.9375,0.11122200000000002,0.36924075,0.6870770000000002
0.1875,0.3125,1.0,0.10600937500000002,0.374183625,0.7245053750000001
0.1875,0.375,0.0,0.182548125,0.35631075,0.15086962499999995
0.1875,0.375,0.0625,0.1773355,0.361253625,0.18829799999999997
0.1875,0.375,0.125,0.172122875,0.36619650000000004,0.22572637499999998
0.1875,0.375,0.1875,0.16691025,0.371139375,0.26315475
0.1875,0.375,0.25,0.161697625,0.37608225,0.30058312499999995
0.1875,0.375,0.3125,0.156485,0.381025125,0.3380115
0.1875,0.375,0.375,0.15127237500000001,0.385968,0.375439875
0.1875,0.375,0.4375,0.14605975000000002,0.390910875,0.41286825
0.1875,0.375,0.5,0.14084712500000002,0.39585375,0.450296625
0.1875,0.375,0.5625,0.13563450000000002,0.400796625,0.487725
0.1875,0.375,0.625,0.13042187500000002,0.40573950000000003,0.525153375
0.1875,0.375,0.6875,0.12520925000000002,0.410682375,0.5625817500000001
0.1875,0.375,0.75,0.11999662500000002,0.41562525,0.6000101250000001
0.1875,0.375,0.8125,0.11478400000000002,0.420568125,0.6374385
0.1875,0.375,0.875,0.10957137500000003,0.425511,0.674866875
0.1875,0.375,0.9375,0.10435875000000003,0.430453875,0.7122952500000002
0.1875,0.375,1.0,0.09914612500000003,0.43539675,0.7497236250000001
0.1875,0.4375,0.0,0.17568487500000002,0.41752387500000004,0.17608787499999995
0.1875,0.4375,0.0625,0.17047225000000002,0.42246675000000006,0.21351624999999996
0.1875,0.4375,0.125,0.16525962500000002,0.427409625,0.250944625
0.1875,0.4375,0.1875,0.16004700000000002,0.43235250000000003,0.288373
0.1875,0.4375,0.25,0.15483437500000002,0.43729537500000004,0.32580137499999995
0.1875,0.4375,0.3125,0.14962175000000003,0.44223825000000005,0.36322975
0.1875,0.4375,0.375,0.14440912500000003,0.44718112500000007,0.400658125
0.1875,0.4375,0.4375,0.13919650000000003,0.452124,0.4380865
0.1875,0.4375,0.5,0.13398387500000003,0.45706687500000004,0.475514875
0.1875,0.4375,0.5625,0.12877125000000003,0.46200975000000005,0.51294325
0.1875,0.4375,0.625,0.12355862500000003,0.466952625,0.550371625
0.1875,0.4375,0.6875,0.11834600000000003,0.4718955,0.5878000000000001
0.1875,0.4375,0.75,0.11313337500000004,0.47683837500000004,0.6252283750000001
0.1875,0.4375,0.8125,0.10792075000000004,0.48178125000000005,0.66265675
0.1875,0.4375,0.875,0.10270812500000004,0.48672412500000006,0.700085125
0.1875,0.4375,0.9375,0.09749550000000004,0.491667,0.7375135000000002
0.1875,0.4375,1.0,0.09228287500000004,0.49660987500000003,0.7749418750000001
0.1875,0.5,0.0,0.16882162500000003,0.478737,0.20130612499999995
0.1875,0.5,0.0625,0.16360900000000003,0.48367987500000004,0.23873449999999996
0.1875,0.5,0.125,0.15839637500000003,0.48862275,0.276162875
0.1875,0.5,0.1875,0.15318375000000004,0.493565625,0.31359125
0.1875,0.5,0.25,0.14797112500000004,0.4985085,0.35101962499999995
0.1875,0.5,0.3125,0.14275850000000004,0.503451375,0.388448
0.1875,0.5,0.375,0.13754587500000004,0.50839425,0.425876375
0.1875,0.5,0.4375,0.13233325000000004,0.5133371250000001,0.46330475
0.1875,0.5,0.5,0.12712062500000004,0.5182800000000001,0.500733125
0.1875,0.5,0.5625,0.12190800000000004,0.523222875,0.5381615
0.1875,0.5,0.625,0.11669537500000005,0.52816575,0.575589875
0.1875,0.5,0.6875,0.11148275000000005,0.533108625,0.6130182500000001
0.1875,0.5,0.75,0.10627012500000005,0.5380515,0.6504466250000001
0.1875,0.5,0.8125,0.10105750000000005,0.542994375,0.687875
0.1875,0.5,0.875,0.09584487500000005,0.54793725,0.725303375
0.1875,0.5,0.9375,0.09063225000000005,0.5528801250000001,0.7627317500000002
0.1875,0.5,1.0,0.08541962500000005,0.557823,0.8001601250000001
0.1875,0.5625,0.0,0.16195837500000002,0.5399501250000001,0.22652437499999994
0.1875,0.5625,0.0625,0.15674575000000002,0.5448930000000001,0.26395274999999996
0.1875,0.5625,0.125,0.15153312500000002,0.5498358750000001,0.30138112499999997
0.1875,0.5625,0.1875,0.14632050000000002,0.5547787500000001,0.3388095
0.1875,0.5625,0.25,0.14110787500000002,0.5597216250000001,0.37623787499999994
0.1875,0.5625,0.3125,0.13589525000000002,0.5646645,0.41366625
0.1875,0.5625,0.375,0.13068262500000002,0.569607375,0.45109462499999997
0.1875,0.5625,0.4375,0.12547000000000003,0.57455025,0.488523
0.1875,0.5625,0.5,0.12025737500000003,0.579493125,0.525951375
0.1875,0.5625,0.5625,0.11504475000000003,0.5844360000000001,0.56337975
0.1875,0.5625,0.625,0.10983212500000003,0.5893788750000001,0.600808125
0.1875,0.5625,0.6875,0.10461950000000003,0.5943217500000001,0.6382365000000001
0.1875,0.5625,0.75,0.09940687500000003,0.599264625,0.675664875
0.1875,0.5625,0.8125,0.09419425000000003,0.6042075,0.71309325
0.1875,0.5625,0.875,0.08898162500000004,0.609150375,0.750521625
0.1875,0.5625,0.9375,0.08376900000000004,0.61409325,0.7879500000000002
0.1875,0.5625,1.0,0.07855637500000004,0.619036125,0.8253783750000001
0.1875,0.625,0.0,0.15509512500000003,0.60116325,0.25174262499999994
0.1875,0.625,0.0625,0.14988250000000003,0.606106125,0.28917099999999996
0.1875,0.625,0.125,0.14466987500000003,0.6110490000000001,0.32659937499999997
0.1875,0.625,0.1875,0.13945725000000003,0.6159918750000001,0.36402775
0.1875,0.625,0.25,0.13424462500000003,0.62093475,0.40145612499999994
0.1875,0.625,0.3125,0.12903200000000004,0.625877625,0.4388845
0.1875,0.625,0.375,0.12381937500000004,0.6308205,0.47631287499999997
0.1875,0.625,0.4375,0.11860675000000004,0.635763375,0.51374125
0.1875,0.625,0.5,0.11339412500000004,0.64070625,0.551169625
0.1875,0.625,0.5625,0.10818150000000004,0.645649125,0.588598
0.1875,0.625,0.625,0.10296887500000004,0.6505920000000001,0.626026375
0.1875,0.625,0.6875,0.09775625000000004,0.6555348750000001,0.6634547500000001
0.1875,0.625,0.75,0.09254362500000005,0.6604777500000001,0.700883125
0.1875,0.625,0.8125,0.08733100000000005,0.665420625,0.7383115
0.1875,0.625,0.875,0.08211837500000005,0.6703635,0.775739875
0.1875,0.625,0.9375,0.07690575000000005,0.675306375,0.8131682500000001
0.1875,0.625,1.0,0.07169312500000005,0.68024925,0.8505966250000001
0.1875,0.6875,0.0,0.148231875,0.662376375,0.27696087499999994
0.1875,0.6875,0.0625,0.14301925000000001,0.66731925,0.31438924999999995
0.1875,0.6875,0.125,0.13780662500000002,0.672262125,0.35181762499999997
0.1875,0.6875,0.1875,0.13259400000000002,0.6772050000000001,0.389246
0.1875,0.6875,0.25,0.12738137500000002,0.6821478750000001,0.42667437499999994
0.1875,0.6875,0.3125,0.12216875000000002,0.68709075,0.46410275
0.1875,0.6875,0.375,0.11695612500000002,0.692033625,0.501531125
0.1875,0.6875,0.4375,0.11174350000000002,0.6969765,0.5389595
0.1875,0.6875,0.5,0.10653087500000002,0.701919375,0.576387875
0.1875,0.6875,0.5625,0.10131825000000003,0.70686225,0.61381625
0.1875,0.6875,0.625,0.09610562500000003,0.711805125,0.651244625
0.1875,0.6875,0.6875,0.09089300000000003,0.716748,0.6886730000000001
0.1875,0.6875,0.75,0.08568037500000003,0.721690875,0.726101375
0.1875,0.6875,0.8125,0.08046775000000003,0.72663375,0.76352975
0.1875,0.6875,0.875,0.07525512500000003,0.731576625,0.800958125
0.1875,0.6875,0.9375,0.07004250000000004,0.7365195,0.8383865000000001
0.1875,0.6875,1.0,0.06482987500000004,0.741462375,0.8758148750000001
0.1875,0.75,0.0,0.14136862500000003,0.7235895,0.30217912499999994
0.1875,0.75,0.0625,0.13615600000000003,0.728532375,0.33960749999999995
0.1875,0.75,0.125,0.13094337500000003,0.73347525,0.37703587499999996
0.1875,0.75,0.1875,0.12573075000000003,0.738418125,0.41446425
0.1875,0.75,0.25,0.12051812500000003,0.7433609999999999,0.45189262499999994
0.1875,0.75,0.3125,0.11530550000000003,0.748303875,0.489321
0.1875,0.75,0.375,0.11009287500000003,0.75324675,0.526749375
0.1875,0.75,0.4375,0.10488025000000004,0.758189625,0.56417775
0.1875,0.75,0.5,0.09966762500000004,0.7631325,0.601606125
0.1875,0.75,0.5625,0.09445500000000004,0.768075375,0.6390345
0.1875,0.75,0.625,0.08924237500000004,0.77301825,0.676462875
0.1875,0.75,0.6875,0.08402975000000004,0.777961125,0.7138912500000001
0.1875,0.75,0.75,0.07881712500000004,0.782904,0.751319625
0.1875,0.75,0.8125,0.07360450000000004,0.787846875,0.788748
0.1875,0.75,0.875,0.06839187500000005,0.79278975,0.826176375
0.1875,0.75,0.9375,0.06317925000000005,0.797732625,0.8636047500000001
0.1875,0.75,1.0,0.05796662500000005,0.8026755,0.9010331250000001
0.1875,0.8125,0.0,0.13450537500000004,0.784802625,0.32739737499999993
0.1875,0.8125,0.0625,0.12929275000000004,0.7897455,0.36482574999999995
0.1875,0.8125,0.125,0.12408012500000004,0.794688375,0.40225412499999996
0.1875,0.8125,0.1875,0.11886750000000004,0.79963125,0.4396825
0.1875,0.8125,0.25,0.11365487500000004,0.804574125,0.47711087499999993
0.1875,0.8125,0.3125,0.10844225000000005,0.8095169999999999,0.51453925
0.1875,0.8125,0.375,0.10322962500000005,0.8144598749999999,0.551967625
0.1875,0.8125,0.4375,0.09801700000000005,0.81940275,0.589396
0.1875,0.8125,0.5,0.09280437500000005,0.824345625,0.626824375
0.1875,0.8125,0.5625,0.08759175000000005,0.8292885,0.66425275
0.1875,0.8125,0.625,0.08237912500000005,0.834231375,0.701681125
0.1875,0.8125,0.6875,0.07716650000000005,0.83917425,0.7391095000000001
0.1875,0.8125,0.75,0.07195387500000006,0.8441171249999999,0.776537875
0.1875,0.8125,0.8125,0.06674125000000006,0.8490599999999999,0.81396625
0.1875,0.8125,0.875,0.06152862500000006,0.8540028749999999,0.851394625
0.1875,0.8125,0.9375,0.05631600000000006,0.85894575,0.8888230000000001
0.1875,0.8125,1.0,0.05110337500000006,0.863888625,0.9262513750000001
0.1875,0.875,0.0,0.12764212500000005,0.8460157500000001,0.35261562499999993
0.1875,0.875,0.0625,0.12242950000000005,0.8509586250000001,0.39004399999999995
0.1875,0.875,0.125,0.11721687500000005,0.8559015000000001,0.42747237499999996
0.1875,0.875,0.1875,0.11200425000000006,0.8608443750000001,0.46490075
0.1875,0.875,0.25,0.10679162500000006,0.8657872500000001,0.5023291249999999
0.1875,0.875,0.3125,0.10157900000000006,0.870730125,0.5397575
0.1875,0.875,0.375,0.09636637500000006,0.875673,0.577185875
0.1875,0.875,0.4375,0.09115375000000006,0.880615875,0.61461425
0.1875,0.875,0.5,0.08594112500000006,0.8855587500000001,0.652042625
0.1875,0.875,0.5625,0.08072850000000006,0.8905016250000001,0.689471
0.1875,0.875,0.625,0.07551587500000007,0.8954445000000001,0.726899375
0.1875,0.875,0.6875,0.07030325000000007,0.9003873750000001,0.7643277500000001
0.1875,0.875,0.75,0.06509062500000007,0.90533025,0.801756125
0.1875,0.875,0.8125,0.05987800000000007,0.910273125,0.8391845
0.1875,0.875,0.875,0.05466537500000007,0.915216,0.876612875
0.1875,0.875,0.9375,0.04945275000000007,0.920158875,0.9140412500000001
0.1875,0.875,1.0,0.044240125000000075,0.9251017500000001,0.9514696250000001
0.1875,0.9375,0.0,0.12077887500000005,0.907228875,0.37783387499999993
0.1875,0.9375,0.0625,0.11556625000000005,0.9121717500000001,0.41526224999999994
0.1875,0.9375,0.125,0.11035362500000005,0.9171146250000001,0.45269062499999996
0.1875,0.9375,0.1875,0.10514100000000005,0.9220575000000001,0.49011899999999997
0.1875,0.9375,0.25,0.09992837500000006,0.927000375,0.5275473749999999
0.1875,0.9375,0.3125,0.09471575000000006,0.93194325,0.56497575
0.1875,0.9375,0.375,0.08950312500000006,0.936886125,0.602404125
0.1875,0.9375,0.4375,0.08429050000000006,0.941829,0.6398325
0.1875,0.9375,0.5,0.07907787500000006,0.946771875,0.677260875
0.1875,0.9375,0.5625,0.07386525000000006,0.95171475,0.7146892499999999
0.1875,0.9375,0.625,0.06865262500000006,0.9566576250000001,0.752117625
0.1875,0.9375,0.6875,0.06344000000000007,0.9616005000000001,0.7895460000000001
0.1875,0.9375,0.75,0.05822737500000007,0.9665433750000001,0.826974375
0.1875,0.9375,0.8125,0.05301475000000007,0.97148625,0.86440275
0.1875,0.9375,0.875,0.04780212500000007,0.976429125,0.901831125
0.1875,0.9375,0.9375,0.04258950000000007,0.981372,0.9392595000000001
0.1875,0.9375,1.0,0.03737687500000007,0.986314875,0.9766878750000001
0.1875,1.0,0.0,0.11391562500000005,0.968442,0.40305212499999993
0.1875,1.0,0.0625,0.10870300000000005,0.973384875,0.44048049999999994
0.1875,1.0,0.125,0.10349037500000005,0.97832775,0.47790887499999996
0.1875,1.0,0.1875,0.09827775000000005,0.9832706250000001,0.51533725
0.1875,1.0,0.25,0.09306512500000005,0.9882135000000001,0.5527656249999999
0.1875,1.0,0.3125,0.08785250000000006,0.993156375,0.590194
0.1875,1.0,0.375,0.08263987500000006,0.99809925,0.627622375
0.1875,1.0,0.4375,0.07742725000000006,1.0030421250000001,0.66505075
0.1875,1.0,0.5,0.07221462500000006,1.0079850000000001,0.702479125
0.1875,1.0,0.5625,0.06700200000000006,1.012927875,0.7399074999999999
0.1875,1.0,0.625,0.06178937500000006,1.01787075,0.777335875
0.1875,1.0,0.6875,0.056576750000000064,1.022813625,0.8147642500000001
0.1875,1.0,0.75,0.051364125000000066,1.0277565,0.852192625
0.1875,1.0,0.8125,0.04615150000000007,1.032699375,0.889621
0.1875,1.0,0.875,0.04093887500000007,1.03764225,0.927049375
0.1875,1.0,0.9375,0.03572625000000007,1.042585125,0.9644777500000001
0.1875,1.0,1.0,0.030513625000000072,1.047528,1.001906125
0.25,0.0,0.0,0.2983035,-0.014623999999999991,-0.0005864999999999989
0.25,0.0,0.0625,0.293090875,-0.009681124999999992,0.03684187500000001
0.25,0.0,0.125,0.28787825,-0.0047382499999999925,0.07427025000000001
0.25,0.0,0.1875,0.28266562500000003,0.00020462500000000688,0.11169862500000001
0.25,0.0,0.25,0.277453,0.005147500000000006,0.14912700000000004
0.25,0.0,0.3125,0.272240375,0.010090375000000006,0.18655537500000005
0.25,0.0,0.375,0.26702775,0.015033250000000005,0.22398375000000004
0.25,0.0,0.4375,0.26181512500000004,0.019976125000000004,0.26141212500000005
0.25,0.0,0.5,0.2566025,0.024919000000000004,0.29884050000000006
0.25,0.0,0.5625,0.251389875,0.029861875000000003,0.3362688750000001
0.25,0.0,0.625,0.24617725000000001,0.03480475,0.3736972500000001
0.25,0.0,0.6875,0.24096462500000002,0.039747625,0.4111256250000001
0.25,0.0,0.75,0.23575200000000002,0.0446905,0.44855400000000006
0.25,0.0,0.8125,0.23053937500000002,0.049633375,0.4859823750000001
0.25,0.0,0.875,0.22532675000000002,0.05457625,0.52341075
0.25,0.0,0.9375,0.22011412500000002,0.059519125,0.5608391250000001
0.25,0.0,1.0,0.21490150000000002,0.06446199999999999,0.5982675000000001
0.25,0.0625,0.0,0.29144025,0.04658912500000001,0.024631749999999994
0.25,0.0625,0.0625,0.286227625,0.05153200000000001,0.062060125
0.25,0.0625,0.125,0.281015,0.05647487500000001,0.09948850000000001
0.25,0.0625,0.1875,0.27580237500000004,0.06141775000000001,0.136916875
0.25,0.0625,0.25,0.27058975,0.066360625,0.17434525
0.25,0.0625,0.3125,0.265377125,0.0713035,0.21177362500000002
0.25,0.0625,0.375,0.2601645,0.076246375,0.24920200000000003
0.25,0.0625,0.4375,0.25495187500000005,0.08118925,0.28663037500000005
0.25,0.0625,0.5,0.24973925000000002,0.086132125,0.32405875000000006
0.25,0.0625,0.5625,0.24452662500000003,0.091075,0.3614871250000001
0.25,0.0625,0.625,0.23931400000000003,0.096017875,0.3989155000000001
0.25,0.0625,0.6875,0.23410137500000003,0.10096075,0.4363438750000001
0.25,0.0625,0.75,0.22888875000000003,0.105903625,0.47377225000000006
0.25,0.0625,0.8125,0.22367612500000003,0.1108465,0.5112006250000001
0.25,0.0625,0.875,0.21846350000000003,0.115789375,0.548629
0.25,0.0625,0.9375,0.21325087500000003,0.12073225,0.5860573750000001
0.25,0.0625,1.0,0.20803825000000004,0.125675125,0.6234857500000001
0.25,0.125,0.0,0.284577,0.10780225000000002,0.04984999999999999
0.25,0.125,0.0625,0.279364375,0.11274512500000002,0.08727837499999999
0.25,0.125,0.125,0.27415175,0.11768800000000001,0.12470675
0.25,0.125,0.1875,0.26893912500000006,0.12263087500000001,0.162135125
0.25,0.125,0.25,0.26372650000000003,0.12757375,0.1995635
0.25,0.125,0.3125,0.258513875,0.132516625,0.23699187500000002
0.25,0.125,0.375,0.25330125000000003,0.1374595,0.27442025000000003
0.25,0.125,0.4375,0.24808862500000003,0.14240237500000003,0.31184862500000005
0.25,0.125,0.5,0.24287600000000004,0.14734525,0.34927700000000006
0.25,0.125,0.5625,0.23766337500000004,0.152288125,0.3867053750000001
0.25,0.125,0.625,0.23245075000000004,0.157231,0.4241337500000001
0.25,0.125,0.6875,0.22723812500000004,0.16217387500000002,0.4615621250000001
0.25,0.125,0.75,0.22202550000000004,0.16711675,0.49899050000000006
0.25,0.125,0.8125,0.21681287500000004,0.172059625,0.5364188750000001
0.25,0.125,0.875,0.21160025000000005,0.1770025,0.57384725
0.25,0.125,0.9375,0.20638762500000005,0.18194537500000002,0.6112756250000001
0.25,0.125,1.0,0.20117500000000005,0.18688825,0.6487040000000001
0.25,0.1875,0.0,0.27771375,0.169015375,0.07506824999999998
0.25,0.1875,0.0625,0.272501125,0.17395824999999998,0.11249662499999999
0.25,0.1875,0.125,0.2672885,0.178901125,0.14992499999999997
0.25,0.1875,0.1875,0.26207587499999996,0.183844,0.187353375
0.25,0.1875,0.25,0.25686325,0.188786875,0.22478175
0.25,0.1875,0.3125,0.251650625,0.19372974999999998,0.262210125
0.25,0.1875,0.375,0.246438,0.198672625,0.29963850000000003
0.25,0.1875,0.4375,0.241225375,0.2036155,0.337066875
0.25,0.1875,0.5,0.23601275,0.208558375,0.37449525000000006
0.25,0.1875,0.5625,0.230800125,0.21350124999999998,0.411923625
0.25,0.1875,0.625,0.2255875,0.218444125,0.4493520000000001
0.25,0.1875,0.6875,0.220374875,0.223387,0.48678037500000004
0.25,0.1875,0.75,0.21516225,0.228329875,0.52420875
0.25,0.1875,0.8125,0.209949625,0.23327274999999997,0.5616371250000001
0.25,0.1875,0.875,0.204737,0.238215625,0.5990655
0.25,0.1875,0.9375,0.199524375,0.2431585,0.6364938750000001
0.25,0.1875,1.0,0.19431175,0.24810137499999999,0.6739222500000001
0.25,0.25,0.0,0.2708505,0.2302285,0.10028649999999997
0.25,0.25,0.0625,0.265637875,0.23517137500000002,0.137714875
0.25,0.25,0.125,0.26042525,0.24011425,0.17514324999999997
0.25,0.25,0.1875,0.25521262499999997,0.245057125,0.212571625
0.25,0.25,0.25,0.25,0.25,0.25
0.25,0.25,0.3125,0.244787375,0.254942875,0.287428375
0.25,0.25,0.375,0.23957475,0.25988575,0.32485675
0.25,0.25,0.4375,0.234362125,0.264828625,0.362285125
0.25,0.25,0.5,0.2291495,0.2697715,0.39971350000000005
0.25,0.25,0.5625,0.223936875,0.274714375,0.437141875
0.25,0.25,0.625,0.21872425,0.27965724999999997,0.4745702500000001
0.25,0.25,0.6875,0.213511625,0.284600125,0.511998625
0.25,0.25,0.75,0.208299,0.289543,0.549427
0.25,0.25,0.8125,0.203086375,0.294485875,0.5868553750000001
0.25,0.25,0.875,0.19787375000000001,0.29942875,0.62428375
0.25,0.25,0.9375,0.19266112500000002,0.304371625,0.6617121250000001
0.25,0.25,1.0,0.18744850000000002,0.3093145,0.6991405
0.25,0.3125,0.0,0.26398725,0.29144162500000004,0.12550474999999997
0.25,0.3125,0.0625,0.25877462500000004,0.29638450000000005,0.16293312499999998
0.25,0.3125,0.125,0.253562,0.30132737500000006,0.20036149999999997
0.25,0.3125,0.1875,0.248349375,0.30627025,0.23778987499999998
0.25,0.3125,0.25,0.24313675,0.31121312500000003,0.27521825
0.25,0.3125,0.3125,0.23792412500000001,0.31615600000000005,0.312646625
0.25,0.3125,0.375,0.23271150000000002,0.321098875,0.350075
0.25,0.3125,0.4375,0.22749887500000002,0.32604175,0.387503375
0.25,0.3125,0.5,0.22228625000000002,0.33098462500000003,0.42493175000000005
0.25,0.3125,0.5625,0.21707362500000002,0.33592750000000005,0.462360125
0.25,0.3125,0.625,0.21186100000000002,0.34087037500000006,0.4997885000000001
0.25,0.3125,0.6875,0.20664837500000002,0.34581325,0.537216875
0.25,0.3125,0.75,0.20143575000000002,0.35075612500000003,0.57464525
0.25,0.3125,0.8125,0.19622312500000003,0.35569900000000004,0.6120736250000001
0.25,0.3125,0.875,0.19101050000000003,0.360641875,0.649502
0.25,0.3125,0.9375,0.18579787500000003,0.36558475,0.6869303750000001
0.25,0.3125,1.0,0.18058525000000003,0.370527625,0.72435875
0.25,0.375,0.0,0.257124,0.35265475,0.15072299999999997
0.25,0.375,0.0625,0.25191137500000005,0.35759762500000003,0.18815137499999998
0.25,0.375,0.125,0.24669875000000002,0.36254050000000004,0.22557974999999997
0.25,0.375,0.1875,0.24148612500000002,0.367483375,0.263008125
0.25,0.375,0.25,0.23627350000000003,0.37242625,0.3004365
0.25,0.375,0.3125,0.23106087500000003,0.377369125,0.337864875
0.25,0.375,0.375,0.22584825000000003,0.382312,0.37529325
0.25,0.375,0.4375,0.22063562500000003,0.387254875,0.412721625
0.25,0.375,0.5,0.21542300000000003,0.39219775,0.45015000000000005
0.25,0.375,0.5625,0.21021037500000003,0.397140625,0.487578375
0.25,0.375,0.625,0.20499775000000003,0.40208350000000004,0.5250067500000001
0.25,0.375,0.6875,0.19978512500000004,0.407026375,0.562435125
0.25,0.375,0.75,0.19457250000000004,0.41196925,0.5998635
0.25,0.375,0.8125,0.18935987500000004,0.416912125,0.6372918750000001
0.25,0.375,0.875,0.18414725000000004,0.421855,0.67472025
0.25,0.375,0.9375,0.17893462500000004,0.426797875,0.7121486250000001
0.25,0.375,1.0,0.17372200000000004,0.43174075,0.749577
0.25,0.4375,0.0,0.25026075000000003,0.41386787500000005,0.17594124999999997
0.25,0.4375,0.0625,0.24504812500000003,0.41881075000000006,0.21336962499999998
0.25,0.4375,0.125,0.23983550000000003,0.423753625,0.25079799999999997
0.25,0.4375,0.1875,0.23462287500000004,0.42869650000000004,0.288226375
0.25,0.4375,0.25,0.22941025000000004,0.43363937500000005,0.32565475
0.25,0.4375,0.3125,0.22419762500000004,0.43858225000000006,0.363083125
0.25,0.4375,0.375,0.21898500000000004,0.4435251250000001,0.4005115
0.25,0.4375,0.4375,0.21377237500000004,0.44846800000000003,0.437939875
0.25,0.4375,0.5,0.20855975000000004,0.45341087500000005,0.47536825000000005
0.25,0.4375,0.5625,0.20334712500000005,0.45835375000000006,0.512796625
0.25,0.4375,0.625,0.19813450000000005,0.463296625,0.5502250000000001
0.25,0.4375,0.6875,0.19292187500000005,0.46823950000000003,0.587653375
0.25,0.4375,0.75,0.18770925000000005,0.47318237500000004,0.62508175
0.25,0.4375,0.8125,0.18249662500000005,0.47812525000000006,0.6625101250000001
0.25,0.4375,0.875,0.17728400000000005,0.48306812500000007,0.6999385
0.25,0.4375,0.9375,0.17207137500000005,0.48801100000000003,0.7373668750000001
0.25,0.4375,1.0,0.16685875000000006,0.49295387500000004,0.77479525
0.25,0.5,0.0,0.24339750000000004,0.47508100000000003,0.20115949999999996
0.25,0.5,0.0625,0.23818487500000005,0.48002387500000004,0.23858787499999998
0.25,0.5,0.125,0.23297225000000005,0.48496675,0.27601624999999996
0.25,0.5,0.1875,0.22775962500000005,0.489909625,0.313444625
0.25,0.5,0.25,0.22254700000000005,0.49485250000000003,0.350873
0.25,0.5,0.3125,0.21733437500000005,0.49979537500000004,0.388301375
0.25,0.5,0.375,0.21212175000000005,0.50473825,0.42572975
0.25,0.5,0.4375,0.20690912500000005,0.5096811250000001,0.463158125
0.25,0.5,0.5,0.20169650000000006,0.514624,0.5005865
0.25,0.5,0.5625,0.19648387500000006,0.519566875,0.538014875
0.25,0.5,0.625,0.19127125000000006,0.52450975,0.5754432500000001
0.25,0.5,0.6875,0.18605862500000006,0.529452625,0.612871625
0.25,0.5,0.75,0.18084600000000006,0.5343955,0.6503
0.25,0.5,0.8125,0.17563337500000006,0.539338375,0.6877283750000001
0.25,0.5,0.875,0.17042075000000007,0.54428125,0.72515675
0.25,0.5,0.9375,0.16520812500000007,0.5492241250000001,0.7625851250000001
0.25,0.5,1.0,0.15999550000000007,0.5541670000000001,0.8000135
0.25,0.5625,0.0,0.23653425000000003,0.5362941250000001,0.22637774999999996
0.25,0.5625,0.0625,0.23132162500000003,0.5412370000000001,0.26380612499999995
0.25,0.5625,0.125,0.22610900000000003,0.5461798750000001,0.30123449999999996
0.25,0.5625,0.1875,0.22089637500000003,0.5511227500000001,0.338662875
0.25,0.5625,0.25,0.21568375000000004,0.556065625,0.37609125
0.25,0.5625,0.3125,0.21047112500000004,0.5610085,0.413519625
0.25,0.5625,0.375,0.20525850000000004,0.565951375,0.450948
0.25,0.5625,0.4375,0.20004587500000004,0.57089425,0.488376375
0.25,0.5625,0.5,0.19483325000000004,0.5758371250000001,0.52580475
0.25,0.5625,0.5625,0.18962062500000004,0.5807800000000001,0.563233125
0.25,0.5625,0.625,0.18440800000000004,0.5857228750000001,0.6006615000000001
0.25,0.5625,0.6875,0.17919537500000005,0.5906657500000001,0.638089875
0.25,0.5625,0.75,0.17398275000000005,0.5956086250000001,0.67551825
0.25,0.5625,0.8125,0.16877012500000005,0.6005515,0.7129466250000001
0.25,0.5625,0.875,0.16355750000000005,0.605494375,0.750375
0.25,0.5625,0.9375,0.15834487500000005,0.61043725,0.7878033750000001
0.25,0.5625,1.0,0.15313225000000005,0.6153801250000001,0.82523175
0.25,0.625,0.0,0.22967100000000004,0.59750725,0.25159599999999993
0.25,0.625,0.0625,0.22445837500000004,0.6024501250000001,0.28902437499999994
0.25,0.625,0.125,0.21924575000000004,0.6073930000000001,0.32645274999999996
0.25,0.625,0.1875,0.21403312500000005,0.6123358750000001,0.3638811249999999
0.25,0.625,0.25,0.20882050000000005,0.6172787500000001,0.4013095
0.25,0.625,0.3125,0.20360787500000005,0.622221625,0.43873787499999994
0.25,0.625,0.375,0.19839525000000005,0.6271645,0.47616624999999996
0.25,0.625,0.4375,0.19318262500000005,0.632107375,0.513594625
0.25,0.625,0.5,0.18797000000000005,0.63705025,0.551023
0.25,0.625,0.5625,0.18275737500000006,0.641993125,0.588451375
0.25,0.625,0.625,0.17754475000000006,0.6469360000000001,0.62587975
0.25,0.625,0.6875,0.17233212500000006,0.6518788750000001,0.663308125
0.25,0.625,0.75,0.16711950000000006,0.65682175,0.7007365
0.25,0.625,0.8125,0.16190687500000006,0.661764625,0.738164875
0.25,0.625,0.875,0.15669425000000006,0.6667075,0.77559325
0.25,0.625,0.9375,0.15148162500000006,0.671650375,0.8130216250000001
0.25,0.625,1.0,0.14626900000000007,0.67659325,0.85045
0.25,0.6875,0.0,0.22280775000000003,0.658720375,0.27681424999999993
0.25,0.6875,0.0625,0.21759512500000003,0.66366325,0.31424262499999994
0.25,0.6875,0.125,0.21238250000000003,0.668606125,0.35167099999999996
0.25,0.6875,0.1875,0.20716987500000003,0.6735490000000001,0.3890993749999999
0.25,0.6875,0.25,0.20195725000000003,0.678491875,0.42652775
0.25,0.6875,0.3125,0.19674462500000003,0.68343475,0.46395612499999994
0.25,0.6875,0.375,0.19153200000000004,0.688377625,0.5013844999999999
0.25,0.6875,0.4375,0.18631937500000004,0.6933205,0.538812875
0.25,0.6875,0.5,0.18110675000000004,0.698263375,0.57624125
0.25,0.6875,0.5625,0.17589412500000004,0.70320625,0.613669625
0.25,0.6875,0.625,0.17068150000000004,0.708149125,0.651098
0.25,0.6875,0.6875,0.16546887500000004,0.7130920000000001,0.688526375
0.25,0.6875,0.75,0.16025625000000004,0.7180348750000001,0.72595475
0.25,0.6875,0.8125,0.15504362500000005,0.72297775,0.763383125
0.25,0.6875,0.875,0.14983100000000005,0.727920625,0.8008115
0.25,0.6875,0.9375,0.14461837500000005,0.7328635,0.8382398750000001
0.25,0.6875,1.0,0.13940575000000005,0.737806375,0.87566825
0.25,0.75,0.0,0.21594450000000004,0.7199335,0.3020324999999999
0.25,0.75,0.0625,0.21073187500000004,0.724876375,0.33946087499999994
0.25,0.75,0.125,0.20551925000000004,0.72981925,0.37688924999999995
0.25,0.75,0.1875,0.20030662500000004,0.734762125,0.4143176249999999
0.25,0.75,0.25,0.19509400000000005,0.7397050000000001,0.451746
0.25,0.75,0.3125,0.18988137500000005,0.744647875,0.48917437499999994
0.25,0.75,0.375,0.18466875000000005,0.74959075,0.5266027499999999
0.25,0.75,0.4375,0.17945612500000005,0.754533625,0.564031125
0.25,0.75,0.5,0.17424350000000005,0.7594765,0.6014595
0.25,0.75,0.5625,0.16903087500000005,0.764419375,0.638887875
0.25,0.75,0.625,0.16381825000000005,0.76936225,0.67631625
0.25,0.75,0.6875,0.15860562500000006,0.774305125,0.713744625
0.25,0.75,0.75,0.15339300000000006,0.7792479999999999,0.751173
0.25,0.75,0.8125,0.14818037500000006,0.784190875,0.788601375
0.25,0.75,0.875,0.14296775000000006,0.78913375,0.82602975
0.25,0.75,0.9375,0.13775512500000006,0.794076625,0.8634581250000001
0.25,0.75,1.0,0.13254250000000006,0.7990195,0.9008865
0.25,0.8125,0.0,0.20908125000000005,0.781146625,0.3272507499999999
0.25,0.8125,0.0625,0.20386862500000005,0.7860895,0.36467912499999994
0.25,0.8125,0.125,0.19865600000000005,0.791032375,0.40210749999999995
0.25,0.8125,0.1875,0.19344337500000006,0.79597525,0.4395358749999999
0.25,0.8125,0.25,0.18823075000000006,0.8009181249999999,0.47696425
0.25,0.8125,0.3125,0.18301812500000006,0.8058609999999999,0.5143926249999999
0.25,0.8125,0.375,0.17780550000000006,0.810803875,0.5518209999999999
0.25,0.8125,0.4375,0.17259287500000006,0.81574675,0.589249375
0.25,0.8125,0.5,0.16738025000000006,0.820689625,0.62667775
0.25,0.8125,0.5625,0.16216762500000007,0.8256325,0.664106125
0.25,0.8125,0.625,0.15695500000000007,0.830575375,0.7015345
0.25,0.8125,0.6875,0.15174237500000007,0.83551825,0.738962875
0.25,0.8125,0.75,0.14652975000000007,0.840461125,0.77639125
0.25,0.8125,0.8125,0.14131712500000007,0.8454039999999999,0.813819625
0.25,0.8125,0.875,0.13610450000000007,0.850346875,0.851248
0.25,0.8125,0.9375,0.13089187500000007,0.85528975,0.8886763750000001
0.25,0.8125,1.0,0.12567925000000008,0.860232625,0.92610475
0.25,0.875,0.0,0.20221800000000006,0.8423597500000001,0.3524689999999999
0.25,0.875,0.0625,0.19700537500000007,0.8473026250000001,0.38989737499999993
0.25,0.875,0.125,0.19179275000000007,0.8522455000000001,0.42732574999999995
0.25,0.875,0.1875,0.18658012500000007,0.8571883750000001,0.4647541249999999
0.25,0.875,0.25,0.18136750000000007,0.86213125,0.5021825
0.25,0.875,0.3125,0.17615487500000007,0.867074125,0.5396108749999999
0.25,0.875,0.375,0.17094225000000007,0.872017,0.5770392499999999
0.25,0.875,0.4375,0.16572962500000007,0.876959875,0.614467625
0.25,0.875,0.5,0.16051700000000008,0.8819027500000001,0.651896
0.25,0.875,0.5625,0.15530437500000008,0.8868456250000001,0.689324375
0.25,0.875,0.625,0.15009175000000008,0.8917885000000001,0.72675275
0.25,0.875,0.6875,0.14487912500000008,0.8967313750000001,0.764181125
0.25,0.875,0.75,0.13966650000000008,0.9016742500000001,0.8016095
0.25,0.875,0.8125,0.13445387500000008,0.906617125,0.839037875
0.25,0.875,0.875,0.12924125000000009,0.91156,0.87646625
0.25,0.875,0.9375,0.12402862500000009,0.916502875,0.9138946250000001
0.25,0.875,1.0,0.11881600000000009,0.9214457500000001,0.951323
0.25,0.9375,0.0,0.19535475000000008,0.903572875,0.3776872499999999
0.25,0.9375,0.0625,0.19014212500000008,0.9085157500000001,0.41511562499999993
0.25,0.9375,0.125,0.18492950000000008,0.9134586250000001,0.45254399999999995
0.25,0.9375,0.1875,0.17971687500000008,0.9184015000000001,0.4899723749999999
0.25,0.9375,0.25,0.17450425000000008,0.9233443750000001,0.52740075
0.25,0.9375,0.3125,0.16929162500000008,0.92828725,0.5648291249999999
0.25,0.9375,0.375,0.16407900000000009,0.933230125,0.6022574999999999
0.25,0.9375,0.4375,0.1588663750000001,0.938173,0.639685875
0.25,0.9375,0.5,0.1536537500000001,0.943115875,0.67711425
0.25,0.9375,0.5625,0.1484411250000001,0.9480587500000001,0.714542625
0.25,0.9375,0.625,0.1432285000000001,0.9530016250000001,0.751971
0.25,0.9375,0.6875,0.1380158750000001,0.9579445000000001,0.789399375
0.25,0.9375,0.75,0.1328032500000001,0.962887375,0.82682775
0.25,0.9375,0.8125,0.1275906250000001,0.96783025,0.864256125
0.25,0.9375,0.875,0.1223780000000001,0.972773125,0.9016845
0.25,0.9375,0.9375,0.1171653750000001,0.977716,0.9391128750000001
0.25,0.9375,1.0,0.1119527500000001,0.982658875,0.97654125
0.25,1.0,0.0,0.18849150000000006,0.964786,0.4029054999999999
0.25,1.0,0.0625,0.18327887500000006,0.969728875,0.44033387499999993
0.25,1.0,0.125,0.17806625000000006,0.9746717500000001,0.47776224999999994
0.25,1.0,0.1875,0.17285362500000007,0.9796146250000001,0.5151906249999999
0.25,1.0,0.25,0.16764100000000007,0.9845575,0.552619
0.25,1.0,0.3125,0.16242837500000007,0.989500375,0.5900473749999999
0.25,1.0,0.375,0.15721575000000007,0.99444325,0.6274757499999999
0.25,1.0,0.4375,0.15200312500000007,0.999386125,0.664904125
0.25,1.0,0.5,0.14679050000000007,1.004329,0.7023325
0.25,1.0,0.5625,0.14157787500000008,1.009271875,0.739760875
0.25,1.0,0.625,0.13636525000000008,1.01421475,0.7771892499999999
0.25,1.0,0.6875,0.13115262500000008,1.019157625,0.814617625
0.25,1.0,0.75,0.12594000000000008,1.0241005,0.852046
0.25,1.0,0.8125,0.12072737500000008,1.029043375,0.889474375
0.25,1.0,0.875,0.11551475000000008,1.03398625,0.92690275
0.25,1.0,0.9375,0.11030212500000008,1.0389291250000001,0.9643311250000001
0.25,1.0,1.0,0.10508950000000009,1.043872,1.0017595
0.3125,0.0,0.0,0.372879375,-0.01827999999999999,-0.0007331249999999986
0.3125,0.0,0.0625,0.36766675000000004,-0.013337124999999991,0.036695250000000006
0.3125,0.0,0.125,0.362454125,-0.008394249999999992,0.07412362500000001
0.3125,0.0,0.1875,0.3572415,-0.0034513749999999926,0.11155200000000001
0.3125,0.0,0.25,0.352028875,0.0014915000000000067,0.14898037500000003
0.3125,0.0,0.3125,0.34681625000000005,0.006434375000000006,0.18640875000000004
0.3125,0.0,0.375,0.341603625,0.011377250000000005,0.22383712500000003
0.3125,0.0,0.4375,0.336391,0.016320125000000005,0.26126550000000004
0.3125,0.0,0.5,0.331178375,0.021263000000000004,0.29869387500000005
0.3125,0.0,0.5625,0.32596575000000005,0.026205875000000003,0.33612225000000007
0.3125,0.0,0.625,0.32075312500000003,0.031148750000000003,0.3735506250000001
0.3125,0.0,0.6875,0.3155405,0.036091625,0.4109790000000001
0.3125,0.0,0.75,0.31032787500000003,0.0410345,0.44840737500000005
0.3125,0.0,0.8125,0.30511525000000006,0.045977375,0.48583575000000007
0.3125,0.0,0.875,0.29990262500000003,0.05092025,0.5232641250000001
0.3125,0.0,0.9375,0.29469,0.055863125,0.5606925000000001
0.3125,0.0,1.0,0.28947737500000004,0.060806,0.5981208750000001
0.3125,0.0625,0.0,0.366016125,0.04293312500000001,0.024485124999999996
0.3125,0.0625,0.0625,0.36080350000000005,0.04787600000000001,0.0619135
0.3125,0.0625,0.125,0.35559087500000003,0.05281887500000001,0.09934187500000001
0.3125,0.0625,0.1875,0.35037825,0.05776175000000001,0.13677025
0.3125,0.0625,0.25,0.34516562500000003,0.06270462500000001,0.17419862500000002
0.3125,0.0625,0.3125,0.33995300000000006,0.0676475,0.21162700000000004
0.3125,0.0625,0.375,0.33474037500000003,0.07259037500000001,0.24905537500000002
0.3125,0.0625,0.4375,0.32952775,0.07753325,0.28648375000000004
0.3125,0.0625,0.5,0.32431512500000004,0.08247612500000001,0.32391212500000005
0.3125,0.0625,0.5625,0.31910250000000007,0.087419,0.36134050000000006
0.3125,0.0625,0.625,0.31388987500000004,0.09236187500000001,0.3987688750000001
0.3125,0.0625,0.6875,0.30867725,0.09730475,0.4361972500000001
0.3125,0.0625,0.75,0.30346462500000004,0.10224762500000001,0.47362562500000005
0.3125,0.0625,0.8125,0.2982520000000001,0.1071905,0.5110540000000001
0.3125,0.0625,0.875,0.29303937500000005,0.11213337500000001,0.5484823750000001
0.3125,0.0625,0.9375,0.28782675,0.11707624999999999,0.5859107500000001
0.3125,0.0625,1.0,0.28261412500000005,0.122019125,0.6233391250000001
0.3125,0.125,0.0,0.35915287500000004,0.10414625000000001,0.04970337499999999
0.3125,0.125,0.0625,0.35394025000000007,0.10908912500000001,0.08713175
0.3125,0.125,0.125,0.34872762500000004,0.11403200000000001,0.124560125
0.3125,0.125,0.1875,0.343515,0.11897487500000001,0.1619885
0.3125,0.125,0.25,0.33830237500000004,0.12391775000000001,0.19941687500000002
0.3125,0.125,0.3125,0.3330897500000001,0.128860625,0.23684525000000003
0.3125,0.125,0.375,0.32787712500000005,0.13380350000000002,0.274273625
0.3125,0.125,0.4375,0.3226645,0.138746375,0.31170200000000003
0.3125,0.125,0.5,0.31745187500000005,0.14368925,0.34913037500000005
0.3125,0.125,0.5625,0.3122392500000001,0.148632125,0.38655875000000006
0.3125,0.125,0.625,0.30702662500000005,0.15357500000000002,0.4239871250000001
0.3125,0.125,0.6875,0.301814,0.158517875,0.4614155000000001
0.3125,0.125,0.75,0.29660137500000006,0.16346075,0.49884387500000005
0.3125,0.125,0.8125,0.2913887500000001,0.168403625,0.53627225
0.3125,0.125,0.875,0.28617612500000006,0.17334650000000001,0.5737006250000001
0.3125,0.125,0.9375,0.28096350000000003,0.178289375,0.6111290000000001
0.3125,0.125,1.0,0.27575087500000006,0.18323224999999999,0.6485573750000001
0.3125,0.1875,0.0,0.35228962500000005,0.165359375,0.07492162499999998
0.3125,0.1875,0.0625,0.3470770000000001,0.17030225,0.11234999999999998
0.3125,0.1875,0.125,0.34186437500000005,0.175245125,0.149778375
0.3125,0.1875,0.1875,0.33665175,0.18018800000000001,0.18720674999999998
0.3125,0.1875,0.25,0.33143912500000006,0.185130875,0.224635125
0.3125,0.1875,0.3125,0.3262265000000001,0.19007374999999999,0.2620635
0.3125,0.1875,0.375,0.32101387500000006,0.195016625,0.299491875
0.3125,0.1875,0.4375,0.31580125000000003,0.1999595,0.33692025000000003
0.3125,0.1875,0.5,0.31058862500000006,0.204902375,0.37434862500000005
0.3125,0.1875,0.5625,0.3053760000000001,0.20984524999999998,0.41177700000000006
0.3125,0.1875,0.625,0.30016337500000007,0.214788125,0.4492053750000001
0.3125,0.1875,0.6875,0.29495075000000004,0.219731,0.4866337500000001
0.3125,0.1875,0.75,0.28973812500000007,0.224673875,0.524062125
0.3125,0.1875,0.8125,0.2845255000000001,0.22961674999999998,0.5614905
0.3125,0.1875,0.875,0.27931287500000007,0.234559625,0.5989188750000001
0.3125,0.1875,0.9375,0.27410025000000005,0.2395025,0.6363472500000001
0.3125,0.1875,1.0,0.2688876250000001,0.244445375,0.6737756250000001
0.3125,0.25,0.0,0.345426375,0.2265725,0.10013987499999998
0.3125,0.25,0.0625,0.34021375,0.23151537500000002,0.13756824999999998
0.3125,0.25,0.125,0.335001125,0.23645825,0.174996625
0.3125,0.25,0.1875,0.32978850000000004,0.241401125,0.21242499999999997
0.3125,0.25,0.25,0.324575875,0.246344,0.249853375
0.3125,0.25,0.3125,0.31936325,0.251286875,0.28728175
0.3125,0.25,0.375,0.314150625,0.25622975000000003,0.324710125
0.3125,0.25,0.4375,0.30893800000000005,0.261172625,0.36213850000000003
0.3125,0.25,0.5,0.303725375,0.2661155,0.39956687500000004
0.3125,0.25,0.5625,0.29851275,0.271058375,0.43699525000000006
0.3125,0.25,0.625,0.293300125,0.27600125,0.47442362500000007
0.3125,0.25,0.6875,0.28808750000000005,0.280944125,0.5118520000000001
0.3125,0.25,0.75,0.282874875,0.285887,0.549280375
0.3125,0.25,0.8125,0.27766225,0.290829875,0.58670875
0.3125,0.25,0.875,0.27244962500000003,0.29577275000000003,0.6241371250000001
0.3125,0.25,0.9375,0.26723700000000006,0.300715625,0.6615655000000001
0.3125,0.25,1.0,0.26202437500000003,0.3056585,0.6989938750000001
0.3125,0.3125,0.0,0.338563125,0.28778562500000004,0.12535812499999996
0.3125,0.3125,0.0625,0.3333505,0.29272850000000006,0.16278649999999997
0.3125,0.3125,0.125,0.328137875,0.29767137500000007,0.20021487499999996
0.3125,0.3125,0.1875,0.32292525000000005,0.30261425000000003,0.23764324999999997
0.3125,0.3125,0.25,0.317712625,0.30755712500000004,0.275071625
0.3125,0.3125,0.3125,0.3125,0.31250000000000006,0.3125
0.3125,0.3125,0.375,0.30728737500000003,0.317442875,0.34992837499999996
0.3125,0.3125,0.4375,0.30207475000000006,0.32238575,0.38735675
0.3125,0.3125,0.5,0.29686212500000003,0.32732862500000004,0.424785125
0.3125,0.3125,0.5625,0.2916495,0.33227150000000005,0.46221350000000005
0.3125,0.3125,0.625,0.28643687500000004,0.33721437500000007,0.499641875
0.3125,0.3125,0.6875,0.28122425000000006,0.34215725,0.5370702500000001
0.3125,0.3125,0.75,0.27601162500000004,0.34710012500000004,0.574498625
0.3125,0.3125,0.8125,0.270799,0.35204300000000005,0.611927
0.3125,0.3125,0.875,0.26558637500000004,0.356985875,0.6493553750000001
0.3125,0.3125,0.9375,0.26037375000000007,0.36192875,0.6867837500000001
0.3125,0.3125,1.0,0.25516112500000004,0.36687162500000003,0.7242121250000001
0.3125,0.375,0.0,0.33169987500000003,0.34899875,0.15057637499999996
0.3125,0.375,0.0625,0.32648725,0.35394162500000004,0.18800474999999997
0.3125,0.375,0.125,0.32127462500000004,0.35888450000000005,0.22543312499999996
0.3125,0.375,0.1875,0.31606200000000007,0.363827375,0.26286149999999997
0.3125,0.375,0.25,0.31084937500000004,0.36877025,0.300289875
0.3125,0.375,0.3125,0.30563675,0.37371312500000003,0.33771825
0.3125,0.375,0.375,0.30042412500000004,0.378656,0.37514662499999996
0.3125,0.375,0.4375,0.29521150000000007,0.383598875,0.412575
0.3125,0.375,0.5,0.28999887500000004,0.38854175,0.450003375
0.3125,0.375,0.5625,0.28478625,0.39348462500000003,0.48743175000000005
0.3125,0.375,0.625,0.27957362500000005,0.39842750000000005,0.524860125
0.3125,0.375,0.6875,0.2743610000000001,0.403370375,0.5622885000000001
0.3125,0.375,0.75,0.26914837500000005,0.40831325,0.599716875
0.3125,0.375,0.8125,0.26393575,0.41325612500000003,0.63714525
0.3125,0.375,0.875,0.25872312500000005,0.418199,0.6745736250000001
0.3125,0.375,0.9375,0.2535105000000001,0.423141875,0.7120020000000001
0.3125,0.375,1.0,0.24829787500000006,0.42808475,0.7494303750000001
0.3125,0.4375,0.0,0.32483662500000005,0.410211875,0.17579462499999995
0.3125,0.4375,0.0625,0.319624,0.41515475,0.21322299999999997
0.3125,0.4375,0.125,0.31441137500000005,0.42009762500000003,0.25065137499999995
0.3125,0.4375,0.1875,0.3091987500000001,0.4250405,0.28807974999999997
0.3125,0.4375,0.25,0.30398612500000005,0.429983375,0.325508125
0.3125,0.4375,0.3125,0.2987735,0.43492625,0.3629365
0.3125,0.4375,0.375,0.29356087500000005,0.43986912499999997,0.40036487499999995
0.3125,0.4375,0.4375,0.2883482500000001,0.444812,0.43779325
0.3125,0.4375,0.5,0.28313562500000006,0.449754875,0.475221625
0.3125,0.4375,0.5625,0.27792300000000003,0.45469775,0.51265
0.3125,0.4375,0.625,0.27271037500000006,0.459640625,0.550078375
0.3125,0.4375,0.6875,0.2674977500000001,0.4645835,0.5875067500000001
0.3125,0.4375,0.75,0.26228512500000006,0.469526375,0.624935125
0.3125,0.4375,0.8125,0.25707250000000004,0.47446925,0.6623635
0.3125,0.4375,0.875,0.25185987500000007,0.47941212499999997,0.6997918750000001
0.3125,0.4375,0.9375,0.24664725000000007,0.484355,0.7372202500000001
0.3125,0.4375,1.0,0.24143462500000007,0.489297875,0.7746486250000001
0.3125,0.5,0.0,0.31797337500000006,0.471425,0.20101287499999995
0.3125,0.5,0.0625,0.31276075000000003,0.476367875,0.23844124999999997
0.3125,0.5,0.125,0.30754812500000006,0.48131075,0.27586962499999995
0.3125,0.5,0.1875,0.3023355000000001,0.48625362499999997,0.31329799999999997
0.3125,0.5,0.25,0.29712287500000006,0.4911965,0.350726375
0.3125,0.5,0.3125,0.29191025000000004,0.496139375,0.38815475
0.3125,0.5,0.375,0.28669762500000007,0.50108225,0.42558312499999995
0.3125,0.5,0.4375,0.2814850000000001,0.506025125,0.4630115
0.3125,0.5,0.5,0.27627237500000007,0.510968,0.500439875
0.3125,0.5,0.5625,0.27105975000000004,0.515910875,0.53786825
0.3125,0.5,0.625,0.2658471250000001,0.52085375,0.575296625
0.3125,0.5,0.6875,0.2606345000000001,0.525796625,0.6127250000000001
0.3125,0.5,0.75,0.2554218750000001,0.5307394999999999,0.650153375
0.3125,0.5,0.8125,0.25020925000000005,0.5356823749999999,0.68758175
0.3125,0.5,0.875,0.24499662500000008,0.54062525,0.7250101250000001
0.3125,0.5,0.9375,0.23978400000000008,0.545568125,0.7624385000000001
0.3125,0.5,1.0,0.23457137500000008,0.550511,0.7998668750000001
0.3125,0.5625,0.0,0.31111012500000007,0.5326381250000001,0.22623112499999995
0.3125,0.5625,0.0625,0.30589750000000004,0.5375810000000001,0.26365949999999994
0.3125,0.5625,0.125,0.3006848750000001,0.5425238750000001,0.30108787499999995
0.3125,0.5625,0.1875,0.2954722500000001,0.5474667500000001,0.33851624999999996
0.3125,0.5625,0.25,0.2902596250000001,0.5524096250000001,0.375944625
0.3125,0.5625,0.3125,0.28504700000000005,0.5573525,0.413373
0.3125,0.5625,0.375,0.2798343750000001,0.562295375,0.45080137499999995
0.3125,0.5625,0.4375,0.2746217500000001,0.56723825,0.48822975
0.3125,0.5625,0.5,0.2694091250000001,0.5721811250000001,0.525658125
0.3125,0.5625,0.5625,0.26419650000000006,0.5771240000000001,0.5630865
0.3125,0.5625,0.625,0.2589838750000001,0.5820668750000001,0.600514875
0.3125,0.5625,0.6875,0.2537712500000001,0.5870097500000001,0.6379432500000001
0.3125,0.5625,0.75,0.2485586250000001,0.591952625,0.675371625
0.3125,0.5625,0.8125,0.2433460000000001,0.5968955,0.7128
0.3125,0.5625,0.875,0.2381333750000001,0.601838375,0.7502283750000001
0.3125,0.5625,0.9375,0.2329207500000001,0.60678125,0.7876567500000001
0.3125,0.5625,1.0,0.2277081250000001,0.6117241250000001,0.8250851250000001
0.3125,0.625,0.0,0.304246875,0.59385125,0.2514493749999999
0.3125,0.625,0.0625,0.29903425000000006,0.5987941250000001,0.28887774999999993
0.3125,0.625,0.125,0.29382162500000003,0.6037370000000001,0.32630612499999995
0.3125,0.625,0.1875,0.288609,0.6086798750000001,0.36373449999999996
0.3125,0.625,0.25,0.28339637500000003,0.61362275,0.4011628749999999
0.3125,0.625,0.3125,0.27818375000000006,0.618565625,0.43859125
0.3125,0.625,0.375,0.27297112500000004,0.6235085,0.47601962499999995
0.3125,0.625,0.4375,0.2677585,0.628451375,0.5134479999999999
0.3125,0.625,0.5,0.26254587500000004,0.63339425,0.550876375
0.3125,0.625,0.5625,0.25733325000000007,0.6383371250000001,0.58830475
0.3125,0.625,0.625,0.25212062500000004,0.6432800000000001,0.625733125
0.3125,0.625,0.6875,0.24690800000000004,0.6482228750000001,0.6631615
0.3125,0.625,0.75,0.24169537500000005,0.6531657500000001,0.7005898749999999
0.3125,0.625,0.8125,0.23648275000000005,0.658108625,0.73801825
0.3125,0.625,0.875,0.23127012500000005,0.6630515,0.7754466250000001
0.3125,0.625,0.9375,0.22605750000000005,0.667994375,0.812875
0.3125,0.625,1.0,0.22084487500000005,0.67293725,0.850303375
0.3125,0.6875,0.0,0.29738362500000004,0.655064375,0.2766676249999999
0.3125,0.6875,0.0625,0.29217100000000007,0.66000725,0.31409599999999993
0.3125,0.6875,0.125,0.28695837500000004,0.6649501250000001,0.35152437499999994
0.3125,0.6875,0.1875,0.28174575,0.6698930000000001,0.38895274999999996
0.3125,0.6875,0.25,0.27653312500000005,0.6748358750000001,0.4263811249999999
0.3125,0.6875,0.3125,0.2713205000000001,0.67977875,0.4638095
0.3125,0.6875,0.375,0.26610787500000005,0.684721625,0.5012378749999999
0.3125,0.6875,0.4375,0.26089525,0.6896645,0.5386662499999999
0.3125,0.6875,0.5,0.25568262500000005,0.694607375,0.576094625
0.3125,0.6875,0.5625,0.2504700000000001,0.69955025,0.613523
0.3125,0.6875,0.625,0.24525737500000006,0.704493125,0.650951375
0.3125,0.6875,0.6875,0.24004475000000006,0.7094360000000001,0.68837975
0.3125,0.6875,0.75,0.23483212500000006,0.714378875,0.7258081249999999
0.3125,0.6875,0.8125,0.22961950000000006,0.71932175,0.7632365
0.3125,0.6875,0.875,0.22440687500000006,0.724264625,0.800664875
0.3125,0.6875,0.9375,0.21919425000000006,0.7292075,0.83809325
0.3125,0.6875,1.0,0.21398162500000006,0.734150375,0.875521625
0.3125,0.75,0.0,0.29052037500000005,0.7162775,0.3018858749999999
0.3125,0.75,0.0625,0.2853077500000001,0.721220375,0.33931424999999993
0.3125,0.75,0.125,0.28009512500000006,0.72616325,0.37674262499999994
0.3125,0.75,0.1875,0.27488250000000003,0.731106125,0.41417099999999996
0.3125,0.75,0.25,0.26966987500000006,0.736049,0.4515993749999999
0.3125,0.75,0.3125,0.2644572500000001,0.740991875,0.48902775
0.3125,0.75,0.375,0.25924462500000006,0.74593475,0.5264561249999999
0.3125,0.75,0.4375,0.25403200000000004,0.750877625,0.5638844999999999
0.3125,0.75,0.5,0.24881937500000006,0.7558205,0.601312875
0.3125,0.75,0.5625,0.24360675000000007,0.760763375,0.63874125
0.3125,0.75,0.625,0.23839412500000007,0.76570625,0.676169625
0.3125,0.75,0.6875,0.23318150000000007,0.770649125,0.713598
0.3125,0.75,0.75,0.22796887500000007,0.7755920000000001,0.7510263749999999
0.3125,0.75,0.8125,0.22275625000000007,0.780534875,0.78845475
0.3125,0.75,0.875,0.21754362500000007,0.78547775,0.825883125
0.3125,0.75,0.9375,0.21233100000000008,0.790420625,0.8633115
0.3125,0.75,1.0,0.20711837500000008,0.7953635,0.900739875
0.3125,0.8125,0.0,0.28365712500000007,0.777490625,0.3271041249999999
0.3125,0.8125,0.0625,0.2784445000000001,0.7824335,0.3645324999999999
0.3125,0.8125,0.125,0.27323187500000007,0.787376375,0.40196087499999994
0.3125,0.8125,0.1875,0.26801925000000004,0.79231925,0.43938924999999995
0.3125,0.8125,0.25,0.26280662500000007,0.797262125,0.4768176249999999
0.3125,0.8125,0.3125,0.2575940000000001,0.802205,0.514246
0.3125,0.8125,0.375,0.2523813750000001,0.807147875,0.5516743749999999
0.3125,0.8125,0.4375,0.24716875000000008,0.81209075,0.5891027499999999
0.3125,0.8125,0.5,0.24195612500000008,0.817033625,0.626531125
0.3125,0.8125,0.5625,0.23674350000000008,0.8219765,0.6639595
0.3125,0.8125,0.625,0.23153087500000008,0.826919375,0.701387875
0.3125,0.8125,0.6875,0.22631825000000008,0.83186225,0.73881625
0.3125,0.8125,0.75,0.22110562500000008,0.8368051249999999,0.7762446249999999
0.3125,0.8125,0.8125,0.21589300000000008,0.8417479999999999,0.813673
0.3125,0.8125,0.875,0.2106803750000001,0.846690875,0.851101375
0.3125,0.8125,0.9375,0.2054677500000001,0.85163375,0.88852975
0.3125,0.8125,1.0,0.2002551250000001,0.856576625,0.925958125
0.3125,0.875,0.0,0.2767938750000001,0.8387037500000001,0.3523223749999999
0.3125,0.875,0.0625,0.2715812500000001,0.8436466250000001,0.3897507499999999
0.3125,0.875,0.125,0.2663686250000001,0.8485895000000001,0.42717912499999994
0.3125,0.875,0.1875,0.26115600000000005,0.8535323750000001,0.46460749999999995
0.3125,0.875,0.25,0.2559433750000001,0.8584752500000001,0.5020358749999999
0.3125,0.875,0.3125,0.2507307500000001,0.863418125,0.53946425
0.3125,0.875,0.375,0.2455181250000001,0.868361,0.5768926249999999
0.3125,0.875,0.4375,0.2403055000000001,0.8733038750000001,0.6143209999999999
0.3125,0.875,0.5,0.2350928750000001,0.8782467500000001,0.651749375
0.3125,0.875,0.5625,0.2298802500000001,0.8831896250000001,0.68917775
0.3125,0.875,0.625,0.2246676250000001,0.8881325000000001,0.726606125
0.3125,0.875,0.6875,0.2194550000000001,0.8930753750000001,0.7640345
0.3125,0.875,0.75,0.2142423750000001,0.89801825,0.8014628749999999
0.3125,0.875,0.8125,0.2090297500000001,0.902961125,0.83889125
0.3125,0.875,0.875,0.2038171250000001,0.907904,0.876319625
0.3125,0.875,0.9375,0.1986045000000001,0.9128468750000001,0.913748
0.3125,0.875,1.0,0.1933918750000001,0.9177897500000001,0.951176375
0.3125,0.9375,0.0,0.2699306250000001,0.8999168750000001,0.3775406249999999
0.3125,0.9375,0.0625,0.2647180000000001,0.9048597500000001,0.4149689999999999
0.3125,0.9375,0.125,0.2595053750000001,0.9098026250000001,0.45239737499999993
0.3125,0.9375,0.1875,0.25429275000000007,0.9147455000000001,0.48982574999999995
0.3125,0.9375,0.25,0.2490801250000001,0.919688375,0.5272541249999999
0.3125,0.9375,0.3125,0.2438675000000001,0.92463125,0.5646825
0.3125,0.9375,0.375,0.2386548750000001,0.929574125,0.6021108749999999
0.3125,0.9375,0.4375,0.2334422500000001,0.934517,0.6395392499999999
0.3125,0.9375,0.5,0.2282296250000001,0.939459875,0.676967625
0.3125,0.9375,0.5625,0.2230170000000001,0.9444027500000001,0.714396
0.3125,0.9375,0.625,0.2178043750000001,0.9493456250000001,0.751824375
0.3125,0.9375,0.6875,0.2125917500000001,0.9542885000000001,0.78925275
0.3125,0.9375,0.75,0.2073791250000001,0.9592313750000001,0.8266811249999999
0.3125,0.9375,0.8125,0.2021665000000001,0.96417425,0.8641095
0.3125,0.9375,0.875,0.1969538750000001,0.969117125,0.901537875
0.3125,0.9375,0.9375,0.1917412500000001,0.97406,0.93896625
0.3125,0.9375,1.0,0.18652862500000011,0.979002875,0.976394625
0.3125,1.0,0.0,0.2630673750000001,0.96113,0.4027588749999999
0.3125,1.0,0.0625,0.25785475000000013,0.966072875,0.4401872499999999
0.3125,1.0,0.125,0.2526421250000001,0.9710157500000001,0.47761562499999993
0.3125,1.0,0.1875,0.2474295000000001,0.9759586250000001,0.515044
0.3125,1.0,0.25,0.2422168750000001,0.9809015000000001,0.5524723749999999
0.3125,1.0,0.3125,0.2370042500000001,0.985844375,0.58990075
0.3125,1.0,0.375,0.2317916250000001,0.99078725,0.6273291249999999
0.3125,1.0,0.4375,0.2265790000000001,0.995730125,0.6647574999999999
0.3125,1.0,0.5,0.22136637500000012,1.000673,0.702185875
0.3125,1.0,0.5625,0.21615375000000012,1.005615875,0.73961425
0.3125,1.0,0.625,0.21094112500000012,1.01055875,0.777042625
0.3125,1.0,0.6875,0.20572850000000012,1.015501625,0.814471
0.3125,1.0,0.75,0.20051587500000012,1.0204445,0.8518993749999999
0.3125,1.0,0.8125,0.19530325000000012,1.025387375,0.88932775
0.3125,1.0,0.875,0.19009062500000012,1.03033025,0.926756125
0.3125,1.0,0.9375,0.18487800000000013,1.035273125,0.9641845
0.3125,1.0,1.0,0.17966537500000013,1.040216,1.001612875
0.375,0.0,0.0,0.44745524999999997,-0.021935999999999987,-0.0008797499999999984
0.375,0.0,0.0625,0.442242625,-0.016993124999999987,0.03654862500000001
0.375,0.0,0.125,0.43703,-0.012050249999999988,0.07397700000000001
0.375,0.0,0.1875,0.43181737499999995,-0.007107374999999989,0.11140537500000001
0.375,0.0,0.25,0.42660475,-0.0021644999999999893,0.14883375000000004
0.375,0.0,0.3125,0.421392125,0.00277837500000001,0.18626212500000006
0.375,0.0,0.375,0.4161795,0.007721250000000009,0.22369050000000004
0.375,0.0,0.4375,0.41096687499999995,0.012664125000000009,0.26111887500000003
0.375,0.0,0.5,0.40575425,0.017607000000000008,0.29854725000000004
0.375,0.0,0.5625,0.400541625,0.022549875000000007,0.33597562500000006
0.375,0.0,0.625,0.395329,0.027492750000000007,0.37340400000000007
0.375,0.0,0.6875,0.39011637499999996,0.03243562500000001,0.4108323750000001
0.375,0.0,0.75,0.38490375,0.03737850000000001,0.44826075000000004
0.375,0.0,0.8125,0.379691125,0.04232137500000001,0.48568912500000005
0.375,0.0,0.875,0.3744785,0.04726425000000001,0.5231175000000001
0.375,0.0,0.9375,0.36926587499999997,0.05220712500000001,0.5605458750000002
0.375,0.0,1.0,0.36405325,0.057150000000000006,0.5979742500000002
0.375,0.0625,0.0,0.440592,0.03927712500000001,0.024338499999999996
0.375,0.0625,0.0625,0.435379375,0.04422000000000001,0.061766875
0.375,0.0625,0.125,0.43016675,0.04916287500000001,0.09919525000000001
0.375,0.0625,0.1875,0.42495412499999996,0.05410575000000001,0.136623625
0.375,0.0625,0.25,0.4197415,0.05904862500000001,0.174052
0.375,0.0625,0.3125,0.414528875,0.0639915,0.21148037500000003
0.375,0.0625,0.375,0.40931625,0.068934375,0.24890875
0.375,0.0625,0.4375,0.40410362499999997,0.07387725,0.286337125
0.375,0.0625,0.5,0.398891,0.078820125,0.32376550000000004
0.375,0.0625,0.5625,0.393678375,0.083763,0.36119387500000005
0.375,0.0625,0.625,0.38846575,0.088705875,0.39862225000000007
0.375,0.0625,0.6875,0.383253125,0.09364875,0.4360506250000001
0.375,0.0625,0.75,0.3780405,0.098591625,0.47347900000000004
0.375,0.0625,0.8125,0.37282787500000003,0.1035345,0.510907375
0.375,0.0625,0.875,0.36761525,0.108477375,0.5483357500000001
0.375,0.0625,0.9375,0.362402625,0.11342025,0.5857641250000002
0.375,0.0625,1.0,0.35719,0.118363125,0.6231925000000001
0.375,0.125,0.0,0.43372875,0.10049025000000002,0.04955674999999999
0.375,0.125,0.0625,0.428516125,0.10543312500000002,0.086985125
0.375,0.125,0.125,0.4233035,0.11037600000000002,0.12441350000000001
0.375,0.125,0.1875,0.418090875,0.11531887500000002,0.161841875
0.375,0.125,0.25,0.41287825,0.12026175000000001,0.19927025
0.375,0.125,0.3125,0.40766562500000003,0.125204625,0.23669862500000002
0.375,0.125,0.375,0.402453,0.13014750000000003,0.274127
0.375,0.125,0.4375,0.397240375,0.135090375,0.311555375
0.375,0.125,0.5,0.39202775,0.14003325,0.34898375000000004
0.375,0.125,0.5625,0.38681512500000004,0.144976125,0.38641212500000005
0.375,0.125,0.625,0.3816025,0.14991900000000002,0.42384050000000006
0.375,0.125,0.6875,0.376389875,0.154861875,0.4612688750000001
0.375,0.125,0.75,0.37117725,0.15980475,0.49869725000000004
0.375,0.125,0.8125,0.36596462500000004,0.164747625,0.536125625
0.375,0.125,0.875,0.360752,0.16969050000000002,0.5735540000000001
0.375,0.125,0.9375,0.355539375,0.174633375,0.6109823750000002
0.375,0.125,1.0,0.35032675,0.17957625,0.6484107500000001
0.375,0.1875,0.0,0.4268655,0.161703375,0.07477499999999998
0.375,0.1875,0.0625,0.42165287500000004,0.16664625,0.112203375
0.375,0.1875,0.125,0.41644025,0.171589125,0.14963175
0.375,0.1875,0.1875,0.411227625,0.17653200000000002,0.187060125
0.375,0.1875,0.25,0.406015,0.181474875,0.2244885
0.375,0.1875,0.3125,0.40080237500000004,0.18641775,0.26191687500000005
0.375,0.1875,0.375,0.39558975,0.191360625,0.29934525
0.375,0.1875,0.4375,0.390377125,0.19630350000000002,0.336773625
0.375,0.1875,0.5,0.3851645,0.201246375,0.37420200000000003
0.375,0.1875,0.5625,0.37995187500000005,0.20618925,0.41163037500000005
0.375,0.1875,0.625,0.37473925,0.211132125,0.44905875000000006
0.375,0.1875,0.6875,0.369526625,0.21607500000000002,0.4864871250000001
0.375,0.1875,0.75,0.364314,0.221017875,0.5239155
0.375,0.1875,0.8125,0.35910137500000006,0.22596075,0.561343875
0.375,0.1875,0.875,0.35388875000000003,0.230903625,0.5987722500000001
0.375,0.1875,0.9375,0.348676125,0.23584650000000001,0.6362006250000001
0.375,0.1875,1.0,0.34346350000000003,0.240789375,0.673629
0.375,0.25,0.0,0.42000224999999997,0.22291650000000002,0.09999324999999998
0.375,0.25,0.0625,0.41478962499999994,0.22785937500000003,0.137421625
0.375,0.25,0.125,0.40957699999999997,0.23280225000000002,0.17485
0.375,0.25,0.1875,0.404364375,0.237745125,0.212278375
0.375,0.25,0.25,0.39915174999999997,0.24268800000000001,0.24970675
0.375,0.25,0.3125,0.39393912499999995,0.24763087500000003,0.28713512500000005
0.375,0.25,0.375,0.3887265,0.25257375000000004,0.3245635
0.375,0.25,0.4375,0.383513875,0.257516625,0.361991875
0.375,0.25,0.5,0.37830125,0.2624595,0.39942025000000003
0.375,0.25,0.5625,0.37308862499999995,0.267402375,0.43684862500000005
0.375,0.25,0.625,0.367876,0.27234525,0.47427700000000006
0.375,0.25,0.6875,0.362663375,0.277288125,0.511705375
0.375,0.25,0.75,0.35745075,0.282231,0.54913375
0.375,0.25,0.8125,0.35223812499999996,0.287173875,0.586562125
0.375,0.25,0.875,0.3470255,0.29211675000000004,0.6239905000000001
0.375,0.25,0.9375,0.341812875,0.297059625,0.6614188750000001
0.375,0.25,1.0,0.33660025,0.3020025,0.69884725
0.375,0.3125,0.0,0.413139,0.284129625,0.12521149999999998
0.375,0.3125,0.0625,0.40792637499999995,0.2890725,0.162639875
0.375,0.3125,0.125,0.40271375,0.29401537499999997,0.20006825
0.375,0.3125,0.1875,0.397501125,0.29895825,0.237496625
0.375,0.3125,0.25,0.3922885,0.303901125,0.274925
0.375,0.3125,0.3125,0.38707587499999996,0.308844,0.31235337500000004
0.375,0.3125,0.375,0.38186325,0.313786875,0.34978175
0.375,0.3125,0.4375,0.376650625,0.31872975,0.387210125
0.375,0.3125,0.5,0.371438,0.323672625,0.42463850000000003
0.375,0.3125,0.5625,0.36622537499999996,0.3286155,0.46206687500000004
0.375,0.3125,0.625,0.36101275,0.33355837499999996,0.49949525000000006
0.375,0.3125,0.6875,0.355800125,0.33850125,0.536923625
0.375,0.3125,0.75,0.3505875,0.343444125,0.574352
0.375,0.3125,0.8125,0.34537487499999997,0.348387,0.611780375
0.375,0.3125,0.875,0.34016225,0.353329875,0.6492087500000001
0.375,0.3125,0.9375,0.33494962500000003,0.35827275,0.6866371250000001
0.375,0.3125,1.0,0.329737,0.363215625,0.7240655
0.375,0.375,0.0,0.40627575,0.34534275,0.15042974999999997
0.375,0.375,0.0625,0.40106312499999996,0.350285625,0.187858125
0.375,0.375,0.125,0.3958505,0.35522849999999995,0.2252865
0.375,0.375,0.1875,0.390637875,0.36017137499999996,0.262714875
0.375,0.375,0.25,0.38542525,0.36511425,0.30014325
0.375,0.375,0.3125,0.38021262499999997,0.370057125,0.33757162500000004
0.375,0.375,0.375,0.375,0.375,0.375
0.375,0.375,0.4375,0.36978737500000003,0.37994287499999996,0.412428375
0.375,0.375,0.5,0.36457475,0.38488574999999997,0.44985675
0.375,0.375,0.5625,0.359362125,0.389828625,0.48728512500000004
0.375,0.375,0.625,0.3541495,0.39477149999999994,0.5247135
0.375,0.375,0.6875,0.34893687500000004,0.39971437499999996,0.562141875
0.375,0.375,0.75,0.34372425,0.40465724999999997,0.59957025
0.375,0.375,0.8125,0.338511625,0.409600125,0.636998625
0.375,0.375,0.875,0.333299,0.414543,0.6744270000000001
0.375,0.375,0.9375,0.32808637500000004,0.41948587499999995,0.7118553750000001
0.375,0.375,1.0,0.32287375,0.42442874999999997,0.74928375
0.375,0.4375,0.0,0.3994125,0.406555875,0.17564799999999997
0.375,0.4375,0.0625,0.394199875,0.41149875,0.21307637499999998
0.375,0.4375,0.125,0.38898725,0.41644162500000004,0.25050475
0.375,0.4375,0.1875,0.38377462500000004,0.4213845,0.287933125
0.375,0.4375,0.25,0.378562,0.426327375,0.32536149999999997
0.375,0.4375,0.3125,0.373349375,0.43127025,0.36278987500000004
0.375,0.4375,0.375,0.36813675,0.436213125,0.40021825
0.375,0.4375,0.4375,0.36292412500000004,0.441156,0.437646625
0.375,0.4375,0.5,0.3577115,0.446098875,0.475075
0.375,0.4375,0.5625,0.352498875,0.45104175,0.5125033750000001
0.375,0.4375,0.625,0.34728625,0.45598462500000003,0.54993175
0.375,0.4375,0.6875,0.34207362500000005,0.4609275,0.587360125
0.375,0.4375,0.75,0.336861,0.465870375,0.6247885
0.375,0.4375,0.8125,0.331648375,0.47081325,0.662216875
0.375,0.4375,0.875,0.32643575,0.475756125,0.6996452500000001
0.375,0.4375,0.9375,0.32122312500000005,0.480699,0.7370736250000001
0.375,0.4375,1.0,0.3160105,0.485641875,0.774502
0.375,0.5,0.0,0.39254925,0.467769,0.20086624999999997
0.375,0.5,0.0625,0.387336625,0.472711875,0.23829462499999998
0.375,0.5,0.125,0.382124,0.47765475,0.275723
0.375,0.5,0.1875,0.37691137500000005,0.482597625,0.313151375
0.375,0.5,0.25,0.37169875,0.4875405,0.35057974999999997
0.375,0.5,0.3125,0.366486125,0.492483375,0.38800812500000004
0.375,0.5,0.375,0.3612735,0.49742624999999996,0.4254365
0.375,0.5,0.4375,0.35606087500000005,0.502369125,0.462864875
0.375,0.5,0.5,0.35084825000000003,0.507312,0.50029325
0.375,0.5,0.5625,0.345635625,0.512254875,0.5377216250000001
0.375,0.5,0.625,0.34042300000000003,0.51719775,0.57515
0.375,0.5,0.6875,0.33521037500000006,0.522140625,0.612578375
0.375,0.5,0.75,0.32999775000000003,0.5270835,0.65000675
0.375,0.5,0.8125,0.324785125,0.5320263749999999,0.687435125
0.375,0.5,0.875,0.31957250000000004,0.53696925,0.7248635000000001
0.375,0.5,0.9375,0.31435987500000007,0.541912125,0.7622918750000001
0.375,0.5,1.0,0.30914725000000004,0.546855,0.79972025
0.375,0.5625,0.0,0.38568600000000003,0.5289821250000001,0.22608449999999997
0.375,0.5625,0.0625,0.380473375,0.5339250000000001,0.263512875
0.375,0.5625,0.125,0.37526075000000003,0.5388678750000001,0.30094125
0.375,0.5625,0.1875,0.37004812500000006,0.5438107500000001,0.338369625
0.375,0.5625,0.25,0.36483550000000003,0.548753625,0.37579799999999997
0.375,0.5625,0.3125,0.359622875,0.5536965,0.41322637500000003
0.375,0.5625,0.375,0.35441025000000004,0.558639375,0.45065475
0.375,0.5625,0.4375,0.34919762500000007,0.5635822500000001,0.488083125
0.375,0.5625,0.5,0.34398500000000004,0.5685251250000001,0.5255115
0.375,0.5625,0.5625,0.338772375,0.5734680000000001,0.5629398750000001
0.375,0.5625,0.625,0.33355975000000004,0.5784108750000001,0.60036825
0.375,0.5625,0.6875,0.3283471250000001,0.5833537500000001,0.637796625
0.375,0.5625,0.75,0.32313450000000005,0.5882966250000001,0.675225
0.375,0.5625,0.8125,0.317921875,0.5932395,0.712653375
0.375,0.5625,0.875,0.31270925000000005,0.598182375,0.7500817500000001
0.375,0.5625,0.9375,0.3074966250000001,0.6031252500000001,0.7875101250000001
0.375,0.5625,1.0,0.30228400000000005,0.6080681250000001,0.8249385
0.375,0.625,0.0,0.37882275,0.5901952500000001,0.2513027499999999
0.375,0.625,0.0625,0.373610125,0.5951381250000001,0.2887311249999999
0.375,0.625,0.125,0.3683975,0.6000810000000001,0.32615949999999994
0.375,0.625,0.1875,0.36318487499999996,0.6050238750000001,0.3635878749999999
0.375,0.625,0.25,0.35797225,0.6099667500000001,0.40101624999999996
0.375,0.625,0.3125,0.352759625,0.614909625,0.4384446249999999
0.375,0.625,0.375,0.347547,0.6198525,0.47587299999999993
0.375,0.625,0.4375,0.34233437499999997,0.624795375,0.513301375
0.375,0.625,0.5,0.33712175,0.62973825,0.5507297499999999
0.375,0.625,0.5625,0.331909125,0.6346811250000001,0.588158125
0.375,0.625,0.625,0.3266965,0.6396240000000001,0.6255865
0.375,0.625,0.6875,0.321483875,0.6445668750000001,0.663014875
0.375,0.625,0.75,0.31627125,0.64950975,0.70044325
0.375,0.625,0.8125,0.31105862500000003,0.654452625,0.7378716249999999
0.375,0.625,0.875,0.305846,0.6593955,0.7753
0.375,0.625,0.9375,0.300633375,0.664338375,0.8127283750000001
0.375,0.625,1.0,0.29542075,0.66928125,0.85015675
0.375,0.6875,0.0,0.3719595,0.651408375,0.2765209999999999
0.375,0.6875,0.0625,0.366746875,0.65635125,0.3139493749999999
0.375,0.6875,0.125,0.36153425,0.6612941250000001,0.35137774999999993
0.375,0.6875,0.1875,0.356321625,0.6662370000000001,0.3888061249999999
0.375,0.6875,0.25,0.351109,0.671179875,0.42623449999999996
0.375,0.6875,0.3125,0.34589637500000003,0.67612275,0.4636628749999999
0.375,0.6875,0.375,0.34068375,0.681065625,0.50109125
0.375,0.6875,0.4375,0.335471125,0.6860085,0.538519625
0.375,0.6875,0.5,0.3302585,0.690951375,0.5759479999999999
0.375,0.6875,0.5625,0.32504587500000004,0.69589425,0.613376375
0.375,0.6875,0.625,0.31983325,0.7008371250000001,0.65080475
0.375,0.6875,0.6875,0.314620625,0.7057800000000001,0.688233125
0.375,0.6875,0.75,0.309408,0.7107228750000001,0.7256615
0.375,0.6875,0.8125,0.30419537500000005,0.71566575,0.7630898749999999
0.375,0.6875,0.875,0.29898275,0.720608625,0.80051825
0.375,0.6875,0.9375,0.293770125,0.7255515,0.8379466250000001
0.375,0.6875,1.0,0.2885575,0.730494375,0.875375
0.375,0.75,0.0,0.36509625,0.7126215,0.3017392499999999
0.375,0.75,0.0625,0.35988362500000004,0.717564375,0.3391676249999999
0.375,0.75,0.125,0.354671,0.72250725,0.37659599999999993
0.375,0.75,0.1875,0.349458375,0.7274501250000001,0.4140243749999999
0.375,0.75,0.25,0.34424575,0.7323930000000001,0.45145274999999996
0.375,0.75,0.3125,0.33903312500000005,0.737335875,0.4888811249999999
0.375,0.75,0.375,0.3338205,0.74227875,0.5263095
0.375,0.75,0.4375,0.328607875,0.747221625,0.5637378749999999
0.375,0.75,0.5,0.32339525,0.7521645,0.6011662499999999
0.375,0.75,0.5625,0.31818262500000005,0.757107375,0.638594625
0.375,0.75,0.625,0.31297,0.76205025,0.676023
0.375,0.75,0.6875,0.307757375,0.766993125,0.713451375
0.375,0.75,0.75,0.30254475000000003,0.771936,0.75087975
0.375,0.75,0.8125,0.29733212500000006,0.776878875,0.7883081249999999
0.375,0.75,0.875,0.29211950000000003,0.78182175,0.8257365
0.375,0.75,0.9375,0.286906875,0.786764625,0.863164875
0.375,0.75,1.0,0.28169425000000003,0.7917075,0.90059325
0.375,0.8125,0.0,0.358233,0.773834625,0.3269574999999999
0.375,0.8125,0.0625,0.35302037500000005,0.7787775,0.3643858749999999
0.375,0.8125,0.125,0.34780775,0.783720375,0.40181424999999993
0.375,0.8125,0.1875,0.342595125,0.78866325,0.4392426249999999
0.375,0.8125,0.25,0.33738250000000003,0.7936061249999999,0.47667099999999996
0.375,0.8125,0.3125,0.33216987500000006,0.798549,0.5140993749999999
0.375,0.8125,0.375,0.32695725000000003,0.803491875,0.55152775
0.375,0.8125,0.4375,0.321744625,0.80843475,0.5889561249999999
0.375,0.8125,0.5,0.31653200000000004,0.813377625,0.6263844999999999
0.375,0.8125,0.5625,0.31131937500000006,0.8183205,0.663812875
0.375,0.8125,0.625,0.30610675000000004,0.823263375,0.70124125
0.375,0.8125,0.6875,0.300894125,0.82820625,0.738669625
0.375,0.8125,0.75,0.29568150000000004,0.833149125,0.776098
0.375,0.8125,0.8125,0.29046887500000007,0.838092,0.8135263749999999
0.375,0.8125,0.875,0.28525625000000004,0.843034875,0.85095475
0.375,0.8125,0.9375,0.280043625,0.84797775,0.888383125
0.375,0.8125,1.0,0.27483100000000005,0.852920625,0.9258115
0.375,0.875,0.0,0.35136975000000004,0.8350477500000001,0.3521757499999999
0.375,0.875,0.0625,0.34615712500000007,0.8399906250000001,0.3896041249999999
0.375,0.875,0.125,0.34094450000000004,0.8449335000000001,0.4270324999999999
0.375,0.875,0.1875,0.335731875,0.8498763750000001,0.4644608749999999
0.375,0.875,0.25,0.33051925000000004,0.85481925,0.50188925
0.375,0.875,0.3125,0.32530662500000007,0.859762125,0.5393176249999999
0.375,0.875,0.375,0.32009400000000005,0.8647050000000001,0.576746
0.375,0.875,0.4375,0.314881375,0.8696478750000001,0.6141743749999999
0.375,0.875,0.5,0.30966875000000005,0.8745907500000001,0.6516027499999999
0.375,0.875,0.5625,0.3044561250000001,0.8795336250000001,0.689031125
0.375,0.875,0.625,0.29924350000000005,0.8844765000000001,0.7264595
0.375,0.875,0.6875,0.294030875,0.8894193750000001,0.763887875
0.375,0.875,0.75,0.28881825000000005,0.8943622500000001,0.80131625
0.375,0.875,0.8125,0.2836056250000001,0.899305125,0.8387446249999999
0.375,0.875,0.875,0.27839300000000006,0.904248,0.876173
0.375,0.875,0.9375,0.27318037500000003,0.9091908750000001,0.913601375
0.375,0.875,1.0,0.26796775000000006,0.9141337500000001,0.95102975
0.375,0.9375,0.0,0.34450650000000005,0.8962608750000001,0.3773939999999999
0.375,0.9375,0.0625,0.3392938750000001,0.9012037500000001,0.4148223749999999
0.375,0.9375,0.125,0.33408125000000005,0.9061466250000001,0.4522507499999999
0.375,0.9375,0.1875,0.328868625,0.9110895000000001,0.4896791249999999
0.375,0.9375,0.25,0.32365600000000005,0.9160323750000001,0.5271075
0.375,0.9375,0.3125,0.3184433750000001,0.92097525,0.5645358749999999
0.375,0.9375,0.375,0.31323075000000006,0.925918125,0.60196425
0.375,0.9375,0.4375,0.30801812500000003,0.930861,0.6393926249999999
0.375,0.9375,0.5,0.30280550000000006,0.9358038750000001,0.6768209999999999
0.375,0.9375,0.5625,0.2975928750000001,0.9407467500000001,0.714249375
0.375,0.9375,0.625,0.29238025000000006,0.9456896250000001,0.75167775
0.375,0.9375,0.6875,0.28716762500000004,0.9506325000000001,0.789106125
0.375,0.9375,0.75,0.28195500000000007,0.955575375,0.8265345
0.375,0.9375,0.8125,0.2767423750000001,0.96051825,0.8639628749999999
0.375,0.9375,0.875,0.27152975000000007,0.965461125,0.90139125
0.375,0.9375,0.9375,0.26631712500000004,0.970404,0.938819625
0.375,0.9375,1.0,0.2611045000000001,0.9753468750000001,0.976248
0.375,1.0,0.0,0.33764325000000006,0.957474,0.4026122499999999
0.375,1.0,0.0625,0.3324306250000001,0.9624168750000001,0.4400406249999999
0.375,1.0,0.125,0.32721800000000006,0.9673597500000001,0.4774689999999999
0.375,1.0,0.1875,0.32200537500000004,0.9723026250000001,0.5148973749999999
0.375,1.0,0.25,0.31679275000000007,0.9772455,0.55232575
0.375,1.0,0.3125,0.3115801250000001,0.982188375,0.5897541249999999
0.375,1.0,0.375,0.30636750000000007,0.98713125,0.6271825
0.375,1.0,0.4375,0.30115487500000004,0.992074125,0.6646108749999999
0.375,1.0,0.5,0.2959422500000001,0.997017,0.7020392499999999
0.375,1.0,0.5625,0.2907296250000001,1.001959875,0.739467625
0.375,1.0,0.625,0.2855170000000001,1.00690275,0.776896
0.375,1.0,0.6875,0.28030437500000005,1.011845625,0.814324375
0.375,1.0,0.75,0.2750917500000001,1.0167885,0.85175275
0.375,1.0,0.8125,0.2698791250000001,1.021731375,0.8891811249999999
0.375,1.0,0.875,0.2646665000000001,1.0266742500000001,0.9266095
0.375,1.0,0.9375,0.25945387500000006,1.0316171250000001,0.964037875
0.375,1.0,1.0,0.2542412500000001,1.0365600000000001,1.00146625
0.4375,0.0,0.0,0.522031125,-0.025591999999999983,-0.0010263749999999982
0.4375,0.0,0.0625,0.5168185000000001,-0.020649124999999983,0.03640200000000001
0.4375,0.0,0.125,0.5116058750000001,-0.015706249999999984,0.07383037500000002
0.4375,0.0,0.1875,0.50639325,-0.010763374999999985,0.11125875000000002
0.4375,0.0,0.25,0.501180625,-0.005820499999999985,0.14868712500000003
0.4375,0.0,0.3125,0.4959680000000001,-0.0008776249999999861,0.18611550000000004
0.4375,0.0,0.375,0.49075537500000005,0.004065250000000013,0.22354387500000003
0.4375,0.0,0.4375,0.48554275,0.009008125000000013,0.26097225
0.4375,0.0,0.5,0.48033012500000005,0.013951000000000012,0.29840062500000003
0.4375,0.0,0.5625,0.4751175000000001,0.01889387500000001,0.33582900000000004
0.4375,0.0,0.625,0.46990487500000006,0.02383675000000001,0.37325737500000006
0.4375,0.0,0.6875,0.46469225000000003,0.02877962500000001,0.41068575000000007
0.4375,0.0,0.75,0.45947962500000006,0.03372250000000001,0.44811412500000003
0.4375,0.0,0.8125,0.4542670000000001,0.03866537500000001,0.48554250000000004
0.4375,0.0,0.875,0.44905437500000006,0.04360825000000001,0.5229708750000001
0.4375,0.0,0.9375,0.44384175000000003,0.04855112500000001,0.5603992500000001
0.4375,0.0,1.0,0.43862912500000006,0.05349400000000001,0.5978276250000001
0.4375,0.0625,0.0,0.515167875,0.03562112500000002,0.024191874999999995
0.4375,0.0625,0.0625,0.5099552500000001,0.04056400000000002,0.06162025
0.4375,0.0625,0.125,0.504742625,0.045506875000000016,0.099048625
0.4375,0.0625,0.1875,0.49953000000000003,0.050449750000000015,0.13647700000000001
0.4375,0.0625,0.25,0.49431737500000006,0.055392625000000015,0.17390537500000003
0.4375,0.0625,0.3125,0.4891047500000001,0.060335500000000014,0.21133375000000004
0.4375,0.0625,0.375,0.48389212500000006,0.06527837500000001,0.24876212500000003
0.4375,0.0625,0.4375,0.47867950000000004,0.07022125000000001,0.2861905
0.4375,0.0625,0.5,0.47346687500000006,0.07516412500000001,0.32361887500000003
0.4375,0.0625,0.5625,0.4682542500000001,0.08010700000000001,0.36104725000000004
0.4375,0.0625,0.625,0.46304162500000007,0.08504987500000001,0.39847562500000006
0.4375,0.0625,0.6875,0.45782900000000004,0.08999275000000001,0.43590400000000007
0.4375,0.0625,0.75,0.45261637500000007,0.09493562500000001,0.473332375
0.4375,0.0625,0.8125,0.4474037500000001,0.09987850000000001,0.5107607500000001
0.4375,0.0625,0.875,0.4421911250000001,0.10482137500000001,0.548189125
0.4375,0.0625,0.9375,0.43697850000000005,0.10976425000000001,0.5856175000000001
0.4375,0.0625,1.0,0.4317658750000001,0.11470712500000001,0.6230458750000001
0.4375,0.125,0.0,0.5083046250000001,0.09683425000000001,0.04941012499999999
0.4375,0.125,0.0625,0.5030920000000001,0.10177712500000001,0.0868385
0.4375,0.125,0.125,0.49787937500000007,0.10672000000000001,0.124266875
0.4375,0.125,0.1875,0.49266675000000004,0.11166287500000001,0.16169525
0.4375,0.125,0.25,0.48745412500000007,0.11660575000000001,0.19912362500000003
0.4375,0.125,0.3125,0.4822415000000001,0.12154862500000001,0.23655200000000004
0.4375,0.125,0.375,0.4770288750000001,0.1264915,0.273980375
0.4375,0.125,0.4375,0.47181625000000005,0.131434375,0.31140875
0.4375,0.125,0.5,0.4666036250000001,0.13637725,0.348837125
0.4375,0.125,0.5625,0.4613910000000001,0.14132012500000002,0.38626550000000004
0.4375,0.125,0.625,0.4561783750000001,0.146263,0.42369387500000005
0.4375,0.125,0.6875,0.45096575000000005,0.151205875,0.46112225000000007
0.4375,0.125,0.75,0.4457531250000001,0.15614875,0.498550625
0.4375,0.125,0.8125,0.4405405000000001,0.16109162500000002,0.5359790000000001
0.4375,0.125,0.875,0.4353278750000001,0.1660345,0.573407375
0.4375,0.125,0.9375,0.43011525000000006,0.170977375,0.6108357500000001
0.4375,0.125,1.0,0.4249026250000001,0.17592025,0.6482641250000001
0.4375,0.1875,0.0,0.5014413750000001,0.15804737500000002,0.07462837499999998
0.4375,0.1875,0.0625,0.4962287500000001,0.16299025,0.11205674999999998
0.4375,0.1875,0.125,0.4910161250000001,0.16793312500000002,0.149485125
0.4375,0.1875,0.1875,0.48580350000000005,0.17287600000000003,0.1869135
0.4375,0.1875,0.25,0.4805908750000001,0.17781887500000002,0.22434187500000002
0.4375,0.1875,0.3125,0.4753782500000001,0.18276175,0.26177025000000004
0.4375,0.1875,0.375,0.4701656250000001,0.187704625,0.299198625
0.4375,0.1875,0.4375,0.46495300000000006,0.19264750000000003,0.336627
0.4375,0.1875,0.5,0.4597403750000001,0.197590375,0.374055375
0.4375,0.1875,0.5625,0.4545277500000001,0.20253325,0.41148375000000004
0.4375,0.1875,0.625,0.4493151250000001,0.207476125,0.44891212500000005
0.4375,0.1875,0.6875,0.44410250000000007,0.21241900000000002,0.48634050000000006
0.4375,0.1875,0.75,0.4388898750000001,0.217361875,0.523768875
0.4375,0.1875,0.8125,0.4336772500000001,0.22230475,0.5611972500000001
0.4375,0.1875,0.875,0.4284646250000001,0.227247625,0.598625625
0.4375,0.1875,0.9375,0.4232520000000001,0.23219050000000002,0.6360540000000001
0.4375,0.1875,1.0,0.4180393750000001,0.237133375,0.6734823750000001
0.4375,0.25,0.0,0.49457812500000004,0.21926050000000002,0.09984662499999998
0.4375,0.25,0.0625,0.4893655,0.22420337500000004,0.13727499999999998
0.4375,0.25,0.125,0.48415287500000004,0.22914625000000002,0.174703375
0.4375,0.25,0.1875,0.47894025000000007,0.234089125,0.21213175
0.4375,0.25,0.25,0.47372762500000004,0.23903200000000002,0.24956012500000002
0.4375,0.25,0.3125,0.468515,0.24397487500000004,0.28698850000000004
0.4375,0.25,0.375,0.46330237500000004,0.24891775000000002,0.324416875
0.4375,0.25,0.4375,0.4580897500000001,0.253860625,0.36184525
0.4375,0.25,0.5,0.45287712500000005,0.2588035,0.399273625
0.4375,0.25,0.5625,0.4476645,0.26374637500000003,0.43670200000000003
0.4375,0.25,0.625,0.44245187500000005,0.26868925,0.47413037500000005
0.4375,0.25,0.6875,0.4372392500000001,0.273632125,0.5115587500000001
0.4375,0.25,0.75,0.43202662500000005,0.278575,0.548987125
0.4375,0.25,0.8125,0.426814,0.28351787500000003,0.5864155000000001
0.4375,0.25,0.875,0.42160137500000006,0.28846075000000004,0.623843875
0.4375,0.25,0.9375,0.4163887500000001,0.293403625,0.6612722500000001
0.4375,0.25,1.0,0.41117612500000006,0.2983465,0.6987006250000001
0.4375,0.3125,0.0,0.48771487500000005,0.280473625,0.12506487499999996
0.4375,0.3125,0.0625,0.48250225,0.2854165,0.16249324999999998
0.4375,0.3125,0.125,0.47728962500000005,0.290359375,0.199921625
0.4375,0.3125,0.1875,0.4720770000000001,0.29530225,0.23734999999999998
0.4375,0.3125,0.25,0.46686437500000005,0.300245125,0.274778375
0.4375,0.3125,0.3125,0.46165175,0.305188,0.31220675
0.4375,0.3125,0.375,0.45643912500000006,0.31013087500000003,0.349635125
0.4375,0.3125,0.4375,0.4512265000000001,0.31507375,0.3870635
0.4375,0.3125,0.5,0.44601387500000006,0.320016625,0.424491875
0.4375,0.3125,0.5625,0.44080125000000003,0.3249595,0.46192025000000003
0.4375,0.3125,0.625,0.43558862500000006,0.32990237499999997,0.49934862500000005
0.4375,0.3125,0.6875,0.4303760000000001,0.33484525,0.5367770000000001
0.4375,0.3125,0.75,0.42516337500000007,0.339788125,0.574205375
0.4375,0.3125,0.8125,0.41995075000000004,0.344731,0.61163375
0.4375,0.3125,0.875,0.41473812500000007,0.349673875,0.649062125
0.4375,0.3125,0.9375,0.4095255000000001,0.35461675,0.6864905000000001
0.4375,0.3125,1.0,0.40431287500000007,0.359559625,0.7239188750000001
0.4375,0.375,0.0,0.48085162500000006,0.34168675,0.15028312499999996
0.4375,0.375,0.0625,0.47563900000000003,0.346629625,0.18771149999999998
0.4375,0.375,0.125,0.47042637500000006,0.35157249999999995,0.225139875
0.4375,0.375,0.1875,0.4652137500000001,0.35651537499999997,0.26256824999999995
0.4375,0.375,0.25,0.46000112500000007,0.36145825,0.299996625
0.4375,0.375,0.3125,0.45478850000000004,0.366401125,0.337425
0.4375,0.375,0.375,0.44957587500000007,0.371344,0.374853375
0.4375,0.375,0.4375,0.4443632500000001,0.37628687499999997,0.41228175
0.4375,0.375,0.5,0.43915062500000007,0.38122975,0.449710125
0.4375,0.375,0.5625,0.43393800000000005,0.386172625,0.48713850000000003
0.4375,0.375,0.625,0.4287253750000001,0.39111549999999995,0.5245668750000001
0.4375,0.375,0.6875,0.4235127500000001,0.39605837499999996,0.5619952500000001
0.4375,0.375,0.75,0.4183001250000001,0.40100125,0.599423625
0.4375,0.375,0.8125,0.41308750000000005,0.405944125,0.636852
0.4375,0.375,0.875,0.4078748750000001,0.410887,0.674280375
0.4375,0.375,0.9375,0.4026622500000001,0.41582987499999996,0.7117087500000001
0.4375,0.375,1.0,0.3974496250000001,0.42077275,0.7491371250000001
0.4375,0.4375,0.0,0.4739883750000001,0.402899875,0.17550137499999996
0.4375,0.4375,0.0625,0.46877575000000005,0.40784275000000003,0.21292974999999997
0.4375,0.4375,0.125,0.4635631250000001,0.41278562500000004,0.250358125
0.4375,0.4375,0.1875,0.4583505000000001,0.4177285,0.28778649999999995
0.4375,0.4375,0.25,0.4531378750000001,0.422671375,0.325214875
0.4375,0.4375,0.3125,0.44792525000000005,0.42761425000000003,0.36264325
0.4375,0.4375,0.375,0.4427126250000001,0.432557125,0.400071625
0.4375,0.4375,0.4375,0.4375000000000001,0.4375,0.4375
0.4375,0.4375,0.5,0.4322873750000001,0.442442875,0.474928375
0.4375,0.4375,0.5625,0.42707475000000006,0.44738575,0.51235675
0.4375,0.4375,0.625,0.4218621250000001,0.45232862500000004,0.5497851250000001
0.4375,0.4375,0.6875,0.4166495000000001,0.4572715,0.5872135
0.4375,0.4375,0.75,0.4114368750000001,0.462214375,0.624641875
0.4375,0.4375,0.8125,0.40622425000000006,0.46715725,0.66207025
0.4375,0.4375,0.875,0.4010116250000001,0.472100125,0.699498625
0.4375,0.4375,0.9375,0.3957990000000001,0.477043,0.7369270000000001
0.4375,0.4375,1.0,0.3905863750000001,0.481985875,0.7743553750000001
0.4375,0.5,0.0,0.4671251250000001,0.464113,0.20071962499999996
0.4375,0.5,0.0625,0.46191250000000006,0.469055875,0.23814799999999997
0.4375,0.5,0.125,0.4566998750000001,0.47399875,0.275576375
0.4375,0.5,0.1875,0.4514872500000001,0.478941625,0.31300474999999994
0.4375,0.5,0.25,0.4462746250000001,0.4838845,0.350433125
0.4375,0.5,0.3125,0.44106200000000007,0.488827375,0.38786149999999997
0.4375,0.5,0.375,0.4358493750000001,0.49377024999999997,0.425289875
0.4375,0.5,0.4375,0.4306367500000001,0.498713125,0.46271825
0.4375,0.5,0.5,0.4254241250000001,0.503656,0.500146625
0.4375,0.5,0.5625,0.42021150000000007,0.508598875,0.537575
0.4375,0.5,0.625,0.4149988750000001,0.51354175,0.5750033750000001
0.4375,0.5,0.6875,0.40978625000000013,0.518484625,0.61243175
0.4375,0.5,0.75,0.4045736250000001,0.5234274999999999,0.649860125
0.4375,0.5,0.8125,0.3993610000000001,0.528370375,0.6872885
0.4375,0.5,0.875,0.3941483750000001,0.53331325,0.724716875
0.4375,0.5,0.9375,0.38893575000000014,0.538256125,0.7621452500000001
0.4375,0.5,1.0,0.3837231250000001,0.543199,0.7995736250000001
0.4375,0.5625,0.0,0.4602618750000001,0.5253261250000001,0.22593787499999995
0.4375,0.5625,0.0625,0.45504925000000007,0.5302690000000001,0.26336624999999997
0.4375,0.5625,0.125,0.4498366250000001,0.5352118750000001,0.300794625
0.4375,0.5625,0.1875,0.44462400000000013,0.5401547500000001,0.33822299999999994
0.4375,0.5625,0.25,0.4394113750000001,0.5450976250000001,0.375651375
0.4375,0.5625,0.3125,0.4341987500000001,0.5500405,0.41307974999999997
0.4375,0.5625,0.375,0.4289861250000001,0.5549833750000001,0.450508125
0.4375,0.5625,0.4375,0.42377350000000014,0.5599262500000001,0.4879365
0.4375,0.5625,0.5,0.4185608750000001,0.5648691250000001,0.525364875
0.4375,0.5625,0.5625,0.4133482500000001,0.5698120000000001,0.56279325
0.4375,0.5625,0.625,0.4081356250000001,0.5747548750000001,0.6002216250000001
0.4375,0.5625,0.6875,0.40292300000000014,0.5796977500000001,0.63765
0.4375,0.5625,0.75,0.3977103750000001,0.584640625,0.675078375
0.4375,0.5625,0.8125,0.3924977500000001,0.5895835,0.71250675
0.4375,0.5625,0.875,0.3872851250000001,0.594526375,0.749935125
0.4375,0.5625,0.9375,0.38207250000000015,0.5994692500000001,0.7873635000000001
0.4375,0.5625,1.0,0.3768598750000001,0.6044121250000001,0.8247918750000001
0.4375,0.625,0.0,0.45339862500000006,0.5865392500000001,0.2511561249999999
0.4375,0.625,0.0625,0.4481860000000001,0.5914821250000001,0.2885844999999999
0.4375,0.625,0.125,0.44297337500000006,0.5964250000000001,0.3260128749999999
0.4375,0.625,0.1875,0.43776075000000003,0.6013678750000001,0.36344124999999994
0.4375,0.625,0.25,0.43254812500000006,0.60631075,0.4008696249999999
0.4375,0.625,0.3125,0.4273355000000001,0.611253625,0.43829799999999997
0.4375,0.625,0.375,0.42212287500000006,0.6161965,0.4757263749999999
0.4375,0.625,0.4375,0.41691025000000004,0.621139375,0.51315475
0.4375,0.625,0.5,0.41169762500000007,0.6260822500000001,0.550583125
0.4375,0.625,0.5625,0.4064850000000001,0.6310251250000001,0.5880114999999999
0.4375,0.625,0.625,0.40127237500000007,0.6359680000000001,0.625439875
0.4375,0.625,0.6875,0.39605975000000004,0.6409108750000001,0.66286825
0.4375,0.625,0.75,0.3908471250000001,0.6458537500000001,0.700296625
0.4375,0.625,0.8125,0.3856345000000001,0.650796625,0.737725
0.4375,0.625,0.875,0.3804218750000001,0.6557395,0.7751533749999999
0.4375,0.625,0.9375,0.37520925000000005,0.660682375,0.8125817500000001
0.4375,0.625,1.0,0.3699966250000001,0.6656252500000001,0.8500101250000001
0.4375,0.6875,0.0,0.44653537500000007,0.647752375,0.2763743749999999
0.4375,0.6875,0.0625,0.4413227500000001,0.6526952500000001,0.3138027499999999
0.4375,0.6875,0.125,0.43611012500000007,0.6576381250000001,0.3512311249999999
0.4375,0.6875,0.1875,0.43089750000000004,0.6625810000000001,0.38865949999999994
0.4375,0.6875,0.25,0.4256848750000001,0.6675238750000001,0.4260878749999999
0.4375,0.6875,0.3125,0.4204722500000001,0.67246675,0.46351624999999996
0.4375,0.6875,0.375,0.4152596250000001,0.677409625,0.5009446249999999
0.4375,0.6875,0.4375,0.41004700000000005,0.6823525,0.538373
0.4375,0.6875,0.5,0.4048343750000001,0.687295375,0.575801375
0.4375,0.6875,0.5625,0.3996217500000001,0.69223825,0.6132297499999999
0.4375,0.6875,0.625,0.3944091250000001,0.6971811250000001,0.650658125
0.4375,0.6875,0.6875,0.38919650000000006,0.7021240000000001,0.6880865
0.4375,0.6875,0.75,0.3839838750000001,0.707066875,0.725514875
0.4375,0.6875,0.8125,0.3787712500000001,0.71200975,0.76294325
0.4375,0.6875,0.875,0.3735586250000001,0.716952625,0.8003716249999999
0.4375,0.6875,0.9375,0.36834600000000006,0.7218955,0.8378000000000001
0.4375,0.6875,1.0,0.3631333750000001,0.726838375,0.8752283750000001
0.4375,0.75,0.0,0.4396721250000001,0.7089655,0.3015926249999999
0.4375,0.75,0.0625,0.4344595000000001,0.713908375,0.3390209999999999
0.4375,0.75,0.125,0.4292468750000001,0.71885125,0.3764493749999999
0.4375,0.75,0.1875,0.42403425000000006,0.7237941250000001,0.41387774999999993
0.4375,0.75,0.25,0.4188216250000001,0.728737,0.4513061249999999
0.4375,0.75,0.3125,0.4136090000000001,0.733679875,0.48873449999999996
0.4375,0.75,0.375,0.4083963750000001,0.73862275,0.5261628749999999
0.4375,0.75,0.4375,0.40318375000000006,0.743565625,0.56359125
0.4375,0.75,0.5,0.3979711250000001,0.7485085,0.601019625
0.4375,0.75,0.5625,0.3927585000000001,0.753451375,0.6384479999999999
0.4375,0.75,0.625,0.3875458750000001,0.75839425,0.675876375
0.4375,0.75,0.6875,0.38233325000000007,0.7633371250000001,0.71330475
0.4375,0.75,0.75,0.3771206250000001,0.7682800000000001,0.750733125
0.4375,0.75,0.8125,0.3719080000000001,0.773222875,0.7881615
0.4375,0.75,0.875,0.3666953750000001,0.77816575,0.8255898749999999
0.4375,0.75,0.9375,0.3614827500000001,0.783108625,0.8630182500000001
0.4375,0.75,1.0,0.3562701250000001,0.7880515,0.9004466250000001
0.4375,0.8125,0.0,0.4328088750000001,0.770178625,0.3268108749999999
0.4375,0.8125,0.0625,0.4275962500000001,0.7751215,0.3642392499999999
0.4375,0.8125,0.125,0.4223836250000001,0.780064375,0.4016676249999999
0.4375,0.8125,0.1875,0.41717100000000007,0.78500725,0.43909599999999993
0.4375,0.8125,0.25,0.4119583750000001,0.7899501250000001,0.4765243749999999
0.4375,0.8125,0.3125,0.40674575000000013,0.794893,0.51395275
0.4375,0.8125,0.375,0.4015331250000001,0.799835875,0.5513811249999999
0.4375,0.8125,0.4375,0.3963205000000001,0.80477875,0.5888095
0.4375,0.8125,0.5,0.3911078750000001,0.809721625,0.6262378749999999
0.4375,0.8125,0.5625,0.38589525000000013,0.8146645,0.6636662499999999
0.4375,0.8125,0.625,0.3806826250000001,0.819607375,0.701094625
0.4375,0.8125,0.6875,0.3754700000000001,0.82455025,0.738523
0.4375,0.8125,0.75,0.3702573750000001,0.8294931249999999,0.775951375
0.4375,0.8125,0.8125,0.36504475000000014,0.834436,0.81337975
0.4375,0.8125,0.875,0.3598321250000001,0.839378875,0.8508081249999999
0.4375,0.8125,0.9375,0.3546195000000001,0.84432175,0.8882365000000001
0.4375,0.8125,1.0,0.3494068750000001,0.849264625,0.925664875
0.4375,0.875,0.0,0.4259456250000001,0.8313917500000001,0.3520291249999999
0.4375,0.875,0.0625,0.42073300000000013,0.8363346250000001,0.3894574999999999
0.4375,0.875,0.125,0.4155203750000001,0.8412775000000001,0.4268858749999999
0.4375,0.875,0.1875,0.4103077500000001,0.8462203750000001,0.46431424999999993
0.4375,0.875,0.25,0.4050951250000001,0.8511632500000001,0.5017426249999999
0.4375,0.875,0.3125,0.39988250000000014,0.856106125,0.539171
0.4375,0.875,0.375,0.3946698750000001,0.8610490000000001,0.5765993749999999
0.4375,0.875,0.4375,0.3894572500000001,0.8659918750000001,0.61402775
0.4375,0.875,0.5,0.3842446250000001,0.8709347500000001,0.6514561249999999
0.4375,0.875,0.5625,0.37903200000000015,0.8758776250000001,0.6888844999999999
0.4375,0.875,0.625,0.3738193750000001,0.8808205000000001,0.726312875
0.4375,0.875,0.6875,0.3686067500000001,0.8857633750000001,0.76374125
0.4375,0.875,0.75,0.3633941250000001,0.89070625,0.801169625
0.4375,0.875,0.8125,0.35818150000000015,0.895649125,0.838598
0.4375,0.875,0.875,0.3529688750000001,0.9005920000000001,0.8760263749999999
0.4375,0.875,0.9375,0.3477562500000001,0.9055348750000001,0.9134547500000001
0.4375,0.875,1.0,0.34254362500000013,0.9104777500000001,0.950883125
0.4375,0.9375,0.0,0.4190823750000001,0.8926048750000001,0.3772473749999999
0.4375,0.9375,0.0625,0.41386975000000015,0.8975477500000001,0.4146757499999999
0.4375,0.9375,0.125,0.4086571250000001,0.9024906250000001,0.4521041249999999
0.4375,0.9375,0.1875,0.4034445000000001,0.9074335000000001,0.4895324999999999
0.4375,0.9375,0.25,0.3982318750000001,0.912376375,0.5269608749999999
0.4375,0.9375,0.3125,0.39301925000000015,0.91731925,0.56438925
0.4375,0.9375,0.375,0.3878066250000001,0.922262125,0.6018176249999999
0.4375,0.9375,0.4375,0.3825940000000001,0.9272050000000001,0.639246
0.4375,0.9375,0.5,0.37738137500000013,0.9321478750000001,0.6766743749999999
0.4375,0.9375,0.5625,0.37216875000000016,0.9370907500000001,0.7141027499999999
0.4375,0.9375,0.625,0.36695612500000013,0.9420336250000001,0.751531125
0.4375,0.9375,0.6875,0.3617435000000001,0.9469765000000001,0.7889595
0.4375,0.9375,0.75,0.35653087500000014,0.9519193750000001,0.826387875
0.4375,0.9375,0.8125,0.35131825000000017,0.95686225,0.86381625
0.4375,0.9375,0.875,0.34610562500000014,0.961805125,0.9012446249999999
0.4375,0.9375,0.9375,0.3408930000000001,0.966748,0.9386730000000001
0.4375,0.9375,1.0,0.33568037500000014,0.9716908750000001,0.976101375
0.4375,1.0,0.0,0.41221912500000013,0.953818,0.4024656249999999
0.4375,1.0,0.0625,0.40700650000000016,0.9587608750000001,0.4398939999999999
0.4375,1.0,0.125,0.40179387500000013,0.9637037500000001,0.4773223749999999
0.4375,1.0,0.1875,0.3965812500000001,0.9686466250000001,0.5147507499999999
0.4375,1.0,0.25,0.39136862500000014,0.9735895000000001,0.5521791249999999
0.4375,1.0,0.3125,0.38615600000000017,0.978532375,0.5896075
0.4375,1.0,0.375,0.38094337500000014,0.98347525,0.6270358749999999
0.4375,1.0,0.4375,0.3757307500000001,0.988418125,0.66446425
0.4375,1.0,0.5,0.37051812500000014,0.993361,0.7018926249999999
0.4375,1.0,0.5625,0.36530550000000017,0.9983038750000001,0.7393209999999999
0.4375,1.0,0.625,0.36009287500000015,1.00324675,0.776749375
0.4375,1.0,0.6875,0.3548802500000001,1.008189625,0.81417775
0.4375,1.0,0.75,0.34966762500000015,1.0131325,0.851606125
0.4375,1.0,0.8125,0.3444550000000002,1.018075375,0.8890345
0.4375,1.0,0.875,0.33924237500000015,1.02301825,0.9264628749999999
0.4375,1.0,0.9375,0.3340297500000001,1.027961125,0.9638912500000001
0.4375,1.0,1.0,0.32881712500000015,1.032904,1.001319625
0.5,0.0,0.0,0.596607,-0.029247999999999982,-0.0011729999999999978
0.5,0.0,0.0625,0.591394375,-0.024305124999999983,0.036255375000000006
0.5,0.0,0.125,0.58618175,-0.019362249999999984,0.07368375000000002
0.5,0.0,0.1875,0.580969125,-0.014419374999999984,0.11111212500000002
0.5,0.0,0.25,0.5757565,-0.009476499999999985,0.14854050000000002
0.5,0.0,0.3125,0.570543875,-0.004533624999999986,0.18596887500000003
0.5,0.0,0.375,0.5653312500000001,0.00040925000000001377,0.22339725000000002
0.5,0.0,0.4375,0.560118625,0.005352125000000013,0.26082562500000006
0.5,0.0,0.5,0.554906,0.010295000000000012,0.2982540000000001
0.5,0.0,0.5625,0.549693375,0.015237875000000012,0.3356823750000001
0.5,0.0,0.625,0.54448075,0.02018075000000001,0.3731107500000001
0.5,0.0,0.6875,0.539268125,0.02512362500000001,0.4105391250000001
0.5,0.0,0.75,0.5340555,0.03006650000000001,0.4479675000000001
0.5,0.0,0.8125,0.528842875,0.03500937500000001,0.4853958750000001
0.5,0.0,0.875,0.5236302500000001,0.03995225000000001,0.5228242500000001
0.5,0.0,0.9375,0.518417625,0.04489512500000001,0.5602526250000002
0.5,0.0,1.0,0.513205,0.04983800000000001,0.5976810000000001
0.5,0.0625,0.0,0.58974375,0.03196512500000002,0.024045249999999997
0.5,0.0625,0.0625,0.584531125,0.03690800000000002,0.061473625000000004
0.5,0.0625,0.125,0.5793185000000001,0.04185087500000002,0.09890200000000002
0.5,0.0625,0.1875,0.574105875,0.046793750000000016,0.136330375
0.5,0.0625,0.25,0.56889325,0.051736625000000015,0.17375875000000002
0.5,0.0625,0.3125,0.563680625,0.056679500000000015,0.21118712500000003
0.5,0.0625,0.375,0.558468,0.061622375000000014,0.24861550000000002
0.5,0.0625,0.4375,0.553255375,0.06656525000000002,0.28604387500000006
0.5,0.0625,0.5,0.54804275,0.071508125,0.32347225000000007
0.5,0.0625,0.5625,0.542830125,0.07645100000000002,0.3609006250000001
0.5,0.0625,0.625,0.5376175000000001,0.081393875,0.3983290000000001
0.5,0.0625,0.6875,0.532404875,0.08633675000000002,0.4357573750000001
0.5,0.0625,0.75,0.52719225,0.091279625,0.47318575000000007
0.5,0.0625,0.8125,0.5219796250000001,0.09622250000000002,0.510614125
0.5,0.0625,0.875,0.516767,0.101165375,0.5480425000000001
0.5,0.0625,0.9375,0.511554375,0.10610825000000002,0.5854708750000002
0.5,0.0625,1.0,0.50634175,0.111051125,0.6228992500000001
0.5,0.125,0.0,0.5828805,0.09317825000000002,0.04926349999999999
0.5,0.125,0.0625,0.577667875,0.09812112500000002,0.086691875
0.5,0.125,0.125,0.57245525,0.10306400000000002,0.12412025
0.5,0.125,0.1875,0.567242625,0.10800687500000002,0.161548625
0.5,0.125,0.25,0.56203,0.11294975000000002,0.19897700000000001
0.5,0.125,0.3125,0.5568173750000001,0.11789262500000001,0.23640537500000003
0.5,0.125,0.375,0.5516047500000001,0.12283550000000001,0.27383375
0.5,0.125,0.4375,0.546392125,0.127778375,0.31126212500000006
0.5,0.125,0.5,0.5411795,0.13272125,0.3486905
0.5,0.125,0.5625,0.5359668750000001,0.13766412500000003,0.3861188750000001
0.5,0.125,0.625,0.53075425,0.142607,0.42354725000000004
0.5,0.125,0.6875,0.525541625,0.147549875,0.4609756250000001
0.5,0.125,0.75,0.520329,0.15249275,0.49840400000000007
0.5,0.125,0.8125,0.5151163750000001,0.15743562500000002,0.535832375
0.5,0.125,0.875,0.5099037500000001,0.1623785,0.5732607500000001
0.5,0.125,0.9375,0.504691125,0.167321375,0.6106891250000002
0.5,0.125,1.0,0.49947850000000005,0.17226425,0.6481175000000001
0.5,0.1875,0.0,0.57601725,0.154391375,0.07448174999999999
0.5,0.1875,0.0625,0.5708046250000001,0.15933425,0.111910125
0.5,0.1875,0.125,0.5655920000000001,0.164277125,0.14933849999999999
0.5,0.1875,0.1875,0.560379375,0.16921999999999998,0.186766875
0.5,0.1875,0.25,0.55516675,0.174162875,0.22419525
0.5,0.1875,0.3125,0.5499541250000001,0.17910575,0.261623625
0.5,0.1875,0.375,0.5447415,0.184048625,0.299052
0.5,0.1875,0.4375,0.539528875,0.18899149999999998,0.33648037500000005
0.5,0.1875,0.5,0.53431625,0.193934375,0.37390875
0.5,0.1875,0.5625,0.5291036250000001,0.19887725,0.4113371250000001
0.5,0.1875,0.625,0.5238910000000001,0.203820125,0.44876550000000004
0.5,0.1875,0.6875,0.518678375,0.20876299999999998,0.4861938750000001
0.5,0.1875,0.75,0.51346575,0.213705875,0.5236222500000001
0.5,0.1875,0.8125,0.5082531250000001,0.21864875,0.561050625
0.5,0.1875,0.875,0.5030405,0.223591625,0.5984790000000001
0.5,0.1875,0.9375,0.49782787500000003,0.22853449999999997,0.6359073750000002
0.5,0.1875,1.0,0.49261525000000006,0.233477375,0.6733357500000001
0.5,0.25,0.0,0.569154,0.21560450000000003,0.09969999999999998
0.5,0.25,0.0625,0.5639413750000001,0.22054737500000005,0.137128375
0.5,0.25,0.125,0.55872875,0.22549025000000003,0.17455674999999998
0.5,0.25,0.1875,0.553516125,0.23043312500000002,0.211985125
0.5,0.25,0.25,0.5483035,0.23537600000000003,0.2494135
0.5,0.25,0.3125,0.5430908750000001,0.24031887500000004,0.286841875
0.5,0.25,0.375,0.5378782500000001,0.24526175000000003,0.32427025
0.5,0.25,0.4375,0.532665625,0.250204625,0.36169862500000005
0.5,0.25,0.5,0.5274530000000001,0.2551475,0.399127
0.5,0.25,0.5625,0.5222403750000001,0.26009037500000004,0.4365553750000001
0.5,0.25,0.625,0.51702775,0.26503325,0.47398375000000004
0.5,0.25,0.6875,0.511815125,0.269976125,0.5114121250000001
0.5,0.25,0.75,0.5066025000000001,0.274919,0.5488405000000001
0.5,0.25,0.8125,0.5013898750000001,0.27986187500000004,0.586268875
0.5,0.25,0.875,0.49617725000000007,0.28480475000000005,0.6236972500000001
0.5,0.25,0.9375,0.49096462500000004,0.289747625,0.6611256250000002
0.5,0.25,1.0,0.4857520000000001,0.2946905,0.6985540000000001
0.5,0.3125,0.0,0.5622907500000001,0.276817625,0.12491824999999997
0.5,0.3125,0.0625,0.5570781250000001,0.2817605,0.16234662499999997
0.5,0.3125,0.125,0.5518655000000001,0.286703375,0.19977499999999998
0.5,0.3125,0.1875,0.546652875,0.29164625,0.237203375
0.5,0.3125,0.25,0.5414402500000001,0.296589125,0.27463175
0.5,0.3125,0.3125,0.5362276250000001,0.301532,0.312060125
0.5,0.3125,0.375,0.531015,0.30647487500000004,0.3494885
0.5,0.3125,0.4375,0.525802375,0.31141775,0.386916875
0.5,0.3125,0.5,0.5205897500000001,0.316360625,0.42434525
0.5,0.3125,0.5625,0.5153771250000001,0.3213035,0.461773625
0.5,0.3125,0.625,0.5101645000000001,0.326246375,0.49920200000000003
0.5,0.3125,0.6875,0.504951875,0.33118925,0.5366303750000001
0.5,0.3125,0.75,0.4997392500000001,0.336132125,0.5740587500000001
0.5,0.3125,0.8125,0.4945266250000001,0.341075,0.611487125
0.5,0.3125,0.875,0.4893140000000001,0.34601787500000003,0.6489155000000001
0.5,0.3125,0.9375,0.48410137500000006,0.35096075,0.6863438750000002
0.5,0.3125,1.0,0.4788887500000001,0.355903625,0.7237722500000001
0.5,0.375,0.0,0.5554275,0.33803075,0.15013649999999995
0.5,0.375,0.0625,0.550214875,0.342973625,0.18756487499999996
0.5,0.375,0.125,0.54500225,0.34791649999999996,0.22499324999999998
0.5,0.375,0.1875,0.5397896249999999,0.352859375,0.262421625
0.5,0.375,0.25,0.534577,0.35780225,0.29984999999999995
0.5,0.375,0.3125,0.529364375,0.362745125,0.337278375
0.5,0.375,0.375,0.5241517499999999,0.367688,0.37470675
0.5,0.375,0.4375,0.518939125,0.372630875,0.412135125
0.5,0.375,0.5,0.5137265,0.37757375,0.4495635
0.5,0.375,0.5625,0.508513875,0.382516625,0.486991875
0.5,0.375,0.625,0.50330125,0.38745949999999996,0.52442025
0.5,0.375,0.6875,0.49808862499999995,0.39240237499999997,0.5618486250000001
0.5,0.375,0.75,0.492876,0.39734525,0.5992770000000001
0.5,0.375,0.8125,0.487663375,0.402288125,0.636705375
0.5,0.375,0.875,0.48245075,0.407231,0.67413375
0.5,0.375,0.9375,0.47723812499999996,0.41217387499999997,0.7115621250000002
0.5,0.375,1.0,0.4720255,0.41711675,0.7489905000000001
0.5,0.4375,0.0,0.54856425,0.399243875,0.17535474999999995
0.5,0.4375,0.0625,0.543351625,0.40418675000000004,0.21278312499999996
0.5,0.4375,0.125,0.5381389999999999,0.40912962500000005,0.2502115
0.5,0.4375,0.1875,0.532926375,0.4140725,0.287639875
0.5,0.4375,0.25,0.52771375,0.419015375,0.32506824999999995
0.5,0.4375,0.3125,0.522501125,0.42395825000000004,0.362496625
0.5,0.4375,0.375,0.5172885,0.428901125,0.399925
0.5,0.4375,0.4375,0.512075875,0.433844,0.437353375
0.5,0.4375,0.5,0.50686325,0.438786875,0.47478175
0.5,0.4375,0.5625,0.501650625,0.44372975000000003,0.512210125
0.5,0.4375,0.625,0.496438,0.44867262500000005,0.5496385
0.5,0.4375,0.6875,0.49122537499999996,0.4536155,0.5870668750000001
0.5,0.4375,0.75,0.48601275,0.458558375,0.6244952500000001
0.5,0.4375,0.8125,0.480800125,0.46350125000000003,0.661923625
0.5,0.4375,0.875,0.4755875,0.468444125,0.699352
0.5,0.4375,0.9375,0.47037487499999997,0.473387,0.7367803750000002
0.5,0.4375,1.0,0.46516225,0.478329875,0.7742087500000001
0.5,0.5,0.0,0.541701,0.460457,0.20057299999999995
0.5,0.5,0.0625,0.536488375,0.465399875,0.23800137499999996
0.5,0.5,0.125,0.53127575,0.47034275000000003,0.27542975
0.5,0.5,0.1875,0.526063125,0.475285625,0.312858125
0.5,0.5,0.25,0.5208505,0.4802285,0.35028649999999995
0.5,0.5,0.3125,0.515637875,0.485171375,0.387714875
0.5,0.5,0.375,0.5104252499999999,0.49011425,0.42514325
0.5,0.5,0.4375,0.505212625,0.495057125,0.462571625
0.5,0.5,0.5,0.5,0.5,0.5
0.5,0.5,0.5625,0.49478737500000003,0.504942875,0.537428375
0.5,0.5,0.625,0.48957475,0.50988575,0.57485675
0.5,0.5,0.6875,0.484362125,0.514828625,0.6122851250000001
0.5,0.5,0.75,0.4791495,0.5197715,0.6497135
0.5,0.5,0.8125,0.47393687500000004,0.524714375,0.687141875
0.5,0.5,0.875,0.46872425,0.52965725,0.72457025
0.5,0.5,0.9375,0.463511625,0.534600125,0.7619986250000002
0.5,0.5,1.0,0.458299,0.539543,0.7994270000000001
0.5,0.5625,0.0,0.53483775,0.5216701250000001,0.22579124999999994
0.5,0.5625,0.0625,0.529625125,0.5266130000000001,0.26321962499999996
0.5,0.5625,0.125,0.5244125,0.5315558750000001,0.30064799999999997
0.5,0.5625,0.1875,0.519199875,0.5364987500000001,0.338076375
0.5,0.5625,0.25,0.51398725,0.541441625,0.37550474999999994
0.5,0.5625,0.3125,0.508774625,0.5463845,0.412933125
0.5,0.5625,0.375,0.5035620000000001,0.5513273750000001,0.45036149999999997
0.5,0.5625,0.4375,0.498349375,0.5562702500000001,0.487789875
0.5,0.5625,0.5,0.49313675,0.5612131250000001,0.52521825
0.5,0.5625,0.5625,0.48792412500000004,0.5661560000000001,0.562646625
0.5,0.5625,0.625,0.4827115,0.5710988750000001,0.600075
0.5,0.5625,0.6875,0.477498875,0.5760417500000001,0.6375033750000001
0.5,0.5625,0.75,0.47228625,0.5809846250000001,0.67493175
0.5,0.5625,0.8125,0.46707362500000005,0.5859275,0.712360125
0.5,0.5625,0.875,0.461861,0.5908703750000001,0.7497885
0.5,0.5625,0.9375,0.456648375,0.5958132500000001,0.7872168750000001
0.5,0.5625,1.0,0.45143575,0.6007561250000001,0.8246452500000001
0.5,0.625,0.0,0.5279745,0.5828832500000001,0.25100949999999994
0.5,0.625,0.0625,0.522761875,0.5878261250000001,0.28843787499999995
0.5,0.625,0.125,0.5175492500000001,0.5927690000000001,0.32586624999999997
0.5,0.625,0.1875,0.512336625,0.5977118750000001,0.363294625
0.5,0.625,0.25,0.507124,0.6026547500000001,0.40072299999999994
0.5,0.625,0.3125,0.501911375,0.607597625,0.438151375
0.5,0.625,0.375,0.49669875,0.6125405,0.47557974999999997
0.5,0.625,0.4375,0.491486125,0.6174833750000001,0.513008125
0.5,0.625,0.5,0.4862735,0.6224262500000001,0.5504365
0.5,0.625,0.5625,0.48106087500000005,0.6273691250000001,0.587864875
0.5,0.625,0.625,0.47584825000000003,0.6323120000000001,0.62529325
0.5,0.625,0.6875,0.470635625,0.6372548750000001,0.6627216250000001
0.5,0.625,0.75,0.46542300000000003,0.64219775,0.70015
0.5,0.625,0.8125,0.46021037500000006,0.647140625,0.737578375
0.5,0.625,0.875,0.45499775000000003,0.6520835,0.77500675
0.5,0.625,0.9375,0.449785125,0.657026375,0.8124351250000001
0.5,0.625,1.0,0.44457250000000004,0.6619692500000001,0.8498635000000001
0.5,0.6875,0.0,0.52111125,0.644096375,0.27622774999999994
0.5,0.6875,0.0625,0.515898625,0.6490392500000001,0.31365612499999995
0.5,0.6875,0.125,0.510686,0.6539821250000001,0.35108449999999997
0.5,0.6875,0.1875,0.505473375,0.6589250000000001,0.388512875
0.5,0.6875,0.25,0.50026075,0.663867875,0.42594124999999994
0.5,0.6875,0.3125,0.49504812500000006,0.66881075,0.463369625
0.5,0.6875,0.375,0.48983550000000003,0.673753625,0.500798
0.5,0.6875,0.4375,0.484622875,0.6786965,0.538226375
0.5,0.6875,0.5,0.47941025000000004,0.683639375,0.57565475
0.5,0.6875,0.5625,0.47419762500000007,0.6885822500000001,0.613083125
0.5,0.6875,0.625,0.46898500000000004,0.6935251250000001,0.6505115
0.5,0.6875,0.6875,0.463772375,0.6984680000000001,0.6879398750000001
0.5,0.6875,0.75,0.45855975000000004,0.7034108750000001,0.72536825
0.5,0.6875,0.8125,0.4533471250000001,0.70835375,0.762796625
0.5,0.6875,0.875,0.44813450000000005,0.713296625,0.800225
0.5,0.6875,0.9375,0.442921875,0.7182395,0.8376533750000001
0.5,0.6875,1.0,0.43770925000000005,0.723182375,0.8750817500000001
0.5,0.75,0.0,0.514248,0.7053095,0.30144599999999994
0.5,0.75,0.0625,0.5090353750000001,0.710252375,0.33887437499999995
0.5,0.75,0.125,0.5038227500000001,0.7151952500000001,0.37630274999999996
0.5,0.75,0.1875,0.498610125,0.7201381250000001,0.413731125
0.5,0.75,0.25,0.49339750000000004,0.7250810000000001,0.45115949999999994
0.5,0.75,0.3125,0.4881848750000001,0.730023875,0.488587875
0.5,0.75,0.375,0.48297225000000005,0.73496675,0.52601625
0.5,0.75,0.4375,0.477759625,0.739909625,0.563444625
0.5,0.75,0.5,0.47254700000000005,0.7448525,0.600873
0.5,0.75,0.5625,0.4673343750000001,0.749795375,0.638301375
0.5,0.75,0.625,0.46212175000000005,0.75473825,0.67572975
0.5,0.75,0.6875,0.456909125,0.7596811250000001,0.7131581250000001
0.5,0.75,0.75,0.45169650000000006,0.764624,0.7505865
0.5,0.75,0.8125,0.4464838750000001,0.769566875,0.788014875
0.5,0.75,0.875,0.44127125000000006,0.77450975,0.82544325
0.5,0.75,0.9375,0.43605862500000003,0.779452625,0.8628716250000001
0.5,0.75,1.0,0.43084600000000006,0.7843955,0.9003000000000001
0.5,0.8125,0.0,0.50738475,0.766522625,0.32666424999999993
0.5,0.8125,0.0625,0.5021721250000001,0.7714655,0.36409262499999995
0.5,0.8125,0.125,0.49695950000000005,0.776408375,0.40152099999999996
0.5,0.8125,0.1875,0.491746875,0.78135125,0.438949375
0.5,0.8125,0.25,0.48653425000000006,0.786294125,0.47637774999999993
0.5,0.8125,0.3125,0.4813216250000001,0.791237,0.513806125
0.5,0.8125,0.375,0.47610900000000006,0.796179875,0.5512345
0.5,0.8125,0.4375,0.47089637500000003,0.80112275,0.588662875
0.5,0.8125,0.5,0.46568375000000006,0.806065625,0.62609125
0.5,0.8125,0.5625,0.4604711250000001,0.8110085,0.663519625
0.5,0.8125,0.625,0.45525850000000007,0.815951375,0.700948
0.5,0.8125,0.6875,0.45004587500000004,0.82089425,0.7383763750000001
0.5,0.8125,0.75,0.44483325000000007,0.8258371250000001,0.77580475
0.5,0.8125,0.8125,0.4396206250000001,0.83078,0.813233125
0.5,0.8125,0.875,0.43440800000000007,0.835722875,0.8506615
0.5,0.8125,0.9375,0.42919537500000005,0.84066575,0.8880898750000001
0.5,0.8125,1.0,0.4239827500000001,0.845608625,0.9255182500000001
0.5,0.875,0.0,0.5005215000000001,0.8277357500000001,0.35188249999999993
0.5,0.875,0.0625,0.4953088750000001,0.8326786250000001,0.38931087499999995
0.5,0.875,0.125,0.49009625000000007,0.8376215000000001,0.42673924999999996
0.5,0.875,0.1875,0.48488362500000004,0.8425643750000001,0.464167625
0.5,0.875,0.25,0.47967100000000007,0.84750725,0.5015959999999999
0.5,0.875,0.3125,0.4744583750000001,0.8524501250000001,0.539024375
0.5,0.875,0.375,0.4692457500000001,0.8573930000000001,0.57645275
0.5,0.875,0.4375,0.46403312500000005,0.8623358750000001,0.613881125
0.5,0.875,0.5,0.4588205000000001,0.8672787500000001,0.6513095
0.5,0.875,0.5625,0.4536078750000001,0.8722216250000001,0.6887378749999999
0.5,0.875,0.625,0.4483952500000001,0.8771645000000001,0.72616625
0.5,0.875,0.6875,0.44318262500000005,0.8821073750000001,0.7635946250000001
0.5,0.875,0.75,0.4379700000000001,0.8870502500000002,0.801023
0.5,0.875,0.8125,0.4327573750000001,0.891993125,0.838451375
0.5,0.875,0.875,0.4275447500000001,0.8969360000000001,0.87587975
0.5,0.875,0.9375,0.42233212500000006,0.9018788750000001,0.9133081250000001
0.5,0.875,1.0,0.4171195000000001,0.9068217500000001,0.9507365000000001
0.5,0.9375,0.0,0.4936582500000001,0.8889488750000001,0.37710074999999993
0.5,0.9375,0.0625,0.4884456250000001,0.8938917500000001,0.41452912499999994
0.5,0.9375,0.125,0.4832330000000001,0.8988346250000001,0.45195749999999996
0.5,0.9375,0.1875,0.47802037500000005,0.9037775000000001,0.48938587499999997
0.5,0.9375,0.25,0.4728077500000001,0.9087203750000001,0.5268142499999999
0.5,0.9375,0.3125,0.4675951250000001,0.91366325,0.564242625
0.5,0.9375,0.375,0.4623825000000001,0.918606125,0.601671
0.5,0.9375,0.4375,0.45716987500000006,0.9235490000000001,0.639099375
0.5,0.9375,0.5,0.4519572500000001,0.9284918750000001,0.67652775
0.5,0.9375,0.5625,0.4467446250000001,0.9334347500000001,0.7139561249999999
0.5,0.9375,0.625,0.4415320000000001,0.9383776250000001,0.7513845
0.5,0.9375,0.6875,0.43631937500000006,0.9433205000000001,0.7888128750000001
0.5,0.9375,0.75,0.4311067500000001,0.948263375,0.82624125
0.5,0.9375,0.8125,0.4258941250000001,0.95320625,0.863669625
0.5,0.9375,0.875,0.4206815000000001,0.958149125,0.901098
0.5,0.9375,0.9375,0.41546887500000007,0.9630920000000001,0.9385263750000001
0.5,0.9375,1.0,0.4102562500000001,0.9680348750000001,0.9759547500000001
0.5,1.0,0.0,0.4867950000000001,0.9501620000000001,0.4023189999999999
0.5,1.0,0.0625,0.4815823750000001,0.9551048750000001,0.43974737499999994
0.5,1.0,0.125,0.4763697500000001,0.9600477500000001,0.47717574999999995
0.5,1.0,0.1875,0.47115712500000007,0.9649906250000001,0.514604125
0.5,1.0,0.25,0.4659445000000001,0.9699335,0.5520324999999999
0.5,1.0,0.3125,0.4607318750000001,0.974876375,0.589460875
0.5,1.0,0.375,0.4555192500000001,0.97981925,0.62688925
0.5,1.0,0.4375,0.45030662500000007,0.984762125,0.664317625
0.5,1.0,0.5,0.4450940000000001,0.9897050000000001,0.701746
0.5,1.0,0.5625,0.43988137500000013,0.9946478750000001,0.7391743749999999
0.5,1.0,0.625,0.4346687500000001,0.9995907500000001,0.77660275
0.5,1.0,0.6875,0.4294561250000001,1.004533625,0.8140311250000001
0.5,1.0,0.75,0.4242435000000001,1.0094765,0.8514595
0.5,1.0,0.8125,0.41903087500000014,1.0144193750000001,0.888887875
0.5,1.0,0.875,0.4138182500000001,1.0193622500000001,0.92631625
0.5,1.0,0.9375,0.4086056250000001,1.0243051250000001,0.9637446250000001
0.5,1.0,1.0,0.4033930000000001,1.029248,1.001173
0.5625,0.0,0.0,0.671182875,-0.03290399999999998,-0.0013196249999999974
0.5625,0.0,0.0625,0.66597025,-0.027961124999999983,0.03610875000000001
0.5625,0.0,0.125,0.660757625,-0.023018249999999983,0.07353712500000002
0.5625,0.0,0.1875,0.6555449999999999,-0.018075374999999984,0.11096550000000002
0.5625,0.0,0.25,0.650332375,-0.013132499999999984,0.14839387500000004
0.5625,0.0,0.3125,0.64511975,-0.008189624999999985,0.18582225000000005
0.5625,0.0,0.375,0.6399071249999999,-0.0032467499999999858,0.22325062500000004
0.5625,0.0,0.4375,0.6346944999999999,0.0016961250000000136,0.26067900000000005
0.5625,0.0,0.5,0.629481875,0.006639000000000013,0.29810737500000006
0.5625,0.0,0.5625,0.62426925,0.011581875000000012,0.3355357500000001
0.5625,0.0,0.625,0.619056625,0.01652475000000001,0.3729641250000001
0.5625,0.0,0.6875,0.613844,0.02146762500000001,0.4103925000000001
0.5625,0.0,0.75,0.608631375,0.02641050000000001,0.44782087500000006
0.5625,0.0,0.8125,0.60341875,0.03135337500000001,0.4852492500000001
0.5625,0.0,0.875,0.5982061249999999,0.03629625000000001,0.522677625
0.5625,0.0,0.9375,0.5929935,0.04123912500000001,0.5601060000000001
0.5625,0.0,1.0,0.587780875,0.04618200000000001,0.5975343750000001
0.5625,0.0625,0.0,0.664319625,0.02830912500000002,0.023898624999999996
0.5625,0.0625,0.0625,0.659107,0.03325200000000002,0.061327000000000007
0.5625,0.0625,0.125,0.6538943749999999,0.03819487500000002,0.098755375
0.5625,0.0625,0.1875,0.64868175,0.043137750000000016,0.13618375000000002
0.5625,0.0625,0.25,0.643469125,0.048080625000000016,0.17361212500000003
0.5625,0.0625,0.3125,0.6382565,0.053023500000000015,0.21104050000000005
0.5625,0.0625,0.375,0.633043875,0.057966375000000014,0.24846887500000003
0.5625,0.0625,0.4375,0.62783125,0.06290925000000001,0.28589725000000005
0.5625,0.0625,0.5,0.622618625,0.06785212500000001,0.32332562500000006
0.5625,0.0625,0.5625,0.617406,0.07279500000000001,0.3607540000000001
0.5625,0.0625,0.625,0.6121933749999999,0.07773787500000001,0.3981823750000001
0.5625,0.0625,0.6875,0.60698075,0.08268075000000001,0.4356107500000001
0.5625,0.0625,0.75,0.601768125,0.08762362500000001,0.47303912500000006
0.5625,0.0625,0.8125,0.5965555,0.09256650000000001,0.5104675000000001
0.5625,0.0625,0.875,0.591342875,0.09750937500000001,0.547895875
0.5625,0.0625,0.9375,0.58613025,0.10245225000000001,0.5853242500000001
0.5625,0.0625,1.0,0.580917625,0.10739512500000001,0.6227526250000001
0.5625,0.125,0.0,0.657456375,0.08952225000000003,0.04911687499999999
0.5625,0.125,0.0625,0.65224375,0.09446512500000002,0.08654524999999999
0.5625,0.125,0.125,0.647031125,0.09940800000000002,0.123973625
0.5625,0.125,0.1875,0.6418185,0.10435087500000002,0.161402
0.5625,0.125,0.25,0.636605875,0.10929375000000002,0.198830375
0.5625,0.125,0.3125,0.63139325,0.11423662500000002,0.23625875000000002
0.5625,0.125,0.375,0.6261806249999999,0.11917950000000002,0.27368712500000003
0.5625,0.125,0.4375,0.620968,0.12412237500000002,0.31111550000000004
0.5625,0.125,0.5,0.615755375,0.12906525000000002,0.34854387500000006
0.5625,0.125,0.5625,0.61054275,0.13400812500000003,0.38597225000000007
0.5625,0.125,0.625,0.605330125,0.13895100000000002,0.4234006250000001
0.5625,0.125,0.6875,0.6001175,0.143893875,0.4608290000000001
0.5625,0.125,0.75,0.594904875,0.14883675000000002,0.49825737500000006
0.5625,0.125,0.8125,0.58969225,0.15377962500000003,0.5356857500000001
0.5625,0.125,0.875,0.584479625,0.15872250000000002,0.573114125
0.5625,0.125,0.9375,0.579267,0.163665375,0.6105425000000001
0.5625,0.125,1.0,0.574054375,0.16860825000000002,0.6479708750000001
0.5625,0.1875,0.0,0.650593125,0.150735375,0.07433512499999999
0.5625,0.1875,0.0625,0.6453805,0.15567825000000002,0.11176349999999999
0.5625,0.1875,0.125,0.6401678749999999,0.160621125,0.149191875
0.5625,0.1875,0.1875,0.63495525,0.165564,0.18662025
0.5625,0.1875,0.25,0.629742625,0.170506875,0.224048625
0.5625,0.1875,0.3125,0.62453,0.17544975000000002,0.261477
0.5625,0.1875,0.375,0.6193173750000001,0.180392625,0.29890537500000003
0.5625,0.1875,0.4375,0.61410475,0.1853355,0.33633375000000004
0.5625,0.1875,0.5,0.608892125,0.190278375,0.37376212500000006
0.5625,0.1875,0.5625,0.6036795,0.19522125,0.41119050000000007
0.5625,0.1875,0.625,0.598466875,0.200164125,0.4486188750000001
0.5625,0.1875,0.6875,0.59325425,0.20510699999999998,0.4860472500000001
0.5625,0.1875,0.75,0.588041625,0.210049875,0.523475625
0.5625,0.1875,0.8125,0.582829,0.21499275,0.5609040000000001
0.5625,0.1875,0.875,0.5776163750000001,0.219935625,0.598332375
0.5625,0.1875,0.9375,0.57240375,0.22487849999999998,0.6357607500000001
0.5625,0.1875,1.0,0.567191125,0.229821375,0.673189125
0.5625,0.25,0.0,0.643729875,0.2119485,0.09955337499999999
0.5625,0.25,0.0625,0.63851725,0.216891375,0.13698174999999999
0.5625,0.25,0.125,0.6333046250000001,0.22183425,0.174410125
0.5625,0.25,0.1875,0.628092,0.22677712500000002,0.21183849999999999
0.5625,0.25,0.25,0.622879375,0.23172,0.249266875
0.5625,0.25,0.3125,0.61766675,0.236662875,0.28669525
0.5625,0.25,0.375,0.612454125,0.24160575,0.324123625
0.5625,0.25,0.4375,0.6072415,0.24654862500000002,0.36155200000000004
0.5625,0.25,0.5,0.602028875,0.2514915,0.39898037500000005
0.5625,0.25,0.5625,0.59681625,0.256434375,0.43640875000000007
0.5625,0.25,0.625,0.5916036250000001,0.26137725,0.4738371250000001
0.5625,0.25,0.6875,0.586391,0.266320125,0.5112655
0.5625,0.25,0.75,0.581178375,0.27126300000000003,0.548693875
0.5625,0.25,0.8125,0.57596575,0.276205875,0.5861222500000001
0.5625,0.25,0.875,0.570753125,0.28114875,0.623550625
0.5625,0.25,0.9375,0.5655405,0.286091625,0.6609790000000001
0.5625,0.25,1.0,0.560327875,0.2910345,0.698407375
0.5625,0.3125,0.0,0.636866625,0.273161625,0.12477162499999997
0.5625,0.3125,0.0625,0.631654,0.27810450000000003,0.16219999999999998
0.5625,0.3125,0.125,0.626441375,0.283047375,0.19962837499999997
0.5625,0.3125,0.1875,0.62122875,0.28799025,0.23705674999999998
0.5625,0.3125,0.25,0.616016125,0.292933125,0.274485125
0.5625,0.3125,0.3125,0.6108035,0.29787600000000003,0.3119135
0.5625,0.3125,0.375,0.6055908750000001,0.30281887500000004,0.349341875
0.5625,0.3125,0.4375,0.60037825,0.30776175,0.38677025
0.5625,0.3125,0.5,0.595165625,0.312704625,0.42419862500000005
0.5625,0.3125,0.5625,0.5899530000000001,0.3176475,0.461627
0.5625,0.3125,0.625,0.584740375,0.322590375,0.4990553750000001
0.5625,0.3125,0.6875,0.57952775,0.32753325,0.53648375
0.5625,0.3125,0.75,0.574315125,0.332476125,0.573912125
0.5625,0.3125,0.8125,0.5691025000000001,0.337419,0.6113405000000001
0.5625,0.3125,0.875,0.5638898750000001,0.34236187500000004,0.648768875
0.5625,0.3125,0.9375,0.55867725,0.34730475,0.6861972500000001
0.5625,0.3125,1.0,0.553464625,0.352247625,0.723625625
0.5625,0.375,0.0,0.630003375,0.33437475,0.14998987499999997
0.5625,0.375,0.0625,0.6247907500000001,0.339317625,0.18741824999999998
0.5625,0.375,0.125,0.6195781250000001,0.34426049999999997,0.22484662499999997
0.5625,0.375,0.1875,0.6143655,0.349203375,0.262275
0.5625,0.375,0.25,0.609152875,0.35414625,0.299703375
0.5625,0.375,0.3125,0.6039402500000001,0.359089125,0.33713175
0.5625,0.375,0.375,0.598727625,0.364032,0.374560125
0.5625,0.375,0.4375,0.593515,0.368974875,0.4119885
0.5625,0.375,0.5,0.588302375,0.37391775,0.44941687500000005
0.5625,0.375,0.5625,0.5830897500000001,0.378860625,0.48684525
0.5625,0.375,0.625,0.5778771250000001,0.38380349999999996,0.5242736250000001
0.5625,0.375,0.6875,0.5726645,0.388746375,0.561702
0.5625,0.375,0.75,0.567451875,0.39368925,0.599130375
0.5625,0.375,0.8125,0.5622392500000001,0.398632125,0.6365587500000001
0.5625,0.375,0.875,0.557026625,0.403575,0.673987125
0.5625,0.375,0.9375,0.551814,0.408517875,0.7114155000000001
0.5625,0.375,1.0,0.5466013750000001,0.41346075,0.748843875
0.5625,0.4375,0.0,0.6231401249999999,0.39558787500000003,0.17520812499999996
0.5625,0.4375,0.0625,0.6179275,0.40053075000000005,0.21263649999999998
0.5625,0.4375,0.125,0.612714875,0.40547362500000006,0.25006487499999996
0.5625,0.4375,0.1875,0.6075022499999999,0.4104165,0.28749325
0.5625,0.4375,0.25,0.6022896249999999,0.41535937500000003,0.324921625
0.5625,0.4375,0.3125,0.597077,0.42030225000000004,0.36235
0.5625,0.4375,0.375,0.5918643749999999,0.425245125,0.399778375
0.5625,0.4375,0.4375,0.5866517499999999,0.430188,0.43720675
0.5625,0.4375,0.5,0.581439125,0.43513087500000003,0.47463512500000005
0.5625,0.4375,0.5625,0.5762265,0.44007375000000004,0.5120635
0.5625,0.4375,0.625,0.571013875,0.44501662500000005,0.5494918750000001
0.5625,0.4375,0.6875,0.5658012499999999,0.4499595,0.58692025
0.5625,0.4375,0.75,0.560588625,0.454902375,0.624348625
0.5625,0.4375,0.8125,0.555376,0.45984525000000004,0.6617770000000001
0.5625,0.4375,0.875,0.5501633749999999,0.464788125,0.699205375
0.5625,0.4375,0.9375,0.5449507499999999,0.469731,0.7366337500000001
0.5625,0.4375,1.0,0.539738125,0.474673875,0.774062125
0.5625,0.5,0.0,0.616276875,0.456801,0.20042637499999996
0.5625,0.5,0.0625,0.61106425,0.461743875,0.23785474999999998
0.5625,0.5,0.125,0.6058516249999999,0.46668675000000004,0.27528312499999996
0.5625,0.5,0.1875,0.6006389999999999,0.471629625,0.3127115
0.5625,0.5,0.25,0.595426375,0.4765725,0.350139875
0.5625,0.5,0.3125,0.59021375,0.481515375,0.38756825
0.5625,0.5,0.375,0.585001125,0.48645825,0.424996625
0.5625,0.5,0.4375,0.5797884999999999,0.491401125,0.462425
0.5625,0.5,0.5,0.574575875,0.496344,0.49985337500000004
0.5625,0.5,0.5625,0.56936325,0.501286875,0.53728175
0.5625,0.5,0.625,0.5641506249999999,0.50622975,0.5747101250000001
0.5625,0.5,0.6875,0.5589379999999999,0.511172625,0.6121385
0.5625,0.5,0.75,0.553725375,0.5161155,0.649566875
0.5625,0.5,0.8125,0.54851275,0.521058375,0.6869952500000001
0.5625,0.5,0.875,0.543300125,0.52600125,0.724423625
0.5625,0.5,0.9375,0.5380874999999999,0.530944125,0.7618520000000001
0.5625,0.5,1.0,0.532874875,0.535887,0.799280375
0.5625,0.5625,0.0,0.609413625,0.5180141250000001,0.22564462499999996
0.5625,0.5625,0.0625,0.604201,0.5229570000000001,0.26307299999999995
0.5625,0.5625,0.125,0.598988375,0.5278998750000001,0.30050137499999996
0.5625,0.5625,0.1875,0.5937757499999999,0.5328427500000001,0.33792975
0.5625,0.5625,0.25,0.588563125,0.5377856250000002,0.375358125
0.5625,0.5625,0.3125,0.5833505,0.5427285000000001,0.4127865
0.5625,0.5625,0.375,0.5781378749999999,0.5476713750000001,0.450214875
0.5625,0.5625,0.4375,0.5729252499999999,0.5526142500000001,0.48764325
0.5625,0.5625,0.5,0.567712625,0.5575571250000001,0.525071625
0.5625,0.5625,0.5625,0.5625,0.5625000000000001,0.5625
0.5625,0.5625,0.625,0.557287375,0.5674428750000001,0.5999283750000001
0.5625,0.5625,0.6875,0.55207475,0.5723857500000001,0.63735675
0.5625,0.5625,0.75,0.546862125,0.577328625,0.674785125
0.5625,0.5625,0.8125,0.5416495,0.5822715,0.7122135
0.5625,0.5625,0.875,0.5364368749999999,0.5872143750000001,0.749641875
0.5625,0.5625,0.9375,0.53122425,0.5921572500000001,0.7870702500000001
0.5625,0.5625,1.0,0.526011625,0.5971001250000001,0.824498625
0.5625,0.625,0.0,0.602550375,0.5792272500000001,0.25086287499999993
0.5625,0.625,0.0625,0.59733775,0.5841701250000001,0.28829124999999994
0.5625,0.625,0.125,0.5921251249999999,0.5891130000000001,0.32571962499999996
0.5625,0.625,0.1875,0.5869125,0.5940558750000001,0.3631479999999999
0.5625,0.625,0.25,0.581699875,0.59899875,0.400576375
0.5625,0.625,0.3125,0.57648725,0.603941625,0.43800474999999994
0.5625,0.625,0.375,0.571274625,0.6088845,0.47543312499999996
0.5625,0.625,0.4375,0.566062,0.6138273750000001,0.5128615
0.5625,0.625,0.5,0.560849375,0.6187702500000001,0.550289875
0.5625,0.625,0.5625,0.55563675,0.6237131250000001,0.58771825
0.5625,0.625,0.625,0.5504241249999999,0.6286560000000001,0.625146625
0.5625,0.625,0.6875,0.5452115,0.6335988750000001,0.662575
0.5625,0.625,0.75,0.539998875,0.6385417500000001,0.700003375
0.5625,0.625,0.8125,0.53478625,0.643484625,0.73743175
0.5625,0.625,0.875,0.529573625,0.6484275,0.774860125
0.5625,0.625,0.9375,0.524361,0.6533703750000001,0.8122885000000001
0.5625,0.625,1.0,0.519148375,0.6583132500000001,0.849716875
0.5625,0.6875,0.0,0.595687125,0.6404403750000001,0.2760811249999999
0.5625,0.6875,0.0625,0.5904745,0.6453832500000001,0.31350949999999994
0.5625,0.6875,0.125,0.585261875,0.6503261250000001,0.35093787499999995
0.5625,0.6875,0.1875,0.58004925,0.6552690000000001,0.3883662499999999
0.5625,0.6875,0.25,0.574836625,0.6602118750000001,0.425794625
0.5625,0.6875,0.3125,0.569624,0.66515475,0.46322299999999994
0.5625,0.6875,0.375,0.5644113749999999,0.670097625,0.5006513749999999
0.5625,0.6875,0.4375,0.55919875,0.6750405,0.53807975
0.5625,0.6875,0.5,0.553986125,0.6799833750000001,0.575508125
0.5625,0.6875,0.5625,0.5487735,0.6849262500000001,0.6129365
0.5625,0.6875,0.625,0.543560875,0.6898691250000001,0.650364875
0.5625,0.6875,0.6875,0.53834825,0.6948120000000001,0.68779325
0.5625,0.6875,0.75,0.533135625,0.699754875,0.725221625
0.5625,0.6875,0.8125,0.527923,0.70469775,0.76265
0.5625,0.6875,0.875,0.522710375,0.709640625,0.800078375
0.5625,0.6875,0.9375,0.51749775,0.7145835,0.8375067500000001
0.5625,0.6875,1.0,0.512285125,0.719526375,0.874935125
0.5625,0.75,0.0,0.588823875,0.7016535,0.3012993749999999
0.5625,0.75,0.0625,0.58361125,0.706596375,0.33872774999999994
0.5625,0.75,0.125,0.5783986249999999,0.7115392500000001,0.37615612499999995
0.5625,0.75,0.1875,0.573186,0.7164821250000001,0.4135844999999999
0.5625,0.75,0.25,0.567973375,0.721425,0.451012875
0.5625,0.75,0.3125,0.56276075,0.726367875,0.48844124999999994
0.5625,0.75,0.375,0.5575481250000001,0.73131075,0.5258696249999999
0.5625,0.75,0.4375,0.5523355,0.736253625,0.563298
0.5625,0.75,0.5,0.547122875,0.7411965,0.600726375
0.5625,0.75,0.5625,0.54191025,0.746139375,0.63815475
0.5625,0.75,0.625,0.536697625,0.7510822500000001,0.675583125
0.5625,0.75,0.6875,0.531485,0.7560251250000001,0.7130115
0.5625,0.75,0.75,0.526272375,0.7609680000000001,0.750439875
0.5625,0.75,0.8125,0.52105975,0.765910875,0.78786825
0.5625,0.75,0.875,0.5158471250000001,0.77085375,0.825296625
0.5625,0.75,0.9375,0.5106345,0.775796625,0.8627250000000001
0.5625,0.75,1.0,0.505421875,0.7807395,0.900153375
0.5625,0.8125,0.0,0.581960625,0.762866625,0.3265176249999999
0.5625,0.8125,0.0625,0.576748,0.7678095,0.36394599999999994
0.5625,0.8125,0.125,0.5715353750000001,0.772752375,0.40137437499999995
0.5625,0.8125,0.1875,0.56632275,0.7776952500000001,0.4388027499999999
0.5625,0.8125,0.25,0.561110125,0.7826381250000001,0.476231125
0.5625,0.8125,0.3125,0.5558975,0.787581,0.5136594999999999
0.5625,0.8125,0.375,0.550684875,0.792523875,0.5510878749999999
0.5625,0.8125,0.4375,0.54547225,0.79746675,0.58851625
0.5625,0.8125,0.5,0.540259625,0.802409625,0.625944625
0.5625,0.8125,0.5625,0.535047,0.8073525,0.663373
0.5625,0.8125,0.625,0.5298343750000001,0.812295375,0.700801375
0.5625,0.8125,0.6875,0.52462175,0.81723825,0.73822975
0.5625,0.8125,0.75,0.519409125,0.822181125,0.775658125
0.5625,0.8125,0.8125,0.5141965000000001,0.827124,0.8130865
0.5625,0.8125,0.875,0.508983875,0.832066875,0.850514875
0.5625,0.8125,0.9375,0.50377125,0.83700975,0.8879432500000001
0.5625,0.8125,1.0,0.49855862500000003,0.841952625,0.925371625
0.5625,0.875,0.0,0.575097375,0.8240797500000001,0.3517358749999999
0.5625,0.875,0.0625,0.56988475,0.8290226250000001,0.38916424999999993
0.5625,0.875,0.125,0.564672125,0.8339655000000001,0.42659262499999995
0.5625,0.875,0.1875,0.5594595,0.8389083750000002,0.4640209999999999
0.5625,0.875,0.25,0.554246875,0.8438512500000002,0.501449375
0.5625,0.875,0.3125,0.5490342500000001,0.8487941250000001,0.5388777499999999
0.5625,0.875,0.375,0.5438216250000001,0.8537370000000001,0.5763061249999999
0.5625,0.875,0.4375,0.538609,0.8586798750000001,0.6137345
0.5625,0.875,0.5,0.533396375,0.8636227500000001,0.651162875
0.5625,0.875,0.5625,0.5281837500000001,0.8685656250000001,0.68859125
0.5625,0.875,0.625,0.522971125,0.8735085000000001,0.726019625
0.5625,0.875,0.6875,0.5177585,0.8784513750000001,0.763448
0.5625,0.875,0.75,0.512545875,0.88339425,0.800876375
0.5625,0.875,0.8125,0.5073332500000001,0.8883371250000001,0.83830475
0.5625,0.875,0.875,0.5021206250000001,0.8932800000000001,0.875733125
0.5625,0.875,0.9375,0.496908,0.8982228750000001,0.9131615000000001
0.5625,0.875,1.0,0.49169537500000005,0.9031657500000001,0.950589875
0.5625,0.9375,0.0,0.568234125,0.8852928750000001,0.3769541249999999
0.5625,0.9375,0.0625,0.5630215000000001,0.8902357500000001,0.41438249999999993
0.5625,0.9375,0.125,0.5578088750000001,0.8951786250000001,0.45181087499999995
0.5625,0.9375,0.1875,0.55259625,0.9001215000000001,0.4892392499999999
0.5625,0.9375,0.25,0.547383625,0.905064375,0.526667625
0.5625,0.9375,0.3125,0.5421710000000001,0.91000725,0.5640959999999999
0.5625,0.9375,0.375,0.536958375,0.9149501250000001,0.6015243749999999
0.5625,0.9375,0.4375,0.53174575,0.9198930000000001,0.63895275
0.5625,0.9375,0.5,0.526533125,0.9248358750000001,0.676381125
0.5625,0.9375,0.5625,0.5213205000000001,0.9297787500000001,0.7138095
0.5625,0.9375,0.625,0.5161078750000001,0.9347216250000001,0.7512378749999999
0.5625,0.9375,0.6875,0.51089525,0.9396645000000001,0.78866625
0.5625,0.9375,0.75,0.505682625,0.9446073750000001,0.826094625
0.5625,0.9375,0.8125,0.5004700000000001,0.94955025,0.863523
0.5625,0.9375,0.875,0.49525737500000006,0.954493125,0.900951375
0.5625,0.9375,0.9375,0.49004475000000003,0.9594360000000001,0.9383797500000001
0.5625,0.9375,1.0,0.48483212500000006,0.9643788750000001,0.975808125
0.5625,1.0,0.0,0.561370875,0.9465060000000001,0.4021723749999999
0.5625,1.0,0.0625,0.5561582500000001,0.9514488750000001,0.43960074999999993
0.5625,1.0,0.125,0.550945625,0.9563917500000001,0.47702912499999994
0.5625,1.0,0.1875,0.545733,0.9613346250000001,0.5144574999999999
0.5625,1.0,0.25,0.540520375,0.9662775000000001,0.551885875
0.5625,1.0,0.3125,0.5353077500000001,0.971220375,0.5893142499999999
0.5625,1.0,0.375,0.5300951250000001,0.97616325,0.6267426249999999
0.5625,1.0,0.4375,0.5248825,0.981106125,0.664171
0.5625,1.0,0.5,0.5196698750000001,0.9860490000000001,0.701599375
0.5625,1.0,0.5625,0.5144572500000001,0.9909918750000001,0.73902775
0.5625,1.0,0.625,0.509244625,0.9959347500000001,0.7764561249999999
0.5625,1.0,0.6875,0.504032,1.000877625,0.8138845
0.5625,1.0,0.75,0.49881937500000006,1.0058205,0.851312875
0.5625,1.0,0.8125,0.4936067500000001,1.010763375,0.88874125
0.5625,1.0,0.875,0.48839412500000007,1.01570625,0.926169625
0.5625,1.0,0.9375,0.48318150000000004,1.020649125,0.9635980000000001
0.5625,1.0,1.0,0.47796887500000007,1.025592,1.001026375
0.625,0.0,0.0,0.74575875,-0.03655999999999998,-0.0014662499999999973
0.625,0.0,0.0625,0.740546125,-0.03161712499999998,0.03596212500000001
0.625,0.0,0.125,0.7353335000000001,-0.026674249999999983,0.07339050000000001
0.625,0.0,0.1875,0.730120875,-0.021731374999999983,0.11081887500000001
0.625,0.0,0.25,0.72490825,-0.016788499999999984,0.14824725000000002
0.625,0.0,0.3125,0.7196956250000001,-0.011845624999999985,0.18567562500000004
0.625,0.0,0.375,0.714483,-0.006902749999999985,0.22310400000000002
0.625,0.0,0.4375,0.709270375,-0.001959874999999986,0.26053237500000004
0.625,0.0,0.5,0.70405775,0.0029830000000000134,0.29796075000000005
0.625,0.0,0.5625,0.6988451250000001,0.007925875000000013,0.33538912500000007
0.625,0.0,0.625,0.6936325000000001,0.012868750000000012,0.3728175000000001
0.625,0.0,0.6875,0.688419875,0.01781162500000001,0.4102458750000001
0.625,0.0,0.75,0.68320725,0.02275450000000001,0.44767425000000005
0.625,0.0,0.8125,0.6779946250000001,0.02769737500000001,0.48510262500000007
0.625,0.0,0.875,0.672782,0.03264025000000001,0.5225310000000001
0.625,0.0,0.9375,0.667569375,0.03758312500000001,0.5599593750000001
0.625,0.0,1.0,0.66235675,0.04252600000000001,0.5973877500000001
0.625,0.0625,0.0,0.7388955,0.02465312500000002,0.023751999999999995
0.625,0.0625,0.0625,0.7336828750000001,0.029596000000000018,0.061180375
0.625,0.0625,0.125,0.72847025,0.03453887500000002,0.09860875000000001
0.625,0.0625,0.1875,0.723257625,0.03948175000000002,0.136037125
0.625,0.0625,0.25,0.718045,0.044424625000000016,0.17346550000000002
0.625,0.0625,0.3125,0.7128323750000001,0.049367500000000016,0.21089387500000004
0.625,0.0625,0.375,0.7076197500000001,0.054310375000000015,0.24832225000000002
0.625,0.0625,0.4375,0.702407125,0.059253250000000014,0.28575062500000004
0.625,0.0625,0.5,0.6971945,0.06419612500000002,0.32317900000000005
0.625,0.0625,0.5625,0.6919818750000001,0.069139,0.36060737500000006
0.625,0.0625,0.625,0.68676925,0.07408187500000002,0.3980357500000001
0.625,0.0625,0.6875,0.681556625,0.07902475,0.4354641250000001
0.625,0.0625,0.75,0.6763440000000001,0.08396762500000002,0.47289250000000005
0.625,0.0625,0.8125,0.6711313750000001,0.0889105,0.5103208750000001
0.625,0.0625,0.875,0.6659187500000001,0.09385337500000002,0.5477492500000001
0.625,0.0625,0.9375,0.660706125,0.09879625,0.5851776250000001
0.625,0.0625,1.0,0.6554935000000001,0.10373912500000002,0.6226060000000001
0.625,0.125,0.0,0.73203225,0.08586625000000002,0.04897024999999999
0.625,0.125,0.0625,0.7268196250000001,0.09080912500000002,0.086398625
0.625,0.125,0.125,0.7216070000000001,0.09575200000000002,0.123827
0.625,0.125,0.1875,0.716394375,0.10069487500000002,0.161255375
0.625,0.125,0.25,0.7111817500000001,0.10563775000000002,0.19868375000000002
0.625,0.125,0.3125,0.7059691250000001,0.11058062500000002,0.23611212500000003
0.625,0.125,0.375,0.7007565,0.11552350000000002,0.2735405
0.625,0.125,0.4375,0.695543875,0.12046637500000001,0.31096887500000003
0.625,0.125,0.5,0.6903312500000001,0.12540925000000003,0.34839725000000005
0.625,0.125,0.5625,0.6851186250000001,0.130352125,0.38582562500000006
0.625,0.125,0.625,0.6799060000000001,0.135295,0.4232540000000001
0.625,0.125,0.6875,0.674693375,0.140237875,0.4606823750000001
0.625,0.125,0.75,0.6694807500000001,0.14518075000000003,0.49811075000000005
0.625,0.125,0.8125,0.6642681250000001,0.150123625,0.5355391250000001
0.625,0.125,0.875,0.6590555,0.1550665,0.5729675000000001
0.625,0.125,0.9375,0.653842875,0.160009375,0.6103958750000001
0.625,0.125,1.0,0.6486302500000001,0.16495225000000002,0.6478242500000001
0.625,0.1875,0.0,0.7251690000000001,0.147079375,0.07418849999999998
0.625,0.1875,0.0625,0.7199563750000001,0.15202225000000003,0.11161687499999998
0.625,0.1875,0.125,0.71474375,0.156965125,0.14904525
0.625,0.1875,0.1875,0.709531125,0.161908,0.18647362499999998
0.625,0.1875,0.25,0.7043185000000001,0.166850875,0.223902
0.625,0.1875,0.3125,0.6991058750000001,0.17179375000000002,0.261330375
0.625,0.1875,0.375,0.6938932500000001,0.176736625,0.29875875
0.625,0.1875,0.4375,0.688680625,0.1816795,0.33618712500000003
0.625,0.1875,0.5,0.6834680000000001,0.186622375,0.37361550000000004
0.625,0.1875,0.5625,0.6782553750000001,0.19156525000000002,0.41104387500000006
0.625,0.1875,0.625,0.67304275,0.196508125,0.44847225000000007
0.625,0.1875,0.6875,0.667830125,0.201451,0.4859006250000001
0.625,0.1875,0.75,0.6626175000000001,0.206393875,0.523329
0.625,0.1875,0.8125,0.6574048750000001,0.21133675000000002,0.560757375
0.625,0.1875,0.875,0.6521922500000001,0.216279625,0.5981857500000001
0.625,0.1875,0.9375,0.6469796250000001,0.2212225,0.6356141250000001
0.625,0.1875,1.0,0.6417670000000001,0.226165375,0.6730425000000001
0.625,0.25,0.0,0.7183057500000001,0.20829250000000002,0.09940674999999997
0.625,0.25,0.0625,0.7130931250000001,0.213235375,0.13683512499999997
0.625,0.25,0.125,0.7078805000000001,0.21817825000000002,0.1742635
0.625,0.25,0.1875,0.702667875,0.22312112500000003,0.21169187499999997
0.625,0.25,0.25,0.6974552500000001,0.22806400000000002,0.24912025
0.625,0.25,0.3125,0.6922426250000001,0.233006875,0.286548625
0.625,0.25,0.375,0.68703,0.23794975000000002,0.323977
0.625,0.25,0.4375,0.6818173750000001,0.24289262500000003,0.36140537500000003
0.625,0.25,0.5,0.6766047500000001,0.24783550000000001,0.39883375000000004
0.625,0.25,0.5625,0.6713921250000001,0.252778375,0.43626212500000006
0.625,0.25,0.625,0.6661795000000001,0.25772125,0.47369050000000007
0.625,0.25,0.6875,0.6609668750000001,0.262664125,0.5111188750000001
0.625,0.25,0.75,0.6557542500000001,0.26760700000000004,0.54854725
0.625,0.25,0.8125,0.6505416250000001,0.272549875,0.585975625
0.625,0.25,0.875,0.645329,0.27749275,0.6234040000000001
0.625,0.25,0.9375,0.6401163750000001,0.282435625,0.6608323750000001
0.625,0.25,1.0,0.6349037500000001,0.2873785,0.6982607500000001
0.625,0.3125,0.0,0.7114425000000001,0.269505625,0.12462499999999996
0.625,0.3125,0.0625,0.7062298750000001,0.27444850000000004,0.16205337499999997
0.625,0.3125,0.125,0.70101725,0.279391375,0.19948174999999996
0.625,0.3125,0.1875,0.6958046250000001,0.28433425,0.23691012499999997
0.625,0.3125,0.25,0.6905920000000001,0.289277125,0.2743385
0.625,0.3125,0.3125,0.6853793750000001,0.29422000000000004,0.311766875
0.625,0.3125,0.375,0.6801667500000002,0.29916287500000005,0.34919524999999996
0.625,0.3125,0.4375,0.6749541250000001,0.30410575,0.386623625
0.625,0.3125,0.5,0.6697415000000001,0.309048625,0.424052
0.625,0.3125,0.5625,0.6645288750000001,0.31399150000000003,0.46148037500000005
0.625,0.3125,0.625,0.65931625,0.318934375,0.49890875
0.625,0.3125,0.6875,0.6541036250000001,0.32387725,0.5363371250000001
0.625,0.3125,0.75,0.6488910000000001,0.328820125,0.5737655
0.625,0.3125,0.8125,0.6436783750000001,0.33376300000000003,0.611193875
0.625,0.3125,0.875,0.6384657500000002,0.33870587500000005,0.6486222500000001
0.625,0.3125,0.9375,0.6332531250000001,0.34364875,0.6860506250000001
0.625,0.3125,1.0,0.6280405000000001,0.348591625,0.7234790000000001
0.625,0.375,0.0,0.7045792500000001,0.33071875,0.14984324999999996
0.625,0.375,0.0625,0.6993666250000001,0.335661625,0.18727162499999997
0.625,0.375,0.125,0.6941540000000002,0.3406045,0.22469999999999996
0.625,0.375,0.1875,0.6889413750000001,0.345547375,0.26212837499999997
0.625,0.375,0.25,0.6837287500000001,0.35049025,0.29955675
0.625,0.375,0.3125,0.6785161250000001,0.355433125,0.336985125
0.625,0.375,0.375,0.6733035,0.36037600000000003,0.37441349999999995
0.625,0.375,0.4375,0.6680908750000001,0.365318875,0.411841875
0.625,0.375,0.5,0.6628782500000001,0.37026175,0.44927025
0.625,0.375,0.5625,0.6576656250000001,0.375204625,0.48669862500000005
0.625,0.375,0.625,0.6524530000000002,0.38014749999999997,0.524127
0.625,0.375,0.6875,0.6472403750000001,0.385090375,0.5615553750000001
0.625,0.375,0.75,0.6420277500000001,0.39003325,0.59898375
0.625,0.375,0.8125,0.6368151250000001,0.394976125,0.636412125
0.625,0.375,0.875,0.6316025000000001,0.399919,0.6738405000000001
0.625,0.375,0.9375,0.6263898750000001,0.404861875,0.7112688750000001
0.625,0.375,1.0,0.6211772500000001,0.40980475,0.7486972500000001
0.625,0.4375,0.0,0.697716,0.39193187500000004,0.17506149999999995
0.625,0.4375,0.0625,0.692503375,0.39687475000000005,0.21248987499999997
0.625,0.4375,0.125,0.6872907500000001,0.40181762500000007,0.24991824999999995
0.625,0.4375,0.1875,0.682078125,0.4067605,0.28734662499999997
0.625,0.4375,0.25,0.6768655,0.41170337500000004,0.324775
0.625,0.4375,0.3125,0.671652875,0.41664625000000005,0.362203375
0.625,0.4375,0.375,0.66644025,0.421589125,0.39963174999999995
0.625,0.4375,0.4375,0.661227625,0.426532,0.437060125
0.625,0.4375,0.5,0.656015,0.43147487500000004,0.4744885
0.625,0.4375,0.5625,0.650802375,0.43641775000000005,0.511916875
0.625,0.4375,0.625,0.6455897500000001,0.44136062500000006,0.54934525
0.625,0.4375,0.6875,0.640377125,0.4463035,0.5867736250000001
0.625,0.4375,0.75,0.6351645,0.45124637500000003,0.624202
0.625,0.4375,0.8125,0.629951875,0.45618925000000005,0.661630375
0.625,0.4375,0.875,0.62473925,0.461132125,0.6990587500000001
0.625,0.4375,0.9375,0.619526625,0.466075,0.7364871250000001
0.625,0.4375,1.0,0.614314,0.47101787500000003,0.7739155000000001
0.625,0.5,0.0,0.69085275,0.453145,0.20027974999999995
0.625,0.5,0.0625,0.685640125,0.45808787500000003,0.23770812499999996
0.625,0.5,0.125,0.6804275,0.46303075000000005,0.27513649999999995
0.625,0.5,0.1875,0.675214875,0.467973625,0.31256487499999996
0.625,0.5,0.25,0.67000225,0.4729165,0.34999325
0.625,0.5,0.3125,0.664789625,0.47785937500000003,0.387421625
0.625,0.5,0.375,0.6595770000000001,0.48280225,0.42484999999999995
0.625,0.5,0.4375,0.654364375,0.487745125,0.462278375
0.625,0.5,0.5,0.64915175,0.492688,0.49970675
0.625,0.5,0.5625,0.6439391250000001,0.49763087500000003,0.537135125
0.625,0.5,0.625,0.6387265,0.50257375,0.5745635
0.625,0.5,0.6875,0.633513875,0.507516625,0.6119918750000001
0.625,0.5,0.75,0.62830125,0.5124595000000001,0.64942025
0.625,0.5,0.8125,0.6230886250000001,0.517402375,0.686848625
0.625,0.5,0.875,0.6178760000000001,0.52234525,0.7242770000000001
0.625,0.5,0.9375,0.612663375,0.527288125,0.7617053750000001
0.625,0.5,1.0,0.60745075,0.532231,0.7991337500000001
0.625,0.5625,0.0,0.6839895,0.514358125,0.22549799999999995
0.625,0.5625,0.0625,0.6787768750000001,0.519301,0.26292637499999993
0.625,0.5625,0.125,0.6735642500000001,0.524243875,0.30035474999999995
0.625,0.5625,0.1875,0.668351625,0.52918675,0.33778312499999996
0.625,0.5625,0.25,0.663139,0.534129625,0.3752115
0.625,0.5625,0.3125,0.6579263750000001,0.5390725,0.412639875
0.625,0.5625,0.375,0.65271375,0.544015375,0.45006824999999995
0.625,0.5625,0.4375,0.647501125,0.54895825,0.487496625
0.625,0.5625,0.5,0.6422885,0.553901125,0.524925
0.625,0.5625,0.5625,0.6370758750000001,0.558844,0.562353375
0.625,0.5625,0.625,0.6318632500000001,0.563786875,0.59978175
0.625,0.5625,0.6875,0.626650625,0.56872975,0.6372101250000001
0.625,0.5625,0.75,0.621438,0.5736726249999999,0.6746385
0.625,0.5625,0.8125,0.6162253750000001,0.5786155,0.712066875
0.625,0.5625,0.875,0.61101275,0.583558375,0.7494952500000001
0.625,0.5625,0.9375,0.605800125,0.58850125,0.7869236250000001
0.625,0.5625,1.0,0.6005875,0.593444125,0.8243520000000001
0.625,0.625,0.0,0.67712625,0.5755712500000001,0.2507162499999999
0.625,0.625,0.0625,0.6719136250000001,0.5805141250000001,0.28814462499999993
0.625,0.625,0.125,0.666701,0.5854570000000001,0.32557299999999995
0.625,0.625,0.1875,0.661488375,0.5903998750000001,0.36300137499999996
0.625,0.625,0.25,0.65627575,0.5953427500000001,0.4004297499999999
0.625,0.625,0.3125,0.6510631250000001,0.600285625,0.437858125
0.625,0.625,0.375,0.6458505000000001,0.6052285000000001,0.47528649999999995
0.625,0.625,0.4375,0.640637875,0.6101713750000001,0.5127148749999999
0.625,0.625,0.5,0.63542525,0.6151142500000001,0.55014325
0.625,0.625,0.5625,0.6302126250000001,0.6200571250000001,0.587571625
0.625,0.625,0.625,0.625,0.6250000000000001,0.625
0.625,0.625,0.6875,0.619787375,0.6299428750000001,0.662428375
0.625,0.625,0.75,0.6145747500000001,0.63488575,0.6998567499999999
0.625,0.625,0.8125,0.6093621250000001,0.639828625,0.737285125
0.625,0.625,0.875,0.6041495000000001,0.6447715,0.7747135
0.625,0.625,0.9375,0.598936875,0.6497143750000001,0.812141875
0.625,0.625,1.0,0.5937242500000001,0.6546572500000001,0.84957025
0.625,0.6875,0.0,0.670263,0.636784375,0.2759344999999999
0.625,0.6875,0.0625,0.6650503750000001,0.64172725,0.31336287499999993
0.625,0.6875,0.125,0.6598377500000001,0.646670125,0.35079124999999994
0.625,0.6875,0.1875,0.654625125,0.651613,0.38821962499999996
0.625,0.6875,0.25,0.6494125000000001,0.656555875,0.4256479999999999
0.625,0.6875,0.3125,0.6441998750000001,0.6614987499999999,0.463076375
0.625,0.6875,0.375,0.63898725,0.6664416249999999,0.5005047499999999
0.625,0.6875,0.4375,0.633774625,0.6713844999999999,0.5379331249999999
0.625,0.6875,0.5,0.6285620000000001,0.676327375,0.5753615
0.625,0.6875,0.5625,0.6233493750000001,0.68127025,0.612789875
0.625,0.6875,0.625,0.6181367500000001,0.686213125,0.65021825
0.625,0.6875,0.6875,0.612924125,0.691156,0.687646625
0.625,0.6875,0.75,0.6077115000000001,0.6960988749999999,0.7250749999999999
0.625,0.6875,0.8125,0.6024988750000001,0.7010417499999999,0.762503375
0.625,0.6875,0.875,0.59728625,0.7059846249999999,0.79993175
0.625,0.6875,0.9375,0.592073625,0.7109274999999999,0.837360125
0.625,0.6875,1.0,0.5868610000000001,0.715870375,0.8747885
0.625,0.75,0.0,0.6633997500000001,0.6979975,0.3011527499999999
0.625,0.75,0.0625,0.6581871250000001,0.7029403750000001,0.3385811249999999
0.625,0.75,0.125,0.6529745,0.7078832500000001,0.37600949999999994
0.625,0.75,0.1875,0.647761875,0.7128261250000001,0.41343787499999995
0.625,0.75,0.25,0.6425492500000001,0.7177690000000001,0.4508662499999999
0.625,0.75,0.3125,0.6373366250000001,0.722711875,0.488294625
0.625,0.75,0.375,0.6321240000000001,0.72765475,0.5257229999999999
0.625,0.75,0.4375,0.626911375,0.732597625,0.5631513749999999
0.625,0.75,0.5,0.6216987500000001,0.7375405,0.60057975
0.625,0.75,0.5625,0.6164861250000001,0.7424833750000001,0.638008125
0.625,0.75,0.625,0.6112735,0.7474262500000001,0.6754365
0.625,0.75,0.6875,0.606060875,0.7523691250000001,0.712864875
0.625,0.75,0.75,0.6008482500000001,0.757312,0.7502932499999999
0.625,0.75,0.8125,0.5956356250000001,0.762254875,0.787721625
0.625,0.75,0.875,0.5904230000000001,0.76719775,0.82515
0.625,0.75,0.9375,0.5852103750000001,0.772140625,0.862578375
0.625,0.75,1.0,0.5799977500000001,0.7770835,0.90000675
0.625,0.8125,0.0,0.6565365000000001,0.7592106249999999,0.3263709999999999
0.625,0.8125,0.0625,0.6513238750000001,0.7641534999999999,0.3637993749999999
0.625,0.8125,0.125,0.6461112500000001,0.7690963749999999,0.40122774999999994
0.625,0.8125,0.1875,0.640898625,0.77403925,0.43865612499999995
0.625,0.8125,0.25,0.6356860000000001,0.778982125,0.4760844999999999
0.625,0.8125,0.3125,0.6304733750000001,0.7839249999999999,0.513512875
0.625,0.8125,0.375,0.62526075,0.7888678749999999,0.5509412499999999
0.625,0.8125,0.4375,0.6200481250000001,0.7938107499999999,0.5883696249999999
0.625,0.8125,0.5,0.6148355000000001,0.7987536249999999,0.625798
0.625,0.8125,0.5625,0.6096228750000001,0.8036964999999999,0.663226375
0.625,0.8125,0.625,0.6044102500000001,0.8086393749999999,0.70065475
0.625,0.8125,0.6875,0.5991976250000001,0.81358225,0.738083125
0.625,0.8125,0.75,0.5939850000000001,0.8185251249999999,0.7755114999999999
0.625,0.8125,0.8125,0.5887723750000001,0.8234679999999999,0.812939875
0.625,0.8125,0.875,0.58355975,0.8284108749999999,0.85036825
0.625,0.8125,0.9375,0.5783471250000001,0.8333537499999999,0.887796625
0.625,0.8125,1.0,0.5731345000000001,0.8382966249999999,0.925225
0.625,0.875,0.0,0.6496732500000001,0.82042375,0.3515892499999999
0.625,0.875,0.0625,0.6444606250000001,0.825366625,0.3890176249999999
0.625,0.875,0.125,0.639248,0.8303095,0.42644599999999994
0.625,0.875,0.1875,0.6340353750000001,0.835252375,0.46387437499999995
0.625,0.875,0.25,0.6288227500000001,0.8401952500000001,0.5013027499999999
0.625,0.875,0.3125,0.6236101250000001,0.845138125,0.538731125
0.625,0.875,0.375,0.6183975000000002,0.850081,0.5761594999999999
0.625,0.875,0.4375,0.6131848750000001,0.855023875,0.6135878749999999
0.625,0.875,0.5,0.6079722500000001,0.85996675,0.65101625
0.625,0.875,0.5625,0.6027596250000001,0.864909625,0.688444625
0.625,0.875,0.625,0.597547,0.8698525,0.725873
0.625,0.875,0.6875,0.5923343750000001,0.874795375,0.763301375
0.625,0.875,0.75,0.5871217500000001,0.8797382499999999,0.8007297499999999
0.625,0.875,0.8125,0.5819091250000001,0.884681125,0.838158125
0.625,0.875,0.875,0.5766965000000002,0.889624,0.8755865
0.625,0.875,0.9375,0.5714838750000001,0.894566875,0.913014875
0.625,0.875,1.0,0.5662712500000001,0.89950975,0.95044325
0.625,0.9375,0.0,0.6428100000000001,0.8816368750000001,0.3768074999999999
0.625,0.9375,0.0625,0.6375973750000001,0.8865797500000001,0.4142358749999999
0.625,0.9375,0.125,0.6323847500000002,0.8915226250000001,0.45166424999999993
0.625,0.9375,0.1875,0.6271721250000001,0.8964655000000001,0.48909262499999995
0.625,0.9375,0.25,0.6219595000000001,0.9014083750000002,0.5265209999999999
0.625,0.9375,0.3125,0.6167468750000001,0.90635125,0.563949375
0.625,0.9375,0.375,0.6115342500000001,0.9112941250000001,0.6013777499999999
0.625,0.9375,0.4375,0.6063216250000001,0.9162370000000001,0.6388061249999999
0.625,0.9375,0.5,0.6011090000000001,0.9211798750000001,0.6762345
0.625,0.9375,0.5625,0.5958963750000001,0.9261227500000001,0.713662875
0.625,0.9375,0.625,0.5906837500000002,0.9310656250000001,0.75109125
0.625,0.9375,0.6875,0.5854711250000001,0.9360085000000001,0.788519625
0.625,0.9375,0.75,0.5802585000000001,0.940951375,0.8259479999999999
0.625,0.9375,0.8125,0.5750458750000002,0.94589425,0.863376375
0.625,0.9375,0.875,0.5698332500000001,0.9508371250000001,0.90080475
0.625,0.9375,0.9375,0.5646206250000001,0.9557800000000001,0.938233125
0.625,0.9375,1.0,0.5594080000000001,0.9607228750000001,0.9756615
0.625,1.0,0.0,0.6359467500000001,0.94285,0.4020257499999999
0.625,1.0,0.0625,0.6307341250000001,0.947792875,0.4394541249999999
0.625,1.0,0.125,0.6255215000000001,0.95273575,0.47688249999999993
0.625,1.0,0.1875,0.6203088750000001,0.957678625,0.514310875
0.625,1.0,0.25,0.6150962500000001,0.9626215,0.5517392499999999
0.625,1.0,0.3125,0.6098836250000002,0.9675643749999999,0.589167625
0.625,1.0,0.375,0.6046710000000002,0.9725072499999999,0.6265959999999999
0.625,1.0,0.4375,0.5994583750000001,0.977450125,0.6640243749999999
0.625,1.0,0.5,0.5942457500000001,0.982393,0.70145275
0.625,1.0,0.5625,0.5890331250000002,0.987335875,0.738881125
0.625,1.0,0.625,0.5838205000000001,0.99227875,0.7763095
0.625,1.0,0.6875,0.5786078750000001,0.997221625,0.8137378749999999
0.625,1.0,0.75,0.5733952500000001,1.0021645,0.8511662499999999
0.625,1.0,0.8125,0.5681826250000002,1.007107375,0.888594625
0.625,1.0,0.875,0.5629700000000002,1.01205025,0.926023
0.625,1.0,0.9375,0.5577573750000001,1.016993125,0.963451375
0.625,1.0,1.0,0.5525447500000001,1.021936,1.00087975
0.6875,0.0,0.0,0.820334625,-0.040215999999999974,-0.0016128749999999971
0.6875,0.0,0.0625,0.815122,-0.035273124999999975,0.03581550000000001
0.6875,0.0,0.125,0.8099093749999999,-0.030330249999999975,0.07324387500000001
0.6875,0.0,0.1875,0.80469675,-0.025387374999999976,0.11067225000000001
0.6875,0.0,0.25,0.799484125,-0.020444499999999977,0.14810062500000004
0.6875,0.0,0.3125,0.7942715,-0.015501624999999977,0.18552900000000005
0.6875,0.0,0.375,0.789058875,-0.010558749999999978,0.22295737500000004
0.6875,0.0,0.4375,0.78384625,-0.0056158749999999785,0.26038575
0.6875,0.0,0.5,0.778633625,-0.0006729999999999792,0.29781412500000004
0.6875,0.0,0.5625,0.773421,0.00426987500000002,0.33524250000000005
0.6875,0.0,0.625,0.7682083749999999,0.00921275000000002,0.37267087500000007
0.6875,0.0,0.6875,0.76299575,0.014155625000000019,0.4100992500000001
0.6875,0.0,0.75,0.757783125,0.019098500000000018,0.44752762500000004
0.6875,0.0,0.8125,0.7525705,0.024041375000000018,0.48495600000000005
0.6875,0.0,0.875,0.7473578750000001,0.028984250000000017,0.5223843750000001
0.6875,0.0,0.9375,0.74214525,0.033927125000000016,0.5598127500000002
0.6875,0.0,1.0,0.736932625,0.038870000000000016,0.5972411250000002
0.6875,0.0625,0.0,0.813471375,0.020997125000000026,0.023605374999999998
0.6875,0.0625,0.0625,0.80825875,0.025940000000000026,0.061033750000000005
0.6875,0.0625,0.125,0.803046125,0.030882875000000025,0.09846212500000001
0.6875,0.0625,0.1875,0.7978335,0.035825750000000024,0.13589050000000003
0.6875,0.0625,0.25,0.792620875,0.040768625000000024,0.17331887500000004
0.6875,0.0625,0.3125,0.78740825,0.04571150000000002,0.21074725000000005
0.6875,0.0625,0.375,0.782195625,0.05065437500000002,0.248175625
0.6875,0.0625,0.4375,0.776983,0.05559725000000002,0.285604
0.6875,0.0625,0.5,0.771770375,0.06054012500000002,0.32303237500000004
0.6875,0.0625,0.5625,0.76655775,0.06548300000000001,0.36046075000000005
0.6875,0.0625,0.625,0.7613451250000001,0.07042587500000003,0.39788912500000007
0.6875,0.0625,0.6875,0.7561325,0.07536875000000001,0.4353175000000001
0.6875,0.0625,0.75,0.750919875,0.08031162500000003,0.47274587500000004
0.6875,0.0625,0.8125,0.74570725,0.08525450000000001,0.51017425
0.6875,0.0625,0.875,0.740494625,0.09019737500000002,0.5476026250000001
0.6875,0.0625,0.9375,0.735282,0.09514025000000001,0.5850310000000002
0.6875,0.0625,1.0,0.730069375,0.10008312500000002,0.6224593750000001
0.6875,0.125,0.0,0.806608125,0.08221025000000003,0.04882362499999999
0.6875,0.125,0.0625,0.8013955,0.08715312500000003,0.086252
0.6875,0.125,0.125,0.796182875,0.09209600000000003,0.12368037500000001
0.6875,0.125,0.1875,0.79097025,0.09703887500000002,0.16110875
0.6875,0.125,0.25,0.785757625,0.10198175000000002,0.198537125
0.6875,0.125,0.3125,0.780545,0.10692462500000002,0.23596550000000002
0.6875,0.125,0.375,0.7753323750000001,0.11186750000000002,0.273393875
0.6875,0.125,0.4375,0.77011975,0.11681037500000002,0.31082225
0.6875,0.125,0.5,0.764907125,0.12175325000000002,0.34825062500000004
0.6875,0.125,0.5625,0.7596945,0.12669612500000002,0.38567900000000005
0.6875,0.125,0.625,0.754481875,0.131639,0.42310737500000006
0.6875,0.125,0.6875,0.74926925,0.13658187500000002,0.4605357500000001
0.6875,0.125,0.75,0.744056625,0.14152475000000003,0.49796412500000004
0.6875,0.125,0.8125,0.7388440000000001,0.14646762500000002,0.5353925
0.6875,0.125,0.875,0.7336313750000001,0.1514105,0.5728208750000001
0.6875,0.125,0.9375,0.72841875,0.15635337500000002,0.6102492500000002
0.6875,0.125,1.0,0.723206125,0.16129625000000003,0.6476776250000001
0.6875,0.1875,0.0,0.799744875,0.14342337500000002,0.07404187499999998
0.6875,0.1875,0.0625,0.79453225,0.14836625000000003,0.11147024999999999
0.6875,0.1875,0.125,0.7893196250000001,0.15330912500000002,0.148898625
0.6875,0.1875,0.1875,0.784107,0.158252,0.186327
0.6875,0.1875,0.25,0.778894375,0.16319487500000002,0.223755375
0.6875,0.1875,0.3125,0.7736817500000001,0.16813775000000003,0.26118375000000005
0.6875,0.1875,0.375,0.768469125,0.17308062500000002,0.298612125
0.6875,0.1875,0.4375,0.7632565,0.1780235,0.3360405
0.6875,0.1875,0.5,0.758043875,0.18296637500000001,0.37346887500000003
0.6875,0.1875,0.5625,0.7528312500000001,0.18790925000000003,0.41089725000000005
0.6875,0.1875,0.625,0.7476186250000001,0.192852125,0.44832562500000006
0.6875,0.1875,0.6875,0.742406,0.197795,0.4857540000000001
0.6875,0.1875,0.75,0.737193375,0.202737875,0.523182375
0.6875,0.1875,0.8125,0.7319807500000001,0.20768075000000003,0.56061075
0.6875,0.1875,0.875,0.726768125,0.212623625,0.5980391250000001
0.6875,0.1875,0.9375,0.7215555,0.2175665,0.6354675000000001
0.6875,0.1875,1.0,0.716342875,0.222509375,0.672895875
0.6875,0.25,0.0,0.792881625,0.20463650000000003,0.09926012499999998
0.6875,0.25,0.0625,0.7876690000000001,0.209579375,0.1366885
0.6875,0.25,0.125,0.782456375,0.21452225000000003,0.174116875
0.6875,0.25,0.1875,0.77724375,0.21946512500000004,0.21154525
0.6875,0.25,0.25,0.772031125,0.22440800000000002,0.248973625
0.6875,0.25,0.3125,0.7668185000000001,0.229350875,0.28640200000000005
0.6875,0.25,0.375,0.7616058750000001,0.23429375000000002,0.323830375
0.6875,0.25,0.4375,0.75639325,0.23923662500000004,0.36125875
0.6875,0.25,0.5,0.751180625,0.24417950000000002,0.39868712500000003
0.6875,0.25,0.5625,0.7459680000000001,0.249122375,0.43611550000000004
0.6875,0.25,0.625,0.740755375,0.25406525,0.47354387500000006
0.6875,0.25,0.6875,0.73554275,0.25900812500000003,0.51097225
0.6875,0.25,0.75,0.730330125,0.26395100000000005,0.548400625
0.6875,0.25,0.8125,0.7251175000000001,0.268893875,0.585829
0.6875,0.25,0.875,0.7199048750000001,0.27383675,0.6232573750000001
0.6875,0.25,0.9375,0.71469225,0.27877962500000003,0.6606857500000001
0.6875,0.25,1.0,0.7094796250000001,0.2837225,0.698114125
0.6875,0.3125,0.0,0.786018375,0.26584962500000003,0.12447837499999996
0.6875,0.3125,0.0625,0.7808057500000001,0.27079250000000005,0.16190674999999996
0.6875,0.3125,0.125,0.7755931250000001,0.275735375,0.19933512499999997
0.6875,0.3125,0.1875,0.7703805,0.28067825,0.23676349999999996
0.6875,0.3125,0.25,0.765167875,0.28562112500000003,0.274191875
0.6875,0.3125,0.3125,0.7599552500000001,0.29056400000000004,0.31162025
0.6875,0.3125,0.375,0.754742625,0.29550687500000006,0.349048625
0.6875,0.3125,0.4375,0.74953,0.30044975,0.386477
0.6875,0.3125,0.5,0.7443173750000001,0.30539262500000003,0.42390537500000003
0.6875,0.3125,0.5625,0.7391047500000001,0.31033550000000004,0.46133375000000004
0.6875,0.3125,0.625,0.7338921250000001,0.315278375,0.49876212500000006
0.6875,0.3125,0.6875,0.7286795,0.32022125,0.5361905
0.6875,0.3125,0.75,0.7234668750000001,0.325164125,0.573618875
0.6875,0.3125,0.8125,0.7182542500000001,0.33010700000000004,0.61104725
0.6875,0.3125,0.875,0.713041625,0.33504987500000005,0.648475625
0.6875,0.3125,0.9375,0.707829,0.33999275,0.6859040000000001
0.6875,0.3125,1.0,0.7026163750000001,0.344935625,0.723332375
0.6875,0.375,0.0,0.779155125,0.32706275,0.14969662499999997
0.6875,0.375,0.0625,0.7739425,0.332005625,0.18712499999999999
0.6875,0.375,0.125,0.768729875,0.3369485,0.224553375
0.6875,0.375,0.1875,0.7635172499999999,0.341891375,0.26198175
0.6875,0.375,0.25,0.758304625,0.34683425,0.29941012499999997
0.6875,0.375,0.3125,0.753092,0.351777125,0.33683850000000004
0.6875,0.375,0.375,0.7478793749999999,0.35672000000000004,0.374266875
0.6875,0.375,0.4375,0.7426667499999999,0.361662875,0.41169525
0.6875,0.375,0.5,0.737454125,0.36660575,0.449123625
0.6875,0.375,0.5625,0.7322415,0.371548625,0.48655200000000004
0.6875,0.375,0.625,0.727028875,0.3764915,0.523980375
0.6875,0.375,0.6875,0.7218162499999999,0.381434375,0.56140875
0.6875,0.375,0.75,0.716603625,0.38637725,0.598837125
0.6875,0.375,0.8125,0.711391,0.391320125,0.6362655
0.6875,0.375,0.875,0.7061783749999999,0.39626300000000003,0.6736938750000001
0.6875,0.375,0.9375,0.7009657499999999,0.401205875,0.7111222500000001
0.6875,0.375,1.0,0.695753125,0.40614875,0.748550625
0.6875,0.4375,0.0,0.772291875,0.38827587500000005,0.17491487499999997
0.6875,0.4375,0.0625,0.76707925,0.39321875000000006,0.21234324999999998
0.6875,0.4375,0.125,0.7618666249999999,0.3981616250000001,0.249771625
0.6875,0.4375,0.1875,0.7566539999999999,0.40310450000000003,0.2872
0.6875,0.4375,0.25,0.751441375,0.40804737500000005,0.32462837499999997
0.6875,0.4375,0.3125,0.74622875,0.41299025000000006,0.36205675000000004
0.6875,0.4375,0.375,0.741016125,0.417933125,0.399485125
0.6875,0.4375,0.4375,0.7358034999999999,0.42287600000000003,0.4369135
0.6875,0.4375,0.5,0.730590875,0.42781887500000004,0.474341875
0.6875,0.4375,0.5625,0.72537825,0.43276175000000006,0.5117702500000001
0.6875,0.4375,0.625,0.7201656249999999,0.43770462500000007,0.549198625
0.6875,0.4375,0.6875,0.714953,0.4426475,0.586627
0.6875,0.4375,0.75,0.709740375,0.44759037500000004,0.624055375
0.6875,0.4375,0.8125,0.70452775,0.45253325000000005,0.66148375
0.6875,0.4375,0.875,0.699315125,0.457476125,0.6989121250000001
0.6875,0.4375,0.9375,0.6941025,0.462419,0.7363405000000001
0.6875,0.4375,1.0,0.688889875,0.46736187500000004,0.773768875
0.6875,0.5,0.0,0.765428625,0.449489,0.20013312499999997
0.6875,0.5,0.0625,0.760216,0.45443187500000004,0.23756149999999998
0.6875,0.5,0.125,0.755003375,0.45937475000000005,0.274989875
0.6875,0.5,0.1875,0.74979075,0.464317625,0.31241825
0.6875,0.5,0.25,0.744578125,0.4692605,0.34984662499999997
0.6875,0.5,0.3125,0.7393655,0.47420337500000004,0.38727500000000004
0.6875,0.5,0.375,0.7341528749999999,0.47914625,0.424703375
0.6875,0.5,0.4375,0.72894025,0.484089125,0.46213175
0.6875,0.5,0.5,0.723727625,0.489032,0.499560125
0.6875,0.5,0.5625,0.718515,0.49397487500000004,0.5369885000000001
0.6875,0.5,0.625,0.713302375,0.49891775000000005,0.574416875
0.6875,0.5,0.6875,0.70808975,0.5038606250000001,0.61184525
0.6875,0.5,0.75,0.702877125,0.5088035,0.649273625
0.6875,0.5,0.8125,0.6976645,0.513746375,0.686702
0.6875,0.5,0.875,0.6924518749999999,0.51868925,0.7241303750000001
0.6875,0.5,0.9375,0.68723925,0.523632125,0.7615587500000001
0.6875,0.5,1.0,0.682026625,0.528575,0.798987125
0.6875,0.5625,0.0,0.758565375,0.5107021250000001,0.22535137499999996
0.6875,0.5625,0.0625,0.75335275,0.5156450000000001,0.26277975
0.6875,0.5625,0.125,0.7481401249999999,0.5205878750000001,0.300208125
0.6875,0.5625,0.1875,0.7429275,0.5255307500000002,0.3376365
0.6875,0.5625,0.25,0.737714875,0.5304736250000002,0.37506487499999996
0.6875,0.5625,0.3125,0.73250225,0.5354165000000001,0.41249325000000003
0.6875,0.5625,0.375,0.727289625,0.5403593750000001,0.449921625
0.6875,0.5625,0.4375,0.722077,0.5453022500000001,0.48735
0.6875,0.5625,0.5,0.716864375,0.5502451250000001,0.524778375
0.6875,0.5625,0.5625,0.71165175,0.5551880000000001,0.5622067500000001
0.6875,0.5625,0.625,0.706439125,0.5601308750000001,0.599635125
0.6875,0.5625,0.6875,0.7012265,0.5650737500000002,0.6370635
0.6875,0.5625,0.75,0.696013875,0.570016625,0.674491875
0.6875,0.5625,0.8125,0.69080125,0.5749595000000001,0.71192025
0.6875,0.5625,0.875,0.6855886250000001,0.5799023750000001,0.7493486250000001
0.6875,0.5625,0.9375,0.680376,0.5848452500000001,0.7867770000000001
0.6875,0.5625,1.0,0.675163375,0.5897881250000001,0.824205375
0.6875,0.625,0.0,0.751702125,0.57191525,0.2505696249999999
0.6875,0.625,0.0625,0.7464895,0.576858125,0.2879979999999999
0.6875,0.625,0.125,0.7412768750000001,0.581801,0.32542637499999993
0.6875,0.625,0.1875,0.73606425,0.586743875,0.3628547499999999
0.6875,0.625,0.25,0.730851625,0.59168675,0.40028312499999996
0.6875,0.625,0.3125,0.725639,0.5966296249999999,0.4377114999999999
0.6875,0.625,0.375,0.720426375,0.6015725,0.47513987499999993
0.6875,0.625,0.4375,0.71521375,0.606515375,0.51256825
0.6875,0.625,0.5,0.710001125,0.61145825,0.5499966249999999
0.6875,0.625,0.5625,0.7047885,0.616401125,0.587425
0.6875,0.625,0.625,0.6995758750000001,0.621344,0.624853375
0.6875,0.625,0.6875,0.69436325,0.626286875,0.66228175
0.6875,0.625,0.75,0.689150625,0.6312297499999999,0.699710125
0.6875,0.625,0.8125,0.683938,0.6361726249999999,0.7371384999999999
0.6875,0.625,0.875,0.678725375,0.6411155,0.774566875
0.6875,0.625,0.9375,0.67351275,0.646058375,0.8119952500000001
0.6875,0.625,1.0,0.668300125,0.65100125,0.849423625
0.6875,0.6875,0.0,0.744838875,0.6331283750000001,0.2757878749999999
0.6875,0.6875,0.0625,0.73962625,0.6380712500000001,0.3132162499999999
0.6875,0.6875,0.125,0.734413625,0.6430141250000001,0.35064462499999993
0.6875,0.6875,0.1875,0.729201,0.6479570000000001,0.3880729999999999
0.6875,0.6875,0.25,0.723988375,0.6528998750000001,0.42550137499999996
0.6875,0.6875,0.3125,0.71877575,0.65784275,0.4629297499999999
0.6875,0.6875,0.375,0.7135631250000001,0.662785625,0.500358125
0.6875,0.6875,0.4375,0.7083505,0.6677285000000001,0.5377865
0.6875,0.6875,0.5,0.703137875,0.6726713750000001,0.5752148749999999
0.6875,0.6875,0.5625,0.69792525,0.6776142500000001,0.61264325
0.6875,0.6875,0.625,0.692712625,0.6825571250000001,0.650071625
0.6875,0.6875,0.6875,0.6875,0.6875000000000001,0.6875
0.6875,0.6875,0.75,0.682287375,0.692442875,0.724928375
0.6875,0.6875,0.8125,0.6770747500000001,0.69738575,0.7623567499999999
0.6875,0.6875,0.875,0.6718621250000001,0.702328625,0.799785125
0.6875,0.6875,0.9375,0.6666495,0.7072715,0.8372135
0.6875,0.6875,1.0,0.661436875,0.7122143750000001,0.874641875
0.6875,0.75,0.0,0.737975625,0.6943415,0.3010061249999999
0.6875,0.75,0.0625,0.732763,0.699284375,0.3384344999999999
0.6875,0.75,0.125,0.7275503750000001,0.70422725,0.37586287499999993
0.6875,0.75,0.1875,0.72233775,0.709170125,0.4132912499999999
0.6875,0.75,0.25,0.717125125,0.714113,0.45071962499999996
0.6875,0.75,0.3125,0.7119125000000001,0.7190558749999999,0.4881479999999999
0.6875,0.75,0.375,0.706699875,0.7239987499999999,0.525576375
0.6875,0.75,0.4375,0.70148725,0.7289416249999999,0.5630047499999999
0.6875,0.75,0.5,0.696274625,0.7338844999999999,0.6004331249999999
0.6875,0.75,0.5625,0.6910620000000001,0.738827375,0.6378615
0.6875,0.75,0.625,0.6858493750000001,0.74377025,0.675289875
0.6875,0.75,0.6875,0.68063675,0.748713125,0.71271825
0.6875,0.75,0.75,0.675424125,0.7536559999999999,0.750146625
0.6875,0.75,0.8125,0.6702115000000001,0.7585988749999999,0.7875749999999999
0.6875,0.75,0.875,0.664998875,0.7635417499999999,0.825003375
0.6875,0.75,0.9375,0.65978625,0.7684846249999999,0.86243175
0.6875,0.75,1.0,0.654573625,0.7734274999999999,0.899860125
0.6875,0.8125,0.0,0.731112375,0.755554625,0.3262243749999999
0.6875,0.8125,0.0625,0.7258997500000001,0.7604975,0.3636527499999999
0.6875,0.8125,0.125,0.720687125,0.7654403750000001,0.4010811249999999
0.6875,0.8125,0.1875,0.7154745,0.7703832500000001,0.4385094999999999
0.6875,0.8125,0.25,0.710261875,0.7753261250000001,0.47593787499999995
0.6875,0.8125,0.3125,0.7050492500000001,0.780269,0.5133662499999999
0.6875,0.8125,0.375,0.6998366250000001,0.785211875,0.550794625
0.6875,0.8125,0.4375,0.694624,0.79015475,0.5882229999999999
0.6875,0.8125,0.5,0.689411375,0.795097625,0.6256513749999999
0.6875,0.8125,0.5625,0.6841987500000001,0.8000405,0.66307975
0.6875,0.8125,0.625,0.678986125,0.8049833750000001,0.700508125
0.6875,0.8125,0.6875,0.6737735,0.8099262500000001,0.7379365
0.6875,0.8125,0.75,0.668560875,0.814869125,0.775364875
0.6875,0.8125,0.8125,0.6633482500000001,0.819812,0.8127932499999999
0.6875,0.8125,0.875,0.6581356250000001,0.824754875,0.850221625
0.6875,0.8125,0.9375,0.652923,0.82969775,0.88765
0.6875,0.8125,1.0,0.6477103750000001,0.834640625,0.925078375
0.6875,0.875,0.0,0.724249125,0.8167677500000001,0.3514426249999999
0.6875,0.875,0.0625,0.7190365000000001,0.8217106250000001,0.3888709999999999
0.6875,0.875,0.125,0.7138238750000001,0.8266535000000002,0.4262993749999999
0.6875,0.875,0.1875,0.70861125,0.8315963750000002,0.4637277499999999
0.6875,0.875,0.25,0.703398625,0.8365392500000002,0.501156125
0.6875,0.875,0.3125,0.6981860000000001,0.8414821250000001,0.5385844999999999
0.6875,0.875,0.375,0.692973375,0.8464250000000001,0.576012875
0.6875,0.875,0.4375,0.68776075,0.8513678750000001,0.6134412499999999
0.6875,0.875,0.5,0.6825481250000001,0.8563107500000001,0.6508696249999999
0.6875,0.875,0.5625,0.6773355000000001,0.8612536250000001,0.688298
0.6875,0.875,0.625,0.6721228750000001,0.8661965000000001,0.725726375
0.6875,0.875,0.6875,0.66691025,0.8711393750000002,0.76315475
0.6875,0.875,0.75,0.6616976250000001,0.8760822500000001,0.800583125
0.6875,0.875,0.8125,0.6564850000000001,0.8810251250000001,0.8380114999999999
0.6875,0.875,0.875,0.651272375,0.8859680000000001,0.875439875
0.6875,0.875,0.9375,0.64605975,0.8909108750000001,0.91286825
0.6875,0.875,1.0,0.6408471250000001,0.8958537500000001,0.950296625
0.6875,0.9375,0.0,0.7173858750000001,0.877980875,0.3766608749999999
0.6875,0.9375,0.0625,0.7121732500000001,0.88292375,0.4140892499999999
0.6875,0.9375,0.125,0.706960625,0.887866625,0.4515176249999999
0.6875,0.9375,0.1875,0.701748,0.8928095,0.4889459999999999
0.6875,0.9375,0.25,0.6965353750000001,0.897752375,0.526374375
0.6875,0.9375,0.3125,0.6913227500000001,0.90269525,0.5638027499999999
0.6875,0.9375,0.375,0.6861101250000001,0.907638125,0.601231125
0.6875,0.9375,0.4375,0.6808975,0.912581,0.6386594999999999
0.6875,0.9375,0.5,0.6756848750000001,0.917523875,0.6760878749999999
0.6875,0.9375,0.5625,0.6704722500000001,0.92246675,0.71351625
0.6875,0.9375,0.625,0.665259625,0.927409625,0.750944625
0.6875,0.9375,0.6875,0.660047,0.9323525,0.788373
0.6875,0.9375,0.75,0.6548343750000001,0.9372953749999999,0.825801375
0.6875,0.9375,0.8125,0.6496217500000001,0.9422382499999999,0.8632297499999999
0.6875,0.9375,0.875,0.6444091250000001,0.947181125,0.900658125
0.6875,0.9375,0.9375,0.6391965000000001,0.952124,0.9380865
0.6875,0.9375,1.0,0.6339838750000001,0.957066875,0.975514875
0.6875,1.0,0.0,0.7105226250000001,0.9391940000000001,0.4018791249999999
0.6875,1.0,0.0625,0.7053100000000001,0.9441368750000001,0.4393074999999999
0.6875,1.0,0.125,0.7000973750000001,0.9490797500000001,0.4767358749999999
0.6875,1.0,0.1875,0.69488475,0.9540226250000001,0.5141642499999999
0.6875,1.0,0.25,0.6896721250000001,0.9589655000000001,0.551592625
0.6875,1.0,0.3125,0.6844595000000001,0.963908375,0.5890209999999999
0.6875,1.0,0.375,0.679246875,0.96885125,0.626449375
0.6875,1.0,0.4375,0.6740342500000001,0.9737941250000001,0.6638777499999999
0.6875,1.0,0.5,0.6688216250000001,0.9787370000000001,0.7013061249999999
0.6875,1.0,0.5625,0.6636090000000001,0.9836798750000001,0.7387345
0.6875,1.0,0.625,0.6583963750000001,0.9886227500000001,0.776162875
0.6875,1.0,0.6875,0.6531837500000001,0.9935656250000001,0.81359125
0.6875,1.0,0.75,0.6479711250000001,0.9985085,0.851019625
0.6875,1.0,0.8125,0.6427585000000001,1.003451375,0.8884479999999999
0.6875,1.0,0.875,0.637545875,1.00839425,0.925876375
0.6875,1.0,0.9375,0.6323332500000001,1.013337125,0.96330475
0.6875,1.0,1.0,0.6271206250000001,1.01828,1.000733125
0.75,0.0,0.0,0.8949104999999999,-0.043871999999999974,-0.0017594999999999967
0.75,0.0,0.0625,0.889697875,-0.038929124999999974,0.03566887500000001
0.75,0.0,0.125,0.88448525,-0.033986249999999975,0.07309725000000002
0.75,0.0,0.1875,0.8792726249999999,-0.029043374999999975,0.11052562500000002
0.75,0.0,0.25,0.87406,-0.024100499999999976,0.14795400000000003
0.75,0.0,0.3125,0.868847375,-0.019157624999999977,0.18538237500000004
0.75,0.0,0.375,0.8636347499999999,-0.014214749999999977,0.22281075000000003
0.75,0.0,0.4375,0.8584221249999999,-0.009271874999999978,0.26023912500000007
0.75,0.0,0.5,0.8532095,-0.004328999999999979,0.2976675000000001
0.75,0.0,0.5625,0.847996875,0.0006138750000000207,0.3350958750000001
0.75,0.0,0.625,0.84278425,0.00555675000000002,0.3725242500000001
0.75,0.0,0.6875,0.8375716249999999,0.01049962500000002,0.4099526250000001
0.75,0.0,0.75,0.832359,0.015442500000000019,0.4473810000000001
0.75,0.0,0.8125,0.827146375,0.020385375000000018,0.4848093750000001
0.75,0.0,0.875,0.8219337499999999,0.025328250000000017,0.5222377500000001
0.75,0.0,0.9375,0.8167211249999999,0.030271125000000017,0.5596661250000001
0.75,0.0,1.0,0.8115085,0.035214000000000016,0.5970945000000001
0.75,0.0625,0.0,0.88804725,0.017341125000000027,0.023458749999999997
0.75,0.0625,0.0625,0.882834625,0.022284000000000026,0.060887125
0.75,0.0625,0.125,0.8776219999999999,0.027226875000000025,0.09831550000000001
0.75,0.0625,0.1875,0.8724093749999999,0.032169750000000025,0.135743875
0.75,0.0625,0.25,0.86719675,0.037112625000000024,0.17317225000000003
0.75,0.0625,0.3125,0.861984125,0.04205550000000002,0.21060062500000004
0.75,0.0625,0.375,0.8567715,0.04699837500000002,0.24802900000000003
0.75,0.0625,0.4375,0.8515588749999999,0.05194125000000002,0.285457375
0.75,0.0625,0.5,0.84634625,0.05688412500000002,0.32288575
0.75,0.0625,0.5625,0.841133625,0.06182700000000002,0.36031412500000004
0.75,0.0625,0.625,0.8359209999999999,0.06676987500000002,0.39774250000000005
0.75,0.0625,0.6875,0.8307083749999999,0.07171275000000002,0.43517087500000007
0.75,0.0625,0.75,0.82549575,0.07665562500000002,0.47259925
0.75,0.0625,0.8125,0.820283125,0.08159850000000002,0.5100276250000001
0.75,0.0625,0.875,0.8150705,0.08654137500000002,0.547456
0.75,0.0625,0.9375,0.809857875,0.09148425000000002,0.5848843750000001
0.75,0.0625,1.0,0.80464525,0.09642712500000002,0.6223127500000001
0.75,0.125,0.0,0.881184,0.07855425000000002,0.04867699999999999
0.75,0.125,0.0625,0.875971375,0.08349712500000002,0.086105375
0.75,0.125,0.125,0.87075875,0.08844000000000002,0.12353375
0.75,0.125,0.1875,0.8655461249999999,0.09338287500000002,0.160962125
0.75,0.125,0.25,0.8603335,0.09832575000000002,0.19839050000000003
0.75,0.125,0.3125,0.855120875,0.10326862500000002,0.23581887500000004
0.75,0.125,0.375,0.8499082499999999,0.10821150000000002,0.27324725
0.75,0.125,0.4375,0.844695625,0.11315437500000002,0.310675625
0.75,0.125,0.5,0.839483,0.11809725000000001,0.348104
0.75,0.125,0.5625,0.834270375,0.12304012500000001,0.38553237500000004
0.75,0.125,0.625,0.82905775,0.127983,0.42296075000000005
0.75,0.125,0.6875,0.823845125,0.13292587500000003,0.46038912500000007
0.75,0.125,0.75,0.8186325,0.13786875,0.4978175
0.75,0.125,0.8125,0.813419875,0.142811625,0.5352458750000001
0.75,0.125,0.875,0.8082072499999999,0.1477545,0.57267425
0.75,0.125,0.9375,0.802994625,0.15269737500000002,0.6101026250000001
0.75,0.125,1.0,0.797782,0.15764025,0.6475310000000001
0.75,0.1875,0.0,0.87432075,0.13976737500000003,0.07389524999999998
0.75,0.1875,0.0625,0.869108125,0.14471025000000004,0.11132362499999998
0.75,0.1875,0.125,0.8638954999999999,0.14965312500000003,0.148752
0.75,0.1875,0.1875,0.858682875,0.154596,0.186180375
0.75,0.1875,0.25,0.85347025,0.15953887500000002,0.22360875000000002
0.75,0.1875,0.3125,0.848257625,0.16448175000000004,0.26103712500000004
0.75,0.1875,0.375,0.843045,0.16942462500000002,0.2984655
0.75,0.1875,0.4375,0.837832375,0.1743675,0.335893875
0.75,0.1875,0.5,0.83261975,0.17931037500000002,0.37332225
0.75,0.1875,0.5625,0.827407125,0.18425325000000004,0.41075062500000004
0.75,0.1875,0.625,0.8221944999999999,0.18919612500000002,0.44817900000000005
0.75,0.1875,0.6875,0.816981875,0.194139,0.48560737500000006
0.75,0.1875,0.75,0.81176925,0.19908187500000002,0.52303575
0.75,0.1875,0.8125,0.806556625,0.20402475000000003,0.5604641250000001
0.75,0.1875,0.875,0.8013440000000001,0.20896762500000002,0.5978925
0.75,0.1875,0.9375,0.796131375,0.2139105,0.6353208750000001
0.75,0.1875,1.0,0.79091875,0.21885337500000002,0.6727492500000001
0.75,0.25,0.0,0.8674575,0.20098050000000003,0.09911349999999998
0.75,0.25,0.0625,0.862244875,0.20592337500000002,0.13654187499999998
0.75,0.25,0.125,0.85703225,0.21086625000000003,0.17397025
0.75,0.25,0.1875,0.851819625,0.21580912500000005,0.211398625
0.75,0.25,0.25,0.846607,0.22075200000000003,0.24882700000000002
0.75,0.25,0.3125,0.841394375,0.22569487500000002,0.28625537500000003
0.75,0.25,0.375,0.83618175,0.23063775000000003,0.32368375
0.75,0.25,0.4375,0.830969125,0.23558062500000004,0.361112125
0.75,0.25,0.5,0.8257565,0.24052350000000003,0.3985405
0.75,0.25,0.5625,0.820543875,0.24546637500000001,0.43596887500000003
0.75,0.25,0.625,0.8153312500000001,0.25040925,0.47339725000000005
0.75,0.25,0.6875,0.810118625,0.25535212500000004,0.5108256250000001
0.75,0.25,0.75,0.804906,0.26029500000000005,0.548254
0.75,0.25,0.8125,0.799693375,0.265237875,0.5856823750000001
0.75,0.25,0.875,0.79448075,0.27018075,0.62311075
0.75,0.25,0.9375,0.789268125,0.27512362500000004,0.6605391250000001
0.75,0.25,1.0,0.7840555,0.2800665,0.6979675000000001
0.75,0.3125,0.0,0.86059425,0.26219362500000004,0.12433174999999996
0.75,0.3125,0.0625,0.855381625,0.26713650000000005,0.16176012499999998
0.75,0.3125,0.125,0.850169,0.272079375,0.1991885
0.75,0.3125,0.1875,0.844956375,0.27702225,0.23661687499999998
0.75,0.3125,0.25,0.83974375,0.28196512500000004,0.27404525
0.75,0.3125,0.3125,0.834531125,0.28690800000000005,0.311473625
0.75,0.3125,0.375,0.8293185000000001,0.29185087500000007,0.348902
0.75,0.3125,0.4375,0.824105875,0.29679375,0.386330375
0.75,0.3125,0.5,0.81889325,0.30173662500000004,0.42375875
0.75,0.3125,0.5625,0.813680625,0.30667950000000005,0.46118712500000003
0.75,0.3125,0.625,0.808468,0.311622375,0.49861550000000004
0.75,0.3125,0.6875,0.803255375,0.31656525,0.5360438750000001
0.75,0.3125,0.75,0.79804275,0.32150812500000003,0.57347225
0.75,0.3125,0.8125,0.792830125,0.32645100000000005,0.610900625
0.75,0.3125,0.875,0.7876175000000001,0.33139387500000006,0.648329
0.75,0.3125,0.9375,0.782404875,0.33633675,0.6857573750000001
0.75,0.3125,1.0,0.77719225,0.34127962500000003,0.7231857500000001
0.75,0.375,0.0,0.853731,0.32340675,0.14954999999999996
0.75,0.375,0.0625,0.848518375,0.32834962500000003,0.18697837499999997
0.75,0.375,0.125,0.8433057500000001,0.3332925,0.22440675
0.75,0.375,0.1875,0.838093125,0.338235375,0.26183512499999995
0.75,0.375,0.25,0.8328805,0.34317825,0.2992635
0.75,0.375,0.3125,0.827667875,0.34812112500000003,0.336691875
0.75,0.375,0.375,0.82245525,0.35306400000000004,0.37412025
0.75,0.375,0.4375,0.817242625,0.358006875,0.411548625
0.75,0.375,0.5,0.81203,0.36294975,0.448977
0.75,0.375,0.5625,0.8068173750000001,0.36789262500000003,0.48640537500000003
0.75,0.375,0.625,0.8016047500000001,0.3728355,0.5238337500000001
0.75,0.375,0.6875,0.796392125,0.377778375,0.5612621250000001
0.75,0.375,0.75,0.7911795,0.38272125,0.5986905
0.75,0.375,0.8125,0.7859668750000001,0.387664125,0.636118875
0.75,0.375,0.875,0.78075425,0.39260700000000004,0.67354725
0.75,0.375,0.9375,0.775541625,0.397549875,0.7109756250000001
0.75,0.375,1.0,0.770329,0.40249275,0.7484040000000001
0.75,0.4375,0.0,0.8468677499999999,0.38461987500000006,0.17476824999999996
0.75,0.4375,0.0625,0.841655125,0.38956275000000007,0.21219662499999997
0.75,0.4375,0.125,0.8364425,0.3945056250000001,0.24962499999999999
0.75,0.4375,0.1875,0.8312298749999999,0.39944850000000004,0.28705337499999994
0.75,0.4375,0.25,0.8260172499999999,0.40439137500000005,0.32448175
0.75,0.4375,0.3125,0.820804625,0.40933425000000007,0.36191012499999997
0.75,0.4375,0.375,0.8155919999999999,0.414277125,0.3993385
0.75,0.4375,0.4375,0.8103793749999999,0.41922000000000004,0.436766875
0.75,0.4375,0.5,0.8051667499999999,0.42416287500000005,0.47419525
0.75,0.4375,0.5625,0.799954125,0.42910575000000006,0.511623625
0.75,0.4375,0.625,0.7947415,0.4340486250000001,0.5490520000000001
0.75,0.4375,0.6875,0.7895288749999999,0.43899150000000003,0.586480375
0.75,0.4375,0.75,0.7843162499999999,0.44393437500000005,0.62390875
0.75,0.4375,0.8125,0.779103625,0.44887725000000006,0.661337125
0.75,0.4375,0.875,0.7738909999999999,0.453820125,0.6987655
0.75,0.4375,0.9375,0.7686783749999999,0.45876300000000003,0.7361938750000001
0.75,0.4375,1.0,0.7634657499999999,0.46370587500000005,0.7736222500000001
0.75,0.5,0.0,0.8400044999999999,0.44583300000000003,0.19998649999999996
0.75,0.5,0.0625,0.834791875,0.45077587500000005,0.23741487499999997
0.75,0.5,0.125,0.8295792499999999,0.45571875000000006,0.27484325
0.75,0.5,0.1875,0.8243666249999999,0.460661625,0.31227162499999994
0.75,0.5,0.25,0.8191539999999999,0.46560450000000003,0.3497
0.75,0.5,0.3125,0.813941375,0.47054737500000005,0.38712837499999997
0.75,0.5,0.375,0.80872875,0.47549025,0.42455675
0.75,0.5,0.4375,0.8035161249999999,0.480433125,0.461985125
0.75,0.5,0.5,0.7983034999999999,0.48537600000000003,0.4994135
0.75,0.5,0.5625,0.793090875,0.49031887500000004,0.536841875
0.75,0.5,0.625,0.7878782499999999,0.49526175000000006,0.5742702500000001
0.75,0.5,0.6875,0.7826656249999999,0.5002046250000001,0.611698625
0.75,0.5,0.75,0.777453,0.5051475000000001,0.649127
0.75,0.5,0.8125,0.772240375,0.510090375,0.686555375
0.75,0.5,0.875,0.76702775,0.51503325,0.72398375
0.75,0.5,0.9375,0.7618151249999999,0.519976125,0.7614121250000001
0.75,0.5,1.0,0.7566025,0.524919,0.7988405000000001
0.75,0.5625,0.0,0.8331412499999999,0.507046125,0.22520474999999995
0.75,0.5625,0.0625,0.827928625,0.511989,0.26263312499999997
0.75,0.5625,0.125,0.822716,0.516931875,0.3000615
0.75,0.5625,0.1875,0.8175033749999999,0.52187475,0.33748987499999994
0.75,0.5625,0.25,0.81229075,0.5268176250000001,0.37491825
0.75,0.5625,0.3125,0.807078125,0.5317605,0.41234662499999997
0.75,0.5625,0.375,0.8018654999999999,0.536703375,0.449775
0.75,0.5625,0.4375,0.7966528749999999,0.54164625,0.487203375
0.75,0.5625,0.5,0.79144025,0.546589125,0.52463175
0.75,0.5625,0.5625,0.786227625,0.551532,0.562060125
0.75,0.5625,0.625,0.781015,0.556474875,0.5994885000000001
0.75,0.5625,0.6875,0.7758023749999999,0.56141775,0.636916875
0.75,0.5625,0.75,0.77058975,0.566360625,0.67434525
0.75,0.5625,0.8125,0.765377125,0.5713035,0.711773625
0.75,0.5625,0.875,0.7601644999999999,0.576246375,0.749202
0.75,0.5625,0.9375,0.7549518749999999,0.58118925,0.7866303750000001
0.75,0.5625,1.0,0.74973925,0.586132125,0.8240587500000001
0.75,0.625,0.0,0.826278,0.56825925,0.25042299999999995
0.75,0.625,0.0625,0.821065375,0.573202125,0.28785137499999996
0.75,0.625,0.125,0.8158527499999999,0.578145,0.32527975
0.75,0.625,0.1875,0.8106401249999999,0.583087875,0.36270812499999994
0.75,0.625,0.25,0.8054275,0.5880307499999999,0.4001365
0.75,0.625,0.3125,0.800214875,0.592973625,0.43756487499999996
0.75,0.625,0.375,0.79500225,0.5979165,0.47499325
0.75,0.625,0.4375,0.7897896249999999,0.602859375,0.512421625
0.75,0.625,0.5,0.784577,0.60780225,0.54985
0.75,0.625,0.5625,0.779364375,0.612745125,0.587278375
0.75,0.625,0.625,0.7741517499999999,0.617688,0.6247067500000001
0.75,0.625,0.6875,0.768939125,0.622630875,0.662135125
0.75,0.625,0.75,0.7637265,0.62757375,0.6995635
0.75,0.625,0.8125,0.758513875,0.6325166249999999,0.736991875
0.75,0.625,0.875,0.75330125,0.6374595,0.77442025
0.75,0.625,0.9375,0.748088625,0.642402375,0.8118486250000001
0.75,0.625,1.0,0.742876,0.64734525,0.8492770000000001
0.75,0.6875,0.0,0.81941475,0.629472375,0.27564124999999995
0.75,0.6875,0.0625,0.814202125,0.63441525,0.31306962499999996
0.75,0.6875,0.125,0.8089895,0.639358125,0.350498
0.75,0.6875,0.1875,0.803776875,0.644301,0.38792637499999993
0.75,0.6875,0.25,0.79856425,0.649243875,0.42535475
0.75,0.6875,0.3125,0.793351625,0.6541867499999999,0.46278312499999996
0.75,0.6875,0.375,0.7881389999999999,0.6591296249999999,0.5002115
0.75,0.6875,0.4375,0.782926375,0.6640725,0.537639875
0.75,0.6875,0.5,0.77771375,0.669015375,0.57506825
0.75,0.6875,0.5625,0.772501125,0.67395825,0.612496625
0.75,0.6875,0.625,0.7672885,0.678901125,0.6499250000000001
0.75,0.6875,0.6875,0.762075875,0.683844,0.687353375
0.75,0.6875,0.75,0.75686325,0.6887868749999999,0.72478175
0.75,0.6875,0.8125,0.751650625,0.6937297499999999,0.762210125
0.75,0.6875,0.875,0.7464379999999999,0.6986726249999999,0.7996385
0.75,0.6875,0.9375,0.741225375,0.7036155,0.8370668750000001
0.75,0.6875,1.0,0.73601275,0.708558375,0.8744952500000001
0.75,0.75,0.0,0.8125515,0.6906855,0.30085949999999995
0.75,0.75,0.0625,0.807338875,0.695628375,0.33828787499999996
0.75,0.75,0.125,0.8021262499999999,0.70057125,0.37571625
0.75,0.75,0.1875,0.796913625,0.705514125,0.41314462499999993
0.75,0.75,0.25,0.791701,0.7104569999999999,0.450573
0.75,0.75,0.3125,0.786488375,0.7153998749999999,0.48800137499999996
0.75,0.75,0.375,0.78127575,0.7203427499999999,0.52542975
0.75,0.75,0.4375,0.776063125,0.7252856249999999,0.562858125
0.75,0.75,0.5,0.7708505,0.7302285,0.6002865
0.75,0.75,0.5625,0.765637875,0.735171375,0.637714875
0.75,0.75,0.625,0.7604252499999999,0.74011425,0.6751432500000001
0.75,0.75,0.6875,0.755212625,0.745057125,0.712571625
0.75,0.75,0.75,0.75,0.75,0.75
0.75,0.75,0.8125,0.744787375,0.7549428749999999,0.787428375
0.75,0.75,0.875,0.7395747500000001,0.7598857499999999,0.82485675
0.75,0.75,0.9375,0.734362125,0.7648286249999999,0.8622851250000001
0.75,0.75,1.0,0.7291495,0.7697714999999999,0.8997135
0.75,0.8125,0.0,0.80568825,0.7518986249999999,0.32607774999999994
0.75,0.8125,0.0625,0.800475625,0.7568415,0.36350612499999996
0.75,0.8125,0.125,0.795263,0.761784375,0.40093449999999997
0.75,0.8125,0.1875,0.790050375,0.76672725,0.43836287499999993
0.75,0.8125,0.25,0.78483775,0.771670125,0.47579125
0.75,0.8125,0.3125,0.779625125,0.7766129999999999,0.513219625
0.75,0.8125,0.375,0.7744125,0.7815558749999999,0.550648
0.75,0.8125,0.4375,0.769199875,0.7864987499999999,0.588076375
0.75,0.8125,0.5,0.76398725,0.7914416249999999,0.6255047499999999
0.75,0.8125,0.5625,0.758774625,0.7963844999999999,0.662933125
0.75,0.8125,0.625,0.7535620000000001,0.801327375,0.7003615000000001
0.75,0.8125,0.6875,0.748349375,0.80627025,0.737789875
0.75,0.8125,0.75,0.74313675,0.8112131249999999,0.77521825
0.75,0.8125,0.8125,0.737924125,0.8161559999999999,0.812646625
0.75,0.8125,0.875,0.7327115,0.8210988749999999,0.850075
0.75,0.8125,0.9375,0.727498875,0.8260417499999999,0.8875033750000001
0.75,0.8125,1.0,0.72228625,0.8309846249999999,0.92493175
0.75,0.875,0.0,0.798825,0.81311175,0.35129599999999994
0.75,0.875,0.0625,0.793612375,0.818054625,0.38872437499999996
0.75,0.875,0.125,0.78839975,0.8229975,0.42615274999999997
0.75,0.875,0.1875,0.783187125,0.8279403750000001,0.4635811249999999
0.75,0.875,0.25,0.7779745,0.8328832500000001,0.5010095
0.75,0.875,0.3125,0.772761875,0.837826125,0.538437875
0.75,0.875,0.375,0.7675492500000001,0.842769,0.57586625
0.75,0.875,0.4375,0.762336625,0.847711875,0.613294625
0.75,0.875,0.5,0.757124,0.85265475,0.6507229999999999
0.75,0.875,0.5625,0.751911375,0.857597625,0.688151375
0.75,0.875,0.625,0.74669875,0.8625405,0.7255797500000001
0.75,0.875,0.6875,0.741486125,0.8674833750000001,0.763008125
0.75,0.875,0.75,0.7362735,0.87242625,0.8004365
0.75,0.875,0.8125,0.731060875,0.877369125,0.837864875
0.75,0.875,0.875,0.7258482500000001,0.882312,0.87529325
0.75,0.875,0.9375,0.720635625,0.887254875,0.9127216250000001
0.75,0.875,1.0,0.715423,0.89219775,0.95015
0.75,0.9375,0.0,0.79196175,0.874324875,0.37651424999999994
0.75,0.9375,0.0625,0.786749125,0.87926775,0.41394262499999995
0.75,0.9375,0.125,0.7815365000000001,0.884210625,0.45137099999999997
0.75,0.9375,0.1875,0.776323875,0.8891535,0.4887993749999999
0.75,0.9375,0.25,0.77111125,0.8940963749999999,0.52622775
0.75,0.9375,0.3125,0.765898625,0.89903925,0.563656125
0.75,0.9375,0.375,0.760686,0.903982125,0.6010845
0.75,0.9375,0.4375,0.755473375,0.908925,0.638512875
0.75,0.9375,0.5,0.75026075,0.913867875,0.6759412499999999
0.75,0.9375,0.5625,0.7450481250000001,0.91881075,0.713369625
0.75,0.9375,0.625,0.7398355000000001,0.923753625,0.7507980000000001
0.75,0.9375,0.6875,0.734622875,0.9286965,0.788226375
0.75,0.9375,0.75,0.72941025,0.933639375,0.82565475
0.75,0.9375,0.8125,0.7241976250000001,0.93858225,0.863083125
0.75,0.9375,0.875,0.718985,0.943525125,0.9005115
0.75,0.9375,0.9375,0.713772375,0.948468,0.9379398750000001
0.75,0.9375,1.0,0.70855975,0.953410875,0.97536825
0.75,1.0,0.0,0.7850985,0.935538,0.40173249999999994
0.75,1.0,0.0625,0.7798858750000001,0.940480875,0.43916087499999995
0.75,1.0,0.125,0.77467325,0.94542375,0.47658924999999996
0.75,1.0,0.1875,0.769460625,0.950366625,0.5140176249999999
0.75,1.0,0.25,0.764248,0.9553095,0.551446
0.75,1.0,0.3125,0.7590353750000001,0.9602523749999999,0.588874375
0.75,1.0,0.375,0.7538227500000001,0.96519525,0.62630275
0.75,1.0,0.4375,0.748610125,0.970138125,0.663731125
0.75,1.0,0.5,0.7433975,0.975081,0.7011594999999999
0.75,1.0,0.5625,0.7381848750000001,0.980023875,0.738587875
0.75,1.0,0.625,0.73297225,0.98496675,0.7760162500000001
0.75,1.0,0.6875,0.727759625,0.989909625,0.813444625
0.75,1.0,0.75,0.722547,0.9948524999999999,0.850873
0.75,1.0,0.8125,0.7173343750000001,0.9997953749999999,0.888301375
0.75,1.0,0.875,0.7121217500000001,1.00473825,0.92572975
0.75,1.0,0.9375,0.706909125,1.009681125,0.9631581250000001
0.75,1.0,1.0,0.7016965000000001,1.014624,1.0005865
0.8125,0.0,0.0,0.969486375,-0.04752799999999997,-0.0019061249999999964
0.8125,0.0,0.0625,0.96427375,-0.042585124999999974,0.03552225000000001
0.8125,0.0,0.125,0.9590611250000001,-0.037642249999999974,0.07295062500000002
0.8125,0.0,0.1875,0.9538485,-0.032699374999999975,0.11037900000000002
0.8125,0.0,0.25,0.948635875,-0.027756499999999976,0.14780737500000002
0.8125,0.0,0.3125,0.94342325,-0.022813624999999976,0.18523575000000003
0.8125,0.0,0.375,0.938210625,-0.017870749999999977,0.22266412500000002
0.8125,0.0,0.4375,0.932998,-0.012927874999999978,0.26009250000000006
0.8125,0.0,0.5,0.927785375,-0.007984999999999978,0.2975208750000001
0.8125,0.0,0.5625,0.92257275,-0.003042124999999979,0.3349492500000001
0.8125,0.0,0.625,0.9173601250000001,0.0019007500000000205,0.3723776250000001
0.8125,0.0,0.6875,0.9121475,0.00684362500000002,0.4098060000000001
0.8125,0.0,0.75,0.906934875,0.01178650000000002,0.4472343750000001
0.8125,0.0,0.8125,0.9017222500000001,0.01672937500000002,0.4846627500000001
0.8125,0.0,0.875,0.896509625,0.021672250000000018,0.5220911250000001
0.8125,0.0,0.9375,0.891297,0.026615125000000017,0.5595195000000002
0.8125,0.0,1.0,0.886084375,0.03155800000000002,0.5969478750000001
0.8125,0.0625,0.0,0.962623125,0.013685125000000027,0.023312124999999996
0.8125,0.0625,0.0625,0.9574105,0.018628000000000026,0.0607405
0.8125,0.0625,0.125,0.952197875,0.023570875000000026,0.09816887500000002
0.8125,0.0625,0.1875,0.94698525,0.028513750000000025,0.13559725
0.8125,0.0625,0.25,0.941772625,0.033456625000000025,0.17302562500000002
0.8125,0.0625,0.3125,0.9365600000000001,0.038399500000000024,0.21045400000000003
0.8125,0.0625,0.375,0.9313473750000001,0.04334237500000002,0.24788237500000002
0.8125,0.0625,0.4375,0.92613475,0.04828525000000002,0.28531075000000006
0.8125,0.0625,0.5,0.920922125,0.05322812500000002,0.32273912500000007
0.8125,0.0625,0.5625,0.9157095000000001,0.05817100000000002,0.3601675000000001
0.8125,0.0625,0.625,0.910496875,0.06311387500000001,0.3975958750000001
0.8125,0.0625,0.6875,0.90528425,0.06805675000000003,0.4350242500000001
0.8125,0.0625,0.75,0.900071625,0.07299962500000001,0.47245262500000007
0.8125,0.0625,0.8125,0.8948590000000001,0.07794250000000003,0.509881
0.8125,0.0625,0.875,0.8896463750000001,0.08288537500000001,0.5473093750000001
0.8125,0.0625,0.9375,0.88443375,0.08782825000000002,0.5847377500000002
0.8125,0.0625,1.0,0.879221125,0.09277112500000001,0.6221661250000001
0.8125,0.125,0.0,0.955759875,0.07489825000000003,0.048530374999999994
0.8125,0.125,0.0625,0.9505472500000001,0.07984112500000003,0.08595875
0.8125,0.125,0.125,0.9453346250000001,0.08478400000000003,0.12338712500000001
0.8125,0.125,0.1875,0.940122,0.08972687500000003,0.1608155
0.8125,0.125,0.25,0.934909375,0.09466975000000002,0.198243875
0.8125,0.125,0.3125,0.9296967500000001,0.09961262500000002,0.23567225000000003
0.8125,0.125,0.375,0.924484125,0.10455550000000002,0.27310062500000004
0.8125,0.125,0.4375,0.9192715,0.10949837500000002,0.31052900000000005
0.8125,0.125,0.5,0.914058875,0.11444125000000002,0.34795737500000007
0.8125,0.125,0.5625,0.9088462500000001,0.11938412500000002,0.3853857500000001
0.8125,0.125,0.625,0.9036336250000001,0.12432700000000002,0.4228141250000001
0.8125,0.125,0.6875,0.898421,0.12926987500000003,0.4602425000000001
0.8125,0.125,0.75,0.893208375,0.13421275000000002,0.49767087500000007
0.8125,0.125,0.8125,0.8879957500000001,0.139155625,0.53509925
0.8125,0.125,0.875,0.882783125,0.14409850000000002,0.5725276250000001
0.8125,0.125,0.9375,0.8775705,0.14904137500000003,0.6099560000000002
0.8125,0.125,1.0,0.8723578750000001,0.15398425000000002,0.6473843750000001
0.8125,0.1875,0.0,0.948896625,0.13611137500000003,0.07374862499999998
0.8125,0.1875,0.0625,0.9436840000000001,0.14105425000000005,0.111177
0.8125,0.1875,0.125,0.938471375,0.14599712500000003,0.14860537499999998
0.8125,0.1875,0.1875,0.93325875,0.15094000000000002,0.18603375
0.8125,0.1875,0.25,0.928046125,0.15588287500000003,0.223462125
0.8125,0.1875,0.3125,0.9228335000000001,0.16082575000000005,0.2608905
0.8125,0.1875,0.375,0.9176208750000001,0.16576862500000003,0.298318875
0.8125,0.1875,0.4375,0.91240825,0.17071150000000002,0.33574725000000005
0.8125,0.1875,0.5,0.9071956250000001,0.17565437500000003,0.373175625
0.8125,0.1875,0.5625,0.9019830000000001,0.18059725000000004,0.4106040000000001
0.8125,0.1875,0.625,0.896770375,0.18554012500000003,0.44803237500000004
0.8125,0.1875,0.6875,0.89155775,0.190483,0.4854607500000001
0.8125,0.1875,0.75,0.8863451250000001,0.19542587500000003,0.5228891250000001
0.8125,0.1875,0.8125,0.8811325000000001,0.20036875000000004,0.5603175
0.8125,0.1875,0.875,0.8759198750000001,0.20531162500000003,0.5977458750000001
0.8125,0.1875,0.9375,0.87070725,0.2102545,0.6351742500000002
0.8125,0.1875,1.0,0.8654946250000001,0.21519737500000002,0.6726026250000001
0.8125,0.25,0.0,0.9420333750000001,0.1973245,0.09896687499999998
0.8125,0.25,0.0625,0.9368207500000001,0.20226737500000003,0.13639525
0.8125,0.25,0.125,0.9316081250000001,0.20721025,0.17382362499999998
0.8125,0.25,0.1875,0.9263955,0.212153125,0.211252
0.8125,0.25,0.25,0.9211828750000001,0.217096,0.248680375
0.8125,0.25,0.3125,0.9159702500000001,0.22203887500000002,0.28610875
0.8125,0.25,0.375,0.910757625,0.22698175,0.323537125
0.8125,0.25,0.4375,0.905545,0.231924625,0.36096550000000005
0.8125,0.25,0.5,0.9003323750000001,0.2368675,0.398393875
0.8125,0.25,0.5625,0.8951197500000001,0.24181037500000002,0.4358222500000001
0.8125,0.25,0.625,0.8899071250000001,0.24675325,0.47325062500000004
0.8125,0.25,0.6875,0.8846945,0.251696125,0.5106790000000001
0.8125,0.25,0.75,0.8794818750000001,0.256639,0.5481073750000001
0.8125,0.25,0.8125,0.8742692500000001,0.261581875,0.58553575
0.8125,0.25,0.875,0.869056625,0.26652475,0.6229641250000001
0.8125,0.25,0.9375,0.8638440000000001,0.271467625,0.6603925000000002
0.8125,0.25,1.0,0.8586313750000001,0.2764105,0.6978208750000001
0.8125,0.3125,0.0,0.9351701250000001,0.25853762500000005,0.12418512499999997
0.8125,0.3125,0.0625,0.9299575000000001,0.26348050000000006,0.16161349999999997
0.8125,0.3125,0.125,0.924744875,0.268423375,0.19904187499999998
0.8125,0.3125,0.1875,0.91953225,0.27336625000000003,0.23647025
0.8125,0.3125,0.25,0.9143196250000001,0.27830912500000005,0.273898625
0.8125,0.3125,0.3125,0.9091070000000001,0.28325200000000006,0.311327
0.8125,0.3125,0.375,0.9038943750000001,0.2881948750000001,0.348755375
0.8125,0.3125,0.4375,0.8986817500000001,0.29313775000000003,0.38618375
0.8125,0.3125,0.5,0.8934691250000001,0.29808062500000004,0.423612125
0.8125,0.3125,0.5625,0.8882565000000001,0.30302350000000006,0.4610405
0.8125,0.3125,0.625,0.883043875,0.307966375,0.49846887500000003
0.8125,0.3125,0.6875,0.8778312500000001,0.31290925,0.5358972500000001
0.8125,0.3125,0.75,0.8726186250000001,0.31785212500000004,0.5733256250000001
0.8125,0.3125,0.8125,0.8674060000000001,0.32279500000000005,0.610754
0.8125,0.3125,0.875,0.8621933750000002,0.32773787500000007,0.6481823750000001
0.8125,0.3125,0.9375,0.8569807500000001,0.33268075,0.6856107500000002
0.8125,0.3125,1.0,0.8517681250000001,0.33762362500000004,0.7230391250000001
0.8125,0.375,0.0,0.9283068750000001,0.31975075000000003,0.14940337499999995
0.8125,0.375,0.0625,0.9230942500000001,0.32469362500000004,0.18683174999999996
0.8125,0.375,0.125,0.9178816250000001,0.3296365,0.22426012499999998
0.8125,0.375,0.1875,0.9126690000000001,0.334579375,0.2616885
0.8125,0.375,0.25,0.9074563750000001,0.33952225,0.29911687499999995
0.8125,0.375,0.3125,0.9022437500000001,0.34446512500000004,0.33654525
0.8125,0.375,0.375,0.897031125,0.34940800000000005,0.373973625
0.8125,0.375,0.4375,0.8918185000000001,0.354350875,0.411402
0.8125,0.375,0.5,0.8866058750000001,0.35929375,0.448830375
0.8125,0.375,0.5625,0.8813932500000001,0.36423662500000004,0.48625875
0.8125,0.375,0.625,0.8761806250000002,0.3691795,0.523687125
0.8125,0.375,0.6875,0.8709680000000001,0.374122375,0.5611155000000001
0.8125,0.375,0.75,0.8657553750000001,0.37906525,0.5985438750000001
0.8125,0.375,0.8125,0.8605427500000001,0.38400812500000003,0.63597225
0.8125,0.375,0.875,0.855330125,0.38895100000000005,0.673400625
0.8125,0.375,0.9375,0.8501175000000001,0.393893875,0.7108290000000002
0.8125,0.375,1.0,0.8449048750000001,0.39883675,0.7482573750000001
0.8125,0.4375,0.0,0.921443625,0.38096387500000006,0.17462162499999995
0.8125,0.4375,0.0625,0.916231,0.3859067500000001,0.21204999999999996
0.8125,0.4375,0.125,0.911018375,0.3908496250000001,0.24947837499999997
0.8125,0.4375,0.1875,0.90580575,0.39579250000000005,0.28690675
0.8125,0.4375,0.25,0.900593125,0.40073537500000006,0.32433512499999995
0.8125,0.4375,0.3125,0.8953805,0.4056782500000001,0.3617635
0.8125,0.4375,0.375,0.8901678749999999,0.41062112500000003,0.399191875
0.8125,0.4375,0.4375,0.88495525,0.41556400000000004,0.43662025
0.8125,0.4375,0.5,0.879742625,0.42050687500000006,0.474048625
0.8125,0.4375,0.5625,0.87453,0.42544975000000007,0.511477
0.8125,0.4375,0.625,0.8693173750000001,0.4303926250000001,0.548905375
0.8125,0.4375,0.6875,0.86410475,0.43533550000000004,0.5863337500000001
0.8125,0.4375,0.75,0.858892125,0.44027837500000006,0.6237621250000001
0.8125,0.4375,0.8125,0.8536795,0.44522125000000007,0.6611905
0.8125,0.4375,0.875,0.848466875,0.450164125,0.698618875
0.8125,0.4375,0.9375,0.84325425,0.45510700000000004,0.7360472500000002
0.8125,0.4375,1.0,0.838041625,0.46004987500000005,0.7734756250000001
0.8125,0.5,0.0,0.914580375,0.44217700000000004,0.19983987499999994
0.8125,0.5,0.0625,0.90936775,0.44711987500000006,0.23726824999999996
0.8125,0.5,0.125,0.904155125,0.45206275000000007,0.27469662499999997
0.8125,0.5,0.1875,0.8989425,0.457005625,0.312125
0.8125,0.5,0.25,0.893729875,0.46194850000000004,0.34955337499999994
0.8125,0.5,0.3125,0.88851725,0.46689137500000005,0.38698175
0.8125,0.5,0.375,0.8833046250000001,0.47183425,0.42441012499999997
0.8125,0.5,0.4375,0.878092,0.476777125,0.4618385
0.8125,0.5,0.5,0.872879375,0.48172000000000004,0.499266875
0.8125,0.5,0.5625,0.86766675,0.48666287500000005,0.53669525
0.8125,0.5,0.625,0.862454125,0.49160575000000006,0.574123625
0.8125,0.5,0.6875,0.8572415,0.496548625,0.6115520000000001
0.8125,0.5,0.75,0.852028875,0.5014915,0.648980375
0.8125,0.5,0.8125,0.84681625,0.506434375,0.68640875
0.8125,0.5,0.875,0.8416036250000001,0.51137725,0.723837125
0.8125,0.5,0.9375,0.836391,0.516320125,0.7612655000000002
0.8125,0.5,1.0,0.831178375,0.521263,0.7986938750000001
0.8125,0.5625,0.0,0.907717125,0.503390125,0.22505812499999994
0.8125,0.5625,0.0625,0.9025045,0.508333,0.26248649999999996
0.8125,0.5625,0.125,0.8972918750000001,0.513275875,0.29991487499999997
0.8125,0.5625,0.1875,0.89207925,0.5182187500000001,0.33734325
0.8125,0.5625,0.25,0.886866625,0.523161625,0.37477162499999994
0.8125,0.5625,0.3125,0.881654,0.5281045,0.4122
0.8125,0.5625,0.375,0.876441375,0.533047375,0.44962837499999997
0.8125,0.5625,0.4375,0.87122875,0.53799025,0.48705675
0.8125,0.5625,0.5,0.866016125,0.542933125,0.524485125
0.8125,0.5625,0.5625,0.8608035,0.547876,0.5619135
0.8125,0.5625,0.625,0.8555908750000001,0.552818875,0.599341875
0.8125,0.5625,0.6875,0.85037825,0.5577617500000001,0.6367702500000001
0.8125,0.5625,0.75,0.845165625,0.5627046250000001,0.674198625
0.8125,0.5625,0.8125,0.8399530000000001,0.5676475,0.711627
0.8125,0.5625,0.875,0.834740375,0.572590375,0.749055375
0.8125,0.5625,0.9375,0.82952775,0.57753325,0.7864837500000001
0.8125,0.5625,1.0,0.824315125,0.582476125,0.8239121250000001
0.8125,0.625,0.0,0.900853875,0.56460325,0.25027637499999994
0.8125,0.625,0.0625,0.89564125,0.569546125,0.28770474999999995
0.8125,0.625,0.125,0.890428625,0.574489,0.32513312499999997
0.8125,0.625,0.1875,0.885216,0.579431875,0.3625615
0.8125,0.625,0.25,0.880003375,0.58437475,0.39998987499999994
0.8125,0.625,0.3125,0.8747907500000001,0.589317625,0.43741825
0.8125,0.625,0.375,0.8695781250000001,0.5942605,0.47484662499999997
0.8125,0.625,0.4375,0.8643655,0.599203375,0.512275
0.8125,0.625,0.5,0.859152875,0.60414625,0.549703375
0.8125,0.625,0.5625,0.8539402500000001,0.609089125,0.58713175
0.8125,0.625,0.625,0.848727625,0.614032,0.624560125
0.8125,0.625,0.6875,0.843515,0.618974875,0.6619885000000001
0.8125,0.625,0.75,0.838302375,0.6239177499999999,0.699416875
0.8125,0.625,0.8125,0.8330897500000001,0.628860625,0.73684525
0.8125,0.625,0.875,0.8278771250000001,0.6338035,0.774273625
0.8125,0.625,0.9375,0.8226645,0.638746375,0.8117020000000001
0.8125,0.625,1.0,0.817451875,0.64368925,0.8491303750000001
0.8125,0.6875,0.0,0.893990625,0.625816375,0.27549462499999994
0.8125,0.6875,0.0625,0.8887780000000001,0.63075925,0.31292299999999995
0.8125,0.6875,0.125,0.8835653750000001,0.635702125,0.35035137499999996
0.8125,0.6875,0.1875,0.87835275,0.640645,0.38777975
0.8125,0.6875,0.25,0.873140125,0.6455878749999999,0.42520812499999994
0.8125,0.6875,0.3125,0.8679275000000001,0.6505307499999999,0.4626365
0.8125,0.6875,0.375,0.862714875,0.655473625,0.500064875
0.8125,0.6875,0.4375,0.85750225,0.6604165,0.53749325
0.8125,0.6875,0.5,0.852289625,0.665359375,0.574921625
0.8125,0.6875,0.5625,0.8470770000000001,0.67030225,0.61235
0.8125,0.6875,0.625,0.8418643750000001,0.675245125,0.649778375
0.8125,0.6875,0.6875,0.83665175,0.680188,0.6872067500000001
0.8125,0.6875,0.75,0.8314391250000001,0.685130875,0.724635125
0.8125,0.6875,0.8125,0.8262265000000001,0.6900737499999999,0.7620635
0.8125,0.6875,0.875,0.821013875,0.6950166249999999,0.799491875
0.8125,0.6875,0.9375,0.81580125,0.6999595,0.8369202500000001
0.8125,0.6875,1.0,0.8105886250000001,0.704902375,0.8743486250000001
0.8125,0.75,0.0,0.887127375,0.6870295,0.30071287499999994
0.8125,0.75,0.0625,0.8819147500000001,0.691972375,0.33814124999999995
0.8125,0.75,0.125,0.876702125,0.69691525,0.37556962499999996
0.8125,0.75,0.1875,0.8714895,0.701858125,0.412998
0.8125,0.75,0.25,0.8662768750000001,0.706801,0.45042637499999993
0.8125,0.75,0.3125,0.8610642500000001,0.7117438749999999,0.48785475
0.8125,0.75,0.375,0.8558516250000001,0.7166867499999999,0.525283125
0.8125,0.75,0.4375,0.850639,0.7216296249999999,0.5627115
0.8125,0.75,0.5,0.8454263750000001,0.7265725,0.600139875
0.8125,0.75,0.5625,0.8402137500000001,0.731515375,0.63756825
0.8125,0.75,0.625,0.835001125,0.73645825,0.674996625
0.8125,0.75,0.6875,0.8297885,0.741401125,0.7124250000000001
0.8125,0.75,0.75,0.8245758750000001,0.7463439999999999,0.749853375
0.8125,0.75,0.8125,0.8193632500000001,0.7512868749999999,0.78728175
0.8125,0.75,0.875,0.8141506250000001,0.7562297499999999,0.824710125
0.8125,0.75,0.9375,0.808938,0.7611726249999999,0.8621385000000001
0.8125,0.75,1.0,0.8037253750000001,0.7661155,0.8995668750000001
0.8125,0.8125,0.0,0.8802641250000001,0.7482426249999999,0.32593112499999993
0.8125,0.8125,0.0625,0.8750515000000001,0.7531855,0.36335949999999995
0.8125,0.8125,0.125,0.8698388750000001,0.758128375,0.40078787499999996
0.8125,0.8125,0.1875,0.86462625,0.76307125,0.43821625
0.8125,0.8125,0.25,0.8594136250000001,0.7680141249999999,0.47564462499999993
0.8125,0.8125,0.3125,0.8542010000000001,0.7729569999999999,0.513073
0.8125,0.8125,0.375,0.848988375,0.7778998749999999,0.550501375
0.8125,0.8125,0.4375,0.84377575,0.7828427499999999,0.58792975
0.8125,0.8125,0.5,0.8385631250000001,0.7877856249999999,0.625358125
0.8125,0.8125,0.5625,0.8333505000000001,0.7927285,0.6627865
0.8125,0.8125,0.625,0.8281378750000001,0.797671375,0.700214875
0.8125,0.8125,0.6875,0.82292525,0.80261425,0.7376432500000001
0.8125,0.8125,0.75,0.8177126250000001,0.807557125,0.775071625
0.8125,0.8125,0.8125,0.8125000000000001,0.8124999999999999,0.8125
0.8125,0.8125,0.875,0.807287375,0.8174428749999999,0.849928375
0.8125,0.8125,0.9375,0.8020747500000001,0.8223857499999999,0.8873567500000001
0.8125,0.8125,1.0,0.7968621250000001,0.8273286249999999,0.9247851250000001
0.8125,0.875,0.0,0.8734008750000001,0.80945575,0.35114937499999993
0.8125,0.875,0.0625,0.8681882500000001,0.814398625,0.38857774999999994
0.8125,0.875,0.125,0.862975625,0.8193415000000001,0.42600612499999996
0.8125,0.875,0.1875,0.857763,0.8242843750000001,0.46343449999999997
0.8125,0.875,0.25,0.8525503750000001,0.82922725,0.5008628749999999
0.8125,0.875,0.3125,0.8473377500000001,0.834170125,0.53829125
0.8125,0.875,0.375,0.8421251250000001,0.839113,0.575719625
0.8125,0.875,0.4375,0.8369125000000001,0.844055875,0.613148
0.8125,0.875,0.5,0.8316998750000001,0.84899875,0.650576375
0.8125,0.875,0.5625,0.8264872500000001,0.853941625,0.6880047499999999
0.8125,0.875,0.625,0.821274625,0.8588845,0.725433125
0.8125,0.875,0.6875,0.8160620000000001,0.8638273750000001,0.7628615000000001
0.8125,0.875,0.75,0.8108493750000001,0.8687702500000001,0.800289875
0.8125,0.875,0.8125,0.8056367500000001,0.873713125,0.83771825
0.8125,0.875,0.875,0.8004241250000002,0.878656,0.875146625
0.8125,0.875,0.9375,0.7952115000000001,0.883598875,0.9125750000000001
0.8125,0.875,1.0,0.7899988750000001,0.88854175,0.9500033750000001
0.8125,0.9375,0.0,0.8665376250000001,0.870668875,0.37636762499999993
0.8125,0.9375,0.0625,0.8613250000000001,0.87561175,0.41379599999999994
0.8125,0.9375,0.125,0.8561123750000001,0.880554625,0.45122437499999996
0.8125,0.9375,0.1875,0.8508997500000001,0.8854975,0.48865274999999997
0.8125,0.9375,0.25,0.8456871250000001,0.8904403750000001,0.5260811249999999
0.8125,0.9375,0.3125,0.8404745000000001,0.89538325,0.5635095
0.8125,0.9375,0.375,0.835261875,0.900326125,0.600937875
0.8125,0.9375,0.4375,0.8300492500000001,0.905269,0.63836625
0.8125,0.9375,0.5,0.8248366250000001,0.910211875,0.675794625
0.8125,0.9375,0.5625,0.8196240000000001,0.91515475,0.7132229999999999
0.8125,0.9375,0.625,0.8144113750000002,0.920097625,0.750651375
0.8125,0.9375,0.6875,0.8091987500000001,0.9250405,0.7880797500000001
0.8125,0.9375,0.75,0.8039861250000001,0.929983375,0.825508125
0.8125,0.9375,0.8125,0.7987735000000001,0.93492625,0.8629365
0.8125,0.9375,0.875,0.793560875,0.939869125,0.900364875
0.8125,0.9375,0.9375,0.7883482500000001,0.944812,0.9377932500000001
0.8125,0.9375,1.0,0.7831356250000001,0.949754875,0.9752216250000001
0.8125,1.0,0.0,0.8596743750000001,0.931882,0.4015858749999999
0.8125,1.0,0.0625,0.8544617500000001,0.936824875,0.43901424999999994
0.8125,1.0,0.125,0.849249125,0.94176775,0.47644262499999995
0.8125,1.0,0.1875,0.8440365000000001,0.946710625,0.513871
0.8125,1.0,0.25,0.8388238750000001,0.9516534999999999,0.5512993749999999
0.8125,1.0,0.3125,0.8336112500000001,0.9565963749999999,0.58872775
0.8125,1.0,0.375,0.8283986250000002,0.96153925,0.626156125
0.8125,1.0,0.4375,0.8231860000000001,0.966482125,0.6635845
0.8125,1.0,0.5,0.8179733750000001,0.971425,0.701012875
0.8125,1.0,0.5625,0.8127607500000001,0.976367875,0.7384412499999999
0.8125,1.0,0.625,0.8075481250000001,0.98131075,0.775869625
0.8125,1.0,0.6875,0.8023355000000001,0.986253625,0.8132980000000001
0.8125,1.0,0.75,0.7971228750000001,0.9911965,0.850726375
0.8125,1.0,0.8125,0.7919102500000001,0.9961393749999999,0.88815475
0.8125,1.0,0.875,0.7866976250000002,1.00108225,0.925583125
0.8125,1.0,0.9375,0.7814850000000001,1.006025125,0.9630115000000001
0.8125,1.0,1.0,0.7762723750000001,1.010968,1.000439875
0.875,0.0,0.0,1.04406225,-0.051183999999999966,-0.0020527499999999964
0.875,0.0,0.0625,1.038849625,-0.046241124999999966,0.03537562500000001
0.875,0.0,0.125,1.0336370000000001,-0.04129824999999997,0.07280400000000002
0.875,0.0,0.1875,1.0284243750000002,-0.03635537499999997,0.11023237500000002
0.875,0.0,0.25,1.0232117500000002,-0.03141249999999997,0.14766075000000004
0.875,0.0,0.3125,1.017999125,-0.02646962499999997,0.18508912500000005
0.875,0.0,0.375,1.0127865,-0.02152674999999997,0.22251750000000003
0.875,0.0,0.4375,1.007573875,-0.01658387499999997,0.25994587500000005
0.875,0.0,0.5,1.00236125,-0.01164099999999997,0.29737425000000006
0.875,0.0,0.5625,0.9971486250000001,-0.0066981249999999715,0.3348026250000001
0.875,0.0,0.625,0.9919360000000002,-0.0017552499999999721,0.3722310000000001
0.875,0.0,0.6875,0.9867233750000001,0.0031876250000000272,0.4096593750000001
0.875,0.0,0.75,0.9815107500000001,0.008130500000000027,0.44708775000000006
0.875,0.0,0.8125,0.9762981250000001,0.013073375000000026,0.4845161250000001
0.875,0.0,0.875,0.9710855,0.018016250000000025,0.5219445
0.875,0.0,0.9375,0.9658728750000001,0.022959125000000025,0.5593728750000001
0.875,0.0,1.0,0.9606602500000001,0.027902000000000024,0.5968012500000001
0.875,0.0625,0.0,1.037199,0.010029125000000035,0.0231655
0.875,0.0625,0.0625,1.031986375,0.014972000000000034,0.060593875000000005
0.875,0.0625,0.125,1.02677375,0.019914875000000033,0.09802225
0.875,0.0625,0.1875,1.021561125,0.024857750000000033,0.13545062500000002
0.875,0.0625,0.25,1.0163484999999999,0.029800625000000032,0.17287900000000003
0.875,0.0625,0.3125,1.011135875,0.03474350000000003,0.21030737500000005
0.875,0.0625,0.375,1.00592325,0.03968637500000003,0.24773575000000003
0.875,0.0625,0.4375,1.000710625,0.04462925000000003,0.28516412500000005
0.875,0.0625,0.5,0.995498,0.04957212500000003,0.32259250000000006
0.875,0.0625,0.5625,0.990285375,0.05451500000000003,0.3600208750000001
0.875,0.0625,0.625,0.98507275,0.05945787500000003,0.3974492500000001
0.875,0.0625,0.6875,0.979860125,0.06440075000000003,0.4348776250000001
0.875,0.0625,0.75,0.9746475,0.06934362500000002,0.47230600000000006
0.875,0.0625,0.8125,0.969434875,0.07428650000000003,0.5097343750000001
0.875,0.0625,0.875,0.96422225,0.07922937500000002,0.54716275
0.875,0.0625,0.9375,0.959009625,0.08417225000000003,0.5845911250000001
0.875,0.0625,1.0,0.953797,0.08911512500000002,0.6220195000000001
0.875,0.125,0.0,1.03033575,0.07124225000000003,0.04838374999999999
0.875,0.125,0.0625,1.0251231250000001,0.07618512500000003,0.08581212499999999
0.875,0.125,0.125,1.0199105000000002,0.08112800000000003,0.1232405
0.875,0.125,0.1875,1.0146978750000002,0.08607087500000003,0.160668875
0.875,0.125,0.25,1.00948525,0.09101375000000003,0.19809725
0.875,0.125,0.3125,1.004272625,0.09595662500000003,0.23552562500000002
0.875,0.125,0.375,0.9990600000000001,0.10089950000000003,0.27295400000000003
0.875,0.125,0.4375,0.9938473750000001,0.10584237500000003,0.31038237500000004
0.875,0.125,0.5,0.9886347500000001,0.11078525000000003,0.34781075000000006
0.875,0.125,0.5625,0.9834221250000001,0.11572812500000003,0.38523912500000007
0.875,0.125,0.625,0.9782095000000002,0.12067100000000003,0.4226675000000001
0.875,0.125,0.6875,0.9729968750000001,0.12561387500000004,0.4600958750000001
0.875,0.125,0.75,0.9677842500000001,0.13055675000000003,0.49752425000000006
0.875,0.125,0.8125,0.9625716250000002,0.135499625,0.5349526250000001
0.875,0.125,0.875,0.9573590000000001,0.14044250000000003,0.572381
0.875,0.125,0.9375,0.9521463750000001,0.14538537500000004,0.6098093750000001
0.875,0.125,1.0,0.9469337500000001,0.15032825000000002,0.6472377500000001
0.875,0.1875,0.0,1.0234725,0.13245537500000004,0.07360199999999999
0.875,0.1875,0.0625,1.018259875,0.13739825000000006,0.11103037499999999
0.875,0.1875,0.125,1.01304725,0.14234112500000004,0.14845875
0.875,0.1875,0.1875,1.007834625,0.14728400000000003,0.185887125
0.875,0.1875,0.25,1.0026220000000001,0.15222687500000004,0.2233155
0.875,0.1875,0.3125,0.997409375,0.15716975000000005,0.260743875
0.875,0.1875,0.375,0.99219675,0.16211262500000004,0.29817225
0.875,0.1875,0.4375,0.986984125,0.16705550000000002,0.33560062500000004
0.875,0.1875,0.5,0.9817715,0.17199837500000004,0.37302900000000005
0.875,0.1875,0.5625,0.976558875,0.17694125000000005,0.41045737500000007
0.875,0.1875,0.625,0.9713462500000001,0.18188412500000004,0.4478857500000001
0.875,0.1875,0.6875,0.966133625,0.18682700000000002,0.4853141250000001
0.875,0.1875,0.75,0.960921,0.19176987500000003,0.5227425
0.875,0.1875,0.8125,0.955708375,0.19671275000000005,0.5601708750000001
0.875,0.1875,0.875,0.95049575,0.20165562500000003,0.59759925
0.875,0.1875,0.9375,0.945283125,0.20659850000000002,0.6350276250000001
0.875,0.1875,1.0,0.9400705,0.21154137500000003,0.672456
0.875,0.25,0.0,1.0166092500000001,0.19366850000000002,0.09882024999999998
0.875,0.25,0.0625,1.0113966250000002,0.19861137500000003,0.13624862499999998
0.875,0.25,0.125,1.0061840000000002,0.20355425000000002,0.173677
0.875,0.25,0.1875,1.0009713750000002,0.208497125,0.21110537499999998
0.875,0.25,0.25,0.9957587500000001,0.21344000000000002,0.24853375
0.875,0.25,0.3125,0.9905461250000002,0.21838287500000003,0.285962125
0.875,0.25,0.375,0.9853335000000001,0.22332575000000002,0.3233905
0.875,0.25,0.4375,0.9801208750000001,0.228268625,0.36081887500000004
0.875,0.25,0.5,0.9749082500000001,0.23321150000000002,0.39824725000000005
0.875,0.25,0.5625,0.9696956250000002,0.23815437500000003,0.43567562500000007
0.875,0.25,0.625,0.9644830000000002,0.24309725000000001,0.4731040000000001
0.875,0.25,0.6875,0.9592703750000001,0.248040125,0.510532375
0.875,0.25,0.75,0.9540577500000001,0.252983,0.54796075
0.875,0.25,0.8125,0.9488451250000002,0.257925875,0.5853891250000001
0.875,0.25,0.875,0.9436325000000001,0.26286875,0.6228175
0.875,0.25,0.9375,0.9384198750000001,0.267811625,0.6602458750000001
0.875,0.25,1.0,0.9332072500000002,0.2727545,0.69767425
0.875,0.3125,0.0,1.009746,0.25488162500000006,0.12403849999999997
0.875,0.3125,0.0625,1.004533375,0.25982450000000007,0.16146687499999998
0.875,0.3125,0.125,0.9993207500000001,0.264767375,0.19889524999999997
0.875,0.3125,0.1875,0.994108125,0.26971025000000004,0.23632362499999998
0.875,0.3125,0.25,0.9888955,0.27465312500000005,0.273752
0.875,0.3125,0.3125,0.9836828750000001,0.27959600000000007,0.311180375
0.875,0.3125,0.375,0.97847025,0.2845388750000001,0.34860875
0.875,0.3125,0.4375,0.973257625,0.28948175000000004,0.386037125
0.875,0.3125,0.5,0.968045,0.29442462500000005,0.42346550000000005
0.875,0.3125,0.5625,0.9628323750000001,0.29936750000000006,0.460893875
0.875,0.3125,0.625,0.9576197500000001,0.304310375,0.4983222500000001
0.875,0.3125,0.6875,0.952407125,0.30925325000000004,0.535750625
0.875,0.3125,0.75,0.9471945,0.31419612500000005,0.573179
0.875,0.3125,0.8125,0.9419818750000001,0.31913900000000006,0.6106073750000001
0.875,0.3125,0.875,0.93676925,0.3240818750000001,0.64803575
0.875,0.3125,0.9375,0.931556625,0.32902475000000003,0.6854641250000001
0.875,0.3125,1.0,0.9263440000000001,0.33396762500000005,0.7228925
0.875,0.375,0.0,1.0028827500000002,0.31609475000000004,0.14925674999999997
0.875,0.375,0.0625,0.9976701250000002,0.32103762500000005,0.18668512499999998
0.875,0.375,0.125,0.9924575000000002,0.3259805,0.22411349999999997
0.875,0.375,0.1875,0.9872448750000001,0.330923375,0.261541875
0.875,0.375,0.25,0.9820322500000002,0.33586625000000003,0.29897025
0.875,0.375,0.3125,0.9768196250000002,0.34080912500000005,0.336398625
0.875,0.375,0.375,0.9716070000000001,0.34575200000000006,0.373827
0.875,0.375,0.4375,0.9663943750000001,0.350694875,0.411255375
0.875,0.375,0.5,0.9611817500000002,0.35563775000000003,0.44868375000000005
0.875,0.375,0.5625,0.9559691250000002,0.36058062500000004,0.486112125
0.875,0.375,0.625,0.9507565000000002,0.3655235,0.5235405000000001
0.875,0.375,0.6875,0.9455438750000001,0.370466375,0.560968875
0.875,0.375,0.75,0.9403312500000002,0.37540925,0.59839725
0.875,0.375,0.8125,0.9351186250000002,0.38035212500000004,0.6358256250000001
0.875,0.375,0.875,0.9299060000000001,0.38529500000000005,0.673254
0.875,0.375,0.9375,0.9246933750000002,0.390237875,0.7106823750000001
0.875,0.375,1.0,0.9194807500000002,0.39518075,0.74811075
0.875,0.4375,0.0,0.9960195000000001,0.37730787500000007,0.17447499999999996
0.875,0.4375,0.0625,0.9908068750000001,0.3822507500000001,0.21190337499999998
0.875,0.4375,0.125,0.9855942500000001,0.3871936250000001,0.24933174999999996
0.875,0.4375,0.1875,0.980381625,0.39213650000000005,0.286760125
0.875,0.4375,0.25,0.9751690000000001,0.39707937500000007,0.3241885
0.875,0.4375,0.3125,0.9699563750000001,0.4020222500000001,0.361616875
0.875,0.4375,0.375,0.96474375,0.40696512500000004,0.39904525
0.875,0.4375,0.4375,0.959531125,0.41190800000000005,0.436473625
0.875,0.4375,0.5,0.9543185000000001,0.41685087500000007,0.47390200000000005
0.875,0.4375,0.5625,0.9491058750000001,0.4217937500000001,0.511330375
0.875,0.4375,0.625,0.9438932500000001,0.4267366250000001,0.5487587500000001
0.875,0.4375,0.6875,0.938680625,0.43167950000000005,0.586187125
0.875,0.4375,0.75,0.9334680000000001,0.43662237500000006,0.6236155
0.875,0.4375,0.8125,0.9282553750000001,0.4415652500000001,0.6610438750000001
0.875,0.4375,0.875,0.92304275,0.44650812500000003,0.69847225
0.875,0.4375,0.9375,0.917830125,0.45145100000000005,0.7359006250000001
0.875,0.4375,1.0,0.9126175000000001,0.45639387500000006,0.773329
0.875,0.5,0.0,0.9891562500000001,0.43852100000000005,0.19969324999999996
0.875,0.5,0.0625,0.9839436250000001,0.44346387500000006,0.23712162499999997
0.875,0.5,0.125,0.978731,0.4484067500000001,0.27454999999999996
0.875,0.5,0.1875,0.973518375,0.45334962500000003,0.311978375
0.875,0.5,0.25,0.9683057500000001,0.45829250000000005,0.34940675
0.875,0.5,0.3125,0.9630931250000001,0.46323537500000006,0.386835125
0.875,0.5,0.375,0.9578805000000001,0.46817825,0.4242635
0.875,0.5,0.4375,0.952667875,0.47312112500000003,0.461691875
0.875,0.5,0.5,0.9474552500000001,0.47806400000000004,0.49912025000000004
0.875,0.5,0.5625,0.9422426250000001,0.48300687500000006,0.536548625
0.875,0.5,0.625,0.93703,0.48794975000000007,0.5739770000000001
0.875,0.5,0.6875,0.9318173750000001,0.49289262500000003,0.611405375
0.875,0.5,0.75,0.9266047500000001,0.49783550000000004,0.64883375
0.875,0.5,0.8125,0.9213921250000001,0.502778375,0.6862621250000001
0.875,0.5,0.875,0.9161795000000001,0.50772125,0.7236905
0.875,0.5,0.9375,0.9109668750000001,0.512664125,0.7611188750000001
0.875,0.5,1.0,0.9057542500000001,0.517607,0.79854725
0.875,0.5625,0.0,0.9822930000000001,0.4997341250000001,0.22491149999999996
0.875,0.5625,0.0625,0.9770803750000001,0.504677,0.26233987499999994
0.875,0.5625,0.125,0.9718677500000001,0.509619875,0.29976824999999996
0.875,0.5625,0.1875,0.9666551250000001,0.5145627500000001,0.33719662499999997
0.875,0.5625,0.25,0.9614425000000001,0.5195056250000001,0.374625
0.875,0.5625,0.3125,0.9562298750000001,0.5244485000000001,0.412053375
0.875,0.5625,0.375,0.95101725,0.5293913750000001,0.44948175
0.875,0.5625,0.4375,0.9458046250000001,0.5343342500000001,0.48691012499999997
0.875,0.5625,0.5,0.9405920000000001,0.5392771250000001,0.5243385
0.875,0.5625,0.5625,0.9353793750000001,0.54422,0.561766875
0.875,0.5625,0.625,0.9301667500000002,0.549162875,0.5991952500000001
0.875,0.5625,0.6875,0.9249541250000001,0.5541057500000001,0.636623625
0.875,0.5625,0.75,0.9197415000000001,0.5590486250000001,0.674052
0.875,0.5625,0.8125,0.9145288750000001,0.5639915000000001,0.711480375
0.875,0.5625,0.875,0.90931625,0.5689343750000001,0.74890875
0.875,0.5625,0.9375,0.9041036250000001,0.5738772500000001,0.7863371250000001
0.875,0.5625,1.0,0.8988910000000001,0.578820125,0.8237655
0.875,0.625,0.0,0.9754297500000001,0.56094725,0.25012974999999993
0.875,0.625,0.0625,0.9702171250000001,0.565890125,0.28755812499999994
0.875,0.625,0.125,0.9650045,0.570833,0.32498649999999996
0.875,0.625,0.1875,0.9597918750000001,0.575775875,0.3624148749999999
0.875,0.625,0.25,0.9545792500000001,0.58071875,0.39984325
0.875,0.625,0.3125,0.9493666250000001,0.585661625,0.43727162499999994
0.875,0.625,0.375,0.9441540000000002,0.5906045,0.47469999999999996
0.875,0.625,0.4375,0.9389413750000001,0.595547375,0.512128375
0.875,0.625,0.5,0.9337287500000001,0.60049025,0.54955675
0.875,0.625,0.5625,0.9285161250000001,0.605433125,0.586985125
0.875,0.625,0.625,0.9233035,0.610376,0.6244135
0.875,0.625,0.6875,0.9180908750000001,0.615318875,0.661841875
0.875,0.625,0.75,0.9128782500000001,0.6202617500000001,0.69927025
0.875,0.625,0.8125,0.9076656250000001,0.625204625,0.736698625
0.875,0.625,0.875,0.9024530000000002,0.6301475,0.774127
0.875,0.625,0.9375,0.8972403750000001,0.635090375,0.8115553750000001
0.875,0.625,1.0,0.8920277500000001,0.64003325,0.84898375
0.875,0.6875,0.0,0.9685665000000001,0.622160375,0.2753479999999999
0.875,0.6875,0.0625,0.9633538750000001,0.62710325,0.31277637499999994
0.875,0.6875,0.125,0.9581412500000002,0.632046125,0.35020474999999995
0.875,0.6875,0.1875,0.9529286250000001,0.636989,0.3876331249999999
0.875,0.6875,0.25,0.9477160000000001,0.641931875,0.4250615
0.875,0.6875,0.3125,0.9425033750000001,0.6468747499999999,0.46248987499999994
0.875,0.6875,0.375,0.9372907500000001,0.651817625,0.49991824999999995
0.875,0.6875,0.4375,0.9320781250000001,0.6567605,0.537346625
0.875,0.6875,0.5,0.9268655000000001,0.661703375,0.574775
0.875,0.6875,0.5625,0.9216528750000001,0.66664625,0.612203375
0.875,0.6875,0.625,0.9164402500000002,0.671589125,0.64963175
0.875,0.6875,0.6875,0.9112276250000001,0.676532,0.687060125
0.875,0.6875,0.75,0.9060150000000001,0.6814748749999999,0.7244885
0.875,0.6875,0.8125,0.9008023750000002,0.6864177499999999,0.761916875
0.875,0.6875,0.875,0.8955897500000001,0.691360625,0.79934525
0.875,0.6875,0.9375,0.8903771250000001,0.6963035,0.8367736250000001
0.875,0.6875,1.0,0.8851645000000001,0.701246375,0.874202
0.875,0.75,0.0,0.9617032500000001,0.6833735,0.3005662499999999
0.875,0.75,0.0625,0.9564906250000001,0.688316375,0.33799462499999994
0.875,0.75,0.125,0.9512780000000001,0.69325925,0.37542299999999995
0.875,0.75,0.1875,0.9460653750000001,0.698202125,0.4128513749999999
0.875,0.75,0.25,0.9408527500000001,0.7031449999999999,0.45027975
0.875,0.75,0.3125,0.9356401250000002,0.7080878749999999,0.48770812499999994
0.875,0.75,0.375,0.9304275000000002,0.7130307499999999,0.5251364999999999
0.875,0.75,0.4375,0.9252148750000001,0.717973625,0.562564875
0.875,0.75,0.5,0.9200022500000001,0.7229165,0.59999325
0.875,0.75,0.5625,0.9147896250000002,0.727859375,0.637421625
0.875,0.75,0.625,0.9095770000000001,0.73280225,0.67485
0.875,0.75,0.6875,0.9043643750000001,0.737745125,0.712278375
0.875,0.75,0.75,0.8991517500000001,0.742688,0.74970675
0.875,0.75,0.8125,0.8939391250000002,0.7476308749999999,0.787135125
0.875,0.75,0.875,0.8887265000000002,0.7525737499999999,0.8245635
0.875,0.75,0.9375,0.8835138750000001,0.7575166249999999,0.8619918750000001
0.875,0.75,1.0,0.8783012500000001,0.7624595,0.89942025
0.875,0.8125,0.0,0.9548400000000001,0.744586625,0.3257844999999999
0.875,0.8125,0.0625,0.9496273750000002,0.7495295,0.36321287499999994
0.875,0.8125,0.125,0.9444147500000002,0.754472375,0.40064124999999995
0.875,0.8125,0.1875,0.9392021250000001,0.75941525,0.4380696249999999
0.875,0.8125,0.25,0.9339895000000001,0.764358125,0.475498
0.875,0.8125,0.3125,0.9287768750000002,0.7693009999999999,0.5129263749999999
0.875,0.8125,0.375,0.9235642500000001,0.7742438749999999,0.5503547499999999
0.875,0.8125,0.4375,0.9183516250000001,0.7791867499999999,0.587783125
0.875,0.8125,0.5,0.9131390000000001,0.7841296249999999,0.6252115
0.875,0.8125,0.5625,0.9079263750000002,0.7890725,0.662639875
0.875,0.8125,0.625,0.9027137500000002,0.794015375,0.70006825
0.875,0.8125,0.6875,0.8975011250000001,0.79895825,0.737496625
0.875,0.8125,0.75,0.8922885000000002,0.8039011249999999,0.774925
0.875,0.8125,0.8125,0.8870758750000002,0.8088439999999999,0.812353375
0.875,0.8125,0.875,0.8818632500000001,0.8137868749999999,0.84978175
0.875,0.8125,0.9375,0.8766506250000001,0.8187297499999999,0.8872101250000001
0.875,0.8125,1.0,0.8714380000000002,0.8236726249999999,0.9246385
0.875,0.875,0.0,0.9479767500000001,0.80579975,0.3510027499999999
0.875,0.875,0.0625,0.9427641250000002,0.810742625,0.38843112499999993
0.875,0.875,0.125,0.9375515000000001,0.8156855000000001,0.42585949999999995
0.875,0.875,0.1875,0.9323388750000001,0.8206283750000001,0.4632878749999999
0.875,0.875,0.25,0.9271262500000002,0.8255712500000001,0.50071625
0.875,0.875,0.3125,0.9219136250000002,0.830514125,0.5381446249999999
0.875,0.875,0.375,0.9167010000000002,0.835457,0.5755729999999999
0.875,0.875,0.4375,0.9114883750000001,0.840399875,0.613001375
0.875,0.875,0.5,0.9062757500000002,0.84534275,0.65042975
0.875,0.875,0.5625,0.9010631250000002,0.850285625,0.687858125
0.875,0.875,0.625,0.8958505000000001,0.8552285000000001,0.7252865
0.875,0.875,0.6875,0.8906378750000001,0.8601713750000001,0.762714875
0.875,0.875,0.75,0.8854252500000002,0.86511425,0.80014325
0.875,0.875,0.8125,0.8802126250000002,0.870057125,0.837571625
0.875,0.875,0.875,0.8750000000000002,0.875,0.875
0.875,0.875,0.9375,0.8697873750000001,0.879942875,0.9124283750000001
0.875,0.875,1.0,0.8645747500000002,0.88488575,0.94985675
0.875,0.9375,0.0,0.9411135000000002,0.867012875,0.3762209999999999
0.875,0.9375,0.0625,0.9359008750000002,0.87195575,0.41364937499999993
0.875,0.9375,0.125,0.9306882500000002,0.876898625,0.45107774999999994
0.875,0.9375,0.1875,0.9254756250000001,0.8818415000000001,0.4885061249999999
0.875,0.9375,0.25,0.9202630000000002,0.886784375,0.5259345
0.875,0.9375,0.3125,0.9150503750000002,0.89172725,0.5633628749999999
0.875,0.9375,0.375,0.9098377500000001,0.896670125,0.6007912499999999
0.875,0.9375,0.4375,0.9046251250000001,0.901613,0.638219625
0.875,0.9375,0.5,0.8994125000000002,0.906555875,0.675648
0.875,0.9375,0.5625,0.8941998750000002,0.91149875,0.713076375
0.875,0.9375,0.625,0.8889872500000002,0.916441625,0.7505047499999999
0.875,0.9375,0.6875,0.8837746250000001,0.9213845,0.787933125
0.875,0.9375,0.75,0.8785620000000002,0.9263273750000001,0.8253615
0.875,0.9375,0.8125,0.8733493750000002,0.93127025,0.862789875
0.875,0.9375,0.875,0.8681367500000001,0.936213125,0.90021825
0.875,0.9375,0.9375,0.8629241250000002,0.941156,0.9376466250000001
0.875,0.9375,1.0,0.8577115000000002,0.946098875,0.975075
0.875,1.0,0.0,0.9342502500000002,0.928226,0.4014392499999999
0.875,1.0,0.0625,0.9290376250000002,0.933168875,0.43886762499999993
0.875,1.0,0.125,0.9238250000000001,0.93811175,0.47629599999999994
0.875,1.0,0.1875,0.9186123750000001,0.943054625,0.5137243749999999
0.875,1.0,0.25,0.9133997500000002,0.9479975,0.55115275
0.875,1.0,0.3125,0.9081871250000002,0.952940375,0.5885811249999999
0.875,1.0,0.375,0.9029745000000002,0.95788325,0.6260094999999999
0.875,1.0,0.4375,0.8977618750000002,0.962826125,0.663437875
0.875,1.0,0.5,0.8925492500000002,0.967769,0.70086625
0.875,1.0,0.5625,0.8873366250000002,0.972711875,0.738294625
0.875,1.0,0.625,0.8821240000000001,0.97765475,0.7757229999999999
0.875,1.0,0.6875,0.8769113750000002,0.982597625,0.813151375
0.875,1.0,0.75,0.8716987500000002,0.9875404999999999,0.85057975
0.875,1.0,0.8125,0.8664861250000002,0.992483375,0.888008125
0.875,1.0,0.875,0.8612735000000002,0.99742625,0.9254365
0.875,1.0,0.9375,0.8560608750000002,1.002369125,0.9628648750000001
0.875,1.0,1.0,0.8508482500000002,1.007312,1.00029325
0.9375,0.0,0.0,1.118638125,-0.054839999999999965,-0.002199374999999996
0.9375,0.0,0.0625,1.1134255,-0.049897124999999966,0.03522900000000001
0.9375,0.0,0.125,1.108212875,-0.044954249999999966,0.07265737500000002
0.9375,0.0,0.1875,1.10300025,-0.04001137499999997,0.11008575000000002
0.9375,0.0,0.25,1.097787625,-0.03506849999999997,0.14751412500000002
0.9375,0.0,0.3125,1.0925749999999999,-0.03012562499999997,0.18494250000000004
0.9375,0.0,0.375,1.0873623749999999,-0.02518274999999997,0.22237087500000002
0.9375,0.0,0.4375,1.08214975,-0.02023987499999997,0.25979925000000004
0.9375,0.0,0.5,1.076937125,-0.01529699999999997,0.29722762500000005
0.9375,0.0,0.5625,1.0717245,-0.010354124999999971,0.33465600000000006
0.9375,0.0,0.625,1.066511875,-0.005411249999999972,0.3720843750000001
0.9375,0.0,0.6875,1.06129925,-0.0004683749999999723,0.4095127500000001
0.9375,0.0,0.75,1.0560866249999998,0.004474500000000027,0.44694112500000005
0.9375,0.0,0.8125,1.0508739999999999,0.009417375000000026,0.48436950000000006
0.9375,0.0,0.875,1.045661375,0.014360250000000026,0.5217978750000001
0.9375,0.0,0.9375,1.04044875,0.019303125000000025,0.5592262500000001
0.9375,0.0,1.0,1.035236125,0.024246000000000024,0.5966546250000001
0.9375,0.0625,0.0,1.1117748749999998,0.006373125000000035,0.023018874999999998
0.9375,0.0625,0.0625,1.1065622499999999,0.011316000000000034,0.06044725000000001
0.9375,0.0625,0.125,1.1013496249999999,0.016258875000000034,0.09787562500000001
0.9375,0.0625,0.1875,1.096137,0.021201750000000033,0.135304
0.9375,0.0625,0.25,1.0909243749999997,0.026144625000000032,0.17273237500000002
0.9375,0.0625,0.3125,1.0857117499999998,0.031087500000000032,0.21016075000000004
0.9375,0.0625,0.375,1.0804991249999998,0.03603037500000003,0.24758912500000002
0.9375,0.0625,0.4375,1.0752864999999998,0.04097325000000003,0.28501750000000003
0.9375,0.0625,0.5,1.0700738749999998,0.04591612500000003,0.32244587500000005
0.9375,0.0625,0.5625,1.0648612499999999,0.05085900000000003,0.35987425000000006
0.9375,0.0625,0.625,1.059648625,0.05580187500000003,0.3973026250000001
0.9375,0.0625,0.6875,1.054436,0.06074475000000003,0.4347310000000001
0.9375,0.0625,0.75,1.049223375,0.06568762500000003,0.47215937500000005
0.9375,0.0625,0.8125,1.0440107499999998,0.07063050000000003,0.5095877500000001
0.9375,0.0625,0.875,1.0387981249999998,0.07557337500000003,0.5470161250000001
0.9375,0.0625,0.9375,1.0335854999999998,0.08051625000000003,0.5844445000000001
0.9375,0.0625,1.0,1.0283728749999999,0.08545912500000002,0.6218728750000001
0.9375,0.125,0.0,1.104911625,0.06758625000000004,0.04823712499999999
0.9375,0.125,0.0625,1.099699,0.07252912500000004,0.0856655
0.9375,0.125,0.125,1.094486375,0.07747200000000004,0.123093875
0.9375,0.125,0.1875,1.08927375,0.08241487500000004,0.16052225
0.9375,0.125,0.25,1.0840611249999998,0.08735775000000004,0.19795062500000002
0.9375,0.125,0.3125,1.0788484999999999,0.09230062500000004,0.23537900000000003
0.9375,0.125,0.375,1.073635875,0.09724350000000004,0.272807375
0.9375,0.125,0.4375,1.06842325,0.10218637500000004,0.31023575000000003
0.9375,0.125,0.5,1.063210625,0.10712925000000004,0.34766412500000005
0.9375,0.125,0.5625,1.057998,0.11207212500000004,0.38509250000000006
0.9375,0.125,0.625,1.052785375,0.11701500000000004,0.4225208750000001
0.9375,0.125,0.6875,1.04757275,0.12195787500000004,0.4599492500000001
0.9375,0.125,0.75,1.042360125,0.12690075000000003,0.49737762500000005
0.9375,0.125,0.8125,1.0371474999999999,0.13184362500000002,0.5348060000000001
0.9375,0.125,0.875,1.031934875,0.13678650000000003,0.5722343750000001
0.9375,0.125,0.9375,1.02672225,0.14172937500000005,0.6096627500000001
0.9375,0.125,1.0,1.021509625,0.14667225000000003,0.6470911250000001
0.9375,0.1875,0.0,1.0980483749999999,0.12879937500000002,0.07345537499999999
0.9375,0.1875,0.0625,1.0928357499999999,0.13374225,0.11088375
0.9375,0.1875,0.125,1.087623125,0.13868512500000002,0.14831212500000002
0.9375,0.1875,0.1875,1.0824105,0.14362800000000003,0.1857405
0.9375,0.1875,0.25,1.077197875,0.14857087500000002,0.22316887500000002
0.9375,0.1875,0.3125,1.0719852499999998,0.15351375,0.26059725
0.9375,0.1875,0.375,1.0667726249999998,0.15845662500000002,0.298025625
0.9375,0.1875,0.4375,1.0615599999999998,0.16339950000000003,0.33545400000000003
0.9375,0.1875,0.5,1.0563473749999999,0.16834237500000002,0.37288237500000004
0.9375,0.1875,0.5625,1.05113475,0.17328525,0.41031075000000006
0.9375,0.1875,0.625,1.045922125,0.17822812500000002,0.44773912500000007
0.9375,0.1875,0.6875,1.0407095,0.18317100000000003,0.4851675000000001
0.9375,0.1875,0.75,1.0354968749999998,0.188113875,0.522595875
0.9375,0.1875,0.8125,1.0302842499999998,0.19305675,0.5600242500000001
0.9375,0.1875,0.875,1.0250716249999998,0.197999625,0.5974526250000001
0.9375,0.1875,0.9375,1.0198589999999998,0.20294250000000003,0.6348810000000001
0.9375,0.1875,1.0,1.0146463749999999,0.207885375,0.6723093750000001
0.9375,0.25,0.0,1.091185125,0.19001250000000003,0.09867362499999999
0.9375,0.25,0.0625,1.0859725,0.19495537500000004,0.136102
0.9375,0.25,0.125,1.080759875,0.19989825000000003,0.17353037500000001
0.9375,0.25,0.1875,1.07554725,0.204841125,0.21095875
0.9375,0.25,0.25,1.070334625,0.20978400000000003,0.24838712500000001
0.9375,0.25,0.3125,1.065122,0.21472687500000004,0.2858155
0.9375,0.25,0.375,1.059909375,0.21966975000000002,0.323243875
0.9375,0.25,0.4375,1.05469675,0.224612625,0.36067225
0.9375,0.25,0.5,1.049484125,0.22955550000000002,0.39810062500000004
0.9375,0.25,0.5625,1.0442715,0.23449837500000004,0.43552900000000005
0.9375,0.25,0.625,1.039058875,0.23944125000000002,0.47295737500000007
0.9375,0.25,0.6875,1.03384625,0.244384125,0.5103857500000001
0.9375,0.25,0.75,1.0286336249999999,0.24932700000000002,0.547814125
0.9375,0.25,0.8125,1.023421,0.25426987500000003,0.5852425000000001
0.9375,0.25,0.875,1.018208375,0.25921275,0.6226708750000001
0.9375,0.25,0.9375,1.01299575,0.264155625,0.6600992500000001
0.9375,0.25,1.0,1.007783125,0.2690985,0.6975276250000001
0.9375,0.3125,0.0,1.0843218749999999,0.25122562500000006,0.12389187499999997
0.9375,0.3125,0.0625,1.07910925,0.2561685000000001,0.16132024999999997
0.9375,0.3125,0.125,1.073896625,0.26111137500000003,0.19874862499999998
0.9375,0.3125,0.1875,1.068684,0.26605425000000005,0.23617699999999997
0.9375,0.3125,0.25,1.0634713749999998,0.27099712500000006,0.273605375
0.9375,0.3125,0.3125,1.0582587499999998,0.2759400000000001,0.31103375
0.9375,0.3125,0.375,1.0530461249999998,0.2808828750000001,0.348462125
0.9375,0.3125,0.4375,1.0478334999999999,0.28582575000000005,0.3858905
0.9375,0.3125,0.5,1.042620875,0.29076862500000006,0.42331887500000004
0.9375,0.3125,0.5625,1.03740825,0.29571150000000007,0.46074725000000005
0.9375,0.3125,0.625,1.032195625,0.30065437500000003,0.49817562500000007
0.9375,0.3125,0.6875,1.026983,0.30559725000000004,0.5356040000000001
0.9375,0.3125,0.75,1.021770375,0.31054012500000006,0.573032375
0.9375,0.3125,0.8125,1.0165577499999998,0.31548300000000007,0.61046075
0.9375,0.3125,0.875,1.0113451249999998,0.3204258750000001,0.6478891250000001
0.9375,0.3125,0.9375,1.0061324999999999,0.32536875000000004,0.6853175000000001
0.9375,0.3125,1.0,1.000919875,0.33031162500000005,0.7227458750000001
0.9375,0.375,0.0,1.077458625,0.31243875000000004,0.14911012499999995
0.9375,0.375,0.0625,1.072246,0.31738162500000006,0.18653849999999997
0.9375,0.375,0.125,1.067033375,0.3223245,0.22396687499999995
0.9375,0.375,0.1875,1.06182075,0.327267375,0.26139524999999997
0.9375,0.375,0.25,1.056608125,0.33221025000000004,0.298823625
0.9375,0.375,0.3125,1.0513955,0.33715312500000005,0.336252
0.9375,0.375,0.375,1.046182875,0.34209600000000007,0.37368037499999995
0.9375,0.375,0.4375,1.04097025,0.347038875,0.41110875
0.9375,0.375,0.5,1.035757625,0.35198175000000004,0.448537125
0.9375,0.375,0.5625,1.030545,0.35692462500000005,0.48596550000000005
0.9375,0.375,0.625,1.025332375,0.3618675,0.523393875
0.9375,0.375,0.6875,1.02011975,0.366810375,0.5608222500000001
0.9375,0.375,0.75,1.0149071250000001,0.37175325000000004,0.598250625
0.9375,0.375,0.8125,1.0096945,0.37669612500000005,0.635679
0.9375,0.375,0.875,1.004481875,0.38163900000000006,0.6731073750000001
0.9375,0.375,0.9375,0.99926925,0.386581875,0.7105357500000001
0.9375,0.375,1.0,0.994056625,0.39152475000000003,0.7479641250000001
0.9375,0.4375,0.0,1.070595375,0.3736518750000001,0.17432837499999995
0.9375,0.4375,0.0625,1.06538275,0.3785947500000001,0.21175674999999997
0.9375,0.4375,0.125,1.060170125,0.3835376250000001,0.24918512499999995
0.9375,0.4375,0.1875,1.0549575,0.38848050000000006,0.28661349999999997
0.9375,0.4375,0.25,1.049744875,0.3934233750000001,0.324041875
0.9375,0.4375,0.3125,1.0445322499999998,0.3983662500000001,0.36147025
0.9375,0.4375,0.375,1.0393196249999999,0.40330912500000005,0.39889862499999995
0.9375,0.4375,0.4375,1.0341069999999999,0.40825200000000006,0.436327
0.9375,0.4375,0.5,1.028894375,0.4131948750000001,0.473755375
0.9375,0.4375,0.5625,1.02368175,0.4181377500000001,0.51118375
0.9375,0.4375,0.625,1.018469125,0.4230806250000001,0.548612125
0.9375,0.4375,0.6875,1.0132565,0.42802350000000006,0.5860405000000001
0.9375,0.4375,0.75,1.0080438749999998,0.43296637500000007,0.623468875
0.9375,0.4375,0.8125,1.0028312499999998,0.4379092500000001,0.66089725
0.9375,0.4375,0.875,0.9976186249999999,0.44285212500000004,0.6983256250000001
0.9375,0.4375,0.9375,0.9924059999999999,0.44779500000000005,0.7357540000000001
0.9375,0.4375,1.0,0.9871933749999999,0.45273787500000007,0.7731823750000001
0.9375,0.5,0.0,1.063732125,0.43486500000000006,0.19954662499999995
0.9375,0.5,0.0625,1.0585195,0.43980787500000007,0.23697499999999996
0.9375,0.5,0.125,1.053306875,0.4447507500000001,0.27440337499999995
0.9375,0.5,0.1875,1.0480942500000001,0.44969362500000004,0.31183174999999996
0.9375,0.5,0.25,1.0428816250000001,0.45463650000000005,0.349260125
0.9375,0.5,0.3125,1.037669,0.45957937500000007,0.3866885
0.9375,0.5,0.375,1.032456375,0.46452225,0.42411687499999995
0.9375,0.5,0.4375,1.02724375,0.46946512500000004,0.46154525
0.9375,0.5,0.5,1.022031125,0.47440800000000005,0.498973625
0.9375,0.5,0.5625,1.0168185,0.47935087500000007,0.536402
0.9375,0.5,0.625,1.011605875,0.4842937500000001,0.573830375
0.9375,0.5,0.6875,1.0063932500000001,0.48923662500000004,0.6112587500000001
0.9375,0.5,0.75,1.001180625,0.49417950000000005,0.648687125
0.9375,0.5,0.8125,0.9959680000000001,0.49912237500000006,0.6861155
0.9375,0.5,0.875,0.990755375,0.50406525,0.7235438750000001
0.9375,0.5,0.9375,0.98554275,0.509008125,0.7609722500000001
0.9375,0.5,1.0,0.980330125,0.513951,0.7984006250000001
0.9375,0.5625,0.0,1.056868875,0.4960781250000001,0.22476487499999995
0.9375,0.5625,0.0625,1.05165625,0.501021,0.26219324999999993
0.9375,0.5625,0.125,1.046443625,0.5059638750000001,0.29962162499999995
0.9375,0.5625,0.1875,1.041231,0.5109067500000001,0.33704999999999996
0.9375,0.5625,0.25,1.0360183749999998,0.5158496250000001,0.374478375
0.9375,0.5625,0.3125,1.0308057499999999,0.5207925000000001,0.41190675
0.9375,0.5625,0.375,1.0255931249999999,0.5257353750000001,0.44933512499999995
0.9375,0.5625,0.4375,1.0203805,0.5306782500000001,0.4867635
0.9375,0.5625,0.5,1.015167875,0.535621125,0.524191875
0.9375,0.5625,0.5625,1.00995525,0.540564,0.56162025
0.9375,0.5625,0.625,1.004742625,0.5455068750000001,0.599048625
0.9375,0.5625,0.6875,0.9995299999999999,0.5504497500000001,0.6364770000000001
0.9375,0.5625,0.75,0.994317375,0.5553926250000001,0.673905375
0.9375,0.5625,0.8125,0.98910475,0.5603355000000001,0.71133375
0.9375,0.5625,0.875,0.9838921249999999,0.5652783750000001,0.7487621250000001
0.9375,0.5625,0.9375,0.9786794999999999,0.5702212500000001,0.7861905000000001
0.9375,0.5625,1.0,0.973466875,0.5751641250000001,0.8236188750000001
0.9375,0.625,0.0,1.050005625,0.55729125,0.24998312499999992
0.9375,0.625,0.0625,1.044793,0.562234125,0.28741149999999993
0.9375,0.625,0.125,1.0395803750000001,0.567177,0.32483987499999994
0.9375,0.625,0.1875,1.0343677500000001,0.572119875,0.36226824999999996
0.9375,0.625,0.25,1.029155125,0.5770627500000001,0.3996966249999999
0.9375,0.625,0.3125,1.0239425,0.582005625,0.437125
0.9375,0.625,0.375,1.018729875,0.5869485,0.47455337499999994
0.9375,0.625,0.4375,1.01351725,0.591891375,0.5119817499999999
0.9375,0.625,0.5,1.008304625,0.59683425,0.549410125
0.9375,0.625,0.5625,1.003092,0.601777125,0.5868385
0.9375,0.625,0.625,0.9978793750000001,0.60672,0.624266875
0.9375,0.625,0.6875,0.99266675,0.611662875,0.66169525
0.9375,0.625,0.75,0.9874541250000001,0.61660575,0.6991236249999999
0.9375,0.625,0.8125,0.9822415000000001,0.621548625,0.736552
0.9375,0.625,0.875,0.977028875,0.6264915,0.773980375
0.9375,0.625,0.9375,0.97181625,0.631434375,0.81140875
0.9375,0.625,1.0,0.9666036250000001,0.63637725,0.848837125
0.9375,0.6875,0.0,1.043142375,0.618504375,0.2752013749999999
0.9375,0.6875,0.0625,1.03792975,0.62344725,0.31262974999999993
0.9375,0.6875,0.125,1.032717125,0.628390125,0.35005812499999994
0.9375,0.6875,0.1875,1.0275045,0.633333,0.38748649999999996
0.9375,0.6875,0.25,1.022291875,0.6382758749999999,0.4249148749999999
0.9375,0.6875,0.3125,1.0170792499999999,0.64321875,0.46234325
0.9375,0.6875,0.375,1.011866625,0.648161625,0.49977162499999994
0.9375,0.6875,0.4375,1.006654,0.6531045,0.5371999999999999
0.9375,0.6875,0.5,1.001441375,0.658047375,0.574628375
0.9375,0.6875,0.5625,0.99622875,0.66299025,0.61205675
0.9375,0.6875,0.625,0.991016125,0.667933125,0.649485125
0.9375,0.6875,0.6875,0.9858034999999999,0.672876,0.6869135
0.9375,0.6875,0.75,0.980590875,0.677818875,0.7243418749999999
0.9375,0.6875,0.8125,0.97537825,0.68276175,0.76177025
0.9375,0.6875,0.875,0.9701656249999999,0.687704625,0.799198625
0.9375,0.6875,0.9375,0.964953,0.6926475,0.836627
0.9375,0.6875,1.0,0.959740375,0.697590375,0.874055375
0.9375,0.75,0.0,1.036279125,0.6797175,0.3004196249999999
0.9375,0.75,0.0625,1.0310665,0.684660375,0.3378479999999999
0.9375,0.75,0.125,1.0258538750000001,0.68960325,0.37527637499999994
0.9375,0.75,0.1875,1.0206412500000002,0.694546125,0.41270474999999995
0.9375,0.75,0.25,1.0154286250000002,0.699489,0.4501331249999999
0.9375,0.75,0.3125,1.010216,0.7044318749999999,0.4875615
0.9375,0.75,0.375,1.005003375,0.7093747499999999,0.5249898749999999
0.9375,0.75,0.4375,0.9997907500000001,0.714317625,0.5624182499999999
0.9375,0.75,0.5,0.9945781250000001,0.7192605,0.599846625
0.9375,0.75,0.5625,0.9893655000000001,0.724203375,0.637275
0.9375,0.75,0.625,0.9841528750000001,0.72914625,0.674703375
0.9375,0.75,0.6875,0.9789402500000001,0.734089125,0.71213175
0.9375,0.75,0.75,0.9737276250000001,0.7390319999999999,0.7495601249999999
0.9375,0.75,0.8125,0.9685150000000001,0.7439748749999999,0.7869885
0.9375,0.75,0.875,0.963302375,0.7489177499999999,0.824416875
0.9375,0.75,0.9375,0.9580897500000001,0.753860625,0.86184525
0.9375,0.75,1.0,0.9528771250000001,0.7588035,0.899273625
0.9375,0.8125,0.0,1.029415875,0.740930625,0.3256378749999999
0.9375,0.8125,0.0625,1.02420325,0.7458735,0.3630662499999999
0.9375,0.8125,0.125,1.018990625,0.750816375,0.40049462499999994
0.9375,0.8125,0.1875,1.013778,0.75575925,0.43792299999999995
0.9375,0.8125,0.25,1.0085653749999999,0.7607021249999999,0.4753513749999999
0.9375,0.8125,0.3125,1.00335275,0.7656449999999999,0.51277975
0.9375,0.8125,0.375,0.9981401249999999,0.7705878749999999,0.5502081249999999
0.9375,0.8125,0.4375,0.9929275,0.7755307499999999,0.5876364999999999
0.9375,0.8125,0.5,0.987714875,0.780473625,0.625064875
0.9375,0.8125,0.5625,0.98250225,0.7854165,0.66249325
0.9375,0.8125,0.625,0.977289625,0.790359375,0.699921625
0.9375,0.8125,0.6875,0.972077,0.79530225,0.73735
0.9375,0.8125,0.75,0.966864375,0.800245125,0.7747783749999999
0.9375,0.8125,0.8125,0.96165175,0.8051879999999999,0.81220675
0.9375,0.8125,0.875,0.956439125,0.8101308749999999,0.849635125
0.9375,0.8125,0.9375,0.9512265,0.8150737499999999,0.8870635
0.9375,0.8125,1.0,0.946013875,0.8200166249999999,0.924491875
0.9375,0.875,0.0,1.0225526249999999,0.80214375,0.3508561249999999
0.9375,0.875,0.0625,1.01734,0.8070866250000001,0.3882844999999999
0.9375,0.875,0.125,1.012127375,0.8120295000000001,0.42571287499999994
0.9375,0.875,0.1875,1.00691475,0.8169723750000001,0.46314124999999995
0.9375,0.875,0.25,1.001702125,0.82191525,0.5005696249999999
0.9375,0.875,0.3125,0.9964894999999999,0.826858125,0.537998
0.9375,0.875,0.375,0.9912768749999998,0.831801,0.5754263749999999
0.9375,0.875,0.4375,0.9860642499999999,0.836743875,0.6128547499999999
0.9375,0.875,0.5,0.9808516249999999,0.84168675,0.650283125
0.9375,0.875,0.5625,0.9756389999999999,0.846629625,0.6877115
0.9375,0.875,0.625,0.970426375,0.8515725000000001,0.725139875
0.9375,0.875,0.6875,0.9652137499999999,0.8565153750000001,0.76256825
0.9375,0.875,0.75,0.9600011249999999,0.8614582500000001,0.7999966249999999
0.9375,0.875,0.8125,0.9547884999999999,0.866401125,0.837425
0.9375,0.875,0.875,0.9495758749999998,0.871344,0.874853375
0.9375,0.875,0.9375,0.9443632499999999,0.876286875,0.91228175
0.9375,0.875,1.0,0.9391506249999999,0.88122975,0.949710125
0.9375,0.9375,0.0,1.015689375,0.863356875,0.3760743749999999
0.9375,0.9375,0.0625,1.01047675,0.86829975,0.4135027499999999
0.9375,0.9375,0.125,1.005264125,0.873242625,0.45093112499999993
0.9375,0.9375,0.1875,1.0000515,0.8781855000000001,0.48835949999999995
0.9375,0.9375,0.25,0.994838875,0.8831283750000001,0.5257878749999999
0.9375,0.9375,0.3125,0.98962625,0.88807125,0.56321625
0.9375,0.9375,0.375,0.984413625,0.893014125,0.6006446249999999
0.9375,0.9375,0.4375,0.979201,0.897957,0.6380729999999999
0.9375,0.9375,0.5,0.973988375,0.902899875,0.675501375
0.9375,0.9375,0.5625,0.96877575,0.90784275,0.71292975
0.9375,0.9375,0.625,0.9635631250000001,0.912785625,0.750358125
0.9375,0.9375,0.6875,0.9583505,0.9177285000000001,0.7877865
0.9375,0.9375,0.75,0.953137875,0.922671375,0.8252148749999999
0.9375,0.9375,0.8125,0.94792525,0.92761425,0.86264325
0.9375,0.9375,0.875,0.942712625,0.932557125,0.900071625
0.9375,0.9375,0.9375,0.9375,0.9375,0.9375
0.9375,0.9375,1.0,0.932287375,0.942442875,0.974928375
0.9375,1.0,0.0,1.008826125,0.92457,0.4012926249999999
0.9375,1.0,0.0625,1.0036135,0.929512875,0.4387209999999999
0.9375,1.0,0.125,0.998400875,0.93445575,0.47614937499999993
0.9375,1.0,0.1875,0.9931882499999999,0.939398625,0.5135777499999999
0.9375,1.0,0.25,0.9879756249999999,0.9443415,0.5510061249999999
0.9375,1.0,0.3125,0.9827629999999999,0.949284375,0.5884345
0.9375,1.0,0.375,0.9775503749999999,0.95422725,0.6258628749999999
0.9375,1.0,0.4375,0.9723377499999999,0.959170125,0.6632912499999999
0.9375,1.0,0.5,0.9671251249999999,0.964113,0.700719625
0.9375,1.0,0.5625,0.9619125,0.969055875,0.738148
0.9375,1.0,0.625,0.956699875,0.97399875,0.775576375
0.9375,1.0,0.6875,0.9514872499999999,0.978941625,0.8130047499999999
0.9375,1.0,0.75,0.9462746249999999,0.9838845,0.8504331249999999
0.9375,1.0,0.8125,0.941062,0.988827375,0.8878615
0.9375,1.0,0.875,0.9358493749999999,0.99377025,0.925289875
0.9375,1.0,0.9375,0.9306367499999999,0.998713125,0.96271825
0.9375,1.0,1.0,0.9254241249999999,1.0036559999999999,1.000146625
1.0,0.0,0.0,1.193214,-0.058495999999999965,-0.0023459999999999957
1.0,0.0,0.0625,1.188001375,-0.053553124999999965,0.03508237500000001
1.0,0.0,0.125,1.18278875,-0.048610249999999966,0.07251075000000001
1.0,0.0,0.1875,1.177576125,-0.04366737499999997,0.10993912500000001
1.0,0.0,0.25,1.1723635,-0.03872449999999997,0.14736750000000004
1.0,0.0,0.3125,1.167150875,-0.03378162499999997,0.18479587500000005
1.0,0.0,0.375,1.16193825,-0.02883874999999997,0.22222425000000004
1.0,0.0,0.4375,1.156725625,-0.02389587499999997,0.259652625
1.0,0.0,0.5,1.151513,-0.01895299999999997,0.29708100000000004
1.0,0.0,0.5625,1.146300375,-0.01401012499999997,0.33450937500000005
1.0,0.0,0.625,1.14108775,-0.009067249999999971,0.37193775000000007
1.0,0.0,0.6875,1.135875125,-0.004124374999999972,0.4093661250000001
1.0,0.0,0.75,1.1306625000000001,0.0008185000000000275,0.44679450000000004
1.0,0.0,0.8125,1.125449875,0.005761375000000027,0.48422287500000005
1.0,0.0,0.875,1.12023725,0.010704250000000026,0.5216512500000001
1.0,0.0,0.9375,1.115024625,0.015647125000000026,0.5590796250000002
1.0,0.0,1.0,1.109812,0.020590000000000025,0.5965080000000001
1.0,0.0625,0.0,1.18635075,0.0027171250000000355,0.022872249999999997
1.0,0.0625,0.0625,1.181138125,0.007660000000000035,0.060300625000000004
1.0,0.0625,0.125,1.1759255,0.012602875000000034,0.09772900000000001
1.0,0.0625,0.1875,1.170712875,0.017545750000000034,0.13515737500000002
1.0,0.0625,0.25,1.16550025,0.022488625000000033,0.17258575000000004
1.0,0.0625,0.3125,1.1602876249999998,0.027431500000000032,0.21001412500000005
1.0,0.0625,0.375,1.1550749999999999,0.03237437500000003,0.2474425
1.0,0.0625,0.4375,1.1498623749999999,0.03731725000000003,0.284870875
1.0,0.0625,0.5,1.14464975,0.04226012500000003,0.32229925000000004
1.0,0.0625,0.5625,1.139437125,0.04720300000000003,0.35972762500000005
1.0,0.0625,0.625,1.1342245,0.05214587500000003,0.39715600000000006
1.0,0.0625,0.6875,1.129011875,0.05708875000000003,0.4345843750000001
1.0,0.0625,0.75,1.1237992499999998,0.06203162500000003,0.47201275000000004
1.0,0.0625,0.8125,1.1185866249999998,0.06697450000000002,0.509441125
1.0,0.0625,0.875,1.1133739999999999,0.07191737500000003,0.5468695000000001
1.0,0.0625,0.9375,1.108161375,0.07686025000000002,0.5842978750000002
1.0,0.0625,1.0,1.10294875,0.08180312500000003,0.6217262500000001
1.0,0.125,0.0,1.1794875,0.06393025000000004,0.048090499999999994
1.0,0.125,0.0625,1.174274875,0.06887312500000004,0.085518875
1.0,0.125,0.125,1.16906225,0.07381600000000003,0.12294725000000001
1.0,0.125,0.1875,1.163849625,0.07875887500000003,0.16037562500000002
1.0,0.125,0.25,1.1586370000000001,0.08370175000000003,0.19780400000000004
1.0,0.125,0.3125,1.153424375,0.08864462500000003,0.23523237500000005
1.0,0.125,0.375,1.14821175,0.09358750000000003,0.27266075
1.0,0.125,0.4375,1.142999125,0.09853037500000003,0.310089125
1.0,0.125,0.5,1.1377865,0.10347325000000003,0.34751750000000003
1.0,0.125,0.5625,1.132573875,0.10841612500000003,0.38494587500000005
1.0,0.125,0.625,1.12736125,0.11335900000000003,0.42237425000000006
1.0,0.125,0.6875,1.1221486250000001,0.11830187500000003,0.4598026250000001
1.0,0.125,0.75,1.116936,0.12324475000000003,0.49723100000000003
1.0,0.125,0.8125,1.111723375,0.12818762500000003,0.534659375
1.0,0.125,0.875,1.10651075,0.13313050000000004,0.5720877500000001
1.0,0.125,0.9375,1.101298125,0.13807337500000003,0.6095161250000002
1.0,0.125,1.0,1.0960855,0.14301625,0.6469445000000001
1.0,0.1875,0.0,1.17262425,0.12514337500000003,0.07330874999999998
1.0,0.1875,0.0625,1.167411625,0.13008625000000001,0.11073712499999999
1.0,0.1875,0.125,1.162199,0.13502912500000003,0.1481655
1.0,0.1875,0.1875,1.156986375,0.13997200000000004,0.185593875
1.0,0.1875,0.25,1.1517737499999998,0.14491487500000003,0.22302225
1.0,0.1875,0.3125,1.1465611249999998,0.14985775,0.26045062500000005
1.0,0.1875,0.375,1.1413484999999999,0.15480062500000003,0.297879
1.0,0.1875,0.4375,1.136135875,0.15974350000000004,0.335307375
1.0,0.1875,0.5,1.13092325,0.16468637500000002,0.37273575000000003
1.0,0.1875,0.5625,1.125710625,0.16962925,0.41016412500000005
1.0,0.1875,0.625,1.120498,0.17457212500000002,0.44759250000000006
1.0,0.1875,0.6875,1.115285375,0.17951500000000004,0.4850208750000001
1.0,0.1875,0.75,1.11007275,0.18445787500000002,0.52244925
1.0,0.1875,0.8125,1.1048601249999999,0.18940075,0.559877625
1.0,0.1875,0.875,1.0996474999999999,0.19434362500000002,0.5973060000000001
1.0,0.1875,0.9375,1.094434875,0.19928650000000003,0.6347343750000001
1.0,0.1875,1.0,1.08922225,0.20422937500000002,0.67216275
1.0,0.25,0.0,1.165761,0.18635650000000004,0.09852699999999998
1.0,0.25,0.0625,1.160548375,0.19129937500000005,0.135955375
1.0,0.25,0.125,1.15533575,0.19624225000000003,0.17338375
1.0,0.25,0.1875,1.1501231250000001,0.20118512500000002,0.210812125
1.0,0.25,0.25,1.1449105,0.20612800000000003,0.2482405
1.0,0.25,0.3125,1.139697875,0.21107087500000005,0.28566887500000004
1.0,0.25,0.375,1.13448525,0.21601375000000003,0.32309725
1.0,0.25,0.4375,1.129272625,0.22095662500000002,0.360525625
1.0,0.25,0.5,1.12406,0.22589950000000003,0.39795400000000003
1.0,0.25,0.5625,1.118847375,0.23084237500000004,0.43538237500000004
1.0,0.25,0.625,1.1136347500000001,0.23578525000000003,0.47281075000000006
1.0,0.25,0.6875,1.1084221250000001,0.24072812500000002,0.510239125
1.0,0.25,0.75,1.1032095000000002,0.24567100000000003,0.5476675
1.0,0.25,0.8125,1.097996875,0.25061387500000004,0.585095875
1.0,0.25,0.875,1.09278425,0.25555675,0.6225242500000001
1.0,0.25,0.9375,1.087571625,0.260499625,0.6599526250000001
1.0,0.25,1.0,1.082359,0.2654425,0.697381
1.0,0.3125,0.0,1.15889775,0.24756962500000004,0.12374524999999996
1.0,0.3125,0.0625,1.153685125,0.25251250000000003,0.16117362499999996
1.0,0.3125,0.125,1.1484725,0.25745537500000004,0.19860199999999997
1.0,0.3125,0.1875,1.143259875,0.26239825000000006,0.23603037499999996
1.0,0.3125,0.25,1.13804725,0.26734112500000007,0.27345875
1.0,0.3125,0.3125,1.1328346249999999,0.272284,0.310887125
1.0,0.3125,0.375,1.127622,0.27722687500000004,0.3483155
1.0,0.3125,0.4375,1.122409375,0.28216975000000005,0.385743875
1.0,0.3125,0.5,1.11719675,0.287112625,0.42317225
1.0,0.3125,0.5625,1.111984125,0.2920555,0.46060062500000004
1.0,0.3125,0.625,1.1067715,0.29699837500000004,0.49802900000000005
1.0,0.3125,0.6875,1.101558875,0.30194125000000005,0.535457375
1.0,0.3125,0.75,1.0963462499999999,0.30688412500000006,0.57288575
1.0,0.3125,0.8125,1.0911336249999999,0.311827,0.610314125
1.0,0.3125,0.875,1.085921,0.31676987500000003,0.6477425
1.0,0.3125,0.9375,1.080708375,0.32171275000000005,0.6851708750000001
1.0,0.3125,1.0,1.07549575,0.326655625,0.72259925
1.0,0.375,0.0,1.1520345,0.30878275,0.14896349999999997
1.0,0.375,0.0625,1.146821875,0.313725625,0.18639187499999998
1.0,0.375,0.125,1.1416092500000001,0.3186685,0.22382025
1.0,0.375,0.1875,1.1363966250000002,0.323611375,0.261248625
1.0,0.375,0.25,1.1311840000000002,0.32855425,0.29867699999999997
1.0,0.375,0.3125,1.125971375,0.333497125,0.33610537500000004
1.0,0.375,0.375,1.12075875,0.33843999999999996,0.37353375
1.0,0.375,0.4375,1.115546125,0.343382875,0.410962125
1.0,0.375,0.5,1.1103335,0.34832575,0.4483905
1.0,0.375,0.5625,1.1051208750000001,0.353268625,0.48581887500000004
1.0,0.375,0.625,1.0999082500000001,0.3582115,0.52324725
1.0,0.375,0.6875,1.0946956250000002,0.363154375,0.560675625
1.0,0.375,0.75,1.089483,0.36809725,0.598104
1.0,0.375,0.8125,1.084270375,0.373040125,0.635532375
1.0,0.375,0.875,1.07905775,0.37798299999999996,0.6729607500000001
1.0,0.375,0.9375,1.073845125,0.38292587499999997,0.7103891250000001
1.0,0.375,1.0,1.0686325,0.38786875,0.7478175
1.0,0.4375,0.0,1.14517125,0.3699958750000001,0.17418174999999997
1.0,0.4375,0.0625,1.139958625,0.3749387500000001,0.21161012499999998
1.0,0.4375,0.125,1.134746,0.3798816250000001,0.2490385
1.0,0.4375,0.1875,1.129533375,0.38482450000000007,0.286466875
1.0,0.4375,0.25,1.1243207499999999,0.3897673750000001,0.32389524999999997
1.0,0.4375,0.3125,1.119108125,0.3947102500000001,0.36132362500000004
1.0,0.4375,0.375,1.1138955,0.39965312500000005,0.398752
1.0,0.4375,0.4375,1.108682875,0.40459600000000007,0.436180375
1.0,0.4375,0.5,1.10347025,0.4095388750000001,0.47360875
1.0,0.4375,0.5625,1.098257625,0.4144817500000001,0.5110371250000001
1.0,0.4375,0.625,1.093045,0.4194246250000001,0.5484655
1.0,0.4375,0.6875,1.087832375,0.42436750000000006,0.585893875
1.0,0.4375,0.75,1.08261975,0.4293103750000001,0.62332225
1.0,0.4375,0.8125,1.077407125,0.4342532500000001,0.660750625
1.0,0.4375,0.875,1.0721945,0.43919612500000005,0.6981790000000001
1.0,0.4375,0.9375,1.066981875,0.44413900000000006,0.7356073750000001
1.0,0.4375,1.0,1.06176925,0.4490818750000001,0.77303575
1.0,0.5,0.0,1.138308,0.43120900000000006,0.19939999999999997
1.0,0.5,0.0625,1.1330953750000001,0.4361518750000001,0.23682837499999998
1.0,0.5,0.125,1.1278827500000002,0.4410947500000001,0.27425675
1.0,0.5,0.1875,1.1226701250000002,0.44603762500000005,0.311685125
1.0,0.5,0.25,1.1174575,0.45098050000000006,0.34911349999999997
1.0,0.5,0.3125,1.112244875,0.4559233750000001,0.38654187500000003
1.0,0.5,0.375,1.10703225,0.46086625000000003,0.42397025
1.0,0.5,0.4375,1.101819625,0.46580912500000005,0.461398625
1.0,0.5,0.5,1.096607,0.47075200000000006,0.498827
1.0,0.5,0.5625,1.0913943750000001,0.4756948750000001,0.5362553750000001
1.0,0.5,0.625,1.0861817500000002,0.4806377500000001,0.57368375
1.0,0.5,0.6875,1.0809691250000002,0.48558062500000004,0.611112125
1.0,0.5,0.75,1.0757565000000002,0.49052350000000006,0.6485405
1.0,0.5,0.8125,1.070543875,0.49546637500000007,0.685968875
1.0,0.5,0.875,1.06533125,0.50040925,0.7233972500000001
1.0,0.5,0.9375,1.060118625,0.505352125,0.7608256250000001
1.0,0.5,1.0,1.0549060000000001,0.510295,0.798254
1.0,0.5625,0.0,1.13144475,0.49242212500000004,0.22461824999999996
1.0,0.5625,0.0625,1.126232125,0.49736500000000006,0.262046625
1.0,0.5625,0.125,1.1210195,0.5023078750000001,0.299475
1.0,0.5625,0.1875,1.115806875,0.5072507500000001,0.336903375
1.0,0.5625,0.25,1.1105942500000001,0.5121936250000001,0.37433174999999996
1.0,0.5625,0.3125,1.105381625,0.5171365,0.41176012500000003
1.0,0.5625,0.375,1.100169,0.522079375,0.4491885
1.0,0.5625,0.4375,1.094956375,0.52702225,0.486616875
1.0,0.5625,0.5,1.08974375,0.531965125,0.52404525
1.0,0.5625,0.5625,1.084531125,0.536908,0.5614736250000001
1.0,0.5625,0.625,1.0793185,0.5418508750000001,0.598902
1.0,0.5625,0.6875,1.074105875,0.5467937500000001,0.636330375
1.0,0.5625,0.75,1.06889325,0.551736625,0.67375875
1.0,0.5625,0.8125,1.063680625,0.5566795,0.711187125
1.0,0.5625,0.875,1.058468,0.561622375,0.7486155000000001
1.0,0.5625,0.9375,1.053255375,0.56656525,0.7860438750000001
1.0,0.5625,1.0,1.04804275,0.571508125,0.82347225
1.0,0.625,0.0,1.1245815000000001,0.55363525,0.24983649999999993
1.0,0.625,0.0625,1.1193688750000002,0.558578125,0.2872648749999999
1.0,0.625,0.125,1.1141562500000002,0.563521,0.32469324999999993
1.0,0.625,0.1875,1.1089436250000002,0.5684638750000001,0.36212162499999995
1.0,0.625,0.25,1.1037310000000002,0.57340675,0.39954999999999996
1.0,0.625,0.3125,1.098518375,0.578349625,0.436978375
1.0,0.625,0.375,1.09330575,0.5832925,0.47440675
1.0,0.625,0.4375,1.088093125,0.588235375,0.511835125
1.0,0.625,0.5,1.0828805000000001,0.59317825,0.5492635
1.0,0.625,0.5625,1.0776678750000002,0.598121125,0.586691875
1.0,0.625,0.625,1.0724552500000002,0.603064,0.62412025
1.0,0.625,0.6875,1.0672426250000002,0.6080068750000001,0.661548625
1.0,0.625,0.75,1.06203,0.6129497500000001,0.698977
1.0,0.625,0.8125,1.056817375,0.617892625,0.736405375
1.0,0.625,0.875,1.05160475,0.6228355,0.77383375
1.0,0.625,0.9375,1.0463921250000001,0.627778375,0.8112621250000001
1.0,0.625,1.0,1.0411795000000001,0.63272125,0.8486905
1.0,0.6875,0.0,1.11771825,0.614848375,0.2750547499999999
1.0,0.6875,0.0625,1.112505625,0.61979125,0.3124831249999999
1.0,0.6875,0.125,1.107293,0.624734125,0.34991149999999993
1.0,0.6875,0.1875,1.1020803750000001,0.629677,0.3873398749999999
1.0,0.6875,0.25,1.09686775,0.634619875,0.42476824999999996
1.0,0.6875,0.3125,1.091655125,0.63956275,0.4621966249999999
1.0,0.6875,0.375,1.0864425,0.644505625,0.49962499999999993
1.0,0.6875,0.4375,1.081229875,0.6494485,0.5370533749999999
1.0,0.6875,0.5,1.07601725,0.654391375,0.5744817499999999
1.0,0.6875,0.5625,1.070804625,0.65933425,0.611910125
1.0,0.6875,0.625,1.065592,0.664277125,0.6493385
1.0,0.6875,0.6875,1.0603793750000001,0.66922,0.686766875
1.0,0.6875,0.75,1.0551667500000002,0.6741628749999999,0.72419525
1.0,0.6875,0.8125,1.049954125,0.67910575,0.7616236249999999
1.0,0.6875,0.875,1.0447415,0.684048625,0.799052
1.0,0.6875,0.9375,1.039528875,0.6889915,0.836480375
1.0,0.6875,1.0,1.03431625,0.693934375,0.87390875
1.0,0.75,0.0,1.110855,0.6760615,0.3002729999999999
1.0,0.75,0.0625,1.105642375,0.681004375,0.3377013749999999
1.0,0.75,0.125,1.10042975,0.68594725,0.37512974999999993
1.0,0.75,0.1875,1.095217125,0.690890125,0.4125581249999999
1.0,0.75,0.25,1.0900045,0.6958329999999999,0.44998649999999996
1.0,0.75,0.3125,1.0847918749999999,0.7007758749999999,0.4874148749999999
1.0,0.75,0.375,1.0795792499999999,0.70571875,0.52484325
1.0,0.75,0.4375,1.074366625,0.710661625,0.5622716249999999
1.0,0.75,0.5,1.069154,0.7156045,0.5996999999999999
1.0,0.75,0.5625,1.063941375,0.720547375,0.637128375
1.0,0.75,0.625,1.05872875,0.72549025,0.67455675
1.0,0.75,0.6875,1.053516125,0.730433125,0.711985125
1.0,0.75,0.75,1.0483034999999998,0.735376,0.7494135
1.0,0.75,0.8125,1.0430908749999999,0.7403188749999999,0.7868418749999999
1.0,0.75,0.875,1.03787825,0.74526175,0.82427025
1.0,0.75,0.9375,1.032665625,0.750204625,0.861698625
1.0,0.75,1.0,1.027453,0.7551475,0.899127
1.0,0.8125,0.0,1.10399175,0.737274625,0.3254912499999999
1.0,0.8125,0.0625,1.098779125,0.7422175,0.3629196249999999
1.0,0.8125,0.125,1.0935665,0.747160375,0.4003479999999999
1.0,0.8125,0.1875,1.0883538750000001,0.75210325,0.4377763749999999
1.0,0.8125,0.25,1.0831412500000002,0.757046125,0.47520474999999995
1.0,0.8125,0.3125,1.077928625,0.7619889999999999,0.5126331249999999
1.0,0.8125,0.375,1.072716,0.7669318749999999,0.5500615
1.0,0.8125,0.4375,1.067503375,0.7718747499999999,0.5874898749999999
1.0,0.8125,0.5,1.06229075,0.776817625,0.6249182499999999
1.0,0.8125,0.5625,1.057078125,0.7817605,0.662346625
1.0,0.8125,0.625,1.0518655000000001,0.786703375,0.699775
1.0,0.8125,0.6875,1.0466528750000001,0.79164625,0.737203375
1.0,0.8125,0.75,1.04144025,0.7965891249999999,0.77463175
1.0,0.8125,0.8125,1.036227625,0.8015319999999999,0.8120601249999999
1.0,0.8125,0.875,1.031015,0.8064748749999999,0.8494885
1.0,0.8125,0.9375,1.025802375,0.8114177499999999,0.886916875
1.0,0.8125,1.0,1.02058975,0.816360625,0.92434525
1.0,0.875,0.0,1.0971285,0.79848775,0.3507094999999999
1.0,0.875,0.0625,1.091915875,0.8034306250000001,0.3881378749999999
1.0,0.875,0.125,1.08670325,0.8083735000000001,0.4255662499999999
1.0,0.875,0.1875,1.081490625,0.8133163750000001,0.4629946249999999
1.0,0.875,0.25,1.0762779999999998,0.8182592500000001,0.500423
1.0,0.875,0.3125,1.0710653749999999,0.823202125,0.5378513749999999
1.0,0.875,0.375,1.06585275,0.828145,0.57527975
1.0,0.875,0.4375,1.060640125,0.833087875,0.6127081249999999
1.0,0.875,0.5,1.0554275,0.83803075,0.6501364999999999
1.0,0.875,0.5625,1.050214875,0.8429736250000001,0.687564875
1.0,0.875,0.625,1.04500225,0.8479165000000001,0.72499325
1.0,0.875,0.6875,1.039789625,0.8528593750000001,0.762421625
1.0,0.875,0.75,1.034577,0.85780225,0.79985
1.0,0.875,0.8125,1.0293643749999999,0.862745125,0.8372783749999999
1.0,0.875,0.875,1.02415175,0.867688,0.87470675
1.0,0.875,0.9375,1.018939125,0.872630875,0.912135125
1.0,0.875,1.0,1.0137265,0.87757375,0.9495635
1.0,0.9375,0.0,1.09026525,0.859700875,0.3759277499999999
1.0,0.9375,0.0625,1.085052625,0.86464375,0.4133561249999999
1.0,0.9375,0.125,1.0798400000000001,0.8695866250000001,0.4507844999999999
1.0,0.9375,0.1875,1.0746273750000002,0.8745295000000001,0.4882128749999999
1.0,0.9375,0.25,1.06941475,0.879472375,0.52564125
1.0,0.9375,0.3125,1.064202125,0.88441525,0.5630696249999999
1.0,0.9375,0.375,1.0589895,0.889358125,0.600498
1.0,0.9375,0.4375,1.053776875,0.894301,0.6379263749999999
1.0,0.9375,0.5,1.04856425,0.899243875,0.6753547499999999
1.0,0.9375,0.5625,1.0433516250000001,0.90418675,0.712783125
1.0,0.9375,0.625,1.0381390000000001,0.909129625,0.7502115
1.0,0.9375,0.6875,1.0329263750000002,0.9140725000000001,0.787639875
1.0,0.9375,0.75,1.0277137500000002,0.9190153750000001,0.82506825
1.0,0.9375,0.8125,1.022501125,0.92395825,0.8624966249999999
1.0,0.9375,0.875,1.0172885,0.928901125,0.899925
1.0,0.9375,0.9375,1.012075875,0.933844,0.937353375
1.0,0.9375,1.0,1.00686325,0.938786875,0.97478175
1.0,1.0,0.0,1.083402,0.920914,0.4011459999999999
1.0,1.0,0.0625,1.078189375,0.925856875,0.4385743749999999
1.0,1.0,0.125,1.07297675,0.93079975,0.4760027499999999
1.0,1.0,0.1875,1.067764125,0.935742625,0.5134311249999999
1.0,1.0,0.25,1.0625515,0.9406855000000001,0.5508595
1.0,1.0,0.3125,1.057338875,0.945628375,0.5882878749999999
1.0,1.0,0.375,1.05212625,0.95057125,0.62571625
1.0,1.0,0.4375,1.046913625,0.955514125,0.6631446249999999
1.0,1.0,0.5,1.041701,0.960457,0.7005729999999999
1.0,1.0,0.5625,1.036488375,0.965399875,0.738001375
1.0,1.0,0.625,1.03127575,0.97034275,0.77542975
1.0,1.0,0.6875,1.026063125,0.975285625,0.812858125
1.0,1.0,0.75,1.0208504999999999,0.9802285,0.8502865
1.0,1.0,0.8125,1.015637875,0.985171375,0.8877148749999999
1.0,1.0,0.875,1.01042525,0.99011425,0.92514325
1.0,1.0,0.9375,1.005212625,0.995057125,0.962571625
1.0,1.0,1.0,1.0,1.0,1.0
